index,true_label,pred_label,prob_0,prob_1,prob_2,prob_3
0,2,2,0.0030239045154303312,9.984191819967236e-06,0.9823456406593323,0.014620494097471237
1,3,3,1.4488308330840027e-08,4.9767101550912685e-09,2.7553041945793666e-06,0.9999972581863403
2,3,3,5.0902172006317414e-06,5.91111347603146e-05,2.888891140173655e-05,0.9999068975448608
3,3,1,8.353924931725487e-05,0.7662594318389893,0.000459572795080021,0.23319745063781738
4,3,3,0.0008744379156269133,3.928751539206132e-06,0.0006430877838283777,0.9984785914421082
5,3,3,1.0975409168167971e-05,3.828951321338536e-06,0.00038579554529860616,0.9995993971824646
6,3,3,0.00010189250315306708,6.337800328992671e-08,0.00015070027438923717,0.9997473359107971
7,3,3,1.2287820254641701e-06,3.708452567252607e-08,1.4628227290813811e-05,0.9999841451644897
8,3,3,0.0018753154436126351,3.7622985473717563e-06,0.006215150933712721,0.991905689239502
9,3,2,0.001113473204895854,0.00017536620725877583,0.7384803295135498,0.26023080945014954
10,3,3,2.1603802906611236e-06,2.129133136463679e-08,0.011967774480581284,0.9880300164222717
11,3,3,2.7041814973927103e-06,2.3715451824557476e-09,0.0016535785980522633,0.9983437061309814
12,3,3,0.00015708885621279478,1.100785240737423e-08,0.211666077375412,0.7881768345832825
13,3,0,0.810682475566864,7.71263221395202e-05,0.059529200196266174,0.12971115112304688
14,3,3,0.04461263492703438,3.354202272021212e-05,1.9917844838346355e-05,0.9553338885307312
15,3,3,1.875894668046385e-05,2.866202066797996e-06,0.0005610146326944232,0.9994174242019653
16,3,3,0.012130837887525558,6.162517962593483e-08,0.0010409316746518016,0.986828088760376
17,3,3,7.83413361205021e-06,1.1432234048314172e-09,2.3939001039252616e-05,0.9999681711196899
18,3,3,0.011254380457103252,1.7250025848625228e-05,0.001291321823373437,0.9874370098114014
19,3,3,0.0001224031875608489,1.00610453301897e-08,0.015375599265098572,0.9845020174980164
20,3,2,0.0004957678611390293,3.7768290894746315e-06,0.9574937224388123,0.042006853967905045
21,3,3,0.00016899683396331966,4.953652776862327e-08,0.029179533943533897,0.9706515073776245
22,3,3,5.96035931721417e-08,9.101606579520194e-09,0.00047142236144281924,0.9995285272598267
23,3,2,3.5260050935903564e-05,1.0989774636982474e-06,0.6628621816635132,0.33710145950317383
24,3,3,0.0009658840717747808,1.2368732704715057e-08,0.0009229592396877706,0.9981111288070679
25,3,3,2.020771717070602e-06,1.0304100905855762e-09,9.459359375796339e-07,0.9999970197677612
26,1,1,0.039629388600587845,0.9603652358055115,4.553141025098739e-06,8.584512443121639e-07
27,1,1,0.0011936165392398834,0.9987865090370178,1.6151772797456942e-05,3.6345763874123804e-06
28,1,1,0.0018695733742788434,0.9977883100509644,1.584247365826741e-05,0.0003262647951487452
29,1,1,2.843412687525415e-07,0.999998927116394,4.261191577370482e-07,4.0694249037187546e-07
30,1,1,2.5000028472277336e-05,0.9997809529304504,0.00017365245730616152,2.034692806773819e-05
31,1,1,4.3889540393138304e-05,0.9999560117721558,9.867538786068053e-09,1.0403216776921909e-07
32,0,0,0.9999769926071167,2.2968668417888694e-05,9.153682256624052e-09,1.968737706192769e-08
33,0,0,0.5805654525756836,0.41480323672294617,2.925609442172572e-05,0.004602028988301754
34,0,0,0.9999980926513672,5.941579956925125e-07,8.277577876469877e-07,4.7948998371794e-07
35,0,0,0.9897518157958984,0.00011217110295547172,4.8066460294649005e-05,0.010087916627526283
36,0,2,0.48471757769584656,0.00011160480789840221,0.5043421983718872,0.010828617960214615
37,0,0,0.9991971850395203,6.150252738734707e-05,2.8852004106738605e-05,0.0007125287083908916
38,0,0,0.9999958276748657,6.448473044429193e-08,3.5244991067884257e-06,4.990819206796004e-07
39,0,0,0.9999998807907104,1.2215750633259859e-09,6.175410049991115e-08,6.211386405219343e-10
40,1,1,6.170996016408026e-07,0.9999994039535522,1.1492720553007985e-08,3.9583408550925014e-08
41,2,2,5.030703960073879e-06,8.456034095161158e-08,0.9998440742492676,0.0001507653360022232
42,0,0,0.9988043308258057,1.656122913118452e-05,0.00017069063324015588,0.0010083188535645604
43,3,3,1.1256954167038202e-05,3.039157263629022e-07,0.00016753972158767283,0.99982088804245
44,1,1,4.295612598070875e-06,0.9999957084655762,2.2896804452443575e-08,4.275272047493672e-08
45,1,1,5.102272737644853e-08,1.0,7.233007942586411e-11,6.724567430671513e-11
46,0,0,0.9937984347343445,3.5210821806686e-05,0.006162148434668779,4.209835424262565e-06
47,3,3,0.00029731879476457834,4.719094004457247e-09,0.14923854172229767,0.8504641056060791
48,0,0,0.7638643383979797,0.0047393012791872025,0.0013996209017932415,0.22999675571918488
49,1,1,0.00021383522835094482,0.9997856020927429,4.0354166230827104e-07,9.7826081457697e-08
50,0,0,0.9997606873512268,2.013569428527262e-06,4.519365757005289e-05,0.00019215063366573304
51,1,1,1.172751851186149e-08,1.0,6.606528102359732e-10,1.0864613896044428e-11
52,0,0,0.9999301433563232,4.971703901901492e-07,4.878544856978806e-08,6.93203546688892e-05
53,3,3,6.929232654329098e-07,9.195666450523277e-08,0.0013812496326863766,0.9986178874969482
54,2,2,0.004381850827485323,1.6760472476562427e-07,0.9956041574478149,1.3820423191646114e-05
55,3,2,0.00043988003744743764,0.10089685022830963,0.8885623812675476,0.010100833140313625
56,0,3,0.026514537632465363,1.336028532250566e-08,0.0005642392789013684,0.9729211926460266
57,0,0,1.0,6.361751403449745e-11,3.8368374449815335e-11,3.2426727969436797e-10
58,2,2,1.4312448115560983e-07,2.1207065969974792e-07,0.9999990463256836,6.290580927270639e-07
59,2,2,0.00013061404752079397,5.387695978242846e-07,0.999800980091095,6.788088649045676e-05
60,1,1,3.9063860413079965e-07,0.9999996423721313,1.051100761984003e-09,2.332074255928518e-10
61,1,1,0.0005249099340289831,0.9994750618934631,1.3270168075507627e-08,1.8323669248587748e-09
62,1,1,9.027084161061794e-05,0.9999021291732788,2.352100409552804e-06,5.3037965699331835e-06
63,3,3,4.0827876546245534e-07,9.751246352607268e-07,0.00013829898671247065,0.9998602867126465
64,0,0,0.9999938011169434,4.273826625933452e-09,1.399777943333902e-06,4.791275387105998e-06
65,3,3,1.3597181350633036e-05,7.51150395217337e-08,0.00422270642593503,0.9957635402679443
66,0,0,0.999704897403717,2.3739260086586e-06,0.00011329230619594455,0.0001793417613953352
67,0,0,0.9999861717224121,1.3646795196109451e-05,8.743923984866342e-08,1.0645389636465552e-07
68,1,1,4.4025384227097675e-08,1.0,2.8014970898659897e-10,9.839756787144438e-10
69,0,0,0.9999983310699463,1.224842435476603e-06,1.5552831200693618e-07,3.0043318588468537e-07
70,3,3,6.330441010504728e-06,7.63809515635927e-10,0.0016727291513234377,0.9983208775520325
71,3,3,4.725828330265358e-05,2.3244085767260003e-08,0.0015706273261457682,0.9983820915222168
72,3,3,4.1419098124606535e-06,1.157401470663899e-06,7.381900957170728e-08,0.9999946355819702
73,0,0,0.9705458283424377,3.512534703986603e-06,0.02943398989737034,1.6678321117069572e-05
74,3,3,0.001606542500667274,6.095164906128048e-08,8.406949746131431e-06,0.998384952545166
75,1,1,1.4131575881037861e-05,0.9999858140945435,7.211919061944627e-09,7.198505791450316e-09
76,0,0,0.9999536275863647,3.5952998356236776e-09,1.5305993201764068e-06,4.48028658865951e-05
77,1,1,9.421812137588859e-06,0.9999904632568359,6.946208230829143e-08,3.714351493044887e-08
78,0,0,0.9999951124191284,9.278853951855126e-08,2.094689534715144e-06,2.6490392883715685e-06
79,0,0,0.6163104772567749,0.028739282861351967,0.011085709556937218,0.3438645005226135
80,0,0,0.9987435936927795,2.0091502506147663e-07,0.0003669055877253413,0.0008892437908798456
81,1,1,0.0003129203396383673,0.9990895986557007,0.00043495529098436236,0.00016262571443803608
82,2,2,0.0015216694446280599,8.142407637024007e-08,0.9983783960342407,9.991259867092595e-05
83,2,3,1.4126885616860818e-06,4.0572096793312085e-09,0.0008139334386214614,0.9991846680641174
84,0,0,0.9535892009735107,0.00022571162844542414,0.04591095447540283,0.00027407752349972725
85,0,0,0.9999918937683105,5.227231536508725e-09,6.664643933618208e-06,1.409387550665997e-06
86,2,2,0.00018809514585882425,5.256621804505812e-08,0.9995500445365906,0.00026171118952333927
87,0,0,0.707603931427002,0.2900339663028717,6.930670497240499e-05,0.0022927240934222937
88,0,0,0.9967967867851257,0.003203143598511815,3.750951904635258e-08,1.3382960162289237e-07
89,3,3,3.965925134252757e-05,5.928631452434274e-08,0.023455986753106117,0.9765042662620544
90,0,0,0.9999314546585083,2.829523282343871e-07,5.0422608182998374e-05,1.786868779163342e-05
91,2,2,0.0041262563318014145,4.6578163164667785e-05,0.955581545829773,0.040245722979307175
92,3,3,1.8135959862775053e-06,2.101596408010664e-08,0.000472333311336115,0.9995259046554565
93,2,2,1.1354743492120178e-06,7.133967860895041e-10,0.9999983310699463,5.087428007755079e-07
94,1,1,0.00016097039042506367,0.9998329877853394,5.887585302843945e-06,1.165473975106579e-07
95,1,1,2.600111015382822e-09,1.0,3.092008871163898e-10,8.645396065709576e-10
96,1,1,2.42650379789211e-08,1.0,6.2343215034843524e-09,5.4331517063133106e-09
97,2,2,1.4094340485826251e-06,8.948758534188528e-08,0.9999982118606567,3.2642233804835996e-07
98,0,0,0.999961256980896,1.1169556302093042e-07,9.067675819096621e-06,2.953681359940674e-05
99,2,2,4.00041517423233e-06,2.973865242950069e-08,0.9999465942382812,4.9299349484499544e-05
100,1,1,0.000306542293401435,0.9996927976608276,3.6338539644020784e-07,3.0340274292939284e-07
101,2,2,6.289388693403453e-06,7.797591017322247e-09,0.999948263168335,4.543409522739239e-05
102,3,3,0.0005520592676475644,2.755243810881325e-09,0.0016591239254921675,0.9977887868881226
103,2,2,7.490096777473809e-06,5.059056547906948e-06,0.9993743300437927,0.0006131780683062971
104,0,0,0.9838274717330933,0.006410944741219282,0.004488554783165455,0.0052729384042322636
105,1,1,2.5729381377459504e-05,0.9999741315841675,8.847672039458132e-10,9.014789270622714e-08
106,0,0,0.9988576173782349,3.2973517249956785e-09,0.0011420213850215077,3.59780756298278e-07
107,1,1,0.005122416652739048,0.9948447942733765,3.111689875368029e-05,1.6268271565422765e-06
108,0,0,1.0,9.011562163152576e-09,4.34667697390978e-08,3.7981145339927025e-08
109,3,3,0.02697007916867733,0.00015268436982296407,0.0007832554983906448,0.972093939781189
110,2,3,1.0570724953140598e-06,4.945318599069992e-10,0.0005971716600470245,0.9994018077850342
111,3,3,0.000898449681699276,8.942498425312806e-06,0.05880177393555641,0.9402908086776733
112,3,3,8.569156939586264e-09,5.4861746257017785e-09,0.00026358538889326155,0.9997363686561584
113,3,3,0.00015004708257038146,2.8761339976313138e-08,0.001990291988477111,0.9978596568107605
114,3,3,0.0001944116229424253,3.8020715464881505e-09,9.42825045058271e-06,0.9997962117195129
115,1,1,2.9380394153122324e-06,0.9999610185623169,1.2481410522013903e-05,2.3621065338375047e-05
116,3,3,1.8297100723430049e-07,6.170774327074469e-07,0.0008964093867689371,0.9991028308868408
117,3,3,2.916308403655421e-07,5.322005563357379e-06,0.009985201992094517,0.9900091886520386
118,2,2,0.00028153296443633735,5.687504653906217e-07,0.9993646740913391,0.0003532657865434885
119,1,1,1.373997378095737e-07,0.9999997615814209,3.8503756627505936e-08,1.374104812157384e-07
120,0,2,7.042507058940828e-05,5.209406299400143e-05,0.999840259552002,3.7167897971812636e-05
121,1,1,6.69621440465562e-05,0.9996933937072754,2.8987491532461718e-05,0.00021070103684905916
122,3,3,6.524830382659275e-07,1.1205803275515791e-05,0.0007378876325674355,0.9992502331733704
123,0,0,0.9679141640663147,0.00020837214833591133,0.011282140389084816,0.020595354959368706
124,3,3,1.5488410554098664e-07,9.857513028066478e-09,0.0002593547396827489,0.9997405409812927
125,2,2,0.028076009824872017,0.009966016747057438,0.8122766613960266,0.14968127012252808
126,1,0,0.9169855117797852,0.081842802464962,0.0007782847969792783,0.000393382681068033
127,1,1,8.959487729498505e-08,0.9999966621398926,2.1030655261711217e-06,1.1669567356875632e-06
128,1,1,9.639164488817187e-08,0.9999998807907104,2.5525073610310756e-08,9.239734533039723e-10
129,0,0,0.9999986886978149,1.1107359796369565e-06,1.4652425761596533e-07,2.2139941435739274e-08
130,0,0,0.9999961853027344,2.80815100950349e-07,8.857023203745484e-07,2.7255860004515853e-06
131,0,0,0.9788312315940857,2.7649681655361746e-08,0.0006067149224691093,0.020561974495649338
132,1,1,8.216328173382692e-10,0.9999998807907104,1.6682754733210459e-07,4.450677604239672e-09
133,0,0,0.9963096976280212,6.795789522584528e-05,9.092675099964254e-06,0.003613122273236513
134,1,1,0.00014051982725504786,0.9998588562011719,6.118291651091567e-08,6.243454890864086e-07
135,1,1,3.931733954232186e-05,0.9999605417251587,1.3643665752738343e-08,6.347983827481585e-08
136,0,0,0.9525949358940125,0.045873865485191345,0.0002802628732752055,0.001250944915227592
137,1,1,5.468194785862579e-07,0.9999994039535522,3.274538196151866e-09,9.152293922731758e-10
138,1,1,0.0005402779206633568,0.9994595646858215,3.311016172347081e-08,1.5764700833642564e-07
139,0,0,0.7941222786903381,0.004837973974645138,0.2009643316268921,7.541297236457467e-05
140,1,1,1.2700877050519921e-05,0.9999871253967285,1.3787571084833417e-08,8.189853417661652e-08
141,0,0,0.8635765314102173,7.541253239651269e-07,0.007422896567732096,0.12899981439113617
142,1,1,0.005181045271456242,0.9947726130485535,4.0063172491500154e-05,6.318260602711234e-06
143,0,0,0.9999628067016602,1.2981731742911506e-05,2.3638393031433225e-05,5.835395313624758e-07
144,0,0,0.9993294477462769,0.0005096244276501238,1.728210918372497e-05,0.0001437263417756185
145,0,0,0.9995958209037781,0.0004031835123896599,7.766564067424042e-07,1.1986598735802545e-07
146,1,1,7.869337423471734e-06,0.9998914003372192,9.873077215161175e-05,1.9878482362400973e-06
147,2,2,9.486133421887644e-06,4.487710203449069e-10,0.9999839067459106,6.583667527593207e-06
148,1,1,0.361371248960495,0.6386229395866394,2.0653004639825667e-07,5.671312010235852e-06
149,1,1,0.03384469449520111,0.9661535620689392,4.5103359980203095e-07,1.2904675941172172e-06
150,1,1,9.486689123150427e-07,0.9999990463256836,2.875466531548909e-10,6.236722943642192e-11
151,0,0,0.9999604225158691,1.0106360605277587e-05,6.558884706464596e-06,2.2894460926181637e-05
152,1,1,0.0003776797675527632,0.9996210336685181,2.810853629853227e-07,1.0013984592660563e-06
153,0,0,0.9990602135658264,1.1851820636010757e-09,3.070106322411448e-05,0.0009091199026443064
154,0,3,0.0035247178748250008,7.009178570882568e-09,0.44503143429756165,0.551443874835968
155,0,3,0.0006735832430422306,3.903275569427933e-07,0.11095926910638809,0.88836669921875
156,2,2,4.2817431676667184e-05,8.12905227576266e-08,0.9999569654464722,1.5849083467855962e-07
157,1,1,9.55231280386215e-06,0.9999903440475464,9.48117850896324e-09,1.1632153729124184e-07
158,1,1,4.658252510125749e-05,0.9999532699584961,1.7484229886122193e-07,3.179832930300108e-08
159,0,0,0.9999959468841553,4.01546640205197e-06,1.867375765129964e-08,5.741375375123425e-09
160,1,1,0.00019121436343993992,0.9998076558113098,4.928250874058904e-08,1.0625036566125345e-06
161,2,2,1.4257382645155303e-05,1.0000811290211686e-09,0.9995478987693787,0.00043775021913461387
162,3,3,2.5717531570990104e-07,3.503982171082498e-08,0.006395663600414991,0.9936041235923767
163,0,0,0.999987006187439,5.8231805155628535e-08,1.2845664059568662e-05,3.87494090148266e-08
164,0,0,0.9991788268089294,0.00048291333951056004,0.000335891789291054,2.303004521309049e-06
165,2,2,0.0007798675796948373,6.931933967280202e-06,0.8636411428451538,0.13557203114032745
166,2,2,8.84040289861332e-08,4.253840657497676e-08,0.9999998807907104,6.097189864107122e-09
167,2,2,1.327430112496586e-07,1.475104483006362e-07,0.9948381781578064,0.005161575973033905
168,1,1,0.008973007090389729,0.9910249710083008,9.245601972907025e-08,2.007375542234513e-06
169,0,0,0.9999992847442627,7.941987689719099e-08,2.822090721110726e-07,3.856799821733148e-07
170,3,3,2.9057442588964477e-05,8.918349521991331e-06,0.001046996214427054,0.9989150762557983
171,3,3,6.303141049102123e-07,7.520075450884178e-05,0.0010806757491081953,0.9988434314727783
172,2,3,0.0017148146871477365,4.4860667003376875e-07,0.14280033111572266,0.8554844260215759
173,3,3,5.388665886130184e-05,0.0001676145038800314,0.33053261041641235,0.6692458987236023
174,0,0,0.9999985694885254,3.360021025855531e-07,9.35567072701815e-07,1.556210662556623e-07
175,0,0,0.9999679327011108,1.7858478713606019e-06,2.697127274586819e-05,3.2920181638473878e-06
176,3,3,4.1168920006384724e-07,7.455695367752924e-07,0.0005441737012006342,0.99945467710495
177,1,1,0.006393861956894398,0.9930983185768127,3.31702494804631e-07,0.0005074997316114604
178,3,3,0.0001296853442909196,6.630511052208021e-05,0.12138877809047699,0.8784152269363403
179,1,1,0.0005443283007480204,0.9994555115699768,1.8752551511624915e-08,1.5485100846035493e-07
180,2,2,1.3815321153742843e-07,9.213217411208063e-10,0.9999983310699463,1.519032593932934e-06
181,1,1,7.4651902650657576e-06,0.9999915361404419,7.637183898623334e-07,1.968992791034907e-07
182,1,1,1.0060614386020461e-06,0.9999960660934448,3.5267191833554534e-08,2.9042528240097454e-06
183,3,3,0.00017450742598157376,8.517702372046188e-05,0.14327657222747803,0.8564637899398804
184,2,2,5.112504368298687e-06,1.3458661385357118e-07,0.9999842643737793,1.0477950127096847e-05
185,0,0,0.9880978465080261,1.828479526011506e-06,0.011886497028172016,1.3876438970328309e-05
186,3,3,1.2192306257929886e-06,1.0566589825344863e-09,1.9773549865931273e-05,0.9999790191650391
187,0,0,0.9451497793197632,0.039400551468133926,0.0005924393190070987,0.014857244677841663
188,1,1,0.0005600912845693529,0.9972625970840454,0.0014424376422539353,0.0007348617655225098
189,3,3,1.4627378732257057e-05,1.5241086170902918e-10,0.0006703173276036978,0.9993150234222412
190,3,3,2.196107743657194e-06,1.2271645921657637e-09,1.7914393538376316e-05,0.9999798536300659
191,0,0,0.9999924898147583,7.534080395998899e-06,3.9796597128827216e-09,4.426820687797317e-09
192,0,0,0.9999963045120239,2.8561127421444787e-11,3.215544666090864e-07,3.306324060758925e-06
193,0,0,1.0,8.059368283852564e-09,1.2623688760982077e-08,2.25366086903378e-10
194,2,2,4.7131283054113737e-07,6.252550033281068e-09,0.9999995231628418,4.50951915809128e-08
195,2,2,0.00196209573186934,7.544685558968922e-06,0.9955042004585266,0.0025261137634515762
196,0,2,0.008737324737012386,1.949462955508352e-07,0.990140974521637,0.0011215161066502333
197,1,1,3.0670610158267664e-06,0.9999961853027344,3.234183054701134e-08,7.179034469118051e-07
198,2,2,1.8972323800880986e-07,8.743804791322418e-09,0.9999997615814209,1.3349810146223717e-08
199,1,1,1.3134116670698859e-05,0.9999866485595703,6.28551077852535e-08,1.4700242445542244e-07
200,3,3,0.035671405494213104,7.350442956521874e-06,0.03917665407061577,0.925144612789154
201,3,3,0.0008090870105661452,1.5601998581971088e-09,0.0037143330555409193,0.9954765439033508
202,3,3,0.000830220989882946,5.283577664272343e-08,1.4849834769847803e-05,0.9991549253463745
203,0,0,0.9999986886978149,9.851209625821866e-08,9.187781415676e-07,3.067394800382317e-07
204,1,1,5.464795776788378e-06,0.999994158744812,2.490309896074905e-07,6.217923953499849e-08
205,1,1,1.919217720569577e-05,0.9999760389328003,6.221865760380751e-07,4.171794444118859e-06
206,1,1,3.2299405575031415e-05,0.9999665021896362,1.111646497520269e-06,1.0218582957577382e-07
207,3,2,0.0006280298111960292,2.9752564500995504e-07,0.7492597103118896,0.25011199712753296
208,1,1,0.000651095004286617,0.9982461929321289,0.0009864448802545667,0.00011631545203272253
209,3,3,0.01216996368020773,2.5674959033494815e-05,0.005720245651900768,0.9820840954780579
210,1,1,6.869879598525586e-08,0.9999998807907104,1.3264985554428677e-08,4.290959054742416e-08
211,0,0,0.9960870742797852,0.00019523725495673716,0.00033662980422377586,0.0033810401801019907
212,1,1,3.442472404913133e-07,0.9999988079071045,1.0131027128323922e-09,8.806477467260265e-07
213,1,1,7.470431228284724e-06,0.9999923706054688,5.3152380274923416e-08,6.960571141689798e-08
214,1,1,1.8598740325614926e-07,0.9999973773956299,1.9552237517928006e-06,4.480195627820649e-07
215,3,3,0.03584040701389313,0.03637375310063362,0.3249017298221588,0.6028841137886047
216,2,2,3.4064785836562805e-07,8.512103799596105e-10,0.9999994039535522,2.369715019767682e-07
217,2,2,3.5196204407839105e-05,2.5799596414799453e-07,0.9999346733093262,2.9892626116634347e-05
218,3,3,1.0775592272693757e-05,5.96861696067208e-07,0.0011898030061274767,0.9987988471984863
219,1,1,9.561609658703674e-06,0.9999904632568359,9.256793109813088e-10,6.161184007424936e-09
220,1,1,2.0489120288402773e-05,0.9999758005142212,3.5649738947540754e-06,6.803524144061157e-08
221,0,0,0.999987006187439,1.564411945764732e-06,1.1093769899161998e-05,3.635024086179328e-07
222,2,2,0.22722674906253815,0.18767520785331726,0.549172580242157,0.03592542186379433
223,1,1,2.5580829969840124e-05,0.9999743700027466,2.9779950949659906e-08,1.2212789002319369e-08
224,2,2,1.792146235857217e-07,1.7064637702901564e-08,0.9999996423721313,5.4996924347960885e-08
225,2,2,0.0011684407945722342,0.0004136390925850719,0.9982421398162842,0.00017570827913004905
226,0,0,0.9999728202819824,2.5791234293137677e-05,6.044710971764289e-07,7.678814881728613e-07
227,1,1,7.483013177989051e-05,0.9999246597290039,1.640188571627732e-07,3.286538401425787e-07
228,2,2,1.780002457962837e-05,7.1541506052597015e-09,0.9996529817581177,0.0003292180772405118
229,0,0,0.9997641444206238,1.0435205695102923e-06,0.00021669294801540673,1.8158156308345497e-05
230,1,1,3.7235247873468325e-05,0.9999626874923706,3.508366219762138e-08,2.0655287258364297e-08
231,1,1,6.027019026078051e-06,0.9999938011169434,3.718922059192664e-08,1.4990659735758527e-07
232,2,2,0.00591347087174654,1.505318181216353e-08,0.9940178394317627,6.871537334518507e-05
233,3,3,4.325520386316839e-09,1.1945371358734747e-09,2.0610877982107922e-05,0.9999793767929077
234,2,3,0.014327380806207657,0.0038519897498190403,0.466320276260376,0.5155003666877747
235,1,1,2.4822452360240277e-06,0.9999897480010986,6.967951549086138e-08,7.763102985336445e-06
236,2,2,0.0015923966420814395,4.789428231788406e-08,0.9983432292938232,6.432057853089646e-05
237,1,1,0.00021324765111785382,0.9997434020042419,1.818973760236986e-05,2.509240948711522e-05
238,0,0,0.999968409538269,2.422139914415311e-05,9.31588104435832e-08,7.2990419539564755e-06
239,2,2,3.306697351490584e-07,3.4563107931262493e-08,0.9989230036735535,0.0010765602346509695
240,3,2,0.00028401377494446933,3.6072689280075565e-10,0.9173723459243774,0.08234361559152603
241,1,1,0.003763518063351512,0.9961347579956055,0.00010047097748611122,1.2489525715864147e-06
242,1,1,0.0009495749254710972,0.9990504384040833,1.4524897729017994e-08,5.766086497160927e-10
243,3,3,1.1442763934610412e-05,2.118502706593972e-09,0.0025517179165035486,0.9974368214607239
244,2,2,1.566731612001604e-06,1.8378023547427347e-09,0.9999972581863403,1.2476334632083308e-06
245,2,2,0.00036386458668857813,2.7495489121065475e-06,0.9952634572982788,0.0043698870576918125
246,3,3,0.0002860423701349646,2.0703258996945806e-05,0.0013943391386419535,0.9982989430427551
247,3,3,7.67914971220307e-05,2.786952890687644e-08,0.00028838738217018545,0.999634861946106
248,3,3,0.0037902588956058025,3.0342518584802747e-05,0.33172526955604553,0.6644541621208191
249,0,0,0.9999988079071045,1.8953171831981308e-07,4.024584825401689e-07,6.755522576895601e-07
250,2,2,7.412330432998715e-06,1.5093620220341109e-07,0.9999836683273315,8.741559213376604e-06
251,0,0,0.9999134540557861,2.6831011723515985e-07,1.5096446986717638e-05,7.11082320776768e-05
252,1,0,0.630728006362915,0.28933191299438477,0.007154537830501795,0.07278556376695633
253,2,2,0.0005347552360035479,1.0390897031697932e-09,0.9994646906852722,6.307494118118484e-07
254,2,2,9.773833653525799e-07,1.0495057267689845e-08,0.9999986886978149,3.453526744578994e-07
255,3,3,0.000546672788914293,3.616522903371333e-08,0.0016249309992417693,0.9978284239768982
256,2,2,8.848213184364795e-08,1.3880998572801673e-08,0.9999998807907104,8.0837834204317e-09
257,3,3,1.3851678886567242e-05,7.416778657898249e-08,0.00036834843922406435,0.9996176958084106
258,3,2,0.016400618478655815,1.1397261232559686e-06,0.6422281265258789,0.3413701355457306
259,3,3,1.033022840601916e-06,8.197902445772343e-08,7.771373930154368e-06,0.9999910593032837
260,1,1,9.604009392205626e-07,0.9999990463256836,5.61410584687394e-10,3.484732294389836e-11
261,0,0,0.9999344348907471,3.162207576679066e-05,3.490847575449152e-07,3.359917536727153e-05
262,3,2,0.0006238783244043589,1.2558702110254671e-05,0.996590256690979,0.0027733941096812487
263,3,3,3.5700493754120544e-05,9.083670738618821e-05,0.0013687493046745658,0.9985047578811646
264,3,3,0.11230719089508057,0.07343026250600815,0.014588432386517525,0.7996741533279419
265,3,3,0.013871598057448864,2.5988827474066056e-05,0.00032417039619758725,0.9857782125473022
266,1,1,3.893936195709102e-08,1.0,6.937476149104782e-10,2.209506327899291e-10
267,3,3,1.1464417184470221e-05,4.625337268748808e-08,0.4999304413795471,0.5000579953193665
268,1,1,0.0002020048996200785,0.9997976422309875,8.162790265942022e-08,1.8337820506530988e-07
269,1,1,7.105650001903996e-05,0.9998666048049927,3.791065950053962e-08,6.23312225798145e-05
270,1,1,8.167786290869117e-06,0.999987006187439,5.69169156250382e-09,4.7758098844497e-06
271,0,0,0.9999738931655884,6.38103898609188e-08,8.082502631623356e-07,2.5166264094877988e-05
272,2,2,0.0016865908401086926,0.0005111119244247675,0.8586503863334656,0.13915197551250458
273,3,3,5.009884625906125e-05,1.4035178352855837e-08,1.8094833649229258e-05,0.999931812286377
274,1,1,0.08022484928369522,0.9009114503860474,0.0011616413248702884,0.017701992765069008
275,3,3,5.5972679547267035e-05,1.4005183857079828e-07,5.310045594342228e-07,0.9999433755874634
276,3,3,3.696110297823907e-06,1.607964077265933e-05,4.363555035524769e-06,0.9999758005142212
277,1,1,5.923443495703395e-07,0.9999994039535522,3.044360319393036e-10,1.3642114993217547e-08
278,2,0,0.9956547021865845,7.199570717375536e-08,0.004332462325692177,1.2688227798207663e-05
279,3,3,3.704725168063305e-05,7.825297387853425e-08,0.016267459839582443,0.983695387840271
280,2,2,0.00015683127276133746,1.7898149963002652e-05,0.983113169670105,0.01671210117638111
281,1,1,2.8943620691279648e-06,0.9999969005584717,2.5768899902800513e-08,2.2457319914792606e-07
282,1,1,6.616441169171594e-06,0.9999933242797852,3.753058308575419e-09,1.1962279167221368e-08
283,3,3,2.8372349333949387e-05,5.866604535498254e-09,2.0130217308178544e-05,0.9999514818191528
284,1,1,5.939483799011214e-06,0.9998812675476074,2.762120345778385e-07,0.0001125637354562059
285,0,0,0.9999464750289917,2.9624955821816457e-09,5.215964847593568e-05,1.330121563114517e-06
286,0,2,0.014158009551465511,5.022238624974307e-08,0.9857925772666931,4.9331407353747636e-05
287,2,2,2.738022885750979e-06,7.08459651832527e-07,0.9994630217552185,0.0005335225723683834
288,2,2,0.14828717708587646,3.286310857220087e-06,0.8515710830688477,0.00013842320186086
289,1,1,9.683238886282197e-07,0.9999990463256836,1.2071711685823772e-10,2.633814277785973e-10
290,1,1,6.99990960129071e-06,0.9999927282333374,2.136027887900127e-07,3.5130500730673475e-09
291,3,3,9.709550795378163e-05,0.0005469248862937093,0.0056823561899363995,0.9936736822128296
292,3,3,7.825217471690848e-05,3.8773117694290704e-07,0.014388703741133213,0.9855327010154724
293,3,3,0.00017518943059258163,3.040949252408609e-07,0.0007107952260412276,0.9991136193275452
294,1,1,1.042868618128523e-07,0.9999998807907104,1.1848230840882934e-08,3.1782148024461776e-09
295,0,2,0.00402841717004776,0.16411449015140533,0.8307105302810669,0.0011465804418548942
296,0,0,0.9997022747993469,4.066298060934059e-05,8.635940321255475e-05,0.00017067993758246303
297,3,3,0.003124973503872752,9.895493349176832e-06,0.07095938175916672,0.9259057641029358
298,1,1,8.89613644972087e-08,0.9999998807907104,1.1117222697976104e-09,2.0583708348898e-10
299,2,2,0.0010501649230718613,2.2895508777764917e-07,0.9987748265266418,0.00017474913329351693
300,1,1,0.0002613052783999592,0.9997363686561584,1.8970003168305993e-07,2.1604023459076416e-06
301,2,2,1.271716882911278e-07,5.76801717500075e-08,0.9999997615814209,1.2152034045698201e-08
302,2,0,0.5142000913619995,7.253236253745854e-05,0.47955405712127686,0.006173355039209127
303,2,2,0.0001099873916245997,1.2397499915550725e-07,0.9820311069488525,0.017858676612377167
304,2,2,0.0031585288234055042,4.396393649130914e-08,0.9919638633728027,0.004877639468759298
305,1,0,0.95779949426651,0.032167501747608185,0.0024121939204633236,0.007620913442224264
306,3,3,4.02322766603902e-05,1.5120763530163117e-09,0.00012567173689603806,0.9998340606689453
307,3,3,0.00027480837889015675,2.2698241508578576e-08,0.0006016527186147869,0.9991235136985779
308,1,1,2.6286807042197324e-06,0.9999972581863403,4.3089781742722266e-10,5.992480112126941e-08
309,2,2,0.004082729574292898,0.0005593595560640097,0.9948738217353821,0.00048412507749162614
310,2,3,0.00025446643121540546,6.8118552007945254e-06,0.002632930176332593,0.9971057772636414
311,1,1,0.4502963125705719,0.5497012138366699,1.2962459550180938e-06,1.0832709449459799e-06
312,3,3,0.4130648374557495,0.00023691744718234986,0.007947287522256374,0.5787509083747864
313,2,2,0.014315812848508358,1.2403232574342837e-07,0.6185994148254395,0.3670846223831177
314,2,2,8.103404252324253e-05,3.805290907621384e-05,0.9871323108673096,0.012748523615300655
315,0,0,0.9999998807907104,1.7178221511926495e-08,5.6143093729588145e-08,7.510927702014669e-08
316,0,3,0.31101077795028687,0.00011343733058311045,0.06981302052736282,0.6190627813339233
317,2,3,1.3549479263019748e-05,5.420106585773965e-09,0.006200952455401421,0.9937855005264282
318,1,1,7.1992294579104055e-06,0.9999923706054688,1.7046107814167044e-07,2.8711880872833717e-07
319,2,2,0.005850335117429495,2.4512454288583285e-08,0.9724492430686951,0.02170027419924736
320,2,2,1.6094261809485033e-05,6.90065746766777e-07,0.9999672174453735,1.6057636457844637e-05
321,0,0,0.9999991655349731,8.757360774325207e-07,3.874123422065168e-08,3.1621467666553826e-09
322,1,1,4.571656830876236e-09,1.0,4.507278578147478e-11,5.123343971291661e-09
323,3,3,0.0002898971433751285,3.7155592735871323e-07,0.039140813052654266,0.960568904876709
324,1,1,1.93954133465013e-06,0.9999980926513672,4.764116323663359e-10,1.8089213460470432e-09
325,3,3,1.3881726772524416e-05,2.8588632972059713e-07,0.0003565834485925734,0.9996292591094971
326,0,0,0.999576985836029,9.975792636396363e-06,5.5097657423175406e-06,0.00040750851621851325
327,0,0,0.9385083317756653,2.9135579097783193e-05,0.0559510663151741,0.005511444061994553
328,3,3,1.641729068069253e-05,2.6654345219867537e-07,0.02215549908578396,0.9778278470039368
329,2,2,1.3633632079290692e-05,2.7314723638482974e-07,0.9445512890815735,0.055434852838516235
330,3,3,9.611123095965013e-05,0.0017946518491953611,9.652352673583664e-06,0.9980996251106262
331,1,1,7.34873756300658e-05,0.999925971031189,4.766316124005243e-07,1.1607212968556269e-09
332,0,0,0.9999992847442627,6.640067908847413e-07,5.61033131063482e-09,1.1003389310815237e-08
333,0,0,1.0,2.165225637673629e-10,7.118918787796247e-10,8.514572380491359e-11
334,1,1,2.2631198589806445e-05,0.9999772310256958,5.024269444930951e-09,1.110937191128869e-07
335,0,0,0.9997568726539612,0.00021846799063496292,1.6832180449455336e-07,2.4580320314271376e-05
336,2,2,0.008217757567763329,0.00010353793186368421,0.9916719794273376,6.72775286147953e-06
337,2,2,0.0020861646626144648,0.02188626118004322,0.9722759127616882,0.003751686541363597
338,1,1,0.000834017526358366,0.9991641044616699,2.691374589858242e-08,1.8578165281724068e-06
339,1,1,1.8777444665829535e-06,0.9999960660934448,1.9682309115864882e-08,1.97381928046525e-06
340,3,3,8.69083814905025e-05,4.33784443885088e-05,0.05382753536105156,0.9460421800613403
341,1,1,2.211975314025949e-08,1.0,3.186847230551848e-09,3.80340470229612e-09
342,0,0,0.9999995231628418,4.1988087673416885e-07,5.510549527798503e-08,4.862390934334826e-09
343,1,1,1.0244114491797518e-05,0.9999890327453613,6.935875376257172e-07,4.9661750267659954e-08
344,1,1,0.060412947088479996,0.47053253650665283,0.2527332007884979,0.21632136404514313
345,3,3,3.0149874874041416e-05,3.3798117637928726e-09,0.12724541127681732,0.8727244138717651
346,3,3,0.0002148756611859426,5.6823036942432736e-08,0.2789810299873352,0.72080397605896
347,1,1,3.1529191346635344e-06,0.9995586276054382,0.0004332416283432394,5.02428702020552e-06
348,0,1,0.0023558526299893856,0.9974856376647949,7.464461668860167e-05,8.37948391563259e-05
349,2,2,8.960922968981322e-06,3.543722050380893e-05,0.9988062381744385,0.0011493617203086615
350,1,1,6.551205842697527e-06,0.9999934434890747,4.5012145122313996e-09,4.747313098185657e-10
351,0,0,0.9999997615814209,1.7866499035790184e-07,3.9091830217330426e-08,7.550522873600585e-09
352,0,0,0.9518522024154663,0.04814760014414787,9.648579180066008e-08,8.285436337018837e-08
353,1,1,8.497756276426571e-09,1.0,5.1765876307729997e-11,1.2304706142884925e-09
354,0,0,0.9999983310699463,1.51446812424183e-07,2.5992616770054155e-07,1.2958090565007296e-06
355,0,1,0.00035277471761219203,0.9996457099914551,1.5583887034154031e-06,3.269095216751339e-08
356,1,1,5.310837991601147e-07,0.9999972581863403,2.0642946765292436e-06,1.0111292425563079e-07
357,2,2,0.00011220353189855814,3.889323636485642e-07,0.9986006617546082,0.0012866891920566559
358,1,1,9.805686573827188e-08,0.9999998807907104,3.741420329106404e-08,1.4805585202282145e-08
359,1,1,2.349828918113417e-07,0.9999997615814209,3.533141779143989e-08,4.84940665401723e-09
360,1,1,0.0003400446439627558,0.9996546506881714,3.4178953001173795e-07,5.0210810513817705e-06
361,0,0,0.9999982118606567,1.6823482607009055e-09,1.1734036320376617e-07,1.6693956013114075e-06
362,2,2,6.990495421632659e-06,9.746687013034716e-09,0.9999868869781494,6.067942649679026e-06
363,0,2,0.12375398725271225,0.0113603500649333,0.8515827655792236,0.013302890583872795
364,0,0,0.9999992847442627,4.1822309526651225e-07,8.95278020607293e-08,1.882707749700785e-07
365,3,1,0.009862473234534264,0.6351943016052246,0.013917477801442146,0.341025710105896
366,1,1,1.7987646572237281e-07,0.9999997615814209,4.8953809894669575e-09,7.0035679478053225e-09
367,2,2,0.007168344687670469,6.407337787095457e-05,0.9926284551620483,0.0001391354890074581
368,0,0,0.9999997615814209,4.9826429204813394e-08,2.8878051949732253e-08,1.4252378832679824e-07
369,0,0,0.9463201761245728,0.053662240505218506,7.08772813595715e-06,1.0487747204024345e-05
370,1,1,2.584395133453654e-07,0.9999996423721313,6.884998349221405e-09,8.25337167498219e-08
371,0,0,0.9894808530807495,9.232935305192314e-09,3.2098605515784584e-06,0.010515955276787281
372,0,0,0.7694479823112488,0.230548694729805,1.5738720549052232e-06,1.8107037931258674e-06
373,1,1,0.001488788053393364,0.9985009431838989,8.015167622943409e-06,2.272894562338479e-06
374,1,1,2.7307821710564895e-06,0.9999972581863403,2.4400582887551536e-08,1.3479704463748021e-08
375,3,3,0.007281986065208912,1.9894310199219944e-08,0.0011000840459018946,0.9916179776191711
376,1,1,0.011215245351195335,0.9884053468704224,0.00015321293903980404,0.00022628185979556292
377,1,1,2.60768473481221e-07,0.9999997615814209,3.1572050529504736e-10,2.034316326504637e-10
378,2,2,0.06525222957134247,0.0003180306521244347,0.9318349957466125,0.0025947168469429016
379,0,0,0.9747681617736816,0.010880408808588982,0.01413476187735796,0.0002166742051485926
380,1,1,8.447365871688817e-06,0.9999914169311523,1.7562278742389026e-08,1.5694674004862463e-07
381,1,1,0.004482437390834093,0.9950380921363831,8.094551958492957e-06,0.0004714217211585492
382,3,3,7.018418841653329e-07,1.1297777291474631e-07,2.9801978598698042e-05,0.9999693632125854
383,1,1,6.927610343154811e-07,0.9999992847442627,3.72697357420293e-08,6.72898314846293e-09
384,2,2,0.00027139592566527426,0.00014841885422356427,0.9994864463806152,9.374917863169685e-05
385,1,1,0.002721017226576805,0.9972788691520691,1.1957126844208688e-07,1.3627517780889775e-08
386,1,1,1.6269975731120212e-06,0.9999983310699463,4.33727045390242e-08,4.974421585757227e-08
387,1,1,0.00017199662397615612,0.9998262524604797,9.848289295177892e-08,1.6838750980241457e-06
388,0,0,0.9999992847442627,4.7027825189616124e-07,1.1639370711691299e-07,8.216505165137278e-08
389,0,0,1.0,2.890543360223319e-09,2.0467417982672487e-08,1.777116093171216e-10
390,0,0,0.9959157109260559,0.00048317702021449804,0.0035060811787843704,9.500337910139933e-05
391,1,1,1.5560489785571008e-08,1.0,4.003489095794066e-09,3.903381784464699e-11
392,0,0,0.9999816417694092,1.8107886717189103e-05,2.492690214239701e-07,2.392004638807066e-08
393,0,0,0.9999960660934448,1.965714488960657e-07,3.6648514196713222e-06,7.895984310835047e-08
394,0,0,0.9998883008956909,6.266123619980135e-08,2.173637767555192e-06,0.00010943035158561543
395,1,1,0.00027553277323022485,0.9985135197639465,1.1957406059082132e-05,0.00119903520680964
396,1,1,2.629314792557125e-07,0.9999986886978149,6.823333364991413e-07,3.1632310992790735e-07
397,3,2,0.0003349005419295281,0.0001598344970261678,0.6310804486274719,0.36842474341392517
398,1,1,8.465229257126339e-06,0.9999915361404419,7.671836499412166e-09,1.0978330466926423e-09
399,2,3,1.898156369861681e-05,5.491341781294068e-08,0.18610213696956635,0.8138787746429443
400,3,3,0.14989043772220612,0.01580156944692135,0.2915448248386383,0.5427631735801697
401,1,1,4.586743671097793e-05,0.9999537467956543,4.313945112244255e-07,6.405930896846712e-09
402,0,0,0.9999786615371704,1.4898220797476824e-05,5.834639068780234e-06,6.579813316420768e-07
403,0,0,0.9999889135360718,5.2116185145223426e-08,9.588248758518603e-06,1.449762976335478e-06
404,0,0,0.9996317625045776,0.00016264681471511722,0.00017578464758116752,2.9836730391252786e-05
405,2,2,0.0002105261810356751,1.5448327417288965e-07,0.999788224697113,1.1337934893163037e-06
406,2,2,0.0004764865734614432,1.947868213392212e-06,0.990817666053772,0.008703966625034809
407,2,2,2.5482360797468573e-05,1.2191436553621315e-06,0.9999648332595825,8.475246431771666e-06
408,2,0,0.9886865615844727,0.00040451568202115595,0.002251853235065937,0.008657095953822136
409,1,1,0.04879354313015938,0.947975754737854,0.003087409771978855,0.00014334879233501852
410,2,2,0.005757790990173817,0.0006179532501846552,0.8607085943222046,0.13291573524475098
411,1,1,4.042788532387931e-06,0.9999927282333374,4.116955949484691e-07,2.920237875514431e-06
412,0,0,0.9999985694885254,4.852051915804623e-07,1.9587048427638365e-08,9.068864983419189e-07
413,0,0,0.9885575771331787,0.0010817513102665544,0.005045839585363865,0.005314815789461136
414,0,0,0.9998266100883484,2.66461750442204e-08,1.4538179584633326e-06,0.00017199439753312618
415,1,1,0.00011277573503321037,0.9342949390411377,0.06191001832485199,0.0036823342088609934
416,1,1,8.562588845961727e-06,0.9999914169311523,1.2611739208523431e-08,1.498304236235981e-08
417,2,2,4.457254817680223e-06,2.4704029044642084e-08,0.999993085861206,2.4657545054651564e-06
418,2,2,3.3769887522794306e-05,1.0482905054232106e-05,0.9962755441665649,0.0036802461836487055
419,0,0,0.9999923706054688,5.76571963506467e-08,3.22981719591553e-07,7.155156708904542e-06
420,0,0,0.8297213912010193,0.00034246561699546874,0.11783121526241302,0.05210493132472038
421,1,1,2.557852383233694e-07,0.9999997615814209,2.847805498362721e-11,8.64100901942777e-10
422,2,2,3.316493530292064e-05,8.579413020015636e-07,0.999963641166687,2.4125713480316335e-06
423,3,3,0.00029916613129898906,1.217026408539823e-07,0.0007168697193264961,0.9989838004112244
424,3,3,9.768123163667042e-06,8.131854656312498e-08,2.229987148893997e-05,0.9999678134918213
425,0,0,0.9999518394470215,1.5476153691906802e-08,4.7333669499494135e-05,7.908873271844641e-07
426,2,2,9.507549947329608e-08,3.920406399515741e-08,0.9999998807907104,6.772662874965363e-09
427,2,2,0.00010295159881934524,1.4966865819587838e-05,0.9998778104782104,4.26924771090853e-06
428,3,3,2.012807090068236e-05,9.166850389874526e-09,0.0020325821824371815,0.9979472756385803
429,3,3,1.9431074633757817e-06,3.9132619349402376e-06,0.0011548749171197414,0.9988393187522888
430,0,0,0.9998863935470581,4.328411159804091e-05,5.8207715483149514e-05,1.214169697050238e-05
431,1,1,1.5951331988617312e-06,0.9999983310699463,5.0807535956209904e-08,1.4557047123275879e-08
432,1,1,6.60229561617598e-05,0.9998495578765869,7.687797187827528e-05,7.466167062375462e-06
433,2,2,1.0999476216966286e-05,6.998662760437924e-10,0.999090313911438,0.0008987791370600462
434,2,2,0.0011711913393810391,4.303533933125436e-05,0.9965353012084961,0.002250415738672018
435,3,3,1.873914516181685e-05,6.8719868977495935e-06,0.039592161774635315,0.9603821635246277
436,2,2,0.016574710607528687,4.544370767689543e-06,0.9833827614784241,3.805720552918501e-05
437,2,1,0.15709607303142548,0.7966825366020203,0.04527810588479042,0.0009433732484467328
438,3,3,5.954505923000397e-06,1.71503007351248e-08,0.028074385598301888,0.971919596195221
439,3,3,0.0012776227667927742,4.4357835804476053e-07,0.2011117935180664,0.7976101636886597
440,2,3,0.012896052561700344,0.00122172967530787,0.151912122964859,0.8339700698852539
441,3,3,0.10183209180831909,0.00017141706484835595,0.04438311234116554,0.8536132574081421
442,0,0,0.9063699245452881,0.06381682306528091,0.0003462301683612168,0.029467083513736725
443,2,2,0.0083444369956851,1.2043436470321467e-07,0.9916440844535828,1.1391128282411955e-05
444,0,0,0.9996857643127441,9.394477729074424e-08,0.0002691013796720654,4.509723657974973e-05
445,3,3,0.0016094003804028034,9.319290938947233e-08,0.0003771431220229715,0.9980132579803467
446,3,3,5.063600383437006e-07,9.074359041960633e-09,0.006264832802116871,0.9937346577644348
447,3,3,4.0322532868231065e-07,1.4655503477456477e-09,0.0007672475767321885,0.9992324113845825
448,2,0,0.649308443069458,1.925732107110889e-07,0.3501158356666565,0.0005755519377999008
449,2,3,0.003969201352447271,1.766477986109294e-08,0.05214095488190651,0.943889856338501
450,0,0,0.9095265865325928,0.09047018736600876,1.3626460031446186e-06,1.8510081645217724e-06
451,0,0,0.9838573932647705,5.160694854566827e-06,0.00046592546277679503,0.01567154750227928
452,2,2,8.018196240300313e-06,9.276537582536548e-08,0.9999915361404419,4.2852406068050186e-07
453,3,3,4.991832611267455e-05,1.741686719469726e-05,0.0020901747047901154,0.99784255027771
454,3,3,2.0638231035263743e-06,7.070705123624066e-07,0.006661529187113047,0.9933357238769531
455,1,1,2.6471760065760463e-05,0.9999717473983765,1.0334432545278105e-06,7.019654049145174e-07
456,2,2,0.0006818983820267022,2.627540197863709e-06,0.9990372657775879,0.0002782380033750087
457,3,3,0.0004563610127661377,8.514946330251405e-07,0.013922778889536858,0.9856200218200684
458,1,1,3.033011637398886e-07,0.9999996423721313,3.7747749370709016e-10,3.475907617289664e-10
459,2,2,0.0235610194504261,2.151125590899028e-05,0.9763941168785095,2.3268728909897618e-05
460,1,1,1.1534857549122535e-06,0.9999988079071045,6.778345351676762e-08,2.020448475192893e-09
461,1,1,5.136751468626244e-08,0.9999998807907104,2.9389548572567037e-08,2.9595488726386066e-08
462,3,3,0.08294457942247391,0.00017212310922332108,0.010794317349791527,0.9060888886451721
463,1,1,5.70933389099082e-06,0.999994158744812,6.324545864799802e-08,1.0673266359617628e-07
464,0,0,0.9999945163726807,5.443352165457327e-06,1.767753765591351e-08,3.004608473133885e-08
465,3,3,3.625698809628375e-05,1.8384477940003308e-08,9.642489749239758e-05,0.99986732006073
466,2,2,3.363883661222644e-05,3.1330361593973066e-07,0.995766282081604,0.004199859220534563
467,2,3,7.632439178451023e-07,4.31610146733874e-07,0.27115654945373535,0.7288421988487244
468,3,3,1.221328420797363e-05,9.505222919869993e-08,0.002158616203814745,0.997829020023346
469,1,1,0.0001252192014362663,0.9997971653938293,9.730945293995319e-07,7.660806295461953e-05
470,0,0,1.0,1.6028026905701154e-08,1.8190597472766967e-08,1.893738499347819e-09
471,3,3,1.2559246442833683e-07,9.197806960514754e-10,0.008815819397568703,0.9911841154098511
472,0,0,1.0,1.1087618601024474e-09,1.6342001529778827e-08,4.948176979269192e-09
473,2,2,0.0003499484737403691,4.986793555872282e-07,0.9996447563171387,4.750163498101756e-06
474,1,1,1.6988736888379208e-06,0.9999983310699463,4.035359157938956e-09,1.0490088797610042e-08
475,3,3,0.018462669104337692,0.00020976932137273252,0.010874126106500626,0.9704535007476807
476,1,1,7.745551755533597e-08,0.9999998807907104,5.0475126300852935e-09,8.227389436399335e-09
477,3,2,0.0001261304278159514,4.522082264202254e-09,0.7604952454566956,0.23937863111495972
478,0,0,0.9999974966049194,1.3665734321932632e-08,1.448387934033235e-06,1.1032560678359005e-06
479,2,2,8.329714546562172e-06,4.592878521947341e-09,0.999990701675415,9.220975698553957e-07
480,3,3,0.00019266930758021772,0.00232801609672606,0.030292637646198273,0.9671867489814758
481,2,0,0.572930634021759,0.005021493881940842,0.4210011661052704,0.0010467064566910267
482,2,2,0.0010199142852798104,5.177366256248206e-05,0.9989005327224731,2.7727408451028168e-05
483,3,3,3.2258561986964196e-05,1.789962698239833e-05,0.00010901655332418159,0.9998408555984497
484,2,2,0.0024302969686686993,0.00031412593671120703,0.9206083416938782,0.07664722949266434
485,2,2,0.21293137967586517,6.64549497741973e-06,0.5202772617340088,0.2667847275733948
486,1,1,4.269475175533444e-05,0.9995492100715637,0.0002270668192068115,0.00018105296476278454
487,2,2,1.8654369341675192e-05,5.107617107036333e-10,0.9999779462814331,3.4919332847493934e-06
488,2,2,0.0008315684972330928,2.5552286388119683e-05,0.9991349577903748,7.875083610997535e-06
489,1,1,5.772255917690927e-06,0.9999532699584961,3.892085806000978e-05,2.0425145521585364e-06
490,1,1,4.870536329804054e-08,1.0,1.8082581265677078e-10,1.5794855423578724e-09
491,3,3,1.2065934242855292e-05,2.9389873361651553e-06,0.00035847158869728446,0.9996265172958374
492,1,1,2.3229322465567748e-08,0.9999998807907104,9.946491275059088e-08,2.226089090839878e-09
493,2,2,0.0003226366243325174,5.503474767465377e-06,0.9996618032455444,1.0115818440681323e-05
494,2,2,6.448579824791523e-06,1.268412930244267e-09,0.9999933242797852,2.076919400906263e-07
495,1,1,6.295528010014095e-08,0.9999998807907104,9.31974568629812e-08,8.559521091910938e-09
496,2,2,0.1220095306634903,1.283091478399001e-06,0.8779841065406799,5.107429842610145e-06
497,0,0,0.999984860420227,8.795733265287708e-06,6.1627047216461506e-06,1.0825582563711578e-07
498,1,3,0.4779543876647949,0.016850529238581657,0.000761325063649565,0.5044337511062622
499,3,3,1.4265218624132103e-06,6.021966214575514e-07,1.9491744751576334e-05,0.9999785423278809
500,3,0,0.9938986301422119,0.005739826243370771,1.4082477719057351e-05,0.0003474453405942768
501,1,1,1.298905408475548e-05,0.999987006187439,2.9508361976127162e-08,2.853954850223772e-09
502,1,1,1.5721134332125075e-06,0.9999979734420776,1.644561677949241e-07,2.1810704708968842e-07
503,0,0,0.9984785914421082,5.157343707651307e-07,3.206573455827311e-05,0.001488927286118269
504,0,0,0.9998984336853027,2.2929640181246214e-05,4.115692718187347e-05,3.7491681723622605e-05
505,0,0,0.9999973773956299,5.7412773202258904e-08,1.3278229289426235e-06,1.2113301863792003e-06
506,0,0,0.999795138835907,4.151208122493699e-05,7.160519453464076e-05,9.168171527562663e-05
507,3,3,7.610414286318701e-06,0.00010526472033234313,1.624702781555243e-05,0.9998708963394165
508,2,2,5.566581876337295e-06,1.6129118876051507e-06,0.9999434947967529,4.932294541504234e-05
509,3,3,1.5007850606707507e-06,2.161985968029967e-08,3.4284025787201244e-06,0.9999951124191284
510,3,3,2.429819971894176e-07,9.934399969324659e-10,2.685597735307965e-07,0.9999995231628418
511,0,0,0.982380747795105,0.001820580568164587,0.0007624904392287135,0.015036179684102535
512,3,3,2.919583721450181e-07,1.054875974659808e-05,0.04540661349892616,0.9545825719833374
513,0,0,0.999998927116394,2.1731165134042385e-07,8.293831115224748e-07,6.590720147414686e-08
514,0,0,1.0,1.7702166843491796e-08,2.522893893797118e-09,6.911615169080676e-10
515,1,3,0.007614959962666035,0.14217686653137207,0.4083648920059204,0.44184330105781555
516,0,0,0.9999964237213135,2.567632293448696e-07,1.8103585261997068e-06,1.5712387266830774e-06
517,2,2,0.021736174821853638,2.2527815417561214e-06,0.9782125353813171,4.904278466710821e-05
518,3,3,0.0015187552198767662,0.0005738597246818244,0.0011971972417086363,0.9967101812362671
519,1,1,1.7637295968597755e-05,0.9999808073043823,7.617992991981737e-07,8.255408374679973e-07
520,2,2,0.0005232071271166205,1.2782591873872207e-08,0.9994515776634216,2.5300136258010752e-05
521,0,0,0.9732532501220703,4.372376682937329e-09,0.01684683747589588,0.009899986907839775
522,2,2,6.699567620671587e-07,8.099147663642725e-08,0.9999984502792358,7.276966584868205e-07
523,0,0,0.9999786615371704,1.977362080651801e-05,1.5592452200507978e-06,4.666289132870816e-09
524,0,0,0.9876151084899902,7.3657065513543785e-06,8.063708082772791e-05,0.012296883389353752
525,0,0,0.9999998807907104,2.427789302927863e-09,1.549843275938656e-08,1.2893289635940164e-07
526,3,2,0.0005752279539592564,1.636821707506897e-06,0.7530921101570129,0.24633103609085083
527,0,1,0.03149833157658577,0.9596527814865112,0.0016871067928150296,0.00716176675632596
528,0,0,0.9952192902565002,1.2838409929827321e-05,0.0037145877722650766,0.001053286949172616
529,0,0,0.999321699142456,2.425145737561252e-07,6.589081749552861e-05,0.0006122080376371741
530,1,1,6.681963071741848e-08,0.9999998807907104,3.854545849169e-10,2.252570130423237e-09
531,3,3,6.029828000464477e-06,1.9876619461456357e-08,0.05844713747501373,0.9415468573570251
532,3,3,1.0239941730105784e-06,4.354841621534433e-06,0.00099185761064291,0.9990027546882629
533,3,3,2.4116839995258488e-05,4.324529072619043e-06,0.0010939318453893065,0.9988777041435242
534,2,2,0.0018432127544656396,5.6966968259075657e-05,0.9961591958999634,0.0019406098872423172
535,2,2,1.91604376595933e-05,2.539730485295877e-05,0.9983432292938232,0.001612174790352583
536,3,3,1.878159316959227e-08,8.294488984539328e-10,7.852784619899467e-05,0.999921441078186
537,3,3,0.0003026768972631544,8.520620653484912e-09,2.92278173219529e-06,0.9996944665908813
538,1,1,0.019365185871720314,0.9806337952613831,6.931877010174503e-07,3.551595852968603e-07
539,3,3,2.6272105969837867e-05,1.7536110341609401e-09,0.0024312722962349653,0.9975425004959106
540,1,1,9.033627179633186e-08,0.9999997615814209,6.974729682696079e-10,6.2342280671146e-08
541,0,0,0.9994051456451416,5.647346412729348e-08,0.00039956666296347976,0.00019525679817888886
542,0,0,0.9999775886535645,1.2397738373692846e-06,2.844076334440615e-07,2.0897954527754337e-05
543,3,3,0.0036382025573402643,0.0002427304134471342,2.75733486887475e-06,0.9961162805557251
544,1,1,3.360755272296956e-06,0.9999963045120239,2.7680420089382096e-07,1.9290571362517994e-09
545,3,3,0.0003073636326007545,2.723782532854102e-09,0.0012530141975730658,0.998439610004425
546,2,2,8.676519792061299e-05,7.967061719682533e-06,0.9945934414863586,0.0053117950446903706
547,1,0,0.9318389296531677,0.06813199073076248,1.461952615500195e-05,1.4418012142414227e-05
548,3,2,0.08958695083856583,0.00026959358365274966,0.5110645890235901,0.3990788757801056
549,2,3,2.4292259581670805e-07,8.074192869855779e-09,0.04562819004058838,0.9543715119361877
550,0,0,0.9999960660934448,3.580137519776372e-09,7.976970550771512e-08,3.8110133573354688e-06
551,0,0,1.0,1.3439557244865341e-09,2.627786654940678e-09,3.289895023073086e-10
552,0,0,0.9999984502792358,1.4089465594224748e-06,4.992244129198298e-08,1.309052919395981e-07
553,1,1,1.1002229257428553e-05,0.9999886751174927,3.7548451814473083e-07,2.1915115056003742e-08
554,3,2,9.668731217971072e-05,1.0586943972157314e-05,0.6007702350616455,0.3991225063800812
555,3,3,6.767369632143527e-05,2.919136043999515e-10,2.0121209672652185e-05,0.9999121427536011
556,3,3,0.3945738673210144,3.165319867548533e-05,0.018113955855369568,0.5872805118560791
557,3,3,2.609842226775072e-07,4.703041156517429e-07,0.001723932335153222,0.9982752799987793
558,3,3,2.2076152163208462e-05,7.974389859555231e-08,0.006075446028262377,0.993902325630188
559,3,3,0.0007294536917470396,4.1777906290008104e-07,0.0004972362075932324,0.9987727999687195
560,3,3,7.817751611582935e-05,8.337633694566193e-09,0.003553244052454829,0.9963685274124146
561,0,0,0.9998142123222351,6.878866406623274e-05,3.8239636523940135e-06,0.00011318600445520133
562,2,2,1.0153829634873546e-06,3.192153315012547e-07,0.9999909400939941,7.6143046499055345e-06
563,3,3,0.0014982265420258045,1.2144370202804566e-06,0.37511521577835083,0.6233853697776794
564,1,1,1.6050288422775338e-06,0.9999983310699463,1.7519608874749792e-08,7.554257663855424e-09
565,0,3,0.0022674768697470427,9.271078482697703e-08,0.424827516078949,0.5729049444198608
566,0,0,0.9999703168869019,1.7470760212745517e-05,2.1768180431536166e-06,1.005664853437338e-05
567,3,3,8.731120942684356e-06,2.278820687706684e-09,9.72166599240154e-05,0.9998940229415894
568,3,3,3.294318594271317e-05,8.326351235155016e-07,0.337471604347229,0.6624945402145386
569,1,1,2.6862501272262307e-06,0.9999966621398926,4.7428193283849396e-07,1.4444408691360877e-07
570,3,3,3.081312115682522e-06,3.301946662759292e-06,0.0003502805484458804,0.9996433258056641
571,2,2,0.0014818625058978796,0.009992399252951145,0.7847089767456055,0.20381677150726318
572,3,3,7.706407632213086e-05,1.761347867557106e-08,6.257758650463074e-05,0.9998602867126465
573,3,3,0.0002469582832418382,9.05856651911563e-08,2.705680890358053e-05,0.999725878238678
574,0,1,0.17452944815158844,0.8227571249008179,4.454587269719923e-06,0.0027089829090982676
575,2,2,0.0035361803602427244,2.644668938955874e-06,0.9962871074676514,0.00017410221335012466
576,1,1,0.00042457584640942514,0.9995753169059753,1.2376420954751666e-07,2.873417948023871e-08
577,3,3,0.005106740165501833,3.93043819713057e-06,0.00035366337397135794,0.9945356845855713
578,3,3,6.370948085532291e-06,1.721775220175914e-06,0.006069203373044729,0.9939226508140564
579,0,0,0.9999998807907104,4.678642362421215e-09,5.241442480041769e-08,6.027779164696767e-08
580,1,1,1.0348839168727864e-05,0.9999872446060181,2.8803498253182624e-07,2.103587348756264e-06
581,3,3,4.0411057966593944e-07,3.181083485515046e-08,2.8759137421729974e-05,0.9999707937240601
582,2,3,1.0752181651696446e-06,4.229816497058891e-09,0.03714129701256752,0.9628576040267944
583,1,1,4.2210078390780836e-05,0.9997422099113464,0.0001333685650024563,8.228957449318841e-05
584,0,0,0.9670617580413818,0.03293696045875549,8.988329796011385e-07,3.172289666508732e-07
585,2,2,0.00010545826080488041,0.010323128663003445,0.9895480871200562,2.3317534214584157e-05
586,3,3,3.0503945254167775e-06,2.9754755104249853e-08,0.011668411083519459,0.9883284568786621
587,3,3,0.0063635725528001785,1.5474846293273004e-07,0.001292251399718225,0.992344081401825
588,3,3,7.774392724968493e-05,1.0705157871271354e-09,0.006104460917413235,0.9938177466392517
589,2,2,0.0009557114099152386,3.496785438983352e-07,0.9989070892333984,0.0001368323719361797
590,0,0,0.9986146688461304,1.7299269927661953e-07,1.653040999372024e-05,0.001368595869280398
591,2,2,4.2646325937312213e-07,1.3799722253793334e-08,0.999950647354126,4.8858506488613784e-05
592,3,3,0.00022133960737846792,0.0005604716716334224,0.0001092886523110792,0.9991088509559631
593,0,0,0.9989452958106995,0.001017899950966239,3.6384160921443254e-05,3.964713357618166e-07
594,3,3,7.919077688711695e-06,6.3619345347376566e-09,0.007027201354503632,0.9929648637771606
595,0,0,1.0,3.825223249265264e-09,1.2628409429282783e-08,2.704741319803361e-08
596,3,3,2.093253073098822e-07,7.136137725183289e-08,0.012644724920392036,0.9873549342155457
597,3,3,0.00015248208364937454,1.09655298174971e-08,0.0055199661292135715,0.9943276047706604
598,2,2,1.4671734788862523e-05,3.715178763741278e-06,0.9999699592590332,1.1678244845825247e-05
599,0,0,0.9979828596115112,2.790026655929978e-06,5.8289922890253365e-05,0.0019560232758522034
600,2,0,0.9991152882575989,6.423830654966878e-06,0.00048521842109039426,0.0003930690581910312
601,2,2,1.6887546735233627e-05,5.025656832913228e-07,0.9999642372131348,1.8384744180366397e-05
602,3,3,6.256324013520498e-06,3.7443601996756115e-08,0.49519529938697815,0.504798412322998
603,2,2,5.3707735787611455e-05,5.77123486777964e-08,0.9999432563781738,2.9713864933000877e-06
604,1,1,1.9199589473828382e-07,0.9999997615814209,1.0359899604850398e-09,2.9250294630855933e-08
605,0,0,0.9999635219573975,1.39571184831766e-07,3.7137823483135435e-07,3.603402728913352e-05
606,0,0,0.6262028217315674,3.969770205003442e-06,0.315623015165329,0.058170150965452194
607,3,2,0.0028994332533329725,0.00014789181295782328,0.9426683783531189,0.054284386336803436
608,1,1,3.396008096956393e-08,0.9999998807907104,3.429726902481889e-08,5.346171838560565e-10
609,1,1,8.664898132337839e-07,0.9999991655349731,2.7433268101617614e-08,6.348173653414335e-10
610,1,1,2.951834687792143e-07,0.9999996423721313,1.2078825939454418e-08,9.524486754841632e-11
611,0,0,0.9999963045120239,1.2725290332582517e-07,1.1479377235446009e-06,2.37780409406696e-06
612,0,0,0.9996287822723389,6.895093065395486e-07,0.00033737532794475555,3.3188658562721685e-05
613,0,0,0.6681286692619324,0.3318028748035431,5.269329449220095e-06,6.321535329334438e-05
614,0,0,0.9297662973403931,0.0701790452003479,4.148815423832275e-05,1.3201786714489572e-05
615,2,2,7.500564720430702e-07,8.684558849836321e-09,0.9999967813491821,2.4536875571357086e-06
616,3,0,0.7931850552558899,1.2158108120274846e-07,0.00031817666604183614,0.20649658143520355
617,0,0,0.9903215765953064,1.0684094377211295e-05,2.707512248889543e-05,0.009640670381486416
618,0,0,0.999990701675415,9.24022424442228e-06,5.8939125580081964e-08,9.106198461950044e-09
619,2,2,8.157180855050683e-05,3.974711262344499e-07,0.9997982382774353,0.00011989947233814746
620,2,2,4.209757207718212e-06,1.04042587878439e-08,0.9999938011169434,2.0517459233815316e-06
621,2,2,4.471974079933716e-07,1.5690927668288168e-08,0.9999973773956299,2.1377691155066714e-06
622,3,3,3.314992000014172e-06,7.234260301913764e-09,0.0001449417759431526,0.9998517036437988
623,3,3,0.03252837806940079,2.2652857296634465e-05,0.0012223708909004927,0.9662265777587891
624,3,3,5.555874622586998e-07,9.964153946384613e-08,0.0005768323899246752,0.999422550201416
625,0,0,0.9999995231628418,1.461675225300496e-07,3.6034253980687936e-07,3.051113139918016e-08
626,0,0,0.9998400211334229,0.00015909658395685256,2.1671050376426138e-07,6.069543019293633e-07
627,3,3,1.0879332421609433e-06,8.173716814496856e-09,0.0018788008019328117,0.998120129108429
628,2,2,5.058772600818884e-08,8.859674771599657e-09,0.9999998807907104,1.2443612718016084e-07
629,1,1,0.000276923063211143,0.9997164607048035,2.66028723672207e-06,3.919396476703696e-06
630,3,3,7.2363927756669e-06,7.325546835801333e-10,0.014656707644462585,0.9853360056877136
631,1,1,0.05734002962708473,0.9421872496604919,4.533952960628085e-05,0.00042731387657113373
632,3,3,0.00041829937254078686,6.650345163450311e-09,3.647764242487028e-05,0.999545156955719
633,3,3,9.9196084192954e-05,1.0005729578210776e-09,0.00016067981778178364,0.9997400641441345
634,2,2,2.402592791383995e-08,1.0837351460679656e-08,1.0,6.752593151304609e-09
635,3,3,0.00010670886695152149,4.668571307320235e-09,7.982298120623454e-05,0.9998134970664978
636,3,3,2.1853560610907152e-05,1.6169373617813676e-09,0.11697860807180405,0.8829995393753052
637,1,1,1.595481649019348e-07,0.9999998807907104,5.582791451352875e-10,2.903676465937366e-10
638,1,1,0.0005619809380732477,0.9993859529495239,5.028535451856442e-05,1.7896405779538327e-06
639,0,0,0.9993851184844971,2.5341492460029258e-08,0.0005704882787540555,4.42624295828864e-05
640,2,2,1.555824951537943e-06,1.7100981741791088e-09,0.999995231628418,3.179174882461666e-06
641,3,3,0.008357677608728409,9.556225268170238e-05,0.0001839800097513944,0.9913627505302429
642,3,0,0.5852702856063843,5.2390736527740955e-05,0.016683805733919144,0.3979935348033905
643,2,0,0.9999222755432129,1.0476062016095966e-05,4.863465619564522e-06,6.23796513536945e-05
644,1,1,1.6568847058806568e-06,0.9999983310699463,3.516446578366583e-10,2.042138957936146e-10
645,3,3,1.9366027572687017e-06,2.925312214685505e-10,0.0008464027778245509,0.9991517066955566
646,0,0,0.9999908208847046,6.445154667744646e-07,6.8038084464205895e-06,1.7213193359566503e-06
647,0,0,0.9999105930328369,2.7214400688535534e-05,1.9587110728025436e-05,4.2654301068978384e-05
648,1,1,2.40889403357869e-06,0.9999974966049194,6.911519134789046e-10,7.677873270495184e-08
649,2,2,1.1701576113409828e-05,1.0943868744561769e-07,0.9999878406524658,3.234725340917066e-07
650,0,0,0.9922457337379456,1.6156402125488967e-05,0.0005392772727645934,0.007198861800134182
651,2,2,6.6198517743032426e-06,1.2918464076250302e-09,0.9999927282333374,6.180872560435091e-07
652,0,0,0.9999995231628418,1.1815092193501187e-07,3.6132053082837956e-07,6.02359406798314e-08
653,0,0,0.9999998807907104,1.304417018843651e-08,1.7687674658262154e-09,1.2865469045664213e-07
654,3,3,0.0033624814823269844,0.004980727098882198,0.0015944575425237417,0.9900623559951782
655,0,3,0.1412370353937149,1.4063589333090931e-06,0.17749762535095215,0.6812639832496643
656,2,2,0.0025755788665264845,4.559887401001106e-08,0.9973660111427307,5.837112257722765e-05
657,3,3,9.99928579403786e-06,1.566944121123015e-07,0.0016271763015538454,0.9983627200126648
658,3,3,3.5910040878661675e-06,9.197815234074369e-05,0.004535004496574402,0.9953693747520447
659,3,3,0.2199699431657791,1.3967215295451751e-07,0.0036998961586505175,0.7763299942016602
660,3,3,7.026130333542824e-06,5.419357762548316e-08,5.797426274511963e-05,0.9999350309371948
661,3,3,1.7471413116254553e-07,2.083334216251842e-08,0.0007670327322557569,0.9992327690124512
662,1,1,1.8929183909222047e-07,0.9999997615814209,1.0629322133581809e-07,1.4528443337269437e-08
663,2,2,0.0002806113625410944,5.372262990022136e-07,0.9996999502182007,1.8945465853903443e-05
664,3,2,1.6254404044957482e-06,4.4324397663331183e-07,0.9990307092666626,0.0009671373409219086
665,1,1,2.5385119442944415e-05,0.999974250793457,5.281811965573979e-08,3.2312249231836176e-07
666,1,1,9.815477142183227e-07,0.9999988079071045,1.5517503015871625e-07,4.52830967168083e-10
667,2,2,2.40054760070052e-06,1.7805325214226286e-08,0.9999970197677612,5.666548190674803e-07
668,3,3,0.0007424538489431143,4.0485673480361584e-08,3.127976378891617e-05,0.9992262125015259
669,0,0,0.6233737468719482,0.04612930119037628,0.21612980961799622,0.11436714231967926
670,1,1,9.122537107941753e-07,0.9999990463256836,8.049946131905017e-08,3.2232105873220007e-09
671,3,3,1.2298402907617856e-05,5.98115246219777e-09,0.000998400617390871,0.9989892840385437
672,0,0,0.9999998807907104,5.4511009039970304e-08,8.9765999078395e-09,8.578578736262443e-09
673,2,3,0.33368226885795593,8.503002027282491e-05,0.253685861825943,0.4125468134880066
674,1,1,5.7289529564741315e-08,1.0,2.825247258364527e-10,8.814730195760845e-11
675,1,1,2.447364444435607e-08,1.0,1.791657967820104e-11,4.442726742048819e-11
676,0,1,0.00016258214600384235,0.999836802482605,4.225011878133955e-07,8.216814961770069e-08
677,0,3,0.34753406047821045,4.255010571796447e-05,0.003091702237725258,0.6493316888809204
678,0,0,0.9999954700469971,4.351435563876294e-06,4.4778399654887835e-08,1.6332711538780131e-07
679,1,1,3.2585561712039635e-05,0.9999618530273438,6.303251893768902e-07,4.906653884972911e-06
680,3,2,5.511231211130507e-05,4.16253982393755e-07,0.9790515899658203,0.020892895758152008
681,0,0,0.9999997615814209,7.467515672487934e-08,6.209935321521698e-08,5.007136394397094e-08
682,0,0,0.969190776348114,0.029603037983179092,0.0007550044683739543,0.0004511909792199731
683,0,0,0.9999728202819824,4.105382256369694e-09,2.6365967642050236e-05,7.944674962345744e-07
684,0,0,0.9992579817771912,0.00018485831969883293,0.00019220224930904806,0.0003648491983767599
685,2,2,2.593509407233796e-06,1.46612393336909e-08,0.6794043183326721,0.32059308886528015
686,1,1,2.1336975919439283e-07,0.9999988079071045,2.8083123382316444e-08,8.958220973909192e-07
687,2,2,0.02775471657514572,9.009629138745368e-05,0.972100019454956,5.515191514859907e-05
688,2,2,0.00017076033691409975,2.6474726837477647e-06,0.9998212456703186,5.370478902477771e-06
689,0,3,0.05579753965139389,3.3715073186613154e-06,0.016963612288236618,0.9272354245185852
690,1,1,1.6588610378676094e-06,0.9999983310699463,1.0734964028813465e-08,3.938879222786795e-10
691,1,1,0.00021932352683506906,0.9997801184654236,4.5568509676741087e-07,6.58503154227219e-08
692,1,1,5.250655704003293e-06,0.9999946355819702,9.629485475670663e-08,2.432931189844112e-09
693,1,1,0.00013492765720002353,0.9998641014099121,2.591501235826854e-08,9.527720408186724e-07
694,0,0,0.9989117383956909,2.92640800481081e-09,0.0010144544066861272,7.383030606433749e-05
695,0,0,1.0,1.1015339751452302e-09,1.0237545255975533e-09,4.387846752607061e-10
696,1,1,1.0140458925889106e-06,0.9999226331710815,1.7307264954524726e-07,7.612713670823723e-05
697,0,0,0.9998108744621277,1.128634821156993e-07,8.253746636910364e-05,0.0001063834351953119
698,1,1,0.01582997292280197,0.9837972521781921,0.00033129993244074285,4.1531402530381456e-05
699,0,0,0.999994158744812,4.918900685879635e-06,7.712784508839832e-07,2.655804678397544e-07
700,2,2,0.00016510453133378178,5.20085814059712e-06,0.9997636675834656,6.61058584228158e-05
701,1,1,0.002303163055330515,0.9976378679275513,4.7175206418614835e-05,1.178714410343673e-05
702,3,3,0.00024278431374114007,1.0035589248502674e-08,0.0002554374805185944,0.9995018243789673
703,0,0,0.9996743202209473,2.3701584723312408e-05,5.582401627179934e-06,0.00029638130217790604
704,1,1,3.387691322132014e-05,0.999955415725708,1.0510964784771204e-05,2.8355145786918e-07
705,1,3,0.09265638887882233,0.07689209282398224,0.0002480818366166204,0.8302034139633179
706,3,3,2.9778950192849152e-05,3.2663695037626894e-07,0.020809322595596313,0.979160487651825
707,2,0,0.9767667055130005,0.009530100040137768,0.01331664901226759,0.00038660652353428304
708,3,3,3.7589561543427408e-06,7.185363859463223e-09,0.07474073767662048,0.925255537033081
709,3,3,3.722630594893417e-07,6.966688914644692e-08,0.08246415108442307,0.9175353050231934
710,2,2,1.5112163964658976e-06,3.3159839318841478e-09,0.9999922513961792,6.146936812001513e-06
711,2,2,4.488341437536292e-05,4.0721383243180753e-07,0.9999521970748901,2.4304988528456306e-06
712,2,2,0.0011662747710943222,9.068037876147628e-09,0.9988247752189636,8.976212484412827e-06
713,1,1,1.0347902161811362e-06,0.9999972581863403,1.7190681091960869e-06,2.277639410408483e-09
714,1,1,0.01449979841709137,0.9798824191093445,0.005617385730147362,3.5542191767490294e-07
715,3,3,8.016305400815327e-06,2.4503904114681063e-06,2.2292256289802026e-06,0.9999872446060181
716,3,3,1.673245060374029e-05,8.644669691193485e-08,7.201676635304466e-05,0.9999110698699951
717,1,1,0.3369715213775635,0.6534217596054077,0.008869610726833344,0.0007370178936980665
718,1,1,2.8601630219782237e-07,0.9999997615814209,4.675302922585445e-10,1.5462351399264662e-08
719,0,2,5.7467163969704416e-06,3.8226918519512765e-08,0.9999935626983643,6.377578642968729e-07
720,0,0,0.9949386119842529,6.509834292955929e-06,1.2605454458025633e-06,0.005053608678281307
721,0,0,0.9998387098312378,6.885286296665072e-08,9.062601020559669e-05,7.05954953446053e-05
722,3,3,4.7532935809613264e-07,6.18587403522497e-09,0.0005071084597148001,0.9994924068450928
723,2,2,0.0035385845694690943,4.14765854657162e-05,0.9963551759719849,6.477793795056641e-05
724,0,0,0.9999990463256836,6.586037102351838e-07,9.082843632768345e-08,1.6029487426294509e-07
725,0,0,0.9999958276748657,1.434287355550623e-07,4.0561481000622734e-06,2.1932249794076597e-08
726,1,1,8.58097564560012e-07,0.9999034404754639,9.172881982522085e-05,3.900064257322811e-06
727,0,2,0.0880269855260849,9.728107397677377e-05,0.5985156893730164,0.3133600056171417
728,2,2,6.951714749448001e-05,2.3875878696344444e-07,0.9999277591705322,2.5372114578203764e-06
729,2,2,0.00015734907356090844,3.3256787901336793e-07,0.9998359680175781,6.305064744083211e-06
730,2,2,0.00011947409802814946,2.4160968337127997e-07,0.9998766183853149,3.68313317267166e-06
731,3,3,1.0976813427987508e-05,2.7288643877909635e-07,1.9302460714243352e-05,0.999969482421875
732,3,3,7.684562297072262e-05,1.461614402842315e-07,2.329228209418943e-06,0.9999207258224487
733,2,2,1.4423121683648787e-06,3.1628699659336235e-10,0.9999938011169434,4.7099360926949885e-06
734,2,2,0.0049806940369307995,0.022192714735865593,0.9682031273841858,0.004623417276889086
735,1,1,0.19280937314033508,0.8064734935760498,5.577631964115426e-05,0.0006613068399019539
736,2,2,5.057553426013328e-05,2.3297181073189677e-08,0.9996782541275024,0.00027120503364130855
737,0,0,0.9999533891677856,4.5644439524039626e-05,8.971501870291831e-07,3.965615391621213e-09
738,3,0,0.6247024536132812,0.1300305724143982,0.02660030499100685,0.2186667025089264
739,1,1,3.117406777164433e-06,0.9999967813491821,4.4133194876394555e-08,4.2929269028491035e-08
740,1,1,6.505271358037135e-06,0.9999934434890747,2.026520062869963e-09,4.065608738557103e-09
741,3,3,3.7703946873079985e-05,5.592495799788821e-09,0.00010109864524565637,0.9998611211776733
742,0,0,0.5369665026664734,0.00015947403153404593,2.120447788911406e-05,0.46285280585289
743,3,3,0.0006464340258389711,5.2341314585646614e-05,7.38576491130516e-05,0.9992274045944214
744,2,3,9.87449093372561e-05,3.3723154047038406e-07,0.09737846255302429,0.9025225043296814
745,2,2,0.00287918490357697,9.863747152394353e-08,0.9968486428260803,0.000271971890470013
746,2,2,1.3987155398353934e-05,2.139671551049105e-06,0.9999359846115112,4.787059151567519e-05
747,0,1,0.00012631849676836282,0.9998736381530762,6.146907871595886e-09,2.5068155551366544e-08
748,3,3,3.985661805927521e-06,1.4260953529188214e-09,7.366069621639326e-05,0.9999223947525024
749,1,1,8.334021686096094e-07,0.9999988079071045,3.5870476722266176e-07,5.5238466245555173e-08
750,0,0,0.9999831914901733,6.3593459387334406e-09,1.3891508388041984e-06,1.5342331607826054e-05
751,2,2,0.006099655758589506,0.14444109797477722,0.7913492918014526,0.05810995399951935
752,1,1,1.6491414100983093e-07,0.9999998807907104,3.048814312123227e-09,7.331432128054871e-10
753,1,1,3.770974217331968e-07,0.9999996423721313,2.241191454643854e-09,6.542782288176952e-11
754,0,0,0.8865841031074524,2.92545955744572e-05,0.07974831759929657,0.033638328313827515
755,3,3,3.332704000058584e-05,0.0010526106925681233,0.0013224451104179025,0.9975917339324951
756,0,0,0.999313235282898,2.3867623895057477e-05,3.905298581230454e-05,0.0006238605128601193
757,0,0,0.9999326467514038,1.401194094796665e-05,4.976256605004892e-05,3.648550091384095e-06
758,3,3,0.0014071500627323985,1.3155539591025445e-07,0.013348669745028019,0.9852440357208252
759,1,1,1.8056764972129713e-08,0.9999970197677612,3.01467889585183e-06,1.677681460421354e-08
760,2,2,0.0006456046248786151,1.4239717529562768e-05,0.9951868653297424,0.0041533419862389565
761,3,3,4.52193635283038e-05,2.7095727546111448e-06,3.342128593430971e-06,0.9999487400054932
762,2,3,0.00025501218624413013,7.60622054229998e-09,0.4601927101612091,0.5395522713661194
763,3,3,1.816946451071999e-06,3.0888216429048043e-09,0.0006769922911189497,0.9993212223052979
764,0,0,0.9999641180038452,3.558280150173232e-05,1.0241929082610568e-08,2.857140941614489e-07
765,1,1,1.5963792066031601e-06,0.9999982118606567,4.3363677093566366e-08,9.972271897140672e-08
766,1,1,6.651530526369243e-08,0.9999936819076538,5.640770723402966e-06,6.171324571369041e-07
767,1,1,1.1187800907919154e-08,0.9999992847442627,6.56960310152499e-07,6.196263058200202e-09
768,0,0,0.9999592304229736,9.23267364782987e-08,9.444351235288195e-06,3.1267085432773456e-05
769,1,1,4.484485907596536e-05,0.9999549388885498,1.8857488726098381e-07,2.631205298087025e-08
770,2,2,6.729734741384163e-05,2.7607857333578067e-08,0.9998352527618408,9.73953356151469e-05
771,1,1,1.443217001906305e-06,0.9999972581863403,1.0500912850375244e-07,1.2022828741464764e-06
772,0,0,0.95169997215271,8.898864325601608e-05,0.04786285385489464,0.0003481475287117064
773,1,1,2.152946487754548e-09,1.0,2.3260871007124706e-10,3.284471583597792e-10
774,1,1,0.0004937790217809379,0.9949814677238464,0.004512754734605551,1.194235392176779e-05
775,0,0,0.9999465942382812,5.261022306513041e-05,6.798023832743638e-07,1.1294029178543497e-07
776,3,3,0.04944784194231033,2.4087134420369694e-07,0.0037337108515203,0.9468182325363159
777,1,1,4.242348040861543e-06,0.9999943971633911,1.3832755030307453e-06,3.791434366462454e-08
778,3,3,2.5097841671595233e-07,7.825088133017744e-09,0.0005366551922634244,0.9994631409645081
779,1,1,4.169615053228881e-08,1.0,1.258958715055769e-09,7.024827830548475e-09
780,0,0,0.9999862909317017,1.3719794878852554e-05,1.860133380660045e-09,8.513631466477989e-10
781,0,0,0.9999867677688599,3.437729674260481e-07,6.614303856622428e-06,6.302059773588553e-06
782,1,1,1.8749200535239652e-05,0.9999809265136719,3.2271751138068794e-07,2.7621991804949175e-08
783,3,3,1.131105022977863e-06,1.0940673291770509e-06,0.00027194939320906997,0.999725878238678
784,1,1,0.0003920294111594558,0.9996078610420227,9.864446326446341e-08,5.269856018230712e-08
785,0,0,0.9999992847442627,7.755629383154883e-08,6.525780804622627e-07,2.7302146321517284e-08
786,0,0,0.9993010759353638,2.7482531095301965e-07,0.0006603602669201791,3.835795359918848e-05
787,1,1,0.001425714697688818,0.9985737800598145,4.313759802698769e-07,7.576939964337726e-08
788,2,2,0.0007131631136871874,9.540246281858344e-08,0.7936975955963135,0.2055892050266266
789,3,2,0.0011408035643398762,0.024763889610767365,0.8350907564163208,0.1390044391155243
790,0,0,0.9967758059501648,5.251043148746248e-06,1.9574840735003818e-06,0.0032170775812119246
791,3,3,2.3007503841654398e-05,5.495550681189343e-09,0.001486226450651884,0.9984906911849976
792,0,0,0.9999988079071045,1.7538148711082613e-07,7.535475106124068e-07,3.0178125598467886e-07
793,1,1,0.0001265592873096466,0.9998725652694702,7.226609710642151e-08,8.102195465653494e-07
794,3,1,4.170493775745854e-05,0.5370532274246216,0.006693935953080654,0.45621106028556824
795,0,0,0.9999790191650391,1.364225954603171e-05,4.981650818081107e-06,2.3097998109733453e-06
796,2,3,0.018218178302049637,0.007259587291628122,0.4563407897949219,0.5181814432144165
797,0,0,0.9999995231628418,4.559333035558666e-07,2.9158433889620028e-08,2.094585838108287e-09
798,1,1,0.012725479900836945,0.987261176109314,2.4602212533864076e-07,1.3107484846841544e-05
799,0,0,0.999553382396698,2.2819941492002727e-08,6.848549674032256e-05,0.000378073105821386
800,1,1,3.70632676549576e-07,0.9999996423721313,1.527932091960338e-08,2.560774647886177e-10
801,1,1,5.3756359363887896e-08,1.0,5.335010655471706e-09,2.027323198205977e-08
802,0,0,0.9998526573181152,3.807431858149357e-05,3.957437729695812e-05,6.967618537601084e-05
803,0,0,0.9999970197677612,5.846941917297954e-07,9.414805646201785e-08,2.3085467546479777e-06
804,2,2,0.08173296600580215,0.35654398798942566,0.3634333610534668,0.19828973710536957
805,3,3,1.1289077974652173e-06,1.901545090277068e-07,0.0003812466748058796,0.999617338180542
806,2,2,0.0011714380234479904,2.2309788619168103e-05,0.7323600649833679,0.26644617319107056
807,1,1,2.297899300174322e-06,0.9999977350234985,1.0173462072771144e-09,8.719632793585674e-10
808,0,0,0.9999760389328003,2.36621835938422e-05,2.858246261894237e-07,7.103238885974861e-08
809,1,1,7.288844017239171e-08,0.9999998807907104,7.375940302978279e-09,3.373428481001639e-10
810,0,0,0.9999974966049194,2.4240484890469816e-06,2.3677667826405013e-08,5.584860929275237e-08
811,3,3,0.00011030313180526718,3.232609515180229e-06,0.017892971634864807,0.9819934368133545
812,3,3,3.218973532170821e-08,3.0770590342399373e-07,0.0013384625781327486,0.9986611604690552
813,0,0,0.9998210072517395,8.99822116480209e-05,8.383785461774096e-05,5.253205017652363e-06
814,1,1,1.8501501131140685e-07,0.9999997615814209,5.912075273784012e-10,2.152691358503489e-09
815,0,0,0.9952202439308167,1.0778700016089715e-05,0.0034178460482507944,0.0013510729186236858
816,2,3,0.0015224217204377055,5.90526033192873e-05,0.23286129534244537,0.7655572295188904
817,1,1,2.4190178748995095e-08,1.0,4.546037990493801e-10,3.7157062149351106e-11
818,0,0,0.9999901056289673,8.943346074374858e-06,9.475184583607188e-07,3.1057297178449517e-08
819,0,2,0.1822563260793686,0.00015682869707234204,0.4339468777179718,0.383639931678772
820,0,0,0.9999152421951294,2.1801113234687364e-06,8.225925557781011e-05,3.1504225717071677e-07
821,1,1,5.119144361742656e-07,0.9999990463256836,9.471230022484178e-09,5.24882409536076e-07
822,1,1,0.0005471070180647075,0.9994508624076843,1.1086108742119904e-07,1.8722463437370607e-06
823,1,1,2.9464832550729625e-05,0.9882382750511169,0.01172980573028326,2.4743949325056747e-06
824,2,2,0.0012753730406984687,6.045338977855863e-06,0.8705052137374878,0.12821342051029205
825,1,1,5.778324521088507e-07,0.9999994039535522,4.9184212258523985e-09,2.64029825780554e-10
826,0,0,0.9998026490211487,0.0001853857102105394,5.370430244511226e-06,6.614945959881879e-06
827,1,1,2.3210309052501543e-07,0.9999997615814209,2.0442950443566588e-08,4.357489480355525e-09
828,0,0,0.9999979734420776,1.1041349523566169e-07,8.216035780606035e-07,1.1093102330050897e-06
829,0,0,0.9997336268424988,1.153772245743312e-05,0.00024125870550051332,1.3666866834682878e-05
830,0,0,0.9342635869979858,7.941901571939525e-07,0.036256734281778336,0.029478861019015312
831,0,0,0.9999995231628418,9.823016711152377e-08,3.9852139366303163e-07,1.0590904153673364e-08
832,0,2,0.3503461480140686,8.589677599957213e-05,0.6493160128593445,0.0002520061389077455
833,0,0,0.9862463474273682,0.013003312982618809,0.0004262564762029797,0.00032402845681644976
834,1,1,7.728654054517392e-06,0.9999921321868896,1.4067596865174892e-08,9.494012687127906e-08
835,2,3,0.00012295540363993496,6.1908068005323e-08,0.3634917140007019,0.6363852620124817
836,2,2,3.090120159754406e-08,5.074455966536107e-09,0.9999983310699463,1.7109493910538731e-06
837,1,1,2.3659215003135614e-05,0.9999526739120483,2.0789317204616964e-05,2.903811036958359e-06
838,0,0,0.9960862398147583,0.0014451417373493314,0.000892827520146966,0.0015758267836645246
839,3,2,1.2287650861253496e-05,1.3633766684506554e-06,0.997719943523407,0.0022664684802293777
840,1,1,2.0600104733148328e-08,0.9999997615814209,2.2958177225973486e-07,1.862118015338865e-09
841,0,0,0.9999867677688599,1.3060051060165279e-05,1.0726985522069299e-07,3.33921583717256e-08
842,1,1,1.4055819974601036e-07,0.9999998807907104,2.7905284749607517e-09,7.205059326942376e-10
843,1,1,8.499881687384914e-07,0.9999991655349731,4.395570840642904e-08,3.4466633991314666e-08
844,0,0,0.9999997615814209,3.502456769055584e-09,2.4112057417369215e-07,1.2613841526842862e-08
845,3,3,5.156918177817715e-06,5.930342084070617e-08,0.0002853066544048488,0.9997095465660095
846,0,0,1.0,5.41052491698224e-09,1.3296322265432536e-08,1.2775196900349783e-08
847,0,0,0.9785148501396179,0.004453581757843494,0.01684737578034401,0.00018419082334730774
848,0,0,0.9999940395355225,1.9082714075580043e-08,2.2207592209610993e-08,5.941128165432019e-06
849,1,1,0.00041940645314753056,0.9970241189002991,5.263312687020516e-06,0.002551167970523238
850,3,3,3.7842986785108224e-05,1.3109267626987275e-07,6.781861884519458e-05,0.9998942613601685
851,1,1,4.386953911250657e-09,1.0,2.512746677396649e-09,6.678042147045815e-11
852,0,0,0.7022573351860046,2.8681346520897932e-05,0.005383859388530254,0.2923301160335541
853,1,1,1.7761947674443945e-05,0.9999586343765259,1.5794631735843723e-06,2.204769043601118e-05
854,1,1,5.0275734793103766e-06,0.9999922513961792,1.7602118305148906e-06,8.962520610111824e-07
855,1,1,0.06521276384592056,0.7587008476257324,0.1491474211215973,0.02693895436823368
856,1,1,2.8861526502055312e-09,1.0,5.4304522684178735e-11,2.1327618490718514e-11
857,1,1,0.002884702291339636,0.942520022392273,0.051110778003931046,0.003484544577077031
858,1,1,1.6633349142480824e-09,1.0,6.2620559779236196e-12,8.441453647201058e-10
859,3,3,6.8822038883809e-05,1.571958918589189e-08,3.1523723009740934e-05,0.9998996257781982
860,0,0,0.9999992847442627,7.435062912009016e-07,1.2550598782468114e-08,7.683055081031398e-09
861,2,0,0.7164459824562073,6.702519840473542e-06,0.2835370600223541,1.0237407877866644e-05
862,1,1,5.6264234160607884e-08,1.0,3.92064214427279e-10,2.3363027068512565e-08
863,1,1,1.3763153106083337e-07,0.999945878982544,1.5141259609663393e-05,3.8863745430717245e-05
864,2,3,0.00956949032843113,4.7430643235202297e-07,0.4707159698009491,0.5197140574455261
865,2,2,0.0035331423860043287,2.706428858800791e-06,0.9957868456840515,0.0006773060886189342
866,3,3,0.010822410695254803,8.171899025910534e-06,4.275032551959157e-05,0.9891267418861389
867,2,2,6.305945277063074e-08,4.530840058691865e-08,0.999885082244873,0.0001147975490312092
868,0,0,0.9999659061431885,3.365597513038665e-05,1.856538887068382e-07,1.559196363132287e-07
869,0,0,0.9993336796760559,1.922476258187089e-06,0.0005593473906628788,0.00010501900396775454
870,1,1,9.050983862834983e-06,0.9999909400939941,6.054566847879528e-10,1.8167330972929108e-09
871,1,1,0.003327162703499198,0.996494472026825,3.558479647836066e-06,0.00017483436386100948
872,1,1,1.9592903299781028e-08,1.0,6.704812705038421e-09,1.0409921813447909e-08
873,1,1,0.01367005705833435,0.9767886400222778,0.0008660030434839427,0.008675326593220234
874,1,1,0.0012760148383677006,0.9932186007499695,0.0037154557649046183,0.0017900025704875588
875,1,1,4.680728409311996e-07,0.9999994039535522,7.952584013537489e-08,4.6015404819854666e-08
876,2,0,0.6755692362785339,0.010876059532165527,0.3133431077003479,0.000211529026273638
877,2,3,2.272603794040151e-08,7.01095302702015e-07,0.02094089612364769,0.9790583252906799
878,1,1,6.664205187689731e-08,0.9999995231628418,1.498401935862148e-08,3.741395744327747e-07
879,0,0,0.9999970197677612,4.611341637428268e-07,2.499356696716859e-06,6.28226786147934e-08
880,3,3,6.545013548020506e-06,2.5323737418148085e-07,0.0013793400721624494,0.9986138343811035
881,2,0,0.9588101506233215,0.03728439658880234,0.0024078278802335262,0.0014976771781221032
882,0,0,0.9999023675918579,3.640513386926614e-05,4.886654278379865e-05,1.2370026524877176e-05
883,2,2,1.434497676200408e-06,6.494090598607727e-07,0.9999932050704956,4.759924649988534e-06
884,1,1,0.000732427230104804,0.9992641806602478,3.283918204033398e-06,6.709294808615596e-08
885,1,1,3.8845225702743846e-08,1.0,1.904908053518284e-08,1.022948392659373e-09
886,1,1,2.770985929601011e-07,0.9999997615814209,1.162702201185084e-08,1.0228116131827392e-09
887,2,3,1.7980354414248723e-06,1.296871516842657e-07,0.017026081681251526,0.9829719662666321
888,1,1,1.0232361802309242e-07,0.9999998807907104,3.764182210375111e-08,4.0781444887727503e-10
889,2,2,0.008194842375814915,2.092837712552864e-05,0.8796818852424622,0.11210232973098755
890,2,2,4.644265936804004e-05,4.0149362234842556e-07,0.9999483823776245,4.728024578071199e-06
891,1,1,1.1476868344573177e-08,1.0,2.3568136331419964e-09,6.613535413757532e-11
892,2,3,0.0001231285132234916,2.6615128945195465e-07,0.03137219324707985,0.9685044288635254
893,0,3,0.42880409955978394,0.04765016585588455,0.002892786869779229,0.5206530094146729
894,0,0,0.999998927116394,1.890711809338086e-09,4.357804073151783e-08,1.0807326589201693e-06
895,2,2,2.4049272724369075e-06,5.68224356456426e-09,0.9999868869781494,1.0681356798158959e-05
896,0,0,0.9154416918754578,0.014129585586488247,0.006009002681821585,0.0644197165966034
897,0,0,0.9999984502792358,1.8151517622300162e-07,1.007952743492524e-08,1.3960222986497683e-06
898,0,0,0.9653599262237549,2.6699924546846887e-06,0.03442437946796417,0.00021300461958162487
899,2,2,0.00147044297773391,4.4273128878558055e-05,0.998151957988739,0.0003333096101414412
900,2,2,0.00019909303227905184,3.3422239198444004e-07,0.9991894364356995,0.0006112315459176898
901,1,1,8.286341994789836e-07,0.9999977350234985,9.702564511826495e-07,4.958511681252276e-07
902,2,2,2.305150474057882e-06,1.688436235269819e-08,0.9987107515335083,0.0012870078207924962
903,0,0,1.0,3.501818213180741e-08,1.1005112376949455e-09,4.033880784959365e-09
904,3,3,3.986784122389508e-06,8.038956025302468e-07,0.0002831743040587753,0.9997119307518005
905,1,1,0.005484313238412142,0.9945153594017029,3.7750416126414166e-09,3.4565334772196366e-07
906,2,2,0.002708628075197339,3.893840272439775e-08,0.9936099648475647,0.0036813493352383375
907,2,2,1.0169184179176227e-06,1.8902812826127047e-07,0.9999818801879883,1.6800635421532206e-05
908,0,3,0.3962624669075012,0.00017643031605985016,4.162133700447157e-05,0.6035194396972656
909,2,2,7.07875597072416e-06,5.422671200960849e-09,0.9991757273674011,0.0008172244415618479
910,3,3,9.49462275912083e-07,3.0470494039036566e-07,0.0004147480649407953,0.999583899974823
911,2,2,1.1012953109457158e-05,5.881836129262297e-10,0.9999738931655884,1.5099303709575906e-05
912,3,1,2.8235484705874114e-07,0.9999997615814209,3.804323245315544e-10,6.879823932770535e-10
913,1,1,5.452887990031741e-07,0.9999971389770508,9.987584093096302e-08,2.2851138510304736e-06
914,2,2,2.2337305836117594e-06,5.514962264641099e-09,0.999997615814209,1.4649182844550523e-07
915,0,0,1.0,2.9430866077539974e-10,4.018834154351225e-10,8.777454874042689e-10
916,2,2,9.376658454129938e-07,2.9092164233190942e-09,0.9999638795852661,3.5168272006558254e-05
917,1,1,3.328774482724839e-07,0.9999996423721313,3.1532285671431737e-09,1.4077151888614026e-08
918,0,0,0.9994606375694275,5.814629730593879e-06,7.192386692622676e-05,0.000461629155324772
919,0,0,0.9999922513961792,9.327682732873654e-07,6.789331564505119e-06,3.57788003668702e-08
920,3,3,6.892089731991291e-05,5.068210739977985e-09,0.007784123532474041,0.992146909236908
921,3,3,3.3629485187702812e-06,6.198828117476296e-09,0.0005961747956462204,0.9994004964828491
922,2,2,0.03383385017514229,1.1023587376257638e-06,0.8138756155967712,0.15228942036628723
923,2,2,6.912397907399281e-07,5.152330118107784e-08,0.9999991655349731,2.2473855665339215e-08
924,0,0,0.9999970197677612,2.9548490942943317e-07,4.477831794247322e-07,2.2009153326507658e-06
925,0,1,0.01803676411509514,0.9715102314949036,2.8192267564008944e-05,0.010424809530377388
926,0,0,0.9999934434890747,2.1341155331811024e-07,5.4039537644712254e-06,1.0170377890972304e-06
927,3,3,0.00010664504225132987,5.600657360105288e-08,0.25535956025123596,0.7445337176322937
928,3,3,1.7044824573986261e-07,2.998018544531078e-08,0.0015112924156710505,0.9984885454177856
929,1,1,0.24220116436481476,0.7572333216667175,0.0004832698032259941,8.219265873776749e-05
930,0,2,0.008878725580871105,3.6101951081946027e-06,0.9911066889762878,1.108828655560501e-05
931,2,2,2.5815605113166384e-05,2.0207448869768996e-06,0.9981410503387451,0.0018311009043827653
932,2,2,5.854952541994862e-05,0.0018511811504140496,0.9969854950904846,0.0011047779116779566
933,3,3,0.0007500736392103136,3.201925551366003e-07,0.0071730543859303,0.9920765161514282
934,3,3,2.164888064726256e-05,7.164376256696414e-07,0.006890889722853899,0.9930867552757263
935,1,1,1.873368233873407e-07,0.9999997615814209,6.529536911159539e-09,1.2412119110294384e-09
936,2,2,3.8438589399447665e-05,4.325031852658867e-07,0.9992982149124146,0.0006628386909142137
937,0,0,0.9976267218589783,0.0020435198675841093,9.8336415248923e-05,0.00023141798737924546
938,0,0,0.9504510760307312,0.002091552596539259,0.020165273919701576,0.027292072772979736
939,1,1,1.253744267160073e-05,0.9999874830245972,2.152578781888792e-09,4.08360065762281e-08
940,1,1,1.7726022178976564e-06,0.9999982118606567,3.835339823510253e-10,1.5673794484527548e-09
941,3,3,4.822739356313832e-06,8.410364671362913e-08,0.04249399155378342,0.9575009942054749
942,0,2,0.0023723517078906298,3.387209446259476e-08,0.9924315214157104,0.0051961494609713554
943,1,1,1.7579617406227044e-06,0.9999948740005493,3.30594707520504e-06,9.164105563286284e-08
944,3,3,0.012825856916606426,0.00021262155496515334,0.15400667488574982,0.8329548835754395
945,1,1,1.7808911678685035e-08,1.0,1.3473662463514557e-10,2.3736472856694668e-11
946,3,3,0.014290113002061844,2.832117296236447e-08,1.502165923739085e-05,0.9856948256492615
947,1,1,3.9057034939560253e-08,1.0,9.248097398995014e-09,2.7714344597029594e-08
948,0,0,0.9998099207878113,0.0001899056078400463,3.817370597403169e-08,2.0750717055761925e-07
949,1,1,1.7475909608322127e-09,1.0,1.006208272258391e-08,2.91900281723656e-10
950,2,2,6.642646621912718e-05,7.629774927409017e-07,0.9954635500907898,0.004469219129532576
951,3,2,0.03729011118412018,0.005728832446038723,0.7768019437789917,0.18017913401126862
952,1,1,2.2371727027348243e-05,0.9999758005142212,1.2713184105450637e-06,6.283353854996676e-07
953,2,2,0.00016720315034035593,2.2954438350097917e-08,0.9998241066932678,8.716299817024264e-06
954,3,3,9.973796295525972e-06,2.8415081398946995e-09,0.0006598595064133406,0.9993301630020142
955,2,2,0.029353195801377296,3.3250711073407047e-09,0.9697616696357727,0.000885142246261239
956,3,3,2.2396516214939766e-05,3.5433336620371847e-07,6.423766171792522e-05,0.9999129772186279
957,3,3,1.1236782881951513e-07,1.1809832045628355e-07,0.0038246496114879847,0.9961750507354736
958,0,0,0.9995474219322205,9.850224387264461e-07,0.00044807582162320614,3.557270702003734e-06
959,1,1,2.845416169350301e-08,1.0,4.2401790412149865e-10,4.668542885610805e-09
960,3,3,0.00033881302806548774,4.307003920178687e-10,6.872988160466775e-05,0.9995924830436707
961,0,0,0.9984545707702637,5.305057584337192e-07,9.971640247385949e-05,0.0014451020397245884
962,0,0,0.9999926090240479,1.3004336096855695e-07,3.7191766750765964e-06,3.5110551834804937e-06
963,2,2,0.004400535020977259,7.824935699396462e-10,0.9955951571464539,4.303072728362167e-06
964,2,3,7.344539199038991e-07,1.2710779095925773e-08,0.22484906017780304,0.7751501798629761
965,2,2,9.973790326966991e-08,8.126963102483842e-09,0.9999998807907104,1.0035594577573193e-08
966,1,1,1.1413924028147449e-07,0.9999997615814209,8.044330535028621e-09,9.5648083231481e-08
967,0,1,0.17287558317184448,0.8271201848983765,3.037393071281258e-06,1.1821164207503898e-06
968,3,3,1.059253122548398e-06,2.2625586098001804e-06,0.00030799274099990726,0.9996887445449829
969,3,3,6.1738078329653945e-06,5.341887572285486e-07,0.004334716591984034,0.9956585168838501
970,2,2,8.670302236168936e-07,7.531043344499722e-09,0.999998927116394,2.2839076052605378e-07
971,3,3,5.133805416335235e-07,0.0004954530159011483,0.026746537536382675,0.9727574586868286
972,0,0,0.9999982118606567,3.5900671946365037e-07,1.3675719401362585e-06,6.810700625692334e-08
973,0,0,0.8355844616889954,5.112230428494513e-05,0.000541316403541714,0.1638231724500656
974,1,1,5.598173515863891e-07,0.9999994039535522,4.310047596600697e-10,4.948277787519828e-09
975,1,1,1.1163172075612238e-07,0.9999998807907104,2.3271539362212934e-08,1.8046960592599248e-09
976,3,3,0.0005324792582541704,1.7328748072031885e-06,0.01890925131738186,0.9805564880371094
977,3,3,2.232683982583694e-05,1.0377622317037094e-08,0.00017262496112380177,0.9998050332069397
978,0,0,0.9999921321868896,7.124846490569325e-08,7.621527402079664e-06,1.7228907722710574e-07
979,3,3,9.624565427657217e-05,8.258873549493728e-07,0.00757063552737236,0.9923323392868042
980,2,2,6.006657571333562e-08,9.935008371542153e-09,0.9999991655349731,6.606809961340332e-07
981,3,3,2.209603371738922e-05,5.601382024877921e-09,0.0005086655146442354,0.9994692206382751
982,3,3,4.302127308619674e-06,7.912773547502638e-09,1.8786556665872922e-06,0.9999938011169434
983,1,1,1.2303969015192706e-05,0.9999819993972778,7.576413274534843e-09,5.722455625800649e-06
984,1,1,9.274545300286263e-05,0.9999058246612549,1.2759494438796537e-06,6.388812323621096e-08
985,3,3,7.313149552601317e-08,1.4389428537597837e-09,4.894375251751626e-06,0.9999949932098389
986,0,0,0.9999866485595703,5.763977242168039e-06,6.724991408191272e-07,6.842484253866132e-06
987,0,0,0.9993230104446411,5.271515874483157e-06,1.9054738004342653e-05,0.0006527169607579708
988,3,3,1.766108653100673e-05,1.6724034423987177e-07,1.054918539011851e-05,0.9999716281890869
989,3,3,6.529564302582003e-07,1.7094542670292867e-07,0.0008999677957035601,0.9990992546081543
990,1,1,5.24961251358036e-07,0.9999995231628418,2.311179025937804e-09,6.091395721163906e-10
991,2,2,1.0466934327268973e-05,4.7094644628487004e-08,0.9999890327453613,3.9766794657225546e-07
992,0,0,0.9942458271980286,3.75096860807389e-05,0.005131880287081003,0.0005848624277859926
993,0,0,0.9999960660934448,3.6375588479131693e-06,2.0756202445681993e-07,1.0197326538730067e-08
994,3,3,4.11909013564582e-07,5.033783168073569e-09,0.005978558678179979,0.9940209984779358
995,1,1,2.7632652290776605e-06,0.9999957084655762,1.383282551614684e-06,1.0106302994472571e-07
996,1,1,0.0005948170437477529,0.9994031190872192,5.535591895977632e-08,2.068079766104347e-06
997,1,1,3.843912509182701e-06,0.9999961853027344,6.68642252676932e-09,1.1432097490882143e-09
998,3,3,3.168397029185144e-07,2.3159802253758244e-07,0.019566034898161888,0.9804334044456482
999,0,0,0.9989423155784607,0.0010567613644525409,3.134689450234873e-07,5.917808039157535e-07
1000,2,2,2.770426362985745e-05,5.857211604620716e-09,0.9998730421066284,9.923578181769699e-05
1001,2,2,0.0009982895571738482,0.010308163240551949,0.9516194462776184,0.037074096500873566
1002,3,3,4.033778679968236e-07,2.8224611536842303e-10,2.292445788043551e-05,0.999976634979248
1003,0,0,0.9937772750854492,0.0006508383667096496,0.005008433014154434,0.0005634127301163971
1004,3,3,0.001638250076211989,1.3379974461713573e-07,0.00036922827712260187,0.9979923963546753
1005,3,3,1.2013450032100081e-05,0.003178034909069538,0.0036176112480461597,0.9931923747062683
1006,2,2,0.0011800422798842192,0.00011450322199380025,0.9983578324317932,0.00034760410198941827
1007,1,1,2.3250057434864857e-09,1.0,5.008934933492526e-11,5.2589595872509776e-11
1008,1,1,2.0334107830422e-05,0.9999687671661377,8.083327884378377e-06,2.9145783173589734e-06
1009,3,3,7.442037258442724e-06,4.781503903927842e-08,5.2733234042534605e-05,0.9999397993087769
1010,2,2,1.6651854650717723e-07,2.1651242576581353e-08,0.9999998807907104,7.4311676812044425e-09
1011,3,0,0.5620957016944885,1.8815566704688536e-07,0.18796400725841522,0.24994012713432312
1012,2,2,1.9135288766847225e-06,7.386326217329042e-08,0.9999358654022217,6.210187711985782e-05
1013,3,3,0.0005119050038047135,7.763395615256741e-08,0.0006367332534864545,0.9988511800765991
1014,3,3,6.515172117360635e-07,2.5802798120366788e-08,1.7234371625818312e-05,0.9999821186065674
1015,3,3,1.1476050531200599e-05,3.2465862886965624e-08,0.09555719047784805,0.9044313430786133
1016,1,1,8.165328324594157e-08,0.9999998807907104,2.4686757083003386e-09,2.8920374983698593e-09
1017,0,3,0.0008957780664786696,2.914653691732383e-07,9.057788702193648e-05,0.9990134239196777
1018,2,2,2.8292102797422558e-05,1.8382184663323642e-08,0.9999371767044067,3.454105171840638e-05
1019,3,0,0.8937094211578369,0.05424078553915024,0.000219970679609105,0.05182981118559837
1020,1,1,4.667146811243583e-07,0.9999994039535522,7.593187234533616e-08,3.6646656820238377e-09
1021,0,0,0.9999986886978149,1.148544924944872e-06,1.6141034109296015e-07,2.3780705404874425e-08
1022,3,0,0.891163170337677,0.00010749006469268352,6.01455285504926e-05,0.10866924375295639
1023,2,2,0.010083983652293682,3.688155993586406e-05,0.9897617697715759,0.0001172935517388396
1024,3,3,1.6154133845702745e-05,6.088293247330512e-08,3.315308640594594e-05,0.9999505281448364
1025,2,2,1.513683628218132e-06,9.196328698557465e-10,0.9999984502792358,2.78719571866759e-08
1026,3,3,0.2201489806175232,3.897444003087003e-07,0.06448551267385483,0.7153651118278503
1027,3,3,6.956781817279989e-07,4.525023200585565e-08,0.0016931588761508465,0.998306155204773
1028,0,0,0.9966086149215698,0.003352746833115816,1.7327891328022815e-05,2.132515874109231e-05
1029,2,2,5.814627456857124e-06,3.0910509707382516e-08,0.8322452902793884,0.1677488386631012
1030,2,2,0.0009775992948561907,0.00048741945647634566,0.9974737763404846,0.0010612555779516697
1031,3,3,1.9128241547150537e-05,1.824257367388782e-08,0.014372289180755615,0.9856085777282715
1032,3,3,2.318149017810356e-05,1.681438561718096e-07,5.3139887313591316e-05,0.999923586845398
1033,0,0,0.9999349117279053,3.671306694741361e-05,2.212088929809397e-06,2.609486000437755e-05
1034,1,1,7.165126589825377e-07,0.9999986886978149,2.816660469306953e-07,3.884182149249682e-07
1035,3,3,0.01167133916169405,1.886979362097918e-06,0.00688438955694437,0.981442391872406
1036,2,2,5.3810072131454945e-05,3.407124182785992e-08,0.5482959747314453,0.4516502022743225
1037,3,3,9.409632184542716e-06,4.938074837923523e-08,0.10256437957286835,0.897426187992096
1038,3,3,9.323437552666292e-06,1.04894908758979e-07,5.726104791392572e-05,0.9999332427978516
1039,0,0,0.9989144802093506,2.338098784093745e-05,0.0004620056424755603,0.0006000884459353983
1040,1,1,7.265376552823e-06,0.9998887777328491,1.636909473745618e-05,8.761115168454126e-05
1041,0,0,0.9680340886116028,1.0347119996367837e-06,0.00946489255875349,0.022499965503811836
1042,3,3,5.062168497715902e-07,1.5886281801158475e-07,0.004981375765055418,0.9950180053710938
1043,3,3,0.04826314002275467,1.1251288611902055e-07,0.005697418935596943,0.9460393190383911
1044,2,2,9.810009942157194e-06,2.4589519753703826e-08,0.9999895095825195,7.49046648707008e-07
1045,3,3,2.117599962048189e-07,3.492860445319934e-09,0.000632089504506439,0.9993677735328674
1046,3,3,1.1867690773215145e-05,1.5089045746208285e-07,0.0009859761921688914,0.9990020394325256
1047,0,0,0.9999991655349731,1.3051433711552818e-07,5.493135404321947e-07,7.387582456885866e-08
1048,1,1,6.412961717217058e-09,0.9999998807907104,3.0707653309036687e-08,1.3482586780355632e-07
1049,0,0,0.9999997615814209,6.638639860057083e-09,7.980438709864757e-08,1.363990236313839e-07
1050,2,2,3.295888745924458e-06,4.7332367103081197e-05,0.9770908355712891,0.0228586345911026
1051,2,3,1.5858313417993486e-07,2.6636067573804212e-08,0.0005773208104074001,0.999422550201416
1052,0,0,0.8581072092056274,2.292473982379306e-05,0.1389932930469513,0.0028766407631337643
1053,0,3,0.41053488850593567,0.00044682249426841736,0.008392625488340855,0.5806256532669067
1054,1,1,0.0002059213147731498,0.9992075562477112,0.0005742662469856441,1.2303742551011965e-05
1055,1,1,5.663876549988345e-07,0.9999994039535522,4.366959061030684e-08,1.0456958854376808e-08
1056,1,1,0.0011684226337820292,0.9977017045021057,4.365466156741604e-05,0.0010862245690077543
1057,3,3,0.002818581648170948,1.6134130191858276e-06,0.021281015127897263,0.9758987426757812
1058,0,0,0.9999998807907104,6.980913269671873e-08,9.576957005208442e-10,1.3366366902189952e-09
1059,3,3,5.349544153432362e-06,3.5998020564420585e-08,0.0022170180454850197,0.9977776408195496
1060,1,1,7.80901827965863e-05,0.9999219179153442,8.80798367575153e-09,7.623111031307417e-09
1061,0,0,0.9992062449455261,1.504922784079099e-05,0.0007525882101617754,2.6209951101918705e-05
1062,2,3,1.853433968790341e-05,0.04655857011675835,0.00015659430937375873,0.9532662630081177
1063,2,2,4.994857226847671e-05,1.226936205966922e-07,0.9976258873939514,0.0023240132723003626
1064,0,0,1.0,5.314019002611303e-09,3.740341369962152e-09,1.8101568022288461e-09
1065,0,0,0.9425774812698364,7.774688128847629e-07,0.0005921022966504097,0.056829508394002914
1066,3,3,0.01181179378181696,4.640134942945906e-09,0.0289378110319376,0.9592503905296326
1067,3,3,0.04650675505399704,1.0223925528407563e-06,0.00010556731285760179,0.953386664390564
1068,2,2,2.7559684895095415e-05,8.194747351808473e-07,0.8950636386871338,0.10490802675485611
1069,1,1,4.751588988938238e-08,1.0,1.3369937379437147e-09,3.3324696335768067e-09
1070,3,3,4.497077043197351e-06,2.019610434444985e-08,0.008506597951054573,0.9914889335632324
1071,3,3,2.9687680580536835e-05,1.4073069820597084e-08,0.00012715390766970813,0.9998431205749512
1072,3,3,0.0006496116402558982,1.2705485232800129e-06,8.09876510174945e-05,0.999268114566803
1073,3,3,0.00029670068761333823,0.031044602394104004,0.026932427659630775,0.9417262077331543
1074,3,2,1.2923733265779447e-05,2.725785407164949e-06,0.7080977559089661,0.29188665747642517
1075,3,3,0.0002328810514882207,2.547200210756273e-07,0.00018373857892584056,0.9995831847190857
1076,3,3,1.548250239125082e-08,9.361390773676703e-09,0.0002484239812474698,0.9997515082359314
1077,2,2,4.5399204395835113e-07,1.1010643091724504e-10,0.9999994039535522,6.240864536266599e-08
1078,3,3,6.676165412500268e-06,1.7830775078664374e-08,0.00039897000533528626,0.9995943903923035
1079,3,3,6.20073251411668e-06,7.829714832041645e-07,0.1889258325099945,0.8110672235488892
1080,0,1,0.25378093123435974,0.7459233999252319,6.0383204981917515e-05,0.0002352737938053906
1081,1,1,2.7552729079616256e-05,0.9999721050262451,2.0555411595069017e-07,1.0197300781555896e-07
1082,1,1,2.153631868395678e-07,0.9999997615814209,1.2195966014871829e-08,1.3339017890245941e-08
1083,2,2,2.0358689653221518e-05,9.761803809738012e-09,0.9999783039093018,1.3239246072771493e-06
1084,2,0,0.9970442652702332,6.476931957877241e-06,0.0029312625993043184,1.7972854038816877e-05
1085,3,3,1.1978809197898954e-06,1.836699681234677e-09,0.0001134001140599139,0.9998854398727417
1086,3,3,2.5749127416929696e-06,8.026172793051956e-08,6.811371713411063e-05,0.9999291896820068
1087,3,2,2.8759264750988223e-05,1.1294972637188039e-06,0.737885594367981,0.2620844841003418
1088,3,3,5.078479716758011e-07,7.716469130336634e-10,0.00017473191837780178,0.9998248219490051
1089,3,3,6.708155524393078e-07,2.0877803308394505e-06,0.0006020009168423712,0.9993951320648193
1090,0,0,0.999509334564209,6.313863565310385e-08,7.115216249076184e-06,0.0004834493447560817
1091,0,0,0.9999949932098389,4.13238495866608e-07,4.17801720686839e-06,3.648660822364036e-07
1092,0,0,0.9960337281227112,5.067355459686951e-07,5.603388854069635e-05,0.003909663297235966
1093,2,2,0.0031139985658228397,8.402072921853687e-07,0.9968379735946655,4.720085780718364e-05
1094,2,2,0.03195986896753311,9.982856681745034e-06,0.9673461318016052,0.0006839532288722694
1095,0,0,0.9993569254875183,1.0845886890820111e-06,3.865974213113077e-05,0.0006032257224433124
1096,0,0,0.999921441078186,2.5707206077640876e-05,9.030650289787445e-07,5.185040572541766e-05
1097,2,2,1.1912905392819084e-05,2.6316124834835364e-09,0.9999880790710449,4.2477175554722635e-08
1098,3,1,0.0031724723521620035,0.9967986345291138,5.394786512624705e-06,2.3470631276722997e-05
1099,2,2,1.8942185420200985e-07,1.9975401244209934e-07,0.9999854564666748,1.4068276868783869e-05
1100,0,0,0.9489487409591675,7.887188985478133e-06,4.1645987948868424e-05,0.05100172758102417
1101,2,3,0.0001184971333714202,2.0449384464882314e-05,0.0070771812461316586,0.9927839040756226
1102,1,1,7.963425474599717e-08,0.9999998807907104,2.547352018211768e-08,2.4921043006997934e-08
1103,2,2,0.00041011208668351173,1.1849867860291852e-06,0.9993582367897034,0.00023055872588884085
1104,3,3,6.955374374228995e-07,1.76603598411873e-09,9.541116014588624e-06,0.9999897480010986
1105,0,0,0.9999970197677612,1.181444986286806e-06,1.1043313179470715e-06,6.982660920584749e-07
1106,3,3,0.0025468911044299603,1.7491917247980382e-08,0.048850540071725845,0.948602557182312
1107,3,3,5.599069027084624e-06,9.865536299002997e-08,9.299399243900552e-05,0.999901294708252
1108,3,3,4.129144144826569e-05,0.0006613552686758339,0.005603083875030279,0.9936942458152771
1109,0,0,0.9999992847442627,3.7477587966350256e-07,6.897000304206813e-08,1.864983971699985e-07
1110,2,0,0.9196221232414246,1.5206842363113537e-07,0.08024705201387405,0.0001305850310018286
1111,2,2,1.0360707847212325e-06,6.96979114422902e-08,0.9946698546409607,0.005329018458724022
1112,1,1,2.0545792267512297e-06,0.9999966621398926,4.803007414011518e-07,7.861378321649681e-07
1113,1,1,5.317167961038649e-06,0.999993085861206,1.5553705452475697e-06,1.6307918571101254e-08
1114,1,1,1.9100486952083884e-06,0.9999979734420776,5.6578894458425566e-08,9.076737228497223e-08
1115,2,2,0.000676067138556391,1.9260386618924485e-09,0.9984943866729736,0.0008294731378555298
1116,2,2,1.0908860531344544e-05,2.233544016405631e-09,0.9999881982803345,7.751975772407604e-07
1117,0,0,0.9667896032333374,1.1763021575461607e-05,0.03300664201378822,0.00019200757378712296
1118,3,3,2.5954466309485724e-07,2.4620565142186024e-08,0.028845656663179398,0.9711541533470154
1119,3,3,4.5114046542948927e-07,5.835659067088272e-07,0.004063501488417387,0.9959354400634766
1120,1,1,2.4749051590333693e-06,0.999995231628418,2.277329485877999e-06,2.5186329466464485e-08
1121,0,0,0.9925829172134399,2.184089797907518e-09,0.007188542280346155,0.00022861442994326353
1122,2,2,1.4744784948561573e-07,2.227560713663479e-08,0.9999983310699463,1.5286021834981511e-06
1123,2,2,0.020037159323692322,1.947406360613968e-07,0.9788753986358643,0.0010872944258153439
1124,2,3,7.834966527298093e-05,2.8267988838592828e-08,0.16963231563568115,0.8302893042564392
1125,3,3,2.9272573556227144e-06,9.312723037169235e-09,0.010936527512967587,0.9890605211257935
1126,2,2,0.010955842211842537,1.8575182139102253e-06,0.9636927247047424,0.025349583476781845
1127,3,3,0.0001441362692276016,3.414829734538216e-07,0.014558880589902401,0.9852966666221619
1128,1,1,2.2424724477332347e-07,0.9999997615814209,4.699612365932637e-10,9.320357818864977e-10
1129,1,1,2.1060093047253758e-07,0.9999997615814209,4.3626542378660815e-09,6.906737404221985e-10
1130,0,0,1.0,5.852806239659003e-09,1.0846149672838479e-10,1.4590789909618707e-08
1131,2,2,4.75831693620421e-05,3.3001353472172923e-07,0.9956333041191101,0.004318698309361935
1132,3,3,8.958223247645947e-07,6.68913031631746e-08,8.866709686117247e-05,0.9999103546142578
1133,1,1,2.0191042438000295e-07,0.9999997615814209,3.556219763112267e-10,1.7911707672624289e-09
1134,0,0,0.9924712181091309,3.6487088550529734e-07,0.0012188769178465009,0.006309568881988525
1135,1,1,4.2875680605902744e-07,0.9999995231628418,8.009239493844689e-09,9.440952020156601e-09
1136,0,0,0.9999866485595703,1.3086019862385001e-05,1.5962289978688204e-07,1.9883643176399346e-07
1137,1,1,9.102583575781864e-09,1.0,1.2893973888594701e-08,2.176090418970489e-09
1138,1,1,4.2379480191812036e-07,0.9999995231628418,2.531343668010777e-08,9.06814123791122e-10
1139,0,0,0.9538705945014954,0.045305121690034866,0.000822482630610466,1.8253814459967543e-06
1140,3,3,1.2364916074147914e-05,0.0036733699962496758,0.010457124561071396,0.9858571290969849
1141,1,0,0.8407795429229736,0.15920816361904144,1.071396854968043e-05,1.5850799854888464e-06
1142,0,0,0.9765915870666504,0.0024630248080939054,0.019078757613897324,0.0018666698597371578
1143,2,2,1.727228919889967e-07,1.2303114083067612e-08,0.8641180396080017,0.1358817219734192
1144,1,1,0.0002429554151603952,0.9997569918632507,5.7851772261585666e-09,3.826081229618694e-09
1145,1,1,0.00019202828116249293,0.9997941851615906,6.4943374127324205e-06,7.2305588219023775e-06
1146,0,0,0.9999980926513672,1.7290052483076579e-06,8.778150828447906e-08,1.2721751652122748e-08
1147,1,1,1.1543879736564122e-05,0.9994937181472778,1.394381115460419e-06,0.000493302009999752
1148,0,0,0.9999701976776123,3.740064357771189e-06,2.4829509129631333e-05,1.3073810123387375e-06
1149,0,0,0.9989156723022461,0.0009335728827863932,0.00012717669596895576,2.360258440603502e-05
1150,0,0,0.9998610019683838,7.660530343400751e-08,2.8457359803724103e-05,0.00011037127114832401
1151,2,2,0.0004910939605906606,6.236161880224245e-07,0.9962632060050964,0.0032450987491756678
1152,1,1,2.3511557856181753e-07,0.9999997615814209,3.0836233566589044e-09,4.77915262919737e-09
1153,1,1,0.03249375894665718,0.9623966217041016,0.005089395679533482,2.0182162188575603e-05
1154,3,3,1.2410393537720665e-05,2.6331872504670173e-07,0.029157595708966255,0.9708297848701477
1155,2,2,0.00013144018885213882,2.288384415294331e-08,0.9728186130523682,0.02704997919499874
1156,0,0,0.999991774559021,5.63196351777151e-07,6.500485142169055e-06,1.094336425921938e-06
1157,1,1,8.820279049359669e-07,0.9999978542327881,1.6483470233197295e-07,1.123647962231189e-06
1158,1,1,3.346502808199148e-08,0.9999997615814209,1.6997665852613864e-07,1.0456798760216657e-09
1159,1,1,8.946333451831379e-08,0.9999998807907104,2.0107117360002036e-10,7.446757654960834e-10
1160,2,2,4.876900675299112e-06,1.8791756417613215e-07,0.790942370891571,0.20905256271362305
1161,1,1,6.936131171642046e-07,0.9999887943267822,1.0152340109925717e-05,3.134088046863326e-07
1162,3,3,1.8528309738030657e-05,1.8269517454427842e-07,0.007554306648671627,0.9924269914627075
1163,2,2,0.00048001258983276784,8.50872675073333e-06,0.999488115310669,2.3337499442277476e-05
1164,2,2,0.032820023596286774,5.110321126267081e-07,0.9390235543251038,0.02815590612590313
1165,2,2,0.0019939395133405924,4.214910234168201e-07,0.9980000853538513,5.469149073178414e-06
1166,2,2,1.8652367828053684e-07,1.239037374034524e-06,0.999997615814209,9.310082305091782e-07
1167,3,3,6.898553237988381e-06,6.387062398971466e-07,0.003618196351453662,0.9963743090629578
1168,0,0,0.4935019314289093,5.871127541468013e-06,0.47105810046195984,0.03543411195278168
1169,1,1,4.924161771668878e-07,0.9999994039535522,1.3205195159571304e-07,1.133849569789902e-09
1170,1,1,2.80979264744019e-07,0.9999997615814209,5.347455811488544e-10,2.077259697585987e-09
1171,1,1,4.5592196329380386e-06,0.999994158744812,9.475539286540879e-07,3.680789859572542e-07
1172,1,1,2.2691217793635587e-08,1.0,1.9215034008368548e-09,2.0695926750136096e-08
1173,0,0,0.996636152267456,0.00024451108765788376,0.002509010024368763,0.0006102836923673749
1174,1,1,1.618884368781437e-07,0.9999998807907104,9.929370214933897e-09,4.116693119726733e-08
1175,1,1,8.571733633289114e-05,0.9994668364524841,0.0003155881422571838,0.00013187226431909949
1176,1,1,0.0016520132776349783,0.9983383417129517,7.676254426769447e-06,1.902201802295167e-06
1177,2,2,0.0010533025488257408,0.001999566098675132,0.9947406649589539,0.00220657791942358
1178,2,2,2.123266767739551e-06,1.2258333299541846e-05,0.6227160096168518,0.37726959586143494
1179,1,1,4.3585137632362603e-07,0.9999963045120239,9.00169425221975e-07,2.4363685042771976e-06
1180,0,0,0.9999985694885254,2.8490342529607915e-08,2.878032034914213e-07,1.1869726677105064e-06
1181,1,1,1.4746129295417632e-07,0.9999998807907104,2.0264415923065826e-08,8.906471116176817e-09
1182,3,3,5.5857308325357735e-06,3.005672851941199e-06,0.013714472763240337,0.9862768650054932
1183,3,3,4.421163339429768e-06,4.592221047872158e-10,0.012135336175560951,0.9878602623939514
1184,1,1,6.340613936117734e-07,0.9999990463256836,2.629589062053128e-07,1.2207500788008474e-08
1185,0,0,0.9999980926513672,6.363872984138652e-08,8.234520976202475e-08,1.6732989251977415e-06
1186,0,0,0.9999990463256836,7.547033646915224e-07,1.3663417064435635e-07,2.91227930659943e-08
1187,3,3,5.853261245647445e-05,3.1861462357340997e-09,0.02536625787615776,0.9745751619338989
1188,2,2,2.1562476831604727e-05,1.0530826877186428e-08,0.999971866607666,6.603244401048869e-06
1189,0,0,0.9999916553497314,7.318672942346893e-06,9.156358373729745e-07,7.999545914572082e-08
1190,3,3,3.686965283122845e-05,6.48965351501829e-06,1.615762448636815e-05,0.9999405145645142
1191,0,0,0.9998999834060669,9.096657649365625e-09,9.257611964130774e-05,7.396768523904029e-06
1192,1,1,3.089675374212675e-05,0.9999634027481079,5.692836566595361e-06,2.1242023251488718e-08
1193,1,1,3.378616497684561e-07,0.9999996423721313,1.0270732042627628e-09,2.0149883150910597e-10
1194,1,1,4.5310400309972465e-05,0.9998341798782349,1.4379092135641258e-05,0.00010608167212922126
1195,0,0,0.9999862909317017,1.803592795113218e-07,6.357714028126793e-06,7.205945166788297e-06
1196,0,0,0.9999992847442627,2.96659067089422e-07,3.717174790196509e-09,4.1899394886968366e-07
1197,2,0,0.9543722867965698,5.0389484385959804e-05,0.0017648169305175543,0.04381256923079491
1198,1,1,1.9951692138420185e-06,0.9999979734420776,3.871110543229861e-09,4.22203116912101e-09
1199,0,0,0.9999626874923706,8.64795219968073e-06,2.8416778150130995e-05,3.159508423777879e-07
1200,0,0,0.9736546277999878,0.025226080790162086,0.001111874240450561,7.5188659138802905e-06
1201,1,1,1.1735713201233011e-07,0.9999998807907104,3.6290934146698817e-10,3.369862611179997e-08
1202,1,1,2.041414063569391e-06,0.9999979734420776,1.4208896281786565e-09,1.9413628482567447e-09
1203,1,1,0.0026058645453304052,0.9973921775817871,4.6346183779633066e-08,1.878620651041274e-06
1204,2,0,0.6277464032173157,0.00029594992520287633,0.14909449219703674,0.222863107919693
1205,0,0,0.999672532081604,0.0001455176534364,0.00017826849943958223,3.6655562780651962e-06
1206,1,1,1.8425961911816557e-07,0.9999997615814209,1.2996648202090455e-10,7.246667155236253e-10
1207,0,0,0.9999994039535522,3.3423822287659277e-07,2.6102375372261122e-08,2.538612022817688e-07
1208,1,1,0.0008697507437318563,0.9547367095947266,4.149128471908625e-06,0.044389430433511734
1209,2,2,0.00032586828456260264,1.7354480519315985e-08,0.9996416568756104,3.2435604225611314e-05
1210,2,3,0.001634074142202735,0.0011133304797112942,0.15797138214111328,0.8392812013626099
1211,3,3,0.00028470170218497515,4.618996740646253e-08,0.001377487787976861,0.9983377456665039
1212,1,1,0.003867366584017873,0.9959237575531006,0.00011352780711604282,9.529396629659459e-05
1213,0,0,0.9996356964111328,7.626884325873107e-05,0.00022138898202683777,6.657408812316135e-05
1214,2,2,0.0015000239945948124,1.9076975149801e-05,0.9982170462608337,0.0002637526486068964
1215,0,0,0.9999885559082031,1.4283854454788525e-07,1.1236863429076038e-05,7.165051130186839e-08
1216,1,1,1.457413389971407e-07,0.9999768733978271,2.259243956359569e-05,3.26675717587932e-07
1217,1,1,9.381952281728445e-07,0.9999990463256836,3.746156718165139e-09,8.973022325164948e-11
1218,1,1,5.755388610140244e-09,1.0,7.235775090208563e-09,1.2122415571358403e-10
1219,2,2,4.966235428582877e-05,2.678188781857216e-09,0.9996488094329834,0.00030144458287395537
1220,0,0,0.9977405071258545,8.87194892129628e-06,0.001348976162262261,0.0009016163530759513
1221,2,2,1.9191051251254976e-05,0.0033104598987847567,0.9964381456375122,0.0002322089858353138
1222,0,0,0.9999977350234985,8.235402333411912e-07,1.289030592488416e-06,1.406575194096149e-07
1223,2,2,0.024350007995963097,6.655457696069789e-08,0.9755839109420776,6.602370558539405e-05
1224,0,0,0.9999998807907104,4.845632783911924e-10,1.208461810620065e-07,2.5764062883126826e-08
1225,0,0,0.8733447194099426,0.0970262661576271,0.00047832727432250977,0.02915067970752716
1226,3,3,4.585355782182887e-05,3.853704022560578e-09,0.00011979465489275753,0.9998342990875244
1227,0,0,0.9999997615814209,7.241237054422811e-10,1.3068193993603927e-07,9.000897449595868e-08
1228,1,1,0.0003464671899564564,0.9996534585952759,1.0439997311095794e-07,3.4082661137802006e-09
1229,2,2,0.01809125952422619,1.9027647795155644e-05,0.8526827692985535,0.12920688092708588
1230,3,3,3.0550182827937533e-07,5.95823564708553e-07,2.076973396469839e-05,0.9999783039093018
1231,3,3,7.750494842184708e-05,0.0012792531633749604,0.0012041591107845306,0.9974390268325806
1232,1,1,3.593106521293521e-05,0.9997286200523376,0.0001573399786138907,7.809222006471828e-05
1233,2,2,0.0003566095547284931,8.602584102845867e-07,0.999142050743103,0.0005004075355827808
1234,3,3,0.11334483325481415,2.2124394760680843e-08,0.0001954606268554926,0.8864597082138062
1235,2,2,0.0002606562338769436,3.103746593069445e-08,0.9996832609176636,5.60445841983892e-05
1236,3,3,4.993119546270464e-06,3.340777254834393e-08,0.0017326603410765529,0.998262345790863
1237,3,3,0.06133327633142471,0.00018696690676733851,0.000863335735630244,0.9376163482666016
1238,1,1,6.074001390743433e-08,0.9999998807907104,2.1863870713900724e-09,7.918912747761908e-11
1239,0,0,1.0,2.2278236144757102e-08,2.859807501920386e-08,3.72217385802287e-08
1240,2,2,0.00025555415777489543,1.4975489648350049e-06,0.9992958307266235,0.0004471284046303481
1241,2,2,2.352164483454544e-05,2.079770524687774e-07,0.9999717473983765,4.5124056669010315e-06
1242,3,3,9.495132076153823e-07,8.69181793206053e-09,3.9095493775676005e-06,0.9999951124191284
1243,2,2,1.708522904664278e-05,5.0195736456259965e-09,0.9999805688858032,2.3339571271208115e-06
1244,1,1,6.579563205377781e-07,0.9999988079071045,3.7332560509639734e-07,6.552590292585592e-08
1245,0,0,0.9996091723442078,3.111903623675971e-08,8.620727021479979e-05,0.0003046802885364741
1246,1,1,5.386433258536272e-06,0.9999208450317383,4.7934463509591296e-05,2.584546382422559e-05
1247,1,1,4.163811536272988e-05,0.9999291896820068,2.9113476557540707e-05,2.4744752025185335e-08
1248,2,2,8.206063284887932e-06,1.7389731965522515e-06,0.9964233040809631,0.0035667805932462215
1249,1,1,0.0012528265360742807,0.9405792951583862,0.056890275329351425,0.0012776348739862442
1250,1,1,0.0007384877535514534,0.9992092251777649,5.131395664648153e-05,9.88986244010448e-07
1251,0,2,0.4328000545501709,0.00020705455972347409,0.5664931535720825,0.0004997291252948344
1252,2,2,0.00010586039570625871,6.371249583025929e-06,0.9447296857833862,0.05515804886817932
1253,2,2,0.0001675523817539215,4.67900372314034e-06,0.9993901252746582,0.0004377122095320374
1254,2,2,0.0010242643766105175,2.1397845273440907e-07,0.9989656209945679,9.964074706658721e-06
1255,0,0,0.997875452041626,5.47370218555443e-05,0.00011549378541531041,0.001954273320734501
1256,0,0,0.9999934434890747,8.75052208471061e-09,3.8966600186540745e-06,2.585975153124309e-06
1257,3,3,4.1504608816467226e-06,2.772971754438913e-07,8.62969973240979e-05,0.9999092817306519
1258,2,2,0.40702012181282043,0.001314879977144301,0.5915341377258301,0.00013087611296214163
1259,1,1,6.394932370312745e-06,0.9999924898147583,2.7215381237510883e-07,7.943747846184124e-07
1260,1,1,1.5652108942276755e-08,0.9999998807907104,4.790445018443279e-08,1.2911321789488284e-08
1261,1,1,6.2437406995741185e-06,0.9999938011169434,2.154406791854413e-10,3.334519882436382e-10
1262,3,3,3.705732160597108e-05,4.803906904271571e-06,0.25545620918273926,0.7445019483566284
1263,0,0,0.9999947547912598,4.1345998624819913e-07,1.6886749563127523e-06,3.162773964504595e-06
1264,0,0,0.9999737739562988,3.123822267525611e-08,1.614406573935412e-05,1.0076574653794523e-05
1265,3,3,2.0156969185336493e-05,9.10025566014383e-09,0.0004510421713348478,0.9995287656784058
1266,0,0,0.999977707862854,1.1589299901970662e-05,1.0002345334214624e-05,6.740701223861834e-07
1267,1,1,0.005967498291283846,0.9940203428268433,8.815980436338577e-06,3.2991044918162515e-06
1268,3,3,2.16201751754852e-05,1.3325788472684508e-07,0.16849248111248016,0.8314857482910156
1269,3,0,0.9999994039535522,3.90433655184097e-07,2.9138934110051196e-07,1.8966156645205956e-08
1270,2,2,4.391979018691927e-06,4.243915100232698e-05,0.9999264478683472,2.6731549951364286e-05
1271,1,1,1.4443202417169232e-05,0.999984622001648,2.815009736423235e-07,6.518059763038764e-07
1272,0,0,0.9960492253303528,0.0021983233746141195,3.268453656346537e-05,0.0017198584973812103
1273,2,2,0.11202651262283325,0.0006402666913345456,0.6111347675323486,0.2761984169483185
1274,2,2,0.00018009963969234377,0.0033655769657343626,0.9773375988006592,0.019116627052426338
1275,2,2,2.146601673302939e-06,2.1573367092742046e-08,0.9999977350234985,1.3074887306174787e-07
1276,1,1,2.2230102203479873e-08,1.0,4.108170748029494e-10,1.7312935807201058e-10
1277,2,2,0.00014386548718903214,6.419918463507202e-08,0.9989001750946045,0.0009559537284076214
1278,0,0,0.9999881982803345,4.930459454044467e-07,1.138929974331404e-06,1.0134379408555105e-05
1279,2,2,0.004720224067568779,7.916444246802712e-07,0.9935784339904785,0.0017005710396915674
1280,3,2,3.452888995525427e-05,1.4698597894380327e-09,0.986253559589386,0.013711911626160145
1281,1,1,1.2264512406545691e-05,0.9999877214431763,1.505476521224125e-09,6.086896264800856e-11
1282,1,1,1.4148697857763182e-07,0.9999998807907104,1.3680711674624035e-08,6.2876166495584584e-09
1283,1,1,1.4592266062152248e-08,1.0,5.211233111701574e-10,1.0848053705325711e-10
1284,1,1,4.6946524889790453e-07,0.9999990463256836,1.1883702910608918e-07,3.040922820218839e-07
1285,3,3,5.062769332653261e-07,5.404047342949525e-08,0.0004653709474951029,0.9995341300964355
1286,2,2,5.2778541430598125e-05,1.0193708988026629e-07,0.999930739402771,1.6293899534502998e-05
1287,1,1,4.6070553594290686e-07,0.9999969005584717,2.620269924591412e-06,1.161008089667348e-08
1288,1,1,6.007808224239852e-07,0.9999994039535522,4.227080907526215e-09,2.575584368003092e-08
1289,2,0,0.44425252079963684,0.00018397971871308982,0.3092387318611145,0.2463248074054718
1290,0,0,0.9996365308761597,0.00012930089724250138,0.00019673358474392444,3.7402878660941496e-05
1291,2,2,1.854163929237984e-05,3.313981622454776e-08,0.6557709574699402,0.3442104160785675
1292,3,0,0.43566304445266724,2.6852861992665567e-05,0.36851346492767334,0.1957966834306717
1293,2,2,6.00770454184385e-06,3.140727855566183e-08,0.9999635219573975,3.054329499718733e-05
1294,3,3,4.337121936259791e-05,4.1377208326309756e-09,0.001090016565285623,0.9988666772842407
1295,2,2,0.00034813795355148613,0.0007461634813807905,0.9989023208618164,3.349231519678142e-06
1296,2,0,0.9998852014541626,5.3962394304107875e-05,5.789032729808241e-05,2.9249849831103347e-06
1297,3,3,9.247261914424598e-05,3.1909686981634877e-07,0.13673938810825348,0.8631678819656372
1298,0,0,0.9999971389770508,1.147000161516587e-09,4.755848124204931e-07,2.3558013708679937e-06
1299,0,0,1.0,3.086070010649422e-10,1.8223708653231085e-10,7.41871286624729e-11
1300,0,0,0.9999649524688721,3.4900054743047804e-05,1.0554890650382731e-07,1.0212657386432511e-08
1301,3,3,0.003096443833783269,0.0322931669652462,0.005242751911282539,0.9593676328659058
1302,1,1,7.885634840931743e-05,0.9999207258224487,3.830682260286267e-08,2.9903188192292873e-07
1303,0,0,0.9992826581001282,0.0002878418017644435,0.00040228402940556407,2.7242273063166067e-05
1304,1,1,3.299648597021587e-06,0.9999942779541016,2.2749595700588543e-06,6.499509197510633e-08
1305,2,2,3.4863735436374554e-06,6.723531731367416e-10,0.9999675750732422,2.8917735107825138e-05
1306,0,0,0.9999905824661255,1.0240851722187472e-08,8.582341251894832e-06,8.150257144734496e-07
1307,3,3,0.0006806357996538281,9.728458280733321e-06,0.00011063773126807064,0.9991989731788635
1308,0,0,0.8136211037635803,5.595042239292525e-06,0.17417728900909424,0.012196014635264874
1309,1,1,8.204698360714247e-07,0.9999990463256836,1.544067806946714e-08,1.368179027849692e-07
1310,2,2,6.193329318193719e-05,1.9893903413503722e-08,0.9999240636825562,1.394181526848115e-05
1311,2,2,0.0033208527602255344,6.493705313914688e-06,0.9708865284919739,0.025786135345697403
1312,2,2,0.0013575514312833548,0.004866117611527443,0.505695641040802,0.4880806803703308
1313,0,0,0.9047520160675049,0.0930081456899643,0.0009006124455481768,0.0013393016997724771
1314,3,3,6.727086798719029e-08,7.683044600526046e-08,0.004613200668245554,0.9953866600990295
1315,3,3,7.543060860371043e-07,9.962677349761861e-10,5.130069439474028e-06,0.999994158744812
1316,0,0,1.0,7.243190047745429e-09,1.57213975171544e-09,7.938411039631887e-10
1317,1,3,0.06822666525840759,4.375162097858265e-05,0.04469335451722145,0.8870362043380737
1318,2,2,2.2709887161909137e-06,6.336734248435505e-09,0.9999973773956299,2.9183036076574354e-07
1319,2,2,7.750545773888007e-05,3.0629396405856824e-06,0.9998112320899963,0.00010823790944414213
1320,1,1,2.3000076510015788e-07,0.9999997615814209,5.093064103789402e-08,5.755669829632382e-10
1321,2,2,0.003238739911466837,0.00013635407958645374,0.9961599111557007,0.00046496742288582027
1322,1,1,1.811470262680359e-08,1.0,4.671800724054265e-10,8.14180722841229e-10
1323,3,3,0.003275115741416812,3.210058707736607e-08,0.0005407545249909163,0.9961841702461243
1324,2,2,0.0002561452565714717,3.1735978609503945e-06,0.9993230104446411,0.0004177282680757344
1325,3,3,3.2245525289908983e-06,3.673944593174383e-05,0.0003816112002823502,0.9995784163475037
1326,3,3,0.00012964701454620808,7.340426488866569e-09,0.039476651698350906,0.9603937268257141
1327,1,1,4.555430166419683e-07,0.9999995231628418,1.2965015727672835e-08,1.944898020411756e-09
1328,1,1,1.1962170276547113e-07,0.9999998807907104,2.4870055667647328e-11,5.299409799874866e-10
1329,0,0,0.9999943971633911,5.544680789171252e-06,6.105465466532678e-09,1.0953003481972701e-07
1330,2,2,0.0006285753916017711,9.383638754911772e-09,0.9993712306022644,2.7177497941011097e-07
1331,3,3,2.3010088625596836e-06,7.576139160470063e-10,0.007318253628909588,0.9926794767379761
1332,3,3,9.272635907109361e-06,9.629521180443135e-09,0.001744971377775073,0.9982457160949707
1333,3,3,0.03843778371810913,3.749261168195517e-07,6.148820102680475e-05,0.961500346660614
1334,2,2,5.562405931414105e-05,8.981865562418534e-08,0.9997027516365051,0.00024143308110069484
1335,2,2,1.9687069652718492e-05,5.293384219839936e-08,0.9985380172729492,0.0014422432286664844
1336,2,2,1.4968948107707547e-06,2.28836363191931e-08,0.9999983310699463,1.1495379226289515e-07
1337,2,2,3.451630732342892e-07,8.253864507423714e-07,0.9999949932098389,3.831091362371808e-06
1338,0,0,0.9999995231628418,6.124196261225734e-08,3.013582627886535e-08,4.596253972977138e-07
1339,0,0,0.9999951124191284,2.175970053031051e-07,3.080646422404243e-07,4.281152996554738e-06
1340,1,2,0.00018079292203765363,0.005717843305319548,0.9780431985855103,0.01605808734893799
1341,2,2,0.008957267738878727,0.012175948359072208,0.9517769813537598,0.027089815586805344
1342,1,1,2.1839450710103847e-05,0.9999760389328003,2.115098368449253e-06,3.4423592865096e-08
1343,3,3,0.00010879698675125837,1.7176776623273327e-07,0.023209603503346443,0.9766814708709717
1344,2,2,0.0001149418530985713,1.08926917619101e-06,0.9995669722557068,0.00031692246557213366
1345,3,3,0.001723560388199985,3.4172558116551954e-08,0.004093957133591175,0.9941825270652771
1346,3,3,3.9792812458472326e-05,1.517764189884474e-06,2.1353494958020747e-05,0.9999372959136963
1347,2,2,1.1502225788717624e-05,5.363091304388945e-09,0.9999796152114868,8.880775567376986e-06
1348,1,1,9.390858031110838e-05,0.9612163305282593,0.018131034448742867,0.020558811724185944
1349,3,3,6.746930739609525e-05,1.1926463150402355e-09,0.0003204401000402868,0.9996121525764465
1350,3,3,0.00024146624491550028,9.923661309585441e-06,0.11478374898433685,0.8849648237228394
1351,1,1,8.270264970633434e-07,0.9999991655349731,1.0009378215158904e-08,1.4506281509341079e-08
1352,0,0,0.9999902248382568,3.986439196523861e-07,7.350095984293148e-06,1.9608885395427933e-06
1353,1,1,4.7272808956222434e-07,0.9999995231628418,1.029958784926066e-09,1.046653319569657e-09
1354,3,3,2.2288454601948615e-06,0.0010642800480127335,0.0004907841794192791,0.9984427094459534
1355,2,2,9.451575897401199e-05,1.1568318768695462e-05,0.9998899698257446,3.920697054127231e-06
1356,1,1,2.4352284633266663e-09,1.0,6.814127484489063e-09,1.9920198823797364e-09
1357,2,2,0.0030290512368083,7.2054997524162445e-09,0.9969447255134583,2.6225130568491295e-05
1358,2,2,1.714257086860016e-05,4.402754161247913e-09,0.9999771118164062,5.673207851941697e-06
1359,2,2,1.3001197203266202e-06,9.26485483887518e-08,0.999982476234436,1.60812669491861e-05
1360,3,3,1.3093936104269233e-06,1.527270754309029e-08,0.00018398032989352942,0.9998146891593933
1361,2,2,0.00012834883818868548,8.694071584613994e-05,0.9498853087425232,0.04989941418170929
1362,1,1,1.216546792193185e-07,0.9999997615814209,7.135957957871142e-08,2.2722611348058308e-08
1363,3,3,0.0019019856117665768,8.561404030160702e-08,5.4428574003395624e-06,0.9980924725532532
1364,3,2,0.010635209269821644,1.1436111435614293e-06,0.9882484674453735,0.0011151727521792054
1365,0,0,0.9999879598617554,1.0206560546066612e-05,1.7746052662914735e-06,1.2323636333633203e-08
1366,2,2,1.7529251636005938e-05,2.470522808550868e-08,0.999972939491272,9.479455911787227e-06
1367,2,2,9.947964281309396e-05,1.341824190603802e-05,0.9939165711402893,0.005970512516796589
1368,3,3,1.1952463410125347e-06,1.8594356276935287e-07,4.322014865465462e-05,0.9999552965164185
1369,2,2,8.24178132461384e-05,3.793519098849174e-08,0.9999107122421265,6.874044629512355e-06
1370,3,3,1.1934969457172429e-08,8.430499631728594e-10,2.062963721982669e-05,0.9999793767929077
1371,1,1,1.0348989576414169e-07,0.9999998807907104,3.2507387004443444e-08,4.211288384681211e-08
1372,2,2,0.00012065267219441012,3.0208073553694703e-07,0.9997232556343079,0.00015579983300995082
1373,0,0,0.987263023853302,7.761044571452658e-07,0.012733219191432,2.958441882583429e-06
1374,2,2,0.02465030737221241,3.2022348932514433e-06,0.9116062521934509,0.06374028325080872
1375,3,3,0.005203637294471264,4.5630906242877245e-05,0.0022648137528449297,0.9924858808517456
1376,1,1,0.01534821093082428,0.970195472240448,0.00654924102127552,0.007907101884484291
1377,3,1,0.03312084451317787,0.9623305797576904,0.00010829145321622491,0.004440341144800186
1378,3,3,2.1595461419110507e-07,2.3809734184254694e-09,8.142289152601734e-05,0.9999183416366577
1379,0,0,0.9990861415863037,0.0008766768733039498,9.24821142689325e-06,2.7870324629475363e-05
1380,2,2,1.8141812688554637e-05,2.1790029336443695e-07,0.9999803304672241,1.3895403299102327e-06
1381,1,1,9.830130238697166e-07,0.9999990463256836,2.050802028197296e-10,5.267664082708734e-09
1382,1,1,8.969165605776652e-07,0.9999990463256836,2.6125117624786753e-09,1.4491926769721886e-08
1383,3,3,6.469389518315438e-06,3.0090888003542204e-07,7.489004929084331e-05,0.9999182224273682
1384,1,1,1.146755585068604e-05,0.9999878406524658,5.564702405536082e-07,8.6708304536387e-08
1385,0,0,0.9999796152114868,7.1614554144616704e-06,1.0392901458544657e-05,2.8468596156017156e-06
1386,0,0,0.9999984502792358,1.522964510058955e-07,5.5266479392912515e-08,1.3582684914581478e-06
1387,2,2,1.7174423874166678e-06,1.2806921404262539e-05,0.9995166063308716,0.00046888634096831083
1388,2,3,0.0008990875794552267,1.4440730922160583e-07,0.08407922089099884,0.9150215983390808
1389,1,1,1.0876743061771776e-07,0.9999998807907104,3.6299624639468675e-08,3.696672745689966e-09
1390,3,3,0.07231978327035904,4.088809873792343e-06,0.36826202273368835,0.5594140887260437
1391,3,3,0.0017465973505750299,2.7453774237073958e-05,0.03195996209979057,0.9662660956382751
1392,3,3,2.8848141937487526e-06,3.863255493286033e-09,0.00016113813035190105,0.9998359680175781
1393,1,1,2.29152408159905e-09,1.0,3.298007644758627e-09,2.22280971406974e-09
1394,0,0,0.9964755177497864,8.667775830417668e-08,7.91139063949231e-06,0.0035164307337254286
1395,2,2,3.0383807825273834e-05,8.656084737879155e-09,0.9999686479568481,9.195403549711045e-07
1396,2,2,4.6313368784467457e-07,3.8849574934829434e-07,0.9999912977218628,7.871512934798375e-06
1397,1,0,0.5593030452728271,0.030033016577363014,0.1927381455898285,0.2179257869720459
1398,2,2,3.17639387503732e-05,2.8445131761145603e-07,0.9998766183853149,9.135498112300411e-05
1399,0,0,0.9999994039535522,2.6251350959682895e-07,1.380628731340039e-07,2.2488580952995108e-07
1400,1,3,0.004567308817058802,0.2534080445766449,9.800187399378046e-05,0.7419267296791077
1401,3,3,2.139825561187081e-08,9.039631265750359e-10,3.856172043015249e-05,0.9999613761901855
1402,0,0,0.9999685287475586,1.3250922165752854e-05,3.338967644594959e-06,1.4884991287544835e-05
1403,0,0,0.9992043375968933,3.098982051596977e-05,0.0002753686567302793,0.0004893076256848872
1404,1,1,0.03151721879839897,0.9682704210281372,0.00020622026931960136,6.14458031122922e-06
1405,1,1,0.004107797052711248,0.9958921670913696,7.695072667956993e-08,2.5583952734109516e-08
1406,1,1,1.9175276975147426e-05,0.9999371767044067,3.275846756878309e-05,1.0882670721912291e-05
1407,1,0,0.7713024020195007,0.22752179205417633,0.0001463468070141971,0.0010293785016983747
1408,1,1,4.1326467908220366e-05,0.9999428987503052,1.4377185834746342e-05,1.4830166037427261e-06
1409,2,2,0.0017402494559064507,1.2572928426379804e-05,0.9978750944137573,0.0003721830144058913
1410,2,2,8.248601079685614e-05,0.00019495886226650327,0.9947360157966614,0.004986529238522053
1411,2,2,0.0001226062304340303,3.8664232704377355e-08,0.999813973903656,6.34116368019022e-05
1412,3,3,3.873033347190358e-05,4.599702307928055e-08,0.014611560851335526,0.9853496551513672
1413,3,3,8.993666597234551e-06,4.016072097101642e-08,9.01526800589636e-05,0.9999008178710938
1414,1,1,8.285484796033415e-07,0.9998237490653992,0.00017511124315205961,3.3091453133238247e-07
1415,2,2,3.4441375191818224e-06,4.842828360551721e-09,0.999996542930603,6.964275822696209e-09
1416,2,2,0.00012195818271720782,3.511867419092596e-08,0.9998044371604919,7.358124275924638e-05
1417,1,1,6.577138833563367e-08,0.9999998807907104,2.6558208410243367e-10,1.389436066201455e-10
1418,1,1,6.314240152960338e-08,0.9999998807907104,1.1790303455772033e-10,1.891026640832294e-10
1419,2,2,8.88290160219185e-05,4.121604433748871e-06,0.9907921552658081,0.009114973247051239
1420,2,2,0.00010267070319969207,1.2461292442367267e-08,0.9998847246170044,1.260108456335729e-05
1421,0,0,0.8116984367370605,6.882473826408386e-06,0.001293018227443099,0.18700166046619415
1422,1,1,1.3059132015769137e-06,0.9999979734420776,7.582715397802531e-07,5.8164069116628525e-08
1423,0,0,0.995882511138916,0.00016553768364246935,0.00030726572731509805,0.0036447669845074415
1424,0,0,0.9999991655349731,5.140307735018723e-07,2.6993805590791453e-07,2.782687857916244e-08
1425,3,3,6.739535507449546e-08,7.631889502590639e-07,0.012895056046545506,0.9871042370796204
1426,3,3,0.00018660644127521664,8.741231454223453e-07,0.000207191173103638,0.9996053576469421
1427,3,3,0.033005353063344955,0.005168792326003313,0.19835416972637177,0.7634716629981995
1428,3,3,0.00023876503109931946,2.7995717744033755e-08,2.6262989194947295e-05,0.9997349381446838
1429,3,3,0.01332100573927164,7.385581739072222e-06,0.00039709010161459446,0.9862745404243469
1430,2,2,0.011130659841001034,0.011108195409178734,0.9776801466941833,8.105576125672087e-05
1431,2,2,1.6073016013251618e-05,1.3861415482097073e-06,0.9996647834777832,0.0003176912432536483
1432,2,2,0.004894604440778494,1.5718739643233448e-09,0.9854834079742432,0.009622029960155487
1433,3,3,1.1563304269657237e-06,6.422697484964601e-09,0.0014602855080738664,0.998538613319397
1434,3,3,1.2109222780054552e-06,1.355695786742217e-07,0.00010262733121635392,0.9998960494995117
1435,1,1,9.044521902978886e-06,0.9999890327453613,7.816317548758889e-08,1.7799395664042095e-06
1436,0,3,0.3778494596481323,0.023622019216418266,0.11899169534444809,0.47953689098358154
1437,3,3,0.38815101981163025,0.0005591968074440956,0.0055593280121684074,0.6057305335998535
1438,2,2,6.999863671808271e-06,3.4376449775663787e-07,0.9975495934486389,0.002443073783069849
1439,3,3,1.868418848971487e-06,2.0613487095033634e-07,0.004320820793509483,0.9956770539283752
1440,1,1,4.0187826400028825e-09,1.0,1.2564068896381286e-08,3.410080395838122e-08
1441,2,2,0.0032128309831023216,1.1661413736874238e-06,0.9065452814102173,0.09024067968130112
1442,0,0,0.9998143315315247,5.280466575641185e-05,9.66275401879102e-05,3.622503572842106e-05
1443,3,3,1.7494701296527637e-06,2.693421308208599e-08,0.000775893044192344,0.9992223978042603
1444,3,3,3.990081313531846e-05,1.1297932360321283e-05,0.0009837002726271749,0.9989651441574097
1445,0,0,1.0,3.3624952822108867e-10,1.3160044165516638e-09,5.1737103490268055e-09
1446,3,3,5.764923205475725e-09,7.482285013793444e-08,0.0029523444827646017,0.9970476031303406
1447,3,2,0.022429734468460083,4.856657596974401e-06,0.9741583466529846,0.0034071234986186028
1448,0,0,0.9944878220558167,0.005465133581310511,7.540143087680917e-07,4.6389766794163734e-05
1449,3,3,1.5100076780072413e-06,1.452968518833586e-07,0.13714271783828735,0.8628556728363037
1450,2,2,0.0007411267142742872,4.208732570987195e-05,0.9986341595649719,0.0005825606058351696
1451,2,2,2.049025169981178e-06,3.99119279848037e-08,0.9999961853027344,1.7029918808475486e-06
1452,3,3,0.14940868318080902,1.0402800398878753e-08,0.027303870767354965,0.8232874274253845
1453,0,0,0.9999902248382568,1.0536927774751348e-08,9.71108784142416e-06,1.3977231105855026e-07
1454,1,1,6.3685706663818564e-06,0.9999929666519165,6.095689286667039e-07,3.11697831989477e-08
1455,0,0,0.9999954700469971,2.629019313360459e-08,6.314950269370456e-07,3.8494013097079005e-06
1456,2,2,0.0007649245671927929,2.4763116002191055e-08,0.9991970658302307,3.801257480517961e-05
1457,3,3,2.7688048476193217e-07,1.017236184175374e-09,4.153271220275201e-05,0.9999581575393677
1458,1,1,9.394281050845166e-07,0.9999990463256836,3.223218314474252e-08,5.3203832450776645e-09
1459,0,0,0.9999788999557495,2.045390647253953e-05,3.927514740098559e-07,2.3997955622689915e-07
1460,3,3,0.001781350583769381,0.0008633358520455658,7.058670234982856e-06,0.9973483085632324
1461,0,0,0.9999192953109741,1.284256450162502e-05,9.406378467247123e-07,6.692799070151523e-05
1462,3,3,0.00026000000070780516,5.094552193440904e-07,0.29244497418403625,0.7072944641113281
1463,0,0,0.6460903882980347,0.024953890591859818,0.14412398636341095,0.18483173847198486
1464,0,0,0.9999948740005493,9.205287483382563e-07,2.765406179605634e-06,1.4682425444334513e-06
1465,1,1,2.3306211005547084e-05,0.9997561573982239,9.16610019885411e-07,0.00021962197206448764
1466,0,0,0.7782320976257324,0.22175857424736023,8.904142305254936e-06,4.17756211845699e-07
1467,1,1,0.00012308279110584408,0.999876856803894,1.9832119946272542e-08,2.8584409506038355e-08
1468,1,1,1.8466018048002297e-07,0.9999997615814209,2.9382594135540785e-08,1.3602722281902402e-09
1469,2,2,3.306763119326206e-06,4.128046793283602e-09,0.999996542930603,1.5597765923303086e-07
1470,1,1,1.6835002725201775e-07,0.9999998807907104,4.345782761427941e-11,1.9835863507289275e-10
1471,3,3,6.084748292778386e-06,9.987429550051274e-09,4.2185238271486014e-05,0.9999517202377319
1472,0,0,0.9994589686393738,0.0005405874107964337,3.000201331815333e-07,4.663421293571446e-08
1473,1,1,3.979372650064761e-06,0.9999959468841553,1.645258507210201e-08,2.3825108552699703e-10
1474,3,3,4.804784475709312e-05,2.8319545890553854e-06,0.005369982682168484,0.9945791959762573
1475,0,0,0.9999728202819824,1.9526294636307284e-05,7.266874035849469e-06,3.6838332562183496e-07
1476,2,2,1.42776952998247e-05,3.6924325286236126e-06,0.9999473094940186,3.472484240774065e-05
1477,0,2,0.47510430216789246,0.004170414991676807,0.4774651527404785,0.043260183185338974
1478,1,1,0.00013801582099404186,0.9994331002235413,0.00033357448410242796,9.53007402131334e-05
1479,0,2,0.3307170867919922,0.18543262779712677,0.4831641614437103,0.0006861435249447823
1480,2,2,3.5410602094998467e-07,1.1027735169477637e-08,0.9999969005584717,2.698853450056049e-06
1481,2,2,0.00024535972625017166,1.0153320317840553e-06,0.9995328187942505,0.00022090220591053367
1482,2,2,0.002145142760127783,4.8034347855718806e-05,0.9975185394287109,0.0002882487024180591
1483,2,2,4.712634108727798e-06,1.0733102584481458e-07,0.9999866485595703,8.470244210911915e-06
1484,1,1,1.968868401647228e-09,1.0,2.406931898235598e-08,8.62876259333234e-09
1485,3,3,0.0010153541807085276,4.861819320467475e-07,0.0030344866681843996,0.9959496259689331
1486,3,3,1.0032044173158283e-07,1.6728014529121538e-08,0.0001520591031294316,0.9998477697372437
1487,1,1,4.111836005904479e-06,0.9999876022338867,2.2767044356442057e-06,6.0195948208274785e-06
1488,1,1,0.0019015604630112648,0.998097836971283,4.29757733400038e-07,2.8931484052918677e-07
1489,1,1,8.463175760198283e-08,0.9999997615814209,3.4971834317332195e-09,1.3146306798716978e-07
1490,0,0,0.9999978542327881,2.048536316578975e-06,1.2398029980431602e-07,1.000154092878347e-08
1491,0,0,0.997373104095459,4.99864763696678e-05,0.0025379681028425694,3.894305700669065e-05
1492,0,0,0.9993537068367004,4.3969967009616084e-06,0.0006020235596224666,3.997286330559291e-05
1493,1,1,0.00019298979896120727,0.999806821346283,2.411862567441858e-07,5.607885711356175e-08
1494,0,3,0.24935221672058105,6.238147761905566e-06,0.002931651659309864,0.7477098703384399
1495,2,2,0.00044521811651065946,4.757693261581153e-07,0.9992714524269104,0.00028288894100114703
1496,1,1,3.740831289178459e-07,0.9999994039535522,2.6997258828487247e-07,2.7033884464344737e-08
1497,3,3,8.131120921461843e-06,7.831711457129131e-08,0.0005813583265990019,0.9994103908538818
1498,3,3,7.054857269395143e-05,2.0294835394452093e-06,0.00010786661005113274,0.9998195767402649
1499,3,3,3.650795008525165e-07,1.1107287534173338e-08,5.5054279073374346e-05,0.9999445676803589
1500,2,2,8.852192081576504e-07,2.3711821839356162e-08,0.9999970197677612,2.1359198854042916e-06
1501,3,3,0.00019143623649142683,2.5883235821311246e-07,0.0011708576930686831,0.9986374974250793
1502,1,1,1.8003485138251563e-06,0.9999982118606567,8.123850037122793e-09,1.6830583149385347e-08
1503,3,3,0.006061566527932882,2.690636335955787e-07,0.0008911939803510904,0.9930470585823059
1504,0,0,0.9999979734420776,1.3968957546239835e-07,1.869667698883859e-06,3.2005239347654424e-08
1505,0,0,0.9998626708984375,1.22636101274054e-09,7.736506404398824e-07,0.00013663008576259017
1506,0,0,0.9995797276496887,1.7412430963759107e-07,0.00024172751000151038,0.00017832846788223833
1507,3,3,0.0011911623878404498,1.4050387164843414e-07,2.422865691187326e-06,0.998806357383728
1508,3,3,2.3334445359068923e-05,2.0048651094839443e-07,0.23552286624908447,0.764453649520874
1509,3,3,0.00655205687507987,6.091192261692413e-08,0.0015257099876180291,0.99192214012146
1510,3,3,4.232728656461404e-07,2.1610787825920852e-07,0.00040518242167308927,0.9995941519737244
1511,2,2,8.973701369541232e-06,3.3813464028753515e-07,0.9894564747810364,0.010534285567700863
1512,3,3,9.88611304819642e-07,2.5593871466611517e-09,0.0010581464739516377,0.9989408850669861
1513,3,3,1.008382696454646e-05,2.231651251349831e-06,0.03726848214864731,0.9627192616462708
1514,2,2,2.884370223910082e-05,2.1198533772803785e-07,0.9951121211051941,0.004858804401010275
1515,1,1,1.8989105399214168e-08,0.9999994039535522,6.269124810387439e-07,4.3244852143686785e-09
1516,3,3,5.0381795517751016e-06,8.28489543636124e-09,1.819634417188354e-05,0.9999767541885376
1517,0,0,0.9999948740005493,2.219853856288978e-09,1.6333660823875107e-06,3.4838594729080796e-06
1518,1,1,2.1887615275772987e-08,0.9999955892562866,4.234980224282481e-06,1.495786960958867e-07
1519,0,0,0.999795138835907,4.2381529056001455e-05,5.599005135081825e-07,0.00016195619537029415
1520,3,3,4.8302395043720026e-06,2.421085628157016e-05,1.4650396451543202e-07,0.9999707937240601
1521,0,0,0.9999982118606567,1.2674112426225292e-08,2.874540427910688e-08,1.7896921917781583e-06
1522,1,1,0.00013055303134024143,0.9994882345199585,0.00037934971624054015,1.7651799453233252e-06
1523,0,0,0.9990034699440002,0.00036530871875584126,0.00031015826971270144,0.00032112697954289615
1524,2,2,7.078802468640788e-07,1.5114728739717975e-06,0.9999864101409912,1.1416515008022543e-05
1525,0,3,0.09307588636875153,1.650033300393261e-05,0.34300532937049866,0.5639022588729858
1526,3,3,0.0001309905928792432,0.00011783595982706174,0.00017841225781012326,0.9995726943016052
1527,2,2,0.015959689393639565,0.007696506101638079,0.9106161594390869,0.06572764366865158
1528,0,0,0.9994648098945618,1.0169258075620746e-06,0.0001261272409465164,0.0004080120415892452
1529,0,0,0.8126807808876038,1.6076381825769204e-06,4.309854193706997e-05,0.1872745007276535
1530,2,2,3.165666157656233e-06,4.5021062078376417e-07,0.999994158744812,2.2211474970390555e-06
1531,2,2,0.004536609165370464,0.0011639820877462626,0.9936488270759583,0.0006506401114165783
1532,0,0,0.9999972581863403,8.62553406477673e-08,1.3331202808331e-06,1.3176932043279521e-06
1533,0,0,0.8948785662651062,0.10258003324270248,0.000109127264295239,0.002432195469737053
1534,3,3,5.122440143168205e-06,1.1537905209024757e-07,0.0038361004553735256,0.9961586594581604
1535,0,0,0.9999591112136841,1.425624418516236e-07,4.043457010993734e-05,3.6856138763141644e-07
1536,1,1,9.347642304646797e-08,0.9999998807907104,6.724078932540678e-11,2.677628607727911e-08
1537,0,0,0.999030590057373,1.4200553266618954e-07,0.0006355170626193285,0.00033374741906300187
1538,0,0,0.9995018243789673,6.741780816810206e-05,0.0004016235179733485,2.909825707320124e-05
1539,2,2,0.0008038989035412669,0.002122775884345174,0.9965873956680298,0.00048592142411507666
1540,1,1,4.5547499212261755e-06,0.9999954700469971,4.746227300067574e-10,2.784725561255641e-09
1541,3,3,0.0018575220601633191,0.03023122064769268,0.24235013127326965,0.7255610823631287
1542,3,3,1.6030560345825506e-06,1.16961940133109e-10,0.00014077327796258032,0.9998575448989868
1543,0,0,0.9999998807907104,1.7778498673237664e-08,6.102413685482588e-09,7.349598973860338e-08
1544,0,0,1.0,4.357698202284155e-09,5.599121610799784e-09,6.562325349790399e-09
1545,0,0,0.9999998807907104,2.8777105143262816e-08,8.002557194686233e-08,6.878723146641619e-10
1546,0,0,0.9899914264678955,1.9068118035647785e-06,3.289142114226706e-05,0.009973783046007156
1547,1,1,7.25338153984012e-08,0.9999998807907104,4.597259017913302e-09,3.4538256699079284e-08
1548,2,0,0.5205305218696594,0.007725360803306103,0.47063183784484863,0.001112280529923737
1549,0,0,0.9999964237213135,1.1757808948686943e-07,2.2247922970564105e-06,1.2288533071114216e-06
1550,3,3,1.0311243840988027e-06,7.467531304428121e-08,0.00010000131442211568,0.9998987913131714
1551,1,1,6.233075566797197e-08,0.9999998807907104,1.165106122691384e-09,2.3403542992461723e-10
1552,2,0,0.709506630897522,0.0008500096155330539,0.2803077697753906,0.009335631504654884
1553,1,1,3.0813780416139025e-09,1.0,4.0822638602833194e-09,7.183694195056489e-10
1554,1,1,1.3961847571408725e-06,0.9999985694885254,9.366816300371283e-08,3.039748364130901e-08
1555,1,1,2.2573990463570226e-06,0.9999977350234985,2.7218701958986458e-08,4.144248055837352e-09
1556,2,2,1.970271478057839e-05,8.137739371250063e-08,0.9999779462814331,2.3507043351855827e-06
1557,1,1,6.110291224104003e-07,0.9999994039535522,1.5256167884558636e-08,8.678433527364859e-10
1558,1,1,2.8158194709249074e-07,0.9999996423721313,2.7113829403901946e-08,4.67281491278726e-10
1559,0,0,0.998596727848053,6.801703875680687e-07,9.188257536152378e-06,0.0013934163143858314
1560,1,1,1.4030428019395913e-07,0.9999998807907104,4.683952670170299e-10,8.382920468896771e-10
1561,2,2,6.463967139325177e-08,1.680489049249445e-06,0.9999982118606567,3.6118208868174406e-08
1562,0,0,0.999987006187439,1.0283178198733367e-05,2.5291692509199493e-06,1.8467630980012473e-07
1563,1,1,2.5980929763136373e-07,0.9999997615814209,8.314876009940519e-10,2.833101808707994e-11
1564,1,1,0.0003998702159151435,0.9994478821754456,0.00015139300376176834,7.876051313360222e-07
1565,1,1,5.9392160522975246e-08,0.9999992847442627,6.92248534051032e-07,1.2911018920647166e-08
1566,1,1,1.3396689313438515e-09,1.0,1.670291815969449e-08,4.385280583107942e-09
1567,0,0,0.9591406583786011,9.895439688989427e-06,0.002410362008959055,0.03843909129500389
1568,0,0,0.9999990463256836,5.095732547033549e-08,1.0218739987521985e-07,7.792047540533531e-07
1569,1,1,1.11214966125317e-07,0.9999998807907104,2.372444185549938e-10,2.477981986270805e-10
1570,1,1,4.483896555029787e-05,0.9918792843818665,0.008068166673183441,7.679474947508425e-06
1571,1,1,1.8982090566055376e-08,1.0,1.1899963653361212e-11,5.581182044300803e-11
1572,0,1,0.3106955885887146,0.4384375512599945,0.22232545912265778,0.028541430830955505
1573,3,3,7.984941476024687e-05,3.2488489676296695e-09,0.00014269031817093492,0.9997774958610535
1574,1,1,9.966274916450857e-08,0.9999994039535522,4.5188932062956155e-07,2.737828275201082e-08
1575,2,2,2.1467476472025737e-05,5.537120614462765e-06,0.9851655960083008,0.014807362109422684
1576,0,0,0.9999966621398926,2.2234407026644476e-07,9.698641179056722e-07,2.2009860458638286e-06
1577,1,1,4.127479314774973e-06,0.9999958276748657,3.3732022730603717e-10,3.074967125371586e-08
1578,0,0,0.9988805651664734,1.611913717169955e-06,0.00043692305916920304,0.0006809879560023546
1579,3,3,7.189617463154718e-05,7.754870239295997e-06,0.05328429490327835,0.9466360807418823
1580,0,0,0.9982195496559143,7.144733899622224e-06,9.539347956888378e-05,0.001677816268056631
1581,0,0,1.0,1.4578598328540693e-09,1.2537149096658595e-10,1.1858897197569718e-09
1582,0,0,0.9999997615814209,3.4899798606602417e-09,3.5997906877582864e-08,2.502011966498685e-07
1583,1,1,7.367142984548991e-08,0.9999998807907104,4.9088403480945786e-11,5.469633634902493e-10
1584,2,2,7.75731109570188e-07,1.344255224466906e-06,0.9953274726867676,0.004670321010053158
1585,1,1,4.146344156907844e-09,1.0,1.1961127199811017e-08,4.28218210890563e-10
1586,0,0,0.9996850490570068,2.164280704164412e-05,0.00029014647589065135,3.098319439232e-06
1587,0,0,0.9983269572257996,3.804922744166106e-05,0.0013962006196379662,0.00023877575586084276
1588,1,1,0.00016856136790011078,0.999830961227417,4.895007350569358e-07,4.0109842558422315e-08
1589,0,0,0.9999998807907104,2.1293413698941777e-09,1.1416020129217941e-08,5.967072524981631e-08
1590,2,2,0.00012375232472550124,1.597975973766097e-08,0.9989318251609802,0.000944441941101104
1591,2,2,0.00021169362298678607,0.06642642617225647,0.9294205904006958,0.003941267263144255
1592,1,1,1.7869952628757346e-08,1.0,7.521328559967344e-10,3.022236627625574e-11
1593,0,0,0.9999997615814209,1.8778203525471326e-07,1.6824317938812783e-08,3.827924643928782e-08
1594,1,1,1.352681101707276e-05,0.9999862909317017,1.1735263427681275e-07,1.3852357483301603e-07
1595,0,0,0.9999973773956299,9.872245243514044e-08,9.861794048049433e-09,2.5612039280531462e-06
1596,1,1,6.947067276996677e-07,0.9999991655349731,1.6437521566103896e-08,1.1054890336481549e-07
1597,2,2,2.4901493816287257e-05,3.8816887482084894e-09,0.999924898147583,5.0129419832956046e-05
1598,0,0,0.9999983310699463,1.0029015129475738e-06,6.064445301490196e-07,5.286232607204511e-08
1599,0,1,0.13590702414512634,0.8640757203102112,1.644082658458501e-05,8.344460979969881e-07
1600,3,3,0.022654082626104355,0.0014967370079830289,0.0008444374543614686,0.9750047922134399
1601,1,1,9.856610176939284e-07,0.999998927116394,8.120513683707031e-08,4.28961888232493e-09
1602,2,2,6.4674454733903985e-06,9.032906644890204e-10,0.9999935626983643,4.434442146816764e-08
1603,2,3,0.0007038378389552236,1.2085346057233437e-08,5.918402530369349e-05,0.9992369413375854
1604,1,1,6.387121231909987e-08,0.9999996423721313,2.605775080155581e-07,3.810926685332561e-09
1605,0,0,0.9999980926513672,2.4673404652730824e-08,1.2178396673334646e-06,6.653174864368339e-07
1606,3,3,0.00032992562046274543,3.325332272652304e-06,4.1369594327989034e-06,0.9996626377105713
1607,2,2,0.0006390378111973405,8.18871285446221e-07,0.9992983341217041,6.1867329350207e-05
1608,0,2,0.2101673185825348,0.0005375597975216806,0.7515206336975098,0.03777453675866127
1609,3,3,0.003962021786719561,2.775035000013304e-06,0.15681900084018707,0.8392161130905151
1610,3,3,7.936878319014795e-06,8.630217251948125e-08,4.905794867227087e-06,0.999987006187439
1611,2,2,1.9326012079545762e-06,2.7370731459086528e-08,0.9999963045120239,1.7831567902248935e-06
1612,2,3,0.0003587785759009421,1.484189169786987e-06,0.2217082530260086,0.7779315114021301
1613,2,3,0.04586295783519745,0.023141982033848763,0.009605670347809792,0.9213893413543701
1614,1,1,0.00019015106954611838,0.999795138835907,5.833921932207886e-07,1.422266177542042e-05
1615,2,2,1.9077874640061054e-06,9.24292919535219e-07,0.9932449460029602,0.00675223208963871
1616,0,0,0.9998210072517395,0.00015479976718779653,1.9927767425542697e-05,4.3075574467366096e-06
1617,0,0,0.6047311425209045,0.3952619731426239,3.287068011559313e-06,3.563619884516811e-06
1618,3,3,7.75025199573065e-08,9.459232508390869e-09,0.0009151214617304504,0.9990848302841187
1619,3,3,5.3506792028201744e-05,9.291061360272579e-07,0.00040803453885018826,0.9995375871658325
1620,3,3,0.00126762839499861,0.025665221735835075,0.07191894203424454,0.90114825963974
1621,3,3,2.1005331291235052e-05,1.6075981434937603e-08,0.013013428077101707,0.986965537071228
1622,2,2,4.629966497304849e-05,4.4585879432901265e-10,0.9999526739120483,1.0562276884229505e-06
1623,0,0,0.9942699670791626,0.00568669056519866,1.7685695638647303e-05,2.5640403691795655e-05
1624,1,1,7.689337877536673e-08,0.9999998807907104,3.4072564769616065e-09,4.4762155093636125e-10
1625,3,3,8.745665240894596e-07,9.640897360441159e-07,0.014283480122685432,0.9857147336006165
1626,3,3,1.3568701433541719e-06,2.754055117293319e-07,0.0012038268614560366,0.9987945556640625
1627,1,1,0.010465520434081554,0.9882609248161316,6.407815817510709e-05,0.0012094052508473396
1628,2,2,7.479031410184689e-06,1.957527251406077e-09,0.9999909400939941,1.512142830506491e-06
1629,3,3,2.6573363356874324e-05,3.745318508663331e-07,0.012588758952915668,0.9873843193054199
1630,3,3,0.00018820911645889282,5.2759382640488184e-08,0.0018979220185428858,0.9979138970375061
1631,2,2,0.00030329282162711024,9.069208317669109e-05,0.9112801551818848,0.08832590281963348
1632,3,1,0.03403834253549576,0.8092860579490662,0.0006672745803371072,0.1560082733631134
1633,3,3,0.003088797442615032,4.2650161049095914e-05,0.0018575966823846102,0.9950109720230103
1634,3,3,9.698949270386947e-07,8.944544660494103e-09,3.6424549762159586e-05,0.999962568283081
1635,2,2,9.437279004487209e-06,7.965821851030341e-07,0.9999502897262573,3.951714461436495e-05
1636,0,0,0.9999996423721313,2.2678629818528862e-07,1.4529501868310035e-07,5.447677420278296e-09
1637,0,0,0.9466294646263123,0.009345565922558308,0.0020816235337406397,0.041943348944187164
1638,2,2,1.358494294834145e-08,4.1011336548990585e-09,0.9994677901268005,0.000532185600604862
1639,3,3,0.22526594996452332,0.004240453243255615,0.00027195544680580497,0.7702216506004333
1640,3,3,5.972553367428191e-07,8.180564918802702e-07,0.003600659314543009,0.996397852897644
1641,3,3,6.613371397179435e-07,1.9684075203141305e-10,4.607408118317835e-05,0.9999532699584961
1642,3,3,1.6233562973866356e-06,7.696747417185179e-08,1.7424918041797355e-05,0.9999808073043823
1643,1,1,1.8803733837557957e-05,0.9999364614486694,1.9827601136057638e-05,2.493550164217595e-05
1644,0,0,0.9999887943267822,4.361098945082631e-06,2.532255848564091e-06,4.364876531326445e-06
1645,2,2,1.1833517419290729e-05,2.6966511246229175e-09,0.9999841451644897,3.9976785046746954e-06
1646,1,1,8.876626816345379e-05,0.9999104738235474,2.4750528382355697e-07,4.7427727167814737e-07
1647,3,3,8.859961235430092e-05,5.259695967652078e-07,0.0027766802813857794,0.9971342086791992
1648,0,0,0.9999876022338867,6.278405635384843e-06,1.811713900679024e-06,4.279883796698414e-06
1649,0,0,0.9999498128890991,1.0130806415986626e-08,1.8843154975911602e-05,3.13288728648331e-05
1650,1,1,0.004573649261146784,0.9897316098213196,0.0011143998708575964,0.004580255597829819
1651,1,1,1.4933966667740606e-05,0.9999850988388062,2.1659761983983117e-08,1.3290006872779259e-09
1652,2,2,1.8534797163738403e-06,0.000719047908205539,0.9988729357719421,0.000406146195018664
1653,3,3,1.183271797344787e-05,1.3920984542892256e-07,0.0002439959644107148,0.9997439980506897
1654,2,2,3.7601323128910735e-05,7.324657502749687e-08,0.9998927116394043,6.961389590287581e-05
1655,3,3,0.0003628356207627803,4.723465099232271e-05,0.0035990849137306213,0.9959908127784729
1656,1,1,1.1068696892380103e-07,0.9999998807907104,5.478519304880081e-10,9.362265407375503e-10
1657,2,2,1.5828373989279498e-07,2.4715367530347976e-08,0.9999693632125854,3.0501732908305712e-05
1658,0,0,0.709003210067749,7.359561277553439e-05,0.19913765788078308,0.09178552031517029
1659,3,3,1.0386286248831311e-06,1.0172893780691084e-06,0.00507998326793313,0.9949179887771606
1660,3,3,6.741317548630832e-08,7.106204957807449e-09,1.2240758223924786e-05,0.9999877214431763
1661,2,2,8.207532005144458e-07,2.906673346458888e-09,0.9999971389770508,1.997602566916612e-06
1662,2,2,9.841054998105392e-05,9.233678429154679e-05,0.9901077747344971,0.009701409377157688
1663,1,1,6.94378385901473e-08,0.9999998807907104,3.747254676694789e-12,1.168458559075436e-11
1664,0,0,0.9993835687637329,1.9195720597053878e-05,1.707718752186338e-06,0.0005954894004389644
1665,2,2,0.0035815017763525248,1.9334972023443697e-07,0.9960858821868896,0.0003324496792629361
1666,3,3,1.5864849046920426e-05,1.4719023333498171e-08,0.0008751564892008901,0.9991089701652527
1667,3,3,4.836348307435401e-05,7.558522696626824e-09,1.8281025404576212e-05,0.9999333620071411
1668,2,0,0.9863765835762024,7.906735532969833e-08,0.01355708483606577,6.620166095672175e-05
1669,3,3,1.091122044272197e-06,1.733926637825789e-07,0.0004079212958458811,0.9995909333229065
1670,2,2,0.00012035250983899459,7.991536676854594e-08,0.9997872710227966,9.230704017682001e-05
1671,0,0,0.9890828132629395,0.005925086326897144,0.0020329351536929607,0.0029591054189950228
1672,0,0,0.9999293088912964,3.5825848954118555e-08,2.323122998859617e-06,6.83441903674975e-05
1673,2,2,0.0015953185502439737,0.0022033134009689093,0.6956429481506348,0.3005584478378296
1674,1,1,5.769944664280047e-07,0.9999786615371704,1.3599336853076238e-05,7.164454018493416e-06
1675,0,0,0.9934966564178467,1.2343210755716427e-06,0.000824713206384331,0.005677410867065191
1676,3,3,1.8395614461041987e-05,3.2947484740475375e-09,0.0016670548357069492,0.998314619064331
1677,1,1,2.8705494514724705e-07,0.9999988079071045,5.4446115171913334e-08,7.992971973180829e-07
1678,2,2,1.4298815358415595e-06,2.1566672003814347e-08,0.9999257326126099,7.284054299816489e-05
1679,1,1,3.04988070354284e-08,1.0,2.2913218544751146e-10,6.160108534380981e-11
1680,0,0,0.9182537794113159,6.198335904628038e-05,0.08088050037622452,0.0008037327788770199
1681,2,2,0.0004304804315324873,7.195267698989483e-06,0.9969498515129089,0.0026125763542950153
1682,1,1,3.648054916993715e-05,0.9999634027481079,1.6303864924793743e-07,4.000009212745681e-08
1683,3,3,7.548651410616003e-07,1.1057844631068292e-06,0.001025116303935647,0.9989731311798096
1684,1,1,1.1572588846320286e-05,0.9999881982803345,2.246301562536246e-07,9.620514163088956e-09
1685,0,0,0.9996908903121948,9.367506947910442e-08,0.00030694014276377857,2.0382003640406765e-06
1686,3,3,7.14478810550645e-05,1.1070162564408292e-09,0.006491279695183039,0.9934372305870056
1687,2,2,2.7828800739371218e-06,0.0007416633889079094,0.9974915981292725,0.001763999811373651
1688,3,2,1.1201277629879769e-05,2.1029551078299846e-07,0.8030812740325928,0.19690735638141632
1689,3,3,7.186542916315375e-07,1.04437711812011e-08,0.13422136008739471,0.8657779097557068
1690,3,3,1.9033912394661456e-05,3.498428782222618e-07,0.027625413611531258,0.9723552465438843
1691,0,2,0.05375005304813385,2.2661791376776819e-07,0.9462382197380066,1.1460356290626805e-05
1692,2,2,1.6805795439722715e-06,3.671881998457138e-08,0.9999958276748657,2.5028339223354124e-06
1693,2,2,1.8745729903457686e-05,9.732977446219593e-08,0.9993743300437927,0.0006068685324862599
1694,2,2,1.9443756116288569e-07,8.381693561432257e-09,0.9999997615814209,7.58101492692731e-09
1695,3,3,7.206175496321521e-07,4.673894636653131e-06,0.006788618862628937,0.9932060241699219
1696,3,3,3.376577978997375e-06,5.494768373637271e-08,0.04760794714093208,0.9523886442184448
1697,0,0,0.9991859793663025,6.474409133261361e-07,6.972016853978857e-05,0.0007436523446813226
1698,1,1,1.2622440692666714e-07,0.9999978542327881,1.9417952898947988e-06,6.825705867186116e-08
1699,2,2,2.3064547349349596e-05,1.4610963106065356e-08,0.9999740123748779,2.9692994303331943e-06
1700,0,0,0.999958872795105,2.771522815692151e-07,3.421979272388853e-05,6.676033535768511e-06
1701,1,1,0.007684360723942518,0.9919562339782715,1.544450606161263e-05,0.0003439417923800647
1702,3,3,1.407195031788433e-05,4.757961802326349e-10,0.00010747802298283204,0.9998784065246582
1703,3,3,0.04815712571144104,6.022918608294958e-09,0.009216591715812683,0.9426262378692627
1704,3,3,0.0015601214254274964,7.14673224138096e-05,0.023253347724676132,0.9751151204109192
1705,2,2,0.00015287889982573688,1.5486275515286252e-05,0.9998258948326111,5.6912226682470646e-06
1706,1,1,2.424474951112643e-05,0.9999754428863525,2.5537610781611875e-07,1.072651034661476e-08
1707,1,1,0.00021359224047046155,0.9997825026512146,1.3380938135298948e-08,3.881193151755724e-06
1708,2,3,0.023189185187220573,0.17055103182792664,0.37017202377319336,0.4360877275466919
1709,3,3,3.85154544346733e-06,3.44375061800406e-09,0.027458101511001587,0.9725379943847656
1710,3,3,0.001104573835618794,0.0001241705467691645,0.020368052646517754,0.9784032106399536
1711,3,3,3.387758169992594e-06,2.4833228806642182e-08,0.016004757955670357,0.983991801738739
1712,1,1,0.0003464366018306464,0.9970031380653381,0.0016817995347082615,0.0009686069679446518
1713,2,2,2.9165641990402946e-06,6.74008617806976e-08,0.52231365442276,0.4776833951473236
1714,2,2,1.6415104937550495e-06,2.2907913788117185e-08,0.9999982118606567,1.3957162536826218e-07
1715,1,1,0.0005054170615039766,0.9988804459571838,0.0003908097860403359,0.00022323611483443528
1716,0,0,0.9999961853027344,2.542483557022024e-08,9.103131333176862e-07,2.8686770292551955e-06
1717,3,3,0.0009153735009022057,5.142049985806807e-07,0.010687023401260376,0.9883970618247986
1718,2,2,3.8478392525576055e-05,2.1382775550193855e-09,0.9999610185623169,4.802424200534006e-07
1719,2,2,2.3655795303056948e-05,6.787285400378096e-08,0.9999663829803467,9.890267392620444e-06
1720,2,2,0.0001692568912403658,1.618818323834148e-08,0.7092005610466003,0.29063013195991516
1721,3,3,8.742283625906566e-07,8.596726530640808e-08,0.1148628517985344,0.8851361870765686
1722,1,1,8.348626579390839e-06,0.9999916553497314,4.564552735786265e-09,1.8160770665076598e-08
1723,0,0,0.9783802628517151,0.00867430679500103,0.0073065017350018024,0.005638862028717995
1724,3,3,1.6261517998827912e-07,8.801533946112272e-10,0.0009087016806006432,0.9990911483764648
1725,3,3,0.0019009539391845465,1.5726955098216422e-06,0.09715669602155685,0.9009407758712769
1726,2,2,1.2965911992068868e-05,3.040171137058678e-08,0.9999278783798218,5.909394167247228e-05
1727,1,1,8.001435625182296e-10,1.0,3.3933178489320426e-10,1.0891191594419869e-11
1728,3,3,8.112452292152739e-07,9.552453050787335e-09,2.8754029699484818e-05,0.9999704360961914
1729,0,0,0.9994592070579529,0.0001981952809728682,0.0003068663936574012,3.563586142263375e-05
1730,2,2,1.0742385114781428e-07,1.3813813204421876e-08,0.9994531273841858,0.0005467915907502174
1731,1,1,3.44414239350499e-08,0.9999998807907104,3.9877963153855944e-09,6.58257306440646e-08
1732,1,1,2.67360111827486e-09,1.0,2.6189625121353366e-11,2.0059074193334858e-11
1733,1,1,1.2881286011179327e-06,0.9999986886978149,4.086885940779439e-09,4.3614845068873365e-09
1734,1,1,7.036416354821995e-05,0.9999239444732666,5.875205033589737e-07,5.072296517028008e-06
1735,2,2,0.00013261334970593452,1.9744079793326819e-07,0.9998502731323242,1.686962423264049e-05
1736,1,1,0.0007385531789623201,0.9820395112037659,0.015528246760368347,0.0016937756445258856
1737,1,1,5.614104292561706e-09,0.9999219179153442,5.744154259446077e-05,2.067282548523508e-05
1738,1,1,4.3362348378650495e-08,1.0,1.2109306612995141e-11,5.402630426365462e-11
1739,0,0,0.9999200105667114,7.946574623929337e-05,5.362489901017398e-07,7.400324619766252e-08
1740,1,1,8.773275439466488e-09,1.0,2.0923177079801292e-10,7.305215460329251e-11
1741,1,1,4.320452717365697e-05,0.9998416900634766,2.590011547454196e-07,0.0001148163210018538
1742,0,3,0.07620930671691895,0.0036359059158712626,0.0005832186434417963,0.919571578502655
1743,3,3,0.060266248881816864,2.9783095669699833e-06,0.4349885880947113,0.5047422647476196
1744,0,0,0.9999957084655762,3.5589857816376025e-07,2.671368974915822e-06,1.275082354368351e-06
1745,0,0,0.8883489370346069,1.52442198668723e-05,0.00014613414532504976,0.11148961633443832
1746,2,2,8.621507731731981e-06,2.308077728940816e-09,0.9999327659606934,5.8680736401584e-05
1747,0,0,0.9920044541358948,0.007610626518726349,0.00032069601002149284,6.425080937333405e-05
1748,2,2,1.1348309669756418e-07,1.2482443523254005e-08,0.9999995231628418,3.180103078648244e-07
1749,1,1,6.329117604764178e-05,0.9999065399169922,1.7414735964393913e-07,3.005927828780841e-05
1750,3,3,6.883469723106828e-06,1.616784039981667e-08,8.36090839584358e-05,0.999909520149231
1751,0,0,0.9996517896652222,1.5238463220157428e-06,0.00034047928056679666,6.267145636229543e-06
1752,2,2,0.00522497296333313,0.0002066258603008464,0.9945031404495239,6.52313610771671e-05
1753,1,1,7.03877915952944e-08,0.9999998807907104,6.564462307068197e-10,1.1693360724152058e-09
1754,3,3,6.802641223657702e-07,8.261765742645366e-07,0.004540023859590292,0.9954584836959839
1755,0,0,0.5547007918357849,0.019375495612621307,0.383897602558136,0.04202611744403839
1756,0,0,0.8949661254882812,8.305175924760988e-07,0.012005164287984371,0.09302780032157898
1757,2,2,1.5322844774345867e-05,6.805163934586744e-07,0.9985302686691284,0.0014536656672134995
1758,1,1,1.350576803815784e-05,0.9999858140945435,6.58914814266609e-07,4.231494799000757e-08
1759,1,1,7.730601225830469e-08,0.9999998807907104,6.26039220463781e-09,2.606920368464216e-08
1760,0,0,0.9998021721839905,0.00019653831259347498,2.755009518295992e-07,1.0449383580635185e-06
1761,1,1,1.0353980783861516e-08,1.0,1.9514312388224653e-09,2.0720840598897894e-09
1762,3,3,4.910823463433189e-06,3.676741966440744e-10,6.870539891679073e-06,0.9999881982803345
1763,2,2,0.0008473951602354646,1.4494857225599844e-07,0.9990832805633545,6.920353916939348e-05
1764,0,0,0.9942516088485718,1.2807548728233087e-06,9.292913455283269e-05,0.005654266104102135
1765,1,1,6.740481239830842e-06,0.9999617338180542,4.8506267376069445e-06,2.6676796551328152e-05
1766,2,2,1.925903006849694e-06,5.2031627006954295e-08,0.9997574687004089,0.00024060661962721497
1767,1,1,4.526303030161216e-07,0.9999995231628418,6.887496795116022e-08,1.8126238288118657e-08
1768,0,0,0.9896767735481262,7.039888259896543e-06,0.000660574238281697,0.009655632078647614
1769,2,2,7.982363058545161e-06,1.0765707969540017e-07,0.9999909400939941,9.84231064649066e-07
1770,2,3,0.00029910579905845225,7.645837740710704e-09,0.3887596130371094,0.6109412908554077
1771,2,2,0.0025254013016819954,0.004299182444810867,0.9896761775016785,0.0034992313012480736
1772,0,0,0.9999550580978394,2.4007556476135505e-06,3.557128366082907e-05,6.998858225415461e-06
1773,3,3,1.9277776175385952e-07,7.491860465336231e-09,0.021270662546157837,0.9787291288375854
1774,3,0,0.9983013868331909,8.920583383087433e-08,0.0014431547606363893,0.0002552562509663403
1775,2,2,0.0005048906314186752,3.31348019244615e-07,0.9993009567260742,0.00019386627536732703
1776,1,1,0.00012407945177983493,0.9951825737953186,0.00291920593008399,0.0017740133916959167
1777,1,1,5.1353900687445275e-08,1.0,7.978336213909643e-09,1.2538405869122471e-08
1778,0,0,0.9996418952941895,3.562840333870554e-07,0.0003541669575497508,3.5893856420443626e-06
1779,0,0,0.9892934560775757,2.1583641540701137e-08,0.01070642564445734,1.191980700809836e-07
1780,0,0,0.9999945163726807,5.411422080214834e-06,5.477888720406554e-08,2.6313546896972184e-08
1781,3,0,0.9974793791770935,1.8964596165460534e-05,0.0012372970813885331,0.0012644066009670496
1782,1,1,0.00013308861525729299,0.9998668432235718,6.250272521768352e-11,6.234680327565911e-09
1783,2,2,9.099346789298579e-05,1.691415718596545e-06,0.9998912811279297,1.6071015124907717e-05
1784,3,3,5.722709829569794e-06,5.96115967255173e-07,0.0038336776196956635,0.9961600303649902
1785,1,1,0.00013226277951616794,0.9998421669006348,1.1427275239839219e-05,1.4111849850451108e-05
1786,1,1,2.994932799538219e-07,0.9999996423721313,5.738243213926353e-09,1.2230137791391371e-08
1787,1,1,3.4175159271399025e-06,0.9999874830245972,6.563626584465965e-07,8.498634997522458e-06
1788,2,2,0.0004745687183458358,9.292919457948301e-06,0.9994900226593018,2.615197081468068e-05
1789,1,1,8.39147760416381e-05,0.9999160766601562,1.9657688810070795e-09,1.8721220129691574e-09
1790,2,3,3.7386743656497856e-07,1.4958284566546354e-07,0.005279903765767813,0.9947196245193481
1791,0,0,0.45737791061401367,1.3235151527624112e-05,0.34209752082824707,0.2005113661289215
1792,2,2,1.2933188600072754e-06,9.865894767813188e-09,0.5757032632827759,0.42429542541503906
1793,1,1,3.1071967896423303e-06,0.9999969005584717,1.30642685558513e-09,8.63618898616636e-10
1794,1,1,6.055498147361504e-08,0.9999988079071045,2.200649618089301e-07,8.948546792453271e-07
1795,3,3,1.5391476608783705e-06,5.772351485688887e-08,7.347846985794604e-05,0.9999250173568726
1796,2,2,5.843294638907537e-05,2.39345558838977e-06,0.9967888593673706,0.003150311531499028
1797,3,3,0.0023246684577316046,2.5481895704615454e-07,0.00018386078590992838,0.9974912405014038
1798,1,3,0.07202885299921036,0.004733316600322723,0.1767769455909729,0.7464609146118164
1799,2,2,6.325461754386197e-07,9.605659379019471e-09,0.9999992847442627,5.0475122748139256e-08
1800,0,0,0.9999986886978149,1.046809757099254e-06,8.099303983044592e-08,1.265897822122497e-07
1801,1,1,6.899050219999481e-10,1.0,2.5623095312177213e-10,2.551760192037733e-10
1802,3,3,2.2056106899981387e-05,0.0006032732198946178,0.00026228732895106077,0.9991124272346497
1803,1,1,6.631246833421756e-06,0.9999749660491943,2.0602945483005897e-07,1.8283964891452342e-05
1804,2,2,4.3284935600240715e-06,2.7628244581023864e-08,0.9999955892562866,4.0917033317100504e-08
1805,1,1,6.3343099654389334e-09,1.0,6.215988612723322e-09,1.4350354238246155e-10
1806,3,3,4.7099038056330755e-06,2.3949526806177346e-08,0.005283383186906576,0.9947118759155273
1807,1,1,4.757741010052996e-07,0.9999706745147705,2.7436219170340337e-05,1.385295490763383e-06
1808,0,0,0.9999992847442627,3.7590570656220734e-08,5.078455842522089e-07,2.4626663730487053e-07
1809,1,1,4.807109507964924e-05,0.9999233484268188,1.0106399713549763e-05,1.8480215658200905e-05
1810,1,1,8.088779395620804e-06,0.9999914169311523,4.523690222413279e-07,3.9710968735562346e-08
1811,3,2,8.270617399830371e-06,1.4393493756870157e-06,0.8413775563240051,0.15861281752586365
1812,1,1,3.2928055588854477e-06,0.9999963045120239,3.444230003424309e-07,3.931939929202599e-08
1813,0,0,0.9999991655349731,2.9151851776987314e-07,4.499806891544722e-07,9.044789806011977e-09
1814,3,3,0.0002191525127273053,3.1421754087546105e-09,0.006338156759738922,0.9934426546096802
1815,1,1,2.363454768783413e-05,0.9999756813049316,6.520954798361345e-07,2.150842881576409e-08
1816,0,0,0.9680820107460022,6.836768307039165e-08,0.012707117013633251,0.019210873171687126
1817,0,0,0.7837615609169006,0.2162381410598755,3.2535569971514633e-07,4.6272077725006966e-08
1818,0,0,0.9997361302375793,1.6675872904770017e-09,0.00026253992109559476,1.3178830613469472e-06
1819,2,2,2.3347234673565254e-05,1.8436131510313203e-09,0.9999707937240601,5.787835561932297e-06
1820,3,3,0.0001207309978781268,2.232959332104656e-06,0.0029390547424554825,0.9969379901885986
1821,1,1,6.42297877107012e-08,0.9999998807907104,2.513209917953674e-10,3.8215361430893324e-11
1822,0,0,0.9997982382774353,2.0654924810514785e-06,0.00017658555589150637,2.305119051015936e-05
1823,2,3,1.1273472409811802e-05,2.2356157103331498e-07,0.017794646322727203,0.9821938276290894
1824,1,1,2.587070184745244e-07,0.9999995231628418,6.452295142622688e-09,1.8024337578026461e-07
1825,2,2,7.845520303817466e-05,3.021542170245084e-06,0.9999115467071533,6.940972525626421e-06
1826,2,2,4.855828228755854e-05,5.49943888472626e-06,0.9998780488967896,6.790146289858967e-05
1827,0,0,0.990066409111023,0.0004404764040373266,0.008999889716506004,0.0004931692383252084
1828,0,0,0.9993507266044617,5.271935879136436e-05,0.00035536091309040785,0.0002411840105196461
1829,1,1,1.7896174995257752e-06,0.9999938011169434,4.354649718152359e-06,2.7304444927267468e-08
1830,1,1,9.979613224686545e-08,0.9999997615814209,3.401997616947483e-08,1.086709957576204e-07
1831,3,3,1.2526124010037165e-05,8.753967328800627e-09,0.016761671751737595,0.9832257628440857
1832,1,1,3.65951194680747e-07,0.9999996423721313,2.7580431272156147e-09,1.4695100247763548e-08
1833,3,3,4.1505049352963397e-07,1.0549886297894773e-08,0.0010723293526098132,0.9989272952079773
1834,0,0,0.9981497526168823,5.313707873710882e-08,3.398861372261308e-05,0.0018161532934755087
1835,0,3,0.06958522647619247,0.00010502394434297457,5.1391969464020804e-05,0.9302583932876587
1836,0,0,0.9999992847442627,5.4437624186221e-08,1.5370915207313374e-07,6.011670166117256e-07
1837,1,1,8.880861912530236e-08,0.9999998807907104,1.6134920954868903e-08,7.910226251794938e-09
1838,2,2,0.23958882689476013,4.160505795880454e-06,0.6386979818344116,0.12170905619859695
1839,0,3,0.05647333711385727,3.595662929001264e-05,6.697790377074853e-05,0.9434236288070679
1840,1,2,0.07878926396369934,0.0003051715611945838,0.9198951125144958,0.0010103759123012424
1841,0,0,0.9999998807907104,6.393234830426309e-10,8.224016134761314e-09,8.1794048867323e-08
1842,2,0,0.700724720954895,1.286832139157923e-05,0.29794880747795105,0.0013135975459590554
1843,0,0,0.9999698400497437,2.902312007790897e-05,1.0255574807160883e-06,2.938580756506326e-08
1844,0,0,0.999699592590332,5.304406158757047e-08,4.504036951402668e-06,0.00029588129837065935
1845,2,3,1.3295373264554655e-06,5.146414991941128e-07,0.016428770497441292,0.9835694432258606
1846,0,0,0.9999791383743286,2.1081591583538284e-08,1.3290909919305705e-06,1.9494376829243265e-05
1847,2,2,4.285439842988126e-07,6.988759793102872e-08,0.9999274015426636,7.201992411864921e-05
1848,0,0,0.9923033714294434,3.609216582844965e-05,0.00025628411094658077,0.007404261734336615
1849,1,1,0.0006203519878908992,0.9993796348571777,2.7456190654362445e-09,1.6578805883682435e-08
1850,0,0,0.9999988079071045,1.0895127644516833e-07,1.0607626563796657e-06,1.488050838105437e-08
1851,3,3,6.577372550964355e-05,2.2383314046692249e-07,0.020925438031554222,0.9790084958076477
1852,0,0,0.9999955892562866,2.4348848910449306e-06,1.957076392500312e-06,9.844924164781332e-08
1853,2,2,0.00921702478080988,0.0011198188876733184,0.9375298023223877,0.05213332921266556
1854,3,3,2.446276781142842e-08,9.684137936005754e-10,0.00021938826830592006,0.9997805953025818
1855,3,3,5.6637330999365076e-05,1.33891194309399e-06,0.03320882096886635,0.9667330980300903
1856,0,0,0.9992944002151489,3.157093306072056e-05,5.028794112149626e-05,0.0006237048073671758
1857,0,0,0.9995046854019165,0.0002678199962247163,9.985350516217295e-06,0.00021742882381659
1858,1,1,4.9208601922146045e-06,0.9999939203262329,3.7398283581069336e-08,1.0805479178088717e-06
1859,2,2,0.004494970198720694,5.071600028827561e-08,0.995109498500824,0.0003954425046686083
1860,0,0,0.9999995231628418,2.19751257191092e-08,2.1753218959474907e-07,2.1777401570943766e-07
1861,2,2,2.9769805678370176e-06,1.635211788197921e-08,0.9999779462814331,1.9101626094197854e-05
1862,2,2,8.024542330531403e-05,1.3585320424169822e-08,0.9797917008399963,0.020128052681684494
1863,3,3,9.778372600521834e-08,2.6383240037120004e-10,0.0005081105045974255,0.999491810798645
1864,3,3,0.007853584364056587,3.4430290725140367e-06,0.00012007391342194751,0.9920228719711304
1865,2,2,4.232160335959634e-06,5.6527717617882445e-08,0.9991639852523804,0.0008317215251736343
1866,0,0,0.9963221549987793,0.0002103817678289488,0.0014061182737350464,0.0020613602828234434
1867,0,0,0.9999701976776123,1.5978375955683077e-08,2.4208531613112427e-05,5.548704393731896e-06
1868,3,3,3.2148939226317452e-06,2.1026501428877964e-08,0.0010677691316232085,0.998928964138031
1869,0,1,0.19730153679847717,0.7889779806137085,0.012654323130846024,0.0010661837877705693
1870,2,3,0.03848688304424286,0.00012910098303109407,0.27125316858291626,0.690130889415741
1871,1,1,1.0964668945234735e-05,0.9999887943267822,1.4265046388572955e-07,9.070337370076231e-08
1872,0,0,0.9999831914901733,3.379801327696441e-09,1.3882999155612197e-05,3.011215085280128e-06
1873,3,1,1.8696955521591008e-05,0.9757624268531799,1.2240569049026817e-05,0.02420661970973015
1874,3,3,8.023482223507017e-05,7.334821106042e-08,0.0011133819352835417,0.9988062381744385
1875,2,2,1.6364834664273076e-05,5.967895333469642e-08,0.9999679327011108,1.5626010281266645e-05
1876,1,1,0.005561526864767075,0.994434654712677,3.5091800327791134e-06,3.535415942224063e-07
1877,0,0,0.9999992847442627,4.4530739273795916e-07,1.648572691692607e-07,2.0295318847729504e-07
1878,3,3,1.2669621355598792e-05,1.1399098553965814e-07,7.502333755837753e-05,0.9999121427536011
1879,1,1,9.997895176638849e-06,0.9988875985145569,2.021655745920725e-05,0.0010822159238159657
1880,0,0,0.9996459484100342,5.431914829046036e-08,0.00031024147756397724,4.383343912195414e-05
1881,3,3,0.11460361629724503,5.914819780628022e-07,0.15504273772239685,0.7303529977798462
1882,1,1,0.00015573196287732571,0.9998406171798706,3.6279866435506847e-06,3.298483974845112e-08
1883,3,3,0.04025397449731827,0.003213031217455864,0.008439246565103531,0.948093831539154
1884,3,2,1.0566279343038332e-05,7.092324505464376e-09,0.9830300211906433,0.016959426924586296
1885,3,3,0.0004023549263365567,1.328165808445192e-06,0.023178722709417343,0.9764176607131958
1886,0,0,0.9992474317550659,9.114029671764001e-05,0.00039425151771865785,0.0002671789552550763
1887,0,0,0.9998793601989746,7.388412992526128e-09,5.959978352620965e-06,0.00011460983660072088
1888,3,3,1.2171607295385911e-06,3.1124711141750083e-10,9.194282029056922e-05,0.9999067783355713
1889,3,3,0.00021366305008996278,1.737668782197943e-07,6.934483735676622e-06,0.9997792840003967
1890,3,3,3.346679022797616e-06,8.72916761096576e-09,0.009353017434477806,0.9906436800956726
1891,0,0,0.6165862083435059,2.4128169116011122e-06,0.242606982588768,0.14080442488193512
1892,2,2,0.0026296013966202736,4.4272692178992656e-08,0.9973082542419434,6.216900510480627e-05
1893,3,2,0.00010951460717478767,2.588928182944983e-08,0.8062612414360046,0.19362923502922058
1894,0,0,0.9999959468841553,8.325226730221402e-09,2.7428420708019985e-06,1.2759938954332029e-06
1895,3,3,1.746138877933845e-05,3.519257063544501e-07,0.0005901494878344238,0.999392032623291
1896,2,2,0.002089289715513587,4.397873176742451e-09,0.9978210926055908,8.959631668403745e-05
1897,2,2,0.00027032021898776293,3.2974040209410305e-07,0.9157413840293884,0.08398798853158951
1898,3,3,2.2669986719847657e-05,1.387760306670316e-07,0.012943661771714687,0.9870336055755615
1899,3,3,3.7956328924337868e-06,1.197637288896658e-06,0.023816868662834167,0.9761781096458435
1900,2,2,8.715915100765415e-07,1.429732243707349e-08,0.999993085861206,6.043112989573274e-06
1901,3,3,1.26880672723928e-06,1.78306365228309e-07,0.005319239571690559,0.99467933177948
1902,1,1,0.009255238808691502,0.9907429814338684,1.524828007859469e-06,2.754616730271664e-07
1903,0,0,0.9986888766288757,3.606178040627128e-07,0.0007215436780825257,0.0005892299814149737
1904,0,0,0.999957799911499,2.122468504239805e-05,1.3312045666680206e-05,7.67918027122505e-06
1905,3,3,5.499547910403635e-07,3.587174887798028e-06,0.0007248031324706972,0.9992710947990417
1906,1,1,3.867080806685408e-07,0.9999996423721313,2.3355299916261174e-09,1.2961185014148668e-08
1907,2,2,0.0034018184524029493,2.4541609491279814e-06,0.9965752959251404,2.0377525288495235e-05
1908,1,1,6.71610465019512e-08,0.9999998807907104,5.157775317954361e-10,2.076474547862972e-10
1909,0,0,0.5849015116691589,0.005748030263930559,5.989730198052712e-05,0.409290611743927
1910,1,1,7.735385588603094e-05,0.9999008178710938,1.2651150427700486e-05,9.234442586603109e-06
1911,3,3,0.0006718775839544833,1.0792206017740114e-10,0.00011001423990819603,0.9992181062698364
1912,0,0,0.999990701675415,5.274157501844456e-06,3.29135241372569e-06,6.492439865724009e-07
1913,2,2,0.0001184385982924141,1.9410675733411153e-08,0.9998587369918823,2.274287908221595e-05
1914,3,3,0.000210386177059263,6.7696346377488226e-06,0.003216465935111046,0.9965662956237793
1915,1,1,1.7822043840709512e-10,1.0,5.646916961810078e-11,1.790755911612596e-11
1916,3,3,8.925912879931275e-06,3.368265311110008e-08,0.17047430574893951,0.8295167684555054
1917,1,1,7.735290523669391e-07,0.9999992847442627,5.163458549617417e-11,5.137686276412978e-09
1918,3,3,0.0004050163261126727,1.7665827556356817e-07,0.21727313101291656,0.7823216319084167
1919,3,2,0.00026097489171661437,2.5198906428158807e-07,0.8910365104675293,0.10870224982500076
1920,2,2,0.02830972895026207,7.616916377628513e-07,0.9714177250862122,0.0002717350434977561
1921,2,2,0.000629049027338624,3.0943773765557125e-08,0.9941632151603699,0.0052076587453484535
1922,3,3,0.004165410529822111,2.0554954005547188e-07,0.00010870832920772955,0.9957256317138672
1923,3,3,0.00010262490104651079,1.3275441688165301e-06,0.0027728418353945017,0.9971231818199158
1924,2,2,0.008621303364634514,1.840460390667431e-05,0.9909937977790833,0.00036643960629589856
1925,0,0,0.9999978542327881,8.818066277171965e-09,1.983381935133366e-06,1.0529137739467842e-07
1926,2,2,1.499122390669072e-05,0.0002849065640475601,0.9676002860069275,0.03209980949759483
1927,2,2,5.605010665021837e-05,4.101435024495004e-06,0.7753652930259705,0.22457461059093475
1928,2,2,0.00013303889136295766,9.252993748987137e-08,0.9996399879455566,0.0002269757242174819
1929,2,2,9.215839963871986e-05,2.2231839480468807e-08,0.9999065399169922,1.2364434951450676e-06
1930,1,1,1.4060282410355285e-05,0.999983549118042,1.3435435448627686e-06,1.1152460501762107e-06
1931,1,1,3.173157892888412e-05,0.9999675750732422,4.87941861138097e-07,2.7883072561962763e-07
1932,1,1,5.220737511990592e-05,0.9999264478683472,2.0629511709557846e-05,6.70592498863698e-07
1933,0,0,0.9970634579658508,5.281793164613191e-06,0.002005260204896331,0.0009259773069061339
1934,0,0,0.999618649482727,0.000376582785975188,8.484355475957273e-07,3.942547209589975e-06
1935,3,3,1.684432049842144e-06,1.473056454592836e-09,3.6763583921128884e-05,0.9999614953994751
1936,0,0,0.9944652915000916,3.100224603258539e-06,0.00013442158524412662,0.005397220607846975
1937,3,3,0.00039143156027421355,6.930347495881506e-08,0.003190823597833514,0.9964176416397095
1938,3,3,6.351128831738606e-06,3.6879672649092754e-08,0.001397439162246883,0.9985962510108948
1939,0,0,0.9999507665634155,1.3577541757570089e-08,5.926796802668832e-06,4.323764005675912e-05
1940,3,3,1.540843368275091e-05,2.9393629574769875e-06,0.00033018161775544286,0.9996514320373535
1941,3,3,0.001754143857397139,0.000556665996555239,0.014118674211204052,0.9835704565048218
1942,1,1,3.3729341453181405e-07,0.9999996423721313,3.5770515438571238e-09,5.5811217869461416e-09
1943,0,0,0.9999994039535522,9.916462317960395e-08,1.362524386649966e-07,3.8473737618005543e-07
1944,1,1,5.462268291012151e-07,0.9999994039535522,2.2253991704968001e-10,5.378673617606466e-10
1945,1,1,6.551971182489069e-06,0.9999929666519165,5.293783829074528e-07,4.3961641438272636e-08
1946,0,0,0.7134113311767578,0.0014986884780228138,0.2717962861061096,0.013293636031448841
1947,1,1,3.5085922718280926e-05,0.9999598264694214,2.5732117592269788e-06,2.5197307422786253e-06
1948,1,1,3.6825974802923156e-07,0.9999996423721313,1.0449883625085477e-08,5.087509791223965e-08
1949,2,2,6.660175586148398e-06,1.2078717581687215e-08,0.9842995405197144,0.015693752095103264
1950,1,1,1.2088258394271634e-08,0.9999982118606567,9.930324296192339e-08,1.6134325733219157e-06
1951,0,0,0.988139271736145,1.935436131361712e-07,0.0005461547407321632,0.01131442654877901
1952,1,1,9.658299859438557e-06,0.9999889135360718,1.077423689821444e-06,3.466679174835008e-07
1953,3,3,4.037814505863935e-06,3.604587254812941e-05,0.0009993835119530559,0.9989604949951172
1954,3,3,2.085871102508463e-07,6.418017228781991e-10,0.00016513957234565169,0.9998346567153931
1955,3,3,2.7363211074771243e-07,2.6566062683031078e-09,0.0002005377900786698,0.9997991919517517
1956,3,1,1.9485112261463655e-06,0.9946357607841492,1.2196517218399094e-06,0.005361058749258518
1957,1,3,0.024041514843702316,0.028460098430514336,8.30615172162652e-05,0.9474152326583862
1958,2,2,3.1701924285698624e-07,7.960083081570701e-08,0.9999977350234985,1.7824418137024622e-06
1959,2,2,9.687882084108423e-06,6.173080691951327e-06,0.9999104738235474,7.366853969870135e-05
1960,1,1,1.224789048137609e-05,0.9997139573097229,0.00027217104798182845,1.5161508599703666e-06
1961,2,1,0.002368893474340439,0.5700972676277161,0.08303463459014893,0.3444991707801819
1962,2,2,0.0015094130067154765,5.906395017518662e-05,0.9784480333328247,0.01998339407145977
1963,1,1,0.0003109269600827247,0.9996873140335083,1.830116389101022e-06,4.700846645278034e-08
1964,3,3,1.123236401667782e-07,3.4604119036885095e-07,5.5824715673225e-05,0.999943733215332
1965,0,0,1.0,2.7998437346354876e-08,5.4452094389034755e-08,1.1949309319803092e-09
1966,0,0,0.9999980926513672,1.3892660888359387e-07,2.440420416860434e-07,1.4732587487742421e-06
1967,3,3,1.0576333124845405e-06,5.620734988553977e-09,0.0007617273950017989,0.9992371797561646
1968,3,3,1.1214882533749915e-06,1.9357961067445473e-10,0.00024734975886531174,0.9997515082359314
1969,1,1,1.3399087947618682e-05,0.9999834299087524,2.4287419364554808e-06,7.205384804365167e-07
1970,1,1,0.00016635656356811523,0.9981656670570374,0.001507097971625626,0.0001609339815331623
1971,0,0,0.9996840953826904,0.00030719340429641306,8.751317182031926e-06,8.731318246191222e-08
1972,2,2,0.012142350897192955,0.002190746134147048,0.985607385635376,5.9509577113203704e-05
1973,3,3,1.721190710668452e-05,1.6561119991820306e-05,0.0022006116341799498,0.9977656602859497
1974,2,2,0.031896255910396576,0.002464540535584092,0.9515538811683655,0.014085301198065281
1975,0,0,0.9998052716255188,4.798544978257269e-05,5.660709575749934e-05,9.013710223371163e-05
1976,0,1,0.09301351010799408,0.8960751295089722,0.004214789718389511,0.0066965618170797825
1977,0,0,0.9998985528945923,0.00010026284144259989,3.6847933415629086e-07,8.278112204607169e-07
1978,3,3,4.0208664131569094e-07,2.166276935611222e-09,0.0009827918838709593,0.9990167617797852
1979,0,0,0.9999686479568481,9.455678082304075e-06,7.897218097241421e-07,2.1005844246246852e-05
1980,0,0,0.9999991655349731,9.607861528593276e-08,7.630661116309057e-07,1.4811053716812239e-08
1981,0,0,0.9999918937683105,1.8197364681782346e-07,6.603918336622883e-06,1.3199601198721211e-06
1982,1,1,1.370921722809726e-07,0.9999998807907104,2.303431045902471e-08,1.6299530614105606e-09
1983,3,3,6.670040875178529e-08,4.184616955171805e-07,0.0008217438589781523,0.9991776347160339
1984,3,3,3.149757321807556e-05,3.762223457215441e-07,0.0019474076107144356,0.9980207681655884
1985,1,1,7.841897968319245e-06,0.9999918937683105,1.4393776837096084e-07,1.6741130082209565e-07
1986,3,3,0.0009122295887209475,5.070969866238784e-09,0.0001804133935365826,0.9989073276519775
1987,0,3,0.35728326439857483,0.08406933397054672,0.0005037636728957295,0.558143675327301
1988,3,3,0.00014479427773039788,1.3140086352336766e-08,0.0013228296302258968,0.9985324144363403
1989,2,2,0.0278403889387846,0.059962477535009384,0.7621601819992065,0.1500369757413864
1990,3,3,1.2444067579053808e-05,4.496821202337742e-05,0.018967028707265854,0.9809755086898804
1991,2,3,0.0008027945295907557,1.2600121408468112e-05,0.16770178079605103,0.8314828872680664
1992,1,1,7.799962077115197e-06,0.9999113082885742,6.332619523163885e-05,1.7581780412001535e-05
1993,2,2,0.0006703741382807493,5.5550131605741626e-08,0.9993158578872681,1.3762210073764436e-05
1994,0,0,0.9999872446060181,3.4298211630812148e-06,6.545875294250436e-06,2.7563696676224936e-06
1995,2,2,0.00011262960470048711,8.28883361947419e-09,0.9998854398727417,1.8664094341147575e-06
1996,3,3,1.640488153498154e-05,7.483196640123424e-08,0.005475511308759451,0.9945079684257507
1997,2,2,9.836476237978786e-06,4.813368814637897e-09,0.9933637380599976,0.006626445334404707
1998,0,0,0.9873381853103638,0.01261115726083517,3.629588900366798e-05,1.4353667211253196e-05
1999,1,1,0.00045995437540113926,0.9995386600494385,6.241151595531846e-07,8.00016721314023e-07
2000,1,1,0.00029584814910776913,0.9544983506202698,0.04509115591645241,0.00011453519982751459
2001,1,1,1.1096308298874646e-06,0.9999731779098511,1.0436844604555517e-05,1.5199515473796055e-05
2002,1,1,1.973791086129495e-06,0.9999979734420776,2.7208522102029065e-09,2.030107637551737e-09
2003,1,1,2.008212322834879e-05,0.9999799728393555,1.872191734975104e-09,9.02324970297741e-09
2004,0,0,0.9928830862045288,1.448916862045735e-07,0.007112780120223761,4.002329205832211e-06
2005,2,3,0.00013591603783424944,7.783615728840232e-05,0.10169979184865952,0.8980864882469177
2006,3,2,2.492747853466426e-06,1.2733348597748773e-08,0.5824518799781799,0.4175456166267395
2007,3,3,3.356039087520912e-05,6.056429668888086e-08,0.0008661862812004983,0.9991002082824707
2008,1,1,6.69021246721968e-05,0.9997550845146179,0.0001129897209466435,6.50295551167801e-05
2009,3,3,0.012996703386306763,1.002313751996553e-06,0.0003359731344971806,0.9866662621498108
2010,2,2,2.9613916922244243e-05,4.8384549700131174e-09,0.9995775818824768,0.00039271858986467123
2011,0,0,0.9999179840087891,9.473001227888744e-07,3.453063982306048e-05,4.654526856029406e-05
2012,0,0,0.9999990463256836,2.5532611402923067e-07,3.5458836578072805e-07,3.156566492634738e-07
2013,0,0,0.9995393753051758,0.00045477147796191275,3.2078362437459873e-06,2.6916281967714895e-06
2014,0,0,0.9980602860450745,2.560896916747879e-07,0.0006815720698796213,0.0012578458990901709
2015,0,0,0.9997151494026184,7.982517854543403e-05,5.51410521438811e-05,0.0001498850469943136
2016,0,0,0.9999459981918335,1.7630713045946322e-05,2.8228921564732445e-06,3.349258622620255e-05
2017,2,2,0.014359909109771252,0.0002132117806468159,0.8631032109260559,0.12232367694377899
2018,1,1,9.001341538805718e-08,0.9999995231628418,2.1758777002389706e-09,3.403046662242559e-07
2019,1,1,8.225641181525134e-07,0.9999991655349731,3.0560158847947605e-08,5.0243893490176106e-09
2020,0,0,0.9999992847442627,1.4352200139455817e-07,9.974393577749652e-08,4.0961600689115585e-07
2021,0,0,0.9999997615814209,3.2952609529957044e-08,9.425468050494601e-08,1.2900619594802265e-07
2022,0,0,0.9996678829193115,3.7219740534055745e-06,0.0001402548368787393,0.00018817221280187368
2023,1,1,4.117305962836326e-08,1.0,8.887564018067451e-10,8.025876074846394e-10
2024,0,0,0.9999849796295166,9.912244422594085e-06,5.176068953005597e-06,2.21176481574048e-08
2025,3,3,1.8922397430287674e-05,2.259273435001319e-09,0.0012166356900706887,0.9987645149230957
2026,1,1,0.0001194946889881976,0.9997705817222595,0.00010890341218328103,1.0153208904739586e-06
2027,0,0,0.9999916553497314,1.7593293932804954e-08,6.408798071788624e-06,1.933869725689874e-06
2028,0,1,0.004774163942784071,0.9952257871627808,4.0234628073676504e-08,2.5697268313251698e-08
2029,0,0,0.9998565912246704,4.007775800118907e-08,1.176431283056445e-06,0.00014214796829037368
2030,0,0,0.9995492100715637,1.589465136930812e-05,5.9887584939133376e-05,0.0003749151364900172
2031,1,1,1.2431790992195602e-06,0.9999988079071045,2.06187866780283e-09,2.701365131585476e-09
2032,1,1,0.0013270211638882756,0.9986716508865356,1.792307955383876e-07,1.1797530987678329e-06
2033,2,2,0.00043868247303180397,7.587212894577533e-05,0.9991158843040466,0.00036958084092475474
2034,3,3,6.8988547354820184e-06,3.946468485338528e-09,4.476673893805128e-06,0.9999886751174927
2035,2,2,3.3720054489094764e-05,1.0793068213388324e-05,0.9816359281539917,0.018319636583328247
2036,1,1,5.95874462305801e-06,0.9950991272926331,0.004417593125253916,0.0004773537802975625
2037,0,0,0.9988223910331726,8.54221434565261e-05,0.0007527393172495067,0.0003394342493265867
2038,2,2,1.6963975213002414e-05,1.5378298030555015e-06,0.7751263976097107,0.22485500574111938
2039,1,1,2.4742915272213395e-08,1.0,9.95219906485545e-09,2.896584916367573e-10
2040,1,1,0.00025540939532220364,0.9993337988853455,0.0004088479618076235,1.937794650075375e-06
2041,3,3,7.218996324809268e-05,3.906180836565909e-07,0.0002730012347456068,0.9996544122695923
2042,0,0,0.9999505281448364,3.597427356005767e-10,1.389010094499099e-06,4.79978698422201e-05
2043,0,0,0.9993816614151001,2.755391506070737e-06,0.00048447956214658916,0.00013106889673508704
2044,1,1,0.0001350646052742377,0.9998648166656494,7.5300071955553e-08,2.048257741193993e-08
2045,1,1,3.814740466623334e-06,0.9999960660934448,1.443008130763701e-07,7.325463013962974e-10
2046,2,2,0.0032357037998735905,0.21933706104755402,0.6346720457077026,0.1427551954984665
2047,0,3,0.30588483810424805,0.00519047025591135,0.34092381596565247,0.34800079464912415
2048,1,1,2.426687517598225e-09,0.9999998807907104,1.1331118798807438e-07,1.835117835469191e-08
2049,2,2,3.2406937862106133e-06,5.1760114416765646e-08,0.9998737573623657,0.0001229307526955381
2050,1,1,6.5533818371932284e-09,1.0,3.193724751326954e-08,9.221043484330949e-09
2051,1,1,2.2439836300236493e-07,0.9999991655349731,2.2118142339877522e-07,3.024036629994953e-07
2052,1,1,0.13404294848442078,0.8064936995506287,0.0006126233492977917,0.058850761502981186
2053,0,2,0.010748564265668392,5.053118812270441e-08,0.9456847906112671,0.043566588312387466
2054,0,0,0.9999998807907104,1.230806745411428e-08,1.6518557188760497e-08,6.727963608454957e-08
2055,0,0,0.9997537732124329,1.9414728740230203e-06,0.0001006010570563376,0.00014364594244398177
2056,0,0,0.9999996423721313,2.623781938382308e-07,5.279458292761774e-08,8.194565026542477e-08
2057,0,2,0.3033682405948639,2.509180376364384e-06,0.6964296102523804,0.00019963404338341206
2058,1,1,4.3059831256186953e-08,0.9999990463256836,5.177960815672122e-07,3.445612719588098e-07
2059,0,0,0.9999899864196777,4.2203549810437835e-07,2.407996134934365e-06,7.187324627011549e-06
2060,0,0,0.9999905824661255,6.103286523284623e-06,3.114617584287771e-06,2.0165222736068245e-07
2061,3,3,3.670285764201253e-07,2.9755991448610075e-08,0.025714563205838203,0.9742850661277771
2062,2,3,1.813960608387788e-07,1.3593960090929613e-07,7.121638918761164e-05,0.9999284744262695
2063,0,0,0.9971237778663635,4.252357541645324e-07,0.0002207204233855009,0.002655021846294403
2064,1,1,5.235315736484836e-09,1.0,3.7949337006182304e-09,2.5179376361705863e-09
2065,0,0,0.9907302260398865,4.878584149992093e-07,7.843525963835418e-05,0.009190835990011692
2066,1,1,1.4536383332597325e-06,0.9999985694885254,1.0980020226369902e-09,3.4003377891167474e-09
2067,2,2,1.364886799137821e-07,5.263783364739538e-08,0.9999997615814209,2.1775150571556878e-08
2068,2,2,1.4701208783662878e-07,1.4191608999070127e-10,0.9999998807907104,1.50007828381149e-08
2069,1,1,1.2845057995036768e-07,0.9999998807907104,7.70138353090033e-09,4.744938220113681e-09
2070,3,3,0.00022806240303907543,1.8087536091115908e-07,0.00020486125140450895,0.9995668530464172
2071,0,0,0.9998761415481567,0.00012240787327755243,7.878044243625482e-07,5.500515953826834e-07
2072,1,1,2.5151007321255747e-07,0.9999997615814209,2.408137911302788e-09,1.5975856193506388e-09
2073,0,0,0.9999632835388184,9.055059308593627e-06,2.270306140417233e-05,4.97630207973998e-06
2074,0,0,0.9999322891235352,3.5848513562086737e-06,3.5564229619922116e-05,2.863375993911177e-05
2075,1,1,0.00013670211774297059,0.9998624324798584,4.618400453182403e-07,3.4785395541803155e-07
2076,0,0,0.999897837638855,0.00010096687765326351,5.2840101716356e-07,7.598105185024906e-07
2077,1,1,2.6441637146490393e-06,0.9999972581863403,1.300583534202815e-07,3.0511915216635543e-09
2078,1,1,2.82400810647232e-06,0.9999971389770508,1.7945900765425904e-08,6.150583931052722e-10
2079,1,1,1.2524954229320429e-07,0.9999998807907104,4.0292587044632455e-09,8.990684641219104e-09
2080,2,2,9.18320583878085e-05,2.7602093268797034e-06,0.9808642268180847,0.019041242077946663
2081,3,3,1.1412446383474162e-06,7.943875601768013e-08,5.864982085768133e-06,0.999992847442627
2082,3,3,6.460824124587816e-07,4.474524084585596e-10,0.001099580549634993,0.9988996982574463
2083,0,0,0.9999970197677612,2.905884457504726e-06,8.613974245008649e-08,9.746078610817221e-09
2084,2,2,7.609125987073639e-06,3.2428386642635587e-09,0.9999915361404419,8.828764634927211e-07
2085,3,3,0.0001745270419633016,1.7210420992341824e-05,0.0011271751718595624,0.9986810088157654
2086,2,2,0.03600819781422615,0.00019430863903835416,0.9537678956985474,0.010029613971710205
2087,0,0,0.9999828338623047,1.279641370643958e-08,1.719980537018273e-05,3.969919148971712e-08
2088,0,0,0.8913151621818542,2.2503931177197956e-05,0.000991661800071597,0.10767070949077606
2089,3,3,4.266240921424469e-06,2.8024089715472655e-06,0.009911957196891308,0.9900808930397034
2090,1,1,1.2958212209923659e-05,0.9999861717224121,4.974021976522636e-07,3.4879661825470976e-07
2091,2,2,2.004638736252673e-05,1.2695342775259633e-05,0.5378600358963013,0.46210718154907227
2092,0,0,0.9999998807907104,1.3169038304283731e-08,4.853953328165517e-08,7.125662904172714e-08
2093,3,3,3.432218704801926e-07,3.229056355635862e-09,0.010052962228655815,0.9899466633796692
2094,3,0,0.7856318950653076,0.00042753570596687496,0.007180201821029186,0.20676039159297943
2095,3,2,6.120915350038558e-05,7.79493518621166e-08,0.608538806438446,0.39139989018440247
2096,1,1,1.0962567102978937e-05,0.999985933303833,3.032690983673092e-06,1.5330188318785076e-07
2097,1,1,8.287420496344566e-05,0.9999170303344727,1.422252204896779e-09,1.5104551209788042e-07
2098,2,2,0.00013281774590723217,2.09617269320006e-06,0.9990563988685608,0.0008087299065664411
2099,1,1,1.677419277257286e-05,0.9999574422836304,1.3132769709045533e-05,1.2576799235830549e-05
2100,3,3,0.00203513540327549,1.1603743814703193e-06,0.005578084848821163,0.9923856258392334
2101,3,1,0.017378343269228935,0.655837893486023,0.22121910750865936,0.10556463897228241
2102,3,3,0.012114282697439194,1.2006285965426855e-09,0.0004913408774882555,0.9873943328857422
2103,3,3,3.1399386557495745e-07,1.6083179232850853e-08,0.00014089742035139352,0.9998587369918823
2104,3,3,8.760072205404867e-07,1.9957223429400983e-08,0.0007801917381584644,0.9992189407348633
2105,0,0,0.8374253511428833,0.0006527602672576904,0.1551269143819809,0.00679502310231328
2106,3,3,5.560116915148683e-05,4.591715896395954e-09,0.0017597476253286004,0.9981846213340759
2107,3,3,4.996448114980012e-05,3.9919370919960784e-08,0.00012979975144844502,0.9998202919960022
2108,0,0,0.9998188614845276,8.672809781273827e-05,1.3672034526734933e-07,9.428433259017766e-05
2109,1,1,2.1906578695052303e-05,0.9999731779098511,4.568516942526912e-06,3.5655918395605113e-07
2110,1,1,0.002347132656723261,0.9538394808769226,0.0021582688204944134,0.04165511578321457
2111,2,2,2.221062004537089e-06,6.774866223580034e-10,0.999997615814209,1.4201697240423528e-07
2112,3,3,1.2508972524472028e-08,2.1694011032025173e-09,6.904904148541391e-05,0.9999309778213501
2113,3,3,2.1032601438264464e-08,5.296288918543723e-07,0.028844857588410378,0.9711545705795288
2114,1,1,2.3829873043723637e-06,0.9999964237213135,2.564477519229058e-09,1.2241312106198166e-06
2115,3,2,4.958897079632152e-06,2.301861604792066e-05,0.669189453125,0.33078253269195557
2116,2,2,7.174872007453814e-05,1.732228156470228e-06,0.9999215602874756,4.983331564289983e-06
2117,2,2,3.689799996209331e-05,8.777818472083254e-10,0.9998735189437866,8.951215568231419e-05
2118,0,0,0.9999995231628418,4.265449149443157e-08,3.2429220198082476e-08,3.8812231650808826e-07
2119,1,1,1.470406907344568e-09,1.0,3.924191700754864e-12,4.4667446824631085e-12
2120,2,3,9.654687346483115e-06,3.0927130865165964e-05,0.04713762179017067,0.9528217911720276
2121,2,2,0.0007795172859914601,5.474258159665624e-06,0.9992104768753052,4.580915629048832e-06
2122,3,2,0.0010533543536439538,0.0011912182671949267,0.9935319423675537,0.0042234486900269985
2123,2,2,3.387135848242906e-06,6.718009704087535e-09,0.9999960660934448,5.953859272267437e-07
2124,2,3,8.30221688374877e-06,2.0111972531822175e-08,0.31638139486312866,0.6836103200912476
2125,0,0,0.9999991655349731,5.3195744698086855e-08,6.623749300160853e-07,5.501106414840251e-08
2126,3,0,0.9964978694915771,5.555346760388602e-08,0.0007756759296171367,0.0027263343799859285
2127,2,2,1.6508005273863091e-06,4.078272922924953e-06,0.9999940395355225,1.6543063452445494e-07
2128,3,3,8.662013715365902e-05,6.657804533460876e-06,1.257473741134163e-06,0.9999054670333862
2129,3,3,3.529788727973937e-06,5.880939397684415e-07,0.0064644888043403625,0.9935314059257507
2130,3,3,7.31085820007138e-05,1.5011688958566083e-07,0.001029042061418295,0.9988976716995239
2131,3,3,0.037618238478899,3.4615794675119105e-07,0.2648254632949829,0.6975559592247009
2132,1,1,5.403369129908242e-08,0.9999997615814209,2.2540193711506618e-08,1.1351169604267852e-07
2133,3,3,1.6533853340661153e-05,2.4015362143359198e-08,0.001791183021850884,0.9981922507286072
2134,0,0,0.996249258518219,1.0685017315381629e-07,0.0027271518483757973,0.0010234708897769451
2135,0,3,0.2856312692165375,0.005408080760389566,0.07492941617965698,0.6340312361717224
2136,1,1,1.3580418567471497e-07,0.9999998807907104,1.2982898089930472e-10,4.3845691521937624e-09
2137,0,0,0.9999982118606567,5.116687518125218e-08,1.083473875951313e-06,7.003163204899465e-07
2138,3,0,0.9964060187339783,1.0854120773728937e-05,0.0007062669028528035,0.0028767718467861414
2139,3,3,8.36479046029126e-07,5.90849857928788e-08,2.394700095464941e-05,0.9999752044677734
2140,0,0,0.9999362230300903,1.8035989057807456e-07,1.4580424249288626e-05,4.908430855721235e-05
2141,3,3,0.00048384154797531664,8.807694939605426e-06,0.002698774915188551,0.9968085885047913
2142,3,3,6.61289413983468e-06,3.318864116863551e-08,0.0002568626659922302,0.999736487865448
2143,3,3,2.2292053358796693e-07,2.645245729127055e-07,0.001830217894166708,0.9981693029403687
2144,1,1,2.908256249156693e-07,0.9999960660934448,1.265131110983475e-08,3.6231424473953666e-06
2145,3,3,1.1911581623280654e-06,1.3999015209265053e-05,0.017580246552824974,0.9824045300483704
2146,1,1,3.1566798952553654e-07,0.9999996423721313,7.302186588731274e-08,2.851482383547932e-09
2147,1,1,3.5009481962333666e-06,0.999996542930603,4.3235776070460474e-11,1.8104614474268033e-09
2148,2,2,0.00024709562421776354,1.4683528171133275e-08,0.9997344613075256,1.8465523680788465e-05
2149,3,3,0.00021811046462971717,4.4008789501504e-08,5.206565765547566e-05,0.9997298121452332
2150,0,0,0.9279123544692993,0.0065334271639585495,0.0553445890545845,0.010209630243480206
2151,3,3,1.998828702198807e-05,5.488300924838541e-09,0.007962716743350029,0.9920172691345215
2152,2,2,0.0003196879115421325,5.702390737383212e-08,0.9978042244911194,0.001875977497547865
2153,1,1,2.5882807676680386e-05,0.9999732971191406,5.359048600439564e-07,1.7923623829574353e-07
2154,0,0,0.9987308382987976,2.331244786546449e-06,4.234461084706709e-05,0.0012244607787579298
2155,1,1,4.2870880861300975e-05,0.9999570846557617,4.745902781877476e-09,6.18812467934049e-09
2156,2,2,0.014377552084624767,4.231011189403944e-06,0.9856088757514954,9.246473382518161e-06
2157,2,2,0.00015738033107481897,5.1662109257222255e-08,0.9997542500495911,8.82624153746292e-05
2158,0,0,0.9950460195541382,2.3259759984739503e-07,0.0015348114538937807,0.0034189443103969097
2159,0,0,0.9999767541885376,2.1009840565966442e-05,1.9809979221463436e-06,1.9600082623583148e-07
2160,1,1,1.4074749742576387e-05,0.9999858140945435,4.2139848943634206e-08,1.64884298214929e-07
2161,0,0,0.9981899857521057,6.0492260672617704e-05,0.0016905383672565222,5.893731213291176e-05
2162,3,3,3.4112435969291255e-05,1.0340200788050424e-05,0.00419236533343792,0.9957631826400757
2163,2,2,0.0058174277655780315,2.7316696105117444e-06,0.9938608407974243,0.00031891046091914177
2164,0,0,0.825655996799469,0.11145738512277603,0.06278228759765625,0.00010425538494018838
2165,3,3,1.644819604962322e-07,3.6097014266545102e-09,0.000271276367129758,0.9997285008430481
2166,3,3,2.8344389647827484e-05,0.00017118862888310105,0.0010277152759954333,0.9987726807594299
2167,0,0,0.8278299570083618,2.7516315981301886e-07,0.1617026925086975,0.010467072017490864
2168,2,2,0.00016345617768820375,7.748511166028038e-07,0.6671276688575745,0.33270812034606934
2169,2,3,2.407325155218132e-05,1.7492547499387e-07,0.0027997486758977175,0.9971760511398315
2170,3,3,1.5374738723039627e-05,1.033362991620379e-06,0.00014764501247555017,0.9998358488082886
2171,1,1,6.631988526351051e-06,0.9999923706054688,4.272056344234443e-07,5.425126232694311e-07
2172,0,0,0.9995970129966736,5.584239737288499e-09,5.89540068176575e-05,0.00034404968027956784
2173,0,1,0.0005013273912481964,0.9993719458580017,0.00011492326302686706,1.1840966180898249e-05
2174,0,0,0.9999995231628418,3.3618479111652277e-09,8.008127849734592e-08,3.893033806434687e-07
2175,2,2,5.67427123314701e-05,9.878946549690681e-10,0.9999426603317261,6.424942853300308e-07
2176,3,3,0.0002496681991033256,1.9221799902879866e-06,0.4049765467643738,0.5947718620300293
2177,3,2,3.4398890420561656e-06,8.732578038461725e-08,0.9372029304504395,0.06279352307319641
2178,3,3,0.01388617418706417,1.9493064939979377e-07,0.0018137231236323714,0.9842998385429382
2179,3,2,9.196395694743842e-06,3.9981853205972584e-07,0.7909917831420898,0.20899856090545654
2180,3,3,4.44091983808903e-06,5.163893490589544e-08,0.01670030876994133,0.9832952618598938
2181,3,3,6.198283841740704e-08,2.8626294668043784e-09,5.0865401135524735e-06,0.9999948740005493
2182,2,2,2.9344002541620284e-05,7.987205563608768e-09,0.9999685287475586,2.088563860525028e-06
2183,0,0,0.962689995765686,7.732683116046246e-06,0.026179326698184013,0.011122948490083218
2184,0,0,0.9999996423721313,2.538056709244785e-10,2.180080258540329e-07,1.65874524782339e-07
2185,3,3,0.0029041694942861795,5.9483481891220436e-06,0.0009995854925364256,0.9960902333259583
2186,2,3,3.320453470223583e-05,6.880267847009236e-06,0.08881350606679916,0.9111464023590088
2187,0,0,0.9999964237213135,1.3403095522335207e-07,2.330408506168169e-06,1.066292838913796e-06
2188,2,2,2.069244146696292e-06,2.2350828743356033e-08,0.9999953508377075,2.6255688680976164e-06
2189,2,2,4.6479050297421054e-07,1.0110479564673369e-08,0.9999994039535522,6.93008530561201e-08
2190,2,2,6.616010796278715e-05,3.568879401427694e-05,0.9680722951889038,0.03182589262723923
2191,3,0,0.9018916487693787,1.17697891255375e-05,0.0011470355093479156,0.09694945067167282
2192,1,1,0.0021229940466582775,0.997876763343811,1.766391477531215e-07,8.550692598419118e-08
2193,3,3,0.0003648912825156003,7.589434517285554e-06,0.004913948476314545,0.9947136044502258
2194,3,3,4.089232845672086e-07,1.1631954427437918e-10,0.004242557100951672,0.9957570433616638
2195,0,0,0.9997887015342712,8.73522185429465e-06,0.000149210769450292,5.339064955478534e-05
2196,3,3,0.000467357924208045,1.1536526471900288e-06,8.779557538218796e-05,0.9994435906410217
2197,3,3,4.487166279432131e-06,3.431840767120775e-08,4.8870562750380486e-05,0.9999465942382812
2198,2,2,0.11932173371315002,0.00023830421559978276,0.8760730624198914,0.00436690729111433
2199,3,3,1.9345863222497428e-07,1.9856843280763314e-08,6.299716915236786e-06,0.9999935626983643
2200,3,2,0.04908621311187744,0.012151532806456089,0.6509962677955627,0.2877660393714905
2201,1,1,1.639111724216491e-05,0.9999830722808838,3.029333672799339e-09,4.3036300212406786e-07
2202,3,3,3.847910079457506e-07,1.6300426564086479e-09,0.13283880054950714,0.8671607375144958
2203,0,0,0.9999932050704956,5.050813811635635e-08,1.287615987166646e-07,6.636422767769545e-06
2204,2,2,1.1545380402822047e-06,2.8900495863126707e-07,0.9999655485153198,3.296844442957081e-05
2205,0,0,0.8856837153434753,5.119240586992646e-09,0.11431180685758591,4.393716608319664e-06
2206,2,2,3.7863717352593085e-06,9.142981838294872e-08,0.9999951124191284,9.711000075185439e-07
2207,2,3,4.325643203628715e-07,6.254268924976714e-08,0.12064868956804276,0.8793507814407349
2208,3,3,2.4421304260613397e-05,6.690520990559889e-07,0.03475089371204376,0.9652239680290222
2209,3,3,4.7726454795338213e-05,2.0040564763235125e-09,0.00502921175211668,0.9949230551719666
2210,3,3,5.41410827281652e-06,8.214457558608501e-09,0.011222055181860924,0.9887725710868835
2211,3,3,1.7604855884201243e-06,4.456908868633036e-07,0.00033723420347087085,0.9996604919433594
2212,2,2,8.655916644784156e-06,1.5346015061368234e-05,0.9979413151741028,0.002034649020060897
2213,2,2,2.3783821234246716e-05,1.1154769907761874e-07,0.9999755620956421,4.913419502372562e-07
2214,2,2,3.2685036330803996e-06,7.342021126532927e-05,0.9996086955070496,0.0003146645613014698
2215,0,1,0.42379534244537354,0.5743145942687988,0.0006433475064113736,0.0012466819025576115
2216,1,1,4.536177016234433e-07,0.9999994039535522,1.0322287025132937e-08,6.301159061194994e-08
2217,3,3,1.1467564036138356e-06,1.5978001144389964e-09,5.925869118073024e-05,0.9999395608901978
2218,0,0,0.9991926550865173,8.40250038436352e-08,0.00012553758278954774,0.0006816628156229854
2219,0,3,0.000300289859296754,3.52771081679748e-07,2.2423453629016876e-05,0.9996769428253174
2220,1,1,1.3076710558834748e-07,0.9999998807907104,3.366592693510029e-08,3.978497531420544e-09
2221,1,1,3.684860075736651e-06,0.9999963045120239,8.284800623314936e-10,2.889876560274729e-09
2222,3,3,2.8482527341111563e-05,9.162515084426559e-07,0.0020378134213387966,0.9979327917098999
2223,3,3,5.214146270304809e-08,3.098211465157874e-09,0.00031193465110845864,0.9996880292892456
2224,0,0,0.6293991804122925,0.16236606240272522,0.098134346306324,0.11010044813156128
2225,3,3,5.902937118662521e-06,2.0585449789223276e-08,0.17151224613189697,0.8284818530082703
2226,0,0,0.9999958276748657,1.045221509343719e-08,3.950324753532186e-06,2.0815448920075141e-07
2227,2,2,5.697581855201861e-06,2.144766284573052e-07,0.9797377586364746,0.02025628462433815
2228,0,0,0.9992616772651672,0.00033460999839007854,0.0002743343939073384,0.00012935376435052603
2229,1,1,5.909448645979865e-07,0.9999867677688599,1.1734082363545895e-05,9.178922937280731e-07
2230,1,1,7.718837764514319e-07,0.9999966621398926,1.9199355847376864e-06,6.180861191751319e-07
2231,0,0,0.9996815919876099,7.088384154485539e-05,0.0001162485423265025,0.00013136530469637364
2232,2,2,0.0007924775709398091,8.866317671163415e-07,0.9512453079223633,0.04796126112341881
2233,2,2,0.024793550372123718,0.00011562645522644743,0.7715440392494202,0.20354679226875305
2234,2,3,0.20115934312343597,9.0864508820232e-05,0.007959348149597645,0.7907903790473938
2235,1,1,0.0024928573984652758,0.9710993766784668,0.013469514437019825,0.012938258238136768
2236,0,0,0.9015863537788391,2.415338713035453e-06,0.018006078898906708,0.08040517568588257
2237,0,0,0.9999990463256836,9.691951845525182e-07,7.261109491452089e-09,2.7622176546060473e-08
2238,2,2,3.4300892792771265e-08,2.128321284544654e-06,0.9999892711639404,8.569260899093933e-06
2239,1,1,8.192251499394843e-08,0.9999995231628418,4.0139622115020757e-07,1.2958316197853037e-08
2240,1,1,1.61173918655777e-08,1.0,2.3997875908676747e-10,6.819581011008324e-11
2241,0,0,0.999783456325531,6.389773261616938e-06,9.456938641960733e-06,0.00020070797472726554
2242,0,0,0.9999995231628418,7.15203469781045e-08,3.3804462873376906e-07,9.289750124708007e-08
2243,1,1,0.008155814372003078,0.9914023280143738,4.460958734853193e-06,0.00043736377847380936
2244,1,3,0.016691330820322037,0.050389841198921204,0.008178411982953548,0.9247404336929321
2245,3,3,0.000303233799058944,2.774391305138124e-06,0.016680700704455376,0.9830132126808167
2246,0,0,0.9994685053825378,0.0003267412830609828,0.00017080674297176301,3.388270488358103e-05
2247,0,2,0.22451314330101013,1.4944892257062747e-07,0.6183851361274719,0.15710167586803436
2248,3,3,0.009344413876533508,0.018674038350582123,0.03753842040896416,0.9344431161880493
2249,0,0,0.9999973773956299,2.403436837994377e-06,7.259536261017274e-08,5.2882647594287846e-08
2250,1,1,0.0003972628037445247,0.999591052532196,8.941430678532925e-06,2.7071159820479807e-06
2251,3,3,0.018298344686627388,6.370093341701022e-09,0.02564874105155468,0.9560528993606567
2252,3,3,3.836721589323133e-06,2.7927797852100866e-09,8.010794772417285e-06,0.9999881982803345
2253,2,2,8.214509580284357e-05,1.1768328477046452e-05,0.9430206418037415,0.05688538774847984
2254,0,0,0.9999876022338867,2.827802703109228e-08,3.4646834592422238e-06,8.889675882528536e-06
2255,3,0,0.6689019799232483,0.0007255548262037337,0.07703188806772232,0.25334063172340393
2256,3,3,7.375140557996929e-05,1.7809411723135327e-09,0.2974834740161896,0.7024427652359009
2257,2,2,0.02414632774889469,4.239674672135152e-05,0.9643829464912415,0.01142826210707426
2258,2,2,1.204042746394407e-06,2.6557045202935115e-06,0.71705162525177,0.2829444706439972
2259,2,2,8.422648534178734e-06,9.379221665994919e-08,0.999990701675415,7.369333729911887e-07
2260,2,2,2.342470452276757e-06,7.398114121315302e-07,0.9489445090293884,0.05105230584740639
2261,1,1,6.234899046830833e-06,0.9999938011169434,2.3049544495279406e-09,8.287023844921748e-10
2262,3,3,1.6221720215980895e-06,4.056847635602878e-10,1.5902223822195083e-05,0.999982476234436
2263,2,2,2.682849356006045e-07,4.886898108402704e-10,0.999988317489624,1.1501009794301353e-05
2264,1,1,0.00047143330448307097,0.9948315620422363,0.0046966904774308205,2.126998452922635e-07
2265,1,1,0.40221166610717773,0.5968102216720581,0.0007995720370672643,0.00017854932229965925
2266,3,3,1.7132160792243667e-05,1.775526652636472e-05,0.00801293458789587,0.991952121257782
2267,1,1,0.019831661134958267,0.9777465462684631,0.0004590708704199642,0.001962708542123437
2268,1,1,4.261356991719367e-07,0.9999995231628418,4.056326455281756e-11,5.839478678382193e-09
2269,3,3,8.100536069832742e-05,3.2272724492798943e-09,0.003820030950009823,0.9960989952087402
2270,3,3,1.109597178583499e-06,8.000463402879632e-09,0.003226625034585595,0.9967722296714783
2271,0,0,0.9992026686668396,1.158948066404264e-06,0.00010327923519071192,0.0006928759976290166
2272,3,3,2.430669496789051e-07,2.461975441292452e-07,0.000838355568703264,0.9991611242294312
2273,0,0,0.9999696016311646,2.960310666821897e-05,1.1259203347435687e-08,7.647468009963632e-07
2274,3,3,8.880283530743327e-08,1.459725069707929e-07,1.3533508536056615e-05,0.9999862909317017
2275,2,2,2.5100656785070896e-05,3.286682315195577e-10,0.9999690055847168,5.865345428901492e-06
2276,0,0,1.0,5.717095685753293e-09,2.428156520295488e-08,2.3974292773232264e-08
2277,1,1,0.04334795102477074,0.9566138386726379,2.0817244148929603e-05,1.7346461390843615e-05
2278,2,2,7.401364996439952e-07,4.27952073778215e-08,0.9999990463256836,1.5057506175253366e-07
2279,2,2,3.405634925002232e-05,6.182097877172055e-06,0.9999538660049438,5.854918072145665e-06
2280,0,0,0.9999760389328003,2.276303530379664e-05,7.862768143240828e-07,3.5308295309732785e-07
2281,2,2,0.009050508961081505,4.118736018909885e-09,0.9790647029876709,0.01188467163592577
2282,3,3,2.0079616547263868e-07,7.047754047029287e-10,0.0007155814091674984,0.9992842078208923
2283,3,3,0.0032839912455528975,8.757138857617974e-05,0.035358328372240067,0.9612700939178467
2284,0,0,0.593295693397522,0.04009580239653587,0.04836888611316681,0.3182395398616791
2285,3,3,0.000867491471581161,3.386548542039236e-06,0.04876946285367012,0.9503596425056458
2286,3,3,2.8151762307970785e-06,2.4785777874569703e-09,0.004327555652707815,0.9956696033477783
2287,3,3,2.4467194634780753e-06,3.7142950937152364e-09,4.077998164575547e-05,0.9999567270278931
2288,0,0,0.9999794960021973,1.9643073301267577e-06,4.239896327362658e-07,1.812051050364971e-05
2289,3,3,6.943284824956208e-05,2.8445995781112288e-08,0.014341622591018677,0.9855889678001404
2290,0,0,0.8422834873199463,0.1572256088256836,0.00017508730525150895,0.0003158076433464885
2291,3,3,0.00028704930446110666,4.369338313381377e-08,7.989477126102429e-06,0.999704897403717
2292,3,3,1.3928517546446528e-05,3.3746554439773035e-09,0.002735792426392436,0.9972502589225769
2293,3,3,7.568337423435878e-06,9.871080237644492e-07,3.7728807456005597e-06,0.9999877214431763
2294,3,3,1.7073392882593907e-05,2.55184300357314e-08,8.811397492536344e-06,0.9999741315841675
2295,1,1,0.0006527846562676132,0.99931800365448,8.229047125496436e-06,2.1021665816078894e-05
2296,2,3,8.344578964170069e-05,0.0015881378203630447,0.22989094257354736,0.7684375047683716
2297,1,1,2.6327796831537853e-08,1.0,5.381552536931622e-09,4.051432256346743e-08
2298,2,2,0.0004575104976538569,7.266377906489652e-06,0.9456816911697388,0.0538535974919796
2299,2,2,0.07506904751062393,3.778073676130589e-07,0.9239663481712341,0.0009642568766139448
2300,0,0,0.4923166036605835,0.4849056303501129,0.00044966069981455803,0.022328078746795654
2301,1,1,0.00013189589662943035,0.9997642636299133,0.00010001284681493416,3.81996051146416e-06
2302,1,1,6.913288416399155e-06,0.9999920129776001,1.1047649195461418e-06,2.3929603187866633e-08
2303,0,0,0.9991849064826965,0.0007014315924607217,6.450286309700459e-05,4.907690527033992e-05
2304,1,1,1.2598087778314948e-05,0.9999873638153076,2.155856188013061e-10,7.1563133023644365e-12
2305,1,1,4.6039231165195815e-06,0.9999953508377075,7.843039639965355e-08,2.8161646348223712e-09
2306,0,2,0.08112888783216476,2.2005359312515793e-07,0.9188361167907715,3.4858585422625765e-05
2307,2,2,0.0005507517489604652,3.9048591027324164e-09,0.9994449019432068,4.3388113226683345e-06
2308,2,2,1.9615041310316883e-05,7.568980997518793e-10,0.9999775886535645,2.7025512281397823e-06
2309,0,0,0.9544361233711243,6.467506864282768e-06,0.045052532106637955,0.0005048373714089394
2310,2,2,0.0286394152790308,1.3386461432673968e-06,0.9581984877586365,0.01316068135201931
2311,2,2,1.697623338259291e-05,3.229529568216094e-07,0.9995554089546204,0.00042734513408504426
2312,2,2,7.927647516225989e-07,2.4899364792219103e-09,0.9999921321868896,7.069590083119692e-06
2313,2,2,3.852312875096686e-05,1.0600085261103231e-05,0.9999489784240723,1.875953898888838e-06
2314,2,2,1.984889195227879e-06,3.2316648912456e-08,0.9999973773956299,5.139200425219315e-07
2315,1,1,1.3534065601561451e-07,0.9999998807907104,1.8988233208006022e-09,1.3865491865772128e-08
2316,3,3,0.00030059029813855886,3.9119265693443595e-07,0.003605425823479891,0.9960935711860657
2317,2,2,0.0034582074731588364,1.2391321433824487e-05,0.9953475594520569,0.0011819226201623678
2318,2,2,9.632473847887013e-06,1.7833407639500365e-07,0.9999797344207764,1.0427333108964376e-05
2319,2,2,5.917077942285687e-05,2.020948841163772e-06,0.9999369382858276,1.9637086552393157e-06
2320,1,1,6.304912858468015e-08,0.9999998807907104,7.797628515104904e-11,7.775488586325707e-10
2321,2,2,0.00010007865057559684,6.995062449277611e-07,0.9958872199058533,0.004011982586234808
2322,2,2,0.00820996519178152,9.33827777771512e-07,0.924821674823761,0.06696731597185135
2323,3,3,9.085883357329294e-05,0.0002662184997461736,0.001388205331750214,0.9982547163963318
2324,0,0,0.9999685287475586,8.324411382432118e-09,3.0989485821919516e-05,4.786557497027388e-07
2325,0,0,0.9999725818634033,2.7212870918447152e-05,1.338009383289318e-07,6.631969995396503e-08
2326,1,1,1.6233987025771057e-06,0.9999983310699463,4.242123985420676e-09,8.193014600088588e-10
2327,1,1,0.001104905502870679,0.9988918900489807,2.097027163472376e-06,1.0144952966584242e-06
2328,1,1,8.493304193279982e-08,0.9999998807907104,2.789870764963176e-11,1.8528199807743562e-11
2329,1,1,6.906382623128593e-06,0.999993085861206,2.3568378360039333e-09,4.377511686470825e-09
2330,1,1,1.1677452782521414e-08,1.0,8.82670880830716e-11,1.0294918251219087e-09
2331,2,2,5.754710946348496e-05,2.7926671464229e-07,0.9988403916358948,0.0011018317891284823
2332,2,2,7.2339034886681475e-06,1.6688401274222997e-06,0.9999552965164185,3.573820868041366e-05
2333,2,3,0.00014619578723795712,7.363137655147511e-08,0.0005250845570117235,0.99932861328125
2334,1,1,1.839136893977411e-05,0.999981164932251,2.601364599286171e-07,1.8556254133272887e-07
2335,3,3,0.19298022985458374,1.3594235497293994e-06,0.014999291859567165,0.7920191287994385
2336,3,3,0.004320552106946707,1.7811980796977878e-06,0.00015793066995684057,0.995519757270813
2337,1,1,0.014066893607378006,0.9853497743606567,0.00029895349871367216,0.00028443572227843106
2338,2,2,2.577015266069793e-06,9.069177622222924e-07,0.9999920129776001,4.483785687625641e-06
2339,0,0,0.9973143935203552,0.0003807285102084279,0.0008462285040877759,0.0014586279867216945
2340,0,0,0.9997479319572449,1.298677165806339e-08,3.607559483498335e-05,0.00021588355593848974
2341,1,1,6.902498716954142e-05,0.999930739402771,1.825315649739423e-07,7.269066237824973e-09
2342,2,2,8.945595254772343e-06,5.03951639529987e-07,0.9999736547470093,1.6936512110987678e-05
2343,2,2,1.0471389941812959e-05,1.2601169885329e-08,0.5517322421073914,0.44825732707977295
2344,2,2,6.052014668966876e-06,7.266373103220758e-08,0.9999887943267822,5.023012818128336e-06
2345,3,3,1.1464836461527739e-05,9.236129017153871e-08,3.466947237029672e-05,0.9999537467956543
2346,1,1,0.005130583420395851,0.9948021173477173,1.16829266971763e-06,6.61868107272312e-05
2347,0,0,0.9999998807907104,1.457917397917896e-10,1.8670483825644624e-08,1.3938311838046502e-07
2348,3,3,1.7111500710598193e-05,2.070001841047997e-07,0.00012125777720939368,0.9998613595962524
2349,0,0,0.34141138195991516,0.06384824961423874,0.27359166741371155,0.32114869356155396
2350,3,3,1.2689862387560424e-06,5.818791350975516e-07,0.05079492926597595,0.9492031931877136
2351,2,2,1.5741996151064086e-07,2.6096413918708095e-08,0.9999998807907104,2.3343066146708225e-08
2352,2,2,6.592105364688905e-06,1.4278654703048232e-07,0.9999877214431763,5.5981431614782196e-06
2353,3,3,2.9320532121346332e-05,5.0344110604783054e-06,0.00025277191889472306,0.9997128844261169
2354,2,2,4.982077734894119e-05,1.0391504474682733e-06,0.9845998883247375,0.015349318273365498
2355,3,1,0.045650508254766464,0.9521234035491943,1.3340984423848568e-06,0.0022247922606766224
2356,2,2,0.00013558199862018228,5.56832958409359e-07,0.9936245679855347,0.006239265203475952
2357,1,1,7.264185910571541e-07,0.9999781847000122,1.981402419914957e-05,1.342857331110281e-06
2358,3,3,9.697197128843982e-06,2.9219995312246283e-08,4.473926674108952e-05,0.9999455213546753
2359,2,2,3.0221299311961047e-05,1.0240760239810243e-08,0.999962568283081,7.181591172411572e-06
2360,0,0,0.9999970197677612,8.354970759683056e-08,1.0124973215397404e-07,2.7830565159092657e-06
2361,0,0,0.9999984502792358,2.8701541054942936e-07,1.2455687965484685e-06,1.0283079632245062e-07
2362,1,1,6.46326006972231e-05,0.9999321699142456,3.2365833249059506e-06,3.104292600752956e-09
2363,2,2,1.8164887478633318e-06,4.462152869422198e-09,0.9999979734420776,2.3705864293788181e-07
2364,3,3,1.7934783045348013e-06,8.275012675085236e-09,0.006282063201069832,0.9937161803245544
2365,0,0,0.9997950196266174,1.055011793482663e-07,8.829615399008617e-05,0.00011656737478915602
2366,0,0,0.9999996423721313,2.3883310884542652e-09,2.0240895537426695e-07,7.15888717195412e-08
2367,2,2,1.211097924169735e-07,1.8673025625748352e-10,0.9999996423721313,2.2631746787737939e-07
2368,0,0,0.9993675351142883,3.6509802612272324e-06,1.5758363588247448e-05,0.0006130888359621167
2369,0,0,0.9999949932098389,4.2890496843028814e-07,4.351952156866901e-06,1.9344876989180193e-07
2370,0,0,0.9999955892562866,4.133099082537228e-06,2.8994676881666237e-07,1.1676622335698994e-08
2371,1,1,6.612024208152434e-06,0.9999825954437256,1.2804383686670917e-06,9.548411981086247e-06
2372,0,0,0.9999736547470093,1.540077937534079e-05,9.420054993825033e-06,1.4802629948462709e-06
2373,2,2,3.160525739076547e-05,1.1067647420759386e-07,0.9999679327011108,3.6610958886740264e-07
2374,3,3,3.180224894094863e-06,2.1278299300320214e-07,0.003281231038272381,0.9967154264450073
2375,1,1,1.2893279745185282e-05,0.9999866485595703,4.4797332066082163e-07,4.6132576869695185e-08
2376,2,2,0.0021589540410786867,1.008779236144619e-05,0.9968104958534241,0.0010203595738857985
2377,2,2,1.114415135816671e-05,1.0591588761599269e-05,0.9999262094497681,5.215814235270955e-05
2378,0,0,0.999765932559967,3.756379669539456e-07,3.090597238042392e-05,0.0002028819581028074
2379,3,3,2.2579339201911353e-05,4.4885280658490956e-05,0.003374506486579776,0.9965580105781555
2380,3,3,6.691167800454423e-05,4.911909812221893e-08,0.007611365988850594,0.992321789264679
2381,3,3,2.0998357285861857e-05,3.3302754331998585e-07,0.00020522762497421354,0.9997734427452087
2382,3,3,5.224442247708794e-06,3.186277172062546e-05,0.01326664537191391,0.986696183681488
2383,1,1,5.14397243023268e-07,0.9999994039535522,9.341614060076608e-08,5.670997005324807e-10
2384,3,3,1.371357575408183e-05,4.037155122205149e-06,0.048710163682699203,0.9512720704078674
2385,2,2,8.556791726732627e-06,2.362226148022728e-08,0.9995583891868591,0.00043293816270306706
2386,0,0,0.9998997449874878,3.3711744436004665e-06,9.427505574421957e-05,2.6316549792682054e-06
2387,3,3,1.8290444131707773e-05,1.8083206043684186e-08,0.0002799724752549082,0.9997016787528992
2388,1,1,0.004855802748352289,0.9948753714561462,0.00021179663599468768,5.7086544984485954e-05
2389,1,1,6.943836439177176e-08,0.9999998807907104,2.5063478403808404e-08,5.0284892694207883e-08
2390,1,1,1.8194275980931707e-05,0.9999088048934937,7.096780609572306e-05,2.06807862923597e-06
2391,2,2,2.530174754156178e-07,1.409798855434019e-08,0.9999986886978149,1.0173778264288558e-06
2392,0,0,0.8867591023445129,0.000692986708600074,0.02881285734474659,0.08373504877090454
2393,1,1,5.312935900292359e-05,0.9999467134475708,5.532573865707491e-08,1.0354619206509597e-07
2394,2,2,2.7721769583877176e-05,1.5858954611758236e-06,0.9999687671661377,1.8441468228047597e-06
2395,2,2,9.454649898543721e-07,4.0719049820836517e-07,0.9999911785125732,7.5075108725286555e-06
2396,2,2,7.751365956210066e-06,4.4361669893078215e-09,0.9999920129776001,2.5009859427882475e-07
2397,3,0,0.973554253578186,0.0032502305693924427,0.009739887900650501,0.013455608859658241
2398,0,0,0.9999994039535522,6.277446686908661e-07,1.1190660842430589e-08,1.2709082675144145e-08
2399,0,0,0.8670498132705688,0.0002506174787413329,0.13255658745765686,0.00014302119961939752
2400,0,3,0.011866087093949318,7.196139904408483e-06,0.006296075414866209,0.9818306565284729
2401,2,2,8.381544466828927e-05,3.410942284176599e-08,0.99952232837677,0.00039384246338158846
2402,1,1,9.509745723335072e-06,0.9999904632568359,1.0146186113502154e-08,2.5018811466992474e-09
2403,1,1,6.261902285586984e-07,0.9998223185539246,0.0001093780665541999,6.768388266209513e-05
2404,1,1,2.2477803440779098e-07,0.9999997615814209,2.377133156983291e-09,2.4361941353134853e-09
2405,2,2,2.197208004872664e-06,4.177385562798008e-06,0.8765324950218201,0.12346109747886658
2406,0,0,0.9110264778137207,0.08778879791498184,0.00012721028178930283,0.0010575114283710718
2407,2,2,2.5255823857150972e-05,1.2859574098911253e-06,0.9999567270278931,1.6687572497176006e-05
2408,3,3,3.5541272609407315e-06,1.4201527847035322e-06,0.01163004245609045,0.9883650541305542
2409,1,3,0.1169915571808815,0.0015121388714760542,0.0004944452084600925,0.8810018301010132
2410,0,0,0.9999340772628784,1.323612309533928e-06,5.8739933592732996e-05,5.854366008861689e-06
2411,1,1,8.499541763740126e-06,0.998670220375061,0.0012960723834112287,2.52655336225871e-05
2412,3,3,3.2038487915997393e-06,9.177294487017207e-06,0.0010555952321738005,0.9989320635795593
2413,2,2,4.690298737841658e-06,1.589049588801572e-06,0.9989444613456726,0.00104931415989995
2414,3,3,8.076594895101152e-06,9.154398838973066e-08,8.404859386246244e-08,0.999991774559021
2415,3,3,4.232589617458871e-06,3.2846469366631936e-07,0.0002467682643327862,0.9997486472129822
2416,1,1,0.08329405635595322,0.9155481457710266,0.0005870427703484893,0.0005707601085305214
2417,3,0,0.7201665043830872,7.115129119483754e-05,0.03358299657702446,0.24617932736873627
2418,0,0,0.9999912977218628,3.453509634709917e-06,1.8578372191768722e-06,3.3829230687842937e-06
2419,3,3,0.000501204573083669,9.703699106466956e-07,0.007203033193945885,0.9922947883605957
2420,2,2,5.954535026830854e-06,5.374550804404521e-10,0.9999860525131226,7.965078111737967e-06
2421,2,2,0.1376388669013977,2.423915793769993e-05,0.8466094136238098,0.01572750136256218
2422,3,3,8.806960249785334e-05,9.809409950989334e-10,0.0001644955191295594,0.9997474551200867
2423,3,3,0.009852449409663677,1.7175234461319633e-05,0.0005130126955918968,0.9896173477172852
2424,2,2,8.613842510385439e-05,2.702656232145273e-08,0.9839062690734863,0.016007542610168457
2425,2,2,2.380354817432817e-05,9.759784006746486e-06,0.9991913437843323,0.0007751279626972973
2426,0,0,0.9999996423721313,3.2457396059726307e-07,3.3735452209526784e-09,2.5867643582699884e-09
2427,2,2,0.1990281492471695,0.0002855031343642622,0.7998022437095642,0.000884117791429162
2428,3,3,2.2454971258412115e-05,1.308883270212391e-06,9.355747897643596e-05,0.999882698059082
2429,0,0,0.9999997615814209,3.815350879676771e-08,7.63462182362673e-08,9.061203343208035e-08
2430,2,2,1.4237427876651054e-06,9.581660975754858e-08,0.9999635219573975,3.4920682082884014e-05
2431,2,2,0.0002718957548495382,3.70725885545653e-08,0.9997232556343079,4.826585154660279e-06
2432,3,3,3.406704854569398e-05,6.48509583811574e-08,0.00029004609677940607,0.9996757507324219
2433,1,1,1.7223662496235193e-07,0.9999995231628418,3.1053340876496804e-07,9.228693365059826e-09
2434,3,3,9.270321470467024e-07,1.0618890655678115e-06,4.032149081467651e-05,0.9999576807022095
2435,3,2,0.0009017881820909679,2.832011247733135e-08,0.9475039839744568,0.051594216376543045
2436,3,3,3.5621909773908556e-05,7.437728868353588e-07,0.00019318293198011816,0.99977046251297
2437,3,3,1.102879764403042e-06,1.5672272368760787e-08,0.0025042176712304354,0.9974946975708008
2438,3,0,0.786626935005188,4.16497186961351e-06,0.0007713286904618144,0.21259760856628418
2439,2,2,2.9053917387500405e-05,8.60030809235468e-07,0.9999661445617676,3.942646344512468e-06
2440,2,2,1.5243185202962195e-07,2.32857666482289e-09,0.9999992847442627,5.979792376820114e-07
2441,3,3,3.682195483634132e-06,1.525387105516529e-08,0.0006335220532491803,0.9993627667427063
2442,1,1,0.0074761295691132545,0.9345723986625671,0.045862141996622086,0.012089313007891178
2443,0,0,0.984811544418335,2.466030046832657e-09,0.015163700096309185,2.4784720153547823e-05
2444,2,2,0.04261266812682152,2.064961699943524e-05,0.9567027688026428,0.0006639601197093725
2445,2,2,3.6165325582260266e-05,1.7705964472369828e-09,0.9999634027481079,4.2448289150343044e-07
2446,3,3,0.17374074459075928,1.7872288253784063e-06,0.004981156904250383,0.8212763071060181
2447,3,3,2.0341749404906295e-06,2.4190613956420748e-08,0.0012800093973055482,0.9987180233001709
2448,2,2,0.009569905698299408,0.00023641643929295242,0.8832924365997314,0.10690125077962875
2449,0,2,0.3349820077419281,2.0942668754742044e-07,0.6140413284301758,0.05097642540931702
2450,2,2,9.118251114159648e-07,0.0011057149386033416,0.9787935018539429,0.02009977586567402
2451,2,3,4.446467573870905e-05,1.6090788790279476e-07,0.05283370241522789,0.9471217393875122
2452,3,3,0.10741332173347473,0.21518924832344055,0.06057727336883545,0.616820216178894
2453,1,1,2.8293563445913605e-05,0.9999716281890869,7.107313848564445e-08,1.3440054402735768e-08
2454,1,1,1.5550956788956682e-07,0.9999998807907104,3.536416937066633e-09,4.100857986522044e-10
2455,1,2,0.0006107589579187334,0.018039556220173836,0.7376007437705994,0.24374891817569733
2456,1,1,1.0556501592873246e-06,0.9999988079071045,2.0467473049734508e-08,6.04521588343232e-08
2457,3,3,0.00037086999509483576,6.367696187226102e-06,0.003308917162939906,0.9963138699531555
2458,2,2,0.14388500154018402,0.11741887032985687,0.7379698157310486,0.0007263474981300533
2459,1,1,6.349862815113738e-05,0.9999364614486694,2.317443659194396e-08,1.7995975820639387e-09
2460,0,0,0.9741116166114807,0.0011753742583096027,0.0017787569668143988,0.02293424680829048
2461,0,0,0.9995707869529724,1.6046509699663147e-05,0.00011459335655672476,0.00029848868143744767
2462,2,2,0.001173865981400013,1.043719976223656e-06,0.9987829327583313,4.217243258608505e-05
2463,0,0,0.9999998807907104,1.660521462554243e-07,1.563509322011214e-09,3.1765892694046727e-10
2464,1,1,4.522113158600405e-05,0.9995854496955872,0.00036201905459165573,7.289771474461304e-06
2465,1,1,4.431335582921747e-06,0.9999955892562866,2.2760124451792763e-08,2.575585578146189e-11
2466,2,2,2.597782622615341e-05,1.3657715669523895e-07,0.9999536275863647,2.0301264157751575e-05
2467,1,1,2.9022261927025284e-08,0.9999991655349731,5.023043740948197e-07,3.5381657426114543e-07
2468,0,0,0.8109775185585022,0.18902136385440826,4.939486188959563e-07,6.346951977320714e-07
2469,2,2,8.700860053068027e-05,5.333316455136128e-09,0.9999092817306519,3.680557028928888e-06
2470,2,2,8.660888852318749e-06,2.603970870040939e-07,0.999990701675415,3.644409218850342e-07
2471,1,1,1.4419806575460825e-06,0.9999985694885254,5.618808973650857e-09,2.6597577473808087e-09
2472,1,1,3.4805345876520732e-06,0.999996542930603,1.4062830899774781e-08,1.0504480618678258e-09
2473,1,1,2.474980398403659e-08,0.9999998807907104,5.11831608207558e-08,1.5069836933889746e-08
2474,2,2,0.00040492197149433196,8.399712214668398e-08,0.9995929598808289,2.1178539100219496e-06
2475,1,1,1.3842499129168573e-06,0.9999794960021973,1.8656606698641554e-05,4.96761288104608e-07
2476,0,0,0.9999749660491943,2.0263070837245323e-05,4.45101522927871e-06,3.0756260116504563e-07
2477,1,1,1.6706850146874785e-05,0.9999792575836182,4.0568970689491834e-06,4.007327092381274e-08
2478,1,1,2.772883647139679e-07,0.9999996423721313,3.483383892444181e-08,5.226167942851134e-08
2479,2,2,0.00011880993406521156,1.2875256061306573e-07,0.9998800754547119,9.653302868173341e-07
2480,1,1,2.5357325128538832e-08,1.0,1.0168518249642489e-09,1.3899352779844776e-09
2481,2,2,1.918049520099885e-06,9.565250674858916e-11,0.9999979734420776,1.4373219414665073e-07
2482,0,0,1.0,2.260659037744972e-08,8.275655716261099e-10,2.6861690649582215e-10
2483,3,3,3.909633960574865e-06,2.1426680874014892e-08,3.661829759948887e-05,0.9999594688415527
2484,1,1,6.026596111041727e-07,0.9999994039535522,9.076343010505639e-10,3.2150682116594e-10
2485,1,1,6.991266587874634e-08,0.9999998807907104,3.657016733882301e-08,1.6664412072486812e-08
2486,0,0,0.9997887015342712,0.00019715458620339632,1.5761842178108054e-06,1.2560042705445085e-05
2487,0,0,0.9979082345962524,0.0016027622623369098,0.00047763518523424864,1.140859785664361e-05
2488,2,2,0.012707577086985111,1.6446589143015444e-05,0.7196363806724548,0.26763954758644104
2489,2,2,0.09400376677513123,2.729831116710102e-08,0.9059060215950012,9.023043821798638e-05
2490,1,1,6.781353476981167e-06,0.9999932050704956,5.471866870720987e-08,4.043461387936986e-08
2491,0,3,0.007634426467120647,0.00012589812104124576,0.0009398993570357561,0.9912998080253601
2492,1,1,3.5280655197311717e-07,0.9999996423721313,7.503934362773634e-09,2.9275226687275335e-09
2493,1,1,1.6792897440609522e-05,0.9999752044677734,5.943691121501615e-06,2.017585075009265e-06
2494,1,1,1.2451276454328308e-08,1.0,1.4999401720672267e-09,1.6973895899941027e-10
2495,1,1,1.8618513877299847e-06,0.9999980926513672,9.348210205928353e-09,8.379473115383007e-09
2496,1,2,0.005880108568817377,0.0009127981029450893,0.984020471572876,0.00918661430478096
2497,2,2,1.1860592167067807e-05,3.767881253224914e-06,0.9999806880950928,3.743464958461118e-06
2498,0,0,0.9995467066764832,9.072672355614486e-07,6.433248927351087e-05,0.00038803156348876655
2499,1,1,0.0007584930281154811,0.9992406368255615,5.638530637952499e-07,3.722301755715307e-07
2500,2,2,0.001919788308441639,6.430951179936528e-05,0.9932072758674622,0.004808714613318443
2501,2,2,4.418128082761541e-05,1.135634164484145e-08,0.999601423740387,0.0003543954808264971
2502,1,1,0.00010896601452259347,0.8784136772155762,0.11951076984405518,0.001966605894267559
2503,1,1,2.3426774475865386e-07,0.9999959468841553,3.842086243821541e-06,1.15756639829101e-08
2504,0,0,0.9999947547912598,3.804310040322889e-07,4.917571004625643e-06,2.8249873551544624e-08
2505,1,1,8.808851426067577e-10,1.0,4.0163897208067567e-10,8.284747887721267e-11
2506,0,0,0.9992604851722717,0.0006547821685671806,2.0398552806000225e-05,6.433817907236516e-05
2507,0,0,0.9999716281890869,3.945138971062079e-08,2.8171403755550273e-05,1.522833628087028e-07
2508,3,3,0.00037680237437598407,0.00021781439136248082,0.008647090755403042,0.9907582998275757
2509,1,1,2.0889964957859775e-07,0.9999997615814209,4.296076738796728e-08,1.6486944032223505e-09
2510,1,1,5.6052424042718485e-05,0.999941349029541,2.985255420639987e-08,2.6138727662328165e-06
2511,1,1,0.005066561512649059,0.9949306845664978,6.28554914783308e-07,2.1389655557868537e-06
2512,0,0,0.9999997615814209,1.895120220751778e-07,2.0452857185659923e-08,5.701644312239296e-08
2513,0,0,0.9999752044677734,1.6094643342512427e-06,1.6034487998695113e-05,7.057964012346929e-06
2514,0,0,0.9999946355819702,8.246775484721525e-10,6.820791043082863e-08,5.21922856933088e-06
2515,1,1,8.996568112706882e-08,0.9999992847442627,2.4327812653268666e-08,5.628482995234663e-07
2516,1,1,1.0070348253066186e-05,0.9999898672103882,9.878323936618472e-09,2.3779938018719804e-09
2517,1,1,0.00010959273640764877,0.9998346567153931,1.2690659787040204e-05,4.308666757424362e-05
2518,1,1,1.618743397102662e-07,0.9999995231628418,1.5510856599121325e-07,1.572584551468026e-07
2519,0,0,0.9998906850814819,2.620560371724423e-05,2.2520433049066924e-05,6.051130185369402e-05
2520,3,3,7.854314026189968e-05,9.002034673244452e-09,0.001306460821069777,0.998615026473999
2521,3,3,0.04676119610667229,4.1042414977709996e-07,0.00033669659751467407,0.9529017210006714
2522,3,3,5.8913801836979474e-08,2.993560599406919e-08,1.5615436495863833e-05,0.9999843835830688
2523,1,1,0.006162452511489391,0.9938341379165649,1.9110721041215584e-06,1.5565116200377815e-06
2524,0,0,0.9999977350234985,4.06224032190039e-08,8.748065738473088e-07,1.380970729769615e-06
2525,0,0,0.9991697072982788,0.0007160532986745238,0.00011300144251435995,1.182207029160054e-06
2526,1,1,7.555968750239117e-06,0.9999924898147583,5.270603953277941e-09,3.871394227417113e-08
2527,0,0,0.9999983310699463,4.115091201128962e-07,1.1978755765085225e-06,3.6299567796049814e-08
2528,0,0,0.9999971389770508,7.480978503338065e-09,1.0658808378138929e-06,1.8172410136685357e-06
2529,1,1,5.40974269824801e-07,0.9999994039535522,8.97368068741855e-10,1.8990958111642087e-11
2530,1,1,2.8181433663121425e-05,0.9999709129333496,3.110188799837488e-07,6.074993166294007e-07
2531,0,0,0.9999984502792358,1.8431121873163647e-07,1.179320179289789e-06,1.1652522857730219e-07
2532,1,1,1.812175298709917e-08,1.0,1.4441542406373742e-10,5.375274447771972e-09
2533,3,3,5.252364644547924e-06,2.215074528066907e-05,2.3542181224911474e-05,0.9999489784240723
2534,3,3,0.00133127614390105,1.32634013993993e-07,0.00023333594435825944,0.9984353184700012
2535,2,2,0.000553229998331517,7.338380214605422e-08,0.9994317889213562,1.4957707207940985e-05
2536,1,1,8.597781686603412e-08,0.9999998807907104,2.0146120882635898e-10,1.4693050109926276e-09
2537,1,1,1.8559572367848887e-07,0.9999997615814209,5.28990113934924e-08,2.2557344880880237e-09
2538,1,1,8.238228588197671e-08,0.9999998807907104,4.647370932531203e-09,9.365676012507151e-10
2539,0,0,0.9989724159240723,0.00018098248983733356,0.0005156556726433337,0.00033094719401560724
2540,0,0,0.9999188184738159,4.486737907427596e-06,7.494747114833444e-05,1.7661374158706167e-06
2541,2,2,0.017636895179748535,4.68337429992971e-06,0.9814726114273071,0.0008858561050146818
2542,3,3,1.7985474869419704e-06,0.00014767199172638357,0.0004915726603940129,0.9993589520454407
2543,2,2,2.0132073075274093e-07,3.6839928885257223e-09,0.9999990463256836,6.539584660458786e-07
2544,1,1,2.023685663488095e-10,1.0,6.199566193743067e-09,8.150649044580405e-10
2545,2,2,5.9745998441940174e-05,4.847503873861569e-07,0.9298679232597351,0.07007190585136414
2546,2,1,0.007564087398350239,0.922533392906189,0.059554800391197205,0.010347730480134487
2547,0,0,0.9999995231628418,6.044067646371332e-08,3.546304583323945e-07,6.083205050799734e-08
2548,0,1,0.4156154692173004,0.5817570090293884,0.001912747509777546,0.0007148077129386365
2549,0,0,0.9999951124191284,1.1409435956011293e-06,8.883547053528673e-08,3.62924629371264e-06
2550,2,2,1.0952091543003917e-05,8.668555651070164e-09,0.9999759197235107,1.3146934179530945e-05
2551,1,1,4.6148338697094005e-06,0.9999953508377075,1.0132717775945821e-08,2.2451223102848417e-09
2552,1,1,1.296658751925861e-06,0.9999986886978149,4.570776535040011e-10,4.359216276839106e-08
2553,0,0,0.9992427825927734,0.00013855074939783663,4.328262002673e-05,0.0005754592129960656
2554,0,0,0.9978673458099365,3.401998469598766e-07,0.0021294241305440664,2.8809165542043047e-06
2555,3,3,4.805495700566098e-05,2.1133010008611564e-08,0.017647698521614075,0.9823042154312134
2556,3,3,1.2096710634068586e-05,8.492134639936921e-08,0.0006746147992089391,0.9993131160736084
2557,1,1,1.714686561626877e-07,0.9999996423721313,2.0916406384685615e-08,1.1172733138664626e-07
2558,0,0,0.9999942779541016,1.31450383378251e-06,3.905316589225549e-06,4.388753325201833e-07
2559,0,0,0.9999938011169434,2.2154199541546404e-06,3.238885938117164e-06,8.136126439239888e-07
2560,1,1,2.7623368623608258e-06,0.9999972581863403,8.121594952115174e-09,3.011340865555212e-08
2561,0,0,0.9999438524246216,3.15639226755593e-05,2.2639920643996447e-05,1.9362666989763966e-06
2562,1,1,4.242981594870798e-05,0.9999572038650513,1.908551467977304e-07,8.108783333682368e-08
2563,0,0,0.9634844064712524,1.1635428620593302e-07,0.00020259048324078321,0.036312803626060486
2564,0,0,0.9999872446060181,1.1735386578948237e-05,8.9759743104878e-07,2.1531500138394222e-08
2565,2,2,2.7069470888818614e-05,6.996834223116366e-09,0.9999724626541138,4.939012683280453e-07
2566,2,2,0.06445010751485825,0.0010599237866699696,0.885469913482666,0.049020104110240936
2567,0,0,0.999948263168335,1.984385926334653e-05,2.2676495063933544e-05,9.236642654286698e-06
2568,1,1,1.7191229062518687e-07,0.9999877214431763,1.6529537560927565e-07,1.1977218491665553e-05
2569,1,1,6.001438919156499e-07,0.9999924898147583,6.529393431264907e-06,3.9463523648919363e-07
2570,1,1,1.1392273080446103e-07,0.9999998807907104,7.494781684158625e-09,1.1360262064386006e-08
2571,3,3,9.41741404858476e-07,1.8155439818201558e-07,5.231592876953073e-05,0.9999464750289917
2572,0,0,0.9895985126495361,0.01004798524081707,3.273217589594424e-05,0.0003208341950085014
2573,2,2,6.0103993746452034e-05,3.0872783440827334e-08,0.9999346733093262,5.270709607430035e-06
2574,2,3,6.648805538134184e-06,1.4642724863733747e-06,0.008167017251253128,0.9918249249458313
2575,3,3,8.419054609021259e-08,1.5861088797919365e-07,6.576114537892863e-05,0.9999340772628784
2576,3,3,0.0004989708540961146,7.611216278746724e-05,0.002636710414662957,0.9967881441116333
2577,3,2,0.00029634771635755897,7.080937791670294e-08,0.9791345596313477,0.020569032058119774
2578,0,0,0.9715129137039185,5.378281571211119e-07,8.99521037354134e-05,0.028396572917699814
2579,1,1,0.04970402270555496,0.9364063143730164,0.013678035698831081,0.0002116358809871599
2580,2,2,6.744483107468113e-05,7.739540706097614e-06,0.9998328685760498,9.194689482683316e-05
2581,2,2,0.0006961696199141443,3.7583781420380546e-08,0.9955939650535583,0.003709841053932905
2582,3,3,5.726636572944699e-06,0.004211905878037214,0.0008005214622244239,0.9949819445610046
2583,3,3,5.930502538831206e-06,1.5644631048417068e-06,0.01754196360707283,0.982450544834137
2584,1,1,3.4973533047377714e-07,0.9999996423721313,1.0264190608566537e-09,8.164427467427515e-11
2585,3,3,7.331196911763982e-07,0.0014107696479186416,0.009836542420089245,0.9887519478797913
2586,3,3,8.683883061166853e-05,5.014881025999784e-07,0.016085559502243996,0.9838271141052246
2587,0,0,0.9634554386138916,0.035472288727760315,0.0009975291322916746,7.475556049030274e-05
2588,2,2,9.539793666135665e-08,2.866707149440373e-10,0.9999998807907104,3.1315220638816754e-08
2589,3,3,7.998032742762007e-06,7.803081416568602e-07,0.005967285949736834,0.994023859500885
2590,2,3,3.2812891959110857e-07,8.285502417493262e-08,0.4115084409713745,0.5884911417961121
2591,0,1,0.0188303105533123,0.9811542630195618,7.384808668575715e-06,8.110308954201173e-06
2592,2,2,2.066042839032889e-07,7.733339771220926e-06,0.9999487400054932,4.326390990172513e-05
2593,0,0,0.9996111989021301,3.9315407775575295e-05,0.00015085273480508476,0.00019863966736011207
2594,2,2,0.0004414330469444394,0.0002426548453513533,0.9744049310684204,0.02491108700633049
2595,0,0,0.9999994039535522,1.8932082923583948e-07,2.0457133587115095e-07,1.1073189654098314e-07
2596,2,2,4.2437932279426605e-05,5.887263796466868e-06,0.8919664025306702,0.10798521339893341
2597,2,2,2.5413760340597946e-06,3.41088686184321e-08,0.9999866485595703,1.0769595974124968e-05
2598,3,3,7.006507803453133e-05,4.0798739064484835e-05,0.009521410800516605,0.9903676509857178
2599,2,2,3.315471622045152e-05,6.473619151847743e-08,0.9999662637710571,4.940621352034213e-07
2600,2,2,0.0007582503603771329,8.171468834916595e-07,0.9862437844276428,0.012997173704206944
2601,3,3,1.6650393490635906e-06,3.412905513755504e-08,0.0008235526620410383,0.9991747736930847
2602,0,0,0.9989098310470581,2.1105009295752097e-08,0.0001289533101953566,0.0009612254216335714
2603,0,0,0.9988099336624146,0.0011591906659305096,9.430270324628509e-07,2.9891341910115443e-05
2604,0,0,0.9464158415794373,0.05355154350399971,3.0290484573924914e-05,2.36103187489789e-06
2605,3,3,6.086975758989865e-07,5.973861334496178e-07,0.002555527724325657,0.9974433183670044
2606,1,1,5.225667337072082e-06,0.9999943971633911,5.087677479309605e-08,3.0638409498351393e-07
2607,0,3,0.08006889373064041,0.00023775814042892307,0.0012408890761435032,0.9184524416923523
2608,3,3,0.00010249032493447885,4.3006471628359577e-07,9.350429536425509e-06,0.9998877048492432
2609,2,2,7.618180916324491e-06,2.6324889490503267e-10,0.9999897480010986,2.5875444862322183e-06
2610,2,2,1.2265874829608947e-05,1.735995056151296e-06,0.8098011612892151,0.1901848167181015
2611,3,3,1.6157194693278143e-07,6.1696971975777615e-09,0.021174883469939232,0.9788249135017395
2612,3,3,0.015520400367677212,3.108647797489539e-05,0.0002648698282428086,0.984183669090271
2613,0,2,0.0019474257715046406,4.903503736386483e-07,0.9971537590026855,0.0008983443258330226
2614,2,2,3.085916944201017e-07,1.196616921106397e-07,0.9999994039535522,7.732853646302829e-08
2615,1,1,1.414150130329972e-08,1.0,1.0107650716406624e-08,6.469525803964871e-09
2616,3,3,1.3619309356727172e-05,5.0375756899256885e-09,1.607456425745113e-07,0.9999861717224121
2617,2,2,0.00015415993402712047,7.993096851066639e-09,0.9998456239700317,2.689792779619893e-07
2618,3,3,1.1694385904092996e-07,6.4756484619010735e-09,0.00030895802774466574,0.9996908903121948
2619,3,3,2.625831257319078e-06,4.522689414443448e-05,0.0005757518811151385,0.9993763566017151
2620,2,2,0.00011988655751338229,1.7484802583567216e-07,0.9998782873153687,1.5910038655420067e-06
2621,3,3,1.6590377072134288e-07,7.924959533056608e-08,0.007981820032000542,0.9920178651809692
2622,1,1,4.966041615261929e-06,0.9999887943267822,5.056276222603628e-06,1.146212639469013e-06
2623,1,1,1.8522063101045205e-06,0.9999979734420776,5.162702265693042e-08,1.6959955928541603e-07
2624,0,0,0.9937924742698669,1.2129271453886759e-06,0.006205251906067133,1.0910520131801604e-06
2625,3,3,0.004018816165626049,4.6825891786284046e-07,0.0006835385574959219,0.9952971339225769
2626,1,1,2.6051766326418146e-06,0.9999972581863403,1.1341370509398985e-07,7.455396300315442e-09
2627,2,2,0.00012024200987070799,9.01840806477594e-08,0.9997556805610657,0.0001239711418747902
2628,2,2,1.456578502256889e-06,2.095919349187625e-08,0.9999984502792358,1.1719389192421659e-07
2629,1,1,8.527680783743108e-09,1.0,1.9853552135629116e-09,4.712200407652745e-09
2630,1,1,5.489861454321954e-09,1.0,2.5928448277312555e-10,1.2572908270058747e-09
2631,1,1,3.6750559928577786e-08,0.9999996423721313,3.5246318930148846e-07,9.276289070214716e-09
2632,0,0,0.9999934434890747,2.4693449063306616e-07,4.746771082864143e-06,1.55669033574668e-06
2633,3,3,0.0016935550374910235,3.647443372756243e-05,0.0007351646781899035,0.9975347518920898
2634,1,1,2.430381027807016e-05,0.9999756813049316,6.480684788812141e-08,3.203072296287246e-08
2635,3,3,0.00014521038974635303,2.276297150771711e-09,0.00237016542814672,0.997484564781189
2636,2,2,0.0012257063062861562,1.6147973624924816e-08,0.998734176158905,4.00813041778747e-05
2637,0,0,0.9999985694885254,3.7633247984558693e-07,1.9386703797863447e-07,8.145162837536191e-07
2638,2,2,8.154784154612571e-05,3.325449824842508e-06,0.9999125003814697,2.596223112050211e-06
2639,1,1,1.0679735851226724e-06,0.9999988079071045,1.3453892222514696e-07,3.821380989421641e-10
2640,1,1,2.3498614609707147e-05,0.999976396560669,7.221017561676035e-09,1.1947592781780259e-07
2641,1,1,4.821565653401194e-06,0.9999949932098389,1.4529878455959988e-07,5.783009626725288e-10
2642,1,1,1.1277039746460105e-08,1.0,3.0244311499671994e-09,9.03663588402992e-10
2643,2,3,0.002845452167093754,4.648030582643514e-08,0.12477926909923553,0.8723752498626709
2644,1,1,0.000867385184392333,0.9991324543952942,2.2608281824432197e-07,6.048057166196941e-09
2645,1,1,5.816839916406025e-07,0.9999994039535522,3.159972550292878e-08,4.114985241443492e-09
2646,0,0,0.9999768733978271,8.017406798899174e-06,1.0094765457324684e-05,5.026690814702306e-06
2647,0,0,0.9999998807907104,1.7271778451899422e-09,4.755341720397155e-08,9.183223426134646e-08
2648,2,2,1.4549626712323516e-06,1.297696485380584e-06,0.9996190071105957,0.00037828763015568256
2649,2,2,0.0004893138539046049,0.00035231385845690966,0.9986068606376648,0.0005516363889910281
2650,3,3,1.8168434223753138e-07,3.75447086753411e-08,0.0004145424463786185,0.9995853304862976
2651,1,1,1.2636968449442065e-07,0.9999998807907104,4.5426917782975806e-10,6.336344643420588e-11
2652,2,2,2.9203165468061343e-05,5.346589091459464e-07,0.9999676942825317,2.541005414968822e-06
2653,0,0,0.9998750686645508,4.2402299982313707e-07,8.295715474559984e-07,0.0001236760726897046
2654,2,2,2.8785489121219143e-05,1.1437960978355477e-07,0.9993533492088318,0.0006177392788231373
2655,3,3,6.349267067662367e-08,1.4675479178549722e-06,2.4695676984265447e-05,0.9999737739562988
2656,0,0,0.6466684937477112,0.3533310890197754,4.0209150142800354e-07,6.0174114580036075e-09
2657,0,0,0.9999585151672363,1.0571041286766558e-07,1.3149306141713168e-06,4.004037327831611e-05
2658,2,2,0.00045148664503358305,1.599287173803532e-07,0.9995356798171997,1.2701694686256815e-05
2659,2,2,2.3865234766162757e-07,9.773916787025883e-09,0.9998699426651001,0.0001298313436564058
2660,3,2,0.0034478185698390007,1.2171241792202636e-07,0.9964874982833862,6.458821007981896e-05
2661,1,1,1.1045323162761633e-06,0.9999988079071045,7.063449913857767e-08,1.789556419717897e-10
2662,2,2,6.865728323646181e-07,1.0657625004739657e-08,0.9999966621398926,2.5523827389406506e-06
2663,0,0,0.9999790191650391,1.837465606513433e-05,2.596073727545445e-06,2.68783217904911e-08
2664,2,2,1.8707385152083589e-06,2.0119718158184696e-07,0.9999964237213135,1.4445694205278414e-06
2665,1,1,9.409181416231149e-07,0.999998927116394,4.317434187939284e-10,1.0238130698780878e-07
2666,2,2,5.581828190770466e-07,9.848974080739481e-09,0.9999992847442627,8.90051055080221e-08
2667,2,2,2.458406697769533e-06,1.4019914260643418e-06,0.922104001045227,0.07789211720228195
2668,0,0,0.9999500513076782,8.511444775649579e-07,4.722506128018722e-05,1.945225676536211e-06
2669,3,3,1.7134805148089072e-06,1.6482749387591866e-08,0.0032579563558101654,0.9967402815818787
2670,0,2,0.02742963656783104,5.165750735613983e-06,0.9723327159881592,0.0002324696397408843
2671,2,2,0.0006197310285642743,1.705086276615475e-07,0.9993739724159241,6.162229510664474e-06
2672,2,2,0.002331602154299617,1.2321117459634934e-09,0.9967795014381409,0.0008889150922186673
2673,3,3,1.5107291346794227e-06,6.638829042060479e-09,0.12727245688438416,0.8727260828018188
2674,3,3,0.14801134169101715,0.2560749351978302,0.08568967133760452,0.5102240443229675
2675,2,2,7.087750475420762e-08,3.229812151062106e-08,0.9999998807907104,5.58953905382964e-09
2676,3,3,0.002875078935176134,4.206236692283483e-09,0.0009628379484638572,0.9961620569229126
2677,3,3,1.376366185468214e-06,1.1500159713406788e-09,9.548468369757757e-05,0.9999030828475952
2678,3,3,5.756836344517069e-06,1.5193294302662252e-06,0.002988356864079833,0.9970043301582336
2679,2,3,0.0003176520112901926,3.6963367620046483e-06,0.19106721878051758,0.8086114525794983
2680,2,2,9.056414455699269e-06,9.61727497639231e-09,0.9999908208847046,1.201050565668993e-07
2681,3,3,2.3239892470883206e-05,2.3387521252971055e-07,0.010556272231042385,0.9894202947616577
2682,3,3,0.000210926664294675,5.956140967100509e-07,1.6737076293793507e-05,0.999771773815155
2683,0,2,0.05408152937889099,4.762820481118979e-06,0.9342833757400513,0.011630394496023655
2684,2,2,3.3905905638675904e-08,6.66651800429463e-09,0.9999998807907104,7.586444183971253e-08
2685,0,0,0.9999841451644897,1.0677307926698631e-08,6.786250423829188e-07,1.5100323253136594e-05
2686,0,0,0.9777966141700745,4.4211534259375185e-05,0.02213195152580738,2.727651190070901e-05
2687,2,2,2.841838613676373e-05,3.5237395223930434e-09,0.9998418092727661,0.0001298400602536276
2688,2,2,1.6910513522816473e-06,2.5622428623250926e-09,0.9999982118606567,1.5676559428356995e-07
2689,1,1,1.0910785022133496e-05,0.9999890327453613,5.3701864288768775e-08,1.9852775423601088e-08
2690,1,1,1.2395156545608188e-07,0.9999997615814209,3.503123069403813e-10,7.047712102803416e-08
2691,1,1,3.678736538859084e-05,0.9997336268424988,6.45560760403896e-07,0.00022897838789504021
2692,3,3,0.0009070629021152854,2.10835480629612e-07,4.3259809899609536e-05,0.9990494847297668
2693,3,3,9.808543381950585e-07,2.5534786729508596e-08,0.0005645401543006301,0.9994344115257263
2694,3,3,4.12873960158322e-05,0.007953820750117302,0.2611868679523468,0.7308180332183838
2695,0,0,0.9999997615814209,2.0681532930666435e-07,3.3053577652708555e-08,3.0852014276661066e-08
2696,2,2,1.1447773573536324e-07,3.770879786202386e-08,0.9999998807907104,8.119958927466087e-09
2697,2,2,2.9286584890542144e-07,2.2862660653544253e-09,0.9999897480010986,9.994208085117862e-06
2698,3,3,2.165770354167762e-07,1.6323553619912445e-09,9.122695337282494e-05,0.9999085664749146
2699,2,1,0.2545448839664459,0.4384969174861908,0.30534717440605164,0.0016110542928799987
2700,2,2,0.0011813524179160595,0.00012718637299258262,0.99843829870224,0.0002532675862312317
2701,2,2,1.68415681400802e-05,1.5155702470792676e-08,0.999982476234436,6.521627256006468e-07
2702,0,3,0.3206833004951477,7.797587022650987e-05,0.28546142578125,0.39377737045288086
2703,2,2,1.3524424957722658e-06,2.51159463005024e-07,0.9999982118606567,2.1216413870206452e-07
2704,0,0,0.9999476671218872,6.944432806577083e-10,1.8312817701371387e-05,3.397866748855449e-05
2705,1,1,4.3556374862419034e-07,0.999998927116394,7.004754110084832e-08,5.9437667232487e-07
2706,2,2,1.6513018863406614e-07,5.4366644519632246e-09,0.9999997615814209,7.258114465003018e-08
2707,3,3,6.245173426577821e-05,1.2551733561849687e-05,5.051667176303454e-05,0.999874472618103
2708,3,3,4.6279710659291595e-06,6.535695717957424e-08,4.938368874718435e-06,0.9999903440475464
2709,3,3,0.00023297572624869645,1.1197870719570346e-07,9.059469448402524e-06,0.9997578263282776
2710,3,3,5.621175205305917e-06,9.543214218865614e-09,0.4238378703594208,0.576156497001648
2711,0,0,0.9998149275779724,1.5572156826237915e-06,0.0001435809099348262,3.99149939767085e-05
2712,3,3,4.38518327428028e-05,2.5083121727220714e-05,0.00039189556264318526,0.9995391368865967
2713,1,1,1.2835787988052516e-09,1.0,5.121683077646821e-09,8.680893337498219e-09
2714,2,2,0.0017332241404801607,0.001025291159749031,0.6706908345222473,0.3265506327152252
2715,1,1,7.986171226548322e-07,0.9999991655349731,2.532311915715013e-09,9.193932837270324e-10
2716,1,1,2.7340243832441047e-05,0.9999712705612183,5.900813615511424e-09,1.438862909708405e-06
2717,1,1,0.05455503985285759,0.9293190240859985,0.006818883586674929,0.009307044558227062
2718,2,3,2.144429771533396e-07,3.126019620935949e-08,0.002253782469779253,0.997745931148529
2719,3,3,5.472695193020627e-06,6.254364416236058e-05,0.3419210910797119,0.6580109000205994
2720,0,0,0.9999450445175171,9.511949201623793e-07,6.529659799525689e-07,5.343435623217374e-05
2721,0,0,0.9958083629608154,2.7529911221790826e-06,0.00208613951690495,0.0021028032060712576
2722,3,3,2.9570931019407e-06,2.9663378882105462e-06,4.151396751694847e-06,0.9999898672103882
2723,1,1,2.0500863229244715e-06,0.9999979734420776,1.7452398637374245e-08,9.709554937842313e-09
2724,2,2,0.0001396101142745465,4.2203353700642765e-07,0.9980941414833069,0.0017658196156844497
2725,0,0,0.9837421178817749,1.8834549337043427e-05,0.009636016562581062,0.006602982059121132
2726,2,3,0.0003749756433535367,3.5919743623935574e-08,0.4311401844024658,0.5684847831726074
2727,3,3,5.916309237363748e-05,8.071895081229741e-07,0.00013678739196620882,0.9998032450675964
2728,1,1,0.00030635250732302666,0.9996904134750366,2.7156936539540766e-06,5.907212994316069e-07
2729,2,2,0.00011503483983688056,1.7537975054437993e-06,0.9997004270553589,0.00018288998398929834
2730,0,0,0.8535594344139099,4.983933649782557e-06,3.0240951673476957e-05,0.1464053988456726
2731,2,2,1.9143604731652886e-05,5.1100194298214774e-08,0.9999797344207764,1.0079214689540095e-06
2732,3,3,8.05380113888532e-06,3.277930034073506e-07,0.0009916138369590044,0.9990000128746033
2733,1,1,1.0828141057572793e-05,0.9999884366989136,6.425567562473589e-07,8.603802115203507e-08
2734,0,0,0.9998434782028198,1.071480141945358e-06,0.00015043863095343113,4.950308266415959e-06
2735,2,2,3.572029891074635e-05,7.833820703240235e-09,0.9999604225158691,3.783384954658686e-06
2736,1,1,0.0004422542988322675,0.9995571970939636,2.3450489550214115e-07,2.3934501314215595e-07
2737,1,1,2.738506964305998e-06,0.9999972581863403,3.3342852923112787e-09,3.3427542955877243e-09
2738,0,1,0.49877142906188965,0.5010639429092407,0.00015054950199555606,1.4085066140978597e-05
2739,1,1,9.34783539463524e-09,1.0,5.183526385899029e-10,1.041358999032127e-09
2740,0,0,0.9999189376831055,7.069146704452578e-06,5.044730187364621e-06,6.900613516336307e-05
2741,2,2,5.460705324367154e-06,8.402734508194953e-09,0.9999110698699951,8.342506771441549e-05
2742,3,3,3.954155545216054e-05,1.0132295003018044e-08,0.000344245316227898,0.9996161460876465
2743,0,0,0.997113823890686,2.0191704606986605e-05,0.00013214562204666436,0.00273380265571177
2744,1,1,0.00015591007831972092,0.7803937196731567,0.20054276287555695,0.01890767738223076
2745,2,2,0.00031031679827719927,1.1981292402651889e-08,0.9986470341682434,0.0010426215594634414
2746,2,2,1.130598957388429e-05,1.040695707388295e-07,0.9996079802513123,0.00038061459781602025
2747,1,1,2.412820867903065e-05,0.9999749660491943,2.413996753602987e-07,6.970291792640637e-07
2748,3,3,0.00041700535803101957,2.9481100227712886e-06,6.618452607654035e-05,0.9995138645172119
2749,2,2,0.000244269089307636,5.054443477092718e-07,0.9994608759880066,0.0002943254366982728
2750,2,1,0.1929776519536972,0.431988924741745,0.032309770584106445,0.34272369742393494
2751,1,1,0.0005604487378150225,0.9986602067947388,3.5353565181139857e-05,0.0007439535111188889
2752,2,3,2.850479540938977e-05,9.690783144833404e-07,0.02694045752286911,0.9730300903320312
2753,3,3,0.00011473981430754066,3.27854309034592e-07,0.007134923245757818,0.9927499294281006
2754,3,3,0.011822463013231754,8.064947678576573e-07,8.836048800731078e-05,0.9880883097648621
2755,2,2,2.6608032044350693e-07,5.894827737051855e-09,0.9999996423721313,1.4449548757511366e-07
2756,3,3,0.000584850087761879,5.355770440473862e-07,0.00827637780457735,0.9911381602287292
2757,2,2,0.00018447107868269086,2.3727880771318155e-10,0.9997976422309875,1.7832540834206156e-05
2758,0,0,0.8535252809524536,0.00018308049766346812,0.014395630918443203,0.1318960040807724
2759,2,2,6.267047137953341e-05,7.053198913808956e-08,0.876314103603363,0.12362316995859146
2760,3,3,3.6384779633635844e-08,2.3067073584570608e-07,2.1840220142621547e-05,0.9999778270721436
2761,0,0,0.9992029070854187,4.9729393936104316e-08,0.0007813430274836719,1.566836544952821e-05
2762,2,2,8.861924470693339e-06,0.0001746569760143757,0.9997583031654358,5.824901018058881e-05
2763,3,3,0.00013317006232682616,4.632801875459336e-08,0.04471240192651749,0.9551543593406677
2764,3,3,2.2322885797620984e-06,1.985087205724767e-09,2.985182982229162e-05,0.9999679327011108
2765,2,2,0.0005478398525156081,7.756442954587328e-08,0.9994519352912903,1.686997848082683e-07
2766,3,3,0.000288624141830951,1.1730149708455428e-05,0.009370911866426468,0.990328848361969
2767,3,3,7.430256573570659e-06,2.026005319066826e-07,0.1114678904414177,0.8885245323181152
2768,2,2,6.4393598222523e-06,3.1668743183388415e-09,0.9996469020843506,0.0003466219350229949
2769,0,0,0.9526062607765198,0.0008229065570048988,2.4668168407515623e-05,0.04654618725180626
2770,3,3,0.0036179383751004934,0.14518190920352936,0.0010804749326780438,0.8501195907592773
2771,2,2,0.00012812983186449856,0.0013599209487438202,0.9982427358627319,0.0002691859262995422
2772,2,2,0.1678396463394165,2.92542182478428e-07,0.8249924182891846,0.0071676610969007015
2773,3,3,8.61512035044143e-08,1.0871177291704726e-09,0.11062535643577576,0.8893746137619019
2774,1,1,3.090549682838173e-08,1.0,1.7404248875418915e-10,1.4177649332314246e-10
2775,2,2,3.4072494599968195e-05,0.00027439536643214524,0.9944361448287964,0.0052553643472492695
2776,3,3,5.64519893941906e-07,1.2026551985400147e-06,0.001055477769114077,0.9989427924156189
2777,1,1,1.2323269515945867e-07,0.9999986886978149,4.5084166799824743e-07,7.097295906532963e-07
2778,3,3,0.0005679067107848823,1.6737260466470616e-08,0.30830317735671997,0.6911289691925049
2779,3,3,5.933344436925836e-05,6.092979560889944e-07,0.3379707336425781,0.6619692444801331
2780,3,3,3.8650377973681316e-05,1.5936037698338623e-06,0.005102570168673992,0.9948571920394897
2781,0,0,0.999751627445221,2.7269913971395e-06,9.876499825622886e-05,0.00014679288142360747
2782,1,1,0.002830860437825322,0.9725104570388794,0.022371036931872368,0.0022876106668263674
2783,2,2,0.009560812264680862,0.04543539509177208,0.940984845161438,0.004018963314592838
2784,1,1,3.1181727990770014e-06,0.9999812841415405,1.5588591850246303e-05,5.7579523371487085e-08
2785,3,3,1.1026492074961425e-07,2.730874970602315e-10,2.6632620574673638e-05,0.9999732971191406
2786,2,0,0.6007943749427795,0.0013815173879265785,0.3909340798854828,0.006890083197504282
2787,3,1,0.003841415513306856,0.5844845771789551,0.0030573687981814146,0.40861669182777405
2788,3,3,3.889654908562079e-05,3.189860251495702e-07,0.006589768920093775,0.9933710098266602
2789,2,2,1.0613666745484807e-05,2.079071581562175e-09,0.9999886751174927,6.999424044806801e-07
2790,3,3,0.00010016976739279926,3.4356389733147807e-06,0.0002521759597584605,0.9996441602706909
2791,2,2,2.6986674583895365e-06,4.443070338311372e-06,0.999822199344635,0.00017059934907592833
2792,3,3,1.0378332717664307e-06,9.565606085004674e-10,0.0008756607421673834,0.9991232752799988
2793,1,1,7.974179649927748e-10,1.0,3.050120572778425e-11,2.3125534473478204e-11
2794,1,1,0.001669128192588687,0.9983306527137756,1.1022281753980678e-08,2.2516128694860527e-07
2795,2,2,1.3581333178080968e-06,5.031593985904692e-08,0.9844505190849304,0.015548077411949635
2796,3,3,6.632479198742658e-05,1.3215536398547556e-07,0.01629479043185711,0.9836387634277344
2797,3,3,3.792362622334622e-05,4.59057103441296e-09,0.00018598623864818364,0.9997760653495789
2798,1,1,2.31075900956057e-05,0.9999749660491943,1.9375645479158266e-06,3.9744413982134574e-08
2799,3,3,2.2778280595048273e-08,1.2192380438591499e-08,4.515580656061502e-07,0.9999995231628418
2800,3,3,0.004820425994694233,3.826359534286894e-05,0.0010392239782959223,0.9941020607948303
2801,3,3,3.3550065836607246e-06,2.9804166956637346e-07,9.743372174852993e-06,0.9999865293502808
2802,0,0,0.9999994039535522,2.990904857114174e-09,3.0924468319426524e-08,5.760877002103371e-07
2803,1,1,4.900419298792258e-06,0.9999951124191284,5.973463501618426e-09,4.2995051963146125e-09
2804,3,3,4.154308186343769e-08,3.514028890094778e-07,0.0031668900046497583,0.9968326687812805
2805,3,3,0.0005090729100629687,5.168633288121782e-05,0.3731972277164459,0.6262420415878296
2806,3,2,1.4141613974061329e-05,2.7806221623905003e-05,0.98787921667099,0.012078875675797462
2807,3,3,6.9043057919770945e-06,1.1418105572147397e-08,1.4628297321905848e-05,0.9999784231185913
2808,0,0,0.9988324046134949,0.0010288943303748965,5.067868551122956e-05,8.794704626780003e-05
2809,1,1,9.044482567333034e-07,0.9999985694885254,2.056761161384202e-08,5.265446816338226e-07
2810,3,3,0.16335123777389526,0.09236757457256317,0.0007773424731567502,0.7435038685798645
2811,3,3,0.00020964305440429598,2.862710601903018e-08,0.12991411983966827,0.8698762655258179
2812,3,3,0.0003697771462611854,0.000306834903312847,0.1338837444782257,0.8654396533966064
2813,3,3,5.948973011982162e-07,0.00942835584282875,0.0016991024604067206,0.9888718724250793
2814,0,0,0.9999983310699463,1.080483187365644e-07,1.1283132153039332e-06,5.016379986955144e-07
2815,2,2,0.10316972434520721,5.913521090405993e-05,0.8886598944664001,0.008111187256872654
2816,2,2,0.0009033731766976416,0.0002567131887190044,0.997867226600647,0.0009726762073114514
2817,0,0,0.9920390844345093,1.0039157132268883e-06,9.022578888107091e-05,0.007869686000049114
2818,3,3,0.0010483923833817244,4.288772714744482e-08,0.002111246809363365,0.9968403577804565
2819,0,0,0.923326849937439,2.383033148589675e-07,0.008590665645897388,0.06808220595121384
2820,1,1,2.805894183666169e-09,1.0,6.3379350656589395e-09,2.2517833431212608e-10
2821,1,1,1.3407591723080259e-05,0.9998596906661987,6.473954726970987e-06,0.00012044183677062392
2822,0,2,0.028782343491911888,0.002121919533237815,0.8737232089042664,0.09537249803543091
2823,2,2,8.138379052979872e-05,2.6905290440026874e-08,0.9999004602432251,1.8059734429698437e-05
2824,0,0,0.9999992847442627,3.3196334925378324e-07,3.4258101777595584e-07,2.920919328630589e-08
2825,1,1,1.5993527995306067e-05,0.9999674558639526,1.3859101272828411e-05,2.791748784147785e-06
2826,1,1,1.2162772122792376e-08,1.0,8.095270981334224e-11,6.845557454226991e-10
2827,2,2,8.465228165732697e-05,0.0001700298598734662,0.8607151508331299,0.13903017342090607
2828,2,3,2.3087564841262065e-05,1.665610649403959e-09,0.022377993911504745,0.9775989055633545
2829,1,1,1.1469422133814078e-05,0.9999884366989136,3.467065923246082e-08,2.0935889466500157e-08
2830,0,0,0.9999206066131592,6.001716974424198e-05,1.6727040929254144e-05,2.6376144433015725e-06
2831,3,3,4.636800440493971e-05,0.005585746839642525,0.0005617218557745218,0.9938061237335205
2832,1,1,1.4779904233819252e-07,0.9999998807907104,3.6997746533096176e-10,6.405290881028591e-11
2833,3,0,0.994819700717926,2.045852852461394e-05,0.003429671749472618,0.001730248099192977
2834,0,0,0.9943932294845581,8.561787399230525e-05,0.005376582033932209,0.00014454570191446692
2835,2,2,1.954268782355939e-06,4.690544397334406e-09,0.9999942779541016,3.868883595714578e-06
2836,2,2,3.1958486488292692e-06,2.2608380731981015e-06,0.5932572484016418,0.4067373275756836
2837,1,1,5.4734413424739614e-05,0.9999445676803589,1.3586985403435392e-07,5.83576195367641e-07
2838,0,0,0.9999988079071045,1.6690422910414782e-07,2.839572630364273e-07,7.650587576790713e-07
2839,0,0,0.995421826839447,0.004566600546240807,1.0848665624507703e-05,7.259174594764772e-07
2840,0,0,1.0,1.7562302306872724e-11,7.996396600429279e-11,1.4270598591714645e-10
2841,2,2,7.654463115613908e-05,1.7381605488253626e-08,0.9995287656784058,0.0003947493387386203
2842,3,3,8.867074257068452e-07,9.763581942934252e-09,0.00022767636983189732,0.9997714161872864
2843,2,2,1.3982753443997353e-07,4.745300596908919e-09,0.9999998807907104,2.2296172019764526e-08
2844,3,3,0.0018186968518421054,4.1298389419353043e-07,0.014731030911207199,0.9834497570991516
2845,1,1,8.109135524136946e-05,0.9999181032180786,4.536971687230107e-09,8.552979693376983e-07
2846,0,3,0.008625088259577751,1.0671653427607453e-07,8.620524749858305e-05,0.9912885427474976
2847,0,2,0.04812382906675339,1.4069294174134939e-08,0.9465627074241638,0.005313436035066843
2848,3,2,0.00015752375475130975,2.1298157548699237e-07,0.5414838194847107,0.45835843682289124
2849,3,3,9.495283137539445e-08,2.293203182901493e-09,3.2191041100304574e-05,0.9999676942825317
2850,3,3,0.002134440466761589,2.302503787632304e-08,0.3024112284183502,0.6954542994499207
2851,2,2,8.483616511512082e-06,3.5303916234852295e-08,0.9999535083770752,3.800661215791479e-05
2852,2,2,1.1824064358734176e-06,1.0464890465300414e-07,0.9999979734420776,7.331639153562719e-07
2853,0,0,0.9999951124191284,3.887557795678731e-06,1.824761284296983e-07,7.030524216133927e-07
2854,3,3,0.00013441553164739162,1.1379732711702673e-07,0.02144826576113701,0.9784172177314758
2855,0,0,0.9999603033065796,3.780076076509431e-05,1.7364518498652615e-06,1.561303548669457e-07
2856,3,2,6.832541839685291e-05,1.2113133607272175e-08,0.670557975769043,0.3293735980987549
2857,2,2,0.01412927359342575,0.0049103256314992905,0.6106856465339661,0.37027472257614136
2858,1,1,3.733541475980928e-09,1.0,3.3508115726554877e-10,9.158908874373761e-12
2859,1,1,5.06682408740744e-06,0.9999946355819702,1.869845931423697e-07,1.4044985618966166e-07
2860,0,0,0.9668170213699341,0.032562192529439926,4.0109593101078644e-05,0.0005807222332805395
2861,3,3,3.4295528166694567e-05,3.286276495373386e-08,0.0069326795637607574,0.9930330514907837
2862,3,3,1.2113575564853818e-07,1.7156920328886827e-09,0.00015486949996557087,0.999845027923584
2863,1,1,9.104041964747012e-09,1.0,4.0172283902184525e-12,1.0248104448384865e-11
2864,3,3,6.62597522023134e-05,1.1201931471305215e-07,0.0006369182374328375,0.9992966651916504
2865,0,0,0.9999778270721436,8.016068164806711e-08,1.4027066754351836e-05,8.016993888304569e-06
2866,2,2,2.0256464267731644e-05,1.1403903377171787e-09,0.9999779462814331,1.7736095969667076e-06
2867,2,2,2.284471338498406e-05,5.694321953342296e-05,0.9416722059249878,0.05824795737862587
2868,3,3,3.1439415124623338e-06,1.5519863154622726e-05,0.28839626908302307,0.7115850448608398
2869,2,2,3.67725817795872e-07,1.9847103960302093e-09,0.9999992847442627,3.4589675124152564e-07
2870,1,1,4.334160166763468e-06,0.9999953508377075,3.5780868756774e-07,4.5154195937868735e-09
2871,1,1,1.8606164076118148e-07,0.9999997615814209,4.557549615480383e-10,1.6274108449731983e-10
2872,1,1,5.045271336712176e-06,0.9999947547912598,2.3451089248283097e-07,2.6329665558932902e-08
2873,2,3,0.0003867215709760785,3.462242830210016e-07,0.17801867425441742,0.8215941786766052
2874,1,1,1.2479499389428383e-07,0.9999996423721313,7.861299877731653e-08,1.7008106567573122e-07
2875,2,2,2.6886847990681417e-05,4.933252967020962e-06,0.9765816926956177,0.023386532440781593
2876,1,1,0.00010200625547440723,0.9998941421508789,1.095637713888209e-07,3.7339070786401862e-06
2877,3,3,5.8486115449341014e-05,2.709072077777819e-07,0.000363533035852015,0.9995777010917664
2878,2,2,0.00015095787239260972,3.992440724687185e-06,0.9996784925460815,0.00016659295943100005
2879,3,2,1.3059623597655445e-05,0.00047067535342648625,0.9406176805496216,0.058898646384477615
2880,1,1,1.3385815123001521e-08,1.0,4.860603919354389e-09,2.0398555733436297e-08
2881,0,0,0.9999980926513672,8.557457249480649e-07,3.249804478855367e-07,6.869038884360634e-07
2882,3,3,5.635326033370802e-06,8.673997520247667e-09,0.0006933612166903913,0.9993009567260742
2883,0,0,0.9720227718353271,0.000654311035759747,0.02583717368543148,0.0014858017675578594
2884,0,0,0.9999972581863403,4.887750719717587e-07,2.0187499103485607e-06,2.3263170589871152e-07
2885,3,3,0.0014738650061190128,9.39558867685264e-06,4.966717096976936e-05,0.9984670281410217
2886,3,3,1.2095250667698565e-06,6.190922618998229e-08,0.022180795669555664,0.9778178930282593
2887,1,1,0.04291621223092079,0.9570556282997131,2.792792110994924e-05,1.8549670244283334e-07
2888,1,1,6.683236506432877e-07,0.9999983310699463,7.544387585767254e-07,2.883864169689332e-07
2889,1,1,1.130639972757308e-07,0.9999998807907104,2.6720597956497727e-10,3.2597273769141566e-09
2890,1,1,4.597280067741849e-08,1.0,1.6409521519378245e-09,1.1776078723269023e-10
2891,1,1,7.012366722847219e-07,0.9999992847442627,3.090196709631954e-10,5.90029500951994e-12
2892,1,1,2.8700128495984245e-07,0.9999997615814209,2.5157431693401122e-09,8.089165781655083e-09
2893,1,1,1.2244220215507085e-07,0.9999997615814209,1.676324359323189e-07,3.298593753697787e-08
2894,3,3,8.71428164828103e-06,1.6292048030663864e-06,0.0029875366017222404,0.9970020651817322
2895,1,1,5.026608960179146e-07,0.9999991655349731,5.1189278593710696e-08,2.739803903750726e-07
2896,1,1,2.579751026132726e-07,0.9999997615814209,2.435952550783327e-09,1.9241681858961357e-10
2897,2,2,1.7112934074248187e-05,3.032348816489616e-09,0.9999823570251465,4.867359848503838e-07
2898,1,1,4.2213212481101436e-08,0.9999990463256836,7.246430122620495e-09,9.174852380056109e-07
2899,2,2,1.267889501832542e-06,5.249027434928166e-09,0.9999986886978149,3.398407599775055e-08
2900,1,1,0.00023450753360521048,0.9997653365135193,3.294544725918058e-08,1.213089859675165e-07
2901,0,0,0.9999998807907104,9.016805080364065e-09,4.04618649696431e-09,1.0036842468252871e-07
2902,3,3,1.6596176237726468e-06,1.2497445823100861e-05,6.26843175268732e-05,0.9999231100082397
2903,0,0,0.841593861579895,6.621544889640063e-05,0.15802259743213654,0.00031735256197862327
2904,1,1,6.01285501033999e-05,0.9999397993087769,3.074695342775158e-08,2.3551541161737077e-08
2905,1,1,2.5957675120480417e-07,0.9999997615814209,2.690819234096864e-10,9.730197203516866e-11
2906,0,0,0.9999831914901733,8.980594046192891e-09,2.9542616175604053e-07,1.6576585039729252e-05
2907,1,1,5.267724554869346e-05,0.9998434782028198,1.4336374078993686e-06,0.00010233480861643329
2908,1,1,2.0570485048665432e-06,0.999893069267273,3.2202824513660744e-05,7.270041533047333e-05
2909,2,2,0.000385214458219707,1.6828113302835845e-07,0.999594509601593,2.0116889572818764e-05
2910,3,3,2.0564360966091044e-05,2.52088003804829e-08,0.04365359619259834,0.9563258290290833
2911,0,0,0.9999995231628418,2.2119417053545476e-07,3.001914095079883e-08,2.331117059384269e-07
2912,0,0,0.9794857501983643,0.017210014164447784,0.0032654800452291965,3.866977567668073e-05
2913,3,0,0.6712092161178589,0.01028242614120245,0.010461946949362755,0.3080463409423828
2914,2,3,7.443707090715179e-06,1.7904739024743321e-06,0.12428127974271774,0.8757095336914062
2915,3,3,0.004818649962544441,3.954713520215591e-06,0.0013781333109363914,0.9937992691993713
2916,1,1,0.007079935632646084,0.9929198622703552,5.617702925064805e-08,7.085233022507964e-08
2917,1,1,3.740029441701154e-08,1.0,1.1156250145916147e-08,3.790045965956779e-08
2918,3,3,8.015635830815881e-05,1.668903735208005e-07,0.00015846187307033688,0.9997612833976746
2919,3,3,9.509457595413551e-05,7.55666729190807e-09,0.4064198136329651,0.5934851169586182
2920,0,0,0.9998781681060791,1.706426644432213e-07,1.0485849522012813e-08,0.00012164773215772584
2921,0,0,0.9999984502792358,7.395373557983476e-08,1.3442659110296518e-06,2.126221687603902e-07
2922,2,0,0.8497106432914734,0.0010420135222375393,0.14335139095783234,0.005895900074392557
2923,2,2,0.09888532757759094,0.00035696534905582666,0.8957722783088684,0.00498545216396451
2924,1,1,2.9530963274737587e-06,0.9999905824661255,1.9328203961777035e-06,4.5073552428220864e-06
2925,0,0,0.9263365268707275,1.6775869937646348e-07,0.01744719222187996,0.05621610954403877
2926,3,3,9.542963380226865e-05,0.0005281559424474835,0.0037473549600690603,0.995629072189331
2927,1,1,0.0001799998281057924,0.9998199343681335,1.751925715609559e-08,7.49769668573208e-08
2928,3,3,9.47562512010336e-06,3.605330922695771e-09,0.006313425488770008,0.9936770796775818
2929,3,3,4.5244266999588945e-08,9.824872471142498e-09,1.7102655647249776e-06,0.9999982118606567
2930,3,3,1.2124048680561827e-06,4.2364920460613575e-09,0.00029517055372707546,0.999703586101532
2931,3,3,3.514686250127852e-05,7.370449850441219e-08,3.290011591161601e-05,0.999931812286377
2932,2,3,0.00019659800454974174,1.3638552445627283e-05,0.059360191226005554,0.9404295682907104
2933,1,1,2.356579358320232e-07,0.9999997615814209,1.3359374717580863e-10,6.681726283375156e-10
2934,1,1,1.3780938168395096e-08,0.9999998807907104,6.540070263127973e-09,6.761668913668473e-08
2935,2,2,1.9250404875492677e-05,1.4646548152086325e-06,0.9877845048904419,0.012194765731692314
2936,3,3,1.0154904828141298e-07,1.1546824829622437e-08,3.0349490771186538e-05,0.9999696016311646
2937,2,2,9.155220226375604e-08,3.484468606984592e-07,0.9999995231628418,1.0219909363229362e-08
2938,2,3,0.0002810462028719485,1.4821713193668984e-05,0.04350253939628601,0.9562015533447266
2939,2,3,7.531089795520529e-05,7.1515531274712885e-09,0.031006257981061935,0.9689184427261353
2940,2,2,3.7653587696695467e-06,2.338983676963835e-06,0.7611173391342163,0.23887665569782257
2941,3,3,2.4190874228224857e-06,5.025817539916488e-09,3.7681681419599045e-07,0.9999972581863403
2942,1,1,3.4324700664001284e-06,0.9999953508377075,8.89473483312031e-07,3.3222204365301877e-07
2943,1,1,1.9573612917156424e-06,0.9999980926513672,2.1326612698047143e-10,2.5982505036381554e-10
2944,0,0,0.7792806625366211,2.2994804282916448e-08,0.2195182591676712,0.0012010382488369942
2945,2,2,0.004084662068635225,1.9893964235961903e-06,0.8907159566879272,0.10519739240407944
2946,3,3,0.0001092618185793981,3.102119876530196e-07,0.0017580827698111534,0.9981322884559631
2947,0,0,0.9466246366500854,0.053363364189863205,1.9628062091214815e-06,1.0055620805360377e-05
2948,3,3,1.5478088243980892e-05,7.048829075984031e-08,0.00041916154441423714,0.9995651841163635
2949,3,3,0.002581721870228648,1.9938502191507723e-06,0.1672484129667282,0.8301679491996765
2950,1,1,8.419855294050649e-05,0.9999017715454102,1.0390551778982626e-06,1.3038073120696936e-05
2951,1,1,0.00025183369871228933,0.9900094866752625,0.00846042763441801,0.001278231735341251
2952,2,3,1.6809721273602918e-05,1.0996216587955132e-05,0.3562886714935303,0.6436835527420044
2953,3,3,0.0001327948848484084,0.000134617235744372,3.82602411264088e-05,0.9996943473815918
2954,1,1,8.89537204784574e-06,0.9999759197235107,1.5110686035768595e-05,9.675515144635938e-08
2955,3,3,1.446372408508978e-07,9.749465679220748e-10,1.1539880688360427e-05,0.999988317489624
2956,0,0,0.9999943971633911,2.7129360091748822e-08,4.816002274310449e-06,7.878276733208622e-07
2957,2,2,0.0013922607759013772,1.7329698493995238e-06,0.9974822402000427,0.0011237508151680231
2958,3,3,5.7842749811243266e-05,2.769999785101618e-09,0.3102855682373047,0.6896566152572632
2959,0,0,0.999963641166687,1.3189217495934713e-09,3.581907003535889e-05,5.709178481083654e-07
2960,1,1,9.777117156772874e-06,0.9999678134918213,2.2897261260368396e-06,2.0158728148089722e-05
2961,1,1,5.64000856684288e-06,0.9999939203262329,3.887969910465472e-07,3.160570116733652e-08
2962,3,3,5.458346549858106e-06,1.2595353204858384e-08,0.12918397784233093,0.8708105683326721
2963,1,1,3.280558602547501e-10,1.0,3.446185611183372e-12,2.859575354285937e-10
2964,0,0,0.9999991655349731,5.745614828356338e-08,1.2839363705552387e-07,6.554895435328945e-07
2965,3,3,0.004365670029073954,3.3641640584392007e-06,0.021252108737826347,0.9743788838386536
2966,0,0,0.9995367527008057,1.591824570823519e-06,2.1892076347285183e-06,0.0004595249192789197
2967,2,2,1.964393732123426e-06,0.00040071719558909535,0.9927863478660583,0.006810876540839672
2968,0,0,0.9946756362915039,0.00443635368719697,0.00042769304127432406,0.00046024745097383857
2969,3,3,2.5407593966519926e-06,4.817694332359679e-08,3.985982039012015e-05,0.9999575614929199
2970,2,2,0.0001025268793455325,6.733027839800343e-05,0.9996864795684814,0.00014367887342814356
2971,2,2,0.00025676723453216255,2.3253353020891154e-08,0.9997254014015198,1.772621544660069e-05
2972,1,1,1.1425452157709515e-06,0.9999988079071045,1.3959386535589147e-08,1.196674315195878e-09
2973,0,2,0.28268638253211975,6.792072963435203e-05,0.6310173869132996,0.08622834086418152
2974,2,2,9.396629320690408e-05,1.8986363556905417e-06,0.9998922348022461,1.1903916856681462e-05
2975,2,2,8.895083738025278e-06,2.6863470338867046e-05,0.8719633221626282,0.12800084054470062
2976,0,3,0.2145715355873108,1.1279447562628775e-06,0.031080123037099838,0.7543472051620483
2977,0,0,0.9999986886978149,1.1460841733423877e-06,1.2369342528018024e-07,6.810298103232526e-09
2978,2,2,0.00021020651911385357,2.9195026840511673e-08,0.9997811913490295,8.54857535159681e-06
2979,3,3,1.5010602965048747e-06,7.438156757189063e-10,0.004157301504164934,0.9958412051200867
2980,1,1,1.966739944236906e-07,0.9999997615814209,1.4177437002160787e-09,1.0710063946817172e-09
2981,2,2,0.009545804001390934,9.313153714174405e-05,0.9691446423530579,0.02121645398437977
2982,3,3,1.0269076256008702e-06,3.41888628518916e-09,0.12364388257265091,0.8763551115989685
2983,0,0,0.9774467349052429,0.019511152058839798,0.00015666290710214525,0.0028853686526417732
2984,0,0,0.9982540011405945,0.0017035282216966152,8.642154170956928e-06,3.372368519194424e-05
2985,2,2,0.10603193193674088,0.0004958685021847486,0.8900495171546936,0.0034226677380502224
2986,2,2,0.0009356786613352597,3.305639256723225e-05,0.9962053894996643,0.002825915813446045
2987,2,2,2.87372449747636e-06,5.06359469909512e-07,0.9996008276939392,0.0003958505403716117
2988,2,2,2.087370830849977e-06,2.2835413560073903e-09,0.9999969005584717,8.961169442045502e-07
2989,0,0,0.9999994039535522,1.3025078260398004e-07,3.1207713391268044e-07,1.1763766138983556e-07
2990,0,0,0.9999749660491943,8.836687825919398e-09,1.7025928173097782e-05,8.035264727368485e-06
2991,1,1,3.9652086343267e-06,0.9999960660934448,7.019345105163666e-10,3.128101511151726e-08
2992,1,1,4.038354290969437e-06,0.9999910593032837,3.7467038964678068e-06,1.1825989076896803e-06
2993,0,0,0.9982874989509583,4.668827750720084e-05,0.0004074886965099722,0.0012582918861880898
2994,1,1,6.342462484099087e-07,0.9999977350234985,1.3851071116732783e-06,2.096226694447978e-07
2995,1,1,2.3808341609310446e-07,0.9999980926513672,1.4743029623787152e-06,2.4916781171668845e-07
2996,0,0,0.9999806880950928,5.110350684844889e-06,1.3405767731455853e-06,1.2862928997492418e-05
2997,0,0,0.9999690055847168,2.1026555259595625e-05,3.26918620885408e-06,6.7693904384213965e-06
2998,1,1,2.156580514167672e-08,1.0,8.884029796540904e-12,1.2306232699543784e-09
2999,0,0,0.9851328134536743,0.0005053164204582572,0.00014968097093515098,0.014212175272405148
3000,1,1,8.996767064672895e-06,0.9999908208847046,3.7384044304644704e-08,1.3655697728154337e-07
3001,2,2,1.43344323078054e-06,2.3831027817777795e-07,0.9868791699409485,0.013119249604642391
3002,1,1,4.138570375289419e-08,0.9999997615814209,2.090508210983444e-08,1.038876078496287e-07
3003,2,2,7.641012780368328e-05,0.00023069743474479765,0.9991511106491089,0.0005417635547928512
3004,3,3,0.00012850642087869346,1.2038948504766722e-08,0.00015359479584731162,0.9997178912162781
3005,2,2,0.021267669275403023,0.029320048168301582,0.7750712633132935,0.17434103786945343
3006,0,0,0.9999984502792358,1.5692756960561383e-06,3.399476611321006e-08,3.233919088074799e-08
3007,1,1,6.179120646265801e-07,0.9999991655349731,5.03060562095925e-08,1.2496131773787056e-07
3008,2,0,0.7228038311004639,0.27004143595695496,0.004595851060003042,0.002558914478868246
3009,1,1,0.002562048379331827,0.9974096417427063,2.5499648472759873e-05,2.8571557777468115e-06
3010,2,2,1.962219539564103e-05,1.4727915186085738e-05,0.9999607801437378,4.813287432625657e-06
3011,2,2,4.513171461439924e-06,1.862840326438686e-09,0.9999908208847046,4.701991656475002e-06
3012,3,3,9.510244126431644e-06,2.709190312089049e-07,0.00010004042269429192,0.9998902082443237
3013,0,0,0.9999130964279175,3.8394769944716245e-05,7.720087523921393e-06,4.074037860846147e-05
3014,2,2,0.022336244583129883,3.8967169047054995e-08,0.9349340796470642,0.04272967949509621
3015,1,1,4.055004012570862e-07,0.9999995231628418,8.300747111888995e-08,2.922904052127251e-08
3016,2,2,0.046477723866701126,4.8405017878394574e-05,0.953473687171936,2.632209259445517e-07
3017,2,2,0.003283315571025014,9.294588380726054e-06,0.9895318746566772,0.007175473030656576
3018,1,1,5.781158165518718e-07,0.9999994039535522,1.3154381750535293e-10,1.3905317786111482e-08
3019,0,0,0.993294894695282,4.972319948137738e-05,0.000701923097949475,0.0059533980675041676
3020,2,2,1.2647744370042346e-05,2.8492197543528164e-06,0.9999700784683228,1.4389360330824275e-05
3021,0,0,0.9998620748519897,7.79470065026544e-06,6.312409823294729e-05,6.691835005767643e-05
3022,1,1,7.150604801609006e-07,0.9999992847442627,3.515802760034603e-08,8.471129575582381e-09
3023,2,2,0.0022198460064828396,6.737745479767909e-06,0.9975979924201965,0.00017539657710585743
3024,1,1,3.922085711760559e-10,1.0,1.1653906728525953e-09,9.92699325519375e-11
3025,2,2,2.4272658265545033e-05,1.3028566172579303e-06,0.999972939491272,1.4207045069269952e-06
3026,1,1,1.826906839141884e-07,0.9999990463256836,7.344348205151618e-07,4.9949900216006426e-08
3027,3,2,1.709227217361331e-05,3.124611248495057e-05,0.9013410210609436,0.09861067682504654
3028,1,1,3.8351464581865e-07,0.9999996423721313,2.6737685399069733e-09,1.1826771784129164e-09
3029,1,1,1.4703085980727337e-05,0.9999853372573853,1.557703832588686e-08,5.1513840304551195e-08
3030,1,1,1.5232600958370313e-07,0.9999998807907104,6.621717063559629e-10,2.011346822428095e-08
3031,1,1,1.930136249939096e-06,0.9999979734420776,3.806047743637464e-08,1.3035203472178125e-10
3032,1,1,1.0040247389042634e-07,0.9998602867126465,3.2577190722804517e-05,0.00010700715210987255
3033,0,0,0.9999842643737793,5.624996219921741e-07,1.5119762792892288e-05,6.856550527345462e-08
3034,3,3,2.2339605493471026e-05,3.67991259686562e-09,0.00028005169588141143,0.9996976852416992
3035,2,3,7.061359610815998e-06,1.0285629286954645e-05,0.01657160557806492,0.9834110140800476
3036,1,1,9.27095243241638e-06,0.9999833106994629,6.564785508089699e-06,8.381947509406018e-07
3037,1,1,1.6917340417421656e-06,0.9999983310699463,2.2673605215572934e-09,1.6671467539808305e-09
3038,3,3,3.3496147011646826e-07,2.478182103970994e-09,5.8844736486207694e-05,0.9999408721923828
3039,0,0,0.5817261338233948,0.00015268393326550722,0.4037860631942749,0.014335116371512413
3040,0,0,0.9939957857131958,0.0058298902586102486,1.5906168755464023e-06,0.00017272256081923842
3041,0,0,0.9999984502792358,1.6139368597123394e-07,6.135952190788885e-08,1.2203187225168222e-06
3042,0,0,0.9999673366546631,2.764972464319726e-07,3.1735322409076616e-05,6.406745001186209e-07
3043,1,1,0.00026143621653318405,0.9400438070297241,0.005364504177123308,0.05433019995689392
3044,0,0,0.5015160441398621,0.08588511496782303,0.3777373433113098,0.03486146405339241
3045,2,2,4.988648652215488e-05,0.00192000693641603,0.9570075869560242,0.041022490710020065
3046,1,1,1.059202432429629e-07,0.9999998807907104,4.871046144216962e-08,2.5820243720886538e-08
3047,1,1,5.934483851888217e-05,0.9839612245559692,0.0001091038720915094,0.01587027683854103
3048,0,0,0.9999234676361084,3.785398439504206e-05,3.8224330637604e-05,4.1418738305765146e-07
3049,1,1,0.015562271699309349,0.9840804934501648,0.0003267092979513109,3.054189801332541e-05
3050,1,1,1.6202896802042233e-07,0.9999997615814209,3.1171424552667304e-08,1.3704861689944892e-09
3051,2,2,0.00015730537415947765,1.016844407786266e-06,0.9998043179512024,3.7383440940175205e-05
3052,2,2,0.12733860313892365,0.007976875640451908,0.8624063730239868,0.0022781556472182274
3053,1,1,1.067750758920738e-06,0.999998927116394,6.33228864899138e-08,4.534275621637107e-09
3054,0,0,0.9999892711639404,9.844271517067682e-06,1.1775409092251721e-07,8.186680702237936e-07
3055,2,2,0.0030729344580322504,2.696518276934512e-05,0.996026873588562,0.0008732629357837141
3056,3,3,5.539022822631523e-06,8.27341227704892e-06,1.8100494344253093e-05,0.9999681711196899
3057,3,0,0.9415602684020996,3.4019484473901684e-07,0.0004491186700761318,0.05799034982919693
3058,0,0,0.9999991655349731,4.8768814764343915e-08,7.060567099870241e-07,1.1450953962821586e-07
3059,3,3,2.5607350835343823e-05,1.3946314538770821e-05,0.013643871992826462,0.9863165020942688
3060,3,2,0.002781555289402604,0.44600582122802734,0.5347055792808533,0.016507036983966827
3061,0,0,0.9999858140945435,1.250736847424605e-08,8.200792763091158e-06,5.988086741126608e-06
3062,0,2,0.00823327898979187,1.2504347068897914e-07,0.991679847240448,8.67961352923885e-05
3063,0,1,0.23223619163036346,0.7677474021911621,1.4795506103837397e-05,1.5526784409303218e-06
3064,0,0,0.9999967813491821,5.913499876442074e-07,1.9072688246524194e-06,6.692749252579233e-07
3065,1,1,6.445645794883603e-08,0.9999998807907104,3.881017285323196e-09,8.300077292133778e-10
3066,1,1,4.803671913578e-07,0.9999995231628418,8.632922821050215e-09,7.914414124066127e-10
3067,2,2,0.00029257673304528,4.7237902478514116e-09,0.9996509552001953,5.6505436077713966e-05
3068,3,3,0.004127567633986473,2.5927198521458195e-07,0.004514978267252445,0.9913572072982788
3069,2,2,0.011644030921161175,2.6191873985226266e-05,0.9834668040275574,0.004863028880208731
3070,2,2,0.007628289982676506,7.643578214810987e-09,0.9920965433120728,0.00027509761275723577
3071,1,1,1.3567440504402839e-08,1.0,5.278105175143821e-10,1.8696955095265366e-09
3072,1,1,5.639584443883905e-08,0.9999998807907104,7.08552949646446e-09,2.7553582526707032e-08
3073,3,3,6.343443601508625e-07,4.369440375739941e-06,0.0002982377482112497,0.9996967315673828
3074,1,1,1.00423976618913e-05,0.9999895095825195,7.060259576974204e-08,3.139705597732245e-07
3075,0,0,0.9999983310699463,1.391117336879688e-07,4.316680985994026e-07,1.1041674952139147e-06
3076,2,2,0.00032055750489234924,0.0005524477455765009,0.9806240200996399,0.018502963706851006
3077,2,1,1.3785017472400796e-05,0.9998118281364441,0.00017396232578903437,4.934509547638299e-07
3078,2,2,1.1502525921969209e-05,0.0004974515759386122,0.9994813799858093,9.597805728844833e-06
3079,1,1,2.8616532290470786e-06,0.9999966621398926,1.4648695412233792e-07,3.516184676755074e-07
3080,3,3,0.05964333191514015,1.80568422365468e-05,0.0007466534152626991,0.9395920038223267
3081,0,0,0.993715226650238,1.8681932488107122e-05,0.005276730749756098,0.0009893918177112937
3082,0,0,0.9995942711830139,0.00031736664823256433,8.671300020068884e-05,1.6618129166090512e-06
3083,2,2,7.539816579082981e-05,3.6021614846504235e-07,0.9998966455459595,2.753573062364012e-05
3084,2,2,1.9983326637884602e-05,4.050434299074368e-08,0.9999691247940063,1.0748597560450435e-05
3085,0,0,0.9988143444061279,9.985598126149853e-07,0.0011785282986238599,6.105689863034058e-06
3086,2,2,1.4474614545179065e-05,8.260964534656523e-08,0.9998949766159058,9.050940570887178e-05
3087,3,3,1.5184566564130364e-06,2.3311129382364015e-07,0.0012605430092662573,0.9987377524375916
3088,1,1,0.00045352711458690464,0.8473742008209229,0.14637355506420135,0.005798808764666319
3089,3,3,2.2690008336212486e-05,6.545405284441586e-08,0.030752763152122498,0.9692243933677673
3090,3,2,0.00026552396593615413,1.9254263461387922e-10,0.8478276133537292,0.15190690755844116
3091,3,1,0.001257824245840311,0.9963654279708862,4.135611015954055e-05,0.0023354075383394957
3092,1,1,2.5896083570842165e-06,0.9999973773956299,1.7718052580661947e-09,3.2146662221066435e-08
3093,0,0,0.9978918433189392,0.001494389376603067,0.0005833713221363723,3.0432413041125983e-05
3094,1,1,7.65332060836954e-07,0.9999992847442627,2.89966054639601e-11,1.0282503321024095e-10
3095,1,1,4.103930848486925e-07,0.9999996423721313,3.441552376415302e-09,5.391225799122878e-10
3096,2,2,8.614350690550054e-07,2.0093429142775676e-09,0.999985933303833,1.3266529094835278e-05
3097,3,3,6.779869181627873e-06,5.956270570095512e-07,0.0008968579350039363,0.9990957975387573
3098,2,2,1.8090248659063946e-06,1.6050879514395433e-09,0.9999890327453613,9.222460903401952e-06
3099,3,3,2.1902415028307587e-05,1.84885618637054e-06,0.004100339952856302,0.995875895023346
3100,3,3,5.717799922422273e-06,2.892002385124215e-06,1.655882988416124e-05,0.9999748468399048
3101,2,2,1.4397149925571284e-06,6.972161514795516e-08,0.9999834299087524,1.5110814274521545e-05
3102,0,0,0.9998199343681335,0.0001119890293921344,2.755565583356656e-05,4.0602386434329674e-05
3103,3,3,0.0047088912688195705,0.18330223858356476,0.03441537916660309,0.7775734663009644
3104,2,2,4.494879703997867e-07,3.915390323072643e-08,0.9999994039535522,1.3032023105097323e-07
3105,2,2,5.032014087191783e-06,1.7627771464745479e-09,0.9999929666519165,2.0352126739453524e-06
3106,0,0,0.9998592138290405,0.00014071915938984603,3.841077500510437e-08,7.630768550370703e-08
3107,3,3,0.011215206235647202,2.1162629764148733e-06,0.13675889372825623,0.852023720741272
3108,0,0,0.9989494681358337,2.237103899460635e-06,5.6566193961771205e-05,0.0009918032446876168
3109,3,3,1.56475834955927e-05,9.453414349991363e-06,0.0003476965648587793,0.9996272325515747
3110,3,3,1.8694850950851105e-05,3.908585455292268e-09,0.004689110908657312,0.9952921867370605
3111,0,0,0.999525785446167,3.7466236335603753e-07,0.00035823657526634634,0.00011551160423550755
3112,2,2,8.165852882768831e-09,1.3310145874356749e-08,0.9999996423721313,3.9506656435150944e-07
3113,0,0,0.9547131657600403,0.04108667001128197,0.004193305037915707,6.84309361531632e-06
3114,3,3,2.774177801256883e-06,1.0407660511191352e-08,0.00015903379244264215,0.99983811378479
3115,2,3,6.004644819768146e-05,1.110349239752395e-05,0.07338499277830124,0.9265438318252563
3116,3,2,6.635586760239676e-05,8.485001671942882e-06,0.9992176294326782,0.0007074659806676209
3117,1,1,0.17728891968727112,0.8223972916603088,0.0002324559900444001,8.122433791868389e-05
3118,0,0,0.9999955892562866,2.731566837610444e-06,1.603757482371293e-06,7.393265377686475e-08
3119,2,2,0.00021398079115897417,2.3074919681675965e-06,0.9972978234291077,0.0024858498945832253
3120,3,3,3.2168634788831696e-05,1.0781108130686334e-06,4.8830774176167324e-05,0.9999178647994995
3121,2,2,2.5309382181148976e-06,6.404372587809348e-09,0.999941349029541,5.615852933260612e-05
3122,0,0,0.9999964237213135,5.737477715150874e-10,1.8147760272313462e-07,3.3714231904014014e-06
3123,0,0,0.999995231628418,5.832401228644812e-11,2.720608733852714e-07,4.515378805081127e-06
3124,0,0,0.9945834279060364,9.323773042524408e-08,0.005351832136511803,6.469865911640227e-05
3125,3,3,0.09818890690803528,0.004376948811113834,0.03402622416615486,0.8634079098701477
3126,1,1,6.612510361492241e-08,0.9999998807907104,4.415436016813601e-09,1.0928385973940635e-09
3127,3,3,2.790038934108452e-06,5.327675633992612e-09,0.07488781213760376,0.9251093864440918
3128,2,2,3.946052856917959e-06,6.779207240015239e-08,0.9800580739974976,0.01993785798549652
3129,3,3,0.0003678502980619669,5.363893862408986e-08,0.1035088300704956,0.8961232304573059
3130,2,1,0.00013593242329079658,0.8307639956474304,0.11067096889019012,0.05842914432287216
3131,1,1,3.875697984767612e-07,0.9999996423721313,1.5470076775159214e-08,2.93154589492417e-09
3132,0,0,0.9998592138290405,3.917368474048999e-07,2.2245622233185713e-07,0.0001401586487190798
3133,0,0,0.9204472899436951,3.1330978345067706e-07,0.05745340511202812,0.022098921239376068
3134,2,2,0.002297963947057724,1.1607986039052776e-07,0.9976015686988831,0.00010040497727459297
3135,2,2,0.0007480325293727219,0.00011701933544827625,0.9990465044975281,8.836435881676152e-05
3136,3,3,1.6911113789319643e-06,6.878840963508992e-07,6.985467916820198e-05,0.9999277591705322
3137,3,3,0.0005029808962717652,1.8191724393545883e-07,8.370939758606255e-05,0.9994131326675415
3138,0,0,0.9999996423721313,3.488495678993786e-07,8.740234314075224e-09,1.2612685118540412e-08
3139,3,3,4.17157434640103e-06,1.8371833832020457e-08,0.004620360676199198,0.995375394821167
3140,3,3,4.553947974272887e-08,1.7401772467451337e-08,0.0003473617252893746,0.999652624130249
3141,3,3,0.00019712350331246853,0.00018477780395187438,0.34067249298095703,0.658945620059967
3142,1,1,9.469210970891595e-10,1.0,2.8852775724175217e-09,7.919476741058418e-10
3143,0,0,0.9999992847442627,5.331899046723265e-07,1.0117563675748897e-07,1.1828832668925315e-07
3144,2,2,0.0045039295218884945,0.05419506877660751,0.9096471071243286,0.03165392205119133
3145,3,3,4.352548330643913e-06,0.00024619026225991547,0.36744070053100586,0.6323087811470032
3146,3,3,0.0010367846116423607,2.74997766780416e-08,0.039174605160951614,0.9597886204719543
3147,0,0,0.8219310641288757,3.8412026697187684e-06,0.002304603112861514,0.1757604479789734
3148,1,1,7.854696093545499e-08,0.9999831914901733,4.623552740667947e-06,1.2139376849518158e-05
3149,1,1,6.451193621614948e-05,0.9999336004257202,8.314218646887639e-09,1.9446038095338736e-06
3150,1,1,1.852207134334094e-07,0.999998927116394,2.8989669331735968e-08,8.889458058547461e-07
3151,0,0,1.0,1.5813341747161758e-08,1.4273307868961638e-08,1.455223386237492e-09
3152,0,0,0.9520342350006104,0.045613475143909454,0.0008073327480815351,0.0015448796330019832
3153,0,0,0.9993022680282593,2.2164122128742747e-06,1.0898021173488814e-05,0.0006846401956863701
3154,1,1,5.0032127774102264e-08,0.9999806880950928,2.2507911126012914e-06,1.7103262507589534e-05
3155,3,2,6.301571829681052e-06,4.999984781761668e-08,0.9989314675331116,0.0010621214751154184
3156,2,3,0.00016049966507125646,2.2267248311891308e-07,0.00040347722824662924,0.9994357228279114
3157,0,0,0.6888588666915894,6.923877663211897e-05,6.331761687761173e-05,0.3110085427761078
3158,2,2,8.632979415779118e-07,5.4917041580893056e-08,0.9998887777328491,0.00011033329064957798
3159,3,2,0.0001864868972916156,7.494171313737752e-06,0.5341227054595947,0.465683251619339
3160,1,1,5.758460019933409e-07,0.9999994039535522,4.885964410838994e-10,2.6811097786350047e-10
3161,0,0,0.997223973274231,0.002736735623329878,3.793432915699668e-05,1.347922875538643e-06
3162,3,3,7.12147812009789e-05,8.954673944572278e-07,3.0475837775156833e-05,0.9998973608016968
3163,0,2,0.15928907692432404,1.5774817256897222e-06,0.8363087773323059,0.004400483798235655
3164,0,0,0.999969482421875,5.313403761419977e-08,1.4492391528619919e-05,1.588716077094432e-05
3165,1,1,5.8051994322738665e-09,1.0,1.3757499306432663e-10,5.1443030391062905e-11
3166,1,1,4.591027504829981e-07,0.9999995231628418,1.4067056852695714e-08,8.981596799628733e-09
3167,0,0,0.9999998807907104,3.7150507115057962e-09,8.923412053718494e-08,3.732188336158515e-09
3168,3,3,0.2474692016839981,0.00013706904428545386,0.0008659148006699979,0.7515278458595276
3169,0,0,0.9076773524284363,0.0018354192143306136,0.09029901027679443,0.00018824107246473432
3170,2,3,5.1623010222101584e-05,2.482437366779777e-07,0.013228856958448887,0.9867193102836609
3171,2,2,2.267515992571134e-05,1.9533166195628837e-08,0.9999427795410156,3.459388972260058e-05
3172,0,0,0.9997249245643616,7.3122632784361485e-06,0.0002672992122825235,4.2622554019544623e-07
3173,1,1,1.4525708991186548e-07,0.9999808073043823,7.402207756967982e-06,1.1697788977471646e-05
3174,0,0,0.9693489074707031,3.6537356209009886e-05,0.003476860001683235,0.02713765949010849
3175,3,3,1.7295116776949726e-05,7.890134838817175e-06,0.00011062685371143743,0.9998642206192017
3176,0,0,0.9999146461486816,9.935728485288564e-06,6.874174141557887e-05,6.647194368269993e-06
3177,2,2,0.00013492094876710325,0.00010160695819649845,0.9158247113227844,0.08393880724906921
3178,2,0,0.8850790858268738,9.368748578708619e-06,0.11235127598047256,0.0025602318346500397
3179,1,1,2.3830898498999886e-05,0.9999750852584839,9.112303018810053e-07,7.17303478836584e-08
3180,3,3,0.1612158566713333,9.385240105075354e-07,0.0007946065743453801,0.8379886150360107
3181,0,0,0.9999724626541138,1.6733739727214925e-08,2.7166375730303116e-05,2.90401658276096e-07
3182,2,2,6.835084059275687e-05,6.600185997740482e-08,0.9998300075531006,0.00010160361125599593
3183,2,3,1.7532951233079075e-06,0.00048194589908234775,0.0014252130640670657,0.9980910420417786
3184,2,2,5.333944955054903e-06,1.0252039495117771e-10,0.9998722076416016,0.00012241778313182294
3185,3,3,0.009315050207078457,2.239405603177147e-06,5.107038305141032e-05,0.9906315803527832
3186,0,1,0.09256448596715927,0.9074193239212036,9.817095815378707e-06,6.331856184260687e-06
3187,0,0,0.9998812675476074,1.3210896376847359e-08,7.819081656634808e-05,4.050837378599681e-05
3188,2,3,1.963564682228025e-05,2.4581194857375976e-09,0.0031297418754547834,0.9968506693840027
3189,2,2,1.737437014526222e-05,3.3852827208136205e-09,0.999982476234436,1.3664870834873e-07
3190,2,2,0.0003485542256385088,1.3833662251272472e-06,0.9995488524436951,0.00010121917875949293
3191,0,0,0.9999988079071045,5.797596713819075e-07,2.8243199778898997e-08,5.712287816095341e-07
3192,2,2,3.952015049435431e-06,1.238934022040894e-08,0.9999953508377075,6.43810039946402e-07
3193,2,2,0.0003353046777192503,7.28291169593831e-08,0.9987001419067383,0.00096450763521716
3194,0,3,0.27541348338127136,0.00043485587229952216,0.11834494769573212,0.6058067679405212
3195,0,0,0.9983634352684021,3.3409552997909486e-05,0.0005047586746513844,0.0010984428226947784
3196,0,0,0.9999973773956299,2.050695002253633e-06,7.007803759506714e-08,4.170390184299322e-07
3197,3,3,1.858382711361628e-05,8.190270683883227e-10,0.15372911095619202,0.8462523221969604
3198,3,3,5.81038784730481e-06,5.014826887084212e-10,3.985474904766306e-05,0.999954342842102
3199,3,3,1.1388133103196196e-08,1.1871822636067009e-07,0.00499306246638298,0.995006799697876
3200,1,1,0.00042245909571647644,0.9987346529960632,0.0006609897827729583,0.00018191231356468052
3201,2,2,4.343428372521885e-07,7.10131597969621e-09,0.9999995231628418,4.359302963052869e-08
3202,2,2,1.5029929272714071e-05,8.223408087815187e-08,0.9999827146530151,2.206682438554708e-06
3203,2,2,0.26523151993751526,0.007903369143605232,0.7213311195373535,0.005533921532332897
3204,3,3,5.739569246543397e-07,4.944697096220807e-08,0.001101433066651225,0.998897910118103
3205,0,0,0.9998283386230469,5.585205187230713e-08,1.6952720898189e-06,0.00016986577247735113
3206,0,0,0.9999966621398926,2.5898659714584937e-06,9.203920825484602e-08,5.712166171178978e-07
3207,2,2,2.6424581847095396e-06,1.0272476174577605e-05,0.9997840523719788,0.0002030652540270239
3208,1,1,1.4564839148079045e-05,0.9999854564666748,1.1536611665974306e-09,1.6493935384165326e-10
3209,2,2,2.5089028099500865e-07,1.0687992357816256e-07,0.9999042749404907,9.537440200801939e-05
3210,0,0,0.9999991655349731,7.620552651133039e-07,3.836560402703526e-09,2.2794482745780442e-08
3211,0,0,0.9996957778930664,0.0003016960108652711,1.038513119056006e-06,1.502357577010116e-06
3212,2,2,0.00013958480849396437,0.0001180538019980304,0.9997020363807678,4.029945921502076e-05
3213,2,2,3.4706525184446946e-05,2.7098701060879193e-10,0.9999651908874512,8.622707525773876e-08
3214,2,2,0.0016876371810212731,6.865592149551958e-05,0.9979962110519409,0.00024756905622780323
3215,2,2,7.324053876800463e-05,2.8294294907027506e-07,0.9994121789932251,0.0005143095622770488
3216,1,1,5.816416432935512e-07,0.9999991655349731,3.448478480549966e-08,2.179237128530076e-07
3217,3,2,5.819268153572921e-06,9.757902262208518e-06,0.9779923558235168,0.021992063149809837
3218,2,2,9.772660632734187e-06,8.365682191424639e-08,0.9999868869781494,3.280234295743867e-06
3219,0,0,0.9993661046028137,5.283913651510375e-06,0.0006278562359511852,8.175128414222854e-07
3220,2,3,0.0002094516094075516,4.469301728704522e-08,0.1769038885831833,0.8228867053985596
3221,3,3,2.8284857762628235e-06,1.8693820891257928e-07,0.0025959559716284275,0.9974009990692139
3222,3,3,5.632295483337657e-07,3.674912818496523e-09,0.00025186073617078364,0.9997475743293762
3223,3,3,0.0003377155226189643,1.2503435620203618e-08,6.12834446656052e-06,0.9996562004089355
3224,0,0,0.9998878240585327,3.580532211344689e-05,6.0856797063024715e-05,1.548820910102222e-05
3225,3,3,1.148315391219512e-06,1.2865195131439577e-08,0.14531642198562622,0.854682445526123
3226,0,0,0.9999706745147705,2.8400831070030108e-05,7.645332402717031e-07,2.2804195509706915e-07
3227,3,3,9.755579230841249e-05,1.3792855746430632e-08,0.0021027836482971907,0.9977996945381165
3228,0,0,0.9999988079071045,3.2372665259572386e-07,5.571953352045966e-07,2.1569802299836738e-07
3229,3,3,6.349175237119198e-05,9.66842250704758e-08,0.0022037571761757135,0.9977326393127441
3230,1,1,1.1868932858760672e-07,0.9999998807907104,9.771877057529466e-11,6.67222666006495e-10
3231,1,1,8.154229931278678e-07,0.9999982118606567,1.0014342706199386e-06,9.825115832029496e-09
3232,1,1,4.073863806297595e-07,0.9999982118606567,1.2310524653003085e-06,1.4903713463354507e-07
3233,0,0,0.9983583092689514,7.85955762694357e-08,2.6521809559199028e-05,0.0016150168376043439
3234,1,1,2.865298665000182e-09,1.0,1.0381111081869676e-08,1.3583469460343167e-08
3235,1,1,9.236605365003925e-07,0.9999990463256836,1.259166326761374e-09,5.1478814266925355e-11
3236,1,2,0.05226943641901016,0.0032368628308176994,0.9436087012290955,0.0008850136655382812
3237,1,1,4.1914550052979394e-08,0.9999998807907104,5.974201400249513e-08,1.0703876673900936e-09
3238,1,1,2.434784676097479e-07,0.9999997615814209,1.3401535436941003e-10,1.051811260310842e-08
3239,0,0,0.993010938167572,0.006747513543814421,3.683490285766311e-05,0.00020469113951548934
3240,2,2,1.892227942335012e-06,2.6849086225411156e-06,0.9999902248382568,5.201069598115282e-06
3241,3,3,1.1167497177666519e-05,8.9712229964789e-06,0.00027539196889847517,0.9997044205665588
3242,2,2,2.7854758855028194e-07,2.3799962001191943e-09,0.9999959468841553,3.808603878496797e-06
3243,2,2,0.007523262407630682,2.777933332254179e-06,0.9923721551895142,0.0001017643153318204
3244,1,1,9.366222286644188e-08,0.9999980926513672,1.6780578562247683e-06,6.397267782176641e-08
3245,0,0,0.9961504936218262,1.0467747415532358e-06,0.003809043439105153,3.9460461266571656e-05
3246,2,2,1.5218628846014326e-07,1.56815604945848e-09,0.9999996423721313,2.862763039956917e-07
3247,0,0,0.9999769926071167,2.185362063755747e-05,1.0371027201472316e-06,4.73124046607154e-08
3248,0,0,0.9999450445175171,9.563568710291293e-07,3.314209243399091e-05,2.084287734760437e-05
3249,0,0,0.9998185038566589,0.0001670242054387927,1.3852253687218763e-05,7.015071332716616e-07
3250,0,0,0.9994376301765442,8.340296453468454e-09,3.978208951593842e-06,0.0005584322498179972
3251,3,3,5.934221576353593e-07,2.541339938488818e-07,0.011094504967331886,0.9889046549797058
3252,2,2,1.0841668881766964e-05,1.979536136786919e-05,0.9999656677246094,3.691179927045596e-06
3253,0,0,0.9999697208404541,2.9991806513862684e-06,1.0444903637107927e-05,1.679543129284866e-05
3254,0,0,0.999982476234436,1.5019732018117793e-06,7.084295248205308e-06,8.960479135566857e-06
3255,0,0,0.9999914169311523,2.222168632215471e-06,5.909078936383594e-06,3.561333699053648e-07
3256,3,3,0.000362758117262274,8.204247836651746e-10,0.0005571062793023884,0.9990801811218262
3257,3,3,2.357252242290997e-06,8.621169333977718e-10,0.00026703780167736113,0.99973064661026
3258,2,3,3.5862632330463384e-07,6.725625922854306e-08,0.27812328934669495,0.7218762636184692
3259,1,1,1.1120463341285358e-06,0.999998927116394,1.6502355038028327e-08,2.2710894498345624e-08
3260,2,2,0.09803947061300278,0.025146670639514923,0.8445091247558594,0.03230464458465576
3261,1,1,1.4878377214699867e-06,0.9999985694885254,1.3823124069001214e-11,3.844205398451095e-09
3262,3,3,0.00032270525116473436,2.2664187326881802e-07,0.014903068542480469,0.9847739934921265
3263,3,3,1.0925501925385106e-07,5.8175301381746536e-11,1.8118349771611975e-06,0.9999980926513672
3264,2,3,0.00020246533676981926,9.034678078023717e-05,0.12858892977237701,0.8711183071136475
3265,3,1,0.00753693887963891,0.9879518151283264,0.0021505088079720736,0.002360815415158868
3266,2,2,0.0005887093720957637,1.479595751474605e-10,0.9992038607597351,0.00020754353317897767
3267,2,2,0.0017769448459148407,4.826662802770443e-07,0.9947611689567566,0.0034613157622516155
3268,0,0,0.9999253749847412,3.8372290873667225e-05,1.1381846888980363e-05,2.4914070309023373e-05
3269,2,0,0.7194345593452454,0.005579499993473291,0.2747407555580139,0.0002451282343827188
3270,2,3,2.3311875338549726e-05,2.788479378068587e-06,0.04530387371778488,0.9546700119972229
3271,1,1,0.02352474257349968,0.9764677882194519,4.576033461489715e-06,2.966949750771164e-06
3272,2,2,5.540986967389472e-05,3.5923057861708685e-09,0.9998948574066162,4.9720125389285386e-05
3273,1,1,3.971467776864301e-06,0.9999959468841553,3.8018612258383655e-08,2.3203945431760076e-08
3274,2,2,0.00048693441203795373,1.401493136654608e-06,0.9995114803314209,1.624177343728661e-07
3275,1,1,6.0610382206505165e-05,0.99993896484375,1.1894083939978373e-08,3.2549286288485746e-07
3276,2,2,2.4939758077380247e-05,2.5508941803309426e-07,0.9998286962509155,0.00014613023085985333
3277,2,2,9.462227268386414e-08,3.492790412451541e-08,0.9998486042022705,0.00015120013267733157
3278,3,3,3.1520798984274734e-06,1.0970524272124749e-05,0.0002480503171682358,0.9997377991676331
3279,0,0,0.9999969005584717,7.991828852027538e-07,1.6130327651353582e-07,2.1441385342768626e-06
3280,3,3,8.007092401385307e-05,4.370022850253008e-07,0.0008704382926225662,0.9990490078926086
3281,3,3,1.5747539237054298e-06,2.631056439383883e-08,4.678067398344865e-06,0.9999938011169434
3282,3,3,0.004515394102782011,0.0017624598694965243,0.09759417176246643,0.8961280584335327
3283,1,3,7.956607987580355e-06,0.45545095205307007,0.0009942579781636596,0.5435468554496765
3284,0,0,0.9999992847442627,4.306514034269071e-10,6.212977154973487e-08,5.836265017933329e-07
3285,3,3,2.9586357186417445e-07,7.512793445130228e-07,0.005811159033328295,0.9941878318786621
3286,0,0,0.997811496257782,1.0312456652172841e-05,0.001309549785219133,0.0008687381050549448
3287,3,3,1.8704463400354143e-06,1.2200242205384626e-10,3.5153980206814595e-06,0.9999946355819702
3288,2,2,4.666944448672439e-07,3.734848430525517e-09,0.9999970197677612,2.445579411869403e-06
3289,3,3,0.0006267540156841278,1.797549703042023e-05,0.008822920732200146,0.990532398223877
3290,3,3,2.2417214040615363e-07,5.466166630441194e-09,0.0038295909762382507,0.9961702227592468
3291,3,3,8.767412509769201e-06,6.512684791459833e-08,2.2176996935741045e-05,0.9999688863754272
3292,3,3,0.00033859963878057897,4.0579658389106044e-07,0.0002930481277871877,0.9993680119514465
3293,3,3,1.5919819134069257e-06,2.1679175787880922e-08,0.0017251697136089206,0.9982732534408569
3294,2,2,0.0005556579562835395,3.049724909942597e-06,0.9894750118255615,0.009966228157281876
3295,0,0,0.9999886751174927,4.735965717372892e-07,7.171429842856014e-06,3.7313975553843193e-06
3296,3,3,0.0002377641067141667,3.3905027407854504e-07,0.0001650920748943463,0.9995967745780945
3297,0,0,0.9660395979881287,6.426072650356218e-05,0.0001671342324698344,0.03372897207736969
3298,0,0,1.0,8.639494675222181e-10,4.109885001768454e-11,1.0590661680964786e-09
3299,2,2,0.0007616262882947922,1.8340013241413544e-07,0.9982098340988159,0.0010284476447850466
3300,0,0,0.9997599720954895,0.0002396373893134296,3.0962402775003284e-07,6.184335177294997e-08
3301,0,0,0.9999991655349731,6.448528324654035e-07,1.6851342365953315e-07,1.3695766298837952e-08
3302,1,1,2.397054288394429e-07,0.9999994039535522,3.366120893133484e-07,7.160342985201851e-09
3303,0,0,0.9671012163162231,0.00020578649127855897,0.030089514330029488,0.0026034449692815542
3304,2,2,1.5736462955828756e-05,3.143817366435542e-07,0.9999430179595947,4.0923139749793336e-05
3305,3,3,0.03507649898529053,2.393827890045941e-05,0.3540022373199463,0.6108973026275635
3306,0,3,0.002069643000140786,2.3625231548862757e-08,4.643720603780821e-05,0.9978838562965393
3307,2,2,9.918190926327952e-07,1.3719089110963978e-05,0.999982476234436,2.8278773243073374e-06
3308,1,1,4.601982368512836e-07,0.9999995231628418,2.9882746277465344e-10,2.0314335283377893e-11
3309,1,1,2.786380264296895e-06,0.9999966621398926,5.949009960204421e-07,4.349141846660132e-08
3310,3,3,2.4816622499201912e-06,3.0731339961675985e-07,0.03153470158576965,0.9684624671936035
3311,0,0,0.999995231628418,3.3937874377443222e-06,1.2868828207501792e-06,5.956299276022037e-08
3312,0,2,0.011953890323638916,1.7337601093458943e-05,0.984906017780304,0.003122791415080428
3313,3,3,5.0551384447317105e-06,6.953583486790649e-09,5.285791849019006e-05,0.9999420642852783
3314,0,0,0.9784744381904602,4.487717887968756e-05,0.003509087488055229,0.017971552908420563
3315,0,0,0.9993170499801636,2.420800910840626e-06,0.000253975682426244,0.0004266066534910351
3316,0,0,0.9429402947425842,2.6239083581458544e-06,0.03985500708222389,0.017202116549015045
3317,1,1,2.5445956453040708e-06,0.9999966621398926,2.6514683781897475e-07,4.3110205183438666e-07
3318,1,1,5.158716476216796e-07,0.9999995231628418,4.968403910510233e-09,1.5102973316416524e-09
3319,2,2,5.632097781926859e-06,2.025522150006509e-08,0.9999942779541016,1.4888753696595813e-07
3320,1,1,3.126094088656828e-05,0.9999686479568481,3.4168351703556255e-08,1.321998510661615e-09
3321,2,2,3.365437441971153e-05,1.11692144422193e-09,0.9997639060020447,0.0002025300927925855
3322,1,1,1.26406092704201e-07,0.9999284744262695,7.130779704311863e-05,1.4149293292575749e-07
3323,2,2,0.0008235661662183702,3.6232213460607454e-05,0.9981030225753784,0.0010370605159550905
3324,2,2,0.0002551302604842931,1.6282935177969193e-07,0.9997393488883972,5.365155629988294e-06
3325,2,2,7.28262676830127e-08,2.283986111351055e-09,0.9973589777946472,0.002640882506966591
3326,1,1,0.003185735084116459,0.9963349103927612,0.0004784795455634594,8.805688480606477e-07
3327,2,2,0.05931482091546059,0.00017736206064000726,0.8518338203430176,0.08867395669221878
3328,0,0,0.9999587535858154,6.092530838941457e-06,3.251806629123166e-05,2.5867611839203164e-06
3329,2,2,0.00010006476077251136,1.5808529596483822e-08,0.9998692274093628,3.057068897760473e-05
3330,2,2,9.36268043005839e-06,3.832527681879583e-07,0.9938187003135681,0.006171522196382284
3331,1,1,1.4621076843468472e-05,0.9999176263809204,1.2955581951246131e-05,5.4823678510729223e-05
3332,2,2,0.00027688872069120407,2.788940719256061e-06,0.9900397658348083,0.009680605493485928
3333,0,0,0.9950997233390808,2.4992368707899004e-05,0.0001567447470733896,0.004718604497611523
3334,2,3,9.287803663937666e-07,7.449524019875753e-08,0.005804850719869137,0.9941940903663635
3335,2,2,0.00033484623418189585,6.434190254367422e-06,0.9996582269668579,4.864464813181257e-07
3336,1,1,6.1920923144498374e-06,0.9999232292175293,2.0767095065821195e-06,6.849862256785855e-05
3337,1,1,0.0010892619611695409,0.9987002611160278,0.00014049305173102766,7.005061343079433e-05
3338,1,1,4.720394281321205e-05,0.9999520778656006,3.32557448246007e-08,7.575125664516236e-07
3339,2,2,6.950922397663817e-06,1.4123540950095048e-06,0.9868637323379517,0.01312788762152195
3340,1,1,3.0424600481637754e-05,0.9962438344955444,3.5330444916326087e-06,0.0037221743259578943
3341,2,2,2.8034184651914984e-05,5.4285642647755594e-09,0.9999697208404541,2.2732920115231536e-06
3342,3,3,0.0001125931303249672,1.276584725928842e-06,0.00015567589434795082,0.9997304081916809
3343,3,2,0.0020651568192988634,1.0495319280323656e-08,0.8246251344680786,0.17330975830554962
3344,0,0,0.9999997615814209,2.3573254281927802e-07,1.9772752324342946e-09,7.3823152035856765e-09
3345,0,0,0.9999997615814209,4.300991229833073e-10,3.239022206003028e-08,2.52854448490325e-07
3346,0,0,0.991068959236145,0.0007428870885632932,0.004877363331615925,0.0033107351046055555
3347,1,1,1.9188562419003574e-06,0.9999979734420776,9.85945405318489e-08,2.4099405138144903e-08
3348,1,1,0.0003423058951739222,0.999645471572876,9.698772373667452e-06,2.5125521005975315e-06
3349,1,1,0.002514840103685856,0.9974712133407593,1.5040808420963003e-06,1.2455012438294943e-05
3350,2,2,4.9593862058827654e-05,5.301397436596744e-07,0.9999337196350098,1.617583075130824e-05
3351,2,2,0.011125680059194565,1.218437830630137e-07,0.9874842762947083,0.0013899290934205055
3352,1,1,1.5892973692643864e-07,0.9997593760490417,3.844336333713727e-06,0.00023652848904021084
3353,0,0,0.9999661445617676,1.945561223237746e-08,1.0091138165080338e-06,3.287907020421699e-05
3354,2,3,1.5306470231735148e-05,2.0317014559623203e-07,0.049135614186525345,0.9508488178253174
3355,3,3,1.4213478607416619e-05,2.127157677023206e-05,0.0014398233033716679,0.9985247254371643
3356,3,3,4.526723569142632e-05,1.4224839617327234e-07,0.4759189784526825,0.524035632610321
3357,1,1,8.546572871637181e-08,0.9999998807907104,1.7102633975696335e-08,4.567167977143072e-09
3358,0,0,0.9999861717224121,1.0202795238001272e-05,1.5771631751704263e-06,2.109857632603962e-06
3359,1,1,0.056084562093019485,0.7346888184547424,0.13797204196453094,0.07125453650951385
3360,1,1,6.541826678585494e-06,0.9999932050704956,1.2240887414805002e-08,2.893014254823356e-07
3361,1,1,8.203665856854059e-06,0.999991774559021,2.2867809867932465e-09,2.832974077549011e-09
3362,1,1,0.00034374769893474877,0.9996552467346191,1.0351883474868373e-06,1.672173333133742e-08
3363,2,2,9.21994114833069e-07,2.592689440916729e-07,0.9999958276748657,2.997291630890686e-06
3364,3,3,5.688502255907224e-07,4.189339153359839e-10,9.531492105452344e-05,0.9999041557312012
3365,1,1,0.00012777774827554822,0.9998134970664978,1.0923531590378843e-06,5.7635203120298684e-05
3366,1,1,0.0002803979441523552,0.9997096657752991,1.8455838812769798e-07,9.754218808666337e-06
3367,0,0,0.9998874664306641,1.0608149750623852e-05,3.449923724474502e-07,0.00010154394840355963
3368,3,3,0.0003197012993041426,1.0793664984021234e-07,0.0003361001727171242,0.9993440508842468
3369,1,1,9.23614607017953e-06,0.9999908208847046,1.3525788267187977e-09,1.0315073240008132e-08
3370,3,3,3.4101797155017266e-06,8.522880534655997e-07,0.001770320814102888,0.9982253909111023
3371,3,3,6.146869054646231e-06,2.075884424357355e-07,0.00031372267403639853,0.9996799230575562
3372,1,1,5.007968439940669e-08,1.0,1.0575360587239402e-09,6.7437890827193314e-09
3373,1,1,1.0628103730425664e-08,1.0,2.7344743358526102e-08,7.0855132872083e-10
3374,3,3,0.00025329666095785797,2.3548230032588435e-08,0.00023911513562779874,0.9995075464248657
3375,3,3,2.3255815904121846e-05,4.5162760642369904e-08,5.84578947382397e-06,0.9999709129333496
3376,1,1,1.5880745195318013e-05,0.9999841451644897,6.235970406720526e-09,7.306653504457472e-09
3377,0,0,0.9999964237213135,3.4083903699411167e-08,3.120076371487812e-06,3.8642554045509314e-07
3378,0,0,0.9996660947799683,0.00027297373162582517,5.9480193158378825e-05,1.519482680123474e-06
3379,2,2,4.412459475133801e-06,1.3959923883533065e-08,0.9999953508377075,1.8519919819937058e-07
3380,2,2,1.2582976296471315e-06,8.754473412864172e-08,0.9986255168914795,0.001373055623844266
3381,2,2,0.0033554688561707735,0.0025339897256344557,0.9482622742652893,0.0458483025431633
3382,3,3,2.786035111057572e-06,4.143635212727759e-09,1.9482640709611587e-05,0.999977707862854
3383,3,3,3.7571021493931767e-06,3.271670712123864e-09,5.061913725512568e-06,0.9999911785125732
3384,0,2,0.3739248514175415,2.6708900691119197e-07,0.6190582513809204,0.007016708608716726
3385,1,1,1.9763490399782313e-08,1.0,9.106559950566862e-09,1.785441838819679e-08
3386,2,2,3.938087684218772e-05,2.596190142867272e-06,0.9999579191207886,1.130091291656754e-07
3387,1,1,4.125757550355047e-05,0.9999586343765259,2.354848049890279e-08,1.715026769488759e-07
3388,0,0,0.9987145662307739,0.00021461749565787613,0.0008031821344047785,0.00026771982084028423
3389,0,0,0.9996480941772461,0.000256531493505463,8.84245746419765e-05,6.976141776249278e-06
3390,2,2,0.0004154574126005173,4.709892493792722e-07,0.9994245767593384,0.00015949280350469053
3391,1,1,3.759911351153278e-07,0.9998674392700195,2.4524779291823506e-05,0.00010766232298919931
3392,3,3,5.0711976655293256e-05,0.006468136794865131,0.0047180065885186195,0.9887630939483643
3393,0,0,0.9908484220504761,1.0056315886686207e-06,0.0008523650467395782,0.008298234082758427
3394,3,3,0.027510885149240494,0.002132722642272711,0.022279832512140274,0.9480765461921692
3395,3,3,4.27972781835706e-06,4.0172488979806076e-07,3.854613896692172e-05,0.9999568462371826
3396,2,2,5.4125648603076115e-06,4.8417895470720396e-08,0.9999911785125732,3.411439365663682e-06
3397,3,3,0.00014190308866091073,3.70937523257453e-05,8.273405001091305e-06,0.9998127818107605
3398,0,0,0.9999295473098755,1.632315793642647e-08,1.0513614370211144e-06,6.930583185749128e-05
3399,0,0,0.8811016082763672,0.00016585629782639444,0.07046254724264145,0.04827000945806503
3400,0,0,0.9750426411628723,2.039383161900332e-06,0.00011691643157973886,0.024838369339704514
3401,3,3,8.982543420188449e-08,1.9777608439852656e-09,0.004987178836017847,0.9950127005577087
3402,3,3,0.0015079970471560955,9.67462983680889e-05,1.4140756320557557e-05,0.9983811378479004
3403,2,2,2.2626791178481653e-06,3.4128746495554196e-09,0.999997615814209,1.2813181626825099e-07
3404,3,3,3.529771959165373e-07,4.671933595545852e-08,0.005581389646977186,0.9944182634353638
3405,3,3,8.393209282075986e-05,1.21462596780475e-06,0.0019362892489880323,0.9979786276817322
3406,2,2,1.0644934263837058e-05,2.9174880182836205e-06,0.6427742838859558,0.3572121262550354
3407,0,0,0.9999996423721313,3.38289005696879e-08,2.92642288179934e-09,3.681392968246655e-07
3408,0,0,0.9998990297317505,7.936017209431157e-05,2.530478695916827e-06,1.9067359971813858e-05
3409,2,1,0.0002382640668656677,0.9643335342407227,0.033949315547943115,0.0014789039269089699
3410,2,2,4.9801428758655675e-06,4.2421591239794054e-10,0.9999918937683105,3.1583128929923987e-06
3411,2,2,0.0003625163226388395,1.25781079987064e-05,0.9980900883674622,0.001534741255454719
3412,3,3,2.0348488760646433e-07,6.231912266230211e-07,0.001967918360605836,0.9980313181877136
3413,1,1,0.004314296878874302,0.7916094660758972,0.13874973356723785,0.06532646715641022
3414,3,3,0.15974101424217224,0.00967046432197094,0.005058040842413902,0.8255305290222168
3415,2,2,0.00020484795095399022,8.57997173309144e-10,0.9994076490402222,0.0003875168040394783
3416,1,1,5.0144585372891015e-08,1.0,1.2622303202647345e-10,1.8595158746137486e-10
3417,3,3,9.52517282826193e-08,4.8433449251206184e-08,0.010930298827588558,0.9890696406364441
3418,2,2,2.0455514459172264e-05,2.7592899641604163e-05,0.9899923205375671,0.009959620423614979
3419,2,2,0.006901766173541546,0.03773840144276619,0.9531139135360718,0.002245945855975151
3420,3,3,7.767031320327078e-07,6.814856305936701e-07,5.661823524860665e-05,0.9999419450759888
3421,3,3,2.1201340132392943e-06,1.7007947050728944e-08,6.040959124220535e-05,0.9999374151229858
3422,2,0,0.985569179058075,0.0005176082486286759,0.0003238155331928283,0.01358943060040474
3423,2,2,2.193498585256748e-05,1.7334725725959288e-06,0.9983313679695129,0.00164507154840976
3424,1,1,3.051168459933251e-05,0.9999570846557617,1.0299417226633523e-05,2.09471568268782e-06
3425,1,1,0.0019226804142817855,0.9980772733688354,7.740811724943342e-08,5.83865666925476e-09
3426,3,3,1.760981285769958e-05,1.386218997367905e-07,0.0018367678858339787,0.9981454610824585
3427,2,2,7.174555776146008e-06,2.3526658310402127e-07,0.9999904632568359,2.2001918296155054e-06
3428,0,0,0.8844878077507019,3.402872971491888e-05,0.05891234800219536,0.056565772742033005
3429,3,3,5.990921181364683e-07,3.543484794477081e-08,0.0018088542856276035,0.9981905817985535
3430,2,2,3.659482899820432e-06,7.421670034091221e-07,0.9999892711639404,6.245677923288895e-06
3431,0,0,0.9802411794662476,1.2168232387921307e-05,0.0005377572379074991,0.019208943471312523
3432,2,2,0.00016230907931458205,0.0005403537070378661,0.9991822838783264,0.00011499287938931957
3433,3,3,0.0009873860981315374,0.00010147230932489038,0.0009347511222586036,0.9979763627052307
3434,0,0,0.643896758556366,0.0002526130701880902,0.007101999130100012,0.3487486243247986
3435,3,3,2.2415065359382425e-08,4.0342038043483797e-10,2.2376314518623985e-05,0.9999775886535645
3436,0,0,0.8290218710899353,1.0105236469826195e-05,0.03953791782259941,0.1314300149679184
3437,2,2,3.9322836528299376e-05,7.433017344737891e-06,0.9998657703399658,8.750141569180414e-05
3438,3,3,7.490869847970316e-06,2.762704509606806e-10,1.4511281733575743e-05,0.9999779462814331
3439,0,0,0.9754042029380798,5.846522199703941e-08,0.001409242395311594,0.023186493664979935
3440,2,2,0.00040869254735298455,2.535419429960939e-09,0.999591052532196,1.8774521493014618e-07
3441,3,3,6.326515722321346e-05,8.861005881044548e-06,0.0003218181082047522,0.9996060729026794
3442,1,1,3.204822860425338e-06,0.999811589717865,0.00017866502457764,6.499233222712064e-06
3443,3,3,4.859344699070789e-06,4.774604533963611e-08,0.00023463460092898458,0.9997604489326477
3444,0,0,0.9973292350769043,3.112288737838753e-08,1.2311406862863805e-05,0.002658313140273094
3445,2,2,6.0973881772952154e-05,2.867697048714035e-06,0.9997041821479797,0.00023193263041321188
3446,0,0,0.9999985694885254,8.688070352036448e-07,4.950530865244218e-07,5.677361869516062e-08
3447,2,2,6.220896011654986e-06,9.848604598516886e-09,0.9999884366989136,5.335496098268777e-06
3448,2,2,0.00015526684001088142,5.308641526369229e-09,0.9859136939048767,0.013931085355579853
3449,3,3,5.862433317815885e-05,7.462788289558375e-07,0.010303325951099396,0.9896373152732849
3450,0,0,0.9999771118164062,2.1840161934960634e-05,7.90064461853035e-07,1.9682809693222225e-07
3451,0,0,0.9999134540557861,1.5817213094848626e-09,6.413823939510621e-06,8.009871089598164e-05
3452,0,0,0.9933428168296814,0.0009089949890039861,0.00553091848269105,0.0002172428066842258
3453,0,0,0.9987190961837769,3.9857800393505727e-10,0.001276727649383247,4.115413958061254e-06
3454,0,0,0.9882170557975769,5.803010208182968e-05,0.000187111712875776,0.011537780985236168
3455,2,3,7.311347971494797e-09,1.7170375343766864e-08,0.00028325748280622065,0.9997166991233826
3456,3,3,1.600680320734682e-06,3.632601988101669e-07,0.006369635928422213,0.9936283230781555
3457,1,1,1.498946403444279e-05,0.999984622001648,2.7038191774408915e-07,1.2000894855646038e-07
3458,2,2,7.387776804534951e-06,6.364693945215549e-07,0.9999490976333618,4.2925319576170295e-05
3459,3,3,1.90942628250923e-05,9.002304324212673e-08,2.3075739363775938e-07,0.9999805688858032
3460,3,3,7.310120054171421e-06,8.620850735496788e-07,0.0013973262393847108,0.9985944628715515
3461,0,0,0.9985693693161011,1.4321328762889607e-06,0.001414220198057592,1.4973103134252597e-05
3462,1,1,0.00013411880354397,0.9998652935028076,2.1971830221900746e-07,4.0655257294019975e-07
3463,1,1,4.066316137141257e-07,0.9999910593032837,7.6847463787999e-06,7.909832220320823e-07
3464,1,1,2.9538168178078195e-07,0.9999995231628418,3.73421826793674e-08,8.202257362199816e-08
3465,2,0,0.6310660243034363,0.003390688681975007,0.3162057101726532,0.04933756962418556
3466,2,2,0.0008870493620634079,5.261693331704009e-06,0.7025608420372009,0.29654690623283386
3467,3,3,0.0001728884963085875,3.5542343539418653e-06,0.0012463148450478911,0.9985772371292114
3468,1,1,1.8070915075441008e-06,0.9999982118606567,2.6094864047365718e-09,5.216773679705966e-10
3469,2,2,3.6034557524544653e-06,2.4598261205710514e-08,0.9999902248382568,6.157280040497426e-06
3470,3,3,3.0259263894549804e-06,1.4486217878584284e-06,0.06283507496118546,0.9371604919433594
3471,2,2,4.476315552892629e-06,2.576246345142863e-07,0.9962032437324524,0.003792055416852236
3472,3,3,0.0032354705035686493,2.366377884754911e-06,0.0009162047645077109,0.9958459734916687
3473,0,0,0.9999985694885254,2.548987652062351e-07,1.0549755415922846e-06,9.708380588335785e-08
3474,0,0,0.9593215584754944,4.331328000262147e-06,0.0002400670782662928,0.040434110909700394
3475,3,3,3.666783595690504e-05,3.2553027722315164e-06,0.2009885609149933,0.7989715337753296
3476,3,3,4.842769612878328e-06,1.4671034165303354e-08,0.000901784747838974,0.9990934133529663
3477,0,0,0.9991864562034607,0.00018849046318791807,1.3836588550475426e-06,0.0006235697073861957
3478,3,3,0.0004562150570563972,5.314179247761786e-07,0.0013016650918871164,0.998241662979126
3479,0,0,0.9984031319618225,0.0012762440601363778,5.673090527125169e-06,0.00031486587249673903
3480,0,0,0.9999463558197021,3.954394196625799e-05,4.106474079890177e-06,1.0041983841801994e-05
3481,0,0,0.9991322159767151,0.0005887618171982467,0.0002126243634847924,6.643390224780887e-05
3482,2,2,2.8683712116617244e-07,1.1147876372019638e-10,0.9999997615814209,1.980703423498653e-08
3483,0,0,0.9999558925628662,3.463014309090795e-06,4.5929405132483225e-06,3.602694778237492e-05
3484,0,0,0.999854326248169,4.111451198696159e-05,4.416107913129963e-05,6.027693234500475e-05
3485,0,0,0.9999953508377075,4.408934273669729e-06,7.144370073319806e-08,9.573508208404746e-08
3486,3,3,3.0849341214889137e-07,1.0050180065945824e-07,4.935038305120543e-06,0.9999946355819702
3487,3,3,5.913455538575363e-07,6.320863832343093e-09,0.0009833945659920573,0.9990160465240479
3488,2,2,1.2152298950240947e-05,1.4042140605852182e-07,0.9999876022338867,1.5502847361403838e-07
3489,1,1,1.292435285904503e-06,0.9999985694885254,2.5455504371052484e-09,9.396556777119258e-08
3490,1,1,0.0011948338942602277,0.9987044334411621,1.120998331316514e-05,8.947036258177832e-05
3491,0,0,0.9999972581863403,2.8845678912148287e-07,2.3601801331096794e-06,6.807967167787865e-08
3492,2,2,3.692030441015959e-05,3.5747257243201602e-06,0.9999295473098755,2.9907416319474578e-05
3493,0,0,0.9999784231185913,1.07282254191432e-07,2.064849468297325e-05,8.832835192151833e-07
3494,0,0,0.999984622001648,1.1519907729962142e-06,1.0025506526289973e-05,4.2564538489386905e-06
3495,2,2,0.0028681221883744,0.0001584919518791139,0.9790001511573792,0.0179731622338295
3496,3,3,8.744273571892336e-08,1.0158190377751453e-07,0.008887005969882011,0.9911127686500549
3497,3,3,0.0203386377543211,0.00017841582302935421,0.0009325810242444277,0.9785504341125488
3498,1,1,8.566419637645595e-06,0.9999914169311523,9.863466488013728e-09,4.906136386040316e-09
3499,1,1,6.467146818067704e-07,0.9999994039535522,8.913995763748517e-09,3.229450040720394e-10
3500,0,0,0.9988179802894592,2.795898694785137e-07,0.0011064345017075539,7.529793947469443e-05
3501,3,3,1.7873173419502564e-05,2.0292667613830417e-05,0.006172587629407644,0.9937892556190491
3502,3,3,1.4143935231913929e-06,1.029283680509252e-06,0.0019246090669184923,0.9980728626251221
3503,0,0,0.9999954700469971,1.56739395151817e-06,2.0317679627623875e-06,9.55593691287504e-07
3504,0,0,1.0,1.783181047265714e-09,7.038719052054887e-10,4.768243577757403e-10
3505,0,0,0.9999715089797974,1.0121143532160204e-05,2.81434336102393e-06,1.5488914868910797e-05
3506,3,3,8.753515430726111e-06,5.2298300943220966e-06,0.04134455695748329,0.9586414098739624
3507,1,1,8.303177310153842e-06,0.9999916553497314,6.275302499858526e-11,7.428669235309826e-09
3508,2,2,6.62785823806189e-05,1.9787023120443337e-05,0.9967601895332336,0.003153760451823473
3509,0,0,0.9988425970077515,0.0010815224377438426,7.407655357383192e-05,1.7465466726207524e-06
3510,0,0,0.9999997615814209,2.952612305762159e-07,5.486130993936911e-10,1.5566237188124887e-09
3511,0,0,0.9999996423721313,2.284802462781954e-07,7.22185049539803e-08,1.0931573424244334e-09
3512,3,3,4.2077290345332585e-06,2.7924130563405924e-08,0.00042545466567389667,0.9995703101158142
3513,0,0,0.9999996423721313,2.4750931970629608e-08,7.357563447385473e-08,2.387461393027479e-07
3514,1,1,1.3556287967730896e-06,0.9999986886978149,3.2053566467737937e-09,1.2098430035578644e-09
3515,0,0,0.9998832941055298,4.603326306096278e-05,6.896302511449903e-05,1.6739830925871502e-06
3516,0,0,0.9999997615814209,2.56370611850798e-07,1.657134096610946e-09,3.2442080133421314e-09
3517,0,0,1.0,5.640471978374251e-10,1.268368787776808e-08,1.2527002546391941e-08
3518,0,0,0.9993995428085327,0.00027451355708763003,9.384438271808904e-06,0.0003165063390042633
3519,1,1,3.564978896974935e-06,0.9998218417167664,2.0075872271263506e-06,0.0001725462352624163
3520,1,1,2.1569571799773257e-06,0.999995231628418,2.410352408332983e-06,2.3196861320684548e-07
3521,1,1,1.3718778291149647e-07,0.9999990463256836,5.263832463242579e-07,2.326864745327839e-07
3522,1,1,3.592381290218327e-06,0.9999964237213135,3.9847360966405176e-08,5.662895152802605e-10
3523,1,1,0.000566669215913862,0.9699257016181946,0.01771709695458412,0.011790594086050987
3524,0,0,0.9802240133285522,0.012922629714012146,0.0021312448661774397,0.004722060170024633
3525,1,1,9.482843665864493e-07,0.999998927116394,1.0491941537793537e-07,4.876149484189796e-10
3526,0,0,0.9999998807907104,3.57151854757376e-08,1.8834693804592462e-08,8.139408436136364e-08
3527,1,1,1.7068256141783422e-08,1.0,1.5595980062954595e-10,3.3225180384732766e-09
3528,0,0,0.9999991655349731,8.50474691560521e-07,4.1979281162340953e-10,4.2189987614627e-10
3529,1,1,2.1231540813460015e-05,0.9999117851257324,5.5631920986343175e-05,1.1332661415508483e-05
3530,1,1,8.113477178994799e-08,0.9999998807907104,6.7929226688079325e-09,7.619950226356309e-10
3531,0,0,0.9999879598617554,7.958358764881268e-06,2.9215384529379662e-06,1.1306550504741608e-06
3532,3,3,1.2424957276380155e-05,2.9868510864616837e-06,0.02311166189610958,0.9768729209899902
3533,0,0,1.0,2.1616459733309057e-08,1.1189809079326096e-09,4.0106634680014963e-10
3534,1,1,3.426696935093787e-07,0.999992847442627,6.426886102417484e-06,3.7056869928164815e-07
3535,3,3,4.302406068745768e-06,4.4758763362295895e-10,8.577443622925784e-06,0.9999871253967285
3536,0,0,0.9999964237213135,3.471646323305322e-06,2.0968148106703666e-08,1.6325533636063483e-07
3537,3,3,3.865347935061436e-06,3.3541351740495884e-07,0.024032199755311012,0.9759635925292969
3538,2,3,0.01442315150052309,0.004184161312878132,0.0009625865495763719,0.9804301261901855
3539,1,1,0.0015571607509627938,0.9984403252601624,1.5277815919034765e-06,9.69849111243093e-07
3540,0,0,0.9871708750724792,1.465831189761957e-07,0.008750229142606258,0.004078750964254141
3541,1,1,1.3034414791945892e-07,0.9999997615814209,7.520426947849046e-09,1.3584573821390222e-07
3542,2,2,0.0004550342564471066,6.734564976795809e-06,0.9864946603775024,0.013043666258454323
3543,1,1,3.861869402044249e-07,0.9999996423721313,4.7651299572848416e-11,6.789410367247228e-09
3544,1,1,2.1708451640733983e-06,0.9999978542327881,8.488872937917336e-10,5.998446184207751e-10
3545,0,0,0.9999998807907104,5.5804228793476796e-08,5.718940698784536e-08,4.833277955640369e-08
3546,0,3,0.009909997694194317,6.619460464207805e-07,0.005044441670179367,0.9850447773933411
3547,0,0,0.999990701675415,2.5435783754801378e-06,5.954752850811929e-07,6.15455292063416e-06
3548,2,3,0.46029067039489746,0.00032591322087682784,0.01600509136915207,0.523378312587738
3549,0,0,0.9999357461929321,1.6411871683885693e-06,4.6787088649580255e-05,1.5726012861705385e-05
3550,1,1,4.652721690945327e-05,0.9999535083770752,1.8737292606374467e-08,8.671466322773824e-10
3551,1,1,1.145114936207392e-07,0.9995108842849731,0.0004629843169823289,2.5936600650311448e-05
3552,0,0,0.9999998807907104,5.8977001060611656e-08,1.1150590673025818e-08,3.504695866851648e-09
3553,2,2,0.02527235820889473,1.2691702977463137e-05,0.9540453553199768,0.0206694845110178
3554,2,2,0.06946675479412079,7.582646617265709e-07,0.9015917778015137,0.02894068881869316
3555,0,0,0.9989132881164551,9.402757739085388e-11,0.0010740424040704966,1.2681251064350363e-05
3556,2,2,0.0005783018423244357,8.57944178278558e-05,0.8031695485115051,0.19616638123989105
3557,1,1,6.161257260828279e-06,0.9999932050704956,5.073830493529385e-07,6.202164826163425e-08
3558,0,0,0.999996542930603,4.844875434173446e-07,1.8504504168959102e-06,1.0610860954329837e-06
3559,1,1,4.224541044095531e-06,0.9999957084655762,7.707630089726081e-08,1.2077734368176607e-09
3560,1,1,5.41965846423409e-07,0.9998699426651001,1.515389840278658e-06,0.00012797900126315653
3561,0,2,0.0001504577521700412,3.084261379626696e-08,0.9118086695671082,0.08804085105657578
3562,1,1,6.905263580847532e-05,0.9999306201934814,1.667009996708657e-07,9.624792340900967e-08
3563,0,1,0.07009084522724152,0.9299091100692749,3.406176896092461e-09,3.964399919453854e-09
3564,3,3,0.001585757127031684,5.070643851468049e-07,2.6877365598920733e-05,0.9983868598937988
3565,0,0,0.9999727010726929,2.7089026843896136e-05,1.988072995118273e-07,1.788927761481318e-08
3566,2,2,7.140115485526621e-05,5.200320629228372e-06,0.9955275654792786,0.004395796451717615
3567,3,3,0.008407115004956722,3.18329824722241e-08,0.0008698161109350622,0.9907230734825134
3568,1,1,5.4061278206063434e-05,0.9997496008872986,0.00019084691302850842,5.487773250933969e-06
3569,0,0,0.9999868869781494,2.245159969049837e-08,1.2754049748764373e-05,3.535433847901004e-07
3570,0,1,8.875631465343758e-07,0.9999986886978149,1.3996284131678749e-08,3.5054040381510276e-07
3571,2,2,0.030395369976758957,9.322960181634699e-08,0.9638680219650269,0.005736470688134432
3572,0,0,0.9223640561103821,0.04229910671710968,0.0332317128777504,0.0021050525829195976
3573,2,2,1.4327589497042936e-06,2.5919256074757868e-08,0.9999972581863403,1.300646204072109e-06
3574,3,3,0.00020982083515264094,4.3071801769656304e-07,0.008459026925265789,0.991330623626709
3575,2,2,2.3563054583064513e-06,5.204845887618603e-09,0.9999974966049194,8.922471295136347e-08
3576,2,3,0.002999346936121583,6.478551313193748e-06,0.021238839253783226,0.9757552742958069
3577,2,2,6.132533599156886e-05,5.960935709481419e-07,0.9999202489852905,1.7833246602094732e-05
3578,1,1,1.172732936538523e-06,0.9999790191650391,3.5596804082160816e-07,1.944865653058514e-05
3579,0,0,0.9999939203262329,6.048895556887146e-06,4.723530366845807e-08,2.394954456974574e-09
3580,2,3,0.0004559544031508267,2.0006109480164014e-05,0.03789445385336876,0.9616295695304871
3581,0,0,0.9755445122718811,1.4073181091589504e-06,0.02240760624408722,0.0020464209374040365
3582,2,3,0.20533247292041779,5.314889790497546e-07,0.24743454158306122,0.547232449054718
3583,2,2,2.788679466902977e-06,5.0544933571927686e-08,0.9999946355819702,2.543857590353582e-06
3584,1,1,1.4466181141870038e-07,0.9999998807907104,9.89922255278941e-10,3.979115995034199e-11
3585,1,1,0.16243313252925873,0.7968647480010986,0.03729818016290665,0.0034038815647363663
3586,1,1,6.243485728418818e-08,0.9999996423721313,2.4937156339888134e-08,2.2032720892184443e-07
3587,0,0,0.999998927116394,9.384524446431897e-08,5.611362894342165e-07,3.343872378991364e-07
3588,3,3,1.1802621884271502e-06,3.28142021999156e-07,0.005395180080085993,0.9946032166481018
3589,2,2,1.1930961591133382e-05,3.3938460546778515e-05,0.9999490976333618,5.004749255022034e-06
3590,0,3,0.0021921282168477774,1.9369212168385275e-05,0.0019303628941997886,0.9958581328392029
3591,2,2,3.0183946364559233e-05,3.5066483405898907e-07,0.9999188184738159,5.0612270570127293e-05
3592,2,2,5.341660653357394e-06,1.0889834811678156e-08,0.9963595271110535,0.0036350726149976254
3593,2,2,8.573659471267092e-08,1.3787281716304278e-07,0.961833655834198,0.03816607967019081
3594,0,0,0.9984028935432434,0.0015954895643517375,1.04145590285043e-06,4.980527137377067e-07
3595,2,2,0.03725241497159004,6.997732384661504e-07,0.9613217711448669,0.0014251666143536568
3596,1,1,2.1675389234587783e-06,0.9999977350234985,1.3439259305414453e-07,7.586236527856727e-09
3597,1,1,8.254271222085663e-08,0.9999998807907104,4.0882262908326084e-08,6.018058051893149e-09
3598,0,0,0.9995597004890442,0.0001262708829017356,0.0003005519974976778,1.349912508885609e-05
3599,1,0,0.9246095418930054,0.07516457885503769,0.00011207594798179343,0.00011381126387277618
3600,2,2,6.0859012592118233e-05,1.9560740838642232e-05,0.5525861978530884,0.44733336567878723
3601,1,1,8.402030289289542e-07,0.999998927116394,3.5448636026558233e-08,2.398873277797975e-07
3602,3,3,4.9449445214122534e-05,1.4768395395492462e-08,0.00019017039448954165,0.9997603297233582
3603,1,1,4.261733920429833e-06,0.9999932050704956,1.3042026125731354e-07,2.3626723759662127e-06
3604,0,1,0.3355628252029419,0.4723379611968994,0.005828903056681156,0.1862703263759613
3605,3,3,1.6036283341236413e-05,2.1379301884394408e-08,0.011034350842237473,0.9889496564865112
3606,0,0,1.0,8.511398696953165e-09,5.312805484436467e-08,2.295631906790163e-09
3607,2,2,0.026706887409090996,6.1402003481703105e-09,0.9731962084770203,9.689647413324565e-05
3608,0,0,0.9999308586120605,8.134248830060642e-09,5.786539531982271e-06,6.325559661490843e-05
3609,0,0,0.9997803568840027,2.2651568087894702e-07,6.6470242927607615e-06,0.00021273917809594423
3610,3,3,9.819974366109818e-06,1.077490651368862e-06,0.04417810216546059,0.955811083316803
3611,0,0,0.9999892711639404,9.194080121233128e-06,1.419036379957106e-06,1.2436053964393068e-07
3612,3,3,3.712920033649425e-07,4.2231462771269435e-10,0.008245885372161865,0.9917536973953247
3613,0,0,0.9999408721923828,5.420581510406919e-05,3.219342943339143e-07,4.516937678999966e-06
3614,3,3,0.0023423952516168356,2.37316257312159e-07,0.01263335905969143,0.9850239753723145
3615,0,0,0.9999951124191284,2.6404134132462787e-06,2.1662374365405412e-06,9.399337841387023e-08
3616,2,2,0.0037973427679389715,2.3854177015891764e-06,0.9732626080513,0.022937575355172157
3617,2,3,9.352534107165411e-06,8.552454744403803e-08,0.0007405063370242715,0.9992499947547913
3618,1,1,7.899870979599655e-06,0.9999921321868896,1.0114470372357687e-09,1.764571266882342e-10
3619,0,0,0.8564119338989258,0.0984019786119461,0.02879582904279232,0.016390249133110046
3620,1,1,2.2536720223342854e-07,0.9999996423721313,1.4508060530715738e-08,6.55169571928127e-08
3621,1,1,4.480862116906792e-06,0.9999929666519165,2.6025752504210686e-06,2.070344073956676e-08
3622,0,3,0.021151678636670113,0.0010837955633178353,0.0030960780568420887,0.9746685028076172
3623,3,3,5.411393289023181e-08,1.933495141770436e-09,2.058907057289616e-06,0.9999978542327881
3624,2,2,3.3240046377613908e-06,1.9296494957465882e-10,0.9999966621398926,7.624538334027875e-09
3625,0,0,0.9999494552612305,4.29428146162536e-05,6.174322152219247e-06,1.4258152987167705e-06
3626,1,1,4.4760753326045233e-07,0.9999995231628418,7.046560002166302e-10,3.5973788392595907e-09
3627,0,3,0.004100682679563761,4.943395026657527e-09,0.019278399646282196,0.9766209125518799
3628,2,2,1.6223204511334188e-05,2.132691406586673e-05,0.9992088675498962,0.0007535906042903662
3629,0,0,0.7239140272140503,9.856699034571648e-05,0.019702322781085968,0.25628504157066345
3630,1,1,0.0311313234269619,0.9688647985458374,1.258644147128507e-06,2.571120376160252e-06
3631,2,0,0.9713866710662842,7.245433607749874e-06,0.001412443001754582,0.02719365432858467
3632,2,2,0.00014996971003711224,0.00027056739781983197,0.9860706925392151,0.013508768752217293
3633,0,0,0.9964916110038757,2.420423879812006e-05,0.002232530154287815,0.0012515997514128685
3634,2,2,0.00010530045256018639,1.244450959347887e-05,0.9996418952941895,0.00024030066560953856
3635,2,2,4.651378549169749e-05,3.456216646213761e-08,0.9999499320983887,3.4886102184827905e-06
3636,1,1,1.0573870667940355e-06,0.9999986886978149,1.1226747886894373e-07,1.45409103424754e-07
3637,0,0,0.988193690776825,1.6774467439972796e-05,0.006915608886629343,0.004874017089605331
3638,0,3,0.08634128421545029,0.33106207847595215,5.4029966122470796e-05,0.5825425982475281
3639,1,1,4.572259513224708e-07,0.9999991655349731,3.0297766073772436e-08,3.2832491569934064e-07
3640,2,2,0.0006575980223715305,2.5140723280969723e-08,0.9983938336372375,0.0009485961054451764
3641,1,1,2.849535121640656e-05,0.9999715089797974,9.056311256472327e-09,6.409405006735369e-09
3642,3,3,3.8444417441496626e-05,1.4132677279121708e-05,4.3762272980529815e-05,0.9999035596847534
3643,3,3,0.0738559365272522,4.811948883798323e-07,0.003538723336532712,0.9226049184799194
3644,0,0,0.9995610117912292,8.601621811976656e-05,0.00012691525625996292,0.00022606583661399782
3645,3,3,9.547917215968482e-06,7.564964654704909e-09,0.00015506752242799848,0.9998353719711304
3646,1,1,1.8379506627752562e-07,0.9999997615814209,3.019229866119133e-10,3.884082833138791e-09
3647,1,1,8.842413080856204e-05,0.9857315421104431,0.0045293038710951805,0.00965075846761465
3648,0,0,0.9997455477714539,0.000112391215225216,5.807135948998621e-06,0.0001362344337394461
3649,0,0,0.9997397065162659,3.248634783403759e-08,0.00023216570843942463,2.809579200402368e-05
3650,0,0,0.9999992847442627,1.8827812642285835e-09,7.257207812472188e-07,1.2215072509036418e-08
3651,3,3,8.66526534082368e-07,3.2863896048951347e-09,0.0007830943795852363,0.9992159605026245
3652,3,3,0.04878464341163635,3.308275336166844e-05,0.23305808007717133,0.718124270439148
3653,2,2,1.5468382343897247e-06,3.0778597448488654e-08,0.90767502784729,0.09232344478368759
3654,0,0,0.9998762607574463,1.4631705624879032e-08,8.500563853885978e-05,3.872940578730777e-05
3655,3,3,0.0014584078453481197,5.727381449105451e-07,0.3268475830554962,0.6716934442520142
3656,2,2,2.201067763962783e-05,1.2397329101077048e-06,0.9995632767677307,0.00041343571501784027
3657,0,0,0.9007473587989807,0.05585714057087898,0.0014811936998739839,0.041914284229278564
3658,2,2,1.78368209162727e-05,6.680721753582475e-07,0.9999642372131348,1.7215388652402908e-05
3659,3,3,1.4254695997806266e-05,1.8527396150602726e-07,0.027804512530565262,0.9721810221672058
3660,0,0,0.9932010769844055,5.152309086042806e-07,0.0028392362874001265,0.003959157504141331
3661,0,0,0.937657356262207,0.05868621543049812,8.77184938872233e-05,0.0035686965566128492
3662,0,0,0.9871731996536255,3.1075930717605615e-09,0.012826296500861645,4.818971888198575e-07
3663,2,2,1.8412182001270594e-08,5.587494200653964e-08,0.9999997615814209,1.9173258181126585e-07
3664,3,2,8.786963917373214e-06,1.3302266779646743e-05,0.8537994027137756,0.14617855846881866
3665,0,0,0.9793095588684082,5.954322190859784e-08,0.008189314976334572,0.01250111311674118
3666,1,1,1.1993417370348425e-10,1.0,3.406974008468566e-11,1.4324039350477324e-11
3667,3,3,1.9783830396136182e-07,2.3548016869767707e-08,7.4578529165592045e-06,0.9999923706054688
3668,3,3,1.7547407651363756e-06,1.1752347539584207e-08,1.772455289028585e-05,0.9999805688858032
3669,0,0,0.9999945163726807,3.32458398588642e-06,1.3804791478833067e-06,7.612497938680463e-07
3670,3,3,3.1109057090361603e-06,7.997238782309068e-08,0.002067248336970806,0.997929573059082
3671,2,3,1.914803397085052e-05,9.771984998963035e-09,0.012714213691651821,0.9872666001319885
3672,2,3,6.03300504735671e-05,1.92506990970287e-06,0.0007033284637145698,0.9992344379425049
3673,0,0,0.9999245405197144,9.815463641871247e-08,1.7015727280522697e-06,7.363015902228653e-05
3674,2,2,1.89012084206297e-07,4.037259859757114e-09,0.9995442032814026,0.0004555672057904303
3675,3,2,0.00010232466593151912,1.9226025216312337e-08,0.9997912049293518,0.00010638529784046113
3676,3,3,0.0005212714313529432,4.850389814237133e-06,9.474337275605649e-05,0.99937903881073
3677,1,1,1.012397845556734e-07,0.9999998807907104,3.356905378670838e-11,9.97689569848248e-11
3678,0,0,0.9999988079071045,1.0257377880407148e-06,8.327176459488328e-08,1.551083883555293e-08
3679,3,3,4.497971895034425e-05,9.947942025689827e-09,0.023539621382951736,0.9764153361320496
3680,2,2,0.00020914588822051883,1.1061062821227097e-07,0.999535083770752,0.00025575843756087124
3681,3,3,1.5716659618192352e-06,6.409754504943521e-09,0.009403563104569912,0.9905948638916016
3682,2,2,9.01313887879951e-06,1.57969481051623e-07,0.9999521970748901,3.85496714443434e-05
3683,0,0,0.9019243717193604,2.3101240458345274e-06,0.09785632789134979,0.00021703158563468605
3684,2,0,0.8912680745124817,0.00022935225570108742,0.10767803341150284,0.0008245322969742119
3685,0,2,0.1955917626619339,2.847535370165133e-06,0.8027211427688599,0.0016841914039105177
3686,0,2,0.12953436374664307,0.0019731763750314713,0.5924522280693054,0.276040256023407
3687,3,3,2.7514875000633765e-06,3.899283029795697e-08,0.16000406444072723,0.8399931788444519
3688,0,1,4.612277552951127e-05,0.9999538660049438,5.112721357392047e-09,1.3443448576566652e-09
3689,3,3,0.0015963937621563673,0.00030609918758273125,0.031841594725847244,0.9662559628486633
3690,3,3,0.00028740937705151737,8.225369274583727e-10,0.0012229988351464272,0.9984896183013916
3691,3,3,4.917142632621108e-06,3.64290961840652e-08,0.05895613878965378,0.9410389065742493
3692,2,2,1.142514747698442e-06,1.0225576829725469e-08,0.99998939037323,9.452709491597489e-06
3693,1,1,1.5561174222966656e-05,0.9999843835830688,2.9815643287633975e-09,1.4690104688241945e-09
3694,2,2,8.695358701515943e-05,0.00037792822695337236,0.9045400023460388,0.09499512612819672
3695,1,1,2.6995616408953538e-08,1.0,2.2690773704425737e-09,3.5627045757991027e-10
3696,0,0,0.9999434947967529,1.0504479632800212e-06,6.045115696906578e-07,5.482342385221273e-05
3697,0,0,0.9948480129241943,1.9874065401381813e-05,6.861570000182837e-06,0.005125252064317465
3698,0,0,0.9959118366241455,0.0003903383912984282,0.00021275252220220864,0.0034850870724767447
3699,2,2,2.8522301818156848e-06,1.6095256683001935e-08,0.9999971389770508,3.354059785465324e-08
3700,2,2,0.00015260963118635118,9.706301540290951e-08,0.9936420321464539,0.006205304060131311
3701,2,2,0.007913872599601746,0.0010384520282968879,0.8627908229827881,0.12825685739517212
3702,3,2,2.062945168290753e-05,3.413659399598146e-08,0.9864041805267334,0.01357525959610939
3703,3,3,0.003104855539277196,2.739016622399504e-07,0.0017280209576711059,0.9951668977737427
3704,1,1,8.507573511451483e-06,0.9999905824661255,8.750857318773342e-07,2.9454708894149917e-08
3705,0,0,0.9999978542327881,6.44284270379103e-08,1.924909838635358e-06,1.3670621967776242e-07
3706,3,3,0.0005620205192826688,2.271064545311674e-07,0.0057294247671961784,0.9937082529067993
3707,0,0,0.9999971389770508,8.018363928385952e-08,5.086422447675432e-07,2.2833121420262614e-06
3708,3,0,0.9851697087287903,0.00036555351107381284,0.00018387548334430903,0.014280789531767368
3709,1,1,1.821333341922582e-07,0.9999992847442627,4.974286866854527e-07,2.769424511939178e-08
3710,0,0,0.9999692440032959,2.789642348943744e-05,2.7151381800649688e-06,1.148720869537101e-07
3711,2,2,4.032643573737005e-06,1.0679150364012457e-07,0.999887228012085,0.00010864203795790672
3712,2,2,3.589542393456213e-05,4.7842267036912745e-08,0.9999520778656006,1.193899879581295e-05
3713,2,2,2.0115747247473337e-05,2.127470679624821e-07,0.9996845722198486,0.00029508417355827987
3714,3,2,1.8336219000048004e-05,1.2599942067481607e-07,0.9967447519302368,0.0032368297688663006
3715,3,3,0.20830853283405304,0.23588061332702637,0.019862722605466843,0.5359481573104858
3716,2,2,0.0009173442958854139,2.1845021791477848e-08,0.7557579278945923,0.2433246374130249
3717,3,3,0.0020103498827666044,3.341939373058267e-05,0.00010690667841117829,0.9978493452072144
3718,0,0,0.9819928407669067,0.01416045892983675,0.002157425507903099,0.00168921472504735
3719,1,1,5.286531212789214e-09,1.0,4.2178116554936196e-10,4.8576514338760646e-11
3720,2,2,2.2377689674613066e-06,1.6534397184742033e-09,0.999997615814209,8.798461692549608e-08
3721,1,1,0.0005423948750831187,0.9994557499885559,1.3447260016619111e-06,4.7155904780993296e-07
3722,3,3,0.003305557882413268,3.688662764034234e-05,0.006306665483862162,0.9903509020805359
3723,2,2,0.006385901011526585,0.00016270858759526163,0.9664707183837891,0.02698075957596302
3724,2,2,2.770245828287443e-06,1.8759815034741223e-08,0.9997130036354065,0.0002842490212060511
3725,1,1,1.599746184410833e-07,0.9999998807907104,4.702542522050379e-11,8.375262289250784e-11
3726,3,3,4.422856818564469e-06,7.133970303385695e-09,0.0003481458406895399,0.9996473789215088
3727,0,0,0.9999998807907104,6.820435771714983e-08,1.4860718211551216e-09,3.380657309648427e-09
3728,2,2,3.039442890440114e-05,1.5189447921670762e-08,0.8821079134941101,0.11786173284053802
3729,2,2,1.2235782378411386e-05,9.577692416939954e-09,0.9999808073043823,6.869964636280201e-06
3730,3,3,0.0005207101348787546,9.411911605639034e-07,0.0009287456050515175,0.9985495209693909
3731,3,3,0.0013309220084920526,0.0009576119482517242,0.0009153838036581874,0.9967960715293884
3732,3,3,1.3668176507053431e-05,6.572221433742698e-09,0.004095687065273523,0.9958906173706055
3733,1,1,1.0872115126403514e-05,0.9999891519546509,1.2852975572741343e-08,1.2665213322549107e-10
3734,1,1,4.688889720938505e-09,1.0,3.2639069225126605e-10,3.1860174221076676e-11
3735,0,0,0.9994015693664551,0.00010678826220100746,1.964308921742486e-06,0.0004897352191619575
3736,1,1,4.963965238857782e-07,0.9999974966049194,1.9504266219882993e-06,2.0116823762350577e-09
3737,0,0,0.9999986886978149,4.946448939335824e-07,4.3905933466703573e-07,2.8230607540535857e-07
3738,3,3,2.8453159757191315e-05,7.696698833825621e-10,6.657145422650501e-05,0.999904990196228
3739,3,3,3.6655990243161796e-06,1.1663805032924301e-08,6.141964695416391e-05,0.9999349117279053
3740,1,1,2.7261725321636732e-08,0.9999997615814209,5.5286268008103434e-08,1.060504217775815e-07
3741,3,3,1.6768362911534496e-05,7.033028737168934e-08,0.07904663681983948,0.9209365248680115
3742,2,2,0.042893942445516586,9.634734254859723e-08,0.9025272130966187,0.054578740149736404
3743,0,0,0.9999996423721313,1.93035920581508e-09,1.4349535604196717e-07,1.7966401344438054e-07
3744,1,1,5.9958993006148376e-06,0.9999926090240479,1.337104436061054e-06,6.883952075042998e-09
3745,1,1,0.0005101077258586884,0.9754691123962402,4.0608876588521525e-05,0.023980215191841125
3746,0,0,0.9786155223846436,0.019871873781085014,0.0012882956070825458,0.00022435985738411546
3747,0,2,5.745929229306057e-05,1.0468905742300194e-07,0.9999351501464844,7.334895599342417e-06
3748,1,1,6.908158767249262e-11,1.0,5.527826460460794e-12,5.857853807057778e-13
3749,0,0,0.9999902248382568,1.0776814463042683e-07,1.0634520322128083e-06,8.598846761742607e-06
3750,2,2,0.007098414469510317,7.329334721362102e-07,0.9782187342643738,0.01468204241245985
3751,2,2,6.168625077407341e-07,1.5912892337155427e-08,0.9671820402145386,0.032817382365465164
3752,2,2,0.00784321315586567,4.786081717611523e-06,0.9861674904823303,0.005984557792544365
3753,0,0,0.9994012117385864,5.603218369287788e-07,0.0005259141325950623,7.24027631804347e-05
3754,2,2,3.570808985386975e-06,5.512907591764815e-05,0.9998946189880371,4.666053064283915e-05
3755,0,0,0.9997768998146057,4.680787696997868e-06,0.00011015997733920813,0.00010835369903361425
3756,0,0,0.9999182224273682,8.146008622134104e-05,9.234246256539791e-09,2.5648910195741337e-07
3757,3,3,4.954127871314995e-05,1.2852596853463183e-07,0.026826037093997,0.9731243252754211
3758,0,0,0.9998914003372192,7.167016883613542e-05,4.730612204184581e-07,3.6473888030741364e-05
3759,3,2,6.011472214595415e-05,3.1929607757774647e-07,0.8757216930389404,0.12421789020299911
3760,3,3,2.5047581857506884e-06,1.1120188103674877e-09,0.006162566132843494,0.9938349723815918
3761,0,3,0.2754422426223755,4.250218353263335e-06,0.0002243100170744583,0.7243292927742004
3762,0,0,0.9995636343955994,2.602292568099074e-07,3.9976265497898567e-07,0.00043569051194936037
3763,2,2,0.00038812067941762507,4.668636144344873e-09,0.9996042847633362,7.594711860292591e-06
3764,2,2,2.3014001726551214e-07,8.5402049876393e-08,0.9999984502792358,1.2451221209630603e-06
3765,2,2,0.005520815495401621,1.0849228182507886e-08,0.9944313168525696,4.785249984706752e-05
3766,3,3,2.838479815636674e-07,1.3337241533406541e-08,0.0061925239861011505,0.9938071370124817
3767,0,0,0.9999271631240845,7.262223516590893e-05,2.219087775756634e-07,2.157098322186357e-08
3768,1,1,2.2924595555195992e-09,1.0,3.129562609061054e-09,3.1210825590655134e-11
3769,2,2,1.4200710211298428e-05,9.348867024527863e-05,0.9992197751998901,0.0006725220009684563
3770,2,2,2.575906546553597e-05,1.7566330612339698e-08,0.999937891960144,3.6297707993071526e-05
3771,1,1,1.9471050904940057e-07,0.9999997615814209,2.071979809947777e-10,1.0101356556768692e-10
3772,1,1,1.9825529307127e-07,0.9999997615814209,2.2264339705202474e-08,7.56897183817884e-11
3773,1,1,2.2485108274850063e-05,0.9999774694442749,1.9092155412181455e-08,2.1798728155886238e-08
3774,0,0,0.9990837574005127,1.7182504961965606e-05,1.75920740730362e-05,0.0008814238826744258
3775,3,3,0.0001800764148356393,2.6020614996014046e-07,0.0049514309503138065,0.994868278503418
3776,3,3,2.76345217571361e-05,1.5323248447884907e-08,0.0001192830823129043,0.9998530149459839
3777,3,0,0.9945650100708008,1.695170249149669e-05,0.0011988101759925485,0.004219267051666975
3778,2,2,7.254519118760072e-07,5.831217730900562e-10,0.9999978542327881,1.4564360526492237e-06
3779,2,2,1.2251027328602504e-05,1.5766485339518965e-10,0.999915599822998,7.205845031421632e-05
3780,3,3,0.000810907396953553,8.31477223073307e-07,1.2759394394379342e-06,0.9991869330406189
3781,1,1,1.7741108422342222e-06,0.9999982118606567,5.513448586569325e-10,1.5558494492751151e-09
3782,0,0,0.9999995231628418,4.1717314047673426e-07,3.0984559362678965e-09,2.4165771606021735e-08
3783,0,0,0.9999563694000244,1.7524656641398906e-06,3.871500302921049e-05,3.11180338030681e-06
3784,0,0,0.9921674132347107,2.3518599846283905e-05,0.00490811001509428,0.0029009676072746515
3785,0,3,0.01106888335198164,3.8160775147844106e-05,6.91624081810005e-05,0.9888237118721008
3786,0,0,1.0,1.6731695196003926e-10,8.272814655541083e-10,5.906273248257321e-10
3787,3,3,2.31147205340676e-05,4.5308241602981525e-09,0.0009736465290188789,0.9990032315254211
3788,3,3,5.227558403930743e-07,1.5257565211257429e-09,0.0001003813449642621,0.9998990297317505
3789,2,2,7.794723933329806e-05,4.9265365120731985e-09,0.9999103546142578,1.1623738828347996e-05
3790,0,2,0.001876426045782864,0.0003754627250600606,0.9974861145019531,0.0002620272571220994
3791,1,1,0.22928743064403534,0.7706230282783508,5.010438326280564e-05,3.941952672903426e-05
3792,1,1,4.54538485428202e-06,0.9840534329414368,0.015841949731111526,0.00010006800584960729
3793,3,3,0.003728338750079274,8.624225529274554e-07,0.0002439173258608207,0.996026873588562
3794,1,1,8.091630547824025e-07,0.9999991655349731,8.23730250676391e-10,5.328823160510865e-09
3795,2,2,3.970342004322447e-05,1.11552401449444e-06,0.999754011631012,0.00020518920791801065
3796,2,2,0.047602493315935135,3.0193545171641745e-05,0.752770185470581,0.19959710538387299
3797,2,2,0.009158467873930931,8.396991120207531e-07,0.9907795190811157,6.117302109487355e-05
3798,1,1,5.992643491481431e-05,0.9987078905105591,0.0001520840305602178,0.0010800901800394058
3799,0,0,0.992942214012146,8.744067599764094e-05,0.001622556010261178,0.005347718950361013
3800,3,3,2.8441836548154242e-05,5.223011001476152e-08,0.3514583110809326,0.6485131978988647
3801,3,3,9.32237981032813e-06,6.922592499236657e-10,0.008463248610496521,0.9915274977684021
3802,3,3,2.6890652407018933e-06,1.376236809846887e-06,7.4339291131764185e-06,0.9999884366989136
3803,1,1,0.00022952895960770547,0.999575674533844,9.141963346337434e-06,0.000185656055691652
3804,2,2,0.00032307798392139375,2.0275676604342152e-07,0.9996719360351562,4.830767466046382e-06
3805,0,1,0.19919387996196747,0.8008049726486206,2.094899400617578e-07,9.101026421376446e-07
3806,1,1,6.852003025414888e-06,0.999993085861206,3.4434211038103513e-09,5.727607277350444e-10
3807,2,2,1.4564011507900432e-05,1.7204175861706972e-08,0.99988853931427,9.684478573035449e-05
3808,1,1,7.086889963758836e-10,0.9999997615814209,2.0839922854065662e-07,1.3498827833302585e-08
3809,1,1,3.0153410079947207e-07,0.9999996423721313,2.0969654457303477e-08,4.564658429018209e-09
3810,0,0,0.9999918937683105,9.098457667278126e-07,5.034308287577005e-06,2.164118086511735e-06
3811,3,3,0.0001024403827614151,9.297350800352433e-08,0.06162583827972412,0.9382716417312622
3812,2,2,0.016869181767106056,0.00040660658851265907,0.980480968952179,0.002243188675493002
3813,2,3,0.001908567501232028,0.004500968847423792,0.20930632948875427,0.7842841148376465
3814,0,0,0.9914063215255737,0.0004149230371695012,0.008093339391052723,8.544418233213946e-05
3815,3,3,0.0006177180912345648,1.2312304953354669e-08,0.02165355533361435,0.9777286648750305
3816,3,3,1.618885471543763e-05,3.4259889369891994e-10,0.005517357494682074,0.9944664835929871
3817,2,2,9.54694132815348e-06,3.072497634093452e-08,0.9999858140945435,4.5837964535166975e-06
3818,3,3,0.07460961490869522,0.0028924457728862762,0.03414143621921539,0.8883564472198486
3819,2,2,0.025001240894198418,0.0018877747934311628,0.9716371297836304,0.0014738069148734212
3820,1,1,6.256836786633357e-05,0.9995843768119812,4.333290416980162e-05,0.00030970238731242716
3821,0,0,0.9999868869781494,1.462489773729203e-08,1.2686202353506815e-05,5.173722570361861e-07
3822,2,2,6.297059007920325e-05,1.781082659135791e-07,0.9999144077301025,2.2477901438833214e-05
3823,2,2,7.654052751604468e-05,0.0005786620313301682,0.999079704284668,0.0002650643582455814
3824,3,3,4.1543208340044657e-07,9.832165304146656e-09,0.0003826908359769732,0.9996168613433838
3825,1,1,3.014374215126736e-06,0.9999970197677612,2.5008205284393625e-08,3.2802830673972494e-08
3826,2,3,1.5180273749137996e-06,4.2844908421102446e-06,0.2947327792644501,0.7052614092826843
3827,3,3,0.0006910900119692087,1.1358121554394529e-07,0.001313603832386434,0.9979952573776245
3828,3,3,1.9677700038300827e-05,1.3600576664885011e-08,5.300056272972142e-06,0.9999749660491943
3829,2,2,5.178545507078525e-06,3.546410498600494e-09,0.979464590549469,0.020530233159661293
3830,3,3,0.00032981569529511034,7.475973617943055e-09,0.023556629195809364,0.9761136174201965
3831,1,1,0.0002859951346181333,0.9996984004974365,1.52870543388417e-05,3.8852456896165677e-07
3832,0,1,0.2218305766582489,0.5390087366104126,0.0045894780196249485,0.2345711588859558
3833,0,2,0.40447351336479187,0.00016828885418362916,0.5749838948249817,0.020374340936541557
3834,3,3,2.4821051738399547e-06,4.536214532890881e-07,0.0020975915249437094,0.9978994131088257
3835,3,3,0.00022684881696477532,1.7023282783412697e-09,0.003016058588400483,0.9967570900917053
3836,1,1,1.1712869252278324e-07,0.9999998807907104,3.008470805809793e-09,5.657063706365761e-10
3837,1,1,3.8303760447888635e-06,0.9999960660934448,3.7154614940249076e-09,1.402967768626695e-07
3838,0,0,0.9999477863311768,3.352834391989745e-05,1.3291945833771024e-05,5.3288058552425355e-06
3839,1,1,7.407298596717737e-08,0.9999998807907104,1.417476136467144e-09,6.524542572883263e-10
3840,1,1,2.3554292056360282e-05,0.9999558925628662,7.6570959208766e-06,1.282094672205858e-05
3841,1,1,1.4329873920360114e-05,0.9999845027923584,1.1647132396319648e-06,3.3400617382994824e-08
3842,2,2,2.576671977294609e-05,7.234594704641495e-06,0.6476641297340393,0.3523028492927551
3843,0,0,0.999998927116394,6.784143806726206e-07,3.1609792472409026e-07,9.736045747388289e-09
3844,0,0,1.0,7.344046260016057e-09,3.514082536071328e-08,7.820619707388232e-09
3845,0,0,0.9996117949485779,6.781824168911044e-08,5.050445906817913e-05,0.0003375977976247668
3846,3,3,5.246452587925887e-07,5.931847226747777e-07,0.0027255110908299685,0.9972733855247498
3847,3,3,0.00015052470553200692,1.9236702428315766e-05,0.00037026513018645346,0.9994600415229797
3848,1,1,4.703995060140187e-08,1.0,6.091550042164329e-10,2.609976471057429e-11
3849,3,3,8.782504664850421e-06,5.238374001237389e-08,0.0007883495418354869,0.9992029070854187
3850,0,0,0.9994044303894043,2.304227564309258e-06,0.0004467912367545068,0.00014647527132183313
3851,1,1,8.894777892010097e-08,0.9999959468841553,3.782621433856548e-06,1.8879279650718672e-07
3852,1,1,1.7346799552342418e-08,1.0,2.1647064141205874e-09,1.6400657221193882e-10
3853,3,3,0.02094210684299469,4.047843049193034e-06,0.00037018812145106494,0.9786836504936218
3854,2,2,4.188405853255972e-07,2.1813596262632018e-08,0.9999994039535522,5.641668820999257e-08
3855,0,0,0.9999939203262329,5.951703315076884e-06,7.386825018329546e-08,3.299858164496072e-08
3856,0,2,0.11105343699455261,4.5233912260300713e-07,0.8888847231864929,6.137302989372984e-05
3857,2,2,2.824649243393651e-07,1.0038742459528294e-07,0.9999984502792358,1.2188264690848882e-06
3858,1,1,1.019929598555791e-07,0.9999998807907104,2.042068042440448e-10,2.39380550937085e-08
3859,1,1,0.0006973216077312827,0.9992916584014893,7.080677733029006e-08,1.0973349162668455e-05
3860,0,0,0.9887906312942505,3.928576461476041e-06,7.684575393795967e-05,0.011128590442240238
3861,2,2,0.00031501968624070287,3.8242081501493885e-08,0.9996845722198486,4.160287971899379e-07
3862,2,2,6.298026278273028e-08,4.359768102091266e-09,0.9999998807907104,4.393073904651601e-09
3863,0,2,0.04383622854948044,0.0017426147824153304,0.5703557729721069,0.38406533002853394
3864,2,2,5.64507672606851e-06,4.9464667917220595e-09,0.9998660087585449,0.00012839560804422945
3865,1,1,0.0002565922914072871,0.9997410178184509,5.199424322199775e-07,1.9552483081497485e-06
3866,2,2,0.00012844777666032314,2.7153453174832975e-07,0.9998534917831421,1.7684296835795976e-05
3867,2,2,1.3547226444643456e-05,1.0038292863612241e-08,0.9999808073043823,5.629224233416608e-06
3868,2,2,9.217247907145065e-07,5.073784268461168e-05,0.999945878982544,2.4274743282148847e-06
3869,3,3,7.114391337381676e-06,1.2971358046343084e-05,0.0004949505091644824,0.9994848966598511
3870,2,2,0.194660946726799,4.951066898684076e-07,0.8028156757354736,0.0025229272432625294
3871,1,1,3.2451687275170116e-06,0.9999967813491821,1.213927403043158e-09,3.854315533402541e-09
3872,3,3,3.7020017771283165e-06,1.052682385704884e-08,0.00104881904553622,0.9989475607872009
3873,0,0,0.9987733960151672,0.0004879340121988207,0.00026421749498695135,0.0004744102479889989
3874,0,0,0.9991598129272461,8.995777420750528e-07,1.607941339898389e-05,0.000823203066829592
3875,2,2,8.266523764177691e-06,2.31757368851504e-08,0.999990701675415,1.016937062559009e-06
3876,0,0,0.9999979734420776,3.1748299988976214e-08,4.431157663020713e-07,1.5556466905763955e-06
3877,0,0,0.9989399313926697,6.46803869130963e-07,0.0002455378125887364,0.0008138229022733867
3878,0,0,0.9999998807907104,1.2253730119482498e-07,1.761062939920066e-08,1.805437221946704e-08
3879,3,3,1.6506105566804763e-06,7.892319020541549e-10,1.5534045815002173e-05,0.9999828338623047
3880,2,2,0.0001882353681139648,6.657808171439683e-08,0.9997068047523499,0.00010497048060642555
3881,1,1,2.0688469248852925e-06,0.9999961853027344,1.7672463172857533e-06,2.3825137418498343e-08
3882,0,2,0.0009224534151144326,7.569658919237554e-05,0.9875296354293823,0.011472216807305813
3883,3,3,8.930160220188554e-06,8.511524356435984e-07,0.014455289579927921,0.9855349063873291
3884,1,1,1.165755847409855e-08,1.0,8.400645512551819e-09,3.579562479760767e-10
3885,1,1,2.3669138045079308e-06,0.999997615814209,2.060743797827058e-09,2.1388807391886644e-10
3886,0,0,0.9999980926513672,3.5304950074532826e-08,7.198141815933923e-07,1.208559410770249e-06
3887,3,2,0.0001010018604574725,2.3597461762392413e-09,0.5807914733886719,0.41910749673843384
3888,3,0,0.5585381388664246,0.00034363113809376955,7.855384865251835e-06,0.44111037254333496
3889,2,2,1.3652428378918557e-06,4.3538072702631325e-08,0.9999873638153076,1.1304544386803173e-05
3890,2,2,0.0011404294054955244,1.0582915592749487e-06,0.9943826198577881,0.00447580823674798
3891,3,3,1.2134152711951174e-05,1.9628750180800125e-07,0.028631513938307762,0.9713560938835144
3892,1,1,2.2238057226786623e-06,0.9999972581863403,1.9829853314945467e-08,4.7613218612241326e-07
3893,0,0,0.9999866485595703,1.0073201792692998e-06,1.2316248103161342e-05,1.1075345085487243e-08
3894,1,1,4.620513749387101e-08,1.0,8.460930622788965e-09,3.2763580737338316e-09
3895,3,0,0.7947681546211243,0.09933147579431534,0.0076689328998327255,0.09823136031627655
3896,1,1,4.098243522321354e-08,1.0,7.942186464049428e-09,5.20913645551957e-10
3897,0,0,0.9999603033065796,3.9239002944668755e-05,3.032978952433041e-07,8.148514751837865e-08
3898,1,1,6.333449709927663e-05,0.9994864463806152,0.0004502055235207081,4.1771908598775553e-08
3899,0,1,0.00030720600625500083,0.9996926784515381,7.521162359580558e-08,1.7679695929473382e-07
3900,0,1,0.05474494397640228,0.9452301859855652,2.2767664631828666e-05,2.0678332930401666e-06
3901,1,1,5.546298353920065e-08,1.0,2.8139210406230575e-10,1.139743022182671e-10
3902,2,2,1.026904442369414e-06,1.1739045646663726e-07,0.9999977350234985,1.0680173545551952e-06
3903,0,0,0.9999997615814209,9.610415219185597e-08,1.1710400116271558e-07,1.2154004025433096e-08
3904,0,0,0.9999942779541016,2.0503289306361694e-06,6.786597737118427e-07,2.933699306595372e-06
3905,1,1,4.974133389623603e-06,0.9999737739562988,5.0097623898182064e-06,1.6230129403993487e-05
3906,0,0,0.9999995231628418,3.412285991544195e-07,1.1064091154366906e-07,1.7083587877664286e-08
3907,2,2,8.604765753261745e-07,5.793695301292701e-09,0.9999979734420776,1.2099085324734915e-06
3908,1,1,0.00021205595112405717,0.9997879862785339,2.3345911870364944e-08,1.4374216261714423e-09
3909,0,0,0.9576902389526367,0.01647244766354561,0.0003279814845882356,0.025509297847747803
3910,0,0,0.9989468455314636,7.221210398711264e-05,9.10033213585848e-06,0.000971904955804348
3911,0,0,0.9680930972099304,1.2177982000594056e-07,0.005277516786009073,0.026629282161593437
3912,0,0,0.9714394807815552,0.0001559812662890181,0.0008321429486386478,0.027572404593229294
3913,3,3,0.005327290389686823,1.9702891762563013e-08,0.0030280936043709517,0.991644561290741
3914,0,0,0.999998927116394,2.3297133111555013e-09,3.97874622137806e-08,1.0585567906673532e-06
3915,0,0,0.9999971389770508,1.0626861524087872e-07,7.731464535254418e-08,2.6760080800158903e-06
3916,0,3,0.10668597370386124,1.2410840099619236e-05,0.015453572385013103,0.8778479695320129
3917,1,1,1.5651535250071902e-06,0.9999984502792358,4.920093221727484e-10,2.851920832824817e-08
3918,0,0,0.9999986886978149,1.2287365507290815e-06,1.0638641612104038e-07,1.950789751958837e-08
3919,1,1,1.4377020534084295e-06,0.9999977350234985,8.134691711347841e-07,3.5160439004755517e-09
3920,0,0,0.999984622001648,1.3727846237543417e-07,1.4239608390198555e-05,1.0892755426539225e-06
3921,1,1,0.00015761351096443832,0.9998424053192139,1.3457632341840053e-08,9.027585790022385e-09
3922,3,3,9.715260239318013e-05,6.095442017794994e-08,5.0874614316853695e-06,0.9998975992202759
3923,1,1,4.5981036578268686e-07,0.9999994039535522,3.332092601837644e-09,1.7678662800335587e-07
3924,1,1,0.00012455119576770812,0.9998754262924194,4.1931218497381906e-09,7.286493630687119e-11
3925,0,0,0.999972939491272,2.6602248908602633e-05,4.9515108457853785e-08,4.937319886266778e-07
3926,1,1,1.9901475752703846e-05,0.9999741315841675,3.014828735103947e-06,2.994914893861278e-06
3927,1,1,9.657932231732502e-09,1.0,1.8328040474191454e-10,1.1833229951463409e-09
3928,0,0,0.9999995231628418,3.6441565498535056e-07,1.1873354566205307e-07,2.948313237993716e-08
3929,0,0,0.9998353719711304,4.177051778242458e-06,0.00014833295426797122,1.1986809113295749e-05
3930,0,0,0.9999997615814209,1.0602797573255884e-07,3.936628090173144e-08,7.86653586715147e-08
3931,0,0,0.9999991655349731,6.96402196354029e-07,6.023086029927072e-08,2.3849034747058795e-08
3932,1,1,1.1980649361476026e-08,1.0,2.5894295041517523e-10,3.8554394052314755e-12
3933,1,1,7.389532896695528e-08,0.9999998807907104,1.501681268223365e-08,8.215435554070893e-10
3934,2,2,0.00012463744496926665,7.422947965096682e-05,0.9997714161872864,2.973036862385925e-05
3935,1,1,6.859458517283201e-05,0.9999289512634277,9.864102139545139e-07,1.4318087551146164e-06
3936,1,1,1.7494460280431667e-07,0.9999995231628418,4.9123581646881576e-08,2.6751430937110854e-07
3937,1,1,5.27897100255359e-07,0.9999994039535522,5.386450752098426e-08,5.137826519785449e-08
3938,1,1,3.327256337115614e-08,0.9999998807907104,2.193472603551072e-08,1.0219196866501079e-07
3939,1,1,3.169137198710814e-05,0.9999547004699707,5.0996777645195834e-06,8.522511052433401e-06
3940,2,2,7.975294283824041e-05,0.0009621871868148446,0.9983533620834351,0.0006047202041372657
3941,1,1,3.120027969316652e-08,1.0,2.3498649692754725e-09,3.563905420778113e-11
3942,1,1,0.0011527839815244079,0.9987877011299133,5.719321416108869e-05,2.4365263016079552e-06
3943,0,0,0.999911904335022,5.4259682656265795e-05,3.1523359211860225e-05,2.3326663267653203e-06
3944,1,1,7.112838096290375e-10,1.0,1.111646108498121e-09,4.154900590247479e-10
3945,3,2,6.904138899699319e-06,3.013020887010498e-06,0.7410074472427368,0.25898265838623047
3946,1,1,0.0004994504852220416,0.9994984865188599,1.9069766494794749e-06,1.682728481000595e-07
3947,1,1,0.00023534870706498623,0.9113610982894897,0.002451763255521655,0.0859517902135849
3948,0,0,0.9995498061180115,3.781824261750444e-06,0.00020215775293763727,0.0002442218828946352
3949,2,3,0.003943131770938635,0.4167070984840393,0.08356358855962753,0.4957861304283142
3950,3,3,7.98938526713755e-06,5.330128005631707e-10,0.0013373146066442132,0.9986547231674194
3951,1,1,4.474538400245365e-06,0.9998825788497925,0.00011128611367894337,1.7106273162426078e-06
3952,1,0,0.555712878704071,0.44382473826408386,0.00028354721143841743,0.00017886458954308182
3953,3,1,3.8150478758325335e-06,0.9999955892562866,1.579725648070962e-07,5.095265009913419e-07
3954,3,3,4.497340796660865e-06,1.976100838518846e-09,0.052075427025556564,0.947920024394989
3955,1,1,2.2392657683667494e-06,0.9999977350234985,2.735670301401427e-10,4.649184925931138e-10
3956,0,0,0.999987006187439,1.2646003597183153e-05,2.4824039712711965e-08,4.011160967820615e-07
3957,0,0,0.9998960494995117,0.0001031137362588197,4.693853838944051e-08,7.860482469368435e-07
3958,0,0,0.9999998807907104,1.435684851003316e-07,2.950452149264038e-08,2.977167845585882e-08
3959,1,1,0.004852829501032829,0.9951436519622803,2.052698846455314e-06,1.5164301885306486e-06
3960,0,0,0.9999994039535522,4.3836805296848524e-09,5.169902550505867e-08,5.882713480787061e-07
3961,1,1,1.1548931411198282e-07,0.9999998807907104,8.504366655337492e-10,4.859428059944548e-08
3962,1,1,0.006687636952847242,0.9933074116706848,5.024399342801189e-06,3.728208852749049e-08
3963,1,1,6.587523785128724e-06,0.9999877214431763,9.286668500863016e-07,4.723676283902023e-06
3964,3,3,0.00017695128917694092,1.9557836594685796e-07,0.0011656743008643389,0.9986571073532104
3965,1,1,5.251687980489805e-06,0.9999947547912598,1.446786601633221e-08,4.3871253296856594e-08
3966,1,1,2.7624537324300036e-05,0.9999723434448242,5.136460590193792e-09,7.553355274581008e-09
3967,0,0,0.9982953667640686,1.2461683809306123e-06,0.0016867317026481032,1.6688341929693706e-05
3968,2,3,1.9634879208751954e-05,5.2118500626363584e-09,0.004056145902723074,0.9959242343902588
3969,3,3,5.479198534885654e-06,1.251895120901736e-08,0.004537200555205345,0.9954572916030884
3970,2,3,5.159630518392078e-07,8.613081803332534e-08,0.0011143318843096495,0.9988850951194763
3971,0,0,0.9998940229415894,1.5211972481665725e-07,4.210646238789195e-06,0.00010161204409087077
3972,1,1,0.00012537020666059107,0.9993517994880676,0.0005146231269463897,8.172428351826966e-06
3973,1,2,0.0012730901362374425,0.11250142008066177,0.7634739875793457,0.12275148183107376
3974,2,1,0.009462084621191025,0.6583726406097412,0.30834540724754333,0.023819874972105026
3975,2,2,0.023890066891908646,0.0005274545401334763,0.9668914675712585,0.008690980263054371
3976,2,2,0.00021529682271648198,2.851303859685572e-09,0.9997578263282776,2.6912475732387975e-05
3977,2,2,0.000263690366409719,8.722836923880095e-07,0.9729256629943848,0.026809660717844963
3978,1,1,2.0606364614650374e-07,0.9999997615814209,1.4751660337708472e-08,6.359509030495758e-10
3979,0,0,1.0,5.983341599957726e-10,2.6328822455568e-10,1.3133415466271003e-09
3980,0,1,0.0591035820543766,0.8244034647941589,0.0005304624210111797,0.11596252769231796
3981,0,3,0.09591735899448395,1.1102499684056966e-06,0.001796964555978775,0.902284562587738
3982,1,1,9.08824631551397e-07,0.9999990463256836,5.364246269401463e-10,2.608304461304556e-09
3983,3,3,0.00017434429901186377,1.1957011338381562e-05,0.30018123984336853,0.699632465839386
3984,3,3,6.091689283493906e-05,7.866664236644283e-05,0.000641844526398927,0.9992185831069946
3985,3,3,1.2461404708119517e-07,3.8889712783429786e-08,0.00023044318368192762,0.999769389629364
3986,3,3,0.2630378007888794,0.06720028817653656,0.09657807648181915,0.5731837749481201
3987,3,3,3.187360562151298e-05,6.244015793299695e-08,9.317910735262558e-05,0.9998748302459717
3988,2,2,2.541873300287989e-06,1.3550005562024126e-09,0.9999963045120239,1.135200250246271e-06
3989,3,3,7.089763585099718e-06,5.1933941591642e-09,6.564459181390703e-05,0.999927282333374
3990,2,2,5.363543550629402e-06,1.7725275824886921e-07,0.9999232292175293,7.125073170755059e-05
3991,3,3,1.1654310583253391e-05,7.069741769782922e-08,0.0002606916823424399,0.9997275471687317
3992,0,0,0.531438410282135,4.518871264735935e-06,0.4461803436279297,0.022376738488674164
3993,3,3,0.00013733832747675478,2.011253855016548e-06,7.287329935934395e-05,0.9997877478599548
3994,3,3,2.9502429242711514e-05,4.423678547027521e-06,0.03586053475737572,0.9641056656837463
3995,1,1,7.0448486440000124e-06,0.9999929666519165,1.3303653734197951e-09,3.5790819197245582e-09
3996,1,1,1.4819901972273897e-09,0.9999998807907104,5.573779771061993e-10,6.586127199170733e-08
3997,1,1,0.057134781032800674,0.9428642988204956,1.1083858453275752e-07,7.810433544364059e-07
3998,3,0,0.7252395153045654,1.6962876259185578e-07,1.3330793990462553e-05,0.27474701404571533
3999,0,0,0.9812378287315369,0.0027998764999210835,0.00028897391166538,0.015673430636525154
4000,2,3,0.0019789424259215593,2.4425105493719457e-06,0.0939515009522438,0.9040670990943909
4001,0,0,0.9999862909317017,5.802178748126607e-06,3.229201638532686e-06,4.709101176558761e-06
4002,2,2,8.87463045273762e-08,1.6412533554444053e-08,0.9999998807907104,3.368350931509667e-09
4003,2,2,1.7609290807740763e-06,1.2252804104662118e-08,0.9999819993972778,1.6165615306817926e-05
4004,3,3,0.004069284535944462,2.5530910718885025e-08,0.0003919602313544601,0.9955387711524963
4005,3,3,2.3441428709247702e-07,7.288686321160753e-10,0.0013907476095482707,0.9986090064048767
4006,2,2,3.6255754821468145e-05,1.0097782876528072e-07,0.9999610185623169,2.596212880234816e-06
4007,0,0,0.9828925132751465,1.637775858398527e-05,4.9327718443237245e-05,0.0170417670160532
4008,2,2,1.413408881489886e-05,2.070738025494734e-09,0.9999853372573853,4.206954145047348e-07
4009,3,3,6.022536354066688e-07,1.3509169782821573e-08,0.0004219437250867486,0.9995774626731873
4010,0,0,0.9999040365219116,6.101372946432093e-06,7.359102892223746e-05,1.6310596038238145e-05
4011,1,1,6.310910682927329e-10,1.0,3.401642856282194e-11,4.205623002628833e-11
4012,3,3,1.9637864170363173e-05,2.669534637789184e-07,7.459257903974503e-05,0.9999054670333862
4013,2,2,2.3735106879030354e-05,9.918500154526555e-07,0.9999622106552124,1.3114534340274986e-05
4014,2,2,4.994070579300569e-08,8.04175481761149e-09,1.0,1.1828158896776131e-08
4015,0,0,0.9999998807907104,4.5947018634251435e-08,9.333991357607374e-09,1.550009010031772e-08
4016,3,3,1.29270438264939e-06,1.8705666207097238e-06,0.000507053395267576,0.9994897842407227
4017,3,3,5.337558832252398e-05,4.179317336650001e-09,0.004073555581271648,0.9958730340003967
4018,1,1,3.9927963371155784e-05,0.9999567270278931,2.928767344201333e-06,3.0696276098751696e-07
4019,1,1,6.425224455597345e-06,0.9984861016273499,0.001507392036728561,1.3022668099438306e-07
4020,2,2,4.7484514652751386e-05,3.5653652474820774e-08,0.771953284740448,0.22799915075302124
4021,3,3,0.00011150443606311455,1.6810153624646773e-07,0.02010892704129219,0.9797794222831726
4022,2,2,0.014467618428170681,0.00037349906051531434,0.9602800607681274,0.02487887814640999
4023,3,3,1.2779331882484257e-05,8.379994653751055e-08,0.0004135429044254124,0.9995735287666321
4024,2,2,1.34613737827749e-05,6.714178546474159e-09,0.9999864101409912,1.639970861333495e-07
4025,2,2,1.1131949577247724e-05,1.6518833945156075e-07,0.9999865293502808,2.239411287519033e-06
4026,2,2,5.82000268423144e-07,1.3596888059907997e-08,0.9999994039535522,3.434032436189227e-08
4027,0,1,0.00025507144164294004,0.9997327923774719,1.127589257521322e-05,8.571414014113543e-07
4028,0,0,0.9839624166488647,7.531981083275241e-08,0.016037343069911003,1.7051848999471986e-07
4029,0,1,0.0014812145382165909,0.9985187649726868,1.0940716776985937e-08,4.24027701839691e-09
4030,3,2,4.229848855175078e-05,8.229274328641623e-08,0.9278415441513062,0.07211613655090332
4031,1,1,0.005041886121034622,0.9949579834938049,1.3019366917887965e-07,3.6782051182626674e-08
4032,0,0,0.9999967813491821,4.569352185512798e-08,9.388751891492575e-07,2.1916132482147077e-06
4033,2,2,6.178205325113595e-08,1.1464025106988629e-07,0.999966025352478,3.3734224416548386e-05
4034,1,1,4.510919097810984e-06,0.9999951124191284,4.0134125356416916e-07,1.1901060581465117e-08
4035,2,2,0.0013537579216063023,7.043490768410265e-05,0.8090001940727234,0.1895756721496582
4036,2,2,0.0050382474437355995,1.2806000086129643e-05,0.7232311367988586,0.27171778678894043
4037,1,1,0.0015456653200089931,0.9984301924705505,5.229029738984536e-06,1.892151340143755e-05
4038,0,0,0.9959056377410889,0.004074574913829565,1.0819414910656633e-06,1.8716400518314913e-05
4039,0,0,0.9999973773956299,1.8125664382750983e-06,2.252419584181098e-08,7.707411668889108e-07
4040,1,1,2.6302231503905205e-07,0.9999997615814209,1.93292004624368e-09,3.99476984824787e-09
4041,1,1,2.957356855404214e-06,0.9999970197677612,3.7161544952368786e-08,3.173166174263997e-09
4042,1,1,1.0765892710651315e-07,0.9999985694885254,2.2076959704797616e-10,1.2558098205772694e-06
4043,1,1,7.099121148712584e-07,0.9999992847442627,2.890758812879035e-11,1.306122848765412e-10
4044,0,0,0.9999761581420898,1.458402323351038e-07,1.0441599442856386e-06,2.2647669538855553e-05
4045,2,2,0.07138612121343613,0.00016403065819758922,0.7170071601867676,0.21144269406795502
4046,1,1,3.2787720556370914e-05,0.9996464252471924,1.0363329465690185e-06,0.00031974405283108354
4047,3,3,0.0040089343674480915,2.6562867788015865e-05,0.0014509945176541805,0.9945135116577148
4048,3,3,5.600351869361475e-05,2.115434938332328e-09,7.667943464184646e-06,0.9999363422393799
4049,2,2,9.372570843879657e-07,2.1314198761501757e-07,0.9967017769813538,0.003297017188742757
4050,1,1,0.019143996760249138,0.9808474779129028,6.516263511002762e-06,2.0449440398806473e-06
4051,3,3,0.0005454348865896463,1.3003593267058022e-05,0.00043160622590221465,0.9990099668502808
4052,2,2,1.3042255204709363e-06,2.6898574105871376e-06,0.9978935122489929,0.0021025389432907104
4053,0,0,0.9995656609535217,0.0004147887520957738,9.506929927738383e-06,1.003233228402678e-05
4054,1,1,0.005209453869611025,0.994780957698822,6.856450909253908e-06,2.759766857707291e-06
4055,2,2,0.0012023572344332933,2.178919021389447e-05,0.9979915618896484,0.0007843322237022221
4056,2,2,0.0028843574691563845,5.103263447381323e-06,0.99671471118927,0.0003959168680012226
4057,3,0,0.6731542348861694,2.9883118259022012e-05,0.25039517879486084,0.07642071694135666
4058,3,2,0.0011857773642987013,3.905031320527996e-08,0.9965227842330933,0.0022913911379873753
4059,2,2,0.0005557218100875616,2.5178236683132127e-05,0.9972357153892517,0.002183313248679042
4060,2,2,4.913188149657799e-06,2.3984209747140994e-06,0.9993932247161865,0.0005994477542117238
4061,1,1,5.404468694791831e-08,0.9999991655349731,2.046382263642954e-07,6.441497362175141e-07
4062,0,0,0.9994494318962097,9.689091484688106e-07,0.0005357848131097853,1.3814100384479389e-05
4063,2,2,0.002670166315510869,2.4778133592917584e-05,0.9973008036613464,4.280793746147538e-06
4064,1,1,4.742813416669378e-06,0.9999165534973145,7.861595804570243e-05,1.6111444267608022e-07
4065,2,0,0.9907928109169006,5.1540737331379205e-06,0.008370783179998398,0.0008311945130117238
4066,1,1,9.981732773667318e-07,0.9999990463256836,8.865515432887605e-09,4.708763601257715e-09
4067,0,0,0.9980897307395935,4.0137710044518826e-08,0.0006299262749962509,0.0012802965939044952
4068,0,0,1.0,2.766454088032333e-08,7.74148745108505e-09,1.5337481285015997e-09
4069,3,3,2.4095557819237e-05,1.6504991151577997e-07,0.008021075278520584,0.9919547438621521
4070,3,3,3.473078322713263e-05,6.713931632873482e-09,0.0040470873937010765,0.9959182143211365
4071,1,1,2.4196531740017235e-05,0.9999740123748779,1.4631602880399441e-06,3.6493878496912657e-07
4072,3,3,5.861969043507997e-07,1.7137932672994793e-07,0.013601415790617466,0.986397922039032
4073,3,3,2.8672043299593497e-06,2.1440527131488807e-09,0.014542991295456886,0.9854540824890137
4074,2,2,0.0026442657690495253,4.9585141823627055e-05,0.9972905516624451,1.552839057694655e-05
4075,3,3,4.475812147575198e-07,4.381262463937219e-09,0.00040679058292880654,0.9995927214622498
4076,0,0,0.9999358654022217,3.880104770814796e-08,1.7615693650441244e-05,4.6411529183387756e-05
4077,0,0,0.9999988079071045,1.194153753658611e-07,1.1253498541918816e-06,4.5550905269919895e-08
4078,2,2,1.0270942993884091e-06,4.738063719145202e-09,0.9999958276748657,3.1525328267889563e-06
4079,2,2,6.637797923758626e-05,9.03501813809271e-07,0.9994447827339172,0.0004879336047451943
4080,0,0,0.9997475743293762,4.3230542701166996e-07,0.00017157189722638577,8.035073551582173e-05
4081,3,3,1.9233983039157465e-05,5.32211879544775e-06,6.171343557070941e-05,0.9999136924743652
4082,3,3,2.9071898097754456e-06,2.6194205915430757e-08,0.018566127866506577,0.9814308881759644
4083,3,3,9.399348641636607e-07,1.946928868123976e-10,0.000404816324589774,0.9995942711830139
4084,3,3,8.7089051703515e-07,3.73890744753691e-11,0.0008942079148255289,0.999104917049408
4085,3,3,3.1358058549812995e-07,6.613356617890531e-07,0.00036353946779854596,0.9996354579925537
4086,3,3,7.907252438599244e-06,1.1826868103526067e-05,0.022533806040883064,0.9774463772773743
4087,0,0,0.9999476671218872,2.779649912554305e-05,8.229949344240595e-07,2.3672957468079403e-05
4088,0,2,8.991271170089021e-05,0.0021353617776185274,0.9976388216018677,0.00013588085130322725
4089,2,2,0.3353043496608734,0.07886426150798798,0.5848168134689331,0.0010145578999072313
4090,3,3,0.00011488966993056238,1.1474894812124603e-08,0.0003220234648324549,0.9995630383491516
4091,1,1,2.55676332017174e-05,0.9999743700027466,2.22372809055571e-09,6.417790743284968e-09
4092,1,1,1.6770341915162135e-07,0.9999997615814209,2.0946592016457544e-08,2.19624252117967e-09
4093,2,2,8.872413673088886e-06,1.119894136536459e-06,0.999629020690918,0.00036105289473198354
4094,1,1,5.51941354842711e-08,0.999998927116394,3.363307996551157e-07,6.848982252449787e-07
4095,0,0,0.9999973773956299,1.826935886128922e-06,4.109165274712723e-07,3.816049911620212e-07
4096,2,2,1.074272333312365e-07,3.0963042263465468e-06,0.9999841451644897,1.2658577361435164e-05
4097,3,2,3.032836684724316e-05,6.807778163420153e-08,0.999969482421875,1.9968587139373994e-07
4098,2,2,9.707837733685665e-08,1.9801220219051174e-08,0.9999998807907104,5.211822085016138e-09
4099,1,1,4.6219771121513986e-08,1.0,5.047992579498839e-10,7.991022954456639e-09
4100,3,3,0.00010463458602316678,3.484031196876458e-07,0.00024223647778853774,0.9996527433395386
4101,2,2,0.0028950991109013557,1.0765572824311676e-06,0.996881365776062,0.00022250312031246722
4102,0,3,0.0009863792220130563,6.064553303986031e-08,0.0003367028839420527,0.9986767172813416
4103,3,3,2.144016661986825e-06,8.368682413717465e-10,0.0001035141758620739,0.999894380569458
4104,0,0,0.9999992847442627,7.011289540059806e-07,3.3000062682475573e-09,3.5293915012779564e-10
4105,3,3,1.1119914944401899e-07,1.3325420766818752e-09,0.0002660911704879254,0.9997337460517883
4106,0,0,0.9993460774421692,0.0001574127236381173,0.0004438038158696145,5.277097807265818e-05
4107,3,3,1.0785249742184533e-06,9.69522950811097e-09,0.00025284200091846287,0.9997460246086121
4108,0,0,0.9995455145835876,1.2502391655289102e-07,1.33118892335915e-05,0.0004409562097862363
4109,2,2,1.1151402759423945e-05,6.430930898915221e-09,0.999988317489624,4.177879873168422e-07
4110,2,2,1.2215483593536192e-06,1.1486897477652747e-07,0.9999984502792358,2.6688510956773825e-07
4111,3,3,5.627166956401197e-06,1.4828274608191805e-08,0.0029963343404233456,0.9969980716705322
4112,1,1,4.3806025473713817e-07,0.999994158744812,4.041560686118828e-08,5.40872179044527e-06
4113,1,1,0.00037388852797448635,0.9996157884597778,4.688338322011987e-06,5.647486432280857e-06
4114,3,3,0.2596712112426758,2.011077668839789e-07,6.978345481911674e-06,0.7403216361999512
4115,3,3,1.7222099586433615e-06,9.326368566320298e-10,2.3203858745546313e-06,0.9999959468841553
4116,2,2,2.420280907244887e-06,5.224934929159986e-10,0.9999974966049194,1.5922719853733724e-07
4117,0,3,0.011438839137554169,1.671592286811574e-07,6.857162952655926e-05,0.988492488861084
4118,0,0,0.9653423428535461,2.531560085117235e-06,0.018249372020363808,0.01640567183494568
4119,2,2,0.0003193508309777826,1.2308201803534757e-05,0.9546751976013184,0.04499310255050659
4120,3,3,2.7575504645938054e-05,0.03467890992760658,3.2168460165848956e-05,0.9652613997459412
4121,3,3,0.00022068058024160564,7.547864697698969e-07,0.0004979456425644457,0.9992806315422058
4122,3,3,1.3253593351691961e-06,7.410054791989751e-08,3.86326719308272e-05,0.9999599456787109
4123,2,2,2.342681227673893e-06,3.8442745875499895e-08,0.9999321699142456,6.541873153764755e-05
4124,1,1,9.283515396418807e-07,0.9999990463256836,8.27536317249411e-10,5.598411512153234e-09
4125,1,1,4.399010489208877e-09,1.0,8.412454066686337e-11,1.2958853434774653e-10
4126,1,1,1.6546728431876545e-07,0.9999896287918091,8.669936505611986e-06,1.5682117009419017e-06
4127,0,0,0.9999988079071045,1.1349411579431035e-06,4.295081623695296e-08,2.232358298215331e-09
4128,2,2,7.754294529149774e-06,1.89224849123093e-07,0.9999862909317017,5.801166025776183e-06
4129,1,1,3.445700485826819e-06,0.9999963045120239,2.3734824594612292e-07,4.880449822053379e-08
4130,2,2,0.00028936119633726776,1.3550928770200699e-06,0.999699592590332,9.686272278486285e-06
4131,3,3,7.272967195603997e-05,6.232780833670404e-07,0.0028951421845704317,0.997031569480896
4132,2,2,0.00038142266566865146,6.139676429484098e-07,0.9981117248535156,0.0015062392922118306
4133,2,2,0.00018319275113753974,3.6082403731541035e-10,0.9998162388801575,5.686667918780586e-07
4134,0,0,0.9999992847442627,4.70312144784657e-08,1.6801759272766503e-07,5.597788117484015e-07
4135,1,1,0.0014361710054799914,0.9985612034797668,9.461708145863668e-07,1.6776692746134358e-06
4136,2,2,0.0015440444694831967,1.4271347481553676e-06,0.9328378438949585,0.06561664491891861
4137,0,0,0.9283382296562195,0.07164742797613144,1.1660653399303555e-05,2.7457419946586015e-06
4138,2,3,8.097015324892709e-07,1.769255322869867e-05,0.014374865218997002,0.9856066107749939
4139,0,0,0.9972008466720581,0.0007096928893588483,0.001613121246919036,0.00047635575174354017
4140,3,3,3.4960746688739164e-06,5.080167397863988e-07,0.001652483711950481,0.9983435869216919
4141,1,1,3.163303219366753e-08,1.0,1.205380795177291e-09,3.5888072513756697e-09
4142,1,1,0.03543202206492424,0.9645587205886841,7.549874680989888e-07,8.491098924423568e-06
4143,0,0,0.7272805571556091,0.0001234093651873991,0.23037981986999512,0.0422162190079689
4144,1,1,1.5299272490665317e-05,0.9992128610610962,0.0006205738754943013,0.00015121889009606093
4145,3,3,0.0005768348928540945,1.7413606556715422e-08,0.009524197317659855,0.9898989796638489
4146,0,0,0.9999192953109741,8.570598453161438e-08,2.4165608465409605e-06,7.825092325219885e-05
4147,0,0,0.9999527931213379,1.7671881096248399e-06,1.0200785709457705e-06,4.434488437254913e-05
4148,3,2,0.001407843898050487,3.834832895677209e-08,0.60303795337677,0.39555418491363525
4149,2,2,0.002034695353358984,5.61266597287613e-06,0.9979420304298401,1.7699167074169964e-05
4150,3,3,0.05789942294359207,5.723089998355135e-06,0.03887760639190674,0.9032173156738281
4151,2,2,2.522307795516099e-06,0.0008906365837901831,0.9991027116775513,4.144471859035548e-06
4152,3,3,1.9795372736552963e-06,3.994279129670986e-09,0.0006186140817590058,0.9993793964385986
4153,3,3,9.29881298361579e-06,1.9945555607137067e-07,0.0013933995505794883,0.9985970854759216
4154,0,0,0.9999910593032837,9.19786629083319e-08,2.2922286007087678e-06,6.6266370595258195e-06
4155,0,0,0.9999696016311646,1.7839103065853124e-06,1.2978613995073829e-05,1.5633562725270167e-05
4156,0,0,0.9996141195297241,6.644410859735217e-06,0.00017264814232476056,0.00020650570513680577
4157,2,2,0.0002455028297845274,3.437596024014056e-05,0.9990366697311401,0.0006835456006228924
4158,2,2,4.463696257062111e-08,2.0963621949476874e-08,1.0,2.7953923620316345e-09
4159,3,3,3.5387034813538776e-07,1.0339679192838958e-06,2.8377646685839863e-06,0.9999957084655762
4160,2,2,1.1131618293802603e-07,1.7865500745450902e-10,0.9999997615814209,6.094320781357965e-08
4161,2,2,1.5578735883536865e-06,1.7816857322827673e-08,0.9991037249565125,0.0008947050664573908
4162,0,0,0.9878941178321838,0.012089821510016918,8.233513653976843e-06,7.838975761842448e-06
4163,3,2,0.32549023628234863,8.722838451546977e-09,0.42955946922302246,0.2449502795934677
4164,2,2,3.2278701837640256e-05,2.3896069567541645e-09,0.9997994303703308,0.0001683277660049498
4165,2,0,0.5103075504302979,0.003997058607637882,0.48087552189826965,0.004819874186068773
4166,2,2,0.00016016431618481874,5.107464744469326e-07,0.9998378753662109,1.3573512660514098e-06
4167,1,1,4.2972249758577163e-08,1.0,1.3629118278402075e-08,2.1869743516145235e-10
4168,2,2,0.009095946326851845,1.0192879017267842e-05,0.9904886484146118,0.00040516103035770357
4169,0,0,0.9801846146583557,3.803149229497649e-05,0.01818668842315674,0.0015907378401607275
4170,1,1,0.00041309441439807415,0.9983381032943726,6.575218139914796e-05,0.0011829942231997848
4171,0,0,0.8125479817390442,0.18683283030986786,0.00042263901559635997,0.00019653957861009985
4172,2,2,2.056932544292067e-06,2.5191873476160254e-08,0.9999902248382568,7.675116648897529e-06
4173,3,3,0.0004417498130351305,0.0005839614314027131,2.6677838832256384e-05,0.9989475607872009
4174,3,3,0.03216122090816498,2.442616460029967e-05,0.0022943236399441957,0.9655200242996216
4175,1,1,0.0001404604990966618,0.999858021736145,4.1414884321966383e-07,1.081575305761362e-06
4176,0,0,0.9968461394309998,0.00013022618077229708,0.0002728461695369333,0.0027507597114890814
4177,3,3,1.960260078703868e-06,1.8194268314175588e-10,0.00013279274571686983,0.9998651742935181
4178,0,0,0.9902452230453491,7.197475948572674e-09,0.0019144098041579127,0.007840348407626152
4179,1,1,1.7817949355958262e-06,0.9999980926513672,1.0528010463417559e-08,7.817104119567375e-08
4180,1,1,2.3403730153859215e-07,0.9999997615814209,6.214324055342502e-10,4.9862173057135806e-08
4181,2,2,1.0831613508344162e-06,6.81241232314278e-08,0.9999977350234985,1.0777774832604337e-06
4182,0,0,0.9214248657226562,5.216628323978512e-06,0.038529254496097565,0.04004070162773132
4183,0,0,0.9999983310699463,2.432757071346714e-07,2.489408075234678e-07,1.1691531653923448e-06
4184,3,3,0.0021949822548776865,6.75331029924564e-05,0.002517948392778635,0.9952195286750793
4185,2,2,0.0001791692484403029,2.844398636625556e-07,0.9997724890708923,4.8054174840217456e-05
4186,3,3,0.08283393830060959,2.913756816269597e-06,2.4465882233926095e-05,0.9171386957168579
4187,3,3,0.0016263533616438508,1.165609046438476e-05,0.1485031694173813,0.849858820438385
4188,0,0,0.9908590912818909,0.009118372574448586,1.818079181248322e-05,4.35239280704991e-06
4189,2,2,9.491196578892414e-06,1.2670747118193049e-08,0.9999901056289673,3.513738136007305e-07
4190,1,1,1.4110187294136267e-06,0.9999985694885254,2.03760674999387e-10,6.197339863511786e-11
4191,2,2,2.692249552183057e-07,6.559041139553301e-06,0.9999661445617676,2.708799729589373e-05
4192,1,1,1.6333299157622605e-09,1.0,2.949369082294595e-10,6.738359870084309e-10
4193,1,1,9.083644840757188e-07,0.9999990463256836,4.708485157323139e-09,1.2215134459481192e-09
4194,3,3,7.860307960072532e-08,3.7990743884108724e-09,0.0032530028838664293,0.9967468976974487
4195,3,3,2.084677390712386e-07,9.667273648261698e-10,0.0015393614303320646,0.9984604120254517
4196,1,1,1.1898529919562861e-05,0.9999860525131226,1.9073356725129997e-06,1.4399610392956674e-07
4197,0,0,0.9998446702957153,2.1398841454356443e-06,6.124019364506239e-06,0.00014702847693115473
4198,2,2,6.236715762497624e-06,2.737979265532431e-08,0.9999934434890747,3.1909226549942105e-07
4199,1,1,2.7384518830331217e-07,0.9999977350234985,1.1937294175368152e-06,8.658888646095875e-07
4200,3,3,0.0013629853492602706,1.36789071802923e-06,9.236899245479435e-07,0.9986347556114197
4201,3,3,1.5127800452319207e-06,5.032535227655899e-06,0.031039077788591385,0.9689543843269348
4202,1,1,4.138672515807684e-09,1.0,4.6578453094525685e-08,2.4774304829833227e-09
4203,3,3,0.01449066586792469,4.903994067717576e-06,9.364177822135389e-05,0.9854108095169067
4204,1,1,6.439706368155385e-08,0.9999934434890747,1.7939607914740918e-06,4.611265921994345e-06
4205,2,2,7.688969162700232e-06,7.912674959698052e-09,0.9999794960021973,1.269798303837888e-05
4206,1,1,0.002178596332669258,0.9814550280570984,0.003913698717951775,0.012452663853764534
4207,1,1,5.170267769472048e-09,1.0,1.2580217423341367e-10,4.756187804710876e-11
4208,0,0,0.9999868869781494,1.5398932191601489e-06,3.3047638225980336e-06,8.265476026281249e-06
4209,0,0,1.0,9.34004695807289e-09,2.8003765972783867e-09,3.6170249018141476e-08
4210,2,2,0.0009724877309054136,1.2889132960935967e-07,0.9825395345687866,0.016487842425704002
4211,0,0,0.9983555674552917,0.0004980425001122057,1.2851968449467677e-06,0.0011450961465016007
4212,0,0,0.9998538494110107,3.9281209751607093e-07,0.0001438672188669443,1.8353663335801684e-06
4213,1,1,1.721472919768985e-08,1.0,3.883205562660308e-11,1.5864401806120476e-11
4214,2,2,0.0005494820070452988,2.8164197374280775e-07,0.9983335137367249,0.0011167413322255015
4215,1,1,7.341192258536466e-07,0.9999992847442627,2.606227766932534e-08,3.2913895608999155e-08
4216,2,2,5.11280063619779e-07,9.531017752806292e-08,0.9915111660957336,0.008488296531140804
4217,0,0,0.9999966621398926,4.667000723657111e-07,1.2632619927899214e-06,1.5197443872239091e-06
4218,3,3,0.005163187626749277,0.00015439117851201445,0.0011246292851865292,0.9935577511787415
4219,2,2,9.006723121274263e-05,2.3713532470992504e-08,0.9962045550346375,0.0037053730338811874
4220,1,1,2.316506764188375e-09,1.0,1.9491128155912918e-10,4.9207367347481323e-11
4221,2,2,4.149063170189038e-05,8.950031116228274e-08,0.98847895860672,0.011479455977678299
4222,3,2,3.381099077159888e-06,1.0338385436625686e-06,0.8944441676139832,0.10555139929056168
4223,2,2,1.007464925351087e-05,1.0223537572073838e-07,0.9997493624687195,0.00024037485127337277
4224,1,1,1.738324499456212e-05,0.9999818801879883,4.600154852596461e-07,2.3513806013397698e-07
4225,3,3,0.008309610188007355,0.0004301792068872601,0.2043318748474121,0.7869283556938171
4226,3,3,6.101123744883807e-06,3.37421306539909e-06,0.0003656902408692986,0.9996248483657837
4227,0,0,0.9701650738716125,0.022078916430473328,6.076390377529606e-07,0.007755478844046593
4228,2,2,5.487981252372265e-05,3.867151099257171e-05,0.999419093132019,0.0004873748403042555
4229,0,0,0.9999715089797974,2.8489048418123275e-05,1.1671709820859633e-08,1.1969595981042858e-08
4230,3,3,2.2407473807106726e-05,1.1061715667892713e-06,0.24060998857021332,0.759366512298584
4231,3,3,4.815939610125497e-05,9.899601138840808e-10,0.0004896558821201324,0.9994621872901917
4232,3,3,8.208603685488924e-05,1.0246873216601671e-07,0.4845779836177826,0.5153398513793945
4233,2,2,0.0038135189097374678,1.0672734788386151e-05,0.9961569905281067,1.8801854821504094e-05
4234,0,0,0.9986684322357178,0.0013064596569165587,2.3682026949245483e-05,1.3945683576821466e-06
4235,2,2,8.075313235167414e-05,3.591908437350355e-10,0.9999183416366577,9.693674201116664e-07
4236,2,2,4.161483229836449e-05,6.585813707715715e-07,0.999956488609314,1.2252304486537469e-06
4237,1,1,1.0175648412769078e-07,0.9999998807907104,1.6055624385558076e-08,4.302667999667165e-09
4238,1,1,0.0004988153232261539,0.9988378882408142,0.000318303907988593,0.00034504607901908457
4239,1,1,3.5053571423304675e-07,0.9999996423721313,4.930033981054294e-08,1.5269290276620495e-09
4240,1,1,9.760417896131912e-08,0.9999998807907104,1.2051989406458574e-09,2.951439925791277e-10
4241,2,2,0.02398577518761158,0.049180977046489716,0.8782891035079956,0.04854416474699974
4242,2,2,9.217850310960785e-05,4.740840449812822e-05,0.9948252439498901,0.0050352029502391815
4243,0,0,0.9981465339660645,1.909307229652768e-06,0.0014731669798493385,0.00037842412712052464
4244,3,3,2.948851033579558e-05,3.2266678218206835e-09,0.012049505487084389,0.9879209995269775
4245,3,3,8.94408600515817e-08,6.780851435905788e-08,0.00013487334945239127,0.999864935874939
4246,0,0,0.9964771866798401,6.097491223044926e-07,0.00010587916767690331,0.003416347084566951
4247,0,0,0.9999102354049683,4.172254097767336e-09,1.0102172382175922e-05,7.959542563185096e-05
4248,3,3,3.4805386803782312e-06,9.812647916440653e-11,2.1649413611157797e-05,0.9999748468399048
4249,2,2,1.715132043500489e-06,2.7682737879786146e-08,0.9999747276306152,2.3532327759312466e-05
4250,0,0,0.9997487664222717,7.101392111508176e-05,1.7117022252932657e-06,0.0001785291387932375
4251,0,0,0.9999985694885254,5.64424418314502e-09,1.148299475062231e-06,2.7255703116679797e-07
4252,3,3,1.4270276551542338e-05,1.3587444982476882e-06,2.660969039425254e-05,0.999957799911499
4253,2,2,1.0221901902696118e-05,1.3096103756993216e-08,0.9999831914901733,6.591937108169077e-06
4254,2,2,1.2610052181116771e-05,0.05122566595673561,0.9478715062141418,0.000890155031811446
4255,2,2,7.115223183973285e-07,8.498886594487942e-10,0.9999980926513672,1.1732183793355944e-06
4256,2,2,5.329196142156434e-07,1.0606814093705452e-08,0.9999995231628418,2.769066220764671e-08
4257,3,3,3.989223841927014e-05,2.511736596488845e-08,0.00040249910671263933,0.9995575547218323
4258,3,3,0.328603059053421,0.0013711318606510758,0.002684246515855193,0.6673415899276733
4259,3,3,6.966171781641606e-07,4.6087289540253096e-09,0.00011869525769725442,0.9998805522918701
4260,1,1,5.345304998627398e-06,0.9913079142570496,0.00266460538841784,0.006022103596478701
4261,0,0,0.9997238516807556,0.00021587566880043596,4.623094355338253e-06,5.555493771680631e-05
4262,0,0,0.9999990463256836,2.700322738746763e-07,1.5792173257977993e-07,5.822976163472049e-07
4263,2,2,2.819843757606577e-06,4.9188329853677715e-08,0.9997068047523499,0.00029031859594397247
4264,3,3,5.051812195233651e-07,9.93502112578426e-07,0.04455557093024254,0.9554429054260254
4265,1,1,3.635534540080698e-07,0.9999996423721313,1.8120008826727485e-09,7.365432708184017e-10
4266,3,3,1.4715480574523099e-05,2.70015974024318e-08,0.00012812501518055797,0.9998571872711182
4267,3,3,9.528725968266372e-06,7.306770839932142e-06,2.074474105029367e-05,0.9999624490737915
4268,3,3,2.0419631255208515e-05,6.4099254792893134e-09,0.13863304257392883,0.8613464832305908
4269,2,2,9.805367881199345e-05,2.475821702319081e-06,0.9994024038314819,0.0004970853333361447
4270,3,3,6.385381857398897e-05,1.601068930767724e-07,0.002849552547559142,0.9970864653587341
4271,1,1,0.00015277121565304697,0.9989681243896484,0.0008786426042206585,5.173268959879351e-07
4272,3,3,0.025914575904607773,7.18056389814592e-06,0.0071938312612473965,0.966884434223175
4273,1,3,0.0007578751537948847,0.38576075434684753,0.02710837870836258,0.586372971534729
4274,1,1,1.1184009736098233e-06,0.999998927116394,1.2724328257718298e-09,3.06460137267095e-08
4275,2,0,0.9891117215156555,0.010434356518089771,0.0004220145056024194,3.193142401869409e-05
4276,1,1,2.8727988592436304e-06,0.9999966621398926,1.50742440752083e-08,5.094964876661834e-07
4277,3,3,5.235671324044233e-06,6.498093796380999e-08,1.4027640645508654e-05,0.9999805688858032
4278,3,3,1.4905516536600771e-06,6.332095949801442e-07,0.0008764303056523204,0.9991214871406555
4279,1,1,3.422230520300218e-06,0.999996542930603,1.6554703163862428e-09,1.693856166440355e-09
4280,1,1,4.5266520487530215e-07,0.9999992847442627,3.022159944521263e-07,3.377189372599787e-08
4281,1,1,9.292461022880616e-09,1.0,4.650570206710114e-10,1.6204067421199397e-08
4282,0,0,0.9999995231628418,5.158062208465708e-07,3.711295715191909e-09,4.4159138568033995e-09
4283,1,1,2.313726277236583e-08,1.0,3.9488586012215166e-11,2.5775921327908513e-11
4284,2,2,5.107538072479656e-07,3.5678642262837457e-09,0.7238709926605225,0.27612847089767456
4285,3,3,7.65367440180853e-05,1.852728814810689e-06,3.063121039303951e-05,0.999890923500061
4286,0,2,0.3116548955440521,0.06439515948295593,0.6142036318778992,0.009746303781867027
4287,2,2,3.589105108403601e-05,1.538924038868572e-06,0.9999170303344727,4.5553675590781495e-05
4288,2,2,2.0244754068698967e-06,5.9348771230816055e-08,0.9636120200157166,0.03638579696416855
4289,2,2,8.413333853241056e-05,0.011832651682198048,0.9023118019104004,0.08577143400907516
4290,0,0,0.9997836947441101,3.537111226137313e-08,2.1481253497768193e-05,0.00019480504852253944
4291,0,0,0.9997832179069519,2.9345423172344454e-05,0.00017399765783920884,1.3478240362019278e-05
4292,2,2,7.591972206455466e-08,8.001885021258204e-08,0.9997785687446594,0.00022122240625321865
4293,2,2,0.00020933269115630537,6.071292591514066e-05,0.9996170997619629,0.00011284738138783723
4294,3,3,0.00019522041839081794,2.4361057512578554e-05,0.00013462342030834407,0.9996458292007446
4295,0,0,0.9988638162612915,7.763767825963441e-06,0.0010461059864610434,8.236842404585332e-05
4296,1,1,0.001614956883713603,0.9983845949172974,2.668974161679216e-07,2.833758969700284e-07
4297,2,2,0.00022132659796625376,1.4231010027287994e-05,0.9531403183937073,0.04662410542368889
4298,1,1,2.9146635824872646e-06,0.9999971389770508,1.3499095175006914e-09,1.0453660159726041e-09
4299,0,2,0.15731751918792725,0.0036784103140234947,0.8373457193374634,0.001658315071836114
4300,1,1,0.05914321169257164,0.9320053458213806,0.00880521722137928,4.6164892410160974e-05
4301,1,1,2.369586127315415e-06,0.9999940395355225,2.0225625121383928e-06,1.5619511941622477e-06
4302,0,1,3.154215301037766e-05,0.9991217255592346,9.244797070095956e-07,0.0008457681979052722
4303,0,0,0.999962568283081,1.2926136605528882e-07,3.222425948479213e-05,5.113534371048445e-06
4304,2,2,0.00011258769518462941,6.483445531557663e-07,0.9998747110366821,1.1963092219957616e-05
4305,3,3,6.251836026649471e-08,4.567790256260196e-06,0.0001088120334316045,0.9998866319656372
4306,3,3,3.7549332319031237e-06,3.3354206152580446e-07,0.0006831296486780047,0.9993127584457397
4307,0,0,0.9999996423721313,2.3024290030093653e-08,2.609141791509728e-09,3.3588904102543893e-07
4308,2,2,1.224358129547909e-06,2.2112647002359154e-07,0.9999985694885254,5.4177380803821507e-08
4309,2,2,4.769416045746766e-05,1.506585967092633e-08,0.9998199343681335,0.00013235182268545032
4310,2,2,0.0033311096485704184,0.00022254142095334828,0.9964417815208435,4.6280474634841084e-06
4311,2,2,1.0641745120665291e-06,2.1115795334480936e-08,0.9999923706054688,6.5871267906914e-06
4312,3,3,2.5610103193685063e-07,3.483867487830139e-07,0.0041026705875992775,0.9958966970443726
4313,0,0,0.8433392643928528,1.6837082512211055e-05,0.06929163634777069,0.08735227584838867
4314,1,1,7.385006028926e-08,0.9999994039535522,2.572512585174991e-07,2.6460875801603834e-07
4315,0,0,1.0,1.9750602930912464e-08,3.3078166872257952e-09,1.409556027454073e-08
4316,3,3,6.0022583056706935e-05,5.079741640656721e-06,0.19957686960697174,0.8003580570220947
4317,2,2,1.3556301382777747e-05,9.035998971285153e-08,0.9999762773513794,1.0007541277445853e-05
4318,3,3,7.030390406725928e-06,8.781674054603172e-09,0.0004950701841153204,0.9994978904724121
4319,3,3,0.0002705733641050756,2.2182599934694736e-07,0.2750599682331085,0.7246691584587097
4320,3,3,0.00012617737229447812,8.536691780136607e-07,0.002921584527939558,0.9969513416290283
4321,1,1,1.047320165525889e-05,0.9999849796295166,4.278754659026163e-06,1.9549896990156412e-07
4322,3,3,8.837800891114966e-08,1.5911810535840232e-08,6.827007723586576e-07,0.9999992847442627
4323,3,3,4.5979108108440414e-05,3.818745852868233e-08,0.3812893033027649,0.6186646819114685
4324,3,3,0.0005862462567165494,4.069879651069641e-05,0.00012902241724077612,0.999243974685669
4325,0,3,0.2456343173980713,0.0006134804571047425,0.06170301511883736,0.6920492053031921
4326,2,2,0.00026496939244680107,2.573748361101025e-07,0.9932346940040588,0.006500034127384424
4327,2,2,8.588970376877114e-05,3.6177535633896696e-08,0.9950789213180542,0.004835168365389109
4328,1,1,5.70089412121888e-07,0.9999992847442627,1.3791428443710174e-07,3.722853136878257e-08
4329,1,1,3.966770734109559e-08,1.0,9.069772155534395e-10,7.17461298704869e-11
4330,1,1,3.0764851999265375e-07,0.9999996423721313,5.965744565017417e-10,4.1125716165879567e-08
4331,0,1,0.24602392315864563,0.543283998966217,6.49116700515151e-05,0.21062715351581573
4332,3,3,0.13598458468914032,0.0030479601118713617,0.023673491552472115,0.8372938632965088
4333,1,1,5.140297798789106e-05,0.9999485015869141,1.4430234784867935e-07,1.9660915118180355e-09
4334,0,0,0.9999707937240601,1.1953234491102194e-07,2.1269801436574198e-05,7.877613825257868e-06
4335,2,2,1.8183350221079309e-06,6.708532063193218e-10,0.9999982118606567,1.7009012864832584e-08
4336,0,0,0.9995170831680298,4.565551353152841e-05,4.785432611242868e-05,0.00038937694625929
4337,2,2,0.00036639272002503276,2.402420022917795e-06,0.9993053674697876,0.00032574593205936253
4338,0,0,0.9995355606079102,0.00032478818320669234,0.00010626998118823394,3.3342781534884125e-05
4339,0,0,0.9996114373207092,0.00024405482690781355,8.555152453482151e-05,5.895294088986702e-05
4340,2,2,0.0027174358256161213,4.475502279888133e-08,0.997241735458374,4.0719944081502035e-05
4341,1,1,6.258712659246157e-08,0.9999998807907104,2.7064583907332462e-09,2.1563326679796546e-09
4342,3,3,1.0057574399979785e-06,7.892123066177703e-10,8.501752972733811e-07,0.9999980926513672
4343,1,1,1.1659872711788921e-07,0.9999996423721313,2.7729683438337815e-07,2.7624869058939794e-09
4344,0,0,0.9999966621398926,2.141793856935692e-06,2.1733769983711682e-07,9.718389719637344e-07
4345,1,1,1.04418775848103e-08,1.0,3.093815870158778e-09,3.3762870277342927e-10
4346,3,3,2.597848288132809e-05,1.4713187113102322e-07,0.036551203578710556,0.9634226560592651
4347,1,1,0.00019398273434489965,0.9998059868812561,1.5820972310010006e-09,4.267471709340498e-08
4348,1,3,0.001985648414120078,0.19494499266147614,0.11298775672912598,0.6900815963745117
4349,2,2,5.083292080598767e-07,5.28671950661419e-09,0.9999994039535522,1.5974174516486528e-07
4350,1,1,8.391580195166171e-07,0.999998927116394,1.9164320974596194e-07,7.106433663750522e-09
4351,3,3,1.363329431569582e-07,5.320607598946481e-08,4.856347459281096e-06,0.9999949932098389
4352,1,1,2.9079028536216356e-06,0.9999971389770508,2.4098900652802513e-10,3.35297078990493e-09
4353,0,0,0.999998927116394,2.4826621825013717e-07,1.2133315863138705e-07,7.131744723665179e-07
4354,2,2,3.1799669386600726e-07,1.1200968152991209e-08,0.9999853372573853,1.4274903151090257e-05
4355,1,1,0.0006468338542617857,0.9993525147438049,1.8497004816708795e-07,4.7394297553182696e-07
4356,2,2,2.9655880098289344e-06,1.5610433834467585e-08,0.999990701675415,6.3579600464436226e-06
4357,0,0,0.9999704360961914,1.749961120367516e-05,5.345494173525367e-06,6.749435669917148e-06
4358,0,0,0.999985933303833,6.177067746193643e-08,5.531794613489183e-06,8.561742106394377e-06
4359,2,2,0.0002448461309541017,9.129360114457086e-05,0.8505670428276062,0.1490967720746994
4360,0,0,0.9999843835830688,2.2471338567697785e-08,1.4725115761393681e-05,8.074520678746921e-07
4361,1,1,9.477546996095043e-07,0.9999914169311523,1.39976705781919e-07,7.569014996988699e-06
4362,1,1,4.797326710104244e-06,0.999995231628418,2.3337172194715095e-08,3.3735062743289745e-08
4363,2,2,0.00025228504091501236,8.936043371932101e-08,0.9997302889823914,1.727216294966638e-05
4364,1,1,1.5373829853615462e-07,0.9999998807907104,5.847480277765271e-10,2.5239670353727206e-09
4365,2,2,0.0005433637998066843,2.7483772555569885e-06,0.9994495511054993,4.2751989894895814e-06
4366,2,2,2.0778848920599557e-05,0.21471291780471802,0.7852423191070557,2.3966631488292478e-05
4367,1,1,0.06611044704914093,0.9151505827903748,0.018134325742721558,0.0006046428461559117
4368,1,1,1.5362271369667724e-05,0.9999840259552002,6.137003683015507e-10,5.868015477972222e-07
4369,3,3,0.41811442375183105,0.00011940475815208629,0.00017560670676175505,0.5815905928611755
4370,1,1,2.6428883757034782e-06,0.9999973773956299,8.896240411004896e-10,1.8082817465625567e-09
4371,0,0,0.9995884299278259,8.820329355785361e-08,0.00038039361243136227,3.113316051894799e-05
4372,0,0,0.9999998807907104,1.2698205864580814e-07,5.0888889546740756e-08,5.048552687014762e-09
4373,1,1,7.329174422920914e-08,0.9999998807907104,6.719028111668024e-11,1.3389604702762625e-10
4374,0,0,0.9993665814399719,0.0006180853815749288,6.191750344441971e-06,9.112547559197992e-06
4375,0,0,0.9668235778808594,0.013882371596992016,0.013925014063715935,0.005368985701352358
4376,0,0,0.9999970197677612,2.9157642984500853e-06,2.5766544453631468e-08,1.0356661306332171e-07
4377,1,1,1.1675969062707736e-06,0.9999986886978149,3.3028332069307e-08,6.306252942067658e-08
4378,0,0,0.9996681213378906,1.4720963918080088e-05,0.00030589167727157474,1.1276905752310995e-05
4379,1,1,2.2082613213569857e-05,0.9999773502349854,6.022389698046027e-07,5.5965738710028745e-08
4380,0,0,0.9999829530715942,1.6656911611789837e-05,1.3204525828314218e-07,3.1975056913324806e-07
4381,3,3,1.8120786648978537e-07,2.0680826495755866e-10,0.00040064347558654845,0.9995991587638855
4382,3,3,1.1728351978490537e-07,3.618303310304327e-07,3.3810592867666855e-06,0.9999961853027344
4383,2,2,0.0005838315119035542,4.036773589177756e-06,0.9981839060783386,0.0012282971292734146
4384,1,1,6.936923909961479e-06,0.999992847442627,2.0614712070710084e-07,1.744705180328765e-08
4385,0,0,0.9999936819076538,7.294013926184562e-08,6.085293534852099e-06,1.510882157162996e-07
4386,0,0,0.9999706745147705,2.782574483717326e-06,1.6714468074496835e-05,9.81382981990464e-06
4387,1,1,6.030649615240691e-07,0.9999804496765137,1.878878720162902e-05,9.399307998592121e-08
4388,2,2,0.00019858591258525848,3.9540404941362794e-06,0.9997314810752869,6.603185465792194e-05
4389,0,0,0.9997454285621643,9.888575505101471e-07,0.00023999367840588093,1.3574851436715107e-05
4390,2,2,5.424867595138494e-07,1.1542028488520373e-07,0.9958771467208862,0.004122109152376652
4391,1,1,1.8962694525725965e-08,1.0,4.5943013282645495e-11,1.2947184990785843e-11
4392,2,2,6.255129960663908e-07,1.3399851894746462e-08,0.999882698059082,0.00011668004299281165
4393,1,1,4.228863872413058e-07,0.9999995231628418,1.0451391974086732e-09,2.8468425838923395e-08
4394,2,2,0.0002045045985141769,5.3932071750750765e-06,0.8270129561424255,0.17277716100215912
4395,3,3,2.495280023140367e-05,3.3810593436101044e-07,0.09631437063217163,0.9036604166030884
4396,0,2,0.03505493700504303,2.6181054636253975e-05,0.9293062686920166,0.03561259061098099
4397,1,1,5.874347763779042e-08,0.9999997615814209,1.983714099651479e-07,7.2188726107924595e-09
4398,0,0,0.9970409274101257,0.0023389405105262995,2.4187045710277744e-05,0.0005959837581031024
4399,0,0,0.9971724152565002,9.575363947078586e-05,3.630774517660029e-05,0.0026956023648381233
4400,2,2,1.5096996321517508e-05,1.791276993401425e-08,0.9999803304672241,4.52746644441504e-06
4401,0,0,0.9978106617927551,4.168111544800013e-08,0.0015134073328226805,0.0006759548559784889
4402,2,2,0.00476904958486557,0.002663616556674242,0.6406469941139221,0.35192030668258667
4403,0,0,0.9999986886978149,3.8096294474598835e-07,8.422599080404325e-07,7.775591370773327e-08
4404,1,1,0.0003006879414897412,0.999692440032959,4.965085736330366e-06,1.8570889324109885e-06
4405,1,1,2.3785868563663826e-07,0.9999997615814209,1.1544882383418553e-08,5.454693363660112e-10
4406,0,0,0.6937876343727112,0.18750931322574615,0.02661268040537834,0.09209030866622925
4407,1,1,9.27208111534128e-06,0.999990701675415,8.839338150323783e-09,7.3929009580808724e-09
4408,2,2,1.702346526144538e-05,3.3178574085468426e-05,0.9889587163925171,0.010991071350872517
4409,0,0,0.9999997615814209,1.9737832701594016e-08,9.921347299268746e-08,4.475007386872676e-08
4410,1,1,3.9001426443974196e-07,0.9938452839851379,0.005794798023998737,0.0003594047448132187
4411,1,1,1.3859134924132377e-06,0.9999961853027344,8.305672594133284e-09,2.3574982606078265e-06
4412,2,2,0.00020107533782720566,2.159174528060248e-06,0.9985033273696899,0.0012934956466779113
4413,2,2,0.00021078115969430655,3.874817622318005e-08,0.9997606873512268,2.846451934601646e-05
4414,0,0,0.9999996423721313,3.701053401528043e-07,1.6513694856001848e-09,3.492629963020022e-09
4415,0,0,0.999994158744812,6.506817840090662e-07,1.4835579804639565e-06,3.7104887269379105e-06
4416,0,0,0.9999957084655762,2.2416251965751144e-07,3.399457909836201e-06,6.674143833151902e-07
4417,0,0,0.9999840259552002,4.874517571806791e-07,3.455762680459884e-07,1.5182396964519285e-05
4418,1,1,0.0006666470435447991,0.999300479888916,6.720556484651752e-07,3.21709449053742e-05
4419,0,0,0.9999946355819702,4.695646566688083e-06,4.850024879488046e-07,2.398131186964747e-07
4420,1,1,6.312656508633552e-10,1.0,4.43698340291121e-08,1.6222676535448954e-09
4421,1,1,6.380481476497835e-09,0.9999995231628418,2.680897353002365e-07,2.965892349493515e-07
4422,0,0,0.9999998807907104,1.0912296488641005e-07,4.743011317032142e-09,9.400400458048352e-09
4423,0,0,0.999998927116394,1.8089677533694726e-09,3.7558312016017226e-08,1.0849522595890448e-06
4424,1,1,3.428898344282061e-05,0.9999656677246094,1.0154960961017423e-07,7.403707869002574e-09
4425,0,0,0.9999409914016724,2.1393503857325413e-07,2.244471943413373e-05,3.633955930126831e-05
4426,0,0,0.9985753297805786,9.080504526082223e-08,0.0005508679896593094,0.0008736824383959174
4427,1,1,3.4873426102421945e-06,0.999996542930603,1.4849512730563674e-08,4.227216621188745e-08
4428,1,1,6.785052875102338e-08,0.9999998807907104,5.102977485016424e-10,1.0424235086237132e-10
4429,1,1,2.5327392449980834e-06,0.9999974966049194,1.2601031329495527e-10,1.0616285628373134e-08
4430,0,0,0.9999958276748657,6.45381277308843e-08,2.4231985662481748e-06,1.7347142602375243e-06
4431,1,1,3.513389856379945e-06,0.9999964237213135,4.134231623709184e-09,6.688477771632506e-09
4432,1,1,2.153271694282921e-08,1.0,1.829958939936205e-08,1.3602083903663242e-08
4433,1,1,1.745268855302129e-05,0.9999825954437256,5.136885583567619e-09,1.5223877269932018e-08
4434,1,1,2.4835737349349074e-05,0.9999748468399048,5.4647784963890444e-08,1.9407072215926746e-07
4435,2,2,0.0035925856791436672,2.7937896440732857e-09,0.9963833093643188,2.4136217689374462e-05
4436,2,2,0.00010657671373337507,9.63938688869348e-08,0.9998931884765625,1.3442532065255364e-07
4437,2,2,0.010627022944390774,7.972957973834127e-05,0.7280108332633972,0.26128244400024414
4438,1,1,2.5159647698558274e-09,1.0,7.991357797720866e-09,6.4623111306616465e-09
4439,0,0,0.9999406337738037,5.269200846669264e-05,4.506072855292587e-06,2.1678781649825396e-06
4440,2,2,0.0006280096713453531,0.0013693004148080945,0.9932450652122498,0.004757587797939777
4441,3,2,8.823574404459578e-08,1.5376014061985188e-07,0.9967418313026428,0.00325796939432621
4442,3,3,0.00013094799942336977,5.695452500731335e-07,0.0002824223483912647,0.9995860457420349
4443,1,1,3.4467055229470134e-05,0.9999622106552124,3.2645868941472145e-06,2.0690242852339225e-09
4444,0,0,0.9998581409454346,6.133522845175321e-08,7.208856459328672e-06,0.00013461787602864206
4445,1,1,1.978684622372384e-06,0.9999850988388062,2.7715465478195256e-08,1.2859931302955374e-05
4446,1,1,7.614225410179642e-07,0.9999867677688599,1.2375437108858023e-05,1.1146834566488906e-07
4447,0,0,0.9988290667533875,0.0011703326599672437,2.4080796379166713e-07,4.1304767250949226e-07
4448,2,2,0.01046192366629839,0.0008733794675208628,0.9611642360687256,0.027500417083501816
4449,1,1,6.304552471192437e-07,0.9999984502792358,9.493652441960876e-07,5.075909026430736e-09
4450,1,1,1.2680350103266846e-08,1.0,8.789139555043235e-12,7.969487916814622e-12
4451,3,2,1.878408681932342e-07,2.8544147312459245e-07,0.9458426237106323,0.054156843572854996
4452,0,0,0.9999998807907104,2.6631125749077e-08,3.1703457636922394e-08,1.1147682243972667e-07
4453,0,0,0.9950036406517029,8.265109499916434e-06,1.1419695510994643e-05,0.004976688418537378
4454,1,1,2.4915234462241642e-05,0.9999749660491943,4.994409330549843e-09,1.0864756916362239e-07
4455,0,0,0.9984208345413208,0.0015782613772898912,7.082030037963705e-07,1.916155980552503e-07
4456,0,0,0.9999924898147583,2.93752208335718e-07,2.6630650609149598e-06,4.578191692417022e-06
4457,1,1,1.1648676263575908e-06,0.9999988079071045,1.1979737202238994e-09,4.114431018109599e-10
4458,1,1,2.216112164887818e-07,0.9999997615814209,6.178917821841878e-09,2.653791408846473e-09
4459,0,0,0.9999963045120239,6.909260719112353e-07,6.794006708332745e-07,2.3471163785870885e-06
4460,1,1,1.3149709047866054e-05,0.9997883439064026,0.00019847905787173659,5.0311570021221996e-08
4461,1,1,1.3162893992557656e-06,0.9999974966049194,1.1428641073507606e-06,4.9773881016790256e-08
4462,0,0,0.9583988189697266,2.794904929714903e-08,0.03279706835746765,0.008804051205515862
4463,0,0,0.9998894929885864,0.00011038651427952573,1.2502020751981036e-07,2.1236161273918697e-08
4464,3,1,0.006380088627338409,0.5656505823135376,0.04662870988249779,0.3813406527042389
4465,1,3,0.10103204846382141,0.41208210587501526,0.01767072267830372,0.4692150950431824
4466,0,0,0.9998646974563599,5.981265482901676e-10,5.035338745074114e-06,0.00013031567505095154
4467,3,3,0.000179243681486696,0.0001868274121079594,1.9111486835754476e-05,0.9996147155761719
4468,0,0,0.9969876408576965,3.501267929095775e-05,0.0027395477518439293,0.00023781839990988374
4469,0,0,0.9998342990875244,6.0809361457359046e-06,2.3364538719761185e-05,0.00013624405255541205
4470,3,3,3.356103479745798e-05,5.078835485505806e-08,7.493563316529617e-05,0.9998915195465088
4471,0,0,0.9998469352722168,0.0001430433039786294,7.028084780813515e-08,9.906170816975646e-06
4472,2,2,1.1396217587389401e-06,1.1110773812106345e-07,0.9999984502792358,2.100266129900774e-07
4473,2,2,3.454744364717044e-05,4.119002638969249e-10,0.9999648332595825,5.544001169255353e-07
4474,2,2,2.5731629648362286e-05,5.850777711202682e-07,0.9999117851257324,6.186027167132124e-05
4475,1,1,5.156026077202114e-07,0.9999995231628418,5.158022009510432e-09,3.1389644217227897e-09
4476,1,1,7.632902998011559e-05,0.9810792207717896,0.00016354070976376534,0.018680958077311516
4477,2,2,1.3001238585275132e-05,2.5333999342791458e-09,0.9999823570251465,4.5873493945691735e-06
4478,2,2,3.428435593377799e-05,1.9899452752270008e-07,0.9999593496322632,6.065750312700402e-06
4479,2,2,0.00046171090798452497,3.9363289943139534e-06,0.8989512920379639,0.10058311372995377
4480,3,3,5.0772683607647195e-05,5.949095438495533e-08,0.0005574552342295647,0.9993917942047119
4481,0,3,0.0020233995746821165,5.71700320506352e-06,0.046253006905317307,0.9517179131507874
4482,3,3,6.846506039437372e-06,4.840242127102101e-07,9.273411706089973e-05,0.9998999834060669
4483,3,3,2.8541441210450103e-08,6.076930958442972e-08,9.186895476887003e-05,0.9999079704284668
4484,0,0,0.9999995231628418,4.743443859922536e-09,9.025151825881039e-08,4.068449186434009e-07
4485,0,0,0.999981164932251,1.7929296518559568e-06,1.3650787877850235e-05,3.3553149023646256e-06
4486,2,2,8.635450649308041e-05,3.763721068139603e-08,0.9998849630355835,2.8679629394900985e-05
4487,2,2,0.001456742873415351,0.0011831166921183467,0.9938714504241943,0.003488680347800255
4488,3,3,1.9462109776213765e-05,2.2636450935920038e-08,0.00037521697231568396,0.9996053576469421
4489,3,3,1.5822404748178087e-05,1.0738100408858031e-09,0.012692236341536045,0.9872919321060181
4490,2,2,0.00021100594312883914,5.604922534985235e-07,0.9997623562812805,2.6193396479357034e-05
4491,3,3,0.00043160089990124106,3.951543021685211e-07,0.0005303771467879415,0.9990377426147461
4492,1,1,9.664087201599614e-07,0.9999990463256836,3.084762223437565e-09,3.596345998779782e-10
4493,3,3,1.0372459655627608e-06,2.2680231026583897e-09,5.997702828608453e-06,0.9999929666519165
4494,3,3,5.4207480388868134e-06,1.4002013770664234e-08,9.39724559430033e-05,0.9999005794525146
4495,0,0,0.9999957084655762,1.46764644881614e-09,1.6785277239250718e-06,2.5666572582849767e-06
4496,2,2,3.4472366223781137e-06,9.914022935930689e-10,0.9999947547912598,1.814071424632857e-06
4497,0,0,0.9999362230300903,1.290786002527966e-07,2.884419882320799e-05,3.479440420051105e-05
4498,3,3,6.65486481921107e-07,1.2164942120307387e-07,0.00011704630014719442,0.9998821020126343
4499,3,3,0.013032461516559124,1.7250505379706738e-07,0.00012057187996106222,0.9868468642234802
4500,1,1,9.913285794027615e-06,0.9999898672103882,2.062552511006288e-07,4.376256157456737e-08
4501,2,2,7.900539458205458e-06,3.2836169339134358e-09,0.5894778370857239,0.4105142652988434
4502,3,3,2.868847737147462e-08,1.2431514151423073e-10,4.917657747682824e-07,0.9999995231628418
4503,3,3,0.0002843009424395859,1.2342133004494826e-07,0.007099537178874016,0.9926160573959351
4504,2,2,3.0842813430354e-05,5.352395646696095e-07,0.9999669790267944,1.6589750657658442e-06
4505,1,1,8.66357731865719e-05,0.9986830353736877,5.514085842150962e-06,0.0012248291168361902
4506,3,3,3.6482245491242793e-07,2.8276599550736137e-07,0.010129732079803944,0.9898696541786194
4507,3,3,1.5087545762071386e-05,1.6571548258070834e-05,0.007734623737633228,0.9922337532043457
4508,2,3,5.816634256916586e-06,1.3045315050419504e-08,0.0033114871475845575,0.9966827034950256
4509,1,1,3.462930180830881e-06,0.9999964237213135,8.411409879727216e-08,2.094675100039467e-09
4510,2,2,2.3602140117873205e-06,4.134424802515468e-09,0.9999954700469971,2.163991894121864e-06
4511,1,1,0.0001971776073332876,0.9996851682662964,1.4989876945037395e-05,0.00010276766261085868
4512,0,0,0.9419634342193604,0.05311078205704689,7.469899719581008e-05,0.004851124249398708
4513,1,1,4.564553734986987e-10,1.0,1.8078512298291827e-10,2.6416399623307996e-10
4514,3,3,2.3254190182342427e-06,1.863487489317528e-11,5.697842425433919e-05,0.9999406337738037
4515,3,3,1.1002459814335452e-06,4.0688377112019225e-07,0.0053774830885231495,0.9946210384368896
4516,1,1,8.479477031642091e-08,0.9999995231628418,4.0129364720087324e-07,3.0833771091920426e-08
4517,2,2,0.00013392770779319108,1.668396798493177e-08,0.9683958292007446,0.03147019073367119
4518,2,2,3.833483788184822e-06,2.9452839953592047e-06,0.9782207608222961,0.021772440522909164
4519,0,0,0.9923349022865295,0.0030864421278238297,0.004201245494186878,0.00037732283817604184
4520,0,1,0.00039608156657777727,0.9988734126091003,2.9890736186644062e-05,0.0007006824016571045
4521,2,2,8.734099310458987e-07,3.767898704154504e-07,0.9999982118606567,5.341140649761655e-07
4522,1,1,0.00013298624253366143,0.9998297691345215,1.7080330962926382e-06,3.557398304110393e-05
4523,2,2,2.090402944077141e-07,6.828692278304516e-08,0.9999412298202515,5.851397509104572e-05
4524,1,1,1.0115475561178755e-05,0.9999215602874756,4.057345358887687e-05,2.7780906748375855e-05
4525,3,3,1.081634877664328e-06,3.2522691206793297e-09,0.0007559333462268114,0.9992430210113525
4526,1,1,0.0013410178944468498,0.9920184016227722,0.006628906354308128,1.1710192666214425e-05
4527,3,3,5.378351124818437e-05,9.142359340330586e-05,0.00029738963348791003,0.9995574355125427
4528,0,0,0.916860818862915,1.0337386129322113e-06,0.047122772783041,0.036015354096889496
4529,1,1,6.486844839059813e-09,0.9999973773956299,9.54303231992526e-07,1.706451939753606e-06
4530,0,0,0.9936875700950623,2.451392617786041e-07,0.005325784906744957,0.00098635524045676
4531,2,2,0.011713803745806217,4.390436814105669e-08,0.9861030578613281,0.002183194039389491
4532,1,1,8.700452802656855e-09,1.0,5.327943419786152e-09,1.3119769715075336e-09
4533,2,2,0.00014273861597757787,2.1902751541347243e-05,0.9998051524162292,3.022294185939245e-05
4534,0,2,0.35048359632492065,2.873679818549135e-07,0.6001631617546082,0.04935299977660179
4535,1,1,9.562229934090283e-06,0.9999904632568359,6.422976372988387e-09,1.368623880892983e-09
4536,2,2,2.892451266234275e-05,5.0678313527896535e-06,0.9970391988754272,0.0029269037768244743
4537,1,1,9.374252840643749e-07,0.9999561309814453,4.058635386172682e-05,2.4434862098132726e-06
4538,0,0,0.9999375343322754,3.0205055736587383e-06,1.873439396149479e-05,4.0749226172920316e-05
4539,1,1,0.000334646349074319,0.9996504783630371,6.895877049828414e-06,7.98639939603163e-06
4540,1,1,0.4644208550453186,0.5355597734451294,1.2257230991963297e-05,7.108501449692994e-06
4541,0,0,0.9999991655349731,3.9675259699833987e-07,2.8184942379994027e-07,1.9388988903301652e-07
4542,2,2,4.904448360321112e-05,1.0289982199651604e-09,0.9999494552612305,1.5206411489998573e-06
4543,1,1,5.430792526794903e-08,1.0,2.366461915315199e-09,2.852293956578933e-09
4544,0,0,0.9998958110809326,9.607747841755554e-08,2.1242745788185857e-05,8.290288678836077e-05
4545,0,0,0.9999995231628418,3.6273384296237055e-08,9.584065985279722e-09,4.6405978082475485e-07
4546,3,3,1.6242009905909072e-06,7.901525123088504e-08,1.4063321032153908e-05,0.9999841451644897
4547,3,3,1.7865876600353658e-07,1.0208966116920237e-08,0.013508908450603485,0.9864909648895264
4548,0,0,0.9999998807907104,7.347888697495364e-08,2.6861803892330727e-09,1.0812115647240716e-09
4549,0,1,0.003740521613508463,0.9962564706802368,2.9705327051487984e-06,2.9740560236746205e-08
4550,3,2,0.003467620350420475,4.477471193808924e-08,0.6088063716888428,0.38772597908973694
4551,3,3,6.135373382676335e-07,1.3674516630146627e-08,0.015751762315630913,0.9842476844787598
4552,2,2,8.228051342484832e-07,1.6381472844884115e-09,0.9999983310699463,7.782550710544456e-07
4553,3,3,7.361984899034724e-06,4.904233264824143e-06,0.00253796624019742,0.9974498152732849
4554,2,2,1.4888421162595478e-07,5.9470622204571555e-08,0.9999996423721313,1.8404480783829058e-07
4555,3,3,2.25507392315194e-05,1.7271897689852267e-08,0.0005851138848811388,0.9993922710418701
4556,2,2,2.844451216788002e-07,2.6834976907252894e-08,0.9999997615814209,3.098546841329153e-08
4557,3,3,5.18421666129143e-06,3.673529533898545e-07,0.03175945580005646,0.9682350158691406
4558,0,0,0.9999985694885254,1.6175843597920903e-07,1.13481110020075e-06,1.1619498963000296e-07
4559,3,3,8.891601055438514e-08,1.9781461801926525e-08,0.009191769175231457,0.9908081889152527
4560,2,2,5.285380666464334e-07,1.9089347880196783e-09,0.9999988079071045,6.696440095765865e-07
4561,0,0,0.9992309808731079,5.72376336549496e-07,0.0007111637969501317,5.730149132432416e-05
4562,2,2,4.584925773087889e-05,9.413609891595343e-10,0.9999321699142456,2.19133489736123e-05
4563,0,0,0.9972521662712097,0.0023872556630522013,4.743782028526766e-06,0.0003557929885573685
4564,3,3,0.0006772048654966056,6.291235532529527e-09,0.13904032111167908,0.8602825403213501
4565,2,2,1.3874447176931426e-05,7.109123845161491e-10,0.9999849796295166,1.1655705520752235e-06
4566,2,2,2.7530577426659875e-05,6.653655759691901e-08,0.9999717473983765,6.411748927348526e-07
4567,0,0,0.8541193008422852,1.0455578376422636e-06,0.14179947972297668,0.004080170299857855
4568,2,2,4.256035026628524e-05,3.043011929548811e-05,0.9993242025375366,0.0006029063370078802
4569,3,3,0.11200238019227982,2.1094200164384347e-08,0.0010246739257127047,0.886972963809967
4570,0,0,0.9987704157829285,1.7029558208037088e-08,0.0010632032062858343,0.0001662975555518642
4571,2,3,3.837027975350793e-07,6.56714860269858e-08,0.003077117493376136,0.9969223141670227
4572,2,2,3.8066547858761624e-05,4.8704157961765304e-05,0.6636569499969482,0.33625632524490356
4573,1,1,0.00042100841528736055,0.9959902167320251,0.0011209885124117136,0.0024678087793290615
4574,0,0,0.9999996423721313,5.789917878473716e-08,2.3236506763169018e-07,5.652214341012041e-08
4575,0,0,0.9995348453521729,3.191319564166406e-08,1.2094179510313552e-05,0.00045297807082533836
4576,3,3,1.3310810231814685e-07,1.1842137048745371e-08,1.3001269962842343e-06,0.9999985694885254
4577,0,0,1.0,7.841515881068517e-09,7.128555523649993e-09,1.22892318543677e-08
4578,0,0,0.9986401200294495,8.655771210897001e-09,0.0011834095930680633,0.00017638805729802698
4579,2,2,0.0004892989527434111,1.9867951728258504e-09,0.9995101690292358,4.496379801821604e-07
4580,2,3,8.412939678237308e-09,2.998787920205359e-07,0.014769108034670353,0.9852305054664612
4581,1,1,6.42747909296304e-06,0.9999935626983643,2.967898982131345e-10,1.1175569497590132e-10
4582,3,3,2.9517301300074905e-05,1.332369265583111e-06,2.5306351858489506e-07,0.9999688863754272
4583,1,1,1.6799454897409305e-05,0.9999831914901733,6.352112791319087e-08,2.4453493452369912e-08
4584,3,3,0.004927626810967922,6.3456674979534e-05,0.4731827676296234,0.5218261480331421
4585,3,3,2.936526470875833e-07,9.030107435137325e-07,5.773564680566778e-06,0.9999929666519165
4586,1,1,2.9688893846469e-05,0.9999698400497437,2.965156511436362e-07,9.639169462616337e-08
4587,2,2,3.5450952964311e-06,1.0714023801483563e-07,0.9996246099472046,0.0003717227082233876
4588,3,3,0.00033132272073999047,9.876155218080385e-07,0.3731246590614319,0.6265430450439453
4589,0,0,0.9999873638153076,3.475896335203288e-07,1.1894880117324647e-05,3.3107036756518937e-07
4590,0,0,0.9999462366104126,4.987376911458341e-08,5.23984017490875e-05,1.2178728638900793e-06
4591,2,3,3.029314939340111e-06,3.303818019162463e-08,0.3992018699645996,0.6007951498031616
4592,2,2,5.029700696468353e-05,2.6372133365981654e-09,0.9999493360519409,3.444347669301351e-07
4593,3,3,1.2200360970382462e-06,8.048909094782175e-09,0.001225965330377221,0.9987727999687195
4594,3,3,2.1928826754447073e-06,1.4652898698841454e-06,4.1020166463567875e-06,0.9999922513961792
4595,1,1,2.8421508702081155e-08,1.0,1.3106145502206346e-08,1.6724746032537041e-09
4596,3,3,2.3378979676635936e-05,3.427484784879198e-08,0.3722846508026123,0.6276919841766357
4597,3,3,3.477020436548628e-05,4.501268051626539e-07,3.803969548243913e-07,0.9999643564224243
4598,0,0,0.9981582760810852,4.147683739574859e-06,3.302919822090189e-06,0.0018342602998018265
4599,2,2,6.98645010288601e-07,3.6431532635106123e-07,0.9999988079071045,6.841458599637917e-08
4600,3,3,9.853637266132864e-07,3.775604273670297e-09,4.332081152824685e-05,0.9999556541442871
4601,1,1,1.7166246834676713e-05,0.9999819993972778,5.857059193203895e-08,7.793415761625511e-07
4602,0,0,0.9999933242797852,1.2858024645012733e-09,5.4777474360889755e-06,1.1672776736304513e-06
4603,2,2,7.219924782475573e-07,3.134236976620741e-06,0.8884668350219727,0.11152928322553635
4604,3,3,5.644362133239156e-08,2.4795751563111423e-10,0.00012210306886117905,0.9998778104782104
4605,3,3,9.041160956257954e-05,5.841878305545833e-07,0.005874203518033028,0.9940348267555237
4606,1,1,3.176706684371311e-07,0.9999991655349731,5.661418640556803e-07,2.593933423611361e-08
4607,0,0,0.9999818801879883,3.0814151159574976e-06,7.134313364076661e-06,7.867002750572283e-06
4608,3,3,1.124884988712438e-06,1.5376775408526555e-08,3.46753622579854e-05,0.9999642372131348
4609,3,3,2.20296342945403e-07,1.3818132194032273e-09,0.0005350169958546758,0.9994648098945618
4610,3,3,2.1370293325162493e-05,3.7021539611714616e-08,3.11773874273058e-05,0.9999474287033081
4611,2,2,8.83913799043512e-07,1.1683825107411394e-07,0.9984766840934753,0.0015223592054098845
4612,0,0,0.999947190284729,1.878256398413214e-06,4.674270894611254e-05,4.245972831995459e-06
4613,2,2,8.61610533320345e-06,1.1016626189075396e-07,0.9999440908432007,4.7169050958473235e-05
4614,1,1,3.0669713879660776e-08,0.9999995231628418,4.226771181947697e-07,1.6990357565305203e-08
4615,1,1,3.2153900519915624e-07,0.9999996423721313,3.144870475146888e-11,3.9246811356363764e-10
4616,0,0,0.9999996423721313,7.896145071129013e-09,4.0179267557505227e-07,3.37454437726592e-08
4617,3,3,8.51390723255463e-06,2.0366617548006616e-07,0.0008229407831095159,0.9991682767868042
4618,2,2,0.011404761113226414,1.2020698880732539e-09,0.9884929060935974,0.00010226681479252875
4619,1,1,4.325926511228317e-06,0.9999954700469971,4.6469541103988377e-08,8.776487447903492e-08
4620,0,1,0.00396034587174654,0.9959880709648132,3.567271414794959e-05,1.595741559867747e-05
4621,0,0,0.9998601675033569,1.6445959261091048e-08,3.1139607017394155e-05,0.00010871693666558713
4622,3,2,7.8463381214533e-05,7.856880301915226e-07,0.7606093287467957,0.23931145668029785
4623,3,3,0.000432485161582008,0.0006629133713431656,0.024746112525463104,0.9741585850715637
4624,0,0,0.9999428987503052,4.45382138423156e-05,1.2109207091270946e-05,4.597848146659089e-07
4625,1,1,0.0010575964115560055,0.8971965312957764,0.0007779813022352755,0.10096792131662369
4626,1,1,6.407280039866237e-08,0.9999998807907104,9.563740910323304e-10,9.829669522787299e-09
4627,2,2,1.5007173715275712e-05,2.8412728170224e-08,0.9999847412109375,2.319422804930582e-07
4628,1,1,0.00046352745266631246,0.9995360374450684,4.6888288807167555e-07,1.8553961922407325e-08
4629,2,2,7.635720248799771e-05,1.2810639873350738e-06,0.9998836517333984,3.862799349008128e-05
4630,1,1,0.00025114984600804746,0.9997486472129822,2.3065329912697052e-07,7.772650079118648e-09
4631,1,1,2.506209284547367e-08,0.9999998807907104,1.3074384241917869e-08,6.238629879362634e-08
4632,1,1,5.114382020110497e-06,0.9999948740005493,1.2307553864943088e-09,1.7968044829785867e-09
4633,2,2,6.400846905307844e-05,9.226940989037757e-08,0.9998968839645386,3.9021870179567486e-05
4634,1,1,6.854069312112188e-08,0.9999998807907104,6.767610361002596e-10,6.243909278502713e-10
4635,2,2,1.8642429822079976e-08,2.768756075965939e-06,0.6614433526992798,0.33855387568473816
4636,1,1,2.2598651128191705e-07,0.9993108510971069,0.0006728389416821301,1.6061749192886055e-05
4637,0,0,0.9999994039535522,3.772746595132048e-07,1.3991109426569892e-07,1.1003794497810304e-07
4638,2,2,1.924682010212564e-06,8.865038481076226e-09,0.9999966621398926,1.4725345636179554e-06
4639,0,0,0.9999948740005493,4.366993380244821e-06,6.509802119580854e-07,1.0629534585859801e-07
4640,1,1,0.009133623912930489,0.9903936982154846,0.0004305917536839843,4.201588672003709e-05
4641,3,3,0.0004480418283492327,3.774125900690706e-08,0.0017274984857067466,0.9978244304656982
4642,0,0,0.9999996423721313,3.00877445624792e-07,1.4381271284946706e-08,2.1085080348370866e-08
4643,3,3,9.315471834270284e-05,6.975847011148062e-09,0.000304282468277961,0.9996026158332825
4644,0,0,0.9998555183410645,1.755030098138377e-06,2.6136906399187865e-06,0.0001400270703015849
4645,2,2,7.717143262198078e-07,1.4462468556075692e-08,0.9999954700469971,3.7585482459689956e-06
4646,1,1,0.0013356831623241305,0.9977661371231079,6.13323281868361e-05,0.0008369064889848232
4647,0,0,0.9991205334663391,0.0008773489389568567,9.276969308302796e-07,1.2131199582654517e-06
4648,3,0,0.9484609365463257,3.0708463327755453e-07,0.013367995619773865,0.03817072883248329
4649,1,1,2.827734078891808e-06,0.9999966621398926,5.19751495176024e-07,2.1677369232975252e-08
4650,0,2,0.39588674902915955,3.2141656447493006e-07,0.588014543056488,0.016098396852612495
4651,0,0,0.9999477863311768,2.97404922910971e-09,2.822015630954411e-05,2.3923083062982187e-05
4652,2,2,8.829161401990859e-07,3.165291140305726e-09,0.9999401569366455,5.894534115213901e-05
4653,2,2,8.682842599228024e-05,3.932198922029784e-08,0.9998905658721924,2.2559313947567716e-05
4654,0,0,0.9995958209037781,0.00039948723861016333,2.9775605980830733e-06,1.722683464322472e-06
4655,3,3,0.006116232369095087,7.4773192082489e-09,0.004251454491168261,0.989632248878479
4656,0,0,0.9989749193191528,8.796115253062453e-06,2.0585090169333853e-05,0.0009957114234566689
4657,0,0,0.9990494847297668,5.739862444897881e-06,0.00010523995297262445,0.0008395251352339983
4658,1,1,1.2151265593729477e-07,0.9999998807907104,4.138545506293667e-09,2.0012901558175145e-08
4659,1,1,1.0056635346700205e-06,0.9999953508377075,2.5547024051775225e-06,1.0739621529864962e-06
4660,1,1,7.708161575692429e-08,0.9999997615814209,2.123474445170359e-07,3.018644445518248e-09
4661,2,2,0.0002822729875333607,6.46832063466718e-08,0.9997101426124573,7.401912171189906e-06
4662,3,3,1.3270712770463433e-05,2.9339226159663667e-08,0.00012704521941486746,0.9998596906661987
4663,3,3,1.4499089047603775e-05,3.1184594906363827e-09,0.49158594012260437,0.5083995461463928
4664,0,0,0.8528891801834106,0.0008169098291546106,0.007277810014784336,0.1390160769224167
4665,3,3,1.2291351367821335e-06,9.145334489701895e-10,2.5744966478669085e-05,0.9999730587005615
4666,0,0,0.9999983310699463,9.653459365210892e-09,7.857935315769282e-07,8.502687478539883e-07
4667,2,2,1.3435208529699594e-05,4.8202069592662156e-05,0.999672532081604,0.00026576878735795617
4668,0,0,0.9993528723716736,1.3161253775706427e-07,0.00013064157974440604,0.0005163090536370873
4669,0,0,0.9384217262268066,0.05940655991435051,0.0017400144133716822,0.00043169266427867115
4670,2,2,1.259216674043273e-06,2.4685493649201362e-09,0.9999983310699463,3.332562528157723e-07
4671,3,3,0.006860237568616867,6.6888881100624076e-09,0.00011092201748397201,0.9930288195610046
4672,0,0,0.9548026919364929,4.115875981369754e-06,0.0005132525111548603,0.044679973274469376
4673,2,2,9.870635403785855e-05,2.4278492549711927e-09,0.9998853206634521,1.6000924006220885e-05
4674,3,3,2.4503731310687726e-07,1.97626692788333e-09,0.003167860209941864,0.9968319535255432
4675,0,3,0.12823845446109772,1.8361433831159957e-06,6.75798364682123e-05,0.8716921210289001
4676,3,3,1.3107800214129384e-06,1.3990489655668625e-08,0.004214211367070675,0.9957844614982605
4677,0,3,0.0003704591072164476,3.9046659594532684e-07,0.0013721388531848788,0.9982571005821228
4678,3,3,1.7905611571222835e-07,2.286710909515932e-08,0.0004968083230778575,0.9995030164718628
4679,0,0,0.9999972581863403,3.4492790845774834e-09,5.523259005713044e-08,2.753444277914241e-06
4680,2,2,0.00035340350586920977,0.0010275873355567455,0.9984983205795288,0.00012068654177710414
4681,2,3,8.093211363302544e-05,2.00173971620643e-07,0.03125757724046707,0.9686611890792847
4682,3,3,9.376170737596112e-07,3.601574007916497e-07,0.0027295686304569244,0.9972690939903259
4683,0,0,0.9892317652702332,7.59146405471256e-06,0.0018199640326201916,0.008940735831856728
4684,2,0,0.9997802376747131,5.225338463787921e-05,0.0001472454605391249,2.03718645934714e-05
4685,2,2,0.001878967508673668,3.63264107683392e-09,0.9979230761528015,0.00019799241272266954
4686,2,2,4.391577749629505e-05,7.691179462199216e-07,0.9997954964637756,0.00015991866530384868
4687,2,3,6.915046469657682e-06,3.710612145368941e-05,0.4736408293247223,0.5263152122497559
4688,2,2,6.973687959543895e-06,6.6588494718189395e-09,0.999882698059082,0.00011026119318557903
4689,2,3,2.1074433789181057e-06,6.749563453922747e-06,0.0038784979842603207,0.9961126446723938
4690,1,1,5.9030429838458076e-05,0.999618411064148,0.0002532284124754369,6.940403545740992e-05
4691,2,3,9.00076065590838e-06,4.21535411021523e-08,0.01428288035094738,0.9857081770896912
4692,0,0,0.999997615814209,2.408751925031538e-06,4.838377165583552e-08,7.558633718929286e-09
4693,1,1,3.7243239603412803e-09,1.0,8.802603645996498e-10,2.567380441576006e-08
4694,3,3,2.9008191404500394e-07,4.2125897437017557e-08,0.00011983176227658987,0.9998798370361328
4695,1,1,1.817618976929225e-05,0.9996029734611511,6.062492684577592e-05,0.0003182960208505392
4696,1,1,7.699212574152625e-07,0.9999991655349731,3.3355270545598614e-08,4.595616331926067e-09
4697,0,0,0.9979543685913086,3.1176300581137184e-06,5.659360613208264e-05,0.001985908253118396
4698,1,1,1.1285171694908058e-06,0.9917551279067993,2.140267980621502e-07,0.008243569172918797
4699,0,0,0.9999878406524658,1.2139386853959877e-05,5.803050484587402e-08,1.728374066090055e-08
4700,0,0,0.9999959468841553,1.5972785760709485e-08,9.766724815563066e-07,3.0969431463745423e-06
4701,3,3,7.384418495348655e-06,2.2535875388030036e-08,0.00460833078250289,0.9953842759132385
4702,1,1,3.670839987535146e-08,1.0,1.3504534990271821e-10,9.897255237589775e-11
4703,2,2,1.8689653416004148e-06,6.007506936356322e-09,0.9999979734420776,8.471026546885696e-08
4704,3,3,2.0195454908389365e-06,4.1204145873052767e-08,4.303353762225015e-06,0.9999936819076538
4705,1,1,4.991398327547358e-06,0.9999949932098389,5.23562206922179e-08,1.0950665263464998e-08
4706,3,3,4.213035253997077e-07,7.9776310002444e-09,0.0007819859310984612,0.9992176294326782
4707,1,1,1.1127928701171186e-05,0.9999457597732544,4.2946798203047365e-05,6.303622512859874e-08
4708,0,0,0.8925862908363342,1.3766093616141006e-05,0.0004065207904204726,0.10699336975812912
4709,0,2,0.2922753691673279,6.162270437926054e-06,0.7071566581726074,0.0005617696442641318
4710,1,1,4.535995685728267e-07,0.9999995231628418,2.8328879242423e-09,1.4433171324768068e-09
4711,0,0,0.9999685287475586,3.2290839158122253e-07,1.0947707096420345e-07,3.097789885941893e-05
4712,0,3,0.15075328946113586,6.024650065228343e-05,0.003358063055202365,0.8458284139633179
4713,2,2,8.623331086710095e-05,0.00020901474636048079,0.9997003078460693,4.366256234789034e-06
4714,3,3,0.00021190855477470905,2.5463474230491556e-05,4.798818918061443e-05,0.9997145533561707
4715,0,0,0.9999475479125977,1.9685568020122446e-07,2.5567860575392842e-06,4.976705167791806e-05
4716,0,0,0.999931812286377,8.87036662788887e-07,6.594858859898522e-05,1.4075459375817445e-06
4717,2,2,1.732584678393323e-05,3.0115083760051675e-09,0.9992202520370483,0.0007624954450875521
4718,0,1,0.1165219321846962,0.8557131290435791,0.017512483522295952,0.010252450592815876
4719,2,3,0.008896386250853539,1.839452352214721e-06,0.33177104592323303,0.6593307256698608
4720,0,3,0.05287408456206322,0.0008056327933445573,0.343848317861557,0.6024720072746277
4721,3,3,0.0002114494564011693,1.4726944108645057e-08,0.057200998067855835,0.9425875544548035
4722,2,2,2.352995943510905e-05,1.3675000900548184e-06,0.9985048770904541,0.0014701837208122015
4723,1,1,9.222484997906122e-09,1.0,7.8971679196016e-10,5.65544555630737e-10
4724,1,1,2.8642168636849874e-09,1.0,3.4478695454254193e-08,3.754579758208365e-09
4725,1,1,2.6321507196058747e-09,1.0,3.892991262688383e-09,4.533978081866508e-09
4726,0,0,0.9999839067459106,1.574465750309173e-05,9.114602761428614e-08,1.9106421689230046e-07
4727,2,2,4.363421612652019e-05,1.4711661606270354e-05,0.9996224641799927,0.0003191664000041783
4728,1,1,0.0012548002414405346,0.998654842376709,5.826776487083407e-06,8.446641732007265e-05
4729,1,1,5.2454140586633e-07,0.9999995231628418,3.7251464135579226e-09,6.870751523280205e-09
4730,1,1,1.91560076245878e-07,0.9999560117721558,4.2804895201697946e-05,9.814260693019605e-07
4731,1,1,7.391041378923546e-08,0.9999998807907104,4.521757634989854e-09,1.0753782586636618e-10
4732,1,1,4.651067138183862e-05,0.9999535083770752,1.6371441091678207e-08,3.720056085398937e-08
4733,1,1,1.4679550304208533e-06,0.9999984502792358,6.35482706456969e-08,1.8027265014097793e-08
4734,0,0,0.9450503587722778,0.054948072880506516,3.3253220976803277e-07,1.2651306633415516e-06
4735,2,2,7.351170097535942e-06,8.910329363231995e-09,0.9998550415039062,0.00013757345732301474
4736,0,0,0.9999908208847046,9.55726818574476e-07,5.072578005638206e-06,3.097904937021667e-06
4737,3,3,0.0009748133015818894,2.545663846831303e-06,0.00011064331192756072,0.9989120960235596
4738,3,3,0.00045682338532060385,6.691492915322783e-10,0.000157780377776362,0.9993853569030762
4739,2,2,1.1818673556263093e-05,1.7181617906203428e-08,0.999985933303833,2.2011261080479017e-06
4740,3,3,9.457818350711023e-08,8.582282440272593e-09,0.000796295702457428,0.999203622341156
4741,3,3,5.86577016292722e-06,1.2022402984257496e-07,0.00030158512527123094,0.999692440032959
4742,3,3,0.00020576745737344027,5.755306347055011e-07,0.003796775359660387,0.9959968328475952
4743,1,1,1.1241770847547627e-09,1.0,6.301673072250935e-10,2.5552977511722474e-09
4744,3,3,3.3753758543753065e-06,9.653133474785136e-07,0.1602858006954193,0.8397098183631897
4745,1,1,0.000314978213282302,0.9996778964996338,7.103600637492491e-06,1.0833034913559914e-08
4746,2,2,6.164031219668686e-06,3.891973676672933e-07,0.9999922513961792,1.1167628599650925e-06
4747,1,1,1.5976452516497375e-07,0.9999998807907104,2.413350908003764e-10,1.3823836519932797e-10
4748,0,0,0.9999951124191284,4.837022515857825e-06,3.097278433727979e-09,1.10584408297143e-09
4749,3,3,0.00012110731768188998,2.2872692184705556e-08,0.00012623528891708702,0.9997527003288269
4750,2,2,5.436351784737781e-06,1.7096747628730924e-10,0.999984622001648,9.893211426970083e-06
4751,2,2,6.897494313307106e-05,5.645602652037951e-09,0.9998902082443237,4.078535857843235e-05
4752,0,0,0.9999605417251587,3.798742181970738e-05,6.410120789723806e-08,1.2951868484378792e-06
4753,2,3,0.008786209858953953,0.0001256053219549358,0.48043039441108704,0.510657787322998
4754,3,3,0.0003578293544705957,1.2898467849353779e-09,0.0033774629700928926,0.9962647557258606
4755,1,1,9.004052259342643e-08,0.9999992847442627,3.8431633697655343e-07,2.380101591370476e-07
4756,2,2,0.00047289454960264266,9.475413662585197e-07,0.9995251893997192,9.569358780936454e-07
4757,0,0,0.9998140931129456,0.00015735176566522568,4.3355049683668767e-07,2.814113577187527e-05
4758,2,2,5.157482974027516e-08,8.590390621066035e-10,0.9999992847442627,7.496979037568963e-07
4759,2,2,3.9585628996974265e-07,2.0115765053674295e-08,0.9999958276748657,3.847435436910018e-06
4760,3,3,1.7712780220335844e-07,1.966842688716497e-08,5.546340617001988e-06,0.9999942779541016
4761,0,0,1.0,2.0747227935657975e-08,9.434511838435355e-09,9.125338706894581e-09
4762,3,3,3.535602900228696e-06,9.964311686871952e-08,0.0023426180705428123,0.9976537823677063
4763,3,3,0.0013969953870400786,8.868086638358363e-07,1.0730309440987185e-05,0.9985913634300232
4764,0,2,0.04056303948163986,0.0023097305092960596,0.9568501710891724,0.00027708083507604897
4765,2,2,0.008515723049640656,4.624893534810326e-08,0.9912943243980408,0.00019003255874849856
4766,2,2,0.011756639927625656,4.3132946302648634e-05,0.9864176511764526,0.0017825935501605272
4767,3,3,9.568232144374633e-07,2.5483046783847385e-09,0.002240983536466956,0.9977580904960632
4768,2,2,0.003467798000201583,1.7679510619927896e-06,0.9964891672134399,4.14056412409991e-05
4769,2,2,2.726214688664186e-06,1.5434800104685564e-08,0.999994158744812,3.138718966511078e-06
4770,1,1,1.2733462895209158e-10,1.0,8.559024322618569e-11,2.003060217692365e-10
4771,3,3,0.0004553666221909225,1.6908104953472503e-05,0.0042921192944049835,0.9952356219291687
4772,1,1,1.974377283886497e-07,0.9999997615814209,5.599931629518551e-09,2.3642956481495503e-09
4773,2,3,1.5383021718662349e-06,2.03887481120546e-07,0.009686877019703388,0.9903113842010498
4774,0,0,0.9999966621398926,4.2862518512265524e-07,2.3582649077980022e-07,2.617756763356738e-06
4775,3,3,3.1457818749913713e-07,4.890262084167318e-10,6.046540875104256e-06,0.9999936819076538
4776,3,3,0.00011741290654754266,3.4521465686054853e-09,0.0013630302855744958,0.9985195994377136
4777,1,1,2.0086963559151627e-07,0.9999969005584717,2.879376779674203e-06,3.435570050669412e-08
4778,3,3,0.0007023494690656662,1.9483774593709313e-08,0.0015864955494180322,0.997711181640625
4779,3,3,2.8385516998241656e-05,1.2062629117792767e-08,0.0004972652532160282,0.9994743466377258
4780,1,1,3.3615432215583496e-08,1.0,1.2508843960645777e-10,5.106256736886472e-11
4781,1,1,2.0407089323271066e-05,0.999975323677063,3.619869204385395e-08,4.27576787842554e-06
4782,2,1,8.49703269523161e-07,0.9999748468399048,2.319006307516247e-05,1.0296225809725001e-06
4783,2,3,5.108651748741977e-06,3.958244931823174e-08,0.0021116884890943766,0.997883141040802
4784,3,3,3.0390368920052424e-05,0.0001065759570337832,0.00930189248174429,0.9905610680580139
4785,1,1,2.997359445089387e-07,0.9999979734420776,1.202594603455509e-06,4.4319736502984597e-07
4786,1,1,1.324997924712079e-07,0.9999984502792358,1.2225435739310342e-06,1.8089376396801526e-07
4787,3,3,5.139923473507224e-07,1.8620185926465638e-07,0.004011143930256367,0.9959880709648132
4788,0,0,1.0,1.3741037196979278e-09,1.7370737737110176e-08,6.559809584416598e-09
4789,3,2,1.756424353516195e-05,2.4500386643921956e-05,0.8735112547874451,0.1264466792345047
4790,0,0,0.997755229473114,7.373972010782381e-08,0.00045750249410048127,0.0017872836906462908
4791,3,3,3.308299483251176e-07,4.440329917088093e-07,0.01349138468503952,0.986507773399353
4792,3,3,0.0002167831698898226,5.236759648141742e-07,0.001316825277172029,0.998465895652771
4793,3,3,4.987801003153436e-05,2.856606613477197e-07,0.0008753304718993604,0.9990745782852173
4794,2,3,3.1878678328212118e-06,0.0002504079311620444,0.21669889986515045,0.7830474376678467
4795,2,2,3.509521548039629e-06,7.651446765066794e-08,0.9999600648880005,3.635529355960898e-05
4796,3,3,0.0005272962152957916,6.576800615221146e-08,0.003754895646125078,0.9957177042961121
4797,0,0,0.9999927282333374,7.588328543306488e-08,6.867950560263125e-06,3.3598411164348363e-07
4798,2,2,9.959307334383993e-08,3.349615269598871e-07,0.9999963045120239,3.2055647807283094e-06
4799,0,0,1.0,2.3627379164281592e-08,2.744495075646114e-09,1.8774761301187937e-08
4800,0,0,0.9857127666473389,0.013237536884844303,6.28845873507089e-06,0.001043391297571361
4801,3,3,0.00014498998643830419,3.7226654967525974e-06,0.00013409445818979293,0.9997171759605408
4802,0,0,0.999937891960144,9.254516044165939e-06,5.242500265012495e-05,3.657845297766471e-07
4803,3,3,9.347800755676872e-08,4.0738035522736027e-07,0.0008235496934503317,0.9991759657859802
4804,0,0,0.9999105930328369,3.8148382941471937e-07,2.4096969355014153e-05,6.499794108094648e-05
4805,1,1,8.566355063521769e-06,0.9999839067459106,6.5636254475975875e-06,9.143198553829279e-07
4806,3,3,0.0002424896665615961,2.6644233003025874e-05,5.664335276378551e-07,0.9997302889823914
4807,2,2,0.0003354224900249392,2.7509004851822283e-08,0.9996415376663208,2.301134190929588e-05
4808,1,1,0.00034063297789543867,0.9988182187080383,5.152076846570708e-05,0.0007895415183156729
4809,1,1,2.1439444026327692e-05,0.9712737798690796,0.02835751324892044,0.00034721699194051325
4810,2,2,0.0001353138213744387,5.773799330199836e-06,0.9908007979393005,0.009058050811290741
4811,0,0,0.9995602965354919,1.598943072167458e-06,0.00043389899656176567,4.205312507110648e-06
4812,0,0,1.0,9.938181833035742e-09,1.652737502411128e-09,6.469337288095289e-10
4813,0,0,0.999893307685852,3.093524355790578e-05,7.126579293981194e-05,4.464067387743853e-06
4814,0,0,0.9991707801818848,0.00010794330592034385,0.0003151196870021522,0.00040619485662318766
4815,3,1,2.423884950530919e-07,0.9999972581863403,1.80905104230078e-07,2.2833321509097004e-06
4816,0,0,0.9999481439590454,3.940245278499788e-06,9.63278489507502e-06,3.819987250608392e-05
4817,1,1,4.7309476940426975e-06,0.999995231628418,2.581538316448473e-09,4.781896834060717e-08
4818,3,3,1.0712954463087954e-05,1.2636976975954894e-07,0.004432294517755508,0.9955568909645081
4819,1,1,0.02820708230137825,0.9717472195625305,4.279585482436232e-05,2.8919298529217485e-06
4820,0,0,0.6105390191078186,0.3887879252433777,9.32353395910468e-06,0.000663776183500886
4821,0,0,0.9981287121772766,6.999493052717298e-06,0.00015136136789806187,0.0017129310872405767
4822,2,2,1.0832914085767698e-06,2.3192610498767863e-08,0.9999803304672241,1.8544633348938078e-05
4823,1,1,0.0004982828395441175,0.9994534850120544,4.4297383283264935e-05,3.961039055866422e-06
4824,2,1,0.0003126932424493134,0.9971019625663757,0.0022970980498939753,0.00028825009940192103
4825,1,1,2.2682427243125858e-06,0.9997201561927795,0.00025078156613744795,2.6777621314977296e-05
4826,3,3,3.0968924420449184e-06,3.7099618932501244e-09,0.0006065818015486002,0.9993903636932373
4827,1,1,2.2206201322205743e-08,1.0,5.312060236128957e-10,1.3634486595304196e-10
4828,2,2,0.010287369601428509,1.9996614355477504e-06,0.9890370965003967,0.0006736189825460315
4829,3,3,0.00021272985031828284,6.113489092740565e-08,0.026165738701820374,0.9736213684082031
4830,1,1,4.740978454265132e-08,0.9999998807907104,2.5167382844415442e-08,1.6398107760551284e-08
4831,3,2,0.14343807101249695,0.0007947147241793573,0.5300648212432861,0.32570236921310425
4832,2,2,6.254980462472304e-07,5.588236490439158e-06,0.9999521970748901,4.165189966442995e-05
4833,1,3,9.044280886882916e-05,0.4991777241230011,0.000196752036572434,0.5005351305007935
4834,0,0,0.9999943971633911,2.2970404245370446e-07,4.1148100535792764e-06,1.2526586488093017e-06
4835,2,2,0.031845059245824814,0.00015787637676112354,0.8584508299827576,0.1095462441444397
4836,2,2,1.0478293916094117e-05,2.4181893820696132e-08,0.99998939037323,4.688690324883282e-08
4837,2,2,0.0011037321528419852,7.577556857540912e-07,0.9988908171653748,4.6886116251698695e-06
4838,0,0,0.9999998807907104,2.7364617238845312e-08,9.831830283246745e-08,7.130268375732385e-09
4839,2,2,0.0005681455368176103,1.608836157629412e-07,0.9993928670883179,3.880459917127155e-05
4840,2,2,0.00011465341958682984,4.280396979083889e-07,0.9998838901519775,9.98053565126611e-07
4841,0,0,0.9999996423721313,3.9438407384295715e-07,5.926340307382816e-08,5.3815303324711294e-09
4842,1,1,1.0290159480064176e-07,0.9999982118606567,6.589760204178674e-08,1.6714028561182204e-06
4843,0,0,0.9951230883598328,3.8439975469373167e-05,0.0014547514729201794,0.0033837505616247654
4844,3,3,0.013626890257000923,2.368092282267753e-05,0.0020793196745216846,0.9842700958251953
4845,1,1,1.557369046167878e-06,0.9999982118606567,2.5621414323495628e-08,2.3319279307543184e-07
4846,0,3,0.01242776121944189,1.337367052656191e-06,0.05071553960442543,0.9368553161621094
4847,3,3,0.0003644477401394397,0.015769755467772484,0.004625075962394476,0.9792407155036926
4848,1,1,5.785247836342933e-08,0.9999995231628418,4.603209191600399e-08,3.7767358662677e-07
4849,2,2,5.825433254358359e-05,0.0004450947162695229,0.9983869791030884,0.0011096991365775466
4850,3,3,0.00021531968377530575,2.292077638799128e-09,0.059856116771698,0.9399285912513733
4851,1,1,1.4189723174240498e-07,0.9999998807907104,1.0325777566322358e-08,1.871100829831107e-09
4852,0,0,0.9999997615814209,9.471241924075002e-08,7.244214117463343e-08,7.469737539622656e-08
4853,3,3,2.757597485469887e-06,2.755509953544788e-08,0.003772788681089878,0.9962244033813477
4854,1,3,0.12952718138694763,7.026083039818332e-05,0.0003660109359771013,0.8700365424156189
4855,3,3,4.67597942588327e-07,5.41149738353397e-08,0.00014454619667958468,0.9998549222946167
4856,2,2,2.6793106826517032e-06,7.520116014347877e-07,0.9999964237213135,1.6876788322406355e-07
4857,3,3,3.6670580811914988e-06,6.910982897068152e-10,4.2067877075169235e-05,0.9999542236328125
4858,0,0,0.9968239068984985,4.241642841407156e-07,8.924050780478865e-05,0.0030863897409290075
4859,0,0,0.9999117851257324,5.6768317335809115e-06,7.99742410890758e-05,2.5038650619535474e-06
4860,3,3,2.314932544322801e-06,1.6401510705144062e-10,1.4318204193841666e-05,0.9999833106994629
4861,0,0,0.9982346296310425,0.0015048703644424677,0.0002511002530809492,9.421203685633373e-06
4862,2,3,1.9801582595846412e-07,1.937484661596045e-08,0.00016335902910213917,0.9998364448547363
4863,0,0,0.9821810722351074,0.014957352541387081,0.0015530071686953306,0.0013085471000522375
4864,2,2,1.3790659977530595e-05,2.6571533453534357e-06,0.9998376369476318,0.0001458418119000271
4865,2,2,3.6253829875931842e-06,4.139833809091442e-09,0.9999963045120239,1.6566434624110116e-07
4866,3,3,2.5647987058619037e-06,6.658147810867376e-08,0.031841326504945755,0.9681559801101685
4867,3,3,1.9495362266752636e-06,1.181227275992569e-06,0.0004358385340310633,0.9995610117912292
4868,1,1,4.685249166413996e-07,0.9999995231628418,2.913064101051077e-08,5.483791554183881e-08
4869,3,3,3.275420468185075e-08,4.2962640389720974e-11,0.0001265364553546533,0.9998733997344971
4870,3,3,0.0020941777620464563,1.425666482646193e-07,2.806858356052544e-05,0.9978775978088379
4871,0,0,0.9999980926513672,1.2541587466330384e-06,2.0251465571163862e-07,3.851282031064329e-07
4872,3,3,2.5628439743741183e-06,1.4340361786935318e-08,4.5375909394351766e-06,0.999992847442627
4873,0,0,0.999825656414032,4.1529419902985865e-09,0.0001701407745713368,4.252592134434963e-06
4874,0,0,0.9999885559082031,2.6670959414332174e-06,7.472633114957716e-06,1.325899233961536e-06
4875,1,1,2.4115532141877338e-05,0.9999748468399048,9.80501084768548e-08,9.71722329268232e-07
4876,1,1,6.017820197712354e-08,0.9999998807907104,7.049429928684958e-09,9.937455303088427e-10
4877,3,0,0.8518346548080444,0.0015389034524559975,0.0002883948909584433,0.14633800089359283
4878,1,1,2.091069983833904e-09,1.0,2.3211388366917163e-08,5.842391814780967e-08
4879,1,1,0.04406433925032616,0.9559236764907837,1.1670403182506561e-05,3.082089961026213e-07
4880,0,2,0.0008754344889894128,1.6018489986890927e-05,0.9949632883071899,0.004145280458033085
4881,0,0,0.9999363422393799,6.0965361626585945e-05,3.5053457736466953e-07,2.3377922389045125e-06
4882,1,1,0.00023719716409686953,0.9960982799530029,0.0001746548805385828,0.0034898759331554174
4883,3,3,3.566507871255453e-07,3.798041348090919e-07,7.674484550079796e-06,0.9999916553497314
4884,1,1,1.5000613018401054e-07,0.9999958276748657,6.598838098170745e-08,3.916799414582783e-06
4885,3,3,4.5015096361566975e-07,4.457973901139667e-08,4.434051334101241e-06,0.9999951124191284
4886,0,0,0.9999996423721313,2.3065069854055764e-07,2.0183444249255444e-08,1.4618244392750057e-07
4887,1,1,4.030386662634555e-06,0.9999959468841553,7.150809011591264e-08,9.7762620221431e-10
4888,3,3,0.002030256437137723,3.09513296770092e-07,8.203622564906254e-05,0.9978873133659363
4889,1,1,2.861157327060937e-06,0.9987064599990845,0.0011949731269851327,9.568161476636305e-05
4890,0,0,1.0,6.925907070076676e-10,1.2222836076603016e-09,2.77841949447577e-09
4891,3,3,3.683643967633543e-07,1.0718201792769833e-06,0.0004899171181023121,0.9995086193084717
4892,1,1,1.1852232084663683e-08,1.0,9.068301665138279e-10,1.5860122104527363e-09
4893,0,0,0.9998650550842285,1.007401351671433e-06,2.6242922103847377e-05,0.00010769914661068469
4894,1,1,0.0005390912410803139,0.9991958737373352,0.00016077730106189847,0.00010422144987387583
4895,1,1,0.0056654722429811954,0.9937241673469543,0.00015225299284793437,0.0004580355598591268
4896,1,1,6.937771672710369e-07,0.9999992847442627,2.498937945460966e-08,4.213177307033078e-10
4897,0,0,0.9999992847442627,2.262995657531519e-08,6.673320172012609e-07,4.475506631962389e-09
4898,3,3,2.779138412734028e-07,9.293774638763352e-09,0.005172144155949354,0.9948275685310364
4899,1,2,0.0072304741479456425,0.09699057042598724,0.49655503034591675,0.3992239534854889
4900,0,1,0.000356319680577144,0.999625563621521,6.998121079959674e-06,1.1054523383791093e-05
4901,1,1,2.8194078183219062e-09,1.0,4.16845225004181e-09,2.704741319803361e-08
4902,2,2,0.016452113166451454,6.8878080128342845e-06,0.6291714906692505,0.35436955094337463
4903,1,1,4.5519638661062345e-05,0.9999544620513916,5.283457671367842e-09,2.804771304099063e-09
4904,3,3,7.970044748617511e-07,4.419599463290069e-06,0.0014636563137173653,0.9985311031341553
4905,1,1,0.0022571671288460493,0.5965651273727417,0.023723803460597992,0.37745389342308044
4906,2,2,0.0010923421941697598,1.296899654334993e-07,0.9989047050476074,2.8280262540647527e-06
4907,1,1,6.691769272038073e-08,0.9999957084655762,3.4147976748499786e-06,8.572932870265504e-07
4908,2,2,0.001544635626487434,2.2628119040746242e-05,0.982572078704834,0.01586068421602249
4909,0,0,0.968094527721405,0.03190243989229202,4.0957655755846645e-07,2.6001682726928266e-06
4910,0,0,0.9999998807907104,5.44544498382038e-09,4.230125938420315e-08,1.5593043656281225e-07
4911,1,1,3.977547180511465e-08,0.9999988079071045,1.0368129323978792e-06,7.567561510768428e-08
4912,1,1,0.3749646246433258,0.6117280125617981,0.0015140188625082374,0.011793327517807484
4913,1,1,3.3873913451998305e-08,1.0,7.55112949946124e-09,1.769682178576204e-09
4914,1,1,1.88154487545944e-08,1.0,1.1518733522564162e-08,3.177795526720928e-10
4915,3,3,3.0195678846212104e-07,7.558611375690916e-11,2.6953632186632603e-05,0.9999727010726929
4916,2,2,0.00426331115886569,1.77896453124049e-08,0.9957301020622253,6.53361666991259e-06
4917,3,3,1.7669251519691898e-06,3.0701492903517646e-08,0.0003648717247415334,0.9996333122253418
4918,0,0,0.9990455508232117,0.0009489460499025881,4.390072717797011e-06,1.0892598538703169e-06
4919,1,1,1.131289445766015e-05,0.9999885559082031,7.976576199553165e-08,1.1656223541933741e-08
4920,1,1,0.002838177140802145,0.996978759765625,1.2654712008952629e-05,0.00017044658306986094
4921,3,0,0.7493738532066345,0.07703416049480438,0.03532899543642998,0.13826295733451843
4922,0,0,0.9999449253082275,5.866079959560011e-07,9.819942533795256e-06,4.468538463697769e-05
4923,0,0,0.9999994039535522,5.399073756962025e-07,1.052818543456624e-08,1.2388611025926366e-08
4924,0,0,0.9999998807907104,9.099444753246644e-08,2.0458010396851023e-08,1.985093867062915e-09
4925,1,1,7.507374988335869e-08,0.9999998807907104,1.2462864074080926e-09,5.541699391042876e-11
4926,0,0,0.9990482926368713,0.0009006022592075169,4.425181759870611e-05,6.7883074734709226e-06
4927,1,1,1.0998323318744951e-07,0.9999998807907104,2.2574830893518083e-08,3.2561047191848047e-09
4928,3,3,2.7935531761613674e-05,3.620620873334701e-06,0.001030512386932969,0.9989380240440369
4929,2,1,0.1375134438276291,0.5226321816444397,0.33692359924316406,0.0029307501390576363
4930,1,1,5.0773710569274044e-08,0.9999998807907104,1.0623440793722239e-08,4.912723561290022e-09
4931,2,0,0.5390762090682983,0.05500003322958946,0.4039022624492645,0.0020214624237269163
4932,3,3,6.967544322833419e-06,4.4377759422786767e-07,0.000611473573371768,0.9993810653686523
4933,1,1,0.007556169759482145,0.9700186848640442,0.02241126075387001,1.3915142517362256e-05
4934,2,2,8.17258182905789e-07,3.220060884601139e-10,0.9999946355819702,4.48108676209813e-06
4935,1,1,4.13821652500701e-08,1.0,4.541546652636619e-11,1.2618253664165024e-11
4936,3,3,0.00014605376054532826,1.0494920132941843e-07,6.688684516120702e-05,0.999786913394928
4937,0,0,0.9999995231628418,4.5946063664814574e-07,4.513176321552237e-08,2.985649949494018e-09
4938,1,1,3.133742438876652e-07,0.9999996423721313,7.125490752990515e-10,4.759614143784452e-12
4939,0,0,0.9997773766517639,4.881568571590833e-08,1.4228745385480579e-05,0.00020845573453698307
4940,2,3,0.005555520765483379,0.014673897996544838,0.21043717861175537,0.7693333625793457
4941,2,2,1.0276108923790161e-06,4.727117586256213e-10,0.999998927116394,4.482330506760945e-09
4942,3,3,4.2180573700534296e-07,1.0584638721056194e-09,0.001269609434530139,0.9987300038337708
4943,2,3,0.000136630202177912,5.1498307584552094e-05,0.48274263739585876,0.5170692801475525
4944,3,3,0.00024284110986627638,1.4391736840480007e-05,7.855827425373718e-05,0.9996641874313354
4945,0,0,0.9999947547912598,1.0073706562252482e-06,3.3073627037083497e-06,9.11731490305101e-07
4946,1,1,1.0440167130809641e-07,0.9999996423721313,1.5439574951869872e-07,1.3734535286857863e-07
4947,3,3,2.765686258499045e-05,8.029125638131518e-06,0.005111984442919493,0.9948522448539734
4948,0,0,0.9999942779541016,3.3879989587148884e-06,1.7472302715759724e-06,4.973469458491309e-07
4949,3,3,1.696248546068091e-05,7.270132496017823e-09,0.055686235427856445,0.9442968368530273
4950,2,2,4.4952295752409555e-07,2.3155561024168492e-08,0.9824602603912354,0.017539234831929207
4951,1,1,0.00029321949114091694,0.9963854551315308,0.003037040587514639,0.0002842633693944663
4952,2,2,0.4088610112667084,1.4341551057839297e-08,0.5814218521118164,0.009717093780636787
4953,1,1,2.1602463675662875e-06,0.9999978542327881,8.256344052881559e-09,1.1346742434525936e-09
4954,1,1,2.136152410514569e-08,1.0,1.8425570402769154e-08,1.2517927139299445e-08
4955,2,2,5.842768950969912e-05,1.1812694538093638e-06,0.9849144816398621,0.015025858767330647
4956,1,1,6.687694309448489e-08,0.9999665021896362,3.342272248119116e-05,1.620210277053502e-08
4957,3,3,5.50547702005133e-05,1.8782968709274428e-06,0.005802088882774115,0.9941409230232239
4958,3,3,0.05216139182448387,0.0005692413542419672,0.016726873815059662,0.930542528629303
4959,2,2,3.226813873880019e-07,4.347045834407481e-09,0.999967098236084,3.2503950933460146e-05
4960,3,3,2.1875641778024146e-06,1.868542298666398e-08,0.000712350127287209,0.9992855191230774
4961,2,2,9.65436129263253e-07,2.075938532186683e-08,0.9999411106109619,5.788533599115908e-05
4962,2,2,1.2488422726164572e-05,1.2696128592892819e-08,0.9999847412109375,2.7640387543215184e-06
4963,2,2,3.431209552218206e-05,5.939855327596888e-05,0.9736054539680481,0.026300843805074692
4964,1,0,0.7516792416572571,0.13782639801502228,0.10376356542110443,0.006730847992002964
4965,3,3,3.395498993086221e-07,2.1422342797450256e-06,8.127965702442452e-05,0.9999161958694458
4966,2,2,4.781061761605088e-06,8.795286703389138e-06,0.9310442209243774,0.06894216686487198
4967,0,0,0.9997746348381042,5.35651849986607e-07,0.00022141379304230213,3.407979193070787e-06
4968,1,1,1.6519862811037456e-06,0.999951958656311,1.0849148566194344e-06,4.535564221441746e-05
4969,2,2,0.0001263389567611739,1.1621425983321387e-05,0.9998496770858765,1.2366167538857553e-05
4970,1,1,9.100970601139124e-06,0.9999891519546509,1.7896451254273416e-06,3.2847463415919265e-08
4971,0,0,0.9996374845504761,5.919984005231527e-07,0.00018944364273920655,0.00017240949091501534
4972,2,2,0.0006738099618814886,2.0775061670974537e-09,0.999321460723877,4.729889042209834e-06
4973,1,1,5.283186510496307e-08,0.9999998807907104,3.9599136414381064e-08,1.3942957011181534e-08
4974,1,1,1.0834071417775704e-06,0.9999728202819824,2.4484199457219802e-05,1.6441714478787617e-06
4975,2,2,3.9601482058060355e-06,8.134499580592092e-07,0.9927279949188232,0.007267334498465061
4976,2,2,1.5940811863401905e-05,7.131770018986572e-08,0.9999257326126099,5.8255936892237514e-05
4977,1,1,0.000396270421333611,0.999602735042572,9.259106263925787e-07,1.7003284824568254e-07
4978,3,3,6.063637192710303e-05,0.00020428917196113616,0.00307552726007998,0.9966596364974976
4979,2,3,4.3320167605997995e-05,4.311927841627039e-05,0.2757609486579895,0.724152684211731
4980,2,2,0.0024245523381978273,0.0001443082292098552,0.997006356716156,0.00042478140676394105
4981,2,2,1.1439100262577995e-06,7.016163761086602e-10,0.9999985694885254,1.9307918819322367e-07
4982,0,2,0.11942288279533386,0.00013162819959688932,0.857989490032196,0.02245599776506424
4983,3,3,6.099979259488464e-07,2.3814303858671337e-05,0.0387568473815918,0.9612187743186951
4984,2,2,9.786141163203865e-05,4.2145779843849596e-07,0.9763620495796204,0.023539593443274498
4985,1,1,1.3269361261336599e-05,0.9999713897705078,4.195010205876315e-06,1.1140744391013868e-05
4986,2,2,4.243160674377577e-06,1.1931208909743418e-08,0.9402268528938293,0.05976889654994011
4987,2,2,9.305776984547265e-06,2.1609448452863944e-08,0.9999884366989136,2.2788112801208626e-06
4988,3,3,3.986828005508869e-07,3.726312414187305e-08,0.0081854909658432,0.991814136505127
4989,2,2,0.0016416863072663546,0.00045861309627071023,0.9978787899017334,2.089051849907264e-05
4990,0,0,0.9999996423721313,2.0927330979247927e-07,9.348549667720363e-08,8.44408489797388e-08
4991,2,2,0.0008124412270262837,6.175205271574669e-07,0.9701936841011047,0.028993256390094757
4992,0,0,0.9976630210876465,0.001971687190234661,8.079467079369351e-05,0.0002845567651093006
4993,1,1,8.171229524123191e-07,0.999994158744812,4.659333171730395e-06,3.7267676589181065e-07
4994,2,2,3.5141238186042756e-05,3.089151334734197e-07,0.9999330043792725,3.149322219542228e-05
4995,1,1,5.435874754766701e-07,0.9999994039535522,2.2459751836123587e-09,4.5875228615877006e-10
4996,1,1,5.3702467994298786e-05,0.9999042749404907,5.205892193771433e-06,3.6814457416767254e-05
4997,0,0,0.9900357127189636,0.00019869177776854485,0.005286967381834984,0.004478572867810726
4998,1,1,0.013791601173579693,0.9838734269142151,0.0010668071918189526,0.0012682622764259577
4999,2,2,8.93442575033987e-06,4.232472292642342e-06,0.9775976538658142,0.022389162331819534
5000,2,2,0.00011560280836420134,1.7709245412333985e-06,0.9995225667953491,0.0003601418575271964
5001,2,0,0.7879903316497803,0.009214692749083042,0.19450999796390533,0.008284946903586388
5002,1,1,7.867018211982213e-06,0.9999847412109375,5.989730652800063e-06,1.4099273357714992e-06
5003,3,3,3.1669001145928632e-06,0.020616332069039345,0.001860888791270554,0.9775196313858032
5004,2,2,0.0032496473286300898,6.016042789269704e-06,0.9965936541557312,0.00015064784383866936
5005,1,1,5.3596952653833796e-08,1.0,1.907051849769914e-09,1.2964280315941323e-08
5006,3,2,1.912022526084911e-06,1.0272808594891103e-06,0.5174629092216492,0.48253414034843445
5007,2,2,4.5640688767889515e-05,2.9328388606586486e-09,0.9252704977989197,0.07468381524085999
5008,0,0,0.9999644756317139,1.4084143913351e-05,8.409801921516191e-06,1.2991587027499918e-05
5009,1,1,6.492837769656035e-07,0.9998631477355957,0.00013194416533224285,4.292869107302977e-06
5010,0,2,0.0034021269530057907,1.0903554539254401e-05,0.9964799284934998,0.00010704255691962317
5011,0,0,0.9998737573623657,2.607051783343195e-06,9.071617387235165e-05,3.291455504950136e-05
5012,0,0,1.0,1.6628114440919717e-09,1.1587103498911233e-09,2.676677990365306e-09
5013,3,3,3.8130287975945976e-06,4.4768813722839695e-07,0.0014077317900955677,0.9985879063606262
5014,0,0,1.0,2.4340025550628752e-09,5.6101779222217374e-08,3.691609151701414e-08
5015,1,1,2.98541920074058e-08,1.0,1.4007778270652693e-09,4.1584996557375575e-10
5016,1,1,2.2233996332943207e-06,0.9999977350234985,4.173002920992985e-08,3.4646305824281853e-09
5017,1,1,0.006148604676127434,0.9816405177116394,0.005970650352537632,0.006240242626518011
5018,2,2,1.6731014795823285e-07,6.824374843006353e-09,0.9996374845504761,0.00036243314389139414
5019,2,2,2.9815108064212836e-05,3.525642711110777e-08,0.9993247985839844,0.0006454433314502239
5020,2,2,3.925112832803279e-05,5.717414097716755e-09,0.9467109441757202,0.053249720484018326
5021,1,1,8.085597755780327e-07,0.9999991655349731,4.689169608163013e-10,4.514343121542197e-09
5022,1,1,3.337028999794711e-07,0.9999996423721313,8.474946966430252e-09,6.614637282353897e-09
5023,3,3,2.097050710858639e-08,1.0310464704232913e-09,3.601416892706766e-06,0.9999964237213135
5024,1,1,0.007659589871764183,0.9920629858970642,4.457382965483703e-05,0.00023280319874174893
5025,2,2,0.00015024117601569742,4.965249544852668e-09,0.9998489618301392,6.892258852531086e-07
5026,1,1,8.615421393187717e-05,0.9999003410339355,1.0696476238081232e-05,2.763489192147972e-06
5027,1,1,4.0413016932916435e-08,0.9999969005584717,1.8736496940618963e-06,1.212748998113966e-06
5028,2,2,7.101070514181629e-05,2.7464238883112557e-06,0.9941569566726685,0.0057693542912602425
5029,1,1,0.00013242782733868808,0.9998657703399658,1.8183734482590808e-06,5.3735309535341e-08
5030,1,1,5.2190944899166425e-09,1.0,1.9389198580022082e-10,5.464430574697587e-10
5031,2,2,3.428893251111731e-05,5.941901903838698e-08,0.9993682503700256,0.000597395992372185
5032,2,2,0.0002961811260320246,4.054012094911741e-07,0.9965507984161377,0.0031525869853794575
5033,0,0,0.9999918937683105,1.7346512777294265e-06,4.6649784053443e-06,1.7180051372633898e-06
5034,2,2,0.0002358326019020751,1.1192847750862711e-06,0.9997130036354065,4.997627911507152e-05
5035,2,2,0.0033484012819826603,0.04200169816613197,0.9545865654945374,6.333467172225937e-05
5036,3,3,2.9004660007103666e-08,1.0239615733098617e-07,0.0003269580483902246,0.9996728897094727
5037,1,1,0.009210349060595036,0.990777850151062,1.0962375199596863e-05,8.124283112920239e-07
5038,3,3,7.600825483677909e-06,5.228902644205391e-09,0.0006362433778122067,0.999356210231781
5039,0,0,0.9999954700469971,8.071623369687586e-09,4.351265488367062e-06,9.497919961631851e-08
5040,2,2,0.00021949733491055667,7.853914496536163e-08,0.9997463822364807,3.397853652131744e-05
5041,0,0,0.999920129776001,7.552450551884249e-05,3.888248556904728e-06,3.5543249055081105e-07
5042,0,0,0.9999998807907104,9.690105384763115e-10,8.824028441267728e-08,3.6079346177331217e-09
5043,3,3,1.5587791494908743e-05,4.087394955831769e-08,0.1268962174654007,0.8730882406234741
5044,2,2,7.556685159215704e-05,1.5288047494621537e-09,0.9998120665550232,0.00011244264896959066
5045,3,1,9.900112490868196e-05,0.9826480746269226,0.0169520266354084,0.0003009303763974458
5046,1,1,0.0008110673516057432,0.9991462230682373,3.773311618715525e-05,5.023195626563393e-06
5047,2,2,0.00037116141174919903,1.0158496479562018e-06,0.9996122717857361,1.5584622815367766e-05
5048,3,3,1.2625322369785863e-06,1.829202922465356e-08,0.021634100005030632,0.9783646464347839
5049,1,1,7.769278909108834e-07,0.9999985694885254,4.320567725812907e-08,6.118338546912128e-07
5050,2,2,3.667844623578276e-07,8.247666301031131e-06,0.5357075333595276,0.46428388357162476
5051,2,2,0.014203193597495556,0.2396172434091568,0.5997164249420166,0.14646311104297638
5052,1,1,1.6607856423433986e-07,0.9999986886978149,9.767525170900626e-07,1.105963107761454e-07
5053,3,3,1.3361878927753423e-06,7.06390812510449e-09,0.0017773194704204798,0.9982213377952576
5054,2,2,1.0362002285546623e-05,7.199912033684086e-06,0.9999812841415405,1.1532509915923583e-06
5055,0,0,0.991564154624939,0.00781236169859767,0.000517108419444412,0.00010628224845277146
5056,3,3,3.626217548458044e-08,1.2749212796592246e-09,0.00020063976990059018,0.9997993111610413
5057,1,1,1.1792657517162297e-08,1.0,6.659941348408083e-11,5.271766911896236e-10
5058,1,1,4.270585218790757e-09,0.9999998807907104,1.3774125307008944e-07,4.901810068957957e-09
5059,2,2,0.00023637234698981047,4.271673681444099e-09,0.9997588992118835,4.812898623640649e-06
5060,3,3,2.401298161203158e-06,4.299951950059722e-09,0.2183472216129303,0.7816504240036011
5061,1,1,2.728044679045638e-09,1.0,5.163620225845378e-11,1.9047088559154268e-11
5062,2,2,9.067107384908013e-07,9.481165079705534e-07,0.9999592304229736,3.8819111068733037e-05
5063,2,2,1.7214351828442886e-05,0.0049346815794706345,0.994860053062439,0.00018807314336299896
5064,2,3,9.357490853290074e-06,9.04043304217339e-07,0.019919568672776222,0.9800700545310974
5065,3,3,2.0994139049435034e-07,5.989957685414993e-08,0.0010770009830594063,0.9989226460456848
5066,1,1,9.052392124431208e-05,0.9999094009399414,9.050966198742572e-09,6.0495062292886814e-09
5067,2,0,0.9737316966056824,0.0018335649510845542,0.024191714823246002,0.0002431172615615651
5068,0,0,0.9999996423721313,1.3252926578388724e-07,6.560937038102566e-08,9.353240670861851e-08
5069,0,0,0.9995235204696655,6.051384815464189e-08,0.00046716383076272905,9.286683052778244e-06
5070,2,2,0.0001175284996861592,1.2330654044490075e-06,0.9936888217926025,0.006192433647811413
5071,1,1,3.517808409014833e-06,0.9999963045120239,4.6216161564416325e-08,6.584395606523685e-08
5072,3,3,3.7440671007971105e-07,9.763313357780135e-08,0.001016688533127308,0.998982846736908
5073,1,1,3.0104709367151372e-05,0.9998251795768738,2.3289534510695376e-05,0.00012148025416536257
5074,2,2,9.588766261003911e-06,3.534207237976261e-08,0.7290621995925903,0.27092817425727844
5075,2,2,0.00010660147381713614,2.2715903469361365e-07,0.9990597367286682,0.0008334676967933774
5076,2,2,2.8711367122014053e-05,1.0658133930974145e-07,0.9999486207962036,2.250383113278076e-05
5077,2,2,1.9689568944158964e-06,9.906343800825113e-11,0.9999947547912598,3.258742708567297e-06
5078,0,0,0.9999191761016846,9.100039278564509e-06,7.065883255563676e-05,9.9348494586593e-07
5079,1,1,1.010340952234401e-06,0.9998977184295654,0.00010010749974753708,1.1765851013478823e-06
5080,3,3,1.1411731065891217e-05,1.290990439883899e-05,0.00020056280482094735,0.9997751116752625
5081,3,3,9.200916792906355e-07,4.0775450571572947e-08,0.0007819922175258398,0.9992170333862305
5082,0,0,0.9999997615814209,1.6538361080620234e-07,1.158049434124564e-09,5.794426272132114e-08
5083,2,2,6.597249011974782e-06,1.7044744993199856e-07,0.9920589923858643,0.007934178225696087
5084,2,2,1.061783450495568e-06,8.672085272110053e-09,0.9998658895492554,0.00013296747056301683
5085,1,1,3.538171142736246e-07,0.999994158744812,4.772552074427949e-06,7.4339260436318e-07
5086,0,0,0.9998874664306641,4.145283128309529e-06,2.070508162432816e-05,8.758714102441445e-05
5087,2,2,4.376651361326367e-07,2.5386247216374613e-05,0.9998489618301392,0.00012515227717813104
5088,3,3,1.9569439757560758e-07,7.882550612237083e-09,0.009788865223526955,0.990211009979248
5089,0,0,0.9995983242988586,0.00040036774589680135,8.204767141251068e-07,5.139335712556203e-07
5090,2,2,0.011539764702320099,2.9832994187017903e-05,0.987722635269165,0.0007077496265992522
5091,3,3,1.7804892422645935e-06,1.5961960286858812e-07,0.006040981970727444,0.9939570426940918
5092,2,2,1.5165595868893433e-05,8.569803355840122e-08,0.8101847767829895,0.18979999423027039
5093,3,3,9.247814318769088e-07,1.0408662820537984e-09,4.8846883146325126e-05,0.9999501705169678
5094,3,3,2.124440470652189e-05,1.4314750274024846e-07,0.0013475618325173855,0.9986310601234436
5095,1,1,4.81990669598531e-10,1.0,1.2524960235626992e-10,6.743843764672741e-12
5096,0,0,0.9990921020507812,0.00016139811486937106,0.0006759843090549111,7.053113949950784e-05
5097,1,1,1.2717886193058803e-06,0.9999974966049194,1.248346848115034e-06,2.0765032360259283e-08
5098,1,1,0.0017131338827311993,0.9981845021247864,4.700748831965029e-05,5.5312451877398416e-05
5099,1,1,9.86473978059621e-08,0.9999998807907104,5.492054380717981e-11,1.3923330544063361e-10
5100,3,3,4.957077948120059e-08,2.942867061150878e-10,3.0535786208929494e-05,0.9999693632125854
5101,3,3,0.00011765436647692695,1.5958199810484075e-06,0.1471947878599167,0.8526859283447266
5102,2,2,0.0175944771617651,2.4217557438532822e-05,0.9787219166755676,0.0036594143602997065
5103,3,3,1.9702105419128202e-05,4.080496637470787e-06,9.795985533855855e-05,0.9998782873153687
5104,1,1,1.7049820826287032e-06,0.9999978542327881,1.7880066138786788e-07,1.9463699629795883e-07
5105,2,2,3.350524275447242e-05,9.799273392729901e-09,0.9999070167541504,5.946905730525032e-05
5106,2,2,4.883880683337338e-05,3.003826520853181e-08,0.9999421834945679,8.870403689797968e-06
5107,0,0,0.7882434129714966,0.0038908638525754213,0.2078278809785843,3.78595941583626e-05
5108,2,2,2.0283191588532645e-06,4.851933681493392e-07,0.9996985197067261,0.00029901176458224654
5109,2,2,4.744763373309979e-06,2.1388170523550798e-07,0.9999758005142212,1.9195815184502862e-05
5110,1,1,1.5301352505048271e-06,0.9999984502792358,5.4042175179347396e-08,4.054956814769639e-09
5111,3,3,0.00030246280948631465,1.8562872128313757e-06,0.0001879894407466054,0.9995076656341553
5112,0,0,0.998724639415741,5.2094423153903335e-05,0.0010772336972877383,0.00014600144641008228
5113,2,2,4.05969603889389e-06,9.586315741216822e-09,0.9999957084655762,1.876665152167334e-07
5114,3,2,0.1561809480190277,1.998623883991968e-05,0.7453175783157349,0.09848151355981827
5115,3,2,0.10435838252305984,1.778507066774182e-05,0.7251815795898438,0.17044223845005035
5116,0,3,0.1825675666332245,1.3971570567150593e-08,0.023088255897164345,0.7943441867828369
5117,2,2,2.260022256450611e-06,6.445225864126769e-08,0.999997615814209,2.149208633284161e-08
5118,0,0,0.9999996423721313,2.380346408870082e-08,3.071410503707739e-07,1.720654907444441e-08
5119,2,2,1.8675522142075351e-06,1.3169778867450077e-06,0.9999911785125732,5.549471552512841e-06
5120,1,1,0.0007588431471958756,0.9992352724075317,9.555204769640113e-07,4.920922037854325e-06
5121,0,0,0.9999822378158569,9.908786523737945e-06,4.740339136333205e-06,3.09243796436931e-06
5122,0,0,0.9999226331710815,3.937469955417328e-06,1.4342083886731416e-05,5.912909546168521e-05
5123,3,3,1.2849268671288883e-07,2.0206361028840547e-08,2.2850966274745588e-07,0.9999996423721313
5124,0,0,0.996678352355957,0.0001135476486524567,0.003097644541412592,0.00011045087012462318
5125,0,0,0.9999991655349731,2.666429743669596e-08,1.0275827300176843e-08,8.251899998867884e-07
5126,2,2,0.0007120408117771149,4.2919527913909405e-06,0.9226813316345215,0.07660232484340668
5127,3,0,0.8681421875953674,0.12016603350639343,0.008560619316995144,0.0031311227940022945
5128,0,1,3.202517837053165e-05,0.9999679327011108,8.306170684591052e-08,1.1616168471562105e-08
5129,2,3,1.8610319330036873e-06,1.7863641232906957e-06,0.0008749212138354778,0.9991214871406555
5130,3,3,0.00029559500399045646,1.0786523318984109e-07,0.06534484028816223,0.9343594312667847
5131,3,3,1.5409907064167783e-05,3.676256881135487e-07,0.3508853316307068,0.6490988731384277
5132,3,3,0.1319989264011383,3.081279828620609e-06,0.0033933622762560844,0.8646045923233032
5133,2,2,9.14458269107854e-07,9.019815117028429e-09,0.9999979734420776,1.0820610896189464e-06
5134,3,3,0.08065343648195267,0.012631265446543694,0.125382199883461,0.7813330888748169
5135,3,3,1.0288957810189459e-06,2.7464224228168632e-09,6.490894520538859e-06,0.9999924898147583
5136,3,3,0.0016330372309312224,2.3623997549293563e-06,0.1324654221534729,0.8658992052078247
5137,2,2,1.1522434988364694e-06,1.1590584136911275e-07,0.9997195601463318,0.0002791011647786945
5138,3,3,0.0016037016175687313,1.6861383755895076e-07,0.22228029370307922,0.776115894317627
5139,3,3,0.010751490481197834,0.29912522435188293,0.1430463343858719,0.547076940536499
5140,3,3,1.1344331142026931e-05,8.934505912883139e-10,0.006505853496491909,0.993482768535614
5141,3,3,8.735374285606667e-05,3.0163579367581406e-07,0.0004422157071530819,0.999470055103302
5142,0,0,0.9126311540603638,4.4926155169378035e-06,0.08523167669773102,0.0021327126305550337
5143,2,2,4.469756459002383e-05,6.72290127567976e-07,0.9996253252029419,0.0003293053596280515
5144,3,3,9.762625995790586e-05,7.427052395314604e-08,0.026195645332336426,0.9737066030502319
5145,3,0,0.9930039048194885,0.004815298598259687,0.00013626668078359216,0.0020445899572223425
5146,2,2,0.017516691237688065,5.97492203269212e-07,0.9817819595336914,0.0007008249522186816
5147,3,3,0.0027226947713643312,7.707552818203567e-09,0.00012704796972684562,0.9971502423286438
5148,3,3,2.8708839749924664e-08,2.448468539029136e-09,2.335030103495228e-06,0.999997615814209
5149,2,2,0.0019641949329525232,0.0005853450275026262,0.9959291815757751,0.001521290629170835
5150,0,0,0.6992267966270447,2.13759403777658e-06,0.30060410499572754,0.00016700981359463185
5151,3,2,0.10197234898805618,0.004834131803363562,0.7653921842575073,0.127801313996315
5152,3,2,0.4372449517250061,0.09199247509241104,0.4385926425457001,0.032169923186302185
5153,2,2,4.0610805740470823e-07,2.1741989542078954e-08,0.9999996423721313,2.324700076883346e-08
5154,3,3,9.624645826988854e-06,5.302200012380354e-09,0.0011976489331573248,0.9987926483154297
5155,0,0,0.9550148844718933,4.227489966979192e-07,0.0017006528796628118,0.04328405112028122
5156,0,0,0.9998650550842285,3.0210069326130906e-06,1.3258386388770305e-07,0.0001317737769568339
5157,1,1,2.4552550712542143e-06,0.9999973773956299,2.9162265491322614e-08,6.629048954209793e-08
5158,2,2,6.093936463003047e-05,3.532632320002449e-07,0.9999313354492188,7.38187691240455e-06
5159,3,2,2.643356674525421e-05,4.3237643694737926e-05,0.5036216974258423,0.4963086247444153
5160,2,2,3.0179592158674495e-06,3.455476971225835e-08,0.9999953508377075,1.6474890571771539e-06
5161,3,3,0.0023022901732474566,1.609195169294253e-05,3.5238408599980175e-05,0.9976463913917542
5162,2,2,1.0959310259295307e-07,1.9215990576526565e-08,0.9999997615814209,4.91521845447096e-08
5163,0,0,0.9923380017280579,0.0076415762305259705,1.5794033743077307e-06,1.886236532300245e-05
5164,0,3,0.017855897545814514,0.0005444040871225297,0.013292335905134678,0.9683074355125427
5165,2,2,4.395798214318347e-07,5.486445786573313e-08,0.9989027976989746,0.0010966458357870579
5166,3,3,1.436309275959502e-06,1.8542968271972882e-09,1.9343669919180684e-05,0.9999792575836182
5167,3,3,4.2803356336662546e-05,5.6903363798710416e-08,0.11595907062292099,0.8839979767799377
5168,1,1,1.4789542319704196e-06,0.9999960660934448,2.385038158081443e-07,2.262261432406376e-06
5169,0,0,0.9837456941604614,0.00897352583706379,0.00031961750937625766,0.006961216684430838
5170,3,3,4.335821722634137e-05,2.854200147339725e-07,0.00037647949648089707,0.9995799660682678
5171,3,3,0.0002908460737671703,1.5449385273313965e-06,0.0016664727590978146,0.9980411529541016
5172,2,2,2.1340891180443577e-05,6.2577858450652e-09,0.9977757334709167,0.0022030023392289877
5173,2,2,0.00041148962918668985,9.076886158254638e-07,0.9557681679725647,0.04381941258907318
5174,0,0,0.9999793767929077,1.1990523773874884e-07,2.463192004142911e-06,1.7955400835489854e-05
5175,2,2,1.6916460765514785e-07,4.815141778635734e-07,0.9999840259552002,1.542044265079312e-05
5176,2,2,0.00017605281027499586,2.6635029826138634e-07,0.9997970461845398,2.6618174160830677e-05
5177,3,3,6.0309780565148685e-06,2.3031639102555346e-06,0.0038732262328267097,0.9961185455322266
5178,1,1,1.4157416444504634e-05,0.9999855756759644,3.854720542761925e-09,2.80256443829785e-07
5179,3,3,7.527889920311281e-07,6.049918899186935e-11,6.246360135264695e-05,0.9999368190765381
5180,3,3,0.01249929890036583,0.00045912564382888377,0.0004104745457880199,0.9866310954093933
5181,3,3,0.00010707831825129688,2.7943676172981213e-07,0.04227960854768753,0.9576130509376526
5182,3,3,0.2718188762664795,3.5668006603373215e-05,0.0002528805343899876,0.7278925776481628
5183,1,1,2.5798703063628636e-05,0.9999600648880005,1.2805725191356032e-07,1.40829133670195e-05
5184,0,0,0.9893020987510681,2.297717219335027e-05,0.006912872660905123,0.0037621071096509695
5185,3,3,1.158892973762704e-05,1.0016041329663494e-08,0.008995121344923973,0.990993320941925
5186,3,3,0.00037517983582802117,7.775793346809223e-05,0.003482456784695387,0.9960646033287048
5187,3,3,6.234564580154256e-07,1.8599972406718734e-07,0.00010609925811877474,0.999893069267273
5188,0,0,0.9999568462371826,8.304020411742385e-06,1.9196970242774114e-05,1.5669305867049843e-05
5189,3,3,0.00021877761173527688,9.933939873008057e-05,8.714543582755141e-06,0.9996731281280518
5190,3,3,0.00023156021779868752,5.668603719755083e-08,0.00038274575490504503,0.9993857145309448
5191,0,0,0.9983274340629578,5.2118815801804885e-05,0.0014783223159611225,0.00014208306674845517
5192,3,2,0.0032440267968922853,3.2896630273171468e-06,0.5723921060562134,0.42436057329177856
5193,0,0,0.770445704460144,6.806113378843293e-05,0.22341984510421753,0.00606643408536911
5194,1,1,0.002667885273694992,0.9973320960998535,2.7476982467078415e-08,1.3148342858926299e-08
5195,1,1,0.0001781868195394054,0.9998055100440979,1.5841394997551106e-05,4.256464762875112e-07
5196,3,3,3.4978754683834268e-06,1.5160296129579365e-07,0.007368023507297039,0.9926283359527588
5197,2,2,0.0001122165413107723,0.006039115134626627,0.9929537177085876,0.0008949401671998203
5198,1,1,8.835710104904138e-06,0.9999897480010986,7.592914244014537e-07,7.014092489043833e-07
5199,2,2,2.9203022222645814e-07,7.997424944505838e-08,0.9999991655349731,5.751822982347221e-07
5200,1,1,3.72075476207101e-07,0.9999996423721313,8.472760826272463e-10,4.0703571069222733e-10
5201,0,0,0.9999574422836304,7.80989012127975e-07,3.190065763192251e-05,9.81533776212018e-06
5202,1,1,0.009897727519273758,0.9898091554641724,0.0002804358664434403,1.2646365576074459e-05
5203,0,0,0.9999986886978149,1.185814198834123e-06,9.50088647755365e-08,1.2423647000048277e-08
5204,2,2,2.254285391245503e-06,8.32298994168923e-08,0.999997615814209,7.850631078554215e-08
5205,1,1,3.29956274072174e-05,0.9999668598175049,1.528541559991936e-07,4.7918589984874416e-08
5206,0,0,0.9999920129776001,1.0898690305793934e-07,4.778656261805736e-07,7.382726380456006e-06
5207,0,0,0.9998981952667236,0.0001018452167045325,7.345596575447644e-09,6.322364853872386e-10
5208,0,0,0.9993624091148376,0.00042423405102454126,0.0002049610047833994,8.466037797916215e-06
5209,1,1,6.382629180734511e-08,0.9999998807907104,7.08029468388105e-11,1.104536129226119e-09
5210,1,1,4.3303828078933293e-07,0.9999994039535522,7.132957779987237e-09,6.086245463166051e-08
5211,1,1,4.64237109554233e-06,0.9999899864196777,1.9274571272376306e-08,5.32925969309872e-06
5212,1,1,2.3411131166994892e-07,0.9999992847442627,1.8131904866436344e-08,5.095848223390931e-07
5213,1,1,0.006225838325917721,0.7665592432022095,0.0016909008845686913,0.22552400827407837
5214,1,1,3.4251429497089703e-06,0.999996542930603,5.277613901455425e-10,7.012894431834837e-11
5215,1,1,7.515213656006381e-05,0.9999032020568848,1.3603576917375904e-05,8.036481631279457e-06
5216,2,2,0.01100969035178423,0.13934756815433502,0.7587407827377319,0.09090187400579453
5217,2,2,0.0004776346613653004,0.000347411900293082,0.8876734375953674,0.1115015298128128
5218,1,1,3.599596141157235e-07,0.9999996423721313,2.8786126260449407e-10,6.785235567852155e-11
5219,0,2,0.04257945343852043,0.00794699601829052,0.7075420618057251,0.2419314980506897
5220,1,1,5.279686092762859e-07,0.9999994039535522,2.4014964239427172e-08,3.949026439187264e-09
5221,0,0,0.9999958276748657,9.674789680502727e-07,2.772800371531048e-06,4.1933671468541434e-07
5222,2,3,0.010185196995735168,6.606020906474441e-05,0.03195280581712723,0.9577958583831787
5223,2,2,0.04466954618692398,2.231055873380683e-07,0.9537060856819153,0.0016242120182141662
5224,2,2,0.0003521759354043752,0.00013965903781354427,0.9994832277297974,2.484299329807982e-05
5225,2,2,0.003966021351516247,2.489797736870969e-07,0.9960236549377441,1.0052748621092178e-05
5226,1,1,9.208871233568061e-06,0.9999908208847046,4.68837235700903e-09,9.9617503135363e-10
5227,0,0,0.9998387098312378,8.152932906568822e-08,0.00013509392738342285,2.6193547455477528e-05
5228,1,1,4.320384050515713e-08,1.0,1.5082006823985417e-11,4.531352360004348e-08
5229,1,1,2.6314141976513383e-08,1.0,6.827132748021825e-10,8.671108275848383e-10
5230,0,0,1.0,1.0130193572877033e-08,6.0530660483948395e-09,2.1004555872394803e-09
5231,0,0,0.9990014433860779,1.538822652946692e-05,3.067090074182488e-05,0.0009524041088297963
5232,2,2,0.0003026634512934834,0.009078746661543846,0.8010251522064209,0.18959341943264008
5233,3,3,1.6357927961507812e-05,1.7425807072868338e-06,0.10350407660007477,0.8964778780937195
5234,1,1,7.357347158176708e-07,0.9999992847442627,3.081264132731576e-09,4.129252773044101e-10
5235,0,0,1.0,7.910403998501181e-10,1.1231081842311141e-08,9.97059057539218e-09
5236,0,0,0.9999639987945557,2.3840999347157776e-05,9.838898222369608e-06,2.2945196178625338e-06
5237,0,0,0.9999392032623291,6.021499939379282e-05,2.919097141784732e-07,3.5059778724644275e-07
5238,3,3,5.548067747440655e-06,1.938630089792781e-10,3.1328454497270286e-05,0.9999631643295288
5239,1,1,0.00044696679105982184,0.9985051155090332,0.0010473517468199134,6.439163371396717e-07
5240,1,1,2.5627498416724848e-06,0.9999971389770508,3.0365291081579926e-07,1.5287000554309316e-09
5241,1,1,0.1400737166404724,0.8598860502243042,3.120505061815493e-05,9.022753147291951e-06
5242,1,1,2.789979305362067e-07,0.9999967813491821,1.935980407097304e-07,2.7363023491489002e-06
5243,0,0,0.9999998807907104,1.356259531348769e-07,2.9092657172213876e-09,6.324083923203716e-09
5244,2,0,0.9487175345420837,3.0277604423645244e-07,0.03478704020380974,0.01649506948888302
5245,0,0,0.9999761581420898,3.060921471842448e-08,3.843310878437478e-06,2.001241773541551e-05
5246,0,0,0.9998384714126587,3.512232069624588e-06,7.655973604414612e-05,8.1463142123539e-05
5247,0,0,0.9999967813491821,2.425905165637232e-07,2.8370184281811817e-06,7.117599665207308e-08
5248,1,1,6.535047987199505e-07,0.9999992847442627,6.911287897537477e-08,8.253323718898642e-11
5249,0,0,0.9999998807907104,1.0095916103125546e-08,7.030647708461402e-08,4.0866826367391695e-08
5250,0,0,0.9973612427711487,2.7607520678429864e-06,2.4763241526670754e-05,0.002611306495964527
5251,0,0,1.0,1.9969014886100922e-08,4.0361840092373313e-08,1.0595354815734481e-08
5252,2,2,0.0010561608942225575,9.481975212111138e-06,0.9989137649536133,2.0641367882490158e-05
5253,1,1,8.689890762525465e-08,0.9999997615814209,1.1617075301728619e-07,4.671739439743305e-09
5254,0,0,0.9999357461929321,1.2435222629392229e-07,5.87891299801413e-05,5.408256583905313e-06
5255,0,0,0.9999996423721313,2.2139214195249224e-07,9.447695248354648e-08,5.670233171883865e-09
5256,0,0,0.9565405249595642,0.005470413248986006,0.003979895729571581,0.03400908038020134
5257,0,0,0.8949211835861206,0.024033425375819206,0.08000648021697998,0.0010389451636001468
5258,2,2,3.722948349604849e-07,7.220514362415997e-06,0.9946733117103577,0.0053190928883850574
5259,2,2,3.558217940735631e-05,2.1784877901609434e-08,0.9999637603759766,7.433515634147625e-07
5260,3,3,0.029225006699562073,7.79178153607063e-05,0.00036683923099189997,0.9703301787376404
5261,1,1,2.4838111585268052e-06,0.9999974966049194,2.104437513139601e-08,9.852559879064415e-10
5262,1,1,0.007100258022546768,0.9927324652671814,2.5838971851044334e-05,0.00014139474660623819
5263,0,0,0.9999947547912598,6.303326749446114e-09,2.7937676350120455e-07,4.949489721184364e-06
5264,3,3,4.338453720720281e-07,1.314613200520398e-07,8.092088137345854e-06,0.9999912977218628
5265,3,2,1.0562714578554733e-06,3.095243616968446e-09,0.999298095703125,0.000700869713909924
5266,2,2,0.0019421083852648735,2.7966073901097843e-08,0.9979947805404663,6.318378291325644e-05
5267,1,1,0.009183571673929691,0.9890761375427246,0.0016823307378217578,5.7976511016022414e-05
5268,1,1,7.15849528205581e-05,0.999855637550354,2.133276211679913e-05,5.134892126079649e-05
5269,1,1,5.130367952688175e-08,1.0,2.2018022821646e-11,7.022757375629851e-11
5270,2,2,1.5996287402231246e-05,7.624411227880046e-05,0.9976014494895935,0.002306221053004265
5271,0,0,0.9996138215065002,2.4882893967514974e-07,0.0001555655908305198,0.00023039939696900547
5272,0,2,0.20547246932983398,0.0410488061606884,0.7485019564628601,0.004976757802069187
5273,2,2,7.228302933981468e-07,1.9530690398283923e-09,0.9999939203262329,5.408457582234405e-06
5274,0,0,0.9985835552215576,0.0011224206537008286,0.00020236372074577957,9.164163202513009e-05
5275,3,3,2.2857868771097856e-06,1.3494461370555655e-07,0.00012165302177891135,0.9998759031295776
5276,0,0,0.9978340268135071,1.6656809975756914e-06,0.002119152806699276,4.52232088719029e-05
5277,2,2,0.002429884858429432,0.0008271214901469648,0.9963483214378357,0.0003946669748984277
5278,1,1,2.9741797334281728e-05,0.9999659061431885,1.5752874560348573e-07,4.1372277337359264e-06
5279,1,1,7.036497606804915e-08,0.9999998807907104,9.196996053617568e-09,1.872522759072126e-08
5280,2,3,7.654381079191808e-06,0.00018448800256010145,0.20786036550998688,0.7919475436210632
5281,2,3,0.0008140828576870263,0.0008440397796221077,0.48124900460243225,0.5170928239822388
5282,2,2,3.3158761652885005e-05,2.4736010573178646e-07,0.9919840693473816,0.007982549257576466
5283,2,2,0.00199881917797029,2.585739093774464e-05,0.9913759827613831,0.006599375046789646
5284,1,1,7.760384505672846e-06,0.9999922513961792,1.9979964904770497e-10,4.857980240302595e-09
5285,2,2,0.007755751721560955,8.149729183060117e-06,0.694395124912262,0.29784095287323
5286,0,0,0.9999998807907104,7.429301263073285e-08,4.8409516395508945e-09,8.208125734654459e-09
5287,0,0,0.9996809959411621,4.293818619771628e-06,0.00029930382152087986,1.54278714035172e-05
5288,3,3,4.971291855326854e-05,8.551409678148048e-07,0.0030529838986694813,0.996896505355835
5289,1,1,2.0394627426867373e-05,0.9999796152114868,4.728447322577267e-08,2.574379287523243e-08
5290,1,1,2.708603119572217e-07,0.9998974800109863,0.00010197975643677637,2.824380089805345e-07
5291,0,0,0.8077861070632935,4.951786650053691e-06,0.0011814391473308206,0.19102752208709717
5292,2,2,0.0004331400559749454,5.002148100174963e-07,0.9991288781166077,0.00043746031587943435
5293,3,2,8.586390322307125e-06,1.6527662864973536e-06,0.6587650775909424,0.34122467041015625
5294,1,1,5.459740350488573e-06,0.999863862991333,0.00011462750990176573,1.6022264389903285e-05
5295,2,0,0.7220755219459534,0.0005211032694205642,0.2767629027366638,0.0006404348532669246
5296,0,0,0.9999995231628418,3.588387755826261e-07,1.3706858226214536e-07,8.34078495159929e-09
5297,3,3,1.7584479792276397e-05,3.111633986918605e-06,0.0032820350024849176,0.9966973066329956
5298,3,3,1.8843142868263385e-07,1.033901408931115e-09,4.958158024237491e-05,0.9999501705169678
5299,2,2,1.6619735276890424e-07,5.6607181164736176e-09,0.999992847442627,7.022993031569058e-06
5300,2,2,0.0005985624738968909,2.4411286858594394e-07,0.9993948936462402,6.321196451608557e-06
5301,2,2,4.8794332542456686e-05,5.211585448705591e-05,0.999518632888794,0.0003803926520049572
5302,2,2,0.004353820346295834,1.0232135991827818e-06,0.995641827583313,3.3379330943716923e-06
5303,2,2,0.010117798112332821,6.012821177137084e-05,0.9845535755157471,0.005268487613648176
5304,0,0,0.8551614880561829,1.4363096170200151e-06,0.0006680445512756705,0.14416909217834473
5305,3,2,9.977907211577985e-06,2.5096440481320315e-07,0.7920854091644287,0.20790432393550873
5306,3,3,7.057885227368388e-07,1.4825981509147823e-07,0.00024823934654705226,0.9997509121894836
5307,3,3,0.00020407709234859794,2.095452771300188e-07,0.007690886035561562,0.9921047687530518
5308,2,2,0.00352207338437438,3.0143933571480375e-08,0.8849861025810242,0.11149182915687561
5309,2,2,1.6603731864961446e-06,7.810938740249185e-08,0.9999967813491821,1.481754793530854e-06
5310,0,0,0.9998282194137573,0.00012526691716630012,2.2802958028478315e-06,4.41718875663355e-05
5311,3,3,9.553171054221821e-08,9.197842132380174e-07,0.00038684348692186177,0.9996121525764465
5312,3,3,1.5642821381334215e-05,5.119731838476582e-08,0.260785847902298,0.7391983866691589
5313,2,2,4.531429658527486e-05,9.847931359274753e-09,0.9999544620513916,2.286671900719739e-07
5314,2,2,3.518578637340397e-07,5.770370986590834e-11,0.9999896287918091,1.0019612091127783e-05
5315,2,2,0.0005548491608351469,1.1817730865004705e-06,0.9992992877960205,0.00014464190462604165
5316,2,3,1.1818134225904942e-05,2.4814926291583106e-06,0.45593610405921936,0.5440496206283569
5317,3,3,2.3876495447439083e-07,1.4910896425135434e-05,0.004200323019176722,0.9957844614982605
5318,3,3,3.0181038823684503e-07,3.888592345901998e-06,5.474448698805645e-07,0.999995231628418
5319,1,1,1.1269260369317635e-07,0.9999998807907104,3.777492985079789e-09,3.555484795469965e-08
5320,0,0,0.9999971389770508,5.729971803702938e-07,2.121795887433109e-06,9.314086923950526e-08
5321,2,3,0.0034308647736907005,7.114905109517622e-09,0.43907788395881653,0.5574912428855896
5322,3,3,0.056230515241622925,6.301999633251398e-08,0.0014193063834682107,0.9423500895500183
5323,3,3,0.000890440191142261,2.6852356782569586e-08,5.1418815019133035e-06,0.9991044402122498
5324,3,3,1.2580963812069967e-05,9.647750687236112e-08,3.9220227336045355e-05,0.9999480247497559
5325,3,2,8.219352594096563e-07,2.3991613034013426e-06,0.877935528755188,0.12206125259399414
5326,3,3,1.8918026398750953e-06,1.6855656426173482e-08,0.003205887507647276,0.9967922568321228
5327,1,1,1.2167455452072318e-06,0.9999985694885254,6.462169466203704e-08,1.1545667888412936e-07
5328,3,3,3.700922206917312e-06,3.7903915654169396e-05,0.030087148770689964,0.9698712229728699
5329,3,2,0.0031900519970804453,8.484115096507594e-05,0.751083493232727,0.24564163386821747
5330,3,3,8.544288903067354e-06,7.025381609793158e-09,0.00012625576346181333,0.9998651742935181
5331,3,3,6.125788587496572e-08,6.4249978670716246e-09,0.002851104596629739,0.9971488118171692
5332,1,1,4.426098257681588e-06,0.9999955892562866,1.6272622138657766e-09,5.6376906615307476e-11
5333,2,2,3.0677381346322363e-07,1.9577717225160995e-08,0.9999856948852539,1.393164257024182e-05
5334,1,1,3.9675223888480105e-06,0.9999957084655762,9.247427357195193e-08,2.9182487537582347e-07
5335,2,2,2.41589623328764e-05,8.00700775016594e-07,0.8305178880691528,0.16945715248584747
5336,2,2,4.7901826292218175e-06,7.728182538357942e-09,0.9961510896682739,0.003844157326966524
5337,0,2,0.2813805639743805,4.2585725168464705e-08,0.7117496728897095,0.0068697743117809296
5338,3,3,1.2442454135452863e-05,0.00011925513535970822,0.0002256797451991588,0.9996426105499268
5339,3,3,0.04199754074215889,0.00013613433111459017,5.989028068142943e-05,0.9578064680099487
5340,3,3,2.3435232421320507e-08,8.318846056454277e-09,4.022566645289771e-05,0.9999597072601318
5341,3,3,2.2304260482997051e-07,1.4638024126156779e-09,0.0022254628129303455,0.9977743029594421
5342,3,3,8.281128430098761e-06,3.472071693977341e-05,0.0006595737067982554,0.9992974996566772
5343,2,2,1.9676093870657496e-05,2.3681737104652711e-07,0.9999762773513794,3.8276562008832116e-06
5344,2,2,6.073818781260343e-08,4.0276471047207e-09,0.9976855516433716,0.0023143065627664328
5345,3,3,5.6090375437634066e-05,7.638040955271208e-08,2.844702248694375e-05,0.999915361404419
5346,2,2,0.000552612473256886,2.4295766820614517e-07,0.9994018077850342,4.539415385806933e-05
5347,3,3,3.16089057150748e-07,4.076674997577356e-09,2.0676034182542935e-06,0.999997615814209
5348,1,1,2.1761905372841284e-05,0.9999446868896484,5.783471692666353e-07,3.306451253592968e-05
5349,0,0,0.9999982118606567,5.733074459612908e-08,1.4869181086396566e-06,3.52145860915698e-07
5350,2,1,0.005220583640038967,0.8116543889045715,0.1798005849123001,0.00332441832870245
5351,3,3,6.597366882488132e-05,1.212806637340691e-07,4.150075983488932e-05,0.9998923540115356
5352,1,1,7.821088843229518e-08,0.999990701675415,5.428232974225011e-09,9.195558050123509e-06
5353,2,0,0.5284171104431152,8.457265357719734e-05,0.4670516848564148,0.004446591250598431
5354,3,3,7.63065543196717e-07,2.424398459766053e-09,7.31688373889483e-07,0.9999984502792358
5355,1,1,0.00012112758122384548,0.9998770952224731,5.815967369926511e-07,1.157388055617048e-06
5356,0,0,0.9987331032752991,0.00013041484635323286,0.0010454057483002543,9.101028263103217e-05
5357,3,0,0.6038536429405212,0.022904273122549057,0.17457525432109833,0.1986667960882187
5358,0,0,1.0,1.2027603357722683e-09,1.6129783730889358e-08,1.9420715702267444e-08
5359,0,0,0.9979423880577087,1.8769555936160032e-06,0.0010283897863700986,0.001027231803163886
5360,0,0,0.9999933242797852,4.764571258419892e-06,1.3022322491451632e-06,5.633121418213705e-07
5361,3,3,9.285437130301943e-08,2.2044332581572235e-08,0.00016904526273719966,0.9998308420181274
5362,1,1,2.2832916002357706e-08,0.9999995231628418,2.758913808520447e-07,7.219549758019639e-08
5363,2,2,0.00014390914293471724,9.952297652660036e-09,0.9900102019309998,0.009845858439803123
5364,2,2,3.9014221329125576e-06,5.098685029736316e-09,0.9999951124191284,9.010642543216818e-07
5365,2,2,0.0001287073828279972,1.4562404260232142e-07,0.9998564720153809,1.4669525626231916e-05
5366,2,2,0.0016794742550700903,7.433740393025801e-06,0.9191572666168213,0.07915572077035904
5367,3,3,0.015897607430815697,4.4139724195702e-05,0.0005976795800961554,0.9834606051445007
5368,1,1,4.1554969357093796e-05,0.9903007745742798,0.0030376894865185022,0.0066198972053825855
5369,0,0,0.8814371228218079,1.414129258137109e-07,0.11808179318904877,0.0004810208920389414
5370,2,2,5.230675128586881e-07,1.3191888115215988e-07,0.9999991655349731,2.3089465628345351e-07
5371,2,2,0.0005578072741627693,2.098692903018673e-06,0.9994261264801025,1.3948075320513453e-05
5372,3,3,0.002892568940296769,1.2955113106727367e-06,0.004667473956942558,0.9924387335777283
5373,3,3,0.00010967264097416773,1.239006633113604e-05,9.45281281019561e-05,0.999783456325531
5374,2,2,0.0005333121516741812,7.227924470498692e-06,0.8799858093261719,0.11947362124919891
5375,2,2,4.2803111455214093e-07,1.9954674712607812e-07,0.9815566539764404,0.01844271458685398
5376,3,3,0.0008074765792116523,0.00090365408686921,0.3358931243419647,0.662395715713501
5377,1,1,0.00023548936587758362,0.9997633099555969,1.028323595164693e-06,7.72987718278273e-08
5378,0,0,0.9999548196792603,3.633610674569354e-07,5.5079235607990995e-06,3.935447602998465e-05
5379,0,2,0.19881702959537506,0.0004051848081871867,0.7974139451980591,0.0033638477325439453
5380,2,2,0.0007405515643768013,1.7621860024519265e-06,0.9404056072235107,0.05885206535458565
5381,2,0,0.8772411346435547,8.18635470523077e-08,0.12125152349472046,0.0015073168324306607
5382,3,3,2.5179660951835103e-05,9.258901911834982e-08,0.010608704760670662,0.9893660545349121
5383,0,0,0.9999978542327881,1.9214367874553773e-09,3.049426666734689e-08,2.1380819816840813e-06
5384,0,1,0.1301373392343521,0.8450849056243896,0.022822152823209763,0.0019556134939193726
5385,3,3,6.799676555147016e-08,3.8149110537233355e-09,0.0004485243698582053,0.9995513558387756
5386,3,3,3.8068960748205427e-06,1.2642815363506088e-06,5.544849409488961e-05,0.9999394416809082
5387,3,3,3.963777999160811e-06,8.882399815668407e-10,0.0004550509329419583,0.9995410442352295
5388,3,3,1.1379432862668182e-06,3.444117828621529e-05,0.0003631633589975536,0.9996013045310974
5389,1,1,3.441928413394635e-07,0.9995872378349304,0.00038947167922742665,2.302657776453998e-05
5390,3,3,4.2642779590096325e-05,2.496471154245228e-07,0.00404673907905817,0.9959104061126709
5391,3,3,4.6300183242919957e-08,2.011876887308972e-09,0.0029340670444071293,0.9970658421516418
5392,2,2,0.00014636704872827977,3.9617853442308615e-10,0.7756212949752808,0.22423234581947327
5393,3,3,3.3645708299445687e-06,2.1895233714985807e-07,2.512257924536243e-05,0.9999712705612183
5394,3,3,2.1660898710251786e-06,2.3498717638403832e-08,0.0005123380688019097,0.9994854927062988
5395,3,3,5.484291250468232e-06,5.027130711710015e-09,3.5516070056473836e-05,0.9999589920043945
5396,2,2,0.00619320897385478,8.002761751413345e-05,0.9932205677032471,0.0005061404663138092
5397,3,3,0.00013522544759325683,6.752884473826271e-07,0.0051713320426642895,0.9946927428245544
5398,3,3,2.725654724144988e-07,6.914878980524009e-08,0.00014837647904641926,0.9998512268066406
5399,2,2,0.00012349056487437338,1.36933744343537e-08,0.9998760223388672,5.178554260965029e-07
5400,1,1,1.6043188225012273e-05,0.999963641166687,2.0088404198759235e-05,2.4723325964259857e-07
5401,1,1,4.8238497640795686e-08,0.9999908208847046,1.0249517146121434e-07,9.09632581169717e-06
5402,3,0,0.9512364268302917,1.640630671317922e-06,0.004412174690514803,0.04434976354241371
5403,2,2,2.8459950840442616e-07,1.7973729171671948e-08,0.9999997615814209,7.027747717103239e-09
5404,2,2,1.5354305560322246e-06,8.408407666138373e-06,0.9999885559082031,1.4667202776763588e-06
5405,2,2,1.4160949604047346e-06,1.6923218026931863e-07,0.9999780654907227,2.0312450942583382e-05
5406,1,1,0.0012998732272535563,0.99802565574646,0.00028945747180841863,0.0003849746426567435
5407,1,1,1.1822699889307842e-05,0.9999879598617554,1.77526459310684e-07,2.1545320194604756e-08
5408,3,3,3.7325168023016886e-07,2.972182944205315e-09,0.0002712113782763481,0.9997283816337585
5409,3,2,0.0012056364212185144,0.00012272804451640695,0.6969525218009949,0.3017190992832184
5410,3,2,5.258075907477178e-05,9.797532385391605e-08,0.9413695335388184,0.05857769027352333
5411,3,3,0.00041360571049153805,5.952064020675607e-05,0.010438336059451103,0.9890885353088379
5412,0,0,0.9999995231628418,2.9302262838371007e-09,6.681769804117721e-08,2.9563307180069387e-07
5413,2,3,5.660909664584324e-06,4.72338079759993e-08,0.04501892626285553,0.954975426197052
5414,3,3,4.014493242721073e-05,7.361731668709126e-09,0.003744408953934908,0.9962154030799866
5415,0,0,0.9999964237213135,1.519026113783184e-07,1.3935252063390635e-08,3.416640538489446e-06
5416,3,3,2.1689031200367026e-05,8.333607866006787e-07,6.924773333594203e-05,0.9999082088470459
5417,3,3,7.200577238108963e-05,1.362968123430619e-05,0.027195030823349953,0.9727193117141724
5418,2,2,0.00044498659553937614,1.138391692023788e-08,0.9988685846328735,0.0006864627939648926
5419,2,2,9.280470294470433e-06,9.755951602130608e-09,0.9997373223304749,0.0002533520164433867
5420,0,0,0.74815833568573,0.2500606179237366,2.4896271497709677e-05,0.0017561310669407248
5421,3,3,8.049650205066428e-05,7.956039553391747e-06,0.04952389746904373,0.9503876566886902
5422,3,3,0.017779363319277763,1.909286027057533e-07,0.012426280416548252,0.9697941541671753
5423,2,2,3.851989731629146e-06,2.735977133738743e-08,0.999984860420227,1.1303459359623957e-05
5424,1,1,8.846707260090625e-07,0.9999799728393555,4.951824394083815e-06,1.423408593836939e-05
5425,1,1,0.0002630947274155915,0.9985750913619995,0.0010259223636239767,0.00013600058446172625
5426,2,2,0.0019133440218865871,1.0780993306980236e-06,0.9980675578117371,1.8054932297673076e-05
5427,3,3,5.3765441407449543e-05,0.000139332638354972,0.0005013095797039568,0.9993054866790771
5428,3,3,8.721892663743347e-05,1.1352483397786273e-06,0.0013958222698420286,0.998515784740448
5429,0,0,1.0,4.742179537942093e-09,5.687319415415004e-08,3.668747083906965e-08
5430,1,1,7.396052126296127e-08,0.9999909400939941,8.836083907226566e-06,8.923178995701164e-08
5431,2,3,1.8332406170884497e-06,2.2993701387363785e-10,0.039141226559877396,0.9608569741249084
5432,2,2,1.961954723128656e-07,1.0250225841446081e-06,0.9764190316200256,0.02357974275946617
5433,2,3,4.432948844623752e-05,0.001299922470934689,0.0458219014108181,0.9528339505195618
5434,3,3,1.6754188436607365e-07,2.545696453637447e-08,0.0014101340202614665,0.9985896944999695
5435,3,3,0.012703520245850086,0.015420529060065746,0.04285159334540367,0.9290243983268738
5436,3,3,2.9552870373095175e-08,8.432818887627036e-10,0.0008552142535336316,0.9991447925567627
5437,1,1,1.0414155582338935e-07,0.9999998807907104,1.2771662838417797e-08,5.52717760449184e-10
5438,3,3,0.00010388458031229675,3.945867277366233e-08,0.00041882204823195934,0.9994773268699646
5439,3,3,0.0003113045822829008,1.1061612736895654e-09,0.014315305277705193,0.9853734374046326
5440,0,0,0.9999995231628418,4.719828083921129e-08,1.4710235518577974e-07,2.703000632209296e-07
5441,0,0,0.9999984502792358,1.2269738363102078e-06,2.8760834425156645e-07,7.770770338311195e-08
5442,3,3,0.00019274950318504125,0.002748004626482725,0.0371573381125927,0.9599019289016724
5443,1,1,1.2813360399377416e-06,0.9999986886978149,3.082214483640655e-09,3.902822065526834e-09
5444,0,0,0.9487732648849487,0.0008900039247237146,0.05032839998602867,8.383635758946184e-06
5445,0,0,0.9999607801437378,3.458742128259473e-07,4.732793058792595e-06,3.406769610592164e-05
5446,3,3,1.011281528917607e-05,1.4720164642767486e-07,0.0008172081434167922,0.9991725087165833
5447,2,2,0.0002202103059971705,3.870848885867417e-08,0.9997640252113342,1.5731486200820655e-05
5448,2,3,4.869668828177964e-06,1.0980683100569877e-06,0.4028951823711395,0.5970988869667053
5449,1,1,9.795485675567761e-05,0.9975205063819885,0.0020549956243485212,0.00032654046663083136
5450,2,2,1.8181836480835045e-07,1.1166130242656891e-08,0.9999983310699463,1.3648477761307731e-06
5451,0,0,0.9931911826133728,0.005375393200665712,1.7194999600178562e-05,0.0014162254519760609
5452,3,3,0.0008641268941573799,1.2876506843895186e-05,0.037921130657196045,0.9612019062042236
5453,3,3,2.2539171595781227e-07,7.561685038126598e-07,9.10030648810789e-05,0.9999080896377563
5454,0,0,0.9999884366989136,1.1582192200876307e-06,1.417537987435935e-06,8.975141099654138e-06
5455,3,3,3.4360841283387344e-08,2.834301824350405e-07,1.3382179531618021e-05,0.9999862909317017
5456,1,1,0.0005162979941815138,0.9994816184043884,1.5124195442695054e-06,6.091665909480071e-07
5457,3,3,6.726913852617145e-05,9.464951062909677e-07,0.006440725643187761,0.993490993976593
5458,1,1,2.099562124158183e-08,0.9999992847442627,6.347361249936512e-07,2.379206165414871e-08
5459,1,1,3.683194336190354e-07,0.9999996423721313,3.3923588937945226e-10,3.745463938997773e-10
5460,2,2,9.264060452096601e-08,6.314043954347426e-09,0.9999998807907104,3.576117624248809e-09
5461,3,3,1.056669702848012e-06,3.969470974141132e-09,0.0007596666109748185,0.9992393255233765
5462,3,3,4.3579342445809743e-07,2.167166940125753e-06,0.0015720135997980833,0.9984254837036133
5463,0,0,0.9996103644371033,6.194970865180949e-07,0.00023165202583186328,0.00015739729860797524
5464,3,3,4.3291998736094683e-05,1.9466289913339097e-08,0.0007348001236096025,0.999221920967102
5465,2,0,0.4720650911331177,0.0005011669709347188,0.3892046809196472,0.1382291167974472
5466,3,3,2.688651147764176e-05,1.840561658639217e-08,0.0009816504316404462,0.9989914298057556
5467,1,3,0.0061332150362432,0.006477431394159794,3.328630918986164e-05,0.9873560667037964
5468,3,3,0.004063664935529232,1.8136711332772393e-06,0.005990583449602127,0.9899439811706543
5469,3,3,4.388424557077997e-08,6.927614037977037e-11,0.0005101991118863225,0.9994897842407227
5470,2,3,0.007082211319357157,0.0003120090696029365,0.05322058126330376,0.9393852353096008
5471,0,0,0.9999998807907104,9.109777465710067e-08,1.440779673345105e-08,4.6339434511821764e-09
5472,2,2,0.02770206518471241,5.7798304624157026e-05,0.9722174406051636,2.2771671865484677e-05
5473,1,1,2.181953277613502e-05,0.9999781847000122,2.7647308886713517e-09,2.8491584092016353e-10
5474,2,2,0.0001447865361114964,6.557575815691052e-09,0.9998348951339722,2.029260213021189e-05
5475,2,2,6.16051920587779e-07,3.989000418869182e-08,0.9960860013961792,0.003913355991244316
5476,2,2,5.142971417626541e-07,7.058184223751596e-07,0.9913063645362854,0.008692474104464054
5477,3,3,0.0002986803592648357,3.4872940091190685e-08,0.00478863762691617,0.9949126243591309
5478,1,1,7.195554303507379e-07,0.9999991655349731,1.5140967946081219e-07,3.284165117634075e-08
5479,2,3,1.3600935744761955e-05,8.946798857323301e-07,0.014948124997317791,0.9850372672080994
5480,3,3,4.414729119162075e-05,3.992591928181355e-07,0.0030264139641076326,0.9969291090965271
5481,2,2,6.0772913457185496e-06,4.7946581815949685e-08,0.9999920129776001,1.8434404864819953e-06
5482,3,3,0.00023481047537643462,9.52335543757954e-10,0.0010704114101827145,0.9986948370933533
5483,2,2,0.0002990762877743691,2.8576539534697076e-06,0.9996978044509888,1.971634446817916e-07
5484,1,1,1.5510491779835434e-09,1.0,5.059275309804434e-08,1.256805909344294e-10
5485,3,3,3.639894430307322e-06,1.484656220185343e-08,0.00020621101430151612,0.9997901320457458
5486,3,3,8.474784408463165e-06,4.0469530504516626e-10,0.0034178539644926786,0.9965736865997314
5487,0,0,0.9999997615814209,1.6657776313877548e-07,1.7304883082047695e-09,5.269589564704802e-08
5488,0,0,0.9998506307601929,7.30862666387111e-05,3.7048241097181744e-07,7.587110303575173e-05
5489,2,2,1.5903373423498124e-05,1.4159599004415213e-07,0.9999833106994629,7.334832616834319e-07
5490,1,1,1.4829490737611195e-06,0.9999908208847046,7.5985117291565984e-06,7.030114801409582e-08
5491,1,1,2.0957436390744988e-06,0.999997615814209,2.4184870994758967e-07,6.714522715611793e-09
5492,2,2,0.01564932055771351,8.941117266658694e-05,0.9842098951339722,5.133257218403742e-05
5493,2,2,1.300369262935419e-06,6.077103709145604e-09,0.9996832609176636,0.00031547920661978424
5494,1,1,0.0006747947190888226,0.9991231560707092,0.0001666050957283005,3.5474706237437204e-05
5495,2,2,2.0274553662602557e-06,2.8136753371654777e-08,0.999985933303833,1.2036649422952905e-05
5496,1,1,1.2101369065931067e-05,0.9999878406524658,2.7451800832523077e-08,2.566020174121775e-10
5497,0,0,0.9986613988876343,1.4924768947821576e-05,0.0006253314204514027,0.0006982602644711733
5498,2,2,5.000636519980617e-06,1.647387365411035e-10,0.9999948740005493,8.737798395941354e-08
5499,1,1,1.5109133528312668e-05,0.9999847412109375,8.760070357993754e-08,1.2736616383790533e-07
5500,0,0,0.9999978542327881,2.083816298181773e-06,4.756774529823815e-08,1.2322793452312908e-08
5501,2,2,0.0631638839840889,0.00016950603458099067,0.7789069414138794,0.15775969624519348
5502,2,2,9.864695584838046e-07,7.182333661148732e-07,0.9999902248382568,8.048247764236294e-06
5503,1,1,3.1274687444238225e-06,0.9999967813491821,3.5401804154844285e-08,3.108115009808898e-08
5504,2,2,0.0006000152789056301,1.5062840930113452e-06,0.9987855553627014,0.0006129977409727871
5505,2,2,0.0002754995075520128,0.00035016098991036415,0.9979217648506165,0.0014526232844218612
5506,2,2,7.990738231455907e-05,1.168551833075071e-07,0.9999175071716309,2.477081125107361e-06
5507,1,1,3.9313668821705505e-05,0.9987903237342834,0.0011426417622715235,2.7755035262089223e-05
5508,3,3,0.016552526503801346,0.0001279936550417915,0.005931111518293619,0.9773882627487183
5509,1,1,4.969638780494279e-07,0.9999990463256836,4.6830220412630297e-07,3.4538936155570354e-09
5510,0,0,0.9999861717224121,1.3406153811956756e-05,8.728027722781917e-08,3.1786777299203095e-07
5511,3,3,0.02451350726187229,0.0003186959365848452,0.00021346787980291992,0.97495436668396
5512,3,3,2.1073740299470956e-06,3.4260319807799533e-06,0.00044395701843313873,0.9995504021644592
5513,0,0,0.999964714050293,3.329420360387303e-05,1.2014568229190559e-09,1.941119762705057e-06
5514,3,3,1.3102695447742008e-05,1.7851880329544656e-07,0.00023523226263932884,0.9997515082359314
5515,3,3,2.943613935713074e-06,3.4077303201485165e-09,0.005027609411627054,0.9949694275856018
5516,0,0,0.9973655343055725,0.002270536497235298,0.00025213079061359167,0.00011181355512235314
5517,0,0,0.9999946355819702,5.2107889132457785e-06,5.1360384389909086e-08,1.7979424171699065e-07
5518,2,2,1.4570337953045964e-05,4.9002355808625e-06,0.9999232292175293,5.734999285778031e-05
5519,2,2,0.11415104568004608,0.011432166211307049,0.8743956089019775,2.1225938326097094e-05
5520,0,0,0.9999998807907104,5.286170434715132e-08,6.298323196318734e-09,6.9909296129822e-09
5521,0,0,0.9986966252326965,0.0012589653488248587,3.5293913242639974e-05,9.221165782946628e-06
5522,1,1,1.577532884766697e-06,0.9999973773956299,9.71889789980196e-07,8.316847299738583e-08
5523,2,2,0.019001776352524757,2.1735337213613093e-05,0.9805901050567627,0.0003863844322040677
5524,2,2,8.005842573766131e-06,3.7302044802345335e-05,0.9980575442314148,0.0018971129320561886
5525,3,3,1.9365143089089543e-06,1.1217244910710633e-08,0.0024752647150307894,0.99752277135849
5526,3,3,5.546237389353337e-07,6.330930801823342e-08,0.005593111272901297,0.9944062232971191
5527,0,0,0.9999794960021973,1.992815305129625e-05,5.799635687253613e-07,3.871565468216431e-08
5528,2,2,3.4432443953846814e-06,8.575073984218307e-09,0.9999841451644897,1.243989299837267e-05
5529,1,1,7.168214779085247e-06,0.9999855756759644,3.795905513470643e-06,3.4795004921761574e-06
5530,2,2,3.1795585186955577e-07,1.011545247564527e-08,0.9999990463256836,5.509409675141796e-07
5531,3,3,0.0010675119701772928,0.00048555739340372384,0.0243082158267498,0.9741387963294983
5532,2,3,1.9231013084208826e-06,2.083266736008227e-06,0.00029735054704360664,0.9996987581253052
5533,3,2,0.0018304723780602217,6.169612788653467e-06,0.6394655108451843,0.3586978614330292
5534,0,1,0.0004656417586375028,0.9995293617248535,1.1639527741635902e-07,4.942899522575317e-06
5535,2,2,6.715040399285499e-07,7.320888357753574e-07,0.999534010887146,0.0004645266744773835
5536,1,3,0.001169151277281344,0.01796126365661621,0.005946225952357054,0.9749234318733215
5537,3,3,0.0791468471288681,6.964280601096107e-06,0.0025751017965376377,0.9182710647583008
5538,1,1,1.415924089087639e-06,0.9999974966049194,2.9459563677391998e-09,1.1054287369915983e-06
5539,0,0,0.985438346862793,4.2179621232207865e-05,0.0005352982552722096,0.01398414745926857
5540,2,2,1.6471970809561753e-07,2.0980420956107082e-08,0.9999998807907104,5.8316218520815255e-09
5541,2,2,0.000714625115506351,5.26867651728935e-08,0.9991858601570129,9.94471411104314e-05
5542,2,2,7.626834985785536e-07,3.2990905562968464e-09,0.999868631362915,0.00013060183846391737
5543,1,1,0.009926214814186096,0.9900736808776855,1.3412395105660835e-07,5.619020626568272e-08
5544,0,0,0.9999988079071045,1.488579641772958e-07,8.484757358928618e-07,1.5093732486093359e-07
5545,3,3,4.911156793241389e-06,9.286693192223083e-09,0.006395706906914711,0.9935994148254395
5546,3,3,5.368019174056826e-06,2.099822495438275e-06,0.004185379017144442,0.9958070516586304
5547,1,1,1.758377221605656e-09,1.0,1.2935423843174476e-09,5.950363313189655e-09
5548,2,2,5.290812987368554e-05,6.398861440715109e-09,0.9999234676361084,2.3598922780365683e-05
5549,0,0,0.9967405200004578,2.246509575343225e-05,6.456710252678022e-05,0.0031724656000733376
5550,0,0,0.999961256980896,3.7104604416526854e-05,2.593430679098674e-07,1.3807123195874738e-06
5551,3,3,0.0004842657072003931,3.916363766620634e-06,3.7849206364626298e-06,0.9995080232620239
5552,1,1,2.056138453943035e-10,1.0,7.124029810512411e-09,1.3671035858919822e-08
5553,0,0,0.9999359846115112,5.892553963349201e-05,4.831932983506704e-06,1.782334351219106e-07
5554,2,2,1.974459109987947e-06,6.942660224495967e-09,0.9999969005584717,1.0260137059958652e-06
5555,3,3,0.0043996418826282024,2.491948691840662e-07,0.43964874744415283,0.5559513568878174
5556,3,3,1.1758525033656042e-06,1.755659013724653e-07,0.00011734250438166782,0.999881386756897
5557,1,1,4.231272399124464e-08,1.0,2.180710723109769e-09,2.51988456767549e-08
5558,3,3,7.674333915019815e-07,2.0119291548326146e-06,0.00031235726783052087,0.9996848106384277
5559,2,3,0.0005736983148381114,1.4908371667843312e-05,0.34529709815979004,0.654114305973053
5560,1,1,3.834063377894381e-08,0.9999998807907104,1.140919110298455e-07,1.9771548842584252e-09
5561,0,0,0.9993341565132141,9.648703098719125e-07,0.0006406861357390881,2.4173579731723294e-05
5562,2,2,6.919114639458712e-06,1.6721422468890523e-08,0.9859105348587036,0.01408251840621233
5563,1,1,0.00011070967593695968,0.9998887777328491,5.405070169217652e-07,1.7717828981744788e-08
5564,0,0,0.9999994039535522,5.732023851123813e-07,1.000029659081747e-08,5.747818576651298e-08
5565,3,3,0.0002832704922184348,3.137207022518851e-05,1.0446047781442758e-05,0.999674916267395
5566,0,0,0.9999814033508301,1.0886961376854742e-07,1.1499685115268221e-06,1.728657298372127e-05
5567,3,3,1.0835517059604172e-05,4.260279638401698e-06,0.005202214699238539,0.9947826266288757
5568,0,0,0.9996485710144043,1.9299669418160192e-07,0.00016936747124418616,0.00018186045053880662
5569,1,1,4.5305961293706787e-07,0.9999995231628418,2.985768021712687e-10,8.315932664704206e-11
5570,1,1,4.723215170088224e-06,0.9999862909317017,3.9921334860082425e-07,8.537210305803455e-06
5571,1,1,9.08902584342286e-05,0.9998997449874878,9.290932212024927e-06,1.6616098719168804e-07
5572,1,1,8.025194802030455e-07,0.9999593496322632,2.377504642936401e-05,1.6071497157099657e-05
5573,2,2,9.878059063339606e-05,2.79082956744503e-09,0.9981184005737305,0.0017828280106186867
5574,2,2,0.025947727262973785,0.00011283678031759337,0.9535880088806152,0.020351393148303032
5575,0,0,0.9999978542327881,6.300125310332305e-09,5.4009273497968024e-08,2.109644810843747e-06
5576,1,1,6.000478691703393e-08,0.9999998807907104,1.3831016332233048e-09,6.50729248263815e-10
5577,1,1,5.656659496366956e-08,0.9999998807907104,4.0908294529629075e-09,3.983873675394989e-09
5578,0,0,0.9999923706054688,5.338367373042274e-06,1.305485056946054e-06,1.0101859970745863e-06
5579,0,0,0.9999973773956299,8.837416771712014e-07,6.748848022652965e-07,1.0589499197521945e-06
5580,2,2,1.6212881348565134e-07,8.085142000346934e-10,0.9999948740005493,4.94909818371525e-06
5581,3,3,3.727959483512677e-05,2.838417094608303e-05,0.003292348701506853,0.996641993522644
5582,2,2,4.876659295405261e-05,2.1709497843858117e-07,0.9821959137916565,0.017755214124917984
5583,1,1,6.229384598555043e-05,0.9998867511749268,6.221989224286517e-06,4.47095517301932e-05
5584,0,0,0.9999822378158569,1.4400461623154115e-07,1.333482941845432e-06,1.6358888387912884e-05
5585,1,1,1.4360696809490037e-07,0.9999998807907104,1.6433557639694563e-11,2.5152815941176243e-10
5586,2,2,0.005604440812021494,1.152327033793199e-08,0.9873858690261841,0.007009757682681084
5587,3,1,0.00031960089108906686,0.7018364071846008,0.014056091196835041,0.2837878465652466
5588,0,2,0.0008625189075246453,1.2669139071164182e-09,0.9984381794929504,0.0006992925191298127
5589,0,0,0.9370864033699036,0.009038492105901241,0.01670743338763714,0.03716760128736496
5590,2,2,0.0012588753597810864,3.5327718705957523e-06,0.891129195690155,0.10760848969221115
5591,2,2,7.452124464180088e-07,4.6080257665170876e-11,0.999988317489624,1.095621792046586e-05
5592,2,2,0.09874600917100906,1.280961186012064e-07,0.9011997580528259,5.4137068218551576e-05
5593,2,2,4.8178556255606964e-08,3.7128185681467585e-07,0.9999986886978149,9.642633358453168e-07
5594,1,1,3.4086609090877573e-09,1.0,5.551044068852207e-10,8.037269461080854e-11
5595,0,0,0.9998233914375305,5.233830052020494e-06,9.315645002061501e-05,7.816532888682559e-05
5596,0,0,0.9999996423721313,5.363078514619701e-08,5.203470010428646e-08,3.5588811897468986e-07
5597,0,3,0.04586073383688927,2.3558848738503002e-07,0.22916075587272644,0.7249782681465149
5598,3,3,4.7315850679297e-05,1.473689621889207e-06,0.0013401483884081244,0.9986110925674438
5599,1,1,1.241168661181291e-07,0.9999953508377075,3.5250623113824986e-06,9.020600373332854e-07
5600,2,3,0.00640825042501092,1.3415061062005407e-07,0.15415963530540466,0.8394320607185364
5601,2,3,4.365902441350045e-06,3.8503915789078746e-07,0.3100583851337433,0.6899368166923523
5602,2,0,0.9996936321258545,4.447109313332476e-05,0.00023543946736026555,2.6412782972329296e-05
5603,3,3,2.10006874112878e-07,4.70766869931083e-10,0.00012213776062708348,0.9998776912689209
5604,3,3,2.523399416531902e-06,1.3923636288382113e-07,1.2210970453452319e-05,0.9999850988388062
5605,3,3,1.4466901120613329e-05,3.6051113205815e-09,0.003465131390839815,0.9965204000473022
5606,1,1,3.523571194818942e-06,0.9207754731178284,0.00782051682472229,0.0714004784822464
5607,0,0,0.9999207258224487,6.3736088122823276e-06,7.283698505489156e-05,9.843004278309309e-08
5608,0,0,0.9982573390007019,4.292060751254212e-08,0.0009556720033288002,0.000786969845648855
5609,3,3,0.006455460097640753,0.05548780784010887,0.14906729757785797,0.7889894843101501
5610,0,0,0.9996023774147034,0.00031066968222148716,8.606162737123668e-05,9.060855177267513e-07
5611,3,3,0.00012972194235771894,6.772417691536248e-05,4.03215881306096e-06,0.999798595905304
5612,0,0,0.999492883682251,0.00025297864340245724,0.0001013411019812338,0.00015269394498318434
5613,0,0,0.9995043277740479,0.00048233752022497356,4.1256121221522335e-06,9.116229193750769e-06
5614,0,0,0.9999263286590576,1.9365650416602875e-08,8.780343705439009e-06,6.479558942373842e-05
5615,0,0,0.9788929224014282,5.497030088008614e-06,0.0002444483106955886,0.020857131108641624
5616,3,3,8.038049600145314e-06,8.782610194657536e-09,8.051775694184471e-06,0.9999839067459106
5617,0,0,0.9977843165397644,0.0018685443792492151,5.810340735479258e-05,0.00028907935484312475
5618,2,2,2.563713451309013e-06,2.3006228389022e-07,0.9999905824661255,6.542595656355843e-06
5619,3,3,3.220143298676703e-06,1.812465733053159e-10,3.311710997877526e-06,0.9999934434890747
5620,3,3,3.960136018577032e-05,1.263730275979924e-08,0.0002787514531519264,0.9996817111968994
5621,2,2,5.686410986527335e-06,2.1114133232913446e-06,0.999991774559021,4.419895560658915e-07
5622,3,3,2.2202693799044937e-06,8.441444876439164e-09,0.169837087392807,0.8301607370376587
5623,2,2,5.741318318541744e-07,2.111372743307527e-10,0.9999984502792358,9.290391744798399e-07
5624,1,1,9.892004015910061e-08,0.9999998807907104,2.2630650686750187e-09,6.098594407255575e-10
5625,3,3,0.08055975288152695,5.62614665966521e-09,0.013678576797246933,0.90576171875
5626,3,3,0.0003180385392624885,2.180460569434217e-06,0.004227034281939268,0.9954527616500854
5627,3,2,0.0006501703755930066,5.499848703038879e-05,0.8382142782211304,0.16108053922653198
5628,2,2,7.081387707330578e-07,6.849732585578749e-07,0.9999978542327881,7.05164836745098e-07
5629,3,3,0.0022865228820592165,2.199301718519564e-08,0.3564446270465851,0.641268789768219
5630,0,0,0.9999914169311523,8.354191294301927e-08,4.378721769171534e-06,4.069007900397992e-06
5631,1,1,3.192543118757385e-08,1.0,1.348769273351591e-11,1.6233787647479403e-09
5632,0,0,0.999990701675415,1.0386031590314815e-07,4.019521838927176e-06,5.178700121177826e-06
5633,0,0,0.9999512434005737,4.183775217825314e-06,5.006668743590126e-06,3.95246061088983e-05
5634,3,0,0.9989728927612305,7.154460763558745e-05,0.00039401015965268016,0.0005615795962512493
5635,2,2,4.138599862812953e-08,3.015868514921749e-07,0.9999858140945435,1.3877356650482398e-05
5636,1,1,1.0805029759808349e-08,1.0,2.9565405679221612e-09,6.290349352511271e-10
5637,0,0,0.9990536570549011,0.0001651346101425588,0.000703211990185082,7.799239392625168e-05
5638,2,2,1.1216239727218635e-05,2.623221178055246e-07,0.9999719858169556,1.655758205743041e-05
5639,3,3,4.036206064483849e-06,7.027674087112246e-07,0.09303496032953262,0.9069603681564331
5640,2,2,0.00934746116399765,7.98705659690313e-05,0.8558906316757202,0.13468198478221893
5641,0,0,0.9999988079071045,2.78408720078005e-07,8.015651360437914e-07,9.56344905489459e-08
5642,0,0,0.997073769569397,2.082885202980833e-06,7.209670229713083e-07,0.002923373132944107
5643,1,1,3.8981056604825426e-07,0.9999996423721313,2.0471278006084503e-08,2.984466007660558e-09
5644,0,0,0.9999186992645264,5.2603791118599474e-05,2.8657164875767194e-05,9.115277777027586e-08
5645,1,1,3.0622632607446576e-07,0.9999942779541016,3.6598887618310982e-06,1.7606904521016986e-06
5646,0,0,0.9993453621864319,0.0005715582519769669,1.956644337042235e-05,6.347308226395398e-05
5647,0,0,0.991747260093689,3.939827365684323e-06,0.0082327239215374,1.601084295543842e-05
5648,1,2,0.00040457354043610394,0.2937774658203125,0.625963568687439,0.07985438406467438
5649,0,0,0.9999958276748657,3.632006553289102e-07,3.7054505241940205e-07,3.4912300179712474e-06
5650,2,2,5.885339851374738e-05,8.106902532745153e-05,0.9995884299278259,0.0002716372546274215
5651,3,3,0.0900154858827591,0.3829323947429657,0.03420061618089676,0.492851585149765
5652,3,3,1.3929103488408145e-06,2.500941263861023e-06,0.004636992700397968,0.9953591227531433
5653,1,1,0.0035691645462065935,0.9964305758476257,1.9870023493240296e-07,1.116383856469838e-07
5654,1,1,1.465069544792641e-05,0.9999853372573853,9.823959423727047e-09,6.402453012199771e-10
5655,0,0,0.9999991655349731,6.03407613652962e-07,1.8436585946801642e-07,1.1848493741695165e-08
5656,1,1,0.0012192068388685584,0.9934970140457153,0.004980356432497501,0.0003034831315744668
5657,2,2,4.5255740133143263e-07,3.8671095126119326e-07,0.9999680519104004,3.11393741867505e-05
5658,1,1,2.6290210897172983e-08,1.0,2.3013411620809165e-08,2.0623502905436908e-08
5659,3,3,0.0006580344634130597,0.2809964120388031,9.967954974854365e-05,0.718245804309845
5660,0,0,0.9999786615371704,2.8461861347750528e-06,9.318411684944294e-06,9.141210284724366e-06
5661,1,1,7.409386881818136e-09,1.0,5.312239537147434e-11,1.3311547419903036e-08
5662,3,3,3.0208408219323246e-08,9.409760748368967e-10,0.0003337484085932374,0.9996662139892578
5663,1,1,6.225041602192505e-07,0.9999655485153198,2.1925410692347214e-05,1.1864078260259703e-05
5664,1,1,7.277125746441016e-07,0.9999992847442627,8.65604463107239e-11,1.0555357282671096e-10
5665,1,1,3.7441438838214935e-10,1.0,5.4185926579020105e-12,6.794545395066853e-12
5666,2,0,0.6747698783874512,2.4199982362915762e-05,0.32504844665527344,0.000157525108079426
5667,3,3,0.00011876047210535035,3.493486531169765e-07,0.0012240404030308127,0.9986568689346313
5668,1,1,3.5890055372078677e-09,1.0,2.168442092553846e-09,5.239189082573148e-10
5669,1,1,6.295525878385888e-09,1.0,4.885352122840914e-10,1.9751938973300298e-10
5670,1,1,8.874213222043181e-07,0.9999991655349731,7.184168260288004e-10,2.030628998284101e-09
5671,1,1,7.415651452902239e-07,0.9999991655349731,6.327871915345895e-08,5.924156454284457e-08
5672,0,0,0.9999903440475464,1.8692843468670617e-06,7.397810804832261e-06,3.678908910842438e-07
5673,1,1,1.5429479844897287e-06,0.9999983310699463,8.892848057939773e-08,3.645130774998506e-08
5674,2,1,0.0008534978842362761,0.9991422891616821,1.1805286703747697e-06,2.9522293516492937e-06
5675,1,1,0.0006774110370315611,0.9948011636734009,0.00428718002513051,0.00023419276112690568
5676,1,1,3.6840856409980915e-07,0.9999994039535522,2.4776963414296915e-07,5.179618955963861e-10
5677,1,1,4.541377620626008e-06,0.9999954700469971,7.962243087078491e-10,1.6760268173321435e-10
5678,2,2,1.6753378076828085e-05,2.1363936397733596e-08,0.9986870884895325,0.0012960671447217464
5679,1,1,3.7153611742724024e-08,0.9999991655349731,7.338978775806027e-07,1.4254788993639522e-07
5680,1,1,1.2818036054795812e-07,0.9999997615814209,1.2219338429986237e-07,1.0959681162603374e-08
5681,3,3,1.1307633940305095e-05,1.3080114769081774e-08,0.001357856672257185,0.9986308217048645
5682,0,0,0.9999818801879883,7.736690577075933e-07,5.981858208770063e-08,1.7204809410031885e-05
5683,3,3,0.041843246668577194,0.002337767044082284,0.07819552719593048,0.8776234984397888
5684,3,3,3.424972601351328e-05,3.969922545365989e-06,0.002883617300540209,0.9970781803131104
5685,0,2,0.00017854108591564,1.13998203232768e-06,0.9879046082496643,0.01191572193056345
5686,3,1,0.011837150901556015,0.6768895387649536,0.0005428414442576468,0.3107304871082306
5687,3,3,2.1210066734056454e-06,3.845318133244291e-05,0.00010065912647405639,0.9998587369918823
5688,1,1,8.351713063348143e-07,0.999996542930603,2.5889419248414924e-06,2.7713074057800213e-09
5689,0,0,0.9999985694885254,1.304253828493529e-06,1.7659775153333612e-07,2.5894335564657922e-08
5690,2,3,0.00170089490711689,1.6523265003343113e-05,0.0012736599892377853,0.9970089793205261
5691,3,3,1.998133484448772e-05,2.269698873291759e-09,0.29103538393974304,0.7089446187019348
5692,1,1,2.4197352104238234e-06,0.9947143197059631,0.00527940271422267,3.8009554828022374e-06
5693,1,1,6.788327482354362e-07,0.9999984502792358,4.947962111145898e-07,3.006533404459333e-07
5694,1,1,1.429007852493669e-06,0.9997017979621887,4.289465141482651e-05,0.000253808539127931
5695,0,0,0.9999005794525146,7.756461428698458e-08,5.8945708587998524e-05,4.0387381886830553e-05
5696,1,1,3.772711716010235e-05,0.9994524121284485,9.386541205458343e-05,0.0004160639364272356
5697,3,3,2.02159662876511e-05,1.332443559931562e-07,7.671655475860462e-05,0.9999029636383057
5698,3,3,0.0013675254303961992,0.00038154629874043167,0.0007150358869694173,0.9975358247756958
5699,1,1,1.8910220944690082e-07,0.9999997615814209,4.972772749134435e-10,1.93138241511015e-10
5700,0,0,0.9999033212661743,6.752424815203995e-05,2.8073871362721547e-05,9.808710501602036e-07
5701,2,2,0.0008894819184206426,0.0007876376039348543,0.9302150011062622,0.06810788810253143
5702,1,1,2.5023964553838596e-05,0.9999682903289795,1.615317955838691e-06,5.15547890245216e-06
5703,0,0,0.9767040014266968,1.0506676517252345e-05,0.011326027102768421,0.011959422379732132
5704,3,3,1.7044507103491924e-06,1.43806528285495e-05,0.001305872923694551,0.9986780285835266
5705,1,1,1.3598249097412918e-05,0.9999864101409912,1.3267843712583272e-08,7.315936051410787e-11
5706,1,1,2.6875370622292394e-06,0.9999970197677612,2.598021131561268e-09,1.9736076239951217e-07
5707,1,1,0.00010782253957586363,0.9931013584136963,0.0008770212298259139,0.005913748871535063
5708,2,2,0.0001913361338665709,1.132173039763984e-07,0.8880189657211304,0.11178965121507645
5709,1,1,5.809795311506605e-07,0.9999921321868896,6.675090844510123e-06,5.472020347951911e-07
5710,0,0,0.9999994039535522,1.1647699693639879e-07,6.860522816509729e-09,4.200915100227576e-07
5711,0,0,0.9875715970993042,0.0001793521223589778,1.1175970030308235e-05,0.01223787758499384
5712,1,1,7.01385260981624e-08,0.9999998807907104,2.3486683708995315e-09,1.598963517146501e-09
5713,1,1,6.024687593253475e-08,0.9999998807907104,6.65246635556116e-10,1.3038062296466535e-10
5714,1,1,1.3401135756652138e-09,1.0,7.858596551280073e-10,2.911580754272336e-09
5715,0,0,0.9980594515800476,6.99123993399553e-05,0.0018336144275963306,3.704947084770538e-05
5716,0,0,0.9999996423721313,3.360232767590787e-07,1.047757991479159e-09,1.8247476418764563e-08
5717,0,0,0.9999922513961792,7.077476311678765e-06,6.530846121677314e-07,4.052019519917849e-08
5718,3,3,3.0696349995196215e-07,2.2875333627325745e-07,2.685666549950838e-05,0.9999725818634033
5719,3,3,1.3766616575594526e-05,2.78337477510604e-08,5.865239290869795e-05,0.9999275207519531
5720,1,1,2.003011161377799e-07,0.9999997615814209,6.825995324533096e-11,3.9959296316283144e-08
5721,1,1,9.77198283180769e-07,0.9999990463256836,1.3928584952083156e-09,9.114540233667867e-10
5722,0,0,0.9999977350234985,1.9897247511835303e-06,5.34005089036782e-08,2.544119013236923e-07
5723,1,1,0.00015855339006520808,0.9985610842704773,1.7693620975478552e-05,0.0012626202078536153
5724,1,1,1.7706839798847795e-06,0.9999978542327881,3.945680759898096e-07,9.275353818338772e-09
5725,0,0,0.989298939704895,0.0003999706532340497,0.008754026144742966,0.0015470958314836025
5726,0,0,0.999521017074585,1.9159291696269065e-05,0.0004131013702135533,4.6741017285967246e-05
5727,3,3,3.748335439013317e-05,1.4503459055958956e-07,0.00021557428408414125,0.9997468590736389
5728,1,1,0.0026021709199994802,0.9972182512283325,8.760377386352047e-05,9.201710054185241e-05
5729,2,2,8.45554495754186e-06,3.984479917562567e-06,0.9999063014984131,8.123677253024653e-05
5730,3,3,2.3880872959125554e-06,1.6700003158121035e-08,0.0009174944134429097,0.9990800619125366
5731,1,1,4.110604550078278e-06,0.9999855756759644,2.147518358697198e-07,1.0079163075715769e-05
5732,0,3,0.07751406729221344,2.1542580725508742e-05,0.052164532244205475,0.8702998757362366
5733,3,3,7.033837027847767e-05,2.7210158805246465e-05,0.00022589477885048836,0.9996765851974487
5734,1,1,1.97588415176142e-05,0.9987701773643494,0.0011902517871931195,1.9784165488090366e-05
5735,1,1,2.6151976584287695e-08,1.0,3.0638083181599995e-09,2.413342026219567e-10
5736,3,3,7.071426352922572e-06,5.813920456176902e-09,0.015624129213392735,0.9843688011169434
5737,3,3,1.1417232599342242e-06,1.8122413791843428e-08,0.0041024526581168175,0.9958964586257935
5738,3,3,0.008478475734591484,0.301301509141922,0.0001101788438973017,0.69010990858078
5739,2,2,9.52201375525874e-08,1.7426620146920868e-08,0.9999998807907104,1.2721846687213656e-08
5740,0,2,2.2233220079215243e-05,2.612595251250127e-09,0.9999165534973145,6.114377902122214e-05
5741,2,2,0.08141608536243439,0.00011229129449930042,0.9179120063781738,0.0005596234113909304
5742,3,3,0.00018249190179631114,1.1031871736122412e-06,0.12483155727386475,0.8749848008155823
5743,0,0,0.9999994039535522,8.770163617555227e-08,1.887095777419745e-07,2.1507105429918738e-07
5744,0,0,0.9999998807907104,4.058490876701626e-09,1.649410279469521e-07,2.6246969042631463e-08
5745,1,1,0.031175648793578148,0.9688060879707336,1.7861610103864223e-05,4.72171393539611e-07
5746,0,0,0.9999395608901978,2.3386222736121454e-08,1.7742013369570486e-06,5.861043609911576e-05
5747,3,3,5.531499027711106e-07,4.1125200368696824e-05,0.0026613499503582716,0.9972969889640808
5748,2,2,1.1008827641489916e-05,6.04408922910693e-09,0.5271709561347961,0.4728180766105652
5749,1,1,0.000695715076290071,0.9992306232452393,1.1355958122294396e-05,6.2323066231329e-05
5750,2,2,1.8160046977300226e-07,2.4662640498718247e-05,0.9999645948410034,1.0530717190704308e-05
5751,2,2,0.00013524483074434102,3.5311550163896754e-05,0.999613344669342,0.00021608681709039956
5752,3,3,2.3303912257688353e-06,4.4501621232484467e-07,0.02373742125928402,0.9762598276138306
5753,3,3,7.449879194609821e-05,1.0557074325845406e-08,0.04827906936407089,0.9516463875770569
5754,3,3,1.9257081476098392e-06,6.064551416784525e-05,0.00022960855858400464,0.9997077584266663
5755,2,2,7.829255991964601e-06,4.9795684020637054e-08,0.9999891519546509,2.966873353216215e-06
5756,2,2,0.0009879455901682377,6.680637852696236e-06,0.9989332556724548,7.218757673399523e-05
5757,3,3,6.033329214005789e-07,4.2402271560604277e-07,0.006112042348831892,0.9938868880271912
5758,2,2,0.0006153572467155755,4.872901371300031e-08,0.9321603775024414,0.06722423434257507
5759,3,3,2.7357984322406992e-08,2.423861644729186e-08,6.706076965201646e-05,0.9999328851699829
5760,2,2,9.843441148404963e-06,7.634411076651304e-07,0.9999736547470093,1.5676130715291947e-05
5761,1,1,1.1788253573286056e-07,0.9999998807907104,6.673540386969989e-09,1.6403353120253428e-09
5762,3,3,1.660119778534863e-05,3.224936984125293e-10,0.0005524791777133942,0.9994308352470398
5763,2,2,1.0138393918168731e-05,1.624987433501701e-08,0.9999388456344604,5.0945247494382784e-05
5764,1,1,0.00042822895920835435,0.9994062185287476,0.00014206863124854863,2.341448089282494e-05
5765,1,1,2.2857109982510337e-08,1.0,2.5154678687244747e-11,4.5780357282865225e-09
5766,2,2,2.408296313660685e-05,1.567362414789386e-05,0.9273912310600281,0.07256894558668137
5767,3,3,9.306170977652073e-05,3.836081674535308e-08,0.15658500790596008,0.8433218598365784
5768,3,3,7.377306587841304e-07,1.0828240387672494e-10,0.00081227085320279,0.9991869330406189
5769,3,3,5.2429528295760974e-05,0.00013116729678586125,0.0016340584261342883,0.9981824159622192
5770,0,0,1.0,1.1340650196700608e-08,1.0357654289805396e-08,5.4522737436002444e-09
5771,2,2,8.367118425667286e-06,1.4888609030094813e-06,0.999950647354126,3.950227619498037e-05
5772,3,3,1.8480866856407374e-05,4.9389998757476405e-09,0.00037111295387148857,0.9996104836463928
5773,2,3,6.5904532675631344e-06,2.2847341796250475e-09,0.16432316601276398,0.8356702327728271
5774,3,3,1.297307221648225e-07,1.8601471651891188e-07,0.0013773109531030059,0.9986222982406616
5775,2,2,4.841306022740355e-08,2.5355875621357882e-08,1.0,2.4574209334105035e-08
5776,2,2,7.083591299306136e-06,1.6229709217441268e-05,0.9999536275863647,2.3109741960070096e-05
5777,2,2,0.0006663732347078621,7.393478153971955e-05,0.9362326264381409,0.06302705407142639
5778,0,0,0.9999879598617554,1.0585173185972963e-05,7.712920364610909e-07,7.97380607764353e-07
5779,3,3,7.271784852491692e-05,2.4236619822204375e-08,0.0038228833582252264,0.9961044788360596
5780,0,3,0.1288328319787979,9.710247832117602e-05,0.00010518423368921503,0.8709649443626404
5781,1,1,1.8249244249091134e-06,0.9999982118606567,1.435394914039989e-09,6.291846904593612e-11
5782,3,3,9.613299880584236e-07,1.2391192960592434e-08,0.00013262938591651618,0.9998663663864136
5783,3,3,0.00010382562322774902,1.8241681800645893e-06,0.0006670780712738633,0.9992272853851318
5784,1,1,0.1578688621520996,0.8411608934402466,0.0008143888553604484,0.00015586249355692416
5785,2,2,7.322792953345925e-06,1.384718295582843e-08,0.9995617270469666,0.0004309366049710661
5786,0,0,0.9999735355377197,1.3727738945590318e-08,8.772873115958646e-06,1.7621012375457212e-05
5787,3,3,8.312947556987638e-07,7.956081127247217e-09,1.3614340787171386e-05,0.9999855756759644
5788,3,3,9.515503734291997e-06,2.2005599120689112e-08,7.756116974633187e-05,0.9999128580093384
5789,1,1,4.1758471525099594e-07,0.9999995231628418,1.5026103972193283e-10,9.950291701699143e-10
5790,1,1,5.663930435773068e-10,0.9999998807907104,2.9449687133364932e-09,1.0276250606011672e-07
5791,2,2,2.269370497742784e-06,3.5283667654262274e-10,0.999932050704956,6.573906284756958e-05
5792,3,3,0.0013551036827266216,3.2375598379985604e-07,0.2517549991607666,0.746889591217041
5793,3,3,4.562874380553694e-07,1.1550271494797926e-07,0.0001401080226060003,0.9998593330383301
5794,3,3,5.721464731323067e-06,2.3455428710406068e-09,1.1961321433773264e-05,0.9999823570251465
5795,0,0,0.9999202489852905,5.611175765807275e-06,4.142934994888492e-05,3.260602898080833e-05
5796,0,0,0.9894681572914124,0.00010990907321684062,0.002048996975645423,0.008372971788048744
5797,0,3,0.1400999128818512,9.388331223547652e-10,0.0010471155401319265,0.8588529825210571
5798,1,1,8.697602993379405e-08,0.9999998807907104,3.7873607028338085e-10,2.8510521721258897e-10
5799,0,0,0.9999997615814209,5.24251149158772e-08,1.4437898698815843e-07,8.549947239089306e-08
5800,3,3,1.890015255412436e-08,1.354044321111303e-09,0.00011263121268711984,0.9998873472213745
5801,1,1,2.744145533029041e-08,1.0,5.953572634886939e-10,1.1169754357553963e-11
5802,1,1,2.027726850428735e-06,0.9999977350234985,5.019408222395327e-10,2.2311087377602234e-07
5803,1,1,3.7742836411780445e-07,0.999997615814209,1.9756207620957866e-06,4.44059651272255e-08
5804,2,2,6.388663678080775e-06,2.4479401616872565e-08,0.9999911785125732,2.322781483599101e-06
5805,0,0,0.9999995231628418,2.6429935928717896e-07,1.9647035287562176e-07,4.758250238268147e-09
5806,0,0,0.993665874004364,2.5869310775306076e-05,0.0019090904388576746,0.004399068653583527
5807,2,2,4.2954177104093105e-08,7.05538525380689e-08,0.999998927116394,9.710972790344385e-07
5808,0,0,0.9958384037017822,1.4269860912463628e-05,0.004139640834182501,7.70284441387048e-06
5809,0,0,0.9985675811767578,4.387765875435434e-05,0.0008345142705366015,0.0005540187121368945
5810,3,3,0.0004092057642992586,1.1682097067478026e-08,3.9902894059196115e-05,0.9995508790016174
5811,1,1,4.709105269284919e-06,0.9999947547912598,4.802311650564661e-07,2.8678931229819682e-08
5812,0,0,0.9450311660766602,1.3406439620666788e-06,0.0001411023986293003,0.0548262782394886
5813,2,2,3.884810666932026e-06,1.5032520650493097e-07,0.5783212184906006,0.4216747581958771
5814,2,2,5.361535500014725e-07,1.1554556067494559e-07,0.9986633062362671,0.001335987588390708
5815,0,0,0.9998612403869629,9.599408076610416e-05,7.2032025855151005e-06,3.5621611459646374e-05
5816,3,3,4.494633230933687e-06,2.4065313937171595e-06,0.0012975077843293548,0.9986956715583801
5817,1,1,0.009316662326455116,0.9906702041625977,1.0975683835567906e-05,2.0927091100020334e-06
5818,0,0,0.9996165037155151,0.0002519228437449783,8.235593122662976e-05,4.922741209156811e-05
5819,3,3,0.00011924098362214863,1.652781378425061e-07,0.04223459213972092,0.9576460719108582
5820,1,1,4.406610514706699e-06,0.9999955892562866,3.0206689927148034e-10,7.753315212077894e-10
5821,1,1,7.822249159517014e-08,0.9999998807907104,3.90416676765426e-09,2.143047961311595e-09
5822,0,0,0.9999797344207764,1.662726504036982e-06,4.7329908738902304e-06,1.3883202882425394e-05
5823,0,3,0.007990776561200619,0.0006320474203675985,0.17751522362232208,0.8138619065284729
5824,0,0,0.9997274279594421,8.180869031093607e-07,3.36186021741014e-05,0.00023812151630409062
5825,3,3,3.733731546162744e-06,1.481909777112378e-07,0.00029194229864515364,0.9997041821479797
5826,3,3,1.2850177881773561e-06,2.900538831340782e-08,4.324724432080984e-05,0.999955415725708
5827,0,0,0.9999994039535522,1.661480553138972e-07,3.7561679278041993e-07,4.7647727541288987e-08
5828,2,0,0.9146210551261902,0.014004508033394814,0.05972873792052269,0.011645618826150894
5829,3,3,0.015623506158590317,2.6879126835410716e-06,0.00014556301175616682,0.984228253364563
5830,2,2,0.0004131638561375439,7.076759089841289e-08,0.9817799925804138,0.017806777730584145
5831,3,3,2.036462137766648e-05,2.7375460831535747e-07,0.0003315498470328748,0.999647855758667
5832,1,1,2.3420714256872088e-08,1.0,4.437201273077562e-09,4.3825021389665153e-10
5833,0,0,0.9999797344207764,4.5645747377420776e-06,5.5644586609560065e-06,1.0156412827200256e-05
5834,2,3,3.9546761399833485e-05,2.9143384381313808e-05,0.46262797713279724,0.5373033285140991
5835,2,2,0.00010500018834136426,1.6497246235758212e-08,0.9734148383140564,0.02648007497191429
5836,2,2,1.2107030897823279e-06,1.4302149464739955e-09,0.9999630451202393,3.572598143364303e-05
5837,2,2,2.7384437998989597e-05,2.6938355404126924e-06,0.9998935461044312,7.632140477653593e-05
5838,1,1,2.5318350194147854e-10,1.0,1.6874335262428986e-11,1.9781008775421327e-10
5839,2,2,2.603287430247292e-05,6.520396667042405e-09,0.592474102973938,0.4074998199939728
5840,2,2,1.978013460757211e-05,3.5052151361014694e-05,0.9994232654571533,0.0005218881415203214
5841,1,2,0.0005760023486800492,0.011020168662071228,0.7969801425933838,0.19142372906208038
5842,2,2,2.7305764888296835e-05,1.0027281405200483e-07,0.999962329864502,1.0239768926112447e-05
5843,2,2,0.00013577636855188757,1.0220490054280162e-07,0.9998632669448853,8.742186423660314e-07
5844,1,1,3.5244006539869588e-06,0.9999964237213135,6.426095766620676e-11,1.3053900183024325e-09
5845,3,3,1.521646208857419e-05,2.6229191263382745e-08,0.009289727546274662,0.9906949996948242
5846,3,3,4.049501148983836e-05,7.002992106208694e-07,0.0009324860875494778,0.9990262985229492
5847,3,3,0.00023420042998623103,3.525630916101363e-07,0.0021489402279257774,0.9976165294647217
5848,3,3,9.154998406302184e-05,9.059921146636896e-10,0.004418242257088423,0.9954902529716492
5849,3,3,0.0002419703669147566,1.0402281986898743e-06,6.663863314315677e-05,0.9996902942657471
5850,2,2,3.614277602537186e-06,2.933768519142177e-05,0.9999352693557739,3.183376247761771e-05
5851,2,2,6.5648109739413485e-06,8.448611055200672e-08,0.9353736639022827,0.06461964547634125
5852,3,3,6.952546300453832e-06,1.0223440227719038e-07,5.071817213320173e-06,0.9999878406524658
5853,3,3,3.673148967209272e-05,2.582562386166387e-09,0.013330514542758465,0.9866327047348022
5854,3,3,5.597718555350184e-08,1.0709485742665947e-08,1.8429404008202255e-05,0.9999815225601196
5855,0,0,0.9998791217803955,2.6375291781732813e-05,9.281074744649231e-05,1.678339799582318e-06
5856,2,2,0.0019297079415991902,1.007407579578512e-08,0.9869434833526611,0.011126725003123283
5857,3,3,2.717898269111174e-06,3.5262102127120443e-09,0.00020593023509718478,0.9997913241386414
5858,3,3,1.1865848136949353e-05,5.6949171266751364e-05,0.0002074286458082497,0.9997237324714661
5859,1,1,0.0002442475233692676,0.9996299743652344,9.02511746971868e-05,3.5473516618367285e-05
5860,3,3,1.0173224609388853e-06,4.4103547480744965e-09,0.00018349091988056898,0.9998155236244202
5861,3,3,4.643376598778559e-07,2.324388859165083e-08,0.0029161309357732534,0.9970833659172058
5862,2,3,2.3368342226604e-05,8.715093535727192e-09,0.003146494971588254,0.9968301653862
5863,3,3,0.005527537781745195,9.418390618520789e-06,1.3297229088493623e-05,0.9944498538970947
5864,3,3,1.0619745808071457e-05,2.906584768425091e-06,0.002653708914294839,0.9973328113555908
5865,2,2,2.462017221205315e-07,7.617468433807062e-09,0.9999997615814209,2.853099800859127e-08
5866,3,3,0.0016435201978310943,0.00013309670612215996,0.27633020281791687,0.7218931913375854
5867,2,3,0.004903394263237715,1.2986375530488203e-08,0.39758333563804626,0.5975133180618286
5868,3,3,8.456916589238972e-07,4.117588048302423e-09,6.490923851742991e-07,0.9999984502792358
5869,2,2,1.2498479009082075e-05,4.830151834056551e-09,0.976725161075592,0.02326231822371483
5870,0,0,0.5381765961647034,0.0012336189392954111,0.00010401887993793935,0.4604857861995697
5871,2,3,3.35548634211591e-07,1.8705424764675627e-08,0.1842728704214096,0.8157268166542053
5872,1,1,7.645914479326166e-08,0.9999996423721313,2.5615442211801565e-08,2.72081052798967e-07
5873,0,1,0.02073661983013153,0.9787817597389221,0.0004779239825438708,3.7535064620897174e-06
5874,0,0,0.9537066221237183,0.0003855879476759583,0.00463860435411334,0.0412692166864872
5875,3,3,5.92937103647273e-05,5.19209652338759e-06,0.0006665735854767263,0.9992689490318298
5876,3,3,0.0001286292972508818,3.999067246240884e-07,0.0033913422375917435,0.9964796900749207
5877,1,1,8.714768000572803e-07,0.9999768733978271,4.383483883430017e-06,1.7854270481620915e-05
5878,0,0,0.9999996423721313,4.6944116149916226e-08,2.2932964327537775e-07,5.582093010048084e-08
5879,0,0,0.9997963309288025,5.305462735805122e-09,0.0001422549394192174,6.136851152405143e-05
5880,3,3,1.0362606417402276e-06,1.1002348365707348e-08,2.6727004751592176e-06,0.9999963045120239
5881,1,1,7.132699829526246e-05,0.9999287128448486,6.911179184498906e-09,8.527186956541755e-09
5882,1,1,2.270908407808747e-05,0.9999767541885376,1.8251165911919998e-08,4.2337674699410854e-07
5883,2,2,1.4592172874472453e-06,1.1860970516863745e-07,0.9999983310699463,6.777462857598948e-08
5884,0,2,0.0030431761406362057,1.6993517419905402e-05,0.994442880153656,0.0024969633668661118
5885,0,0,0.9999935626983643,1.0062772304308965e-07,4.850605364481453e-06,1.3977805792819709e-06
5886,0,2,0.0003809175977949053,1.9969506865891162e-06,0.998116135597229,0.0015010649804025888
5887,1,1,2.275560859743564e-07,0.9999997615814209,1.0796514793298684e-09,1.879053579401102e-10
5888,0,0,0.9997554421424866,0.0001888078113552183,5.545971362153068e-05,3.0203057121980237e-07
5889,0,0,0.9999912977218628,9.323417771156528e-08,1.4621073205489665e-06,7.182688477769261e-06
5890,3,2,0.045538339763879776,1.699974382063374e-05,0.9283816814422607,0.02606295607984066
5891,0,0,0.9997730851173401,8.1262236051316e-08,9.695928019937128e-05,0.00012985937064513564
5892,0,0,0.8545256853103638,0.1454557478427887,6.526397100969916e-06,1.2039869034197181e-05
5893,2,2,0.00010397849837318063,9.716372062484879e-08,0.9998581409454346,3.780032056965865e-05
5894,0,0,0.9999362230300903,1.2627592695935164e-06,4.918651029583998e-05,1.3319810022949241e-05
5895,3,3,0.00010046654642792419,5.707004660515658e-11,3.6088982596993446e-05,0.9998633861541748
5896,3,3,0.0001247378095285967,3.522801250710472e-08,0.10284450650215149,0.8970307111740112
5897,0,0,0.9999997615814209,1.8590279537988863e-08,6.75731044452732e-08,4.25837818340824e-08
5898,1,1,4.724658083432587e-06,0.999995231628418,4.0628873598791415e-09,3.8121220069520234e-10
5899,3,3,2.7731198315450456e-06,2.3833861551025848e-09,0.08637959510087967,0.9136176705360413
5900,2,0,0.8823720812797546,3.633923188317567e-05,0.004322256427258253,0.1132693663239479
5901,2,3,7.990532253643323e-07,9.963585512196005e-10,0.03418779745697975,0.9658113718032837
5902,3,0,0.999460756778717,0.0003989237011410296,1.7682086763670668e-05,0.00012269237777218223
5903,3,3,0.0001630924962228164,4.573198384605348e-05,0.0019439345924183726,0.997847318649292
5904,1,1,0.0008865985437296331,0.9971418976783752,0.0008473349153064191,0.001124194241128862
5905,1,1,3.283031037426554e-05,0.9999668598175049,2.47740302938837e-07,1.6269160596493748e-07
5906,3,3,2.9462825068549137e-07,9.50393874710187e-10,0.0008019806700758636,0.999197781085968
5907,2,2,6.653983746218728e-06,2.154898766093538e-06,0.9999903440475464,7.824595513739041e-07
5908,1,1,1.5497589629376307e-05,0.9999268054962158,5.93653749092482e-06,5.175701517146081e-05
5909,0,0,0.9999997615814209,2.2515156672398007e-07,4.010863641212836e-09,3.767225198458846e-09
5910,0,0,0.9999858140945435,7.075062057992909e-06,1.9295134734420571e-07,6.927910817466909e-06
5911,3,3,2.2025140822279354e-07,1.3064743598079076e-07,0.014421270228922367,0.9855784177780151
5912,3,3,1.8691660841341218e-07,7.05937708289639e-08,9.273140676668845e-06,0.9999904632568359
5913,0,0,0.9999998807907104,9.231988506996913e-09,1.2965243101348278e-08,1.3657736985805968e-07
5914,1,1,2.5200577624673315e-08,1.0,7.581942185197477e-09,2.7160993454344862e-08
5915,2,2,0.0015708126593381166,2.4513476546417223e-06,0.9983727335929871,5.411610982264392e-05
5916,0,2,0.07715392857789993,5.006546643926413e-07,0.9227175712585449,0.00012800538388546556
5917,3,3,0.00039940752321854234,0.000590982788708061,0.006825869902968407,0.9921837449073792
5918,3,3,7.371459105343092e-06,2.488866641670029e-07,5.531052011065185e-05,0.9999370574951172
5919,2,2,0.030615217983722687,5.49397256577322e-08,0.9693815112113953,3.197703563273535e-06
5920,0,0,0.9518107771873474,1.4896626154836667e-08,0.001337508438155055,0.0468517541885376
5921,2,2,2.835675513779279e-05,1.3345658800290039e-08,0.9999710321426392,6.019204761287256e-07
5922,0,0,0.8652561902999878,7.420076144626364e-06,0.004411287140101194,0.1303250640630722
5923,2,2,3.681875750771724e-05,3.750128030333144e-07,0.9998941421508789,6.86124840285629e-05
5924,3,3,1.2166566421001335e-07,1.8519110689396712e-09,0.00029712982359342277,0.9997027516365051
5925,2,2,6.975575388423749e-07,5.816490329380031e-07,0.9996246099472046,0.00037409173091873527
5926,3,3,2.61879404206411e-06,6.304439466475742e-06,7.502749940613285e-05,0.9999160766601562
5927,0,0,0.9999974966049194,6.517456085930462e-08,2.8269893093124665e-08,2.459335291860043e-06
5928,0,0,0.9703398942947388,0.016353067010641098,0.0039032225031405687,0.009403838776051998
5929,0,3,0.26290029287338257,1.9894098386430414e-06,0.00024464773014187813,0.7368530631065369
5930,3,3,1.5841491403989494e-05,9.694496760914717e-09,3.717384970514104e-05,0.9999469518661499
5931,3,3,5.8206505855196156e-06,8.026980503927916e-05,0.00029752205591648817,0.999616265296936
5932,2,2,2.536432475608308e-05,3.670240857900353e-06,0.9998815059661865,8.940580300986767e-05
5933,2,2,0.0003858814889099449,2.0339052753115539e-07,0.9950867295265198,0.004527134820818901
5934,2,2,2.389207338637789e-07,8.86345574713232e-09,0.9999954700469971,4.257275577401742e-06
5935,0,3,0.0006654180469922721,9.771076392439682e-09,0.00030798636726103723,0.9990266561508179
5936,2,2,0.0002481769770383835,3.6435019978853234e-07,0.9881981015205383,0.011553282849490643
5937,2,0,0.7379451990127563,0.0005536156240850687,0.25263670086860657,0.008864521980285645
5938,0,0,0.9993467926979065,0.0006522157927975059,3.496750196063658e-07,6.729750907652488e-07
5939,0,2,0.34973686933517456,7.1329741331283e-05,0.6499201655387878,0.000271564262220636
5940,2,2,1.4731225746800192e-05,1.0942735571006779e-05,0.9999700784683228,4.166005055594724e-06
5941,0,0,0.6122228503227234,0.3803316056728363,0.0074424175545573235,3.1325525924330577e-06
5942,2,2,2.2318283754430013e-07,3.1083806639742306e-09,0.9999969005584717,2.814310164467315e-06
5943,2,2,3.3650871955615003e-07,4.599320391207584e-08,0.9999994039535522,1.8126590362044226e-07
5944,3,3,9.025246981764212e-06,3.9232833159985603e-07,0.0023639395367354155,0.9976267218589783
5945,0,0,0.999975323677063,9.344894635887613e-09,2.1727771581936395e-07,2.440976822981611e-05
5946,2,2,1.6540749129489996e-05,1.1117696203655214e-06,0.9998206496238708,0.000161742398631759
5947,3,3,1.4363035006681457e-05,3.5261713492218405e-05,9.96192975435406e-05,0.9998507499694824
5948,1,1,4.7328405344160274e-05,0.996212363243103,0.0037208821158856153,1.948842327692546e-05
5949,1,1,4.3704730501303857e-07,0.9999984502792358,3.8668179058731766e-07,7.079576107571484e-07
5950,2,2,2.39266370272162e-07,2.6670207375900645e-07,0.9999456405639648,5.388990030041896e-05
5951,0,0,0.9999642372131348,3.4794015846273396e-07,7.88943452789681e-06,2.7572596081881784e-05
5952,2,2,1.763169166224543e-06,2.7222817777783348e-08,0.9999943971633911,3.7585907648463035e-06
5953,0,0,0.9996411800384521,1.5004628721726476e-06,0.0003449554496910423,1.228706787514966e-05
5954,1,1,8.589222488808446e-07,0.9999990463256836,3.4982264307537037e-10,8.58196358421992e-08
5955,2,3,0.06679288297891617,0.00024991133250296116,0.2260328233242035,0.706924319267273
5956,0,0,0.9965812563896179,6.680125807179138e-05,0.0032963796984404325,5.5621712817810476e-05
5957,1,1,6.848475919696284e-08,0.9999998807907104,6.9232815036457396e-09,6.183442091689528e-10
5958,0,0,0.9995997548103333,1.867946508582463e-08,0.0003996806626673788,5.292318405736296e-07
5959,1,1,9.900531949824654e-07,0.999998927116394,2.260626352779127e-08,8.072193935504401e-08
5960,3,3,0.0026425377000123262,0.00034141811192967,0.0022768403869122267,0.9947392344474792
5961,0,0,0.9999988079071045,9.07371600078477e-08,6.453299192799022e-07,5.558101747737965e-07
5962,2,2,3.848381766147213e-06,5.3551051593103693e-08,0.5521805882453918,0.44781556725502014
5963,1,1,1.3536257483792724e-06,0.9999914169311523,5.74686566778837e-07,6.7168607529310975e-06
5964,3,3,0.0005236210417933762,9.215958561981097e-05,0.0007399664027616382,0.9986442923545837
5965,0,0,0.9989523887634277,2.2835178015156998e-07,0.0009233385790139437,0.00012391750351525843
5966,1,1,2.234495696029626e-06,0.9999977350234985,2.5521584845478174e-10,4.3751531286773115e-09
5967,1,1,1.2940661875404658e-08,1.0,6.697370991126661e-10,3.642830481709325e-11
5968,3,3,0.3828396499156952,0.00015293133037630469,0.0002569335338193923,0.6167504787445068
5969,2,3,0.3472965955734253,0.0010301562724635005,0.12352936714887619,0.5281439423561096
5970,1,1,1.8859032024920452e-06,0.9999980926513672,1.923167847195373e-09,3.810046722563243e-10
5971,2,2,0.00017288530943915248,4.566592542687431e-05,0.9921513795852661,0.007630105596035719
5972,0,0,0.9952278137207031,1.41078953674878e-06,0.004770052619278431,7.301956088667794e-07
5973,0,0,0.7688528299331665,1.3484354894899298e-06,0.004629067610949278,0.2265167385339737
5974,0,0,0.9995666146278381,0.00022542169608641416,0.00020618124108295888,1.8640391772350995e-06
5975,1,1,0.002481053816154599,0.9972397089004517,0.00010920014756266028,0.00016997607599478215
5976,1,1,3.295084525234415e-06,0.9999966621398926,9.395924926991484e-09,4.4252967512647956e-08
5977,1,1,4.270822046237299e-06,0.9999957084655762,4.009009513250561e-10,1.346559419523885e-09
5978,2,2,6.822008799645118e-06,1.3777838869799552e-09,0.9999929666519165,2.442037612127024e-07
5979,2,2,8.452338806819171e-05,6.561625014001038e-06,0.9998936653137207,1.5284691471606493e-05
5980,1,1,3.6449492313295195e-08,1.0,3.823570626781958e-11,6.794717566371844e-11
5981,0,3,0.015766838565468788,1.3392239539555817e-09,0.08419349789619446,0.9000396728515625
5982,0,0,0.9997510313987732,8.233787229983136e-05,0.00011369952699169517,5.2885232435073704e-05
5983,3,3,4.764877559182423e-08,4.454407953602413e-09,1.1042038750019856e-05,0.9999889135360718
5984,0,0,0.9999809265136719,1.7662767277215607e-05,3.506918133666659e-08,1.4280878986028256e-06
5985,0,0,0.9987290501594543,0.0003055961860809475,0.00020562298595905304,0.0007597302319481969
5986,2,2,2.5498407921986654e-05,5.69174335396383e-06,0.999955415725708,1.3322339327714872e-05
5987,2,2,2.604193468869198e-05,1.8696098891268775e-07,0.9994935989379883,0.00048013447667472064
5988,3,3,0.005586524028331041,0.18231232464313507,0.012430437840521336,0.7996707558631897
5989,0,0,0.9999992847442627,8.19711019062197e-08,2.315384506346163e-08,6.127311849013495e-07
5990,1,1,1.8315047611849877e-07,0.9999997615814209,1.4440892037725916e-08,1.2752990663500441e-08
5991,0,0,0.9999979734420776,1.7963296841116971e-06,1.8582872129968564e-08,2.3833965201447427e-07
5992,0,0,0.9999991655349731,4.1099269765254576e-08,2.2240780594984244e-07,5.13536349444621e-07
5993,0,0,0.9999593496322632,7.30871647647291e-07,3.9712405850877985e-05,1.886276947971055e-07
5994,2,2,0.0004081408551428467,3.821257266167777e-08,0.9995878338813782,3.992608526459662e-06
5995,2,2,0.0009552586125209928,5.951287675998174e-06,0.9985795021057129,0.0004592681070789695
5996,2,2,0.0001335625711362809,0.00013768658391200006,0.9997157454490662,1.2895394320366904e-05
5997,1,1,4.9741927909963124e-08,1.0,7.88998999468049e-09,1.8715113903056135e-09
5998,2,2,2.846357460839499e-07,3.1196510263953314e-08,0.9999992847442627,3.944140303246968e-07
5999,1,1,2.4526082142983796e-07,0.9999997615814209,1.2996776987961312e-09,2.3491597556102306e-10
6000,2,2,1.767853791534435e-05,3.532530570282688e-07,0.9999617338180542,2.031436815741472e-05
6001,2,2,1.1063939382438548e-05,2.639873741827614e-07,0.9850731492042542,0.014915510080754757
6002,0,0,0.9999980926513672,5.032579792896286e-07,7.729825028945925e-07,6.536012051583384e-07
6003,3,3,6.255359608076105e-07,6.253074946727111e-09,0.02020910009741783,0.9797903299331665
6004,1,1,6.399021003744565e-06,0.9908130764961243,0.0008648962830193341,0.008315568789839745
6005,2,2,2.3050515096656454e-07,3.878158949532917e-08,0.9987254738807678,0.0012742544058710337
6006,2,0,0.9980338215827942,4.167233419138938e-05,0.001904927077703178,1.957232234417461e-05
6007,1,1,1.2041207810398191e-05,0.9974971413612366,0.00010213311907136813,0.0023886680137366056
6008,3,3,7.77258537709713e-05,1.392642872133365e-07,0.028446124866604805,0.9714760184288025
6009,3,3,6.989343819441274e-05,2.0933432551828446e-06,0.005569354631006718,0.9943585991859436
6010,2,2,8.150155395014735e-07,1.7919118633358266e-08,0.9999971389770508,2.0496447632467607e-06
6011,3,3,0.00015494308900088072,3.159183492584816e-08,0.00674708466976881,0.9930979609489441
6012,0,0,0.9995519518852234,6.657619815086946e-05,0.0002768600534182042,0.00010448324610479176
6013,2,3,9.984047210309654e-06,5.525903929992637e-07,0.4043281674385071,0.5956613421440125
6014,3,3,2.362780833209399e-06,1.1859116355594779e-08,0.0004982501268386841,0.9994993209838867
6015,2,2,1.3243543151020276e-07,2.0163900771308363e-08,0.9999998807907104,2.2742072669501567e-09
6016,3,3,3.019102905454929e-07,2.201594684336783e-09,0.00029330284451134503,0.9997063279151917
6017,3,3,0.00030677858740091324,4.200057901471155e-08,0.012826286256313324,0.9868669509887695
6018,3,3,3.13658074446721e-06,2.508774965548355e-09,0.0030142595060169697,0.9969826340675354
6019,1,1,9.138397581409663e-05,0.999869704246521,4.6535782871615083e-07,3.8339941966114566e-05
6020,3,3,1.0209906577074435e-05,6.849117939466964e-10,0.003444529604166746,0.9965452551841736
6021,2,2,1.2812755812774412e-05,4.1954972829216786e-10,0.9996488094329834,0.0003382816503290087
6022,2,2,2.632965276916366e-07,7.805591195619854e-08,0.6485146284103394,0.35148507356643677
6023,2,2,2.0653369574574754e-06,5.20022695127409e-07,0.9999421834945679,5.5211043218150735e-05
6024,2,2,0.0066675650887191296,3.5412992360761564e-07,0.9291945099830627,0.0641375482082367
6025,2,2,0.0011745081283152103,0.0002192723040934652,0.9983024597167969,0.0003037853166460991
6026,3,3,1.3446515367832035e-05,9.005025702890634e-08,0.02606981061398983,0.9739166498184204
6027,2,2,4.194881171315501e-07,8.790134842229236e-09,0.9999991655349731,2.900517586112983e-07
6028,2,3,0.0009088047663681209,6.11986976650769e-08,0.024185776710510254,0.9749053120613098
6029,1,1,8.988971785583999e-06,0.9999241828918457,6.55491094221361e-05,1.3344867966225138e-06
6030,3,3,4.994030314264819e-05,5.264720925879374e-07,0.2922121584415436,0.707737386226654
6031,3,3,2.4047189981502015e-06,9.459581562509811e-09,0.01701490394771099,0.9829826951026917
6032,0,0,0.9999997615814209,2.4696092282283644e-08,1.3645293783781653e-08,1.5526813967881026e-07
6033,1,1,2.3709709751074115e-09,1.0,1.424936968419388e-08,9.230422648442982e-09
6034,3,3,5.583142410614528e-05,1.0371810965636996e-08,0.029297396540641785,0.9706467986106873
6035,3,3,3.578894904876506e-07,1.5331221447922871e-07,0.005359219387173653,0.9946402907371521
6036,3,3,8.643301043775864e-07,2.313818248111943e-09,0.00031543575460091233,0.9996837377548218
6037,2,2,3.206337714800611e-05,0.0033523407764732838,0.9961710572242737,0.00044459759374149144
6038,3,3,4.081338374817278e-06,1.3591221659225994e-07,0.0002934672520495951,0.9997022747993469
6039,1,1,4.8116990001290105e-06,0.9999949932098389,7.053850481497648e-08,1.328874361661292e-07
6040,1,1,1.2331566878742706e-08,1.0,7.0460729265087174e-12,2.9790950956121165e-11
6041,0,0,0.999616265296936,0.0001486397086409852,0.00018517007993068546,4.9838086852105334e-05
6042,2,2,0.0011397663038223982,1.6811061698263075e-07,0.9987806677818298,7.936869224067777e-05
6043,2,3,0.039371635764837265,1.0624080459820107e-05,0.08002471178770065,0.8805930614471436
6044,0,0,0.6893618106842041,0.0007092253072187304,0.2567896842956543,0.05313930660486221
6045,0,0,0.990433931350708,3.437938858041889e-07,0.0004784650227520615,0.009087301790714264
6046,0,0,0.98525071144104,1.0384395864093676e-05,0.013680246658623219,0.0010586442658677697
6047,0,0,0.9997232556343079,1.1651771274046041e-05,7.365827968897065e-06,0.0002576489932835102
6048,0,0,0.9999992847442627,6.170390776105705e-08,2.1991317566971702e-07,3.619294943746354e-07
6049,2,2,0.0021716197952628136,4.530459591478575e-06,0.9824867844581604,0.015337016433477402
6050,2,2,0.0021177411545068026,1.2747426580972387e-06,0.9935256242752075,0.004355331417173147
6051,2,3,0.3090978264808655,0.00034192955354228616,0.3201425075531006,0.3704177737236023
6052,1,1,9.482847929120908e-08,0.9999998807907104,4.257239449856343e-09,7.923952161092984e-09
6053,2,2,6.804764751677794e-08,8.63021298869171e-08,0.9999997615814209,2.5323101837670947e-08
6054,2,2,9.416535249329172e-06,1.815779704372744e-08,0.9999690055847168,2.1499583453987725e-05
6055,3,3,4.6629330086034315e-07,8.974021170615742e-08,0.005877508316189051,0.9941218495368958
6056,1,1,1.079216076504963e-07,0.9999998807907104,4.783045071121705e-10,3.6544836046203955e-09
6057,1,1,2.430375934636686e-05,0.9999755620956421,9.959062907682892e-08,3.357661526592892e-08
6058,0,2,0.17699801921844482,0.004420927260071039,0.8174845576286316,0.0010965142864733934
6059,3,3,1.065551350620808e-05,1.185816556059649e-09,0.002009839750826359,0.9979795813560486
6060,1,1,5.4182596187501986e-09,1.0,5.808577618893196e-09,3.74316222462312e-08
6061,0,0,0.999996542930603,1.3425176348391687e-07,2.4541620859963587e-06,7.932220000839152e-07
6062,3,3,2.591935128748446e-07,1.8624134554556804e-06,3.545604704413563e-05,0.999962329864502
6063,3,3,0.0033088005147874355,2.6358175091445446e-06,0.0002867682196665555,0.9964017868041992
6064,2,1,0.03881555050611496,0.9064268469810486,0.053330495953559875,0.001427029143087566
6065,0,0,0.9978380799293518,0.0009228700073435903,0.0010070211719721556,0.00023202065494842827
6066,2,2,1.6469900856463937e-06,1.4032142559017302e-08,0.9999862909317017,1.2023723684251308e-05
6067,2,0,0.9139002561569214,6.712340837111697e-05,0.08065767586231232,0.005374927539378405
6068,3,2,4.4883028749609366e-05,8.901113623949186e-09,0.999421238899231,0.0005339148920029402
6069,2,2,0.0002747583494056016,8.139480200952676e-07,0.9997155070304871,8.95836183190113e-06
6070,2,2,1.8353168343310244e-05,8.046001909178813e-08,0.9999608993530273,2.061672967101913e-05
6071,3,3,0.00445379875600338,0.00658396678045392,0.00035222567385062575,0.988610029220581
6072,2,0,0.8708139061927795,0.00045668738312087953,0.0918736532330513,0.03685569018125534
6073,1,1,8.746309276830289e-08,0.9999995231628418,3.009115516761085e-07,7.697376247506327e-08
6074,2,2,0.006918259430676699,2.298326080563129e-06,0.9919759631156921,0.0011034448398277164
6075,0,0,0.9999984502792358,1.4000714827488991e-06,1.370516322651838e-08,9.125677280508171e-08
6076,1,1,5.255367909740016e-07,0.9999995231628418,1.9840888654254485e-10,1.3829149630995019e-11
6077,1,1,1.082895773052428e-09,1.0,1.8785163702350616e-10,8.792414019076489e-11
6078,3,3,9.237588756150217e-07,4.959933019854645e-10,0.007973513565957546,0.9920255541801453
6079,2,2,9.639447853260208e-06,9.534815944789443e-06,0.9996039271354675,0.0003768748720176518
6080,3,3,2.6631350920069963e-05,9.40627131740257e-08,0.0005242856568656862,0.9994489550590515
6081,3,3,0.0015416218666359782,0.0031856796704232693,0.3869929313659668,0.6082797646522522
6082,3,3,6.680073965981137e-06,6.214331271792162e-09,0.006536489352583885,0.9934567809104919
6083,2,2,8.995505595521536e-06,2.3284039230020426e-07,0.9998096823692322,0.00018117458967026323
6084,2,3,8.030264666558651e-07,4.650981466625126e-08,0.001693708123639226,0.9983054399490356
6085,3,3,6.158363703434588e-07,2.6912070794082865e-08,0.00921325571835041,0.9907861948013306
6086,3,3,1.1888778317370452e-05,2.4705370833544293e-06,0.016982248052954674,0.9830033779144287
6087,1,1,1.2565982387968688e-07,0.9999991655349731,3.5764358585765876e-07,3.350775159560726e-07
6088,3,3,1.0778204341477249e-05,8.605507417769331e-08,0.18355302512645721,0.8164360523223877
6089,0,1,0.25489774346351624,0.7443036437034607,0.0002600668231025338,0.0005386177217587829
6090,1,1,1.6640909095144707e-08,1.0,7.599446405492927e-09,1.749532785311203e-08
6091,2,2,1.072492864295782e-06,8.065558176895138e-06,0.9993979930877686,0.0005928404279984534
6092,1,1,1.643608084123116e-05,0.999983549118042,4.054616364879138e-10,1.922868753112539e-09
6093,0,0,0.9188507795333862,0.06875292211771011,0.011923943646252155,0.0004723047895822674
6094,3,3,1.0580022717476822e-05,1.5434023836746746e-08,0.014941704459488392,0.9850476980209351
6095,3,3,0.005699428729712963,0.0002967592154163867,0.11903108656406403,0.8749727606773376
6096,2,2,4.75534670840716e-06,1.3405097831764579e-07,0.9999912977218628,3.7973613871145062e-06
6097,3,3,0.00010699935228331015,1.2041793979733484e-06,0.16097043454647064,0.8389213681221008
6098,0,0,0.9976083040237427,9.057405804924201e-06,1.59540450113127e-05,0.002366731408983469
6099,0,0,0.8977199196815491,0.015807082876563072,0.04277127981185913,0.04370167851448059
6100,2,3,0.03942053020000458,1.604031467650202e-07,0.002344737993553281,0.9582346081733704
6101,2,2,1.9486255098399852e-07,4.681747967083538e-08,0.9333826899528503,0.06661703437566757
6102,1,1,0.00014340868801809847,0.9998544454574585,6.215537950993166e-08,2.02933779291925e-06
6103,2,2,0.00041064011747948825,6.793957396666883e-08,0.969550371170044,0.030038954690098763
6104,2,2,0.0057857586070895195,3.425034833526297e-08,0.9940822720527649,0.00013194479106459767
6105,2,2,7.892640132922679e-05,1.0375907244508653e-08,0.9761106371879578,0.023810477927327156
6106,1,1,0.000290758500341326,0.9996980428695679,1.2389750736474525e-07,1.1105244084319565e-05
6107,0,0,1.0,3.3099243346157436e-09,9.354987895449085e-09,9.823372337791625e-09
6108,0,0,0.564457893371582,1.8776424326460983e-07,0.43509864807128906,0.0004433322756085545
6109,2,2,1.7126235434261616e-06,3.971764694910007e-09,0.9999978542327881,4.997740461476496e-07
6110,3,3,0.2787223160266876,0.0003001229779329151,0.13709479570388794,0.583882749080658
6111,1,1,2.980452791234711e-07,0.9999977350234985,1.9218043689761544e-06,5.6303829154558116e-08
6112,3,3,1.2059696246069507e-06,4.824528776481429e-09,3.8698563002981246e-06,0.9999948740005493
6113,2,3,0.00018906730110757053,5.289336058922345e-06,0.10014626383781433,0.8996593952178955
6114,0,3,0.3326405882835388,1.6739046486691223e-06,1.5854204320930876e-05,0.6673418879508972
6115,3,3,0.01068529300391674,1.4523080608341843e-05,0.11795337498188019,0.8713467717170715
6116,2,2,0.00016013729327823967,3.5831631066685077e-06,0.9847068190574646,0.01512946654111147
6117,2,2,0.0030793575569987297,5.976056854706258e-06,0.9834553003311157,0.013459403067827225
6118,1,1,2.0253123977909127e-07,0.999818742275238,8.510083716828376e-05,9.599485201761127e-05
6119,0,0,0.9986176490783691,0.0005135417450219393,0.0006586842355318367,0.00021007825853303075
6120,0,0,0.9999964237213135,6.574498456757283e-07,1.211628841701895e-07,2.7845785552926827e-06
6121,1,1,1.6534919211608212e-08,1.0,7.323253115032458e-11,1.8525162306937126e-11
6122,2,2,2.3098402834875742e-07,3.394932945877116e-10,0.9983924031257629,0.0016073628794401884
6123,0,0,0.9999123811721802,6.569139077328146e-05,7.449672011716757e-06,1.4478123375738505e-05
6124,2,2,0.00016702870198059827,1.3464792573358864e-05,0.999659538269043,0.00015992987027857453
6125,3,3,0.0003804315347224474,6.441737787099555e-05,0.10802536457777023,0.8915297985076904
6126,3,3,1.9373188479221426e-05,2.1112086301400268e-07,0.0483153760433197,0.9516649842262268
6127,1,1,8.318699838127941e-05,0.9998466968536377,3.750197356566787e-05,3.258457945776172e-05
6128,1,1,1.141247594205197e-05,0.9999682903289795,1.5487647715417552e-06,1.8662731235963292e-05
6129,3,3,8.327120895046392e-07,6.382540505001089e-06,2.4890690838219598e-05,0.9999678134918213
6130,0,0,0.9934380650520325,4.486744001042098e-05,1.8730268493527547e-05,0.006498395930975676
6131,2,2,5.8514699048828334e-05,1.1229363217069022e-08,0.9999345541000366,6.897001185279805e-06
6132,3,3,6.185474035191874e-07,2.290845013686038e-10,4.343475302448496e-05,0.9999558925628662
6133,0,3,0.01728694513440132,0.03764425590634346,0.015604243613779545,0.9294645190238953
6134,0,0,0.9909001588821411,0.0004543278191704303,0.0074922568164765835,0.001153190853074193
6135,1,1,4.830292610336073e-08,1.0,5.275548886629622e-10,5.3782102327204484e-08
6136,0,0,0.9999994039535522,2.7511651978784357e-07,1.173590788994261e-07,1.9897328229490086e-07
6137,2,2,0.00017752518760971725,3.630493949913216e-08,0.8651665449142456,0.1346558928489685
6138,2,2,3.446588743827306e-05,0.00016513786977156997,0.9788389801979065,0.020961416885256767
6139,3,3,2.4721850422793068e-05,2.901190612192295e-07,0.004524874500930309,0.9954501986503601
6140,3,3,0.00993628054857254,0.0001618938404135406,0.0005380575312301517,0.9893636703491211
6141,3,3,0.006895896513015032,4.69726941787485e-08,0.22545714676380157,0.7676469087600708
6142,2,2,2.4487192149535986e-06,1.361689191980986e-05,0.9999802112579346,3.7144197904126486e-06
6143,0,0,0.9999960660934448,6.035311912455654e-07,1.8749993841993273e-06,1.3846148476659437e-06
6144,3,3,1.92433766699196e-08,6.346555281311339e-09,2.563083944551181e-05,0.9999743700027466
6145,0,0,0.5291204452514648,0.0020121908746659756,0.000694015237968415,0.4681733548641205
6146,1,1,5.525855044652417e-07,0.9999994039535522,1.6719990725277967e-08,1.3607700521944821e-09
6147,1,1,9.852908533503069e-07,0.9999990463256836,2.7091401344492283e-10,1.1892500317856047e-09
6148,1,1,6.095899340863298e-09,0.9999998807907104,1.2220074552260485e-07,4.566671929495669e-09
6149,0,0,0.9988682270050049,0.00025063689099624753,2.5371191441081464e-05,0.0008557793335057795
6150,0,1,0.0016495255986228585,0.9972847700119019,0.00017139752162620425,0.0008942164713516831
6151,1,1,1.1971746971539687e-06,0.9999985694885254,1.9518584792876936e-07,1.7297405729976845e-09
6152,1,1,3.066698184284178e-08,1.0,3.6249658830200815e-09,2.281459821062981e-08
6153,1,1,5.14962084707804e-06,0.9994742274284363,0.00048467874876223505,3.602539436542429e-05
6154,3,3,2.373509005337837e-06,2.3633921486521103e-08,0.00022245041327551007,0.999775230884552
6155,1,1,1.349847389064962e-05,0.9999853372573853,1.0717986924646539e-06,9.754432284125869e-08
6156,1,1,1.3707141306440462e-06,0.9999985694885254,1.5099617112213082e-09,4.833810574034203e-10
6157,1,1,9.70182227888472e-08,0.9999998807907104,3.1562197300161188e-09,1.670387206331725e-08
6158,0,0,0.9700993299484253,4.053639713674784e-05,0.0022332919761538506,0.02762680873274803
6159,0,0,0.9993143081665039,3.3601195355004165e-06,0.0005260619800537825,0.0001562381803523749
6160,0,0,0.9989913105964661,0.0009655104950070381,6.477692409134761e-07,4.258863555151038e-05
6161,2,0,0.8486965894699097,0.0004239740956109017,0.12635375559329987,0.024525707587599754
6162,1,1,1.2086527334531638e-08,1.0,1.6843899608431911e-09,3.860754424489521e-11
6163,1,1,1.965616291954575e-08,1.0,4.096936123687556e-09,4.567819733569678e-10
6164,1,1,0.0025015082210302353,0.9974982142448425,3.009967883826903e-07,2.905982654510808e-08
6165,2,2,0.00042610662057995796,0.00010852271952899173,0.9986376166343689,0.0008277915185317397
6166,0,0,0.9999964237213135,9.690766233916293e-08,3.385774334674352e-06,1.9699788822435949e-07
6167,3,3,6.883665264467709e-07,2.1187624987817344e-09,5.13821178174112e-05,0.9999479055404663
6168,3,3,0.0002507205063011497,0.0006856516702100635,0.0011735125444829464,0.997890055179596
6169,2,2,3.174942685291171e-05,1.498043911141167e-09,0.9992769360542297,0.0006913070101290941
6170,1,1,1.066817816308685e-07,0.9999998807907104,3.061420272842952e-08,5.8793929724743066e-08
6171,1,1,6.6453577574066e-07,0.9999992847442627,3.946883098127074e-11,2.8701852006207673e-10
6172,1,1,8.496038539362871e-09,1.0,3.2943534011842246e-10,5.716034867653264e-10
6173,2,2,8.733229037716228e-07,6.461807200430769e-10,0.9998939037322998,0.00010521696822252125
6174,1,1,2.0652946020049967e-08,1.0,5.208404374457132e-09,3.408238358204585e-09
6175,0,0,0.780643880367279,0.006314622238278389,0.025014150887727737,0.18802736699581146
6176,0,0,0.999996542930603,3.238066526023431e-08,6.808699595239887e-07,2.7620817490969785e-06
6177,0,0,0.9999828338623047,1.6935649910010397e-05,1.4155122585179924e-07,1.3637941265187692e-07
6178,1,1,5.5838263790519704e-08,0.9999819993972778,4.739139924936353e-08,1.78829905053135e-05
6179,1,1,3.5733204839516475e-08,0.999998927116394,9.201427246807725e-07,1.04118420551913e-07
6180,2,2,0.0006540708127431571,0.00033825510763563216,0.6562981009483337,0.34270963072776794
6181,2,2,0.003091423772275448,0.01358002983033657,0.9830814003944397,0.0002471282205078751
6182,1,1,1.5697727349106572e-06,0.9999984502792358,3.1811410394766426e-08,1.1491570361954473e-08
6183,2,2,0.00046078383456915617,8.959170827438356e-08,0.9995284080505371,1.0769075743155554e-05
6184,1,1,4.733885816676775e-06,0.999995231628418,3.794903236098435e-08,6.03416738798046e-09
6185,2,1,9.913284156937152e-05,0.8178091049194336,0.12874700129032135,0.05334477499127388
6186,1,1,0.0003939084999728948,0.9996060729026794,9.037734116645879e-09,1.8162659154441485e-09
6187,1,1,1.44516477007528e-07,0.9999998807907104,1.8498568010727467e-08,1.2438687857496689e-09
6188,1,1,3.251551206062686e-08,1.0,1.944338912096555e-09,6.284613801588179e-11
6189,0,0,0.9999269247055054,6.478811798160677e-08,7.167414878495038e-05,1.3280447319630184e-06
6190,1,1,2.570461958839587e-07,0.9999992847442627,6.882150671572163e-08,3.8610247088399774e-07
6191,0,0,0.9999068975448608,2.160137410101015e-05,1.7953569113160484e-05,5.349686398403719e-05
6192,2,2,3.2381694836658426e-06,9.887044072343087e-09,0.9999300241470337,6.680149090243503e-05
6193,2,2,0.015428389422595501,1.3396414715316496e-06,0.9806357026100159,0.0039345500990748405
6194,1,1,1.650404044539755e-07,0.9999955892562866,4.6576272438869637e-07,3.822495273198001e-06
6195,1,1,1.321137119703053e-06,0.9998685121536255,1.8179258631789708e-06,0.0001283978926949203
6196,2,2,0.0007551856688223779,3.089133315370418e-06,0.9565128087997437,0.04272890090942383
6197,0,0,0.9999392032623291,5.995610626996495e-05,3.441824105721025e-07,5.013295663047757e-07
6198,1,1,7.66343646319001e-08,0.9999998807907104,1.1922535181341232e-09,8.933875861316665e-10
6199,1,1,5.62255024760816e-08,0.9999998807907104,1.4772370826587888e-10,8.01921231641245e-08
6200,3,3,1.5079617554647484e-08,1.7486183612192008e-09,1.1245452697039582e-05,0.9999887943267822
6201,1,1,1.3782216683466686e-06,0.9999982118606567,3.7157641941121256e-07,5.6799375869331925e-08
6202,0,0,0.9888867735862732,1.3130218690093898e-07,0.0036175353452563286,0.00749556440860033
6203,2,2,4.417783202370629e-06,4.363121774986212e-08,0.9999920129776001,3.5744376418733737e-06
6204,0,0,0.8974385857582092,1.0090099749504589e-05,0.10153525322675705,0.0010160822421312332
6205,0,0,0.7724410891532898,1.322714950902082e-07,0.2273305207490921,0.0002282093628309667
6206,0,0,0.9999767541885376,9.05411161511438e-06,2.8406489036569837e-06,1.1315610208839644e-05
6207,2,2,2.2078304027672857e-05,1.0044917786444785e-08,0.877585232257843,0.12239271402359009
6208,2,3,6.20727296336554e-05,5.5835148060623396e-08,0.40351593494415283,0.5964218974113464
6209,1,1,3.1346594369097147e-06,0.9999949932098389,6.325742560875369e-07,1.2489925893532927e-06
6210,0,0,0.9444238543510437,0.013134504668414593,0.042434822767972946,6.793712145736208e-06
6211,0,0,0.9999997615814209,2.7193604523745307e-07,1.9772459225464445e-08,6.774651506447071e-09
6212,0,0,0.9998646974563599,4.38568076788215e-06,3.724797352333553e-05,9.364184370497242e-05
6213,0,0,0.9999997615814209,3.515616953109202e-08,4.7288043703019866e-08,1.910457427811707e-07
6214,1,1,1.0977449704796527e-07,0.9999998807907104,1.2161940725341491e-11,1.3264422893399797e-09
6215,0,0,0.9999953508377075,6.239300773813738e-07,3.925581950170454e-06,5.340170616818796e-08
6216,2,2,0.02891765534877777,4.897076905763242e-06,0.9710385799407959,3.8844144000904635e-05
6217,1,1,4.866069858167066e-08,1.0,9.071191020559866e-10,3.6131120317861587e-10
6218,0,0,0.9990924596786499,0.000602648186031729,0.00010716294491430745,0.00019766206969507039
6219,3,3,1.5998019762264448e-06,6.038451465428807e-05,0.019781792536377907,0.9801561832427979
6220,3,3,1.3310776921571232e-05,5.498841915141384e-07,0.05748722329735756,0.9424989223480225
6221,0,0,0.9332593083381653,1.9494002572173486e-06,0.06528855115175247,0.001450108247809112
6222,2,3,0.00011268635716987774,4.525993062998168e-06,0.1054014191031456,0.8944814205169678
6223,1,1,1.1134507360566204e-07,0.9999998807907104,1.8047717764702043e-09,2.6319517745787557e-11
6224,2,2,4.093503775948193e-06,1.7244591532517006e-08,0.9999918937683105,4.000939952675253e-06
6225,1,1,2.0578838757501217e-06,0.9999948740005493,1.801256075850688e-06,1.3445187505567446e-06
6226,2,3,1.5901066944934428e-05,2.046821663270748e-07,0.12557852268218994,0.8744053840637207
6227,1,1,4.2106881892323145e-07,0.9999876022338867,1.6501452648753911e-07,1.1786973118432797e-05
6228,0,0,0.9999951124191284,2.3677644378494733e-07,1.86731745088764e-06,2.7189475986233447e-06
6229,2,2,0.00010190176544710994,1.638467983866576e-05,0.9984270334243774,0.00145468779373914
6230,2,2,1.0609489891066914e-06,1.334491128712756e-10,0.9999961853027344,2.7931473596254364e-06
6231,3,3,1.4394124264072161e-05,4.276318854579131e-09,3.6344015825307e-05,0.9999492168426514
6232,1,1,2.3106283606466604e-06,0.9999972581863403,3.3479645367151534e-07,7.901975607182976e-08
6233,0,0,1.0,9.563947855895094e-09,1.1258729060159567e-08,3.921130531381323e-09
6234,2,2,0.026083605363965034,6.2896656345401425e-06,0.636654794216156,0.3372552990913391
6235,2,2,5.322259539752849e-07,2.9221630670761556e-10,0.9999988079071045,7.53823485410976e-07
6236,1,1,0.0003687063872348517,0.9976116418838501,0.0019717307295650244,4.796408029505983e-05
6237,1,1,5.062349259787879e-07,0.9999994039535522,1.141700067819329e-07,2.040823154914051e-08
6238,0,0,0.9998346567153931,6.3610805227654055e-06,0.00014859890507068485,1.0309191566193476e-05
6239,0,0,0.9999995231628418,1.1845266989496395e-08,3.2229078783529985e-07,1.3940433518655482e-07
6240,3,2,2.231482994830003e-06,5.375653255867974e-09,0.9606180787086487,0.0393797792494297
6241,2,3,4.7830664698267356e-05,3.455295427556848e-06,0.4672280550003052,0.532720685005188
6242,2,2,6.504741577373352e-06,3.2710028019522497e-09,0.9997946619987488,0.0001988137373700738
6243,2,2,1.5752719264128245e-05,3.750843191596687e-09,0.9999827146530151,1.5794471437402535e-06
6244,2,2,0.10670790821313858,0.00013087279512546957,0.8764826059341431,0.01667868345975876
6245,2,2,0.0001725201727822423,3.1350286008091643e-05,0.9996546506881714,0.00014145454042591155
6246,3,3,7.091367137945781e-08,1.1851135184315353e-08,6.710156867484329e-06,0.9999932050704956
6247,3,2,6.4662399381631985e-06,5.388062440658814e-09,0.9999843835830688,9.151389349426609e-06
6248,2,2,0.00011198782158317044,0.047281600534915924,0.7989644408226013,0.1536419689655304
6249,2,2,3.510240276227705e-05,1.6717814332878334e-07,0.9997876286506653,0.0001770262751961127
6250,3,3,3.9286342712330224e-07,1.771128154359758e-06,1.892966224659176e-06,0.9999959468841553
6251,0,0,0.9999997615814209,1.0680412998453903e-07,9.775955334134778e-08,6.19260660528198e-08
6252,0,0,0.6826391816139221,6.80582331824553e-07,0.09079744666814804,0.2265627086162567
6253,0,0,0.9999994039535522,2.6254667773173423e-08,4.392192352042912e-07,1.456937610555542e-07
6254,0,0,0.9999994039535522,8.383192806604711e-09,1.0709539566278181e-07,4.852787469644682e-07
6255,0,1,0.1550019383430481,0.8449307084083557,7.1441804720961954e-06,6.022682282491587e-05
6256,2,2,9.959753697330598e-06,3.3721957493071386e-07,0.9999837875366211,5.917769613006385e-06
6257,1,1,0.00039921223651617765,0.9995410442352295,5.858467557118274e-05,1.164688683275017e-06
6258,2,2,1.2325207535468508e-05,6.801450957993893e-09,0.9999442100524902,4.3460142478579655e-05
6259,3,3,0.0008378150523640215,1.1445094969531056e-06,0.017361298203468323,0.9817997217178345
6260,3,2,3.6290596199251013e-06,1.9432079056969087e-07,0.5499089360237122,0.4500872790813446
6261,3,3,4.192605501884827e-06,8.739231560639382e-08,7.93676179000613e-07,0.9999948740005493
6262,3,3,0.00021403613209258765,3.912667168037842e-08,0.017107538878917694,0.9826784729957581
6263,0,0,0.9999986886978149,1.2969419458386255e-06,2.5253713786810295e-08,3.745256904608141e-08
6264,1,1,4.107969076017071e-09,1.0,4.129076636161244e-09,5.833229732576939e-11
6265,2,2,2.416384631942492e-06,3.815789462180419e-09,0.9999912977218628,6.290511464612791e-06
6266,0,2,0.008242120034992695,1.1242361352969965e-07,0.9892407059669495,0.002517078537493944
6267,2,1,0.00019959892961196601,0.9108940362930298,0.08888856321573257,1.7775997548596933e-05
6268,3,3,5.284729013510514e-06,1.722007092475053e-09,1.1981236639257986e-05,0.9999827146530151
6269,3,3,0.0002222632901975885,8.184293278645782e-07,0.015784617513418198,0.9839922785758972
6270,1,1,1.828467247833032e-05,0.9999229907989502,1.8498919018838933e-07,5.8565998187987134e-05
6271,2,2,0.00022002667537890375,6.152894371780349e-08,0.9993724226951599,0.00040751061169430614
6272,2,2,3.1268125439964933e-06,8.649261928894703e-08,0.9997288584709167,0.0002679968602024019
6273,2,2,4.50085735792527e-06,1.5626671512336543e-08,0.9934832453727722,0.006512172520160675
6274,3,3,1.6440717445220798e-05,0.0019120817305520177,0.0009907978819683194,0.9970806241035461
6275,3,3,4.488801641855389e-05,2.708167812670581e-06,0.0003362269781064242,0.9996161460876465
6276,2,3,2.3857824999140576e-05,2.6256398655277735e-07,0.006369851995259523,0.9936060905456543
6277,1,1,0.00032703756005503237,0.999664306640625,1.300011547300528e-07,8.562408766010776e-06
6278,3,2,3.301152173662558e-05,3.26481988111027e-08,0.6910567283630371,0.30891016125679016
6279,1,1,2.8702166673610918e-05,0.9999676942825317,4.648945832741447e-07,3.1111858334043063e-06
6280,3,3,2.0450248484849e-05,5.5390792397247424e-08,0.04044700786471367,0.9595325589179993
6281,0,0,0.9980121850967407,0.0006078986916691065,0.0008262897608801723,0.0005535812815651298
6282,3,3,7.757601565572259e-07,3.3024924461777516e-10,0.03563481569290161,0.9643644690513611
6283,2,2,7.1650842983217444e-06,1.6421074178651907e-05,0.999897837638855,7.859867037041113e-05
6284,2,2,0.0006276205531321466,4.941949214298802e-07,0.9993711113929749,7.970635920173663e-07
6285,2,2,1.6599435639363946e-06,0.0025394714903086424,0.9973107576370239,0.00014816144539508969
6286,0,0,0.9974259734153748,1.0838164143933682e-06,0.0008917229133658111,0.0016811045352369547
6287,3,3,0.0003278341318946332,4.354693938779519e-09,3.74988085241057e-05,0.9996346235275269
6288,3,3,8.9340310296393e-06,1.4513733731291723e-05,0.00031215287162922323,0.9996644258499146
6289,1,1,1.0265095440331606e-09,1.0,1.9700846509707048e-10,1.021499274056481e-10
6290,2,2,5.324094445313676e-07,3.5756812621912104e-08,0.9999994039535522,1.373809368487855e-07
6291,2,2,3.175442907377146e-05,0.0004009437980130315,0.9995087385177612,5.850054367328994e-05
6292,0,0,0.9803362488746643,4.02883735262094e-08,0.01956305466592312,0.0001006640013656579
6293,2,2,0.0001899352646432817,0.0001867076352937147,0.6962551474571228,0.3033682405948639
6294,3,3,1.898177174552984e-06,1.2219053546758119e-09,0.000769058067817241,0.9992290735244751
6295,1,1,3.238677379613364e-07,0.9999996423721313,8.303148169019892e-10,5.912537126562256e-10
6296,2,2,2.0319373561505927e-06,4.158731137238192e-09,0.9999978542327881,1.0658353488679495e-07
6297,3,3,4.913581051368965e-06,4.022925104152364e-09,0.002452270360663533,0.9975428581237793
6298,1,1,2.2235724827623926e-05,0.999977707862854,4.003231968141563e-09,3.5992631097769845e-09
6299,3,3,4.295048256608425e-06,1.9331746159423346e-07,0.003830735571682453,0.9961647987365723
6300,2,2,8.216930496018904e-07,6.813068775812781e-09,0.9999896287918091,9.490975571679883e-06
6301,1,1,1.1418922696293521e-07,0.9999998807907104,1.532625759637085e-08,4.063179304125697e-08
6302,1,1,1.0645185710700389e-07,0.9999995231628418,4.5310045493351936e-08,3.0581904297832807e-07
6303,1,1,4.870419729741116e-07,0.9999994039535522,8.277939445022753e-10,9.185566085534447e-08
6304,1,1,7.12877522346389e-07,0.9999992847442627,2.811146038173007e-10,1.48483281225964e-09
6305,0,0,1.0,4.500910932847546e-08,3.284943206338653e-09,2.0466275341135542e-09
6306,3,3,1.180257459054701e-05,7.185921191421585e-08,0.0002228008524980396,0.9997653365135193
6307,1,1,1.3745507203566376e-06,0.9999984502792358,2.4360621964092388e-08,6.016617959403447e-08
6308,0,0,0.981359601020813,1.2095870260964148e-07,0.00011118478141725063,0.01852918043732643
6309,3,3,0.005678386427462101,0.014418119564652443,0.00031581480288878083,0.9795876741409302
6310,2,2,2.2796197299612686e-05,5.7454236923604185e-08,0.9992052912712097,0.0007718877750448883
6311,3,3,0.015700211748480797,5.066318772151135e-05,4.527256896835752e-05,0.9842037558555603
6312,3,3,5.889994645258412e-05,2.5440392903419706e-08,2.722537146837567e-06,0.9999383687973022
6313,3,2,1.0964180319206207e-06,5.551587491936516e-07,0.7778722047805786,0.22212614119052887
6314,3,3,2.395757370265983e-08,4.007532528049751e-09,1.0921226021309849e-05,0.9999890327453613
6315,3,3,3.7665236050088424e-06,6.566337251712184e-09,0.005410880781710148,0.9945853352546692
6316,0,0,0.9999982118606567,5.233075626165373e-07,2.3522892433902598e-07,9.947161743184552e-07
6317,3,3,0.0002950388879980892,2.6632865228748415e-06,3.6743982491316274e-05,0.9996656179428101
6318,3,3,0.018331894651055336,2.957164610961627e-07,0.001498300931416452,0.9801694750785828
6319,1,3,0.18813049793243408,0.3429175019264221,0.05550409108400345,0.41344788670539856
6320,3,3,1.7008019312925171e-06,5.673847613962835e-09,0.4893312156200409,0.510667085647583
6321,0,0,0.9999998807907104,2.742856830550977e-09,2.973870572020587e-08,9.884779927915588e-08
6322,3,3,7.878381893533515e-07,1.457658385106697e-07,0.06573843210935593,0.9342606663703918
6323,3,3,0.015622992999851704,0.0006001403671689332,0.03945465758442879,0.9443222284317017
6324,0,0,0.9960404634475708,0.0036775432527065277,0.00027999881422147155,2.062989324258524e-06
6325,3,0,0.938359260559082,0.001828269218094647,0.0008664539200253785,0.05894600227475166
6326,1,1,1.446663759452349e-06,0.9999984502792358,1.919746495104846e-08,6.275749342421477e-08
6327,0,2,0.027908390387892723,1.1489115436802422e-08,0.6587598919868469,0.31333160400390625
6328,1,1,5.030952934248489e-07,0.9999532699584961,4.399533736432204e-06,4.180555333732627e-05
6329,1,1,4.77987157410098e-07,0.9999994039535522,6.17809376990408e-08,2.3803865545346525e-08
6330,1,1,6.647056238762161e-07,0.9999992847442627,9.36406685525526e-09,1.0215073231734095e-08
6331,1,1,4.213683132547885e-05,0.9998458623886108,0.00011114955850644037,8.869392900123785e-07
6332,0,0,0.9999843835830688,2.8601050416909857e-07,1.6388818266932503e-06,1.3719205526285805e-05
6333,1,1,5.8717429141097455e-08,0.9999090433120728,1.5806883766344981e-06,8.928718307288364e-05
6334,0,0,0.9997020363807678,5.7827993060755034e-08,0.00015373040514532477,0.00014414527686312795
6335,2,2,6.878205113025615e-06,7.590826633929737e-09,0.9995136260986328,0.00047944035031832755
6336,2,2,8.700661169314117e-07,1.4714226503897976e-09,0.9958924055099487,0.004106743726879358
6337,0,0,0.9999995231628418,2.412206967505881e-08,1.485480680685214e-07,3.7947623354739335e-07
6338,0,0,0.9989737272262573,6.773696270556684e-08,0.0001894999440992251,0.0008368025883100927
6339,0,0,0.6958348155021667,0.0016673728823661804,0.00011391719453968108,0.3023839592933655
6340,1,1,4.515178275710241e-08,0.9999986886978149,7.26985888377385e-07,5.39937389021361e-07
6341,0,0,0.9999864101409912,4.332127616635262e-07,1.2960996173205785e-05,1.7848157085609273e-07
6342,2,2,0.0020586217287927866,1.7411703367997688e-07,0.9579042792320251,0.04003690928220749
6343,0,0,0.9999946355819702,5.238876838120632e-06,1.2567859641876566e-08,1.3890442573938344e-07
6344,3,3,0.003066536970436573,2.1892631707487453e-08,0.07413408905267715,0.9227993488311768
6345,2,2,7.556481250503566e-06,3.051675321330549e-07,0.9944756627082825,0.005516498349606991
6346,3,3,1.9182971300324425e-05,3.8329787344082433e-07,8.651222015032545e-05,0.9998939037322998
6347,2,2,0.00025674901553429663,2.8569008492240755e-08,0.9935717582702637,0.006171397864818573
6348,2,2,0.00015616598830092698,1.5660152996588295e-07,0.9879831075668335,0.01186051219701767
6349,2,2,0.0019621315877884626,0.0006751658511348069,0.993261992931366,0.004100760444998741
6350,3,3,2.628756874401006e-07,5.294270799538481e-09,3.41236918757204e-05,0.9999656677246094
6351,3,3,3.911532985512167e-06,9.910821319181196e-08,0.028628164902329445,0.9713677763938904
6352,0,0,0.999504566192627,6.128417589934543e-05,0.0002512478386051953,0.000182865493115969
6353,0,0,0.9512209296226501,0.0012971676187589765,0.004040572792291641,0.04344134405255318
6354,2,2,0.001169836730696261,3.566657085229963e-07,0.6085626482963562,0.39026713371276855
6355,3,3,3.4537017654656665e-06,1.1969351065843625e-09,0.0012420439161360264,0.9987545013427734
6356,1,1,3.278857911936939e-05,0.9987834095954895,6.441661781764196e-08,0.0011837827041745186
6357,2,2,1.4196962183632422e-05,8.482556381750328e-07,0.961599588394165,0.038385335355997086
6358,1,1,3.652304769730108e-08,1.0,1.5387175977821244e-09,1.1313788794709012e-09
6359,2,2,0.00500189233571291,0.00022282017744146287,0.9946298599243164,0.00014547926548402756
6360,1,1,5.554870341484275e-09,1.0,1.1110122821733626e-09,1.181090669710727e-09
6361,0,0,0.999529242515564,4.186782120996213e-08,5.197241989662871e-05,0.00041878348565660417
6362,2,2,0.1214829832315445,0.006685194093734026,0.5695275664329529,0.302304208278656
6363,2,2,9.783831046661362e-06,2.3535131177254698e-08,0.9992355108261108,0.0007547456189058721
6364,2,2,3.1308318284573033e-05,8.403831230907599e-08,0.9874556064605713,0.012513024732470512
6365,3,3,1.8093478502123617e-05,9.433232662559021e-06,0.00010205822763964534,0.9998704195022583
6366,1,1,2.2484314410320394e-10,1.0,4.145100929164869e-10,5.178617534795649e-09
6367,1,1,4.792441927747859e-07,0.9999994039535522,8.555203767635078e-10,8.715068133824388e-08
6368,3,3,4.881765036657271e-08,1.9099938981526066e-06,1.1838957334475708e-06,0.9999969005584717
6369,2,2,7.321120210690424e-05,0.00018589067622087896,0.9522642493247986,0.04747664928436279
6370,3,3,6.071313123356958e-07,5.571535233173108e-09,0.00010903234215220436,0.9998903274536133
6371,3,3,3.0664006089864415e-07,0.000431212829425931,0.00017897237557917833,0.9993895292282104
6372,3,3,0.0023463887628167868,0.0052772811613976955,0.029700743034482002,0.9626756310462952
6373,2,2,0.16633878648281097,9.244352440873627e-06,0.8333425521850586,0.00030945363687351346
6374,1,1,0.005306522827595472,0.9942929744720459,1.5073713939273148e-06,0.0003989915130659938
6375,1,1,2.975856432385626e-07,0.9999992847442627,1.3120485675699456e-07,2.0386181631693034e-07
6376,1,1,3.94338295350849e-09,1.0,8.120982109005581e-09,1.9815617591234513e-08
6377,0,0,0.9999352693557739,2.403396683803294e-05,1.7614658645470627e-05,2.3013428290141746e-05
6378,2,2,4.669285408454016e-05,2.800491749610501e-08,0.8841367363929749,0.11581651121377945
6379,2,2,0.003875050228089094,1.2616489186711988e-07,0.9947355389595032,0.0013892395654693246
6380,2,0,0.982067346572876,0.00027054114616476,0.01193316001445055,0.005729033146053553
6381,2,2,0.0005355998873710632,1.2644521120819263e-05,0.9224250316619873,0.07702670991420746
6382,2,2,0.0001956169871846214,1.1306632586638443e-05,0.632552444934845,0.36724066734313965
6383,0,0,0.9999986886978149,9.014138981910946e-07,1.98293264475069e-07,1.504905924321065e-07
6384,0,0,0.9999998807907104,1.5173226008968754e-09,1.0059837407538907e-08,6.653500861375505e-08
6385,2,2,4.052678923471831e-05,1.219748635428175e-09,0.999882698059082,7.670270861126482e-05
6386,0,0,0.9983507394790649,2.559085623943247e-05,2.011733886320144e-05,0.0016036236193031073
6387,1,1,5.180764333090337e-07,0.9999995231628418,3.894576605656397e-10,2.633006590535558e-10
6388,3,3,6.701089296257123e-05,1.6210512931991161e-09,4.602105400408618e-05,0.9998869895935059
6389,3,3,9.332104156101195e-08,4.585449520089213e-10,1.9542165318853222e-05,0.9999803304672241
6390,1,1,3.965469943523203e-07,0.9999996423721313,8.391830008669388e-10,5.002221553640496e-11
6391,3,3,0.0008659381419420242,4.78112960990984e-05,0.01245876494795084,0.9866273999214172
6392,0,0,0.9999268054962158,2.0610588791214468e-08,1.995417278521927e-06,7.116176129784435e-05
6393,3,3,0.0014332603896036744,6.433885573642328e-05,0.04878649115562439,0.9497159123420715
6394,0,0,0.9999973773956299,2.522407839933294e-06,8.347997493274306e-08,2.229118223340265e-08
6395,1,1,1.3988395153319289e-07,0.9999998807907104,4.157232336154948e-09,5.763472810116355e-09
6396,1,1,6.098673566157231e-07,0.9999979734420776,6.484906407422386e-07,6.631224778175238e-07
6397,2,3,0.034258030354976654,6.359383405651897e-06,0.36870697140693665,0.5970286726951599
6398,2,2,0.18259309232234955,3.6978214268401643e-08,0.8172659277915955,0.00014094043581280857
6399,1,1,5.954770898597417e-08,0.9999998807907104,3.745559418177891e-09,3.7082806270127833e-10
6400,3,3,0.0001935880136443302,0.0005868385196663439,0.0015356368385255337,0.9976840019226074
6401,0,0,0.999992847442627,4.179028564976761e-06,1.1041856851079501e-06,1.9243423139414517e-06
6402,1,1,3.2121577532961965e-05,0.9999427795410156,8.816319905236014e-07,2.4240905986516736e-05
6403,0,0,1.0,1.073651745286952e-08,1.0988589593807774e-08,6.829167897848265e-09
6404,1,1,0.00019227353914175183,0.9997325539588928,7.671459343328024e-07,7.439320324920118e-05
6405,1,0,0.8642839789390564,0.020023588091135025,0.002911845687776804,0.11278054863214493
6406,2,2,0.0009755448554642498,2.6133470498734823e-08,0.9987817406654358,0.00024269665300380439
6407,1,1,6.785564332645322e-10,1.0,3.904498599438533e-11,3.571179463257579e-11
6408,1,1,1.2435782537068008e-07,0.9999998807907104,1.2936168580779395e-08,3.8173752159309515e-08
6409,1,1,8.236850703724485e-07,0.9999990463256836,2.3413457839183138e-08,1.5994777413652628e-07
6410,3,3,0.0012251638108864427,0.0164801012724638,0.0009309392771683633,0.981363832950592
6411,1,1,8.663063795211201e-07,0.9999027252197266,1.233573154735268e-08,9.640945791034028e-05
6412,0,0,0.999863862991333,9.378604914900279e-08,4.1836492528091185e-06,0.00013181925169192255
6413,0,0,0.9999995231628418,4.5775703227946e-09,3.2022339269133226e-07,9.303101933255675e-08
6414,0,0,0.9997108578681946,3.425603426876478e-05,0.000193900108570233,6.101000326452777e-05
6415,2,2,0.008813077583909035,4.97281371281133e-06,0.9907090663909912,0.0004728405037894845
6416,0,0,0.998623251914978,2.4192687853030748e-09,4.9099628085969016e-05,0.001327692298218608
6417,0,0,0.9999992847442627,3.0496620784248307e-09,3.055332911117148e-07,3.0627688829554245e-07
6418,0,0,0.9999997615814209,8.438996701443102e-08,1.3692491052097466e-07,5.721446427742194e-09
6419,1,1,4.822704902096575e-09,1.0,4.554969457171154e-10,5.979416961565676e-10
6420,0,0,0.9996134638786316,0.0003267802530899644,3.5634493542602286e-05,2.4169845346477814e-05
6421,1,0,0.8886641263961792,0.11109988391399384,0.00021893107623327523,1.706522743916139e-05
6422,1,1,0.000638551777228713,0.9991775155067444,0.00012441120634321123,5.9561389207374305e-05
6423,1,1,3.7474521832336904e-06,0.9999465942382812,4.9298549129161984e-05,3.006380495662597e-07
6424,1,1,0.00022716635430697352,0.6054829359054565,0.39390286803245544,0.0003869475331157446
6425,1,1,6.585887746268781e-08,0.9999997615814209,1.9618300939328037e-07,1.2755132061670338e-08
6426,1,1,0.00025807536439970136,0.9997003078460693,4.005703522125259e-05,1.5818601468708948e-06
6427,2,2,4.329176590545103e-06,0.007334187626838684,0.7346014380455017,0.258060097694397
6428,1,1,2.7002270144294016e-06,0.9999059438705444,1.1604061000980437e-05,7.978279609233141e-05
6429,0,0,0.9961047172546387,0.0034207350108772516,0.00040163673111237586,7.297442061826587e-05
6430,0,0,0.9999969005584717,4.5348204480433196e-07,1.5691714452259475e-06,1.109359914153174e-06
6431,1,1,3.233341416830626e-08,0.9992840886116028,4.951085793436505e-05,0.0006663199164904654
6432,0,0,0.9999895095825195,6.184366725392465e-07,1.5215622539699325e-08,9.91525848803576e-06
6433,1,1,1.2118975689645595e-07,0.9999998807907104,3.6908077288844154e-11,2.902941220739308e-09
6434,0,0,0.9999998807907104,1.5599534108901025e-08,7.138827751163035e-09,7.114391564755351e-08
6435,2,2,0.0008383564418181777,3.75056333723478e-06,0.9991488456726074,9.042923011293169e-06
6436,3,3,6.141764856693044e-07,3.081387589531914e-08,0.013583086431026459,0.986416220664978
6437,2,2,3.706874849740416e-06,8.884421731636394e-08,0.999984860420227,1.1374017958587501e-05
6438,2,3,0.003978289198130369,0.013285083696246147,0.006016367580741644,0.9767201542854309
6439,2,2,2.4190581825678237e-05,2.047532461801893e-06,0.9932801127433777,0.0066937413066625595
6440,3,3,3.165483519751433e-07,2.2764087503901465e-08,0.013379142619669437,0.9866205453872681
6441,0,0,0.9999996423721313,3.75464651369839e-07,9.170386228163352e-09,4.120727759016063e-09
6442,2,2,0.000504876661580056,6.774684152333066e-06,0.9993700385093689,0.00011827011621790007
6443,0,0,0.9999998807907104,4.0942349954775636e-08,1.270077731874153e-08,4.9276565050604404e-08
6444,1,1,3.46494562109001e-06,0.999996542930603,8.15819467536727e-10,2.0070238804237306e-09
6445,2,2,0.03479286655783653,4.854345024796203e-05,0.9592017531394958,0.005956838373094797
6446,3,3,0.00014343058865051717,0.007923407480120659,0.17755012214183807,0.8143829703330994
6447,0,0,0.9867952466011047,0.0010971220908686519,0.009704249911010265,0.0024034916423261166
6448,0,0,0.999758780002594,1.2448160191524948e-07,0.00024030791246332228,7.736934435342846e-07
6449,0,0,0.9102560877799988,1.6984328112812364e-06,0.030770931392908096,0.0589713454246521
6450,3,3,1.189206523122266e-05,7.720666417299071e-08,0.0004442098434083164,0.9995437264442444
6451,0,0,0.9999997615814209,8.091325831571794e-09,1.567143392833259e-08,1.978820307613205e-07
6452,1,1,1.1095193208632281e-08,0.9999995231628418,4.906615913569112e-07,2.0754096219377516e-09
6453,3,3,1.4289809769252315e-05,1.2401398130634789e-08,0.007024561520665884,0.9929611086845398
6454,2,2,7.2625293796590995e-06,1.0420051665960273e-07,0.9999898672103882,2.730004325712798e-06
6455,1,1,0.0005982660222798586,0.9993768334388733,2.3812666768208146e-05,1.0956269989037537e-06
6456,0,0,0.9999415874481201,1.0714100426412188e-05,1.3489931006915867e-05,3.421283690840937e-05
6457,2,2,2.96862781397067e-05,1.2700957086053677e-07,0.8641166090965271,0.1358536332845688
6458,2,2,0.0023853040765970945,4.443705847734236e-08,0.997612476348877,2.161506927222945e-06
6459,1,1,3.061808862003801e-10,1.0,1.2831682383307452e-08,3.530875314350368e-10
6460,2,2,7.2980365075636655e-06,1.211081013252624e-08,0.9999146461486816,7.805677159922197e-05
6461,2,2,0.03088967874646187,2.0808191038668156e-05,0.9678005576133728,0.0012889106292277575
6462,2,3,0.00041107801371254027,0.0032795164734125137,0.0011332404101267457,0.9951761960983276
6463,3,3,5.8172357597641167e-08,4.2304648673052725e-07,0.009056945331394672,0.9909425377845764
6464,2,2,7.209982868516818e-05,1.7075277014555468e-07,0.9999147653579712,1.2925112059747335e-05
6465,0,0,0.9948078989982605,0.00021678488701581955,0.0034846849739551544,0.0014906399883329868
6466,3,3,0.0009535089484415948,4.3642864966386696e-07,0.0003906683996319771,0.9986553192138672
6467,0,2,0.11115925014019012,0.0053917160257697105,0.7236548066139221,0.15979421138763428
6468,0,0,0.9961345195770264,9.598788892617449e-05,0.0001142353648901917,0.0036552685778588057
6469,2,2,0.00041071019950322807,2.81885263575532e-07,0.9995561242103577,3.280850069131702e-05
6470,1,1,8.11774589237757e-05,0.9999188184738159,2.991777492411529e-08,1.3677698085245993e-08
6471,1,1,4.006142626167275e-05,0.9999425411224365,1.6434436474810354e-05,9.65714662015671e-07
6472,1,1,1.6071902564362972e-07,0.9999998807907104,1.458209997196036e-09,1.082161116272573e-08
6473,0,0,0.9999411106109619,5.5176943902779385e-08,5.871021357961581e-07,5.818059798912145e-05
6474,3,3,2.4174044099822822e-08,1.1277049338787037e-07,4.339589941082522e-05,0.999956488609314
6475,2,2,5.0415637815603986e-05,1.1843087577290135e-07,0.9997503161430359,0.00019915198208764195
6476,2,2,0.00019037682795897126,1.4699534403916914e-05,0.9995445609092712,0.0002502828720025718
6477,2,2,0.000769571925047785,2.914839001277869e-07,0.9991979002952576,3.227346678613685e-05
6478,1,1,0.00034256369690410793,0.9996563196182251,9.967691116941069e-10,1.0759329143184004e-06
6479,0,0,0.9279364943504333,8.506432641297579e-05,0.002918311394751072,0.06906010955572128
6480,0,0,0.9999805688858032,8.20300613213476e-07,4.672472186939558e-06,1.3944065358373336e-05
6481,0,0,0.9997230172157288,3.625166655751855e-08,0.0001414151192875579,0.00013548365677706897
6482,1,1,4.810716745851096e-06,0.9999948740005493,2.1897161417427924e-08,2.6101773187292565e-07
6483,0,0,0.99828040599823,3.140341868856922e-05,0.0014130540657788515,0.0002751182473730296
6484,2,2,0.0001338341971859336,5.3416551182294825e-09,0.9996941089630127,0.00017207511700689793
6485,3,3,1.598862581886351e-05,0.0012037164997309446,0.015789128839969635,0.9829912185668945
6486,1,1,1.2582047020259779e-05,0.9999873638153076,1.810387040279693e-08,5.038847672445002e-10
6487,0,0,0.9994729161262512,0.00012628748663701117,1.2053958926117048e-05,0.00038882336230017245
6488,0,0,0.9999979734420776,1.4278658682087553e-06,3.5206952020416793e-07,2.7414523628976895e-07
6489,0,0,0.9998698234558105,1.3660219622124714e-07,3.0111409614619333e-06,0.0001269861968467012
6490,1,1,1.922539240695187e-06,0.9997859597206116,0.00021035993995610625,1.7650188510742737e-06
6491,2,3,8.139070268953219e-05,1.134723675022542e-06,0.01702912151813507,0.9828883409500122
6492,3,3,0.00023252947721630335,0.0005092593492008746,0.0003364458098076284,0.9989217519760132
6493,2,2,2.0796376247744774e-06,1.933841531354119e-06,0.9094464182853699,0.09054960310459137
6494,1,1,1.512565063421789e-06,0.9999963045120239,1.824164201025269e-06,3.401582375772705e-07
6495,1,1,5.418636419562972e-07,0.999948263168335,6.16350462223636e-07,5.0576269131852314e-05
6496,3,3,3.795502198045142e-05,6.42925996885424e-08,2.2100997739471495e-05,0.9999397993087769
6497,0,0,0.9999725818634033,4.563438835702982e-07,5.980884907330619e-06,2.1003403162467293e-05
6498,1,1,1.6986385844575125e-06,0.9999972581863403,9.366004860567045e-07,1.3020938638419466e-07
6499,1,1,2.4126585174144566e-08,0.9999998807907104,8.316772692751329e-08,8.366887627175856e-09
6500,3,0,0.9693737030029297,0.007796556688845158,8.915540092857555e-05,0.022740591317415237
6501,0,0,0.9999998807907104,9.647551735270099e-08,4.778754814083186e-08,4.230925298998045e-08
6502,1,1,9.555433280183934e-07,0.9999990463256836,3.5482866422853476e-08,2.6721368229232212e-08
6503,2,2,0.0009196115424856544,0.03795793652534485,0.9608364701271057,0.0002859110536519438
6504,3,3,1.6112803677970078e-06,1.51261864145269e-10,1.7395449276591535e-06,0.9999966621398926
6505,1,1,3.5690234767571383e-07,0.9999996423721313,1.827141909993557e-10,2.0593649008304737e-09
6506,3,3,1.3911899259255733e-05,2.666898257785988e-09,3.3775202155084116e-06,0.9999827146530151
6507,1,1,4.3902758761760197e-08,0.9971746206283569,1.4238676158129238e-05,0.0028111073188483715
6508,2,2,1.8065329641103745e-05,1.2119099324081617e-07,0.9998822212219238,9.956544090528041e-05
6509,0,2,0.39388787746429443,1.2453290310077136e-07,0.5431816577911377,0.06293036043643951
6510,2,2,0.000101330122561194,0.04663980379700661,0.9523571133613586,0.0009016769472509623
6511,2,2,0.00010745898907771334,3.231369305467524e-07,0.9997966885566711,9.550866525387391e-05
6512,0,3,0.033292580395936966,3.271135028626304e-06,0.000227650351007469,0.9664766192436218
6513,3,3,3.2088182706502266e-06,0.0001628709287615493,0.00020685231720563024,0.9996269941329956
6514,0,0,0.9972972273826599,4.6090981413726695e-06,0.0025593906175345182,0.00013872189447283745
6515,1,1,3.432941468872741e-07,0.9999996423721313,3.862007103005993e-10,3.1895991403629864e-10
6516,0,3,0.0012883988674730062,1.40032142326163e-07,0.007799327839165926,0.9909120798110962
6517,0,0,0.9996523857116699,2.64524896920193e-06,3.5856068279827014e-05,0.00030906638130545616
6518,0,0,0.9951512813568115,0.004120790399610996,0.0001673084043432027,0.0005606886115856469
6519,1,1,1.122003823184059e-07,0.9999998807907104,3.979328325187659e-11,1.845073982487122e-09
6520,1,1,7.984845979081001e-06,0.9997574687004089,0.000184229837032035,5.0318107241764665e-05
6521,2,2,1.5463407180504873e-05,9.019879598781699e-08,0.9724374413490295,0.02754700556397438
6522,1,1,1.3695490075349426e-08,1.0,1.449762976335478e-09,2.439296098444288e-09
6523,0,0,0.9908961653709412,0.0008369816350750625,0.006860218942165375,0.001406689640134573
6524,2,2,0.02472911775112152,2.1751091026089853e-06,0.9630639553070068,0.01220475509762764
6525,1,1,1.0888200563385908e-07,0.9999998807907104,4.375546147628029e-09,6.05353900340333e-09
6526,0,0,0.9999986886978149,2.8142263630570596e-08,1.2457200000426383e-06,1.2911067415188882e-07
6527,1,1,2.823964848630567e-07,0.9999850988388062,7.043468741585457e-08,1.4557945178239606e-05
6528,1,1,3.794914249510839e-08,1.0,1.4339937015606097e-09,1.3054561598391246e-10
6529,1,1,1.055599341270863e-06,0.9999916553497314,3.4525541536822857e-07,6.858746928628534e-06
6530,1,1,4.6908957074265345e-07,0.9999995231628418,5.038065964413363e-09,5.234943589726981e-09
6531,3,3,3.223111434635939e-06,6.118252258602297e-06,0.020946091040968895,0.9790446162223816
6532,2,2,0.004515122156590223,0.00011394546163501218,0.9633129239082336,0.03205806389451027
6533,1,1,3.647397051054213e-08,1.0,2.3164914431106354e-11,1.6202730268588539e-09
6534,1,1,5.264848113029075e-08,0.9999998807907104,1.0464950150890218e-07,2.6429123778370922e-08
6535,2,2,0.0003013419627677649,4.88209366267256e-07,0.992482602596283,0.007215597201138735
6536,1,1,7.577196647901019e-10,1.0,1.0159208196913738e-10,3.9297834431017975e-10
6537,1,1,1.1569311908488089e-07,0.9999986886978149,2.5233407541236375e-07,8.95482003215875e-07
6538,1,1,3.080356947293694e-08,1.0,7.954071179483435e-09,1.9125405426034803e-10
6539,3,2,0.0005170284421183169,3.136254463242949e-06,0.9948806762695312,0.004599272273480892
6540,2,2,3.1246345315594226e-05,1.2978956647202722e-06,0.9999231100082397,4.4324704504106194e-05
6541,1,1,1.9249887017736e-08,0.9999997615814209,2.248766719503692e-07,2.1206037814636147e-08
6542,2,3,0.00043748473399318755,2.740588911365194e-07,0.01661040261387825,0.9829519391059875
6543,0,0,0.6153198480606079,0.0020428115967661142,0.2850855588912964,0.09755177050828934
6544,0,0,0.9941370487213135,1.7392465451848693e-05,0.004037224221974611,0.0018083734903484583
6545,0,0,0.9992108345031738,2.4549164663767442e-05,0.0006867772899568081,7.773745892336592e-05
6546,1,1,4.928409325088978e-08,1.0,9.160507352667935e-10,7.750004110684827e-11
6547,1,1,8.527242130185186e-07,0.9999990463256836,9.629633090924017e-09,1.6079845011063298e-07
6548,1,1,3.21207096476428e-07,0.9999996423721313,1.1003834288203507e-08,1.2595573889440104e-11
6549,0,0,0.9999910593032837,1.4504215641863993e-06,3.410025612993195e-07,7.09306323187775e-06
6550,1,1,0.000357489479938522,0.9990010857582092,0.000602786720264703,3.87179825338535e-05
6551,0,0,0.9999990463256836,3.235759393760418e-08,8.542454565940716e-07,9.178329918313466e-08
6552,3,3,2.6895968403550796e-05,1.5974111420291592e-06,2.7269670681562275e-05,0.9999443292617798
6553,1,1,2.1810399630339816e-05,0.9999781847000122,4.155001676053871e-09,1.94063587422022e-09
6554,2,2,1.4797160474699922e-05,2.923727482340155e-09,0.999961256980896,2.4001630663406104e-05
6555,2,2,0.01722121424973011,5.436362027211317e-09,0.9827753901481628,3.380373755135224e-06
6556,0,0,0.9564096927642822,0.04358098655939102,9.259727448807098e-06,8.918802052448882e-08
6557,3,3,7.439556384269963e-07,2.0335055861409046e-10,0.0012840869603678584,0.9987151622772217
6558,3,3,5.106805929244729e-06,7.401975921084158e-08,0.00010336225386708975,0.9998914003372192
6559,0,0,0.9818511009216309,0.01706407219171524,0.0010761754820123315,8.66058690007776e-06
6560,3,3,1.033154967444716e-05,3.4901495582495556e-10,0.007838678546249866,0.9921510219573975
6561,2,2,4.1710486584634054e-06,3.098012530244887e-05,0.999961256980896,3.5776361073658336e-06
6562,3,3,4.847049694944872e-07,1.40856957386859e-06,0.02048501931130886,0.9795131087303162
6563,3,3,1.6981260841930634e-06,5.5578533647349104e-05,0.00034069703542627394,0.9996021389961243
6564,0,0,0.9999970197677612,2.0162058262940263e-06,3.6102616718380887e-07,5.89236776704638e-07
6565,2,3,3.767046291613951e-05,4.588853244058555e-07,0.2308495044708252,0.7691124081611633
6566,2,2,0.0012642433866858482,4.864545553573407e-05,0.9977774024009705,0.0009096582653000951
6567,3,3,7.822669090273848e-07,2.2738252880571963e-07,0.0031357910484075546,0.9968632459640503
6568,3,1,9.557931480230764e-05,0.9185079336166382,0.0017694414127618074,0.07962702959775925
6569,1,1,6.431842081155992e-08,0.9999998807907104,5.995750562703961e-09,6.472286595560206e-10
6570,1,1,0.00015440899005625397,0.9998254179954529,1.954535946424585e-05,7.267933597177034e-07
6571,3,3,2.0345863958937116e-05,6.275548525280783e-09,0.0024985908530652523,0.9974810481071472
6572,2,3,3.232467520319915e-07,6.8076904113922865e-09,0.0509088858962059,0.9490907788276672
6573,1,1,7.120139144944915e-08,0.9999988079071045,7.906642736088543e-07,3.5884573890143656e-07
6574,2,3,4.4201510718266945e-06,1.9445169030518628e-08,0.002402043668553233,0.9975934624671936
6575,3,3,3.3892029023263603e-05,1.9409254647939633e-08,0.001996297389268875,0.9979698061943054
6576,0,3,0.004334028344601393,1.339329869232131e-09,0.0010884057264775038,0.9945775270462036
6577,1,1,7.818710514584382e-07,0.9998501539230347,0.00014749258116353303,1.5724433524155756e-06
6578,0,0,0.9999936819076538,3.2288560305460123e-06,3.1912338727124734e-07,2.784313437587116e-06
6579,0,0,0.9999675750732422,2.032325241430044e-08,3.163021392538212e-05,8.422256314588594e-07
6580,0,0,0.999927282333374,9.686345237014393e-08,7.249470945680514e-05,1.5307595901958848e-07
6581,3,3,6.159196800581412e-06,3.2128244953355534e-08,2.8066764571121894e-05,0.9999657869338989
6582,2,2,0.00013595935888588428,4.014208752778359e-05,0.7818771004676819,0.21794670820236206
6583,2,2,4.989154695067555e-05,2.1246462438284652e-06,0.9999387264251709,9.218250852427445e-06
6584,1,1,1.1034327229708651e-08,0.9999994039535522,2.721179193088119e-08,5.366072173274006e-07
6585,2,2,1.183618041977752e-05,1.683790105744265e-05,0.9997637867927551,0.0002075776574201882
6586,2,2,2.801399205054622e-05,1.978508912259258e-09,0.9999597072601318,1.2294851330807433e-05
6587,0,0,0.9655839204788208,0.002538779517635703,0.007201517466455698,0.024675777181982994
6588,0,0,0.9999845027923584,3.7806014319130554e-08,1.7554231135363807e-07,1.5399007679661736e-05
6589,3,3,0.16322080790996552,3.360021219123155e-05,0.12006270885467529,0.7166828513145447
6590,1,1,5.090243782035486e-10,1.0,3.196201636690432e-10,1.2077597255633066e-10
6591,2,2,0.0002033049240708351,9.982087156856778e-09,0.9995998740196228,0.00019681100093293935
6592,2,3,3.4436657188052777e-06,8.447657684484966e-09,0.0002675821306183934,0.9997289776802063
6593,2,2,0.0003284392587374896,1.622473355666898e-08,0.9990586638450623,0.000612861942499876
6594,3,3,1.1988360711256973e-05,3.952693106157312e-08,0.00038077589124441147,0.999607264995575
6595,0,0,0.9999966621398926,1.7701330534691806e-06,7.301548521354562e-07,7.970925821609853e-07
6596,2,2,0.14448589086532593,0.0007707820041105151,0.8546833992004395,5.9952733863610774e-05
6597,0,0,0.9613284468650818,6.031361044733785e-05,0.0194562878459692,0.019154874607920647
6598,2,2,3.223314024580759e-06,7.074892891978379e-06,0.9999055862426758,8.414477633778006e-05
6599,3,3,6.658811457782576e-07,4.727849400865125e-08,0.002403500722721219,0.9975958466529846
6600,1,1,1.2985475223104004e-05,0.999987006187439,1.3837038181918615e-09,5.824833060330548e-09
6601,1,1,7.20215325600293e-07,0.9999992847442627,4.7071956998934184e-08,5.733315489031554e-10
6602,0,0,0.9999513626098633,3.3839592106232885e-06,2.700036930036731e-05,1.82181775016943e-05
6603,1,1,4.025996602763371e-08,1.0,6.364409693704332e-11,8.406358942281145e-11
6604,3,3,9.184423834085464e-05,5.357574082154315e-07,0.0021420777775347233,0.9977655410766602
6605,2,2,2.2550342691829428e-05,1.0815800521868368e-07,0.9990812540054321,0.0008961579296737909
6606,1,1,3.1366216290962257e-08,1.0,1.6954327941576253e-09,4.328079583615363e-08
6607,0,0,0.9997699856758118,3.144356952589078e-08,0.00021666362590622157,1.3329208741197363e-05
6608,1,1,1.1858270809739224e-08,1.0,1.572414073947037e-11,1.1769724084231825e-10
6609,1,1,2.5980070859077387e-06,0.9999918937683105,5.40716746399994e-06,9.522319288635117e-08
6610,3,3,0.0005379349458962679,1.3727768418902997e-05,0.0012027282500639558,0.9982457160949707
6611,1,1,2.3848089767852798e-05,0.9999351501464844,1.3685091289517004e-05,2.7273348678136244e-05
6612,2,2,6.254864729271503e-06,3.0589514921075533e-08,0.9999771118164062,1.663712646404747e-05
6613,3,3,5.0526750783319585e-06,3.993502861732168e-09,0.0009088660590350628,0.9990860223770142
6614,3,3,0.0013388717779889703,8.176747279264873e-09,0.05180104076862335,0.946860134601593
6615,0,0,0.9999222755432129,1.5186092241492588e-05,1.1455955473138602e-06,6.133072747616097e-05
6616,1,1,5.085888687972329e-07,0.9999827146530151,4.272864771337481e-06,1.2514458830992226e-05
6617,3,3,2.1694710028441477e-07,3.2565797170036603e-08,0.0006153585272841156,0.9993844032287598
6618,0,0,0.9999011754989624,8.584427268942818e-05,1.1850593182316516e-05,1.120644697039097e-06
6619,0,0,0.999242901802063,9.310867608292028e-05,0.0006572838174179196,6.654935077676782e-06
6620,1,1,3.188538855170009e-08,1.0,1.4189295960420623e-08,1.181643405345767e-08
6621,2,2,0.015334109775722027,2.743651634773414e-07,0.9770723581314087,0.007593321148306131
6622,1,1,1.0715873486333294e-06,0.999998927116394,4.943618137076555e-08,3.919991442558057e-08
6623,2,1,0.0018549173837527633,0.988793671131134,0.007561220321804285,0.0017902638064697385
6624,1,1,0.00010946582187898457,0.9998699426651001,1.8389990145806223e-05,2.1017003746237606e-06
6625,0,0,0.9938331842422485,0.006020827684551477,6.463129125222622e-07,0.00014543539145961404
6626,0,0,0.9987151622772217,0.0006975883152335882,3.215764809283428e-05,0.0005551537033170462
6627,1,1,9.541157197645589e-08,0.9999997615814209,9.8176066387623e-08,1.6228800525652787e-09
6628,1,1,0.00015205486852210015,0.9998457431793213,1.356075813419011e-06,7.852692078813561e-07
6629,2,2,3.1173469324130565e-05,1.598056087459554e-08,0.9999637603759766,5.041459644417046e-06
6630,2,2,1.7098999478548649e-06,1.6445301298517734e-05,0.9999808073043823,1.0745745839813026e-06
6631,1,1,3.4108646218555805e-07,0.9999996423721313,7.432867210610539e-09,4.782407359016361e-09
6632,0,0,0.9999186992645264,4.286655894247815e-06,1.0683715117920656e-05,6.626812682952732e-05
6633,0,0,0.9999998807907104,4.147682730604174e-08,3.588568731061059e-08,1.1177916547921996e-07
6634,2,2,0.0012610297417268157,0.0049527171067893505,0.9245269298553467,0.06925930082798004
6635,2,2,4.762972366734175e-06,8.369941895125521e-08,0.9998722076416016,0.00012296831118874252
6636,2,2,0.0032888278365135193,5.508552902711017e-08,0.9923366904258728,0.004374460782855749
6637,2,2,9.619880438549444e-05,5.775782074834979e-10,0.9999021291732788,1.688389602350071e-06
6638,0,0,0.9966254234313965,5.109950052428758e-06,0.0029297322034835815,0.0004397488955873996
6639,2,2,2.154008598154178e-06,2.408356891692165e-08,0.9999967813491821,9.905902516038623e-07
6640,0,0,0.9224010705947876,1.6744475317409524e-07,0.06265947222709656,0.01493932120501995
6641,2,2,8.690814183864859e-07,3.516887403520741e-08,0.9999986886978149,3.9492832115683996e-07
6642,3,3,2.8902555641252548e-05,7.128706329240231e-06,0.00020658927678596228,0.9997573494911194
6643,0,0,0.999998927116394,3.510841395382158e-07,1.842100942894831e-07,4.42524139998568e-07
6644,2,2,0.0004454670997802168,3.982464477303438e-05,0.993671178817749,0.005843477323651314
6645,1,1,1.2879250554931332e-08,1.0,1.3212893001934845e-08,6.429448085043532e-09
6646,2,2,0.0004125424020458013,1.0439034667797387e-06,0.9976275563240051,0.0019588477443903685
6647,3,3,0.00018720116349868476,0.0005952228675596416,0.0010035423329100013,0.9982140064239502
6648,3,3,7.317524250538554e-06,8.001472451724112e-06,0.0003635609755292535,0.9996211528778076
6649,3,3,2.4391312763327733e-05,1.1254658538462081e-08,4.917247133562341e-05,0.9999264478683472
6650,0,0,0.9999890327453613,7.041498975013383e-07,1.2732299126128055e-07,1.0196549737884197e-05
6651,3,3,8.423650797340088e-06,9.57030806603143e-07,0.004102025181055069,0.9958886504173279
6652,1,1,3.152908334413951e-08,0.9999643564224243,3.556710362317972e-05,2.153002220950384e-08
6653,3,3,1.1026586435036734e-06,1.2951153482987365e-09,6.145107909105718e-05,0.9999374151229858
6654,1,1,2.5502286007395014e-06,0.9999963045120239,1.0932262739515863e-06,7.175414484805742e-09
6655,3,3,1.5824229194549844e-05,1.557745417812839e-05,0.0012160461628809571,0.9987524747848511
6656,3,3,1.8757564248517156e-06,6.3557918927870105e-09,0.002780855167657137,0.9972172975540161
6657,1,1,2.7472658814531314e-08,0.9999997615814209,1.939628901936885e-07,1.8799946488456953e-08
6658,0,3,0.47666123509407043,0.028345804661512375,0.004908290226012468,0.49008461833000183
6659,3,3,1.768411493685562e-05,1.5011739407100322e-08,0.05551040917634964,0.9444719552993774
6660,1,1,6.88386080582859e-07,0.9999992847442627,9.537654221958292e-09,7.166354176746381e-09
6661,2,2,0.02046702243387699,0.0017236201092600822,0.9777669906616211,4.2364790715510026e-05
6662,0,0,0.9873592257499695,4.681332939071581e-07,0.012621184810996056,1.909951060952153e-05
6663,2,2,1.3588616809556697e-07,1.2659330250741618e-09,0.999836802482605,0.00016308636986650527
6664,1,1,1.8532280591898598e-05,0.9999814033508301,4.104636275314988e-08,8.455255162687081e-09
6665,2,2,2.630254357427475e-06,4.233169370593259e-09,0.9999967813491821,5.957919029242476e-07
6666,2,2,5.112216967972927e-05,0.0002831631281878799,0.5618475675582886,0.43781813979148865
6667,0,1,0.09711063653230667,0.9028739333152771,8.74674333317671e-06,6.656830919382628e-06
6668,1,1,7.030578126432374e-05,0.9999293088912964,3.1814661838325264e-07,6.012989928194656e-08
6669,0,0,0.5925595760345459,1.9683131540659815e-05,0.40563908219337463,0.0017816968029364944
6670,3,3,0.0018256447510793805,2.2592352877381927e-07,0.0009048148058354855,0.997269332408905
6671,2,2,0.0002274354046676308,0.00040326983435079455,0.9993250370025635,4.424491271493025e-05
6672,3,3,1.2187909305794165e-05,8.804701792541891e-05,0.007232107687741518,0.9926677346229553
6673,3,3,0.0008577054250054061,2.1159070939802405e-08,6.99013689882122e-05,0.9990723133087158
6674,2,2,3.154754813294858e-05,0.0003179903142154217,0.888879120349884,0.1107712984085083
6675,1,1,2.981458635531453e-08,1.0,3.8707914651325837e-10,2.918874586477216e-10
6676,1,1,1.9775325199589133e-06,0.9999948740005493,3.151952569169225e-06,5.009318471138613e-08
6677,2,2,1.4597636663893354e-06,4.4455198803916574e-05,0.9996975660324097,0.0002565177564974874
6678,0,0,0.9941949248313904,0.0011081481352448463,0.004024723079055548,0.0006722306134179235
6679,3,3,2.0900595700368285e-05,1.0024093910487863e-07,3.899111470673233e-05,0.999940037727356
6680,2,2,0.00016988521383609623,1.9153777941482986e-07,0.9997653365135193,6.464789476012811e-05
6681,1,1,7.930926585686393e-06,0.9999911785125732,6.456368595308959e-08,7.928728678052721e-07
6682,0,0,0.8796139359474182,0.0003368693287484348,3.318094240967184e-05,0.12001606822013855
6683,2,2,0.026137245818972588,4.976792752131587e-06,0.9192017912864685,0.0546560063958168
6684,1,1,0.0018706907285377383,0.9981290698051453,3.0402711104215996e-07,3.9773404125753586e-08
6685,3,3,1.502249006080092e-06,3.912959527951898e-06,8.890427852747962e-05,0.9999057054519653
6686,3,3,5.608914307231316e-06,8.265227080528348e-08,0.0035880468785762787,0.9964061379432678
6687,1,1,1.1269617061770987e-05,0.9999885559082031,1.4276336912644183e-07,3.6855709595329245e-09
6688,1,1,7.698766624208986e-10,1.0,2.931463072286533e-09,6.74648781284759e-10
6689,0,0,0.9999990463256836,2.2681990685669007e-07,2.012253474958925e-07,4.5577445462186006e-07
6690,2,2,8.351790711458307e-06,1.8720704986208148e-08,0.9998441934585571,0.00014737276069354266
6691,2,2,0.00019681525009218603,1.2394002624205314e-07,0.9989944100379944,0.00080855906708166
6692,1,1,8.957089647765315e-08,0.9999998807907104,4.601384873126335e-08,3.608030985091659e-09
6693,2,2,6.11753208090704e-08,2.8401183627124738e-08,0.9999998807907104,7.233152299335188e-09
6694,2,2,0.0003628699341788888,2.522262434467848e-07,0.999413013458252,0.00022384665498975664
6695,2,2,7.493288649129681e-06,8.255793915168397e-08,0.9999898672103882,2.559990662120981e-06
6696,1,1,0.0007289891364052892,0.9991577863693237,9.512766700936481e-05,1.804754174372647e-05
6697,0,0,0.9998645782470703,0.00011693123815348372,1.825322033255361e-05,1.9837069942241214e-07
6698,0,1,0.0023113051429390907,0.9963507652282715,0.0012568841921165586,8.097847603494301e-05
6699,0,0,0.9999969005584717,2.225580601589172e-06,2.3672448890010855e-07,6.692125111840141e-07
6700,0,0,0.9999946355819702,1.2974705043689028e-07,8.4880565509593e-07,4.419383913045749e-06
6701,3,3,5.887264933335246e-07,4.064481196053293e-09,0.004619417246431112,0.9953800439834595
6702,2,2,0.001989175332710147,3.2829673727974296e-05,0.9905132055282593,0.007464773487299681
6703,1,1,4.412829923694517e-07,0.9999635219573975,3.591593849705532e-05,7.96249821632955e-08
6704,0,0,0.9999114274978638,5.741082350141369e-05,3.100749017903581e-05,2.124842808370886e-07
6705,2,2,0.00012075837003067136,9.953681728802621e-05,0.9997482895851135,3.144503716612235e-05
6706,3,3,1.9658634755614912e-06,1.6656844792350967e-08,0.00047692577936686575,0.9995211362838745
6707,2,2,1.6468516150780488e-07,7.689048509007534e-09,0.9999780654907227,2.1806257791467942e-05
6708,3,3,6.507765704100166e-08,1.2670507487655414e-07,8.33295507618459e-06,0.9999915361404419
6709,1,1,0.002212299732491374,0.9856707453727722,0.0007665123557671905,0.011350546963512897
6710,0,3,0.06076078861951828,4.444841033546254e-05,0.09708403050899506,0.8421106934547424
6711,2,3,0.0012288553407415748,1.7371887395256636e-07,0.0015587045345455408,0.9972123503684998
6712,2,2,4.773411319547449e-07,8.792589056838551e-08,0.6388159394264221,0.3611835539340973
6713,2,2,1.423447315573867e-06,4.604478363035014e-07,0.9754368662834167,0.024561291560530663
6714,3,3,7.668925263715209e-07,1.4025380323801073e-06,8.223260920203757e-06,0.9999896287918091
6715,0,0,0.9924129843711853,4.1420926777391287e-07,0.007023409474641085,0.0005632066749967635
6716,0,0,0.9827772378921509,0.012415301986038685,0.0003642142692115158,0.00444328598678112
6717,3,3,1.8765429558698088e-05,9.285522395430235e-08,0.0007759573636576533,0.9992051720619202
6718,0,3,4.66818335098651e-07,1.4394545999607544e-08,3.180029182203725e-07,0.9999991655349731
6719,3,3,2.1817977540194988e-05,1.0927151405937252e-09,4.556794374366291e-05,0.9999326467514038
6720,3,3,1.629975849937182e-05,8.40505620658405e-09,0.03329417482018471,0.9666895270347595
6721,2,2,8.116926619550213e-05,1.8672456292279094e-07,0.9999181032180786,4.8868469093577e-07
6722,1,1,6.242865492822602e-05,0.9999370574951172,9.500681130703015e-08,3.3805480370574514e-07
6723,3,3,1.8174854631070048e-05,0.00020733001292683184,0.21239545941352844,0.7873789668083191
6724,2,2,4.4072919536120025e-07,4.2014306700366433e-07,0.9999990463256836,1.576754726784202e-08
6725,2,2,0.0006100193131715059,4.294732036669302e-08,0.9993703961372375,1.9637522200355306e-05
6726,2,2,2.7891306672245264e-05,5.20362846145872e-08,0.9981206059455872,0.0018514648545533419
6727,1,1,0.00025667803129181266,0.9997432827949524,1.4229980527247221e-09,1.6475455444364684e-09
6728,2,2,1.9727107058997717e-08,1.398061897361913e-07,0.9952693581581116,0.004730462562292814
6729,2,2,0.0011182371526956558,0.000769585429225117,0.998017430305481,9.473490354139358e-05
6730,3,3,9.703251180326333e-07,1.908527336169641e-09,7.834773714421317e-05,0.9999207258224487
6731,3,3,3.3072933547373395e-06,9.09752895239535e-09,0.008864795789122581,0.9911318421363831
6732,1,1,0.00015404839359689504,0.9998419284820557,3.437344730627956e-06,6.377949262059701e-07
6733,0,0,0.9999279975891113,3.2220261346083134e-05,3.6385587009135634e-05,3.3803291898948373e-06
6734,0,2,0.007997313514351845,1.587205360920052e-06,0.9916521906852722,0.00034891359973698854
6735,1,1,0.00013805342314299196,0.9998617172241211,2.131129548388344e-07,2.33587726938822e-08
6736,1,1,1.0009042625824804e-06,0.999998927116394,1.7438273047787334e-08,4.818176080334524e-09
6737,2,2,0.00038333781412802637,5.612505901808618e-06,0.999570906162262,4.0118862671079114e-05
6738,0,0,0.9649732708930969,0.03477807343006134,1.4719184036948718e-05,0.00023395204334519804
6739,2,2,4.893486220680643e-06,1.0154979008802911e-06,0.7268180251121521,0.2731761038303375
6740,1,1,1.6153589399436896e-07,0.9999998807907104,1.076228794971712e-08,7.991470679646895e-11
6741,1,1,1.687578361497799e-07,0.9999998807907104,5.790016022189093e-09,1.7624296466678402e-09
6742,2,2,6.105463398853317e-05,1.9936936951125972e-05,0.9999052286148071,1.3771167687082198e-05
6743,0,0,0.999936580657959,2.3482311007683165e-05,3.895633926731534e-05,1.0074993497255491e-06
6744,0,0,0.9975249171257019,4.9074496928369626e-05,6.77821080898866e-05,0.002358251716941595
6745,0,0,0.9999996423721313,2.1663207405708818e-07,1.4337969922451066e-08,1.547309551597209e-07
6746,1,1,0.0022478720638900995,0.9976798892021179,2.2207109395822044e-07,7.20222233212553e-05
6747,1,2,0.05971980094909668,0.18709762394428253,0.7457398772239685,0.007442695088684559
6748,2,3,8.05447371021728e-07,6.169321498106228e-09,0.007211389951407909,0.992787778377533
6749,1,1,9.034303971588997e-09,0.999998927116394,3.332047882054212e-08,1.0901079576797201e-06
6750,3,3,3.5387314710533246e-05,1.468484711608653e-08,8.70710482558934e-06,0.9999558925628662
6751,2,2,0.002898293547332287,1.1520778109286312e-08,0.9968940019607544,0.00020773168944288045
6752,3,3,3.7504369743146526e-07,3.50145523686507e-10,4.31496519013308e-05,0.999956488609314
6753,3,3,1.019263663692982e-06,9.338591917185113e-05,0.0005229932139627635,0.9993826150894165
6754,1,1,2.720884424434189e-07,0.9999992847442627,4.297199041047861e-07,1.011545514018053e-08
6755,3,3,0.0003436820989008993,3.0960429739934625e-06,0.00010524386743782088,0.9995478987693787
6756,0,0,0.9812681078910828,1.9425845039222622e-06,0.0026480546221137047,0.016081856563687325
6757,3,3,8.641661224828567e-06,2.3335055630013812e-06,0.0011414552573114634,0.998847484588623
6758,3,3,4.00852013626718e-06,4.2878032218141016e-06,0.0008407410350628197,0.9991509914398193
6759,3,3,6.90719161866582e-07,1.4666021286302566e-07,0.001326723606325686,0.9986724853515625
6760,3,3,9.234051685780287e-05,0.0008959603728726506,4.870362681685947e-05,0.9989629983901978
6761,3,3,0.2988336682319641,0.000145096899359487,0.019568543881177902,0.6814526915550232
6762,3,3,0.0013148498255759478,4.621883320510278e-09,0.0035168516915291548,0.9951683282852173
6763,3,3,0.012526032514870167,8.18630142020993e-05,5.915656515753653e-07,0.9873915314674377
6764,3,3,6.215209850779502e-06,1.0560285772953648e-05,0.15218335390090942,0.8477998971939087
6765,3,3,1.567614162922837e-05,1.2188197118234712e-09,0.00025128608103841543,0.999733030796051
6766,0,2,0.254203200340271,4.5275307059000625e-08,0.6011470556259155,0.1446496546268463
6767,2,2,4.282451300241519e-06,0.00018781545804813504,0.9998062252998352,1.7159552498924313e-06
6768,3,3,0.011106377467513084,7.389062943730096e-07,0.011783364228904247,0.9771096110343933
6769,1,1,3.773088863567864e-08,1.0,4.431270073101956e-10,2.3758939260432044e-11
6770,0,0,0.9999743700027466,7.23547316283657e-07,2.4560522433603182e-05,3.4045322649944865e-07
6771,0,0,0.9964842796325684,0.002413219539448619,5.707358013751218e-06,0.0010968034621328115
6772,3,2,9.079418816781981e-08,1.612720268440171e-07,0.8838762640953064,0.11612342298030853
6773,3,3,0.00016631113248877227,5.612588665826479e-06,0.0006980341277085245,0.9991300702095032
6774,3,3,2.740298896242166e-06,2.6521882467989144e-09,0.011313850991427898,0.9886834025382996
6775,1,1,1.6388250969612272e-06,0.9999983310699463,1.2047696174022349e-09,4.771110728718497e-10
6776,0,0,0.8321136236190796,0.0021966961212456226,0.03681683912873268,0.12887278199195862
6777,0,0,0.9999632835388184,6.450323326134821e-06,8.254347449110355e-06,2.2019319658284076e-05
6778,2,3,2.2628717033512658e-06,5.711865014745854e-06,0.1332024335861206,0.8667896389961243
6779,3,3,0.000821581925265491,3.464382558604484e-08,9.913420217344537e-05,0.9990792274475098
6780,3,3,8.770474960329011e-05,1.4591084891435457e-06,0.0055367895402014256,0.9943740367889404
6781,3,3,1.5197633729258087e-06,4.332012792929163e-08,5.708060780307278e-05,0.999941349029541
6782,3,3,1.2645670722122304e-05,1.2178945496543747e-07,0.049383945763111115,0.9506032466888428
6783,3,3,0.001521504600532353,4.2724420268314134e-07,0.006550847087055445,0.9919271469116211
6784,2,2,4.467669896257576e-06,6.246194672598904e-09,0.9999953508377075,2.6064174107887084e-07
6785,3,3,4.6223476601880975e-07,1.6969368516583927e-05,0.00010499041673028842,0.9998775720596313
6786,1,1,2.027145882266268e-07,0.9999997615814209,7.260371148731792e-08,1.1684980982806792e-08
6787,3,3,5.514507392945234e-06,6.598559476600485e-10,0.002213792409747839,0.9977807402610779
6788,1,1,5.960543347782732e-08,0.9999998807907104,1.592462495203506e-09,5.585572004918049e-10
6789,2,2,4.800299393536989e-06,3.452884644872256e-09,0.9999872446060181,7.97334905655589e-06
6790,2,2,3.180795431489969e-07,2.4617413885152928e-08,0.9999712705612183,2.8394837499945424e-05
6791,2,2,3.2385321446781745e-07,2.2995410020598683e-08,0.9999995231628418,5.359744292832147e-08
6792,0,0,0.9999995231628418,3.1181392046164547e-07,4.421991217640198e-09,1.8084048747368797e-07
6793,2,2,1.8549053493188694e-05,1.5600611504851258e-06,0.9996416568756104,0.00033813584013842046
6794,0,1,0.0003709578886628151,0.8420013785362244,0.022188248112797737,0.13543935120105743
6795,0,3,0.021024636924266815,9.45649816230798e-08,6.222799856914207e-05,0.9789130091667175
6796,2,2,0.3123303949832916,0.0005090002669021487,0.6861151456832886,0.0010454481234773993
6797,2,2,9.479285836277995e-06,0.000452223262982443,0.999303936958313,0.0002342906955163926
6798,1,1,8.641501381134731e-07,0.999998927116394,1.5829884603135724e-07,8.952307228859979e-10
6799,1,1,7.555697266070638e-06,0.9999918937683105,4.290779429538816e-07,1.4279721938237344e-07
6800,3,3,0.01212664507329464,5.049653850619507e-07,0.0038481908850371838,0.984024703502655
6801,3,3,1.6411763681389857e-06,5.095897925855297e-09,5.217018406256102e-05,0.9999462366104126
6802,1,1,7.356512128353643e-07,0.9999992847442627,1.481740619091454e-09,1.903387669699441e-09
6803,0,0,0.9874123334884644,3.679627525343676e-06,0.012577919289469719,6.126163043518318e-06
6804,0,0,0.9999077320098877,7.551186627097195e-06,6.731063331244513e-05,1.73680509760743e-05
6805,0,2,0.005121894646435976,0.005482339300215244,0.9768714308738708,0.012524295598268509
6806,2,2,1.2075817721779458e-05,1.0610207823447126e-08,0.9999836683273315,4.264625204086769e-06
6807,3,3,3.0697952752234414e-05,1.3870842963115138e-07,0.01423182338476181,0.9857373237609863
6808,3,3,0.001124013215303421,1.4481558174850306e-08,0.011806934140622616,0.9870690107345581
6809,3,3,9.702886018203571e-06,6.3756657731062205e-09,0.0055861640721559525,0.9944040775299072
6810,2,2,1.390349007124314e-05,3.3448092295884635e-08,0.9999513626098633,3.460969674051739e-05
6811,1,1,2.3198560938908486e-06,0.9999974966049194,1.9059818168187803e-09,1.8639634902228863e-07
6812,0,0,0.9993072748184204,4.0700473391552805e-07,7.510078830819111e-06,0.0006848257617093623
6813,3,3,0.0010121314553543925,5.436693584215391e-08,0.007792552467435598,0.9911953210830688
6814,2,2,1.208138428410166e-06,1.1008128240064252e-06,0.9999386072158813,5.9091875300509855e-05
6815,3,3,3.6737453683599597e-06,2.0013465018564602e-06,0.00040197488851845264,0.9995923638343811
6816,0,0,0.9999512434005737,6.676328894172912e-07,4.1060266084969044e-05,7.121920134522952e-06
6817,2,2,0.00036000300315208733,0.0003253131581004709,0.9991814494132996,0.00013322182348929346
6818,0,0,0.7582350373268127,0.2414046972990036,0.00016816130664665252,0.00019217540102545172
6819,2,2,2.618225835249177e-06,4.183471347118939e-09,0.9999936819076538,3.6818155422224663e-06
6820,3,3,2.6683534088078886e-05,9.836546865926721e-08,0.0005082378047518432,0.9994649291038513
6821,3,3,1.7235883831290266e-08,1.489635081952656e-07,0.003930887673050165,0.9960689544677734
6822,1,1,4.8647416406311095e-06,0.9999949932098389,1.5156565780216624e-07,1.858338372073831e-08
6823,3,3,0.0008637663559056818,1.8659761735762004e-08,0.23412057757377625,0.7650156617164612
6824,0,0,0.9998565912246704,5.963358695737497e-09,6.744032725691795e-05,7.596451905556023e-05
6825,1,1,1.8472255947088456e-09,1.0,3.7375938455319613e-10,6.13475314992229e-09
6826,2,2,0.0011163755552843213,0.01934301294386387,0.9718179106712341,0.007722712121903896
6827,2,2,0.0025260872207581997,2.664977182575967e-05,0.9871233701705933,0.010323896072804928
6828,3,3,4.935228616886889e-07,4.936543951394867e-10,0.00018798113160301,0.999811589717865
6829,2,2,0.0019197356887161732,7.754609043786331e-08,0.9972965121269226,0.0007835831493139267
6830,1,1,0.0009671918232925236,0.9975860118865967,5.506195520865731e-06,0.0014413122553378344
6831,3,2,0.009708688594400883,1.4184530527927564e-06,0.5889283418655396,0.4013616144657135
6832,0,0,0.9999270439147949,3.7588128520837927e-07,4.1180326661560684e-05,3.141150955343619e-05
6833,0,0,0.999997615814209,2.185883204219863e-06,3.604633391773859e-08,1.9720904731457267e-07
6834,3,3,6.857794232928427e-06,1.0945671924389444e-08,0.018237575888633728,0.9817554950714111
6835,3,0,0.8319254517555237,0.005343392491340637,0.00020361821225378662,0.16252751648426056
6836,2,2,0.23371054232120514,0.0013466470409184694,0.7563524842262268,0.008590239100158215
6837,0,0,0.9999988079071045,1.1397439720894909e-06,1.4757612909477302e-08,1.2113423153436997e-08
6838,3,3,5.031467935623368e-07,8.917591998169883e-09,0.004222659394145012,0.9957767724990845
6839,0,0,0.826245903968811,0.1511259227991104,0.02247394062578678,0.0001541770761832595
6840,3,3,0.00038428723928518593,1.7824964743340388e-05,0.00010198196832789108,0.9994958639144897
6841,3,3,5.545849717236706e-07,1.074964028902059e-08,0.00026372901629656553,0.9997356534004211
6842,3,3,0.044155143201351166,7.733188795100432e-06,0.2087487280368805,0.7470883727073669
6843,3,3,0.0003166589012835175,6.624232628382742e-05,0.4123629331588745,0.5872541069984436
6844,3,3,0.00013502257934305817,5.8770357469484225e-09,0.019844332709908485,0.9800206422805786
6845,2,2,0.0006702711689285934,1.4337201719172299e-06,0.9993206262588501,7.717080734437332e-06
6846,2,2,0.002466687001287937,1.3332639436924865e-09,0.9974804520606995,5.285754377837293e-05
6847,2,3,1.7116837625508197e-05,2.52679456025362e-05,0.34297239780426025,0.6569852232933044
6848,2,2,7.901320486780605e-07,2.6619289883456076e-08,0.9997231364250183,0.0002759636554401368
6849,2,3,0.00042600385495461524,0.0004171668260823935,0.019541224464774132,0.9796155691146851
6850,2,2,5.442845463221602e-07,2.761169781706485e-08,0.9999991655349731,1.7212063596616645e-07
6851,0,0,0.9972820281982422,5.998235064907931e-05,0.002074124291539192,0.0005839585792273283
6852,0,0,0.9999997615814209,1.6281181558497337e-07,4.1680795703769036e-08,9.225144737001756e-08
6853,2,2,8.654018301967881e-07,3.527745651155101e-09,0.9999099969863892,8.919935498852283e-05
6854,0,0,0.9989258646965027,8.538558176951483e-06,0.001000125426799059,6.53774623060599e-05
6855,0,0,0.9986976385116577,5.0485276005929336e-05,0.00023891613818705082,0.0010129418224096298
6856,0,0,0.8145427703857422,0.13841687142848969,0.00022716714011039585,0.0468132309615612
6857,1,1,0.0010492447763681412,0.9894731640815735,4.682172857428668e-06,0.009472892619669437
6858,1,1,2.555717912855471e-07,0.9999994039535522,2.654782633726427e-07,1.7342861724500835e-07
6859,1,1,1.2334246548562078e-06,0.9999988079071045,2.7399358337731883e-09,4.5858142283528025e-10
6860,2,2,0.0025368325877934694,0.07084628939628601,0.9061803817749023,0.020436404272913933
6861,1,1,2.6857462032126023e-08,1.0,1.015991069053257e-09,7.01254471158208e-11
6862,2,2,0.25728851556777954,3.5823961752612377e-07,0.7425440549850464,0.00016700422565918416
6863,1,1,9.784566827875096e-06,0.9999856948852539,2.5417639335501008e-06,2.0559425593091873e-06
6864,3,3,3.557959644240327e-06,9.029972147800436e-08,0.0007938313647173345,0.99920254945755
6865,3,3,0.0019570516888052225,5.810548464069143e-05,0.04407700523734093,0.9539077877998352
6866,3,3,9.645177669881377e-06,2.1598566490865778e-08,7.803502739989199e-06,0.9999825954437256
6867,2,2,4.242840441293083e-05,2.6255792207052764e-08,0.9922352433204651,0.007722220383584499
6868,2,2,1.7268266674363986e-05,3.4595490205902024e-07,0.7858282923698425,0.21415407955646515
6869,1,1,9.264764067040687e-09,1.0,3.889526922762343e-08,2.3741579369129795e-08
6870,3,2,0.0011408156715333462,4.317234125750247e-09,0.6532752513885498,0.3455839157104492
6871,1,1,1.920196268656582e-08,1.0,1.682752381881869e-09,1.3801852105643775e-08
6872,1,1,5.232192989979012e-08,0.9999998807907104,5.965296878684967e-08,2.6916742612570488e-08
6873,3,3,8.590542677211488e-08,1.0443205411547751e-07,0.07056139409542084,0.9294383525848389
6874,1,1,2.848232441010623e-07,0.9999997615814209,1.7064318708071013e-11,2.2581825298573222e-10
6875,1,1,1.99594724108465e-05,0.999980092048645,5.8001257130513295e-09,1.980477587482099e-10
6876,1,1,3.626216198426846e-07,0.9999996423721313,1.8262882872654984e-10,8.251982208662412e-09
6877,2,2,4.1508704384796147e-07,1.4560387562312371e-08,0.8169602751731873,0.18303929269313812
6878,2,2,4.234352309140377e-05,7.498071681766305e-06,0.9999489784240723,1.2509735825005919e-06
6879,0,0,0.9982232451438904,8.73011231306009e-05,0.0014154521049931645,0.00027394347125664353
6880,0,0,0.9995138645172119,2.6489589188827267e-08,2.2749673007638194e-05,0.0004633457283489406
6881,1,1,1.01656687547802e-05,0.9999876022338867,2.2761703348805895e-06,2.4679122745396853e-08
6882,1,1,2.1741874078884393e-08,1.0,1.8999785078577247e-10,1.6856435136602954e-09
6883,1,1,3.271882320632358e-08,1.0,2.0970022163169233e-08,8.591969913318565e-10
6884,1,1,2.74995045401738e-07,0.9999945163726807,5.004496870242292e-07,4.678365712607047e-06
6885,0,0,0.994066596031189,6.656836194451898e-05,0.000205037955311127,0.005661790259182453
6886,0,0,0.9999630451202393,1.2456618492251437e-07,3.4654456726457283e-07,3.648460915428586e-05
6887,2,3,8.16517695056973e-06,4.115809497307055e-05,0.48741415143013,0.5125365257263184
6888,1,1,4.20718208715698e-07,0.9999995231628418,1.3602822201974618e-09,4.612423498695506e-10
6889,1,1,0.00027734992909245193,0.9997223019599915,1.450599569352562e-07,2.7466572305456793e-07
6890,1,1,0.013992724940180779,0.9799699187278748,0.0056901429779827595,0.00034713931381702423
6891,0,0,0.9999961853027344,6.483725769612647e-07,2.9656664537469624e-06,1.9198584766400018e-07
6892,1,1,1.5180676271597804e-08,1.0,5.057928520457722e-10,5.605957364984704e-10
6893,2,0,0.932940661907196,2.413334414086421e-06,0.06573332846164703,0.0013236366212368011
6894,0,0,0.999725878238678,8.439519660896622e-06,0.00018845556769520044,7.722217560512945e-05
6895,0,0,0.9999419450759888,5.5560532928211614e-05,8.299458613691968e-07,1.60580793817644e-06
6896,0,0,0.9999890327453613,3.7624945434799884e-06,4.752905624627601e-06,2.4635492081870325e-06
6897,1,1,0.00030202133348211646,0.9990334510803223,0.0006257439963519573,3.88480257242918e-05
6898,3,2,0.014179077930748463,0.2888765037059784,0.3686731159687042,0.3282713294029236
6899,0,0,0.9999586343765259,1.1104292951813477e-07,3.2886629924178123e-05,8.351440555998124e-06
6900,2,2,4.322131280787289e-05,1.190164411468686e-08,0.9999507665634155,5.9146514104213566e-06
6901,1,1,2.2728481781086884e-06,0.999997615814209,3.810099613588136e-08,7.780181476846337e-08
6902,0,0,1.0,8.950221008774406e-09,5.0863569356351945e-08,2.0664412403448296e-08
6903,3,3,9.9776320894307e-07,3.324969810591938e-08,0.015454546548426151,0.9845444560050964
6904,3,3,2.264270733576268e-05,1.3622967198756442e-09,0.012078949250280857,0.9878984093666077
6905,2,2,0.00012055371917085722,5.970995253790079e-09,0.9841317534446716,0.015747705474495888
6906,2,2,0.000239800734561868,0.00018147968512494117,0.9995716214179993,7.185742106230464e-06
6907,1,1,0.0001966983254533261,0.9935216307640076,0.00023878343927208334,0.006042842753231525
6908,3,3,9.255915074390941e-07,4.599706393548786e-09,3.355612716404721e-05,0.9999655485153198
6909,1,1,1.5276111753337318e-07,0.999998927116394,5.173569661565125e-08,7.937491091070115e-07
6910,3,2,0.03164065629243851,0.003026412334293127,0.78885817527771,0.17647480964660645
6911,3,3,1.6603411495452747e-05,1.7710187876218697e-06,0.0003430216747801751,0.999638557434082
6912,3,3,2.332849908270873e-05,3.7310909917209756e-09,1.9052640709560364e-05,0.9999575614929199
6913,0,0,0.9353187084197998,0.00018565409118309617,0.06108258664608002,0.003413127502426505
6914,0,0,0.8208309412002563,0.0035268045030534267,0.1612922102212906,0.014350050128996372
6915,1,1,2.1374809477947565e-08,0.9999979734420776,1.159634962277778e-06,8.358370564565121e-07
6916,2,2,5.749348201788962e-05,1.2609614463698904e-09,0.9999415874481201,9.22261619962228e-07
6917,2,2,0.04943029209971428,3.631301410678134e-07,0.9505192637443542,5.008358129998669e-05
6918,1,1,2.6311077760965418e-08,1.0,3.6854497231786354e-10,2.6710969547316665e-10
6919,0,0,0.7900205254554749,5.85590532864444e-06,0.017963409423828125,0.19201025366783142
6920,2,2,0.0007431598496623337,2.5777521841519047e-06,0.9300588369369507,0.069195456802845
6921,2,2,5.140498251421377e-05,7.426074422056672e-09,0.9999455213546753,3.1457880140806083e-06
6922,1,1,1.2518349024048803e-07,0.9999998807907104,1.052868681128416e-09,1.2124044879158191e-08
6923,1,1,9.838320380595178e-08,0.9999998807907104,1.4447152675567398e-11,2.549429833909045e-10
6924,1,1,2.1407899453151913e-08,1.0,3.074315690909657e-09,8.407148310851653e-10
6925,2,2,6.33220679446822e-06,3.145012428262817e-08,0.9942309856414795,0.005762695334851742
6926,3,3,9.14468234469723e-09,5.078162890193028e-10,0.0002322825021110475,0.9997677206993103
6927,1,1,4.4785647332901135e-06,0.9999637603759766,3.0281893486971967e-05,1.464603997192171e-06
6928,1,1,2.483404159647762e-06,0.9999948740005493,2.4659962036821526e-06,6.626832771416957e-08
6929,0,0,0.9999985694885254,4.6896653316252923e-07,6.31016234819981e-08,8.369231068172667e-07
6930,1,1,1.0295364063495072e-06,0.999998927116394,2.6838078426294487e-08,2.6072511261077125e-08
6931,2,2,0.08437132090330124,1.227609374154781e-07,0.5921023488044739,0.3235262334346771
6932,1,1,4.413674425940428e-10,1.0,1.0676576289725404e-09,2.3106014324092428e-10
6933,1,1,2.34929734688194e-06,0.9999895095825195,7.213779099402018e-06,9.260957654078084e-07
6934,2,2,0.0001999146625166759,1.8901978648955264e-08,0.9997989535331726,1.1469845730971429e-06
6935,0,0,0.9996417760848999,0.00031920941546559334,8.63933382788673e-06,3.039221883227583e-05
6936,3,2,0.00024883862351998687,1.0263578076319391e-07,0.7158860564231873,0.2838650345802307
6937,2,2,1.6827891158754937e-05,9.951862978141435e-08,0.9861201047897339,0.013863022439181805
6938,2,2,0.0021638304460793734,8.994733775580244e-07,0.7970505356788635,0.20078472793102264
6939,1,1,6.069184621537715e-08,0.9999998807907104,1.6169724448289458e-09,3.545898019652327e-10
6940,2,2,0.00022325447935145348,8.090989545017635e-10,0.9960222840309143,0.003754581091925502
6941,1,1,0.0001013374057947658,0.999897837638855,9.504785225544765e-08,6.97110351666197e-07
6942,0,0,0.9979920387268066,6.89159651301452e-06,1.518819135526428e-05,0.001985823968425393
6943,3,3,2.5761135475477204e-05,7.683046305828611e-07,0.45018184185028076,0.5497915744781494
6944,1,1,2.9869721402064897e-05,0.9999700784683228,1.7357391079997342e-09,5.367995825622529e-08
6945,0,0,1.0,9.293825264933275e-09,4.1637022718532535e-08,7.27535409694724e-09
6946,0,0,0.9999891519546509,2.820027766858857e-09,1.0745165127445944e-05,1.3653097141741455e-07
6947,2,2,1.3990863408253063e-05,1.3210081029058074e-08,0.9051605463027954,0.09482546150684357
6948,0,0,0.9999996423721313,3.423262739943311e-08,1.662974256078087e-07,1.6341098785233044e-07
6949,0,0,0.8820123672485352,2.2397378415917046e-05,0.11788880079984665,7.64273718232289e-05
6950,2,2,0.00035506224958226085,0.015231841243803501,0.9722585678100586,0.012154640629887581
6951,3,0,0.9105402827262878,0.019165612757205963,1.3193036465963814e-05,0.07028091698884964
6952,0,0,0.9999961853027344,1.477922921822028e-07,3.2719697173888562e-06,5.033035677115549e-07
6953,3,3,3.964877578255255e-06,7.262685244313616e-07,0.0017643219325691462,0.9982309937477112
6954,2,2,1.0668729373719543e-05,3.533159542712383e-08,0.9999799728393555,9.408550795342308e-06
6955,1,1,1.5722314401500626e-06,0.9999804496765137,1.7766538803698495e-05,1.9906229908883688e-07
6956,3,3,1.2202568768771016e-06,2.1192332333441755e-09,0.013532240875065327,0.9864665865898132
6957,3,3,7.076173642417416e-05,2.745472329479526e-07,0.002291962271556258,0.9976370334625244
6958,3,3,8.782446059285576e-08,1.1084605455735641e-09,0.0002565356553532183,0.9997434020042419
6959,2,2,0.004969072062522173,0.0006858650012873113,0.5263938307762146,0.4679512679576874
6960,0,0,0.9999569654464722,8.251879080489744e-06,3.467296119197272e-05,9.211193940927842e-08
6961,2,2,1.1977845133515075e-06,6.828219767385235e-09,0.9999984502792358,3.173186087224167e-07
6962,0,1,0.016343172639608383,0.9833449721336365,0.00025282157002948225,5.9047943068435416e-05
6963,1,1,2.927734203694854e-05,0.999970555305481,2.074302756227553e-07,1.0809473316442109e-08
6964,0,0,0.9997971653938293,1.7515410945634358e-05,0.0001818191522033885,3.422611825953936e-06
6965,0,2,0.007034278009086847,1.3520149195755948e-06,0.992890477180481,7.39231109037064e-05
6966,2,2,4.683906809077598e-07,4.0837710990615506e-09,0.9999991655349731,3.5330134551259107e-07
6967,0,0,0.992224931716919,2.5573285711288918e-06,0.00774250365793705,2.998136005771812e-05
6968,3,3,0.00048219505697488785,1.1900123553232334e-08,6.655944889644161e-05,0.999451220035553
6969,2,2,4.385173451737501e-05,7.067533829285821e-07,0.9994329810142517,0.0005224223132245243
6970,2,2,0.16096313297748566,5.447937292046845e-05,0.5152419209480286,0.32374051213264465
6971,3,3,2.1106174585838744e-09,1.0944384598587931e-07,0.0003443688910920173,0.9996554851531982
6972,3,3,5.871083317288139e-07,8.482706093104753e-09,0.0005454301717691123,0.9994539618492126
6973,0,2,0.03417917340993881,1.3089736967231147e-05,0.9499735236167908,0.015834271907806396
6974,2,2,1.1641417785313024e-07,1.3731004777639555e-08,0.9999996423721313,2.671125685083098e-07
6975,3,3,0.00023990643967408687,2.3110300389816985e-05,0.00037776504177600145,0.9993591904640198
6976,0,0,0.999543309211731,0.00028783560264855623,7.775071571813896e-05,9.106091602006927e-05
6977,1,1,2.3983102437341586e-07,0.9999997615814209,7.191730766464843e-09,3.508837664867315e-08
6978,1,1,1.2486472087402944e-06,0.9999988079071045,8.372876836304499e-10,2.589946479503169e-09
6979,1,1,6.468243896051717e-07,0.9999991655349731,2.437664079479873e-07,2.204476423628421e-08
6980,2,1,0.0023013639729470015,0.9630780220031738,0.025932729244232178,0.008687845431268215
6981,2,2,0.007078378926962614,2.2496999008581042e-05,0.6158788204193115,0.37702035903930664
6982,2,2,6.315750056273828e-08,1.1553434887900949e-05,0.9997965693473816,0.0001917577174026519
6983,0,0,0.9999902248382568,2.4718099211895606e-06,3.5145527021995804e-07,6.988879704294959e-06
6984,3,3,1.59616374730831e-05,8.063928544288501e-05,0.0001360169699182734,0.9997673630714417
6985,0,0,0.9573336243629456,2.806260272336658e-05,0.04178531840443611,0.0008530131308361888
6986,2,2,8.440052567948442e-08,7.179844629945364e-08,0.999998927116394,9.196111250275862e-07
6987,0,0,0.8394783139228821,4.3929438220402517e-07,0.01870867982506752,0.14181262254714966
6988,1,1,2.564795249782037e-05,0.999974250793457,1.1761741802729375e-07,4.3056711973576967e-08
6989,2,2,5.081469498691149e-05,2.177256774871239e-08,0.9987127780914307,0.0012363350251689553
6990,0,0,0.9963799118995667,8.591706136940047e-05,0.0017320578917860985,0.001802133396267891
6991,3,2,4.479886047192849e-05,8.102712456548034e-08,0.5411866903305054,0.45876839756965637
6992,3,2,3.0652958230348304e-05,5.433189897985358e-08,0.8781739473342896,0.12179534882307053
6993,2,2,1.2675922334892675e-05,8.1241253724329e-08,0.9983850717544556,0.0016021188348531723
6994,1,1,3.6403463354872656e-07,0.9999996423721313,3.0324864841446697e-10,2.4849651225622438e-08
6995,1,1,2.883499064409989e-06,0.9999970197677612,1.1861712723160167e-09,8.468546042195157e-08
6996,2,2,6.286874850047752e-05,5.1332015971183864e-08,0.9822522401809692,0.01768477074801922
6997,2,2,1.0022848982771393e-05,8.068495844781864e-07,0.9975385665893555,0.0024506959598511457
6998,0,0,0.5858484506607056,6.425457854675187e-08,0.00522222463041544,0.4089292287826538
6999,3,3,8.189199007802017e-08,9.05737085332703e-09,4.117432763450779e-05,0.9999587535858154
7000,3,3,8.362836524611339e-06,7.995333248800307e-07,0.02056027017533779,0.9794305562973022
7001,2,2,3.9591144741280004e-05,6.257618423433087e-08,0.9192566871643066,0.08070368319749832
7002,3,3,3.22504602081608e-05,2.8238378746436865e-08,0.028882453218102455,0.9710853099822998
7003,3,3,1.2633023516173125e-06,1.1675710398506567e-09,1.7835247490438633e-05,0.9999809265136719
7004,3,3,0.001648790086619556,7.913357080724381e-08,1.2633142432605382e-05,0.9983384609222412
7005,2,2,2.4284130631713197e-05,2.2772552256355993e-05,0.9997283816337585,0.00022451579570770264
7006,1,1,1.476219608775864e-07,0.9999997615814209,5.0394444173207376e-08,1.4000537396086088e-09
7007,1,1,6.128023960627615e-05,0.9999332427978516,6.027654109175273e-08,5.330507065082202e-06
7008,2,2,0.0013083037920296192,0.01482884120196104,0.9795477390289307,0.004315097350627184
7009,1,1,4.7088242638437805e-08,1.0,7.31189206404359e-11,1.1384855280738293e-09
7010,1,1,4.0622033736781304e-08,1.0,4.395259989298239e-10,5.356634580344632e-10
7011,1,1,1.2265472832950763e-06,0.9999988079071045,4.738855086117155e-09,3.264746695208487e-08
7012,1,1,3.5184530133847147e-06,0.9999964237213135,4.424713040407369e-08,2.7457115692186562e-08
7013,2,2,0.0002610652591101825,3.9496477256761864e-05,0.5539991855621338,0.4457002282142639
7014,3,3,3.924003249267116e-05,0.00032442910014651716,0.0002351027651457116,0.9994012117385864
7015,3,3,0.0004357164434622973,1.1026478619058366e-09,0.0021988467779010534,0.997365415096283
7016,1,0,0.5453864336013794,0.4251263737678528,0.02738417685031891,0.002103020902723074
7017,0,3,0.4917941987514496,5.714156941394322e-06,0.0001781060273060575,0.5080220103263855
7018,0,0,0.9195733070373535,1.0825395975189167e-06,0.07807264477014542,0.002352898707613349
7019,1,1,9.669119727107045e-09,1.0,3.121795799643223e-08,4.28592912271597e-08
7020,2,2,7.439453497681825e-07,1.753620137989742e-09,0.999991774559021,7.539968919445528e-06
7021,0,0,0.9999847412109375,7.497452770621749e-06,4.698780230683042e-06,3.1354345537693007e-06
7022,0,0,0.9171988368034363,6.603169367735973e-06,0.07168681919574738,0.01110779494047165
7023,3,3,1.0697064681153279e-05,1.0246221648912979e-07,0.018766645342111588,0.9812225699424744
7024,0,0,0.9992085099220276,3.533908602548763e-05,0.0007251459755934775,3.10539107886143e-05
7025,0,0,0.9997977614402771,8.599241482443176e-06,7.401569018838927e-05,0.00011966878082603216
7026,2,2,1.464298122755281e-07,2.119429520774929e-09,0.9999995231628418,3.719615904174134e-07
7027,3,3,1.749131115502678e-05,4.2643736719583103e-07,2.3813865936972434e-06,0.9999796152114868
7028,2,2,3.0857790989102796e-08,9.646348164693563e-10,0.9999963045120239,3.6399649161467096e-06
7029,0,0,1.0,1.169579810778032e-08,2.8313458244610956e-08,1.307999153432604e-09
7030,2,1,0.011930448934435844,0.9376699328422546,0.019294066354632378,0.03110555000603199
7031,3,3,0.015333680436015129,0.012148694135248661,7.409238151012687e-06,0.9725102782249451
7032,0,3,0.29165172576904297,0.0007365900091826916,0.07574505358934402,0.6318666338920593
7033,2,2,0.0009562436607666314,1.0320628462068271e-05,0.9911626577377319,0.007870768196880817
7034,0,0,0.9999823570251465,3.4349874056260887e-09,5.223366770223947e-06,1.24255957416608e-05
7035,3,3,0.0001645298325456679,0.00013317285629455,0.0009462404996156693,0.9987560510635376
7036,3,3,0.002670272020623088,2.6942281738939755e-10,0.0007748275529593229,0.996554970741272
7037,0,0,0.9975138902664185,2.1891717096877983e-06,0.0003111755067948252,0.0021726961713284254
7038,3,3,0.00021052254305686802,1.5928805496834286e-10,0.0009486967464908957,0.9988407492637634
7039,2,2,3.366137661942048e-06,4.601482572752502e-08,0.9999867677688599,9.864695130090695e-06
7040,3,3,0.0009747401345521212,2.1911313524469733e-05,1.9034587239730172e-05,0.9989842772483826
7041,0,0,0.9389635920524597,0.0012919931905344129,0.029148444533348083,0.030595991760492325
7042,2,2,1.4529673535434995e-05,8.07392694923692e-08,0.9999771118164062,8.262723895313684e-06
7043,2,2,0.000356063072104007,9.433790637558559e-08,0.9996160268783569,2.7772925022873096e-05
7044,3,3,0.002545114140957594,0.0001441773201804608,0.00021938841382507235,0.9970912933349609
7045,2,2,1.5627294487785548e-05,3.9003715812668815e-08,0.9976848363876343,0.0022995052859187126
7046,2,2,6.5989320319204126e-06,8.120680831780192e-06,0.7649499773979187,0.23503531515598297
7047,1,1,1.3666108245047326e-08,1.0,4.356405861050128e-11,1.4516500224104334e-09
7048,3,3,1.918304946002536e-07,3.749260901741991e-10,0.0002323212247574702,0.9997674822807312
7049,3,3,2.7996387871098705e-05,7.921474587391231e-10,0.07529376447200775,0.9246782660484314
7050,2,2,9.077845675165008e-08,2.6012530796037936e-08,0.9999998807907104,2.258701004009822e-09
7051,2,3,1.2297566172492225e-05,1.67611574397597e-07,0.017901873216032982,0.9820857048034668
7052,3,3,1.8535107301431708e-05,6.02454761633453e-08,4.86204371554777e-05,0.9999327659606934
7053,0,0,1.0,3.8437413252268016e-09,4.864510927404808e-08,8.706030563132572e-09
7054,3,3,1.5795239960425533e-07,2.0753155638431053e-08,3.419087590827985e-07,0.9999995231628418
7055,3,3,6.951884188310942e-06,1.0195309414484655e-06,0.0002785415854305029,0.9997133612632751
7056,2,2,0.00027045057504437864,2.8353073844300525e-07,0.999052107334137,0.0006771364132873714
7057,2,2,1.18764910439495e-05,3.868139941687332e-08,0.9999679327011108,2.0130068151047453e-05
7058,0,0,0.9986557960510254,6.957393452466931e-07,0.0003007766208611429,0.0010427773231640458
7059,3,3,0.075825035572052,0.0002723625802900642,8.375317702302709e-05,0.9238188862800598
7060,3,3,3.23717285937164e-05,7.389623419840063e-07,2.393428803770803e-05,0.9999430179595947
7061,2,3,0.007548383437097073,0.004999519791454077,0.15448163449764252,0.8329704403877258
7062,3,3,0.0007096926565282047,5.443112058856059e-06,1.800881182134617e-05,0.9992668032646179
7063,0,0,0.9947085380554199,1.8601436977405683e-06,0.0013589086011052132,0.003930725622922182
7064,1,1,1.1772614527671976e-07,0.9999998807907104,2.237170691754553e-11,2.72344835572369e-09
7065,0,0,0.6612895727157593,3.7741389746770437e-07,0.3268740773200989,0.011835983954370022
7066,1,1,1.618624992261175e-06,0.9999983310699463,3.2000683353183845e-11,6.093413773555767e-09
7067,3,3,1.2195497447464732e-06,7.469553864325462e-09,1.3656961527885869e-05,0.9999850988388062
7068,3,2,1.47819676499239e-08,3.95899434124658e-07,0.9920513033866882,0.007948309183120728
7069,1,1,3.97280537356437e-08,1.0,1.783988928805158e-11,4.351693227988562e-09
7070,2,2,0.0010845857905223966,0.00010708189802244306,0.9837592840194702,0.015049133449792862
7071,0,0,0.9996811151504517,1.4425852896238212e-05,8.878178618942911e-07,0.0003036156122107059
7072,1,1,1.3932087767898338e-06,0.9998283386230469,1.592959506524494e-07,0.0001700372522464022
7073,0,2,0.014526850543916225,0.019894281402230263,0.9563262462615967,0.009252631105482578
7074,2,2,0.0004041520005557686,2.5310871620831676e-08,0.9582183957099915,0.04137738049030304
7075,2,2,0.00011308658577036113,3.892247857351094e-09,0.9998853206634521,1.4879203718010103e-06
7076,0,0,0.9394772052764893,0.0034317239187657833,0.04950038343667984,0.007590705528855324
7077,0,0,0.9129447340965271,0.08704917877912521,2.3594116100866813e-06,3.740353122339002e-06
7078,1,1,5.255704849105314e-08,0.9999992847442627,7.106673933776619e-07,2.1181691067795327e-08
7079,0,0,0.9997528195381165,3.0440007321885787e-05,0.00020807881082873791,8.688508387422189e-06
7080,2,2,4.7431754524041025e-07,1.5800877051219686e-08,0.9999686479568481,3.081272734561935e-05
7081,2,3,0.02211669832468033,0.0003048783983103931,0.22360095381736755,0.7539774775505066
7082,2,2,2.199581246031812e-07,1.4434421018449939e-06,0.9990083575248718,0.0009900192962959409
7083,3,3,0.007458595093339682,3.379400004632771e-05,0.47212401032447815,0.5203835964202881
7084,3,3,5.997180778649636e-07,4.6447126145210405e-09,8.995356438390445e-06,0.9999904632568359
7085,1,1,0.00041653966763988137,0.9995137453079224,1.9470446204650216e-05,5.0240687414770946e-05
7086,0,0,0.9999990463256836,6.532886231980228e-08,3.333973097596754e-07,5.176257218408864e-07
7087,0,0,0.9999552965164185,2.5028626623679884e-05,1.9372373571968637e-05,2.3978904550858715e-07
7088,1,1,4.009158510598354e-05,0.9999558925628662,3.977672349719796e-06,5.177206574558113e-08
7089,3,3,0.0027098434511572123,0.06831072270870209,0.00966148916631937,0.9193179607391357
7090,1,1,1.2579855138028506e-05,0.9999791383743286,6.952727744646836e-07,7.581716090498958e-06
7091,0,0,0.9999854564666748,1.8761101046038675e-06,6.924522608642292e-07,1.2006228644168004e-05
7092,3,3,0.00023742539633531123,3.053224020277412e-07,0.0002711242705117911,0.9994910955429077
7093,3,3,0.0001581487013027072,1.758934615736507e-07,0.0005498294485732913,0.9992918968200684
7094,1,1,1.7157210095319897e-05,0.9999828338623047,1.494321288930678e-08,3.866928821594229e-08
7095,1,1,9.016600415634457e-06,0.9999909400939941,4.684076415628624e-08,1.6797397250911672e-08
7096,3,3,1.2544219885057828e-08,3.956183824982418e-09,0.00012007314944639802,0.9998799562454224
7097,3,3,0.00036010556505061686,3.2366580171583337e-07,0.0025900884065777063,0.9970494508743286
7098,2,2,5.349256753106602e-07,1.9180646404493018e-08,0.9999992847442627,2.786053983072634e-07
7099,0,0,0.999976634979248,6.629319955209212e-07,7.358320999628631e-06,1.5365309081971645e-05
7100,2,2,0.0005379528738558292,1.0546857993176673e-05,0.9964262843132019,0.003025236539542675
7101,0,0,0.9999986886978149,1.1139894695588737e-06,6.106112238057904e-08,4.4580666269666835e-08
7102,3,3,3.888687933795154e-05,2.413329184491886e-06,0.0007230975897982717,0.9992356300354004
7103,2,2,2.14270330616273e-05,2.5840809030341916e-05,0.9991850256919861,0.0007676876848563552
7104,2,2,7.51721131564409e-07,9.11059316877072e-09,0.9999983310699463,9.079203664441593e-07
7105,1,1,5.310319465934299e-06,0.9999945163726807,4.4083289907348444e-08,6.679900366179936e-08
7106,2,2,7.265961130542564e-07,4.5157513284266315e-09,0.9999945163726807,4.717968749901047e-06
7107,1,1,2.0025635316667234e-10,1.0,8.774496684793576e-09,5.081775000803646e-10
7108,2,2,0.005295040085911751,0.016453757882118225,0.9599205255508423,0.018330618739128113
7109,2,2,3.125107832602225e-05,8.261179829105458e-08,0.999945878982544,2.2754320525564253e-05
7110,0,0,0.9982125759124756,1.0217893759545404e-05,0.001763013657182455,1.4138583537715022e-05
7111,3,3,0.00014008968719281256,2.6179808543247418e-08,0.012603594921529293,0.9872562885284424
7112,3,3,0.009648202918469906,0.00034908519592136145,0.36744195222854614,0.6225606799125671
7113,1,1,0.08846819400787354,0.8486513495445251,0.06286191940307617,1.853360481618438e-05
7114,2,2,2.8720462069031782e-05,1.4859073971251746e-08,0.9999687671661377,2.5448591713939095e-06
7115,2,2,0.00028331202338449657,1.5686634924350074e-07,0.9869347810745239,0.01278176624327898
7116,2,2,2.0284942365833558e-05,9.776979368325556e-07,0.9999752044677734,3.560938466762309e-06
7117,2,2,4.329439889261266e-06,1.3005969634605208e-08,0.9999947547912598,9.089689001484658e-07
7118,0,0,0.9988133907318115,7.775009180477355e-06,0.0007195723010227084,0.0004593410703819245
7119,2,2,4.218541653244756e-05,1.0150911577966326e-07,0.9985682964324951,0.0013894938165321946
7120,3,3,3.952334736823104e-06,5.9941731578305735e-09,0.0028415536507964134,0.9971544742584229
7121,2,2,9.833753210841678e-06,5.1846779314246305e-08,0.9957612156867981,0.004228934179991484
7122,3,0,0.5070539116859436,1.3769659972240333e-06,0.4731602966785431,0.01978442817926407
7123,1,1,1.0621233741403557e-06,0.9985219836235046,0.001200202968902886,0.0002766929392237216
7124,2,2,5.167205381439999e-05,7.510989689762937e-06,0.9970190525054932,0.0029217314440757036
7125,3,3,0.00029294961132109165,2.573459880750306e-07,0.01995202712714672,0.9797548651695251
7126,3,3,0.0009800456464290619,2.1361674953368492e-06,0.0001459253835491836,0.9988718628883362
7127,1,1,5.5606426030863076e-05,0.9999158382415771,9.384916177523905e-10,2.8441934773582034e-05
7128,1,1,1.5435398381669074e-07,0.9999998807907104,1.4418545468686261e-08,3.26576057863015e-11
7129,3,3,6.261458196377134e-08,2.6292401589245173e-09,0.0005779058556072414,0.9994220733642578
7130,2,2,2.4386113750551885e-07,1.495087609271195e-08,0.9999995231628418,1.9670019923978543e-07
7131,2,2,0.0012524982448667288,4.00856151827611e-05,0.9922515749931335,0.006455829367041588
7132,0,0,0.6569284796714783,8.65099900693167e-06,0.029371876269578934,0.31369102001190186
7133,0,0,0.9983324408531189,2.915436425610096e-06,0.00022147977142594755,0.0014432024909183383
7134,2,2,2.4617826056783088e-05,3.9769573049852625e-05,0.9927666187286377,0.007169027347117662
7135,2,2,0.00020126238814555109,0.0001653311337577179,0.9996312856674194,2.15504337575112e-06
7136,3,3,5.3371204558061436e-05,5.1010296431286406e-08,0.0006021440494805574,0.999344527721405
7137,0,0,0.9999650716781616,4.3064449783969394e-08,9.935754263779017e-08,3.4790198697010055e-05
7138,1,1,4.448163792858395e-08,0.9999912977218628,2.6893587801168906e-07,8.375099241675343e-06
7139,3,3,2.0996465366351913e-07,1.2218022149568242e-09,6.546376425831113e-06,0.9999932050704956
7140,0,0,0.9996955394744873,8.497243834426627e-05,0.0001609447062946856,5.8492954849498346e-05
7141,1,1,4.59542981445793e-08,1.0,4.859407987112263e-09,5.356204924034103e-10
7142,1,1,2.881462002335411e-08,1.0,1.2395544146670545e-08,5.2387223448135956e-09
7143,1,1,1.9255092809089547e-07,0.9999997615814209,1.2713640140660232e-09,2.757559736110693e-09
7144,0,0,0.8951342105865479,0.006483195349574089,0.006582565605640411,0.09180008620023727
7145,0,0,0.9778082370758057,0.008785548619925976,0.0007871972629800439,0.012619076296687126
7146,2,2,1.74988635990303e-05,2.9653358879500047e-08,0.801025390625,0.19895705580711365
7147,3,3,1.4870145605527796e-05,3.2845665032255056e-07,0.05309496447443962,0.9468898773193359
7148,3,2,4.177792288828641e-05,1.2872740171587793e-06,0.9852279424667358,0.014729018323123455
7149,1,1,8.72093005455099e-06,0.9986251592636108,0.0008561690920032561,0.0005099432310089469
7150,1,1,1.2638889046456825e-08,0.9999998807907104,2.9345242680278716e-08,7.928491640996072e-08
7151,1,1,4.9853583483638886e-09,0.9999997615814209,2.2969476276557543e-07,9.335449746572522e-09
7152,1,1,1.5469796608158504e-06,0.999992847442627,5.581682671618182e-06,6.175399747121446e-09
7153,1,1,8.289131048222487e-10,1.0,1.3888759475833012e-08,4.617022764108469e-09
7154,3,3,5.3040607781440485e-06,7.541743229921849e-09,2.5459057724219747e-05,0.9999692440032959
7155,1,1,2.772720222310454e-07,0.9999997615814209,1.7555526810042466e-08,2.035772661557189e-09
7156,1,1,3.868005649110273e-08,1.0,1.1848678704851068e-09,7.031298876469805e-10
7157,3,0,0.9572274088859558,0.004259343259036541,0.002657292876392603,0.035855986177921295
7158,2,2,9.172459249384701e-05,7.91030686286831e-07,0.9992121458053589,0.0006953371339477599
7159,0,0,0.9999957084655762,3.940868282370502e-06,1.5970580591329053e-07,2.577453415142372e-07
7160,1,1,2.753979266856277e-10,1.0,9.424988567374726e-11,3.968442761903557e-12
7161,1,1,3.4042617613749826e-09,0.9999998807907104,6.825967346912876e-08,2.126748910313836e-08
7162,1,1,5.287862592240344e-09,1.0,4.892231411646186e-11,7.122392259306665e-11
7163,0,0,0.9993613362312317,3.882582433334392e-08,0.00026631593937054276,0.00037237422657199204
7164,1,2,3.360956543474458e-05,0.0022953965235501528,0.9974448680877686,0.00022614040062762797
7165,1,1,1.5345129213528708e-05,0.9999814033508301,1.419149597836622e-08,3.2755306165199727e-06
7166,1,1,1.5711793821537867e-07,0.9999992847442627,5.175177761884697e-07,1.7079154090993143e-08
7167,0,0,0.9999996423721313,5.298908689610471e-08,5.240261913286304e-08,3.212530259588675e-07
7168,1,1,0.008467121981084347,0.9915286302566528,2.2781534880778054e-08,4.297439318179386e-06
7169,1,1,4.064387226776489e-08,0.9999996423721313,3.557266268217063e-07,2.543010246824906e-09
7170,0,0,0.9999974966049194,1.980818069569068e-06,2.435382953080989e-07,2.9819364044669783e-07
7171,0,0,0.9989243149757385,3.404319068067707e-05,5.5682132369838655e-05,0.0009859163546934724
7172,0,0,0.9999955892562866,1.4000073633724242e-06,3.7188080170835747e-08,3.051322210012586e-06
7173,2,2,0.00011294607975287363,0.03936837986111641,0.9410756230354309,0.01944301836192608
7174,1,1,3.008998100995086e-05,0.9999661445617676,2.204595148214139e-06,1.4988537486715359e-06
7175,1,1,0.0010909053962677717,0.9988605976104736,3.1148552807280794e-05,1.7396419934812002e-05
7176,0,0,0.9999991655349731,5.197347618945969e-08,3.468037448328687e-07,4.261737274191546e-07
7177,3,3,4.3057511902588885e-06,2.7083510545367062e-08,0.00013446893717627972,0.9998612403869629
7178,0,0,0.9996048808097839,0.00019957053882535547,0.00019146240083500743,4.0350778363063e-06
7179,0,0,0.9999905824661255,6.295401249190036e-07,6.572228130607982e-07,8.122351573547348e-06
7180,0,0,0.9998822212219238,4.348080892668804e-06,8.108798647299409e-05,3.230730726500042e-05
7181,2,2,0.015617145225405693,6.669518825219711e-06,0.9841455817222595,0.00023057620273903012
7182,1,1,0.0029513307381421328,0.9970080256462097,2.036918203884852e-06,3.8569130992982537e-05
7183,1,1,3.1004254719135815e-09,0.9999997615814209,2.078446783571053e-07,9.969276959509443e-09
7184,1,1,1.6002521974201045e-08,1.0,1.209137390906223e-11,7.38174191911023e-12
7185,1,1,2.906627287302399e-06,0.9999970197677612,1.1948272060635645e-07,3.0518701454873565e-10
7186,1,1,1.2603700270119589e-05,0.999871015548706,8.541508577764034e-05,3.096197178820148e-05
7187,0,0,0.9999879598617554,1.7500810827186797e-06,7.994482984940987e-06,2.334940290893428e-06
7188,1,1,6.758044719390455e-07,0.9999905824661255,8.514367436873727e-06,2.015284223944036e-07
7189,2,2,0.00017440627561882138,1.2957319086126518e-05,0.6476078629493713,0.35220474004745483
7190,1,1,4.450307073966542e-07,0.9999995231628418,2.272322260910009e-11,2.5300607095490868e-11
7191,1,1,3.8935476709411887e-07,0.9999979734420776,1.585078507559956e-06,1.605365618218002e-09
7192,1,1,1.4547710236456624e-07,0.9999998807907104,6.12311451542169e-11,7.38742123029823e-11
7193,1,1,4.9056172457540015e-09,1.0,6.21910092868383e-11,1.2028904261551787e-10
7194,3,3,0.00030019355472177267,2.1090706958659666e-09,3.16889381792862e-05,0.9996681213378906
7195,0,0,0.9999972581863403,2.4745563678152394e-06,2.185931151643672e-07,3.061540354565295e-08
7196,1,1,4.42360672536779e-08,1.0,8.176386789848777e-10,6.126380736048986e-09
7197,0,0,1.0,1.447343311866689e-08,3.252779734452815e-08,1.633579849169564e-08
7198,0,1,0.09411042928695679,0.9054343104362488,4.157827788731083e-05,0.0004137030919082463
7199,1,1,3.365090606166632e-08,1.0,5.5941626331268424e-11,3.314140975541058e-11
7200,0,0,0.9999977350234985,1.3567280632287293e-08,1.8283519693795824e-06,4.989429953639046e-07
7201,1,1,5.139423553401912e-09,0.9999997615814209,1.6839415195590846e-07,9.63111475016376e-08
7202,3,3,3.09136289899925e-08,9.014599622325647e-10,0.005508523900061846,0.994491457939148
7203,0,0,0.9834631085395813,3.736337532700418e-07,0.016330169513821602,0.00020631567167583853
7204,2,2,8.375179305630809e-08,3.0108941473372397e-07,0.9999980926513672,1.4855983181405463e-06
7205,3,3,5.041163149144268e-06,2.8816375952089857e-09,0.003836194286122918,0.99615877866745
7206,3,3,1.0140006452274974e-05,3.632875973380578e-07,3.6148082926956704e-07,0.9999891519546509
7207,3,3,0.0006240783259272575,3.093661871389486e-05,0.0237094908952713,0.9756355285644531
7208,0,0,0.9999959468841553,5.997446095307168e-08,2.6103059553861385e-06,1.3921259096605354e-06
7209,2,2,0.0023180730640888214,0.0013950357679277658,0.6821264028549194,0.3141604959964752
7210,2,3,4.5032898924546316e-05,0.00014087423915043473,0.22380506992340088,0.7760090231895447
7211,1,1,7.576852567581227e-07,0.9999903440475464,4.373418516223637e-09,8.909857569960877e-06
7212,1,1,4.392163788224934e-08,1.0,7.796354672962025e-10,1.5835992239754404e-10
7213,1,1,3.5686832688952563e-07,0.9999996423721313,6.752539416510217e-09,2.6746052039783308e-09
7214,2,2,0.00013472545833792537,6.251990214423131e-08,0.9998636245727539,1.5733870668555028e-06
7215,3,2,0.08063182234764099,0.2791655659675598,0.6392803192138672,0.0009223734377883375
7216,2,2,0.0012626623502001166,1.721703665680252e-05,0.9980688691139221,0.0006512962863780558
7217,2,3,0.006254933308809996,0.0001250909554073587,0.24517521262168884,0.7484447956085205
7218,1,1,1.1681271644192748e-05,0.9999849796295166,1.9282444441159896e-07,3.0514788704749662e-06
7219,0,0,0.6656224131584167,0.022594453766942024,0.028998449444770813,0.28278473019599915
7220,0,0,0.9998792409896851,1.3330391084309667e-06,0.00011763773363782093,1.752878802108171e-06
7221,1,1,5.572860004576796e-07,0.9999994039535522,3.771932988172466e-09,5.792078816568846e-09
7222,1,3,0.000800624955445528,0.05809249356389046,0.0008414497715421021,0.940265417098999
7223,2,2,0.000979643315076828,4.584634370985441e-05,0.9989307522773743,4.365395216154866e-05
7224,0,0,0.998933732509613,0.0004366909561213106,0.0004868358082603663,0.0001428095274604857
7225,0,0,0.8743606209754944,0.12541788816452026,2.7462538128020242e-05,0.00019406602950766683
7226,0,0,0.9999972581863403,1.385706354994909e-06,1.3511532870325027e-06,1.1316590331489351e-08
7227,2,2,0.00023477021022699773,3.3629980578098184e-08,0.9988235831260681,0.0009416152024641633
7228,2,0,0.999966025352478,1.1434276530053467e-06,2.857269464584533e-05,4.270507815817837e-06
7229,0,0,0.9993264675140381,1.743258167152817e-06,0.0003496949502732605,0.0003221164515707642
7230,2,2,1.2384846741042566e-05,1.37684889978118e-06,0.9983354210853577,0.0016508303815498948
7231,3,3,1.1753398212022148e-05,1.636476909538942e-08,0.019926588982343674,0.9800615906715393
7232,1,1,5.3948436828932245e-08,1.0,2.148536459856132e-09,2.0912054310429085e-09
7233,2,2,4.3133481085533276e-05,8.63279048246568e-09,0.9999555349349976,1.2604831454154919e-06
7234,1,1,1.1357928286770402e-07,0.9999998807907104,5.018142845703011e-11,1.6791436296959006e-11
7235,1,1,7.997336126663868e-09,1.0,3.4202318754950056e-10,6.74451250057273e-12
7236,2,2,0.005075304303318262,0.4811268746852875,0.505252480506897,0.008545375429093838
7237,0,0,0.9999949932098389,7.481648189866519e-09,4.827114480576711e-06,2.6229187710669066e-07
7238,0,1,6.730858876835555e-05,0.9999326467514038,9.426376124110902e-09,1.8663524059547854e-09
7239,0,0,0.6684256196022034,0.003961786162108183,0.04065917059779167,0.2869534492492676
7240,2,2,9.20410529943183e-05,9.879466233542189e-06,0.9981953501701355,0.0017028239089995623
7241,2,3,7.836137228878215e-06,9.998142047606962e-08,0.20651912689208984,0.793472945690155
7242,2,2,8.25331881060265e-07,8.609440556028858e-07,0.9894911050796509,0.010507152415812016
7243,1,1,2.1418765754788183e-05,0.9999785423278809,1.3071462134917056e-08,2.0116299737082954e-08
7244,0,0,0.9999685287475586,3.1274143111659214e-05,9.022375735412425e-08,7.38460883553671e-08
7245,0,0,0.9999326467514038,4.930670547764748e-05,2.0967909222235903e-06,1.593981505720876e-05
7246,3,3,1.5774420489833574e-06,3.101907841696061e-09,0.0006686113774776459,0.9993298053741455
7247,3,3,0.0004936486366204917,3.714512786245905e-07,0.004608438815921545,0.9948975443840027
7248,0,0,0.9985107779502869,0.0014817480696365237,2.951722244404209e-08,7.5150005613977555e-06
7249,2,2,1.9712547327799257e-06,1.3549467325901787e-07,0.9999957084655762,2.1876098799111787e-06
7250,2,2,5.976989541522926e-06,2.8891381020912377e-07,0.999984860420227,8.855855412548408e-06
7251,2,2,1.4307257515611127e-05,0.0002633381518535316,0.9997182488441467,4.129250555706676e-06
7252,0,0,0.99991774559021,5.239206075202674e-05,2.3582477297168225e-05,6.2379690461966675e-06
7253,0,0,0.999988317489624,1.1334899681969546e-05,3.772571801619051e-07,2.5582439278082347e-08
7254,1,1,0.08211422711610794,0.9178719520568848,1.3635922186949756e-05,2.2861171089516574e-07
7255,3,3,7.974773325258866e-06,1.8189315369454562e-06,0.03115067072212696,0.9688395261764526
7256,0,0,0.9313080310821533,6.656376172031742e-06,0.06867729127407074,8.00390807853546e-06
7257,0,0,0.9970670342445374,1.5463601812371053e-05,0.0027365265414118767,0.00018101961177308112
7258,2,3,4.933640229864977e-05,3.015193442479358e-06,0.011108825914561749,0.988838791847229
7259,2,2,6.420840463761124e-07,5.726553240492649e-07,0.9995538592338562,0.00044495059410110116
7260,3,3,8.281712382540718e-08,2.2364997676049825e-07,0.0007450561388395727,0.9992546439170837
7261,1,1,6.260359697307649e-08,0.9999998807907104,6.090901560895645e-09,4.996077773711249e-09
7262,3,3,0.04457622021436691,0.0004808062221854925,0.4028746485710144,0.5520683526992798
7263,2,2,0.0001108507058233954,0.0010228221071884036,0.9499449133872986,0.048921383917331696
7264,0,0,0.999993085861206,6.9659754444728605e-06,5.763474697495496e-10,2.593832038044752e-09
7265,2,2,3.906592155544786e-06,6.89792258867783e-08,0.9999690055847168,2.695062903512735e-05
7266,2,2,2.0543589926091954e-05,4.1225533209399146e-08,0.9994122982025146,0.0005672253319062293
7267,0,0,0.9999948740005493,1.2293454032530349e-09,4.39728154333352e-07,4.688993158197263e-06
7268,3,3,3.4930137189803645e-05,4.93019385316984e-08,0.001549122272990644,0.9984159469604492
7269,1,1,1.683118200368483e-09,1.0,5.396129723611587e-12,1.8017424574870433e-12
7270,3,3,0.0001309811632381752,2.335394810870639e-06,0.16884644329547882,0.8310202360153198
7271,3,3,0.013376578688621521,2.5594272301532328e-05,0.008460593409836292,0.9781372547149658
7272,3,3,1.134400190494489e-05,3.037823148588359e-08,0.00012951531971339136,0.999859094619751
7273,3,3,1.811936044759932e-06,2.61424531800003e-07,0.005694663617759943,0.9943033456802368
7274,3,3,1.394665287079988e-05,7.900543153027684e-08,0.0005472910706885159,0.9994385838508606
7275,3,3,0.001395458704791963,4.3165471197426086e-07,0.004674016032367945,0.9939301013946533
7276,1,1,4.979033474228345e-05,0.9999498128890991,7.1978076832124316e-09,3.7730956137238536e-07
7277,0,0,0.9999933242797852,5.911469088459853e-06,7.02929753515491e-07,2.475181126726511e-08
7278,1,3,0.0613713338971138,0.08249209821224213,0.21111637353897095,0.6450201869010925
7279,1,1,0.0019195624627172947,0.9958953857421875,0.0018366076983511448,0.0003484001208562404
7280,0,1,0.38655996322631836,0.6124507188796997,0.0007277336553670466,0.0002615125849843025
7281,1,1,8.814338769980168e-08,0.9999998807907104,2.0784776566529217e-08,1.643573055432057e-10
7282,2,2,0.09827304631471634,0.0017340416088700294,0.897445797920227,0.002547175157815218
7283,1,1,2.483938317254797e-07,0.9999996423721313,6.158235521525057e-08,4.0519446131703774e-10
7284,0,0,0.9999991655349731,6.982376703490445e-07,1.98994207778469e-08,1.2007228633592604e-07
7285,0,0,0.8831223845481873,7.821995495760348e-06,0.11056302487850189,0.006306745577603579
7286,2,2,4.1282961319666356e-05,0.011772457510232925,0.9877726435661316,0.0004135000635869801
7287,1,1,1.2807419569327294e-09,1.0,2.8055302525586967e-09,7.952337677252785e-10
7288,1,1,0.004206692334264517,0.9943258166313171,0.0012988020898774266,0.0001686738251009956
7289,1,1,1.9235516290905252e-08,0.9999986886978149,1.6297217797500707e-08,1.370527229482832e-06
7290,2,3,0.0016843806952238083,1.0364023182773963e-05,0.017185796052217484,0.9811193943023682
7291,3,3,8.375735342269763e-05,5.750886884925421e-06,0.0002138125419151038,0.9996967315673828
7292,0,0,0.9982896447181702,2.6314661226933822e-05,0.000717520306352526,0.0009665949619375169
7293,3,3,3.22189237067505e-07,6.987851861595118e-07,0.007200758438557386,0.9927982091903687
7294,2,2,1.554603841213975e-06,6.39611807962126e-10,0.9929171800613403,0.007081334479153156
7295,0,0,0.9999997615814209,1.5612869219694403e-08,2.886220897835301e-07,1.963738327503961e-08
7296,3,3,3.7794063700857805e-07,9.505739306803207e-09,8.936401059145282e-07,0.9999986886978149
7297,3,3,4.84112388221547e-06,9.498997428636358e-07,2.0292967747082002e-05,0.9999738931655884
7298,1,1,0.000122482655569911,0.9998747110366821,9.272213219446712e-07,1.876564397207403e-06
7299,0,0,0.9059194922447205,8.895574865164235e-06,0.00018356989312451333,0.09388798475265503
7300,2,2,2.8383701646816917e-05,0.05031772702932358,0.9435033202171326,0.006150589324533939
7301,2,2,0.0021282979287207127,1.5422577916979208e-06,0.9724999070167542,0.025370299816131592
7302,3,3,1.154230204747364e-07,2.9205002860521745e-08,1.4445018678088672e-05,0.9999854564666748
7303,2,2,9.967907317331992e-07,1.2132886695326306e-05,0.9653778076171875,0.03460903838276863
7304,3,3,2.3685552150709555e-05,3.514008540150826e-06,0.0007440022891387343,0.9992287158966064
7305,3,2,0.173209086060524,0.011765671893954277,0.8105723261833191,0.004452906548976898
7306,3,3,0.0007526964764110744,8.710034649084264e-07,0.16599950194358826,0.8332468867301941
7307,3,2,1.5190639146567264e-07,1.0531549854420064e-08,0.9713007807731628,0.028699152171611786
7308,1,1,5.1855284510793354e-08,0.9999998807907104,8.217434555035652e-08,7.100099619350431e-09
7309,2,2,3.5266913300802116e-07,4.649336471373999e-09,0.999257504940033,0.000742162752430886
7310,1,1,3.329393621243071e-06,0.9999963045120239,3.596204578570905e-07,9.729542504999245e-09
7311,3,3,7.756806735415012e-05,7.83215003963278e-09,0.006501329131424427,0.9934211373329163
7312,0,0,0.9999955892562866,2.997296633111546e-06,1.4364737808136852e-06,3.776110091280316e-08
7313,0,0,0.9992897510528564,0.00022473320132121444,6.592588761122897e-06,0.00047889776760712266
7314,0,0,0.7867027521133423,5.831023372593336e-06,0.0009751595207490027,0.21231631934642792
7315,1,1,1.4869864628508367e-07,0.9999998807907104,7.026917714370029e-09,1.5463552660577307e-09
7316,1,1,3.125673538306728e-05,0.9999685287475586,1.2760895629071456e-07,1.591157285929512e-07
7317,1,1,5.896978017005949e-09,1.0,1.5751659532270423e-08,1.7807993302199066e-08
7318,2,2,0.00019770175276789814,1.6532192603335716e-05,0.99954754114151,0.0002382035891059786
7319,3,3,3.911459600658418e-07,1.524921060536144e-07,0.010038962587714195,0.9899605512619019
7320,0,0,0.9999983310699463,1.3333014692307188e-07,1.5999306697267457e-06,4.321992719269474e-08
7321,2,2,0.00014525745064020157,3.2032245744773036e-09,0.9998101592063904,4.4582528062164783e-05
7322,3,3,0.08497173339128494,2.2094978703535162e-05,0.002028800779953599,0.912977397441864
7323,3,3,2.8108204332966125e-06,1.8413304658793095e-08,0.004864540416747332,0.9951326251029968
7324,3,3,0.00015398762479890138,0.019220052286982536,0.15610095858573914,0.8245250582695007
7325,3,2,0.0001453848963137716,4.711321555106451e-09,0.564089834690094,0.43576475977897644
7326,1,1,8.672501280670986e-05,0.5228395462036133,5.7546250900486484e-05,0.4770161211490631
7327,0,0,0.9999873638153076,3.148181235701486e-07,4.1169364521920215e-06,8.179021278920118e-06
7328,2,2,1.962697206181474e-05,5.405560798976694e-08,0.9999799728393555,3.402435027055617e-07
7329,2,2,1.0574822795206273e-08,4.494042116220953e-07,0.6261075735092163,0.3738919496536255
7330,2,2,0.12916725873947144,6.229446626093704e-06,0.8646129369735718,0.00621354253962636
7331,0,0,0.9705531001091003,1.5614012227160856e-05,0.016403116285800934,0.013028118759393692
7332,3,3,8.66881606498282e-08,1.4576931661736126e-08,0.10488234460353851,0.8951175808906555
7333,2,2,0.0004984094994142652,3.1808924632059643e-06,0.9994891881942749,9.155305633612443e-06
7334,2,2,0.004673595540225506,0.00042549168574623764,0.9917866587638855,0.003114153165370226
7335,3,3,2.953005093786487e-07,3.231236789247305e-08,2.4290733563248068e-05,0.9999754428863525
7336,0,0,0.9999939203262329,5.6139924708986655e-06,3.049134136290377e-07,7.724349870841252e-08
7337,2,2,0.001314604072831571,3.0143542971927673e-05,0.9986346364021301,2.061980194412172e-05
7338,3,3,0.0001430950651410967,1.0750086687494331e-07,0.010398264043033123,0.9894585609436035
7339,2,2,7.7408978540916e-05,9.865192396318889e-08,0.9998855590820312,3.691368328873068e-05
7340,3,3,1.3348221727937926e-05,1.8841582516415656e-08,7.6887066825293e-05,0.9999097585678101
7341,0,0,0.9999610185623169,3.577592724468559e-05,3.060417157030315e-06,9.156072877658517e-08
7342,1,1,2.0020714146085083e-05,0.9999758005142212,1.2303100902499864e-06,2.972205948026385e-06
7343,1,1,7.142587854502835e-09,1.0,1.2349573808023706e-08,1.9319177368970486e-09
7344,0,0,0.95827716588974,0.00010785857011796907,0.00042306276736781,0.041191939264535904
7345,1,1,8.979563062894158e-06,0.9999908208847046,3.226636380304626e-08,6.558263976330636e-08
7346,3,3,1.620463194740296e-07,4.656923806578561e-07,0.00041316632996313274,0.9995861649513245
7347,1,1,1.3283844964462332e-05,0.9998779296875,0.00010825361096067354,4.583168902172474e-07
7348,3,3,6.340835767559838e-08,1.1197519000916145e-07,2.5933425149560208e-06,0.9999972581863403
7349,2,2,1.0883632967306767e-05,1.8264383783161975e-08,0.9999873638153076,1.7440734154661186e-06
7350,1,1,0.016840530559420586,0.9818423986434937,0.0006753772031515837,0.0006417827098630369
7351,2,2,0.004614385776221752,2.854488059256255e-07,0.9953827261924744,2.5889291919156676e-06
7352,1,1,1.6020348381218241e-09,1.0,1.7572698851608948e-10,3.863410036331061e-09
7353,0,0,0.9999072551727295,1.8550812455941923e-05,4.642712610802846e-06,6.95385315339081e-05
7354,1,1,2.6549775711259826e-08,0.9999998807907104,5.8575885475420364e-08,2.357545936249039e-09
7355,1,1,1.2353406075860107e-09,1.0,4.542747067404207e-09,4.967136479905321e-09
7356,0,0,0.999848484992981,0.00014823139645159245,3.2313596420863178e-06,7.364102572182674e-08
7357,0,0,0.9985008239746094,9.728580153023358e-06,0.0009809797629714012,0.0005084794829599559
7358,3,3,3.5336975088284817e-06,2.473777183098491e-09,9.89062973530963e-05,0.9998975992202759
7359,1,1,3.049179042591277e-07,0.9999991655349731,5.46776561805018e-07,2.1400197169896273e-09
7360,3,3,4.328705108491704e-05,6.522247986140428e-08,0.003416196908801794,0.9965404272079468
7361,2,2,0.0002410030720056966,1.5682302546338178e-05,0.9957196116447449,0.004023770801723003
7362,0,3,0.3012022078037262,0.000322359410347417,0.001253466703929007,0.6972220540046692
7363,0,0,0.9998881816864014,0.00010152428149012849,6.645852863584878e-06,3.6028166050527943e-06
7364,0,0,0.9866567254066467,2.741759999480564e-05,0.01330217719078064,1.3572643183579203e-05
7365,3,0,0.7286952137947083,0.24032264947891235,0.005890315398573875,0.025091886520385742
7366,3,3,0.0007229775656014681,3.356055458425544e-06,0.013586316257715225,0.9856873154640198
7367,1,1,2.1496187052605364e-09,1.0,1.4925914948449304e-09,7.582647287840416e-10
7368,0,0,0.9999978542327881,1.8113180431100773e-06,1.49767444668214e-07,2.2230105400922184e-07
7369,2,2,0.15403249859809875,2.918585906286353e-08,0.7621942758560181,0.083773173391819
7370,2,2,0.0011916256044059992,2.2715462932865194e-07,0.9983879327774048,0.00042026443406939507
7371,0,0,0.9999986886978149,6.206779090689452e-08,1.1182045227542403e-06,1.8103669674474077e-07
7372,3,3,2.6922658435069025e-05,6.007297059795746e-08,0.006354833021759987,0.9936181306838989
7373,1,1,6.248821460275167e-09,1.0,2.6555946330830693e-09,6.447410938470455e-10
7374,3,3,1.2058920901836245e-06,8.183397959271588e-09,0.0017766718519851565,0.9982221722602844
7375,0,0,0.9999909400939941,8.010771125555038e-06,8.762710308474198e-07,2.2356708484494447e-07
7376,2,2,0.00013914494775235653,9.87129156193589e-10,0.9998598098754883,1.01810712749284e-06
7377,2,2,6.741888228134485e-06,1.5079725912414688e-08,0.999988317489624,4.890372110821772e-06
7378,3,3,8.53176196358163e-09,6.752445824709241e-10,1.750603041728027e-05,0.999982476234436
7379,1,1,1.3804123000227264e-06,0.9998946189880371,0.00010156473581446335,2.3812067411199678e-06
7380,1,1,1.5709778153905063e-06,0.9999743700027466,1.4593465493817348e-06,2.2673411876894534e-05
7381,1,1,0.0002393923932686448,0.9997603297233582,2.281993261021853e-07,4.082766480451028e-08
7382,0,0,0.9999983310699463,6.553082965154999e-09,1.3715335853703436e-06,2.8521205308607023e-07
7383,1,1,2.6723648716142634e-07,0.9999990463256836,6.934353535825721e-08,6.20628668457357e-07
7384,1,1,1.0625868753777468e-06,0.9998315572738647,0.00016357883578166366,3.866794031637255e-06
7385,0,0,0.9999842643737793,4.147622348682489e-06,1.9291168484869559e-07,1.1291342161712237e-05
7386,2,2,0.013771798461675644,2.580000364105217e-05,0.9812560677528381,0.004946340806782246
7387,2,2,0.000414025504142046,0.013935275375843048,0.6385473608970642,0.34710338711738586
7388,3,3,5.74414025322767e-06,1.749319444854791e-08,0.00021169392857700586,0.9997826218605042
7389,3,3,0.010272896848618984,0.0027839832473546267,0.00155210355296731,0.9853910207748413
7390,0,0,0.9999790191650391,1.0611124707793351e-05,1.2875026413894375e-06,9.11169991013594e-06
7391,2,2,1.1643715325249104e-08,4.7196166974572407e-07,0.9980546236038208,0.0019448985112830997
7392,3,3,0.00012647706898860633,8.63143395690713e-06,0.0356350839138031,0.9642298817634583
7393,3,3,1.1074781696152058e-06,3.1784233556209074e-07,0.00011898981028934941,0.9998794794082642
7394,1,1,5.865431376150809e-07,0.9999994039535522,5.715733789046773e-11,1.3280415656069522e-09
7395,1,1,0.00015309193986468017,0.9989606142044067,0.00030555977718904614,0.0005807869601994753
7396,0,0,0.9999432563781738,2.5126450054813176e-05,3.098985325777903e-05,6.644199856964406e-07
7397,1,1,0.0002007681323448196,0.9347259998321533,8.992462971946225e-05,0.06498327106237411
7398,3,3,0.00021384177671279758,1.4378228740952181e-07,0.00273116584867239,0.997054934501648
7399,0,0,0.9999699592590332,2.5962075596908107e-05,3.0313442493934417e-06,1.071129304364149e-06
7400,2,2,8.049611892602115e-07,1.0814921580504233e-07,0.9932754039764404,0.006723683327436447
7401,3,3,7.592691417812603e-07,5.915892220542673e-10,0.002498137066140771,0.9975010752677917
7402,1,1,1.234671742622595e-07,0.9999998807907104,3.1932947952562074e-10,5.497339250482014e-10
7403,1,1,6.48682441095616e-09,1.0,6.298179755503952e-09,7.450931538421912e-11
7404,2,2,6.349770274027833e-07,1.4964049555032943e-08,0.9969197511672974,0.0030796059872955084
7405,2,2,0.004883007612079382,2.027035872487204e-09,0.9951005578041077,1.6481384591315873e-05
7406,3,3,8.264698408311233e-06,1.8498050167181646e-06,0.009140543639659882,0.9908492565155029
7407,0,0,0.9999912977218628,3.130509540483217e-08,3.208806219845428e-06,5.481577318278141e-06
7408,0,0,0.9623739123344421,4.001932666142238e-06,0.0003833174705505371,0.03723882511258125
7409,3,3,2.6721039603216923e-07,4.63955387886017e-07,5.6837801821529865e-05,0.999942421913147
7410,3,3,5.257610609987751e-06,1.409918959360823e-09,0.023731248453259468,0.9762635231018066
7411,3,3,2.720264092204161e-06,2.5556780656188494e-06,0.00012589972175192088,0.9998688697814941
7412,3,3,4.6854108148863816e-08,1.2597156739957427e-07,9.023312304634601e-05,0.9999096393585205
7413,2,0,0.9841741323471069,3.275587090456611e-08,0.01577477902173996,5.1164341130061075e-05
7414,1,1,0.001348802587017417,0.9986496567726135,9.205053856931045e-07,6.086293069529347e-07
7415,2,2,7.489426820939116e-07,4.5836099360485605e-08,0.9999784231185913,2.085510641336441e-05
7416,3,3,0.017780490219593048,7.25182969230076e-10,6.513130938401446e-05,0.982154369354248
7417,3,3,1.1465693205536809e-05,5.48044818060589e-06,1.269429503736319e-05,0.9999703168869019
7418,3,2,0.00536379823461175,1.7246537709070253e-06,0.975560188293457,0.019074227660894394
7419,0,0,0.9999997615814209,7.148841518755944e-09,6.444747668865602e-08,1.4351152799463307e-07
7420,2,2,2.0023396700707963e-06,6.65034605162873e-08,0.9999872446060181,1.0680667401175015e-05
7421,3,3,1.6234458598773926e-05,5.6134758779080585e-06,0.08521946519613266,0.9147586822509766
7422,2,2,9.261505510949064e-06,2.2065205218524397e-09,0.999967098236084,2.362116356380284e-05
7423,1,1,1.5255933405455835e-08,0.9999994039535522,7.273050073308696e-08,4.423952475463011e-07
7424,1,1,5.44273852653987e-08,1.0,3.6040557205296864e-09,1.2162564289042166e-08
7425,2,2,2.1823054339620285e-05,1.1087216478244954e-08,0.9999746084213257,3.5781001770374132e-06
7426,3,3,0.21267327666282654,0.29859259724617004,0.04568193852901459,0.44305217266082764
7427,3,3,5.806148237752495e-07,1.25781540738501e-09,3.78754725716135e-06,0.9999955892562866
7428,1,1,2.608637487355736e-06,0.9999973773956299,9.365367370506306e-10,7.972489335372757e-09
7429,3,3,8.652910764794797e-06,8.808139682514593e-06,0.0008699550526216626,0.9991125464439392
7430,2,2,3.2765976811788278e-06,2.610602756192293e-08,0.9999942779541016,2.531651489334763e-06
7431,2,2,9.515383862890303e-05,6.818650977180596e-09,0.9999045133590698,3.2040864539339964e-07
7432,1,1,5.79012976231752e-07,0.9999994039535522,8.13708322944251e-10,2.3488195832754855e-09
7433,1,1,3.098000888712704e-06,0.9999969005584717,2.8348441816206105e-08,6.326092094610658e-09
7434,1,1,1.6995192709146068e-05,0.9999829530715942,7.514324806834338e-08,9.948626367162205e-10
7435,1,1,0.00014875459601171315,0.9998443126678467,6.9037091634527314e-06,1.5185205981538275e-08
7436,0,0,0.9999971389770508,2.4575970201112796e-06,1.7621434977854733e-08,3.615816410729167e-07
7437,3,3,0.003901636227965355,0.0053985281847417355,0.000988381914794445,0.9897114038467407
7438,2,2,3.635199027485214e-05,2.847487046153674e-08,0.9999626874923706,8.737470693631622e-07
7439,3,3,1.4323964236950815e-08,8.719104016563506e-08,2.7641559427138418e-05,0.9999722242355347
7440,3,1,0.04249180480837822,0.7331682443618774,0.020132014527916908,0.20420794188976288
7441,2,2,2.0458930521272123e-05,5.619598120176761e-10,0.9999793767929077,1.0842612852002276e-07
7442,1,1,5.3441006457433105e-05,0.9999332427978516,1.335696561000077e-05,4.760560301519945e-08
7443,0,0,0.9999897480010986,8.016725061565921e-09,1.7125884141933057e-06,8.58534622238949e-06
7444,2,2,2.86429724383197e-07,1.4605053166860671e-08,0.9800060987472534,0.01999366469681263
7445,1,1,5.386926204664633e-06,0.9997872710227966,0.0002063097635982558,1.0319497505406616e-06
7446,2,2,0.2774592936038971,5.169247856429138e-07,0.7222409248352051,0.00029928144067525864
7447,1,1,1.1231778671572101e-06,0.9999970197677612,3.470418619144766e-07,1.505917907707044e-06
7448,2,2,7.36147512725438e-07,2.7804443192280814e-08,0.9999250173568726,7.42763004382141e-05
7449,2,2,6.687232234980911e-05,2.3024878828437068e-05,0.999887228012085,2.290248085046187e-05
7450,2,2,0.0019281476270407438,7.629638275830075e-05,0.9979521632194519,4.333415927249007e-05
7451,2,2,0.0014728576643392444,4.9414616398735234e-08,0.9984670281410217,6.004509123158641e-05
7452,2,2,1.6562797782171401e-06,1.208104549732525e-06,0.9970111846923828,0.0029858718626201153
7453,3,3,1.1964693236166113e-08,3.317917318668151e-08,9.488431533100083e-05,0.9999051094055176
7454,1,1,3.0510855708598683e-07,0.9999996423721313,3.805363135711559e-09,1.0319882726150809e-09
7455,2,2,0.004867352545261383,1.6965402664936846e-06,0.5205749273300171,0.4745560586452484
7456,3,3,1.1824122339021415e-06,6.725067613899682e-09,0.24879804253578186,0.751200795173645
7457,1,1,2.147118266293546e-06,0.9999361038208008,4.8934834921965376e-05,1.2784527825715486e-05
7458,0,0,0.9973606467247009,9.934271361089486e-08,0.0026150019839406013,2.4257018594653346e-05
7459,0,0,0.9734062552452087,0.0020117424428462982,0.02441980503499508,0.00016212044283747673
7460,0,0,0.9994625449180603,0.0002719363255891949,0.00022675996297039092,3.8836849853396416e-05
7461,3,3,1.2002387848042417e-05,1.0792515325874774e-07,0.0007349658408202231,0.9992528557777405
7462,2,2,0.0003283620171714574,2.7145723446864167e-09,0.9996651411056519,6.574586677743355e-06
7463,2,2,2.633025542309042e-05,1.0863639090530341e-06,0.9200668931007385,0.07990564405918121
7464,2,2,0.00018173728312831372,8.558681763304321e-09,0.9998064637184143,1.1746677046176046e-05
7465,2,2,0.0002542693691793829,8.658106708026025e-06,0.9997066855430603,3.034943983948324e-05
7466,3,3,4.18420904679806e-06,1.4092000899523782e-09,0.004815860651433468,0.9951800107955933
7467,0,1,0.15003375709056854,0.8460952639579773,0.0031139301136136055,0.0007570506422780454
7468,2,2,5.319377578416606e-07,4.641333983812501e-09,0.9995031356811523,0.0004963739193044603
7469,3,3,3.87062864319887e-05,3.2823319617847346e-09,7.565468695247546e-05,0.9998856782913208
7470,2,3,7.236478268168867e-05,2.389080711040492e-09,0.017034675925970078,0.9828929305076599
7471,0,0,0.99871826171875,0.0012758319498971105,1.9357773908268427e-06,3.972101694671437e-06
7472,3,3,5.531243729706148e-08,2.452574321409884e-08,3.8302041502902284e-06,0.9999960660934448
7473,0,0,0.9390831589698792,0.0003671560261864215,0.007372705731540918,0.053177010267972946
7474,0,0,0.9999713897705078,2.6270628950442187e-05,1.8495553604225279e-06,4.5038763119009673e-07
7475,1,1,8.478982636006549e-06,0.9999611377716064,2.9745258871116675e-05,5.902403472646256e-07
7476,0,3,0.2735808789730072,3.804443167609861e-06,0.0028289498295634985,0.72358638048172
7477,0,0,0.6304024457931519,0.36449745297431946,0.004820991773158312,0.0002790822763927281
7478,3,3,1.3433328604151029e-05,1.389963699693908e-06,0.0034886717330664396,0.9964964985847473
7479,1,1,5.302047429722734e-05,0.9999179840087891,1.4697231563332025e-05,1.4334837942442391e-05
7480,2,2,1.3845601642969996e-06,1.2562181836983655e-06,0.9999918937683105,5.416395197244128e-06
7481,3,3,6.397213292075321e-05,8.267003431683406e-05,0.00011688881204463542,0.9997363686561584
7482,0,0,0.9999948740005493,4.01116722059669e-08,4.8760002755443566e-06,2.3551838523871993e-07
7483,0,0,0.9999923706054688,2.36381954010767e-08,1.4790122122576577e-06,6.163044872664614e-06
7484,1,1,0.030078714713454247,0.7814376354217529,0.1397060602903366,0.04877753555774689
7485,3,3,3.973924776801141e-06,3.802437618105614e-07,1.636670458537992e-05,0.9999792575836182
7486,1,1,3.0413339402457495e-08,0.9999994039535522,5.560247018365772e-07,1.6346449527304685e-08
7487,1,1,1.5400026143197465e-07,0.9999676942825317,3.211453804397024e-05,8.128313133681786e-09
7488,2,2,4.59153889096342e-05,5.477600950598571e-08,0.9999533891677856,6.449401439567737e-07
7489,1,1,1.8916615545094828e-06,0.9999979734420776,3.6753231569264244e-08,8.573594811878138e-08
7490,0,0,0.9951039552688599,0.004828432574868202,3.0812534532742575e-05,3.67050088243559e-05
7491,3,3,9.773960982784047e-07,1.1176923386813087e-08,0.0002819545043166727,0.9997170567512512
7492,2,3,3.686846866912674e-06,1.4411440133699216e-05,0.02129180356860161,0.9786900877952576
7493,3,3,1.0356977782066679e-06,1.3821858102502915e-09,1.67775997397257e-05,0.9999822378158569
7494,3,3,1.2451067050278652e-05,1.0005527961709504e-08,0.0013867543311789632,0.9986007809638977
7495,0,0,0.9999145269393921,6.289314569585258e-06,2.2396336134988815e-05,5.67114693694748e-05
7496,2,2,3.6473473301157355e-05,0.00013127439888194203,0.9997054934501648,0.00012678842176683247
7497,3,3,3.379721249530121e-07,9.760316166396166e-11,0.002641165629029274,0.997358500957489
7498,3,3,0.0008061963017098606,5.26162693859078e-06,8.310515227094584e-07,0.9991877675056458
7499,3,3,2.9191116482252255e-05,2.5762048050381736e-09,0.00020504802523646504,0.9997658133506775
7500,1,1,1.8246601030114107e-05,0.9999815225601196,8.747152691057636e-08,1.2105805069495545e-07
7501,2,2,1.280046853935346e-05,2.723916558977635e-08,0.9999004602432251,8.670706301927567e-05
7502,0,0,0.9993085861206055,3.976291736762505e-06,1.9627770598162897e-05,0.0006678163190372288
7503,2,2,9.641568112783716e-07,3.994739188328822e-07,0.9997795224189758,0.00021914506214670837
7504,3,3,8.151295105562895e-08,1.569471308471293e-08,0.0007072118460200727,0.9992927312850952
7505,0,0,0.9906713962554932,0.00015127586084418,0.00838707759976387,0.0007903229561634362
7506,1,1,7.666430974495597e-07,0.9999990463256836,2.9856785488391324e-08,8.339719670402701e-08
7507,2,2,7.801431638654321e-05,3.613167010030338e-08,0.9998940229415894,2.789036079775542e-05
7508,2,2,1.3089456842863e-06,3.2244449812424136e-06,0.9999569654464722,3.847085827146657e-05
7509,0,0,0.9979804158210754,8.281480177174672e-07,0.0020065021235495806,1.2304029041843023e-05
7510,0,0,0.9062955379486084,1.630382212169934e-05,3.377782559255138e-05,0.09365439414978027
7511,2,2,0.001066276105120778,7.673654636164429e-07,0.9988186955451965,0.0001142013497883454
7512,0,0,0.9999527931213379,4.714859460364096e-05,1.304390462308902e-08,2.462366088806789e-09
7513,3,3,0.0004115841002203524,1.4773357293051959e-07,3.806047607213259e-05,0.9995501637458801
7514,3,3,6.6165875978185795e-06,2.5608237752550167e-09,0.0005947548197582364,0.9993985891342163
7515,2,2,0.005532765295356512,2.1476182610058459e-07,0.9908767342567444,0.003590259701013565
7516,0,0,0.9999997615814209,1.1307616887279437e-07,1.5553713694771432e-07,1.681982730872278e-08
7517,1,1,1.481959333027305e-09,1.0,2.9186436378836333e-08,3.1828271573886013e-08
7518,3,3,5.325126650745915e-08,8.52474556722882e-07,7.68170957599068e-06,0.9999914169311523
7519,0,0,0.9999806880950928,2.9766113129880978e-06,1.3356630915950518e-05,2.957125389002613e-06
7520,3,3,6.532282441185089e-06,6.555472276126295e-10,0.0018810882465913892,0.9981124401092529
7521,3,3,2.56474748994151e-07,6.870319868568231e-09,3.927890702470904e-06,0.9999958276748657
7522,3,3,0.023550504818558693,3.7253510527079925e-05,0.00801142118871212,0.968400776386261
7523,2,2,7.069813818816328e-06,2.1828209355589934e-05,0.9999446868896484,2.6487279683351517e-05
7524,2,2,0.00010101206135004759,9.586663196614609e-08,0.9998960494995117,2.8342149107629666e-06
7525,1,1,1.1528222785273101e-05,0.9999359846115112,5.242515544523485e-05,4.93991372252367e-08
7526,0,0,0.99903404712677,0.0009358149254694581,2.9706727673328714e-06,2.7236999812885188e-05
7527,3,1,5.548232002183795e-05,0.491826593875885,0.06354431807994843,0.4445735812187195
7528,1,1,9.824508015299216e-05,0.9999017715454102,1.613463140870408e-08,2.9067841467167455e-09
7529,0,0,0.9999998807907104,6.556722809136772e-08,1.7647650452090602e-08,8.115875971270725e-08
7530,2,2,0.005512524861842394,0.001206963905133307,0.9912278652191162,0.002052589086815715
7531,1,1,2.2832043100606825e-07,0.9999980926513672,8.237925896992238e-09,1.7019804090523394e-06
7532,1,1,4.677389824792044e-06,0.9999948740005493,4.818455749955319e-07,4.85826179286164e-09
7533,0,0,0.9999994039535522,4.5575978901979397e-07,8.24794028631004e-08,4.056091995607858e-08
7534,0,0,0.9999288320541382,7.136387036865699e-09,7.054471643641591e-05,6.131784289209463e-07
7535,2,2,0.0005553364753723145,5.150598099135095e-06,0.9994189739227295,2.0638615751522593e-05
7536,0,0,0.7342156171798706,0.020152349025011063,0.22866615653038025,0.01696583814918995
7537,2,2,2.771132676571142e-05,5.770289135398343e-07,0.9999104738235474,6.129947723820806e-05
7538,0,0,0.9980059266090393,9.982175441791696e-08,0.001992930192500353,1.0462133559485665e-06
7539,0,3,1.5978534406713152e-07,1.5761983940265623e-09,0.00026348663959652185,0.9997363686561584
7540,0,0,0.9961219429969788,0.00378232728689909,2.9559365430031903e-05,6.618228508159518e-05
7541,3,3,1.184395301834229e-07,8.92220668902155e-07,9.364145080326125e-05,0.9999053478240967
7542,3,3,3.837192343780771e-05,1.2214081834827084e-07,0.16538773477077484,0.8345737457275391
7543,2,2,0.002072789939120412,2.2113805187018443e-07,0.9979092478752136,1.7684871636447497e-05
7544,0,0,0.9999990463256836,8.340260393424614e-08,8.349599625034898e-07,4.01446023090557e-08
7545,0,0,0.9997618794441223,5.669109626182944e-10,0.00011278819147264585,0.00012542835611384362
7546,3,3,4.621325388143305e-06,1.5094125949133286e-09,1.714734753477387e-05,0.9999781847000122
7547,2,2,8.999016358757217e-07,3.7721569867699145e-08,0.9999990463256836,2.1661632487735005e-08
7548,2,2,2.627642288643983e-06,6.535224770232162e-07,0.9999825954437256,1.4172410374158062e-05
7549,2,2,1.5068840184540022e-06,2.702537926779769e-08,0.9997305274009705,0.00026792421704158187
7550,1,1,0.007794272620230913,0.9920728802680969,0.00010385180212324485,2.8965750971110538e-05
7551,1,1,0.0002745277888607234,0.9996991157531738,1.660687121329829e-05,9.78001844487153e-06
7552,0,0,0.9999998807907104,1.3088607531130947e-08,6.504358651682196e-08,4.047701196441267e-08
7553,2,2,4.288750460545998e-06,3.6658477142736956e-08,0.9999895095825195,6.198375558597036e-06
7554,2,2,9.412941835762467e-06,1.9377753801563813e-07,0.9999773502349854,1.307328693656018e-05
7555,2,2,1.1019281373592094e-05,2.6520956453168765e-06,0.9999790191650391,7.308355634449981e-06
7556,2,2,1.603507735126186e-05,9.36867361467364e-10,0.9999803304672241,3.58435704583826e-06
7557,2,2,0.0002366834378335625,3.591033248540043e-09,0.9997313618659973,3.191687574144453e-05
7558,2,2,5.725162736780476e-06,4.328837288625209e-09,0.9999905824661255,3.6329281556390924e-06
7559,3,3,1.9427770894253626e-06,4.6187931729946285e-05,0.0001293131208512932,0.9998225569725037
7560,0,0,0.9999936819076538,3.6880738463196394e-08,6.232843929865339e-07,5.628749931929633e-06
7561,2,2,8.718430035514757e-05,8.3491279667669e-08,0.7281993627548218,0.2717134356498718
7562,1,1,8.128926083372789e-07,0.9999953508377075,1.1105913699793746e-06,2.692224597922177e-06
7563,1,1,0.0004311598604544997,0.999568521976471,3.366178873420722e-07,1.3431895595772403e-08
7564,2,2,6.287274300120771e-05,1.0704099828728886e-09,0.9999366998672485,4.962456614521216e-07
7565,3,3,9.050790481524018e-07,1.593681453471163e-08,1.3501286275641178e-06,0.9999977350234985
7566,3,3,3.2275602279696614e-05,5.966234084553435e-07,0.15242095291614532,0.8475461006164551
7567,3,3,1.1067832019762136e-06,1.025154574563203e-06,0.38463014364242554,0.6153677105903625
7568,0,1,0.45044761896133423,0.5495027303695679,3.1120980565901846e-05,1.8459033526596613e-05
7569,3,3,3.621347104854067e-06,8.063088391407902e-11,0.00029843157972209156,0.9996979236602783
7570,0,0,0.9999808073043823,1.1526167327247094e-05,2.165824298572261e-06,5.5214777603396215e-06
7571,1,1,4.162316326983273e-05,0.9999582767486572,1.4111515511672224e-08,8.498800241341087e-08
7572,1,1,8.63209515955532e-06,0.999987006187439,3.287917479610769e-06,1.049326215252222e-06
7573,3,3,5.8432688092580065e-06,5.22807852121332e-07,0.08825951814651489,0.9117340445518494
7574,3,3,0.0006127142114564776,2.415662549992703e-07,0.06458704173564911,0.9347999691963196
7575,1,1,2.9449747085408262e-09,1.0,2.123346221072353e-10,2.2470424132503553e-10
7576,1,1,1.5250847695824632e-07,0.9999973773956299,2.4977732664410723e-06,1.2541523375375618e-09
7577,1,1,2.965454314107774e-06,0.9997244477272034,0.00013250525807961822,0.0001399741304339841
7578,0,0,0.9998908042907715,0.00010413452400825918,2.580536829555058e-06,2.4505091005266877e-06
7579,2,2,4.56271882285364e-05,2.90555668414072e-08,0.9999539852142334,3.020012400156702e-07
7580,1,1,3.6394451399246464e-06,0.9999632835388184,2.1188266146054957e-06,3.103930794168264e-05
7581,2,2,3.08408903038071e-06,1.6087348342352925e-08,0.8141701817512512,0.18582670390605927
7582,3,3,0.0008676176075823605,2.744071814220206e-08,0.0057576559484004974,0.993374764919281
7583,1,1,2.8071470296708867e-05,0.9999712705612183,6.486625920842926e-07,6.047642386874941e-09
7584,1,1,1.1071462324707682e-07,0.9999998807907104,4.667714659234434e-09,4.2032990976714757e-10
7585,0,2,0.002053492236882448,4.0275224932884157e-07,0.9897464513778687,0.008199692703783512
7586,1,1,3.440457696513022e-09,1.0,6.820149913572271e-12,1.1211759819163003e-11
7587,3,3,0.00034934942959807813,9.754509200377015e-09,1.4312645646441524e-07,0.9996504783630371
7588,3,3,1.2686022273555864e-05,1.57788040411333e-08,0.012847766280174255,0.9871395230293274
7589,1,2,0.03401859104633331,0.03730257600545883,0.9280731081962585,0.0006056842394173145
7590,1,1,2.3777417936798884e-06,0.9999958276748657,2.6175985112786293e-07,1.497100925007544e-06
7591,0,0,0.9999996423721313,1.0663883642791916e-07,4.382221163723443e-08,2.5516027335470426e-07
7592,0,0,0.9998493194580078,5.7580323300499e-06,0.00011093624198110774,3.3975487895077094e-05
7593,1,1,1.3229656588009675e-06,0.9999955892562866,1.2461308642741642e-06,1.765520210028626e-06
7594,0,0,0.9998288154602051,8.919299432363914e-08,0.00010213792120339349,6.891660450492054e-05
7595,0,0,0.9494120478630066,0.0002560455759521574,0.0001719554711598903,0.050160001963377
7596,1,1,0.019820157438516617,0.9793222546577454,0.0007150511955842376,0.00014253129484131932
7597,1,1,2.9888440167269437e-07,0.9999996423721313,7.121530387621533e-08,8.273509877199103e-09
7598,2,2,0.04953980818390846,0.0009694430627860129,0.9491210579872131,0.000369715882698074
7599,2,2,2.268766547786072e-05,3.6800072393816663e-06,0.7059538960456848,0.2940196990966797
