index,true_label,pred_label,prob_0,prob_1,prob_2,prob_3
0,2,2,0.022525832056999207,0.00014629741781391203,0.9637659192085266,0.013561846688389778
1,3,3,2.9667057788174134e-06,4.004557752068649e-08,7.15786927685258e-06,0.9999898672103882
2,3,3,0.00134051323402673,4.350168819655664e-05,0.0010786837665364146,0.9975372552871704
3,3,1,0.05227890983223915,0.7003154158592224,0.005895993206650019,0.24150964617729187
4,3,3,0.008580190129578114,0.000868185656145215,0.0003322794509585947,0.9902192950248718
5,3,3,0.05797050893306732,4.7404919314431027e-05,0.04951699450612068,0.8924649953842163
6,3,3,1.1595336218306329e-05,2.038510027446705e-09,1.0609644050418865e-05,0.9999778270721436
7,3,3,0.0005248429370112717,4.364786036603618e-06,0.009196038357913494,0.9902747869491577
8,3,3,0.15354548394680023,1.6826817955006845e-05,0.20864902436733246,0.637788712978363
9,3,2,0.019979432225227356,0.006254957057535648,0.711853563785553,0.261912077665329
10,3,3,8.031655306695029e-05,2.747997314145323e-07,0.009839502163231373,0.9900799989700317
11,3,3,1.0339258693647935e-07,4.1487924207217475e-10,0.00027126629720441997,0.9997286200523376
12,3,3,3.373256913619116e-05,1.1112542136482162e-10,0.006454055663198233,0.9935122132301331
13,3,3,0.06194722652435303,2.427082108624745e-05,0.04456915706396103,0.8934593796730042
14,3,3,0.025004694238305092,3.755876241484657e-05,0.0010120841907337308,0.973945677280426
15,3,3,0.00018749995797406882,0.0005197582067921758,0.028990596532821655,0.9703022241592407
16,3,3,0.00767829455435276,8.468372243441991e-07,0.0017491483595222235,0.9905717372894287
17,3,3,0.00023736919683869928,1.3679539279110031e-08,0.00012490525841712952,0.9996377229690552
18,3,3,0.02494359202682972,4.4331194658298045e-05,0.003877578768879175,0.9711344838142395
19,3,3,0.00010690756607800722,1.7548426045621568e-09,0.013688168488442898,0.9862049221992493
20,3,2,0.002158842980861664,0.00012937736755702645,0.7849036455154419,0.21280822157859802
21,3,3,0.0035614226944744587,1.0508254888463853e-07,0.009234351105988026,0.9872041344642639
22,3,3,2.7484230713525903e-07,1.278245690627955e-06,7.3284249992866535e-06,0.9999910593032837
23,3,3,0.01731160283088684,0.0009538745507597923,0.2696685791015625,0.7120659351348877
24,3,3,0.005893426481634378,2.991654355355422e-06,0.466020405292511,0.5280831456184387
25,3,3,2.108613671225612e-06,1.9987697261192316e-11,5.3034538723295555e-05,0.999944806098938
26,1,1,0.09025482833385468,0.8804052472114563,0.028389129787683487,0.0009507333161309361
27,1,1,0.0008230074890889227,0.9991163611412048,2.6379739210824482e-05,3.4247481380589306e-05
28,1,1,0.02184397540986538,0.46432557702064514,0.13649490475654602,0.3773355782032013
29,1,1,0.002795858308672905,0.996925413608551,2.2613248802372254e-05,0.00025614723563194275
30,1,1,0.0013064027298241854,0.9984726309776306,0.00011104560690000653,0.00010986864799633622
31,1,1,0.0020101505797356367,0.9976690411567688,0.00014321139315143228,0.000177603549673222
32,0,0,0.9999995231628418,7.086922693133602e-08,2.0249427734597703e-07,1.2926084025366436e-07
33,0,1,0.11346478015184402,0.8753588199615479,1.8878296032198705e-05,0.01115754060447216
34,0,0,0.9999977350234985,4.503313988379887e-08,5.806299441246665e-07,1.6669607703079237e-06
35,0,0,0.9685371518135071,0.0007519943173974752,0.010351778008043766,0.020359041169285774
36,0,0,0.49696415662765503,5.679135938407853e-05,0.4634350538253784,0.03954406827688217
37,0,0,0.8713471293449402,0.09187719970941544,0.0011331927962601185,0.03564250096678734
38,0,0,0.999994158744812,5.065454189434604e-08,2.143879100913182e-06,3.600279114834848e-06
39,0,0,0.9999995231628418,1.8182566563496039e-09,4.4394471387931844e-07,2.809192878316935e-08
40,1,1,7.521894929141126e-08,0.9999998807907104,7.577524718804796e-11,2.136200105695707e-09
41,2,2,0.005433059297502041,2.0377858163556084e-05,0.9625833630561829,0.031963180750608444
42,0,0,0.9945934414863586,0.0032231879886239767,0.00010563588148215786,0.0020776912569999695
43,3,3,7.566199928987771e-05,2.3887574585046423e-08,0.001570658409036696,0.9983537197113037
44,1,1,0.00042810928425751626,0.9995715022087097,3.298646689131601e-08,3.812886006926419e-07
45,1,1,2.5467608793405816e-05,0.9999741315841675,7.543089708406114e-09,3.336880070037296e-07
46,0,0,0.9267672896385193,0.0013794094556942582,0.04885651171207428,0.02299685776233673
47,3,2,0.0002456741058267653,1.4563603656370105e-07,0.7358025312423706,0.2639516592025757
48,0,0,0.9957485795021057,7.534409860454616e-07,0.0035625777672976255,0.0006881310255266726
49,1,1,0.0028113238513469696,0.9970089793205261,0.0001758889848133549,3.849539098155219e-06
50,0,0,0.9927237629890442,2.824925331879058e-06,0.001402769354172051,0.00587060023099184
51,1,1,8.657301009407092e-08,0.9999998807907104,3.5363427741685882e-09,2.9889085650935954e-10
52,0,0,0.9997546076774597,3.173191771566053e-06,4.400755642564036e-05,0.0001982684334507212
53,3,3,2.3708749722572975e-05,5.057550424680812e-06,0.013554386794567108,0.9864168167114258
54,2,2,0.006677128840237856,5.483966560859699e-07,0.9932994842529297,2.278328793181572e-05
55,3,2,0.08453080803155899,0.046040818095207214,0.506020724773407,0.36340761184692383
56,0,3,0.08917360752820969,2.4752983662779116e-08,0.06615808606147766,0.8446683287620544
57,0,0,1.0,1.4688757155045806e-10,4.841146150624809e-09,7.605811980226918e-09
58,2,2,9.865947504295036e-06,5.3023468353785574e-05,0.9996731281280518,0.000264014262938872
59,2,2,0.0002690026012714952,2.822190617735032e-05,0.9993577599525452,0.0003450319927651435
60,1,1,3.016140510680998e-07,0.9999996423721313,7.19190373921208e-10,8.71918803824201e-09
61,1,1,0.017976287752389908,0.9820156097412109,7.524266948166769e-06,6.242111680876405e-07
62,1,1,8.640700798423495e-06,0.9999849796295166,6.641866434620169e-07,5.6865565056796186e-06
63,3,3,3.7785066524520516e-05,1.2291754956095247e-06,0.0007074415334500372,0.9992535710334778
64,0,0,0.9999401569366455,1.2839868057668014e-09,9.570314432494342e-06,5.032235640101135e-05
65,3,3,0.000246003590291366,6.613499294871872e-07,0.015283054672181606,0.9844702482223511
66,0,0,0.99994957447052,1.6824678823468275e-06,1.55709949467564e-05,3.3173833799082786e-05
67,0,0,0.9997052550315857,3.087387449340895e-05,4.899955092696473e-05,0.0002148976200260222
68,1,1,4.8620428572121455e-08,0.9999998807907104,1.1784256903624168e-10,6.199012858587594e-08
69,0,0,0.9999980926513672,2.797123102027399e-07,1.8969650739109056e-07,1.3792182471661363e-06
70,3,3,7.206686802874174e-08,6.389749298250924e-13,0.00020237780699972063,0.999797523021698
71,3,3,2.895573925343342e-05,2.0667725308953777e-08,0.00020923922420479357,0.9997617602348328
72,3,3,3.1290364859160036e-05,6.985157961025834e-05,1.3417323430076067e-07,0.9998986721038818
73,0,0,0.9993034601211548,7.436170221808425e-07,0.0005889053572900593,0.00010681852290872484
74,3,3,0.002234490355476737,4.878057211499254e-07,4.127870488446206e-05,0.9977237582206726
75,1,1,3.511736576911062e-05,0.9999648332595825,1.1232336838418178e-08,4.904670802829969e-08
76,0,0,0.9997496008872986,7.846617222639907e-08,1.5395036825793795e-05,0.00023498137306887656
77,1,1,0.0010596270440146327,0.9988652467727661,5.4214677220443264e-05,2.091659371217247e-05
78,0,0,0.9999905824661255,7.691770633755368e-07,3.7495046854019165e-06,4.945165983372135e-06
79,0,1,0.04295585677027702,0.9544734954833984,0.0012180943740531802,0.0013525194954127073
80,0,0,0.988261878490448,5.336017352419731e-07,0.005768046248704195,0.005969478283077478
81,1,1,0.0004315102123655379,0.9994219541549683,4.079628342879005e-05,0.00010582819959381595
82,2,2,0.04680166020989418,6.766628303012112e-06,0.9370201230049133,0.01617145910859108
83,2,3,0.0002122913720086217,3.6663084301835625e-07,0.00035355499130673707,0.9994338154792786
84,0,2,0.41659015417099,0.004644182510674,0.4965202808380127,0.08224540948867798
85,0,0,0.9999890327453613,6.799946022928438e-11,8.265785254479852e-06,2.6924951725959545e-06
86,2,2,0.1694357991218567,0.008897568099200726,0.8152745962142944,0.006392143201082945
87,0,0,0.961962878704071,0.03608299046754837,2.077876342809759e-05,0.0019333565142005682
88,0,0,0.9892237782478333,0.01066157128661871,7.5401821959530935e-06,0.00010706161992857233
89,3,3,6.202037184266374e-05,6.58331657632516e-07,0.042785193771123886,0.9571520686149597
90,0,0,0.9999880790710449,1.2694241036115272e-07,1.056551900546765e-05,1.1458457720436854e-06
91,2,2,0.0023481338284909725,2.393290378677193e-05,0.9612537622451782,0.03637414425611496
92,3,3,2.299348489032127e-05,1.3366311613083326e-08,0.0023040527012199163,0.997672975063324
93,2,2,4.1941552808566485e-07,2.031442924987914e-08,0.9998652935028076,0.00013415399007499218
94,1,1,0.0021174740977585316,0.9965344667434692,0.00011666510545182973,0.001231473172083497
95,1,1,6.818169850930644e-08,0.9999974966049194,1.5967116269166581e-06,8.190598350665823e-07
96,1,1,4.515781881764269e-07,0.9999992847442627,1.1099407970505126e-07,1.1975791380791634e-07
97,2,2,6.479663625214016e-06,1.6826485760290666e-09,0.9999916553497314,1.900781853692024e-06
98,0,0,0.9999953508377075,8.862238018991775e-07,1.3722412859351607e-06,2.3311263248615433e-06
99,2,2,0.00019575230544432998,5.82529537496157e-07,0.9994284510612488,0.0003751572221517563
100,1,1,0.3217662274837494,0.6780992746353149,7.862787606427446e-05,5.5825108574936166e-05
101,2,2,8.449531014775857e-05,4.29641022492433e-06,0.9915483593940735,0.008362822234630585
102,3,3,0.00048788098501972854,1.4020605476616765e-07,0.264843225479126,0.7346686720848083
103,2,2,0.0009986901422962546,0.0011339831398800015,0.8431087136268616,0.15475857257843018
104,0,0,0.967793345451355,0.024396711960434914,0.007013366091996431,0.0007965817349031568
105,1,1,8.718227763893083e-05,0.9999121427536011,3.321898134345247e-08,5.579468052019365e-07
106,0,0,0.9849709868431091,2.281122135627811e-07,0.015006658621132374,2.21145437535597e-05
107,1,1,0.28559231758117676,0.7142930626869202,6.166170351207256e-05,5.288846659823321e-05
108,0,0,0.9999711513519287,2.265872156570481e-09,1.6848500763444463e-06,2.7214284273213707e-05
109,3,3,0.03651491925120354,6.508986552944407e-05,0.0024535334669053555,0.9609664678573608
110,2,3,0.00010377722355769947,4.124094843405146e-08,0.03484898805618286,0.9650471806526184
111,3,3,0.000859707361087203,3.569914781564876e-07,0.06020389124751091,0.9389360547065735
112,3,3,5.695751426060269e-09,1.3415374366942956e-10,0.00016968332056421787,0.9998302459716797
113,3,3,0.00023287841759156436,1.0021043994612455e-09,1.2100246749469079e-05,0.9997549653053284
114,3,3,8.613385944045149e-06,6.969656407562752e-09,6.426259460567962e-06,0.9999849796295166
115,1,1,8.059552669692494e-07,0.9999322891235352,2.248750206490513e-05,4.4464064558269456e-05
116,3,3,2.003257350224885e-06,1.4941113590793975e-07,0.0043028974905610085,0.9956949949264526
117,3,3,1.6009582395781763e-05,1.2726497971016215e-06,0.001231188653036952,0.9987515211105347
118,2,2,0.0001445090601919219,2.3981380081750103e-07,0.9983671307563782,0.0014881485840305686
119,1,1,4.172366274701744e-08,0.9999996423721313,4.2356070650839683e-08,2.454332275192428e-07
120,0,2,0.00863838940858841,0.0007419170578941703,0.9710739850997925,0.019545650109648705
121,1,1,0.00021970923990011215,0.9993963241577148,5.307348328642547e-05,0.0003308010345790535
122,3,3,0.0003407399635761976,5.3660012781620026e-05,0.0012175318552181125,0.9983880519866943
123,0,0,0.7435653209686279,0.001988469623029232,0.020496591925621033,0.2339497059583664
124,3,3,3.779959456551296e-07,1.0711148981656926e-11,1.1942134733544663e-05,0.9999877214431763
125,2,0,0.5832004547119141,0.0023087456356734037,0.37322998046875,0.04126081243157387
126,1,1,0.07379687577486038,0.926028311252594,3.969518365920521e-05,0.00013509695418179035
127,1,1,1.7648464563535526e-05,0.9995429515838623,0.00016062897338997573,0.00027884275186806917
128,1,1,3.463004031800665e-05,0.9999648332595825,3.8175528516148916e-07,1.556832245341866e-07
129,0,0,0.9999732971191406,1.2620469533430878e-05,1.2711037925328128e-05,1.3404275023276568e-06
130,0,0,0.9994451403617859,9.237282938556746e-07,3.268260843469761e-05,0.0005212663672864437
131,0,0,0.9977712631225586,1.1597991900202942e-08,6.165265949675813e-05,0.0021670889109373093
132,1,1,1.9401854842726607e-06,0.9999678134918213,2.6604269805829972e-05,3.7206880278972676e-06
133,0,0,0.9177505373954773,0.0015756037319079041,0.001356266438961029,0.07931751757860184
134,1,1,0.00569479214027524,0.9942915439605713,5.030166789765644e-07,1.3194328857935034e-05
135,1,1,0.0016221011755988002,0.9983603358268738,9.906867489917204e-06,7.59856902732281e-06
136,0,0,0.984269380569458,0.010152786038815975,0.002268378157168627,0.0033093984238803387
137,1,1,0.00013348719221539795,0.9998664855957031,1.0421900675794404e-08,1.7078221503652458e-08
138,1,1,0.012938568368554115,0.9869810938835144,2.3820315618650056e-05,5.6417400628561154e-05
139,0,0,0.8546558022499084,0.000696900358889252,0.14444005489349365,0.00020734262943733484
140,1,1,0.0007418464520014822,0.9992479681968689,1.7397326246282319e-07,1.0057524377771188e-05
141,0,0,0.9858002662658691,5.874456974197528e-07,0.008986091241240501,0.005213030148297548
142,1,1,0.0013462223578244448,0.9984612464904785,0.00010861588089028373,8.386903937207535e-05
143,0,0,0.9564974308013916,8.562673428968992e-06,0.0427919402718544,0.0007020517950877547
144,0,0,0.976889431476593,0.0014307884266600013,0.0015956711722537875,0.020084090530872345
145,0,0,0.9996294975280762,5.25868235854432e-05,0.000168800528626889,0.00014903413830325007
146,1,1,0.0009077604627236724,0.9986308217048645,0.0003355190565343946,0.0001257849799003452
147,2,2,0.00017309618124272674,3.7968956689837796e-07,0.9996737241744995,0.00015270848234649748
148,1,1,0.10669887810945511,0.8928622007369995,3.3304753742413595e-05,0.0004056347534060478
149,1,1,0.0013198330998420715,0.9986780285835266,1.2938977533849538e-07,1.967585376405623e-06
150,1,1,2.9092085242155008e-05,0.9999591112136841,5.183275334275095e-06,6.550987109221751e-06
151,0,0,0.9969760179519653,5.631726889987476e-05,0.0001452615251764655,0.0028224815614521503
152,1,1,0.0004563841794151813,0.9995235204696655,4.289564913051436e-06,1.5832125427550636e-05
153,0,0,0.9998205304145813,2.815548683088309e-09,8.146824256982654e-06,0.00017134436347987503
154,0,3,0.1454886496067047,1.4671023507162317e-08,0.3951130211353302,0.4593983292579651
155,0,0,0.8539705276489258,0.0001481779763707891,0.10174710303544998,0.04413418844342232
156,2,2,0.007468283176422119,4.984427164345107e-07,0.9924855828285217,4.5640026655746624e-05
157,1,1,1.94956484733666e-07,0.9999996423721313,9.082086194212025e-08,8.016304775537719e-08
158,1,1,8.220790732593741e-06,0.9999904632568359,1.056638325280801e-06,2.746327822933381e-07
159,0,0,0.9999991655349731,2.467796207383799e-07,3.1538721856350094e-08,5.855922609043773e-07
160,1,1,8.126866305246949e-05,0.9996236562728882,0.0002245942159788683,7.046025712043047e-05
161,2,2,0.0002248530654469505,1.6150032422501681e-09,0.9974741339683533,0.002300974214449525
162,3,3,1.1229853953409474e-05,1.1647414766002839e-07,0.013179166242480278,0.986809492111206
163,0,0,0.9999959468841553,1.168630774373014e-06,2.874054416679428e-06,5.515387968557661e-08
164,0,0,0.9874702095985413,0.004546110983937979,0.006350409239530563,0.0016332720406353474
165,2,2,0.002702366793528199,7.651888154214248e-06,0.9802107214927673,0.017079239711165428
166,2,2,6.131148438726086e-06,1.3987457414543769e-08,0.9999896287918091,4.309118594392203e-06
167,2,2,6.146174769128265e-07,1.9387311112950556e-05,0.9913301467895508,0.008649908006191254
168,1,0,0.8858150243759155,0.11372481286525726,1.3462856259138789e-05,0.00044677159166894853
169,0,0,0.9999780654907227,2.1694536656013952e-07,3.580526026780717e-06,1.8103644833900034e-05
170,3,3,0.007820681668817997,0.0027573059778660536,0.01004695426672697,0.9793750643730164
171,3,3,0.00191887270193547,0.018601421266794205,0.008197488263249397,0.9712821841239929
172,2,3,0.0001340302114840597,1.5214364793791901e-05,0.2944066524505615,0.7054440975189209
173,3,3,0.02917313575744629,0.014250783249735832,0.34453070163726807,0.6120453476905823
174,0,0,0.9999349117279053,1.4436768935865985e-07,3.830012065009214e-05,2.66390652541304e-05
175,0,0,0.999996542930603,1.1460494420134637e-07,2.006948307098355e-06,1.3153255622455617e-06
176,3,3,2.134962414857e-05,7.016178074081836e-07,0.022864315658807755,0.977113664150238
177,1,1,0.0036968416534364223,0.9918409585952759,2.856294668163173e-05,0.004433661699295044
178,3,3,0.0028586264234036207,0.0026599287521094084,0.15397056937217712,0.840510904788971
179,1,1,9.60803049565584e-07,0.9999990463256836,3.744121013227186e-09,1.6041283856793598e-08
180,2,2,7.425055810017511e-05,2.192753179031115e-08,0.9999122619628906,1.3403220691543538e-05
181,1,1,6.839036359451711e-07,0.9999904632568359,1.733019985294959e-06,7.120501777535537e-06
182,1,1,1.2849946529058798e-07,0.9999998807907104,5.656720869495757e-09,2.443762880943723e-08
183,3,3,0.016164466738700867,0.0008035912178456783,0.31455519795417786,0.6684767603874207
184,2,2,0.0066412631422281265,0.0021065170876681805,0.9889010190963745,0.002351258182898164
185,0,0,0.9976977705955505,1.083793222278473e-06,0.0022505742963403463,5.0563558033900335e-05
186,3,3,0.0007702010334469378,1.2483344107749872e-05,0.0038837564643472433,0.9953336119651794
187,0,0,0.9657517075538635,0.0008266615332104266,0.0017505607102066278,0.03167103976011276
188,1,1,0.020149236544966698,0.9137817621231079,0.04330320656299591,0.02276574820280075
189,3,3,0.0002042004489339888,2.132999043169548e-06,0.0023690557572990656,0.9974246025085449
190,3,3,0.00026320639881305397,2.0418053026105554e-08,0.002747952938079834,0.996988832950592
191,0,0,0.9999996423721313,1.557182649492006e-08,8.924585159775233e-08,1.7623504788844002e-07
192,0,0,0.9999934434890747,8.011927059292656e-12,7.862807365199842e-07,5.703892838937463e-06
193,0,0,0.9999995231628418,3.430170636420371e-08,1.4729931763213244e-07,2.841804018771654e-07
194,2,2,1.7338161342195235e-06,3.077467794487809e-11,0.9999977350234985,4.2163725311183953e-07
195,2,2,0.013306387700140476,0.0009892159141600132,0.9559110403060913,0.02979341894388199
196,0,0,0.8552755117416382,3.2346256375603843e-06,0.14370673894882202,0.0010145282140001655
197,1,1,1.296424579777522e-05,0.9999862909317017,9.379037635426357e-08,6.184229164318822e-07
198,2,2,1.1141908089484787e-06,3.812159962701678e-11,0.9999982118606567,7.391518579424883e-07
199,1,1,9.448000355405384e-07,0.9999990463256836,4.026336153373222e-09,2.195223336443064e-09
200,3,3,0.48614394664764404,0.00010916401515714824,0.012755518779158592,0.5009914040565491
201,3,3,7.450328212144086e-06,4.232785677515949e-09,0.0005708392127417028,0.9994217157363892
202,3,3,0.02819286845624447,2.223276567292487e-07,0.00037395377876237035,0.9714329242706299
203,0,0,0.9999998807907104,8.145654289970494e-11,1.2076593947085712e-08,6.460292922838562e-08
204,1,1,1.4394222489499953e-05,0.9999855756759644,4.328022829014344e-09,2.3041188512706867e-08
205,1,1,4.391506809042767e-05,0.9999538660049438,1.6954769535004743e-06,5.145832915331994e-07
206,1,1,0.0016856369329616427,0.9923785924911499,0.004252846818417311,0.0016829128144308925
207,3,2,0.00015784006973262876,2.548139491409529e-06,0.9659426212310791,0.03389696776866913
208,1,1,0.18519112467765808,0.8140512704849243,0.0007330629741773009,2.455645335430745e-05
209,3,3,0.034505873918533325,0.00012150045222369954,0.039414435625076294,0.9259581565856934
210,1,1,9.520360435999464e-06,0.9999872446060181,4.967046862702773e-08,3.2505581657460425e-06
211,0,0,0.9843198657035828,0.0008378395577892661,0.010740434750914574,0.004101852886378765
212,1,1,0.0011381752556189895,0.9988000392913818,1.2455944897737936e-06,6.045815098332241e-05
213,1,1,0.00017122484860010445,0.9997835755348206,6.547682005475508e-06,3.8666141335852444e-05
214,1,1,2.479570639479789e-06,0.9999969005584717,5.627143764286302e-07,1.9761168701393217e-08
215,3,2,0.05775165930390358,0.24749355018138885,0.5920458436012268,0.10270892828702927
216,2,2,4.613438591150043e-07,2.5624286026371124e-10,0.9999929666519165,6.594183560082456e-06
217,2,2,0.0009736082283779979,4.5076492824591696e-05,0.9981563687324524,0.0008249496459029615
218,3,3,0.0009917686693370342,0.0002788245619740337,0.015435677021741867,0.9832936525344849
219,1,1,6.847827762612724e-07,0.9999991655349731,7.178720728973076e-09,7.89507552667601e-08
220,1,1,2.9104698114679195e-05,0.9999691247940063,3.898990428297111e-07,1.4449750551648322e-06
221,0,0,0.999996542930603,2.275544943586283e-07,2.7408982532506343e-06,4.4218646166882536e-07
222,2,2,0.2523210942745209,0.10786931961774826,0.5569300055503845,0.08287961035966873
223,1,1,0.25038057565689087,0.7453488707542419,0.004226775839924812,4.375958815217018e-05
224,2,2,1.8225640815217048e-05,2.7515903866515146e-07,0.999946117401123,3.5372155252844095e-05
225,2,2,0.06496679782867432,0.004431768320500851,0.9097337126731873,0.02086767740547657
226,0,0,0.9940043091773987,2.5639299565227702e-05,0.0004232391365803778,0.005546749569475651
227,1,1,4.526817519945325e-06,0.999995231628418,1.4633277700681901e-08,2.2261022536440578e-07
228,2,2,0.00020027405116707087,7.301319419639185e-05,0.9985262155532837,0.0012004377786070108
229,0,0,0.999110758304596,9.993503226723988e-06,0.00032452354207634926,0.0005546603351831436
230,1,1,0.0008722097263671458,0.9990144968032837,0.00010188638407271355,1.138352308771573e-05
231,1,1,0.0008015549974516034,0.9991866946220398,1.8319775563213625e-06,9.90344415185973e-06
232,2,2,0.015009959228336811,1.279180878555053e-06,0.9786995649337769,0.006289211101830006
233,3,3,4.935824637897213e-09,6.662664731038603e-08,0.001273991190828383,0.9987258315086365
234,2,3,0.06001097336411476,0.005125386640429497,0.25765281915664673,0.6772108674049377
235,1,1,1.6508772660017712e-06,0.999997615814209,8.359291925330581e-09,7.136586077649554e-07
236,2,2,0.0037016060668975115,3.235312760807574e-05,0.992841362953186,0.003424759954214096
237,1,1,7.454997103195637e-05,0.9997738003730774,2.535501516831573e-05,0.00012635707389563322
238,0,0,0.9999923706054688,6.859844233986223e-06,1.9945710505453462e-07,5.104893716634251e-07
239,2,2,3.0600345780840144e-05,2.430896529403981e-06,0.9914475679397583,0.008519414812326431
240,3,3,0.00031131049036048353,4.661800945271466e-10,0.41618064045906067,0.5835080146789551
241,1,0,0.8353246450424194,0.1546773761510849,0.008752836845815182,0.0012451267102733254
242,1,1,0.0012895374093204737,0.9987096786499023,8.151508836817811e-07,2.0268053901872918e-08
243,3,3,2.576250039965089e-07,1.5145454335119268e-11,0.00013533169112633914,0.9998643398284912
244,2,2,6.471070082625374e-05,4.02086364204024e-08,0.9998762607574463,5.8949448430212215e-05
245,2,2,0.02247769758105278,0.00026420262292958796,0.9271962642669678,0.05006179213523865
246,3,3,9.816687907004962e-07,7.033053748273232e-07,0.0004882827051915228,0.9995100498199463
247,3,3,4.532166713033803e-05,1.5223095672922682e-08,0.0006621768116019666,0.9992924928665161
248,3,2,0.005096865817904472,5.472549673868343e-05,0.9125507473945618,0.08229763060808182
249,0,0,0.9998260140419006,1.8806840671459213e-05,0.00012544190394692123,2.9833277949364856e-05
250,2,2,0.008807377889752388,0.00023824071104172617,0.9884446859359741,0.002509769983589649
251,0,0,0.9999208450317383,3.967400630244811e-09,9.863080094874022e-07,7.819584425305948e-05
252,1,0,0.7865846753120422,0.08837384730577469,0.07100529968738556,0.05403617024421692
253,2,2,0.021797679364681244,4.8236341143592654e-08,0.9781303405761719,7.186738366726786e-05
254,2,2,2.5084993922064314e-06,2.7691768877957657e-08,0.9999842643737793,1.3252066310087685e-05
255,3,3,0.01789560168981552,9.074027911992744e-05,0.002456298330798745,0.9795573949813843
256,2,2,3.313138279281702e-07,6.00251459648149e-10,0.9999986886978149,9.277157460019225e-07
257,3,3,5.2316249821160454e-06,2.5299992557847872e-05,0.0036126968916505575,0.9963567852973938
258,3,2,0.055287569761276245,2.490615406713914e-05,0.48597031831741333,0.4587172269821167
259,3,3,0.0001350534294033423,1.1815031939477194e-06,7.499341882066801e-05,0.9997888207435608
260,1,1,6.582435617019655e-06,0.9999932050704956,4.049350010859598e-08,1.3887692773550953e-07
261,0,0,0.9900132417678833,0.001346456236205995,9.101851173909381e-05,0.008549248799681664
262,3,2,0.001298729213885963,1.4171540669849492e-06,0.9467032551765442,0.05199655890464783
263,3,3,0.008603093214333057,0.0006573062273673713,0.06780274212360382,0.9229368567466736
264,3,3,0.10944835841655731,0.0035942052491009235,0.030225522816181183,0.8567318916320801
265,3,3,0.12011384218931198,0.0007813778938725591,1.6042069546529092e-05,0.8790887594223022
266,1,1,5.666310975982469e-09,1.0,2.8981436694941465e-10,4.742287895709296e-09
267,3,2,1.0356565326219425e-05,3.1644546538700524e-07,0.6100060343742371,0.38998332619667053
268,1,1,4.009647454950027e-05,0.9999595880508423,1.616555920236351e-07,7.564566573137199e-08
269,1,1,0.0013705496676266193,0.9986153841018677,5.511054723683628e-07,1.3476203093887307e-05
270,1,1,0.0006432152586057782,0.9990556836128235,1.1045055998692987e-06,0.00030003912979736924
271,0,0,0.9996289014816284,8.939953659137245e-06,7.716575964877848e-06,0.0003544331411831081
272,2,3,0.10626818984746933,0.0021587556693702936,0.12287157028913498,0.7687014937400818
273,3,3,0.0011351051507517695,3.8411826608353294e-07,0.0006304524722509086,0.9982340335845947
274,1,0,0.610207200050354,0.2626056373119354,0.006980108562856913,0.12020699679851532
275,3,3,0.00016797376156318933,5.874772455172206e-07,2.493772797151905e-07,0.9998311996459961
276,3,3,8.13195583759807e-05,4.470110525289783e-06,1.9145356588978757e-07,0.9999139308929443
277,1,1,1.6036046872613952e-06,0.9999984502792358,1.425327494919415e-10,5.714320394645256e-08
278,2,0,0.8852294087409973,1.3636175708597875e-06,0.11474300920963287,2.6268340661772527e-05
279,3,3,0.0015478050336241722,1.3106830465403618e-06,0.03529568016529083,0.963155210018158
280,2,2,0.004581725690513849,0.00036439558607526124,0.9725787043571472,0.022475194185972214
281,1,1,0.0003942738112527877,0.9995726943016052,3.787489220030693e-07,3.261916936025955e-05
282,1,1,5.252051664683677e-07,0.9999995231628418,4.896164362833133e-09,4.573855250100678e-08
283,3,3,0.0002455251815263182,2.9439340778480982e-06,0.00048390941810794175,0.9992676377296448
284,1,1,0.001496236422099173,0.9843187928199768,0.002244779374450445,0.011940116994082928
285,0,0,0.9999984502792358,1.7572795649178907e-11,3.085172579631035e-07,1.1857506478918367e-06
286,0,0,0.8923551440238953,0.0003240395453758538,0.09113111346960068,0.016189761459827423
287,2,2,0.00024136525462381542,3.958265369874425e-05,0.9758384823799133,0.023880552500486374
288,2,2,0.03249357268214226,9.768457675818354e-05,0.9653252363204956,0.0020834298338741064
289,1,1,7.582752732560039e-05,0.9999217987060547,1.366668357150047e-06,9.717069815451396e-07
290,1,1,0.001666678232140839,0.9982965588569641,2.0215964468661696e-05,1.6556723494431935e-05
291,3,3,0.004736785311251879,0.0003698743530549109,0.011394454166293144,0.9834988713264465
292,3,3,0.000494185893330723,1.6886660603177006e-07,0.003867281833663583,0.9956384301185608
293,3,3,0.020597130060195923,2.0612418666132726e-05,0.0012599689653143287,0.9781222343444824
294,1,1,1.0556596862443257e-05,0.9999767541885376,1.2334557141002733e-05,3.982395355706103e-07
295,0,2,0.0028456312138587236,0.07769065350294113,0.8988232016563416,0.020640475675463676
296,0,0,0.9971876740455627,2.1407408894447144e-06,0.0004238154215272516,0.0023864118847995996
297,3,3,0.060833293944597244,2.0640134607674554e-05,0.014538307674229145,0.9246078133583069
298,1,1,1.9982149268571447e-09,1.0,8.980959032012237e-11,1.8177753746684289e-09
299,2,2,0.0009763133130036294,1.7470085822424153e-07,0.9965131878852844,0.0025102475192397833
300,1,1,8.387982006752281e-07,0.9999991655349731,4.846355494692034e-08,2.293307233003361e-08
301,2,2,6.261300455889796e-08,6.607911440248415e-10,0.9999994039535522,5.327858616510639e-07
302,2,2,0.3428822159767151,2.6709474695962854e-05,0.6530882716178894,0.00400279276072979
303,2,2,0.006110915448516607,0.0009475892875343561,0.9797051548957825,0.013236291706562042
304,2,2,0.3317241668701172,1.3134164191797026e-06,0.6640303730964661,0.0042440807446837425
305,1,1,0.243465855717659,0.3816790282726288,0.29249870777130127,0.08235643804073334
306,3,3,2.2184225599630736e-05,1.9871790324366145e-10,0.00010253392974846065,0.9998753070831299
307,3,3,0.003029164392501116,2.9615980565722566e-06,0.002134275157004595,0.9948335886001587
308,1,1,0.003025622572749853,0.9969512224197388,3.5410537293500965e-06,1.95907341549173e-05
309,2,2,0.16156600415706635,0.022383470088243484,0.7551382184028625,0.06091230362653732
310,2,3,0.008189033716917038,0.000637710269074887,0.009239022620022297,0.9819341897964478
311,1,0,0.8926839232444763,0.1064145639538765,3.5517248761607334e-05,0.0008659518789499998
312,3,3,0.4526837170124054,0.0019335633842274547,0.04347124323248863,0.501911461353302
313,2,2,0.007031645625829697,6.046060207154369e-06,0.977616012096405,0.015346403233706951
314,2,2,0.0006521680625155568,0.00099554390180856,0.9779456853866577,0.02040654607117176
315,0,0,0.9999997615814209,3.621041955170767e-08,1.4429419081807282e-07,9.035970549575723e-08
316,0,0,0.7953817844390869,0.0001651603088248521,0.1277877539396286,0.07666527479887009
317,2,3,4.42739728896413e-05,3.1862268379256875e-10,0.0070633855648338795,0.9928923845291138
318,1,1,0.02174418233335018,0.9774119853973389,0.0007515738834626973,9.227036207448691e-05
319,2,2,0.009282094426453114,4.725694395801838e-07,0.9490168690681458,0.04170055314898491
320,2,2,9.28382360143587e-06,0.00011047743464587256,0.9992958307266235,0.0005843575927428901
321,0,0,0.9999996423721313,2.9695974035348627e-07,2.408584443003292e-08,1.1688791268227305e-08
322,1,1,1.5416985661431681e-06,0.9999921321868896,3.73477462289884e-08,6.370764367602533e-06
323,3,3,0.00013527377450373024,2.901819470935152e-06,0.029565921053290367,0.9702959060668945
324,1,1,3.247238419135101e-05,0.9999643564224243,1.0786607163026929e-06,2.17740716834669e-06
325,3,3,8.807609788163973e-07,3.885823502969288e-07,0.0001183456479338929,0.9998804330825806
326,0,0,0.9966386556625366,0.0002628378279041499,2.503413497834117e-06,0.0030960063450038433
327,0,2,0.44291090965270996,0.058181654661893845,0.4921618402004242,0.006745581515133381
328,3,3,7.905638631200418e-05,1.0548869795456994e-06,0.010415419936180115,0.9895044565200806
329,2,2,0.00018690200522542,3.752151314984076e-05,0.929190993309021,0.07058458775281906
330,3,3,0.006193576846271753,0.0008993087103590369,0.0007026465609669685,0.9922045469284058
331,1,1,0.0013417693553492427,0.9986557960510254,2.432961309750681e-06,4.1874262279861796e-08
332,0,0,1.0,5.998456592548607e-11,5.7777628167943185e-12,7.148931446820939e-11
333,0,0,1.0,2.421273848085548e-09,1.095122126315573e-08,1.6938296321100665e-09
334,1,1,2.024873174377717e-05,0.9999794960021973,8.108867355360871e-09,2.1630999924582284e-07
335,0,0,0.9999819993972778,1.3372713283388293e-06,4.568387268477636e-08,1.661575515754521e-05
336,2,2,0.14200203120708466,0.0001660855341469869,0.852895200252533,0.004936710000038147
337,2,2,0.000642264960333705,0.3666054606437683,0.6296145915985107,0.00313770049251616
338,1,1,0.005143449176102877,0.99470454454422,3.877246683714475e-07,0.0001516398915555328
339,1,1,6.65169682179112e-06,0.9999927282333374,6.298306232110917e-08,5.588593126049091e-07
340,3,3,0.02935030497610569,0.021528545767068863,0.2602773904800415,0.688843846321106
341,1,1,4.763893593917601e-05,0.9997952580451965,0.00015251438890118152,4.674645879276795e-06
342,0,0,0.9999995231628418,3.2783962211624385e-08,7.708366212000328e-08,2.859649157471722e-07
343,1,1,3.422333611524664e-05,0.999885082244873,7.156132778618485e-05,9.13098847377114e-06
344,1,3,0.07134582102298737,0.24881809949874878,0.2324402928352356,0.44739580154418945
345,3,3,3.567881140043028e-05,6.314158973452777e-09,0.13716614246368408,0.8627982139587402
346,3,2,2.787687890304369e-06,4.720230872834463e-09,0.981827437877655,0.018169794231653214
347,1,1,0.002825259929522872,0.9878153800964355,0.006503984332084656,0.002855309983715415
348,0,1,0.0005310744163580239,0.9984439015388489,0.00010225930600427091,0.0009227985865436494
349,2,2,0.0008528562029823661,2.1259900506720442e-07,0.9947506785392761,0.004396256525069475
350,1,1,7.679842383367941e-05,0.9997021555900574,2.6549838366918266e-05,0.0001944623072631657
351,0,0,0.9999713897705078,6.749544212425462e-08,2.6473213438293897e-05,2.0810502974200062e-06
352,0,0,0.9980217218399048,0.0019616337958723307,8.02612612460507e-06,8.726022315386217e-06
353,1,1,6.737623721164709e-07,0.9999978542327881,2.012851894050982e-07,1.271271344194247e-06
354,0,0,0.9999802112579346,5.137140306032961e-06,5.253445124253631e-06,9.382058124174364e-06
355,0,1,0.09892565757036209,0.8968100547790527,0.002400530269369483,0.0018637300236150622
356,1,1,0.0001621591072762385,0.9997673630714417,6.652426236541942e-05,3.961334641644498e-06
357,2,2,0.006373709999024868,6.587327334273141e-06,0.9290034174919128,0.06461627781391144
358,1,1,5.4715432185048485e-08,0.9999988079071045,9.230940349880257e-07,2.5185519803017087e-07
359,1,1,1.7720327377901413e-05,0.9999815225601196,6.41866961359483e-07,1.2983595354398858e-07
360,1,1,0.0012606364907696843,0.9983099699020386,2.9726148568443023e-05,0.00039964052848517895
361,0,0,0.99993896484375,2.1135044825371097e-09,6.297397248999914e-06,5.468849849421531e-05
362,2,2,6.786829908378422e-05,5.31320154095738e-07,0.9992019534111023,0.0007295819814316928
363,0,2,0.1071418821811676,0.05076717957854271,0.6878201961517334,0.1542707085609436
364,0,0,0.9999998807907104,4.0984620142126005e-08,3.546226423623011e-08,3.83170899453944e-08
365,3,1,7.008585089351982e-05,0.9141232371330261,0.006151482462882996,0.07965527474880219
366,1,1,5.089084879728034e-05,0.9999386072158813,6.347730050038081e-06,4.1689218051033095e-06
367,2,2,0.014882100746035576,0.0008860038360580802,0.9777644872665405,0.0064674923196434975
368,0,0,0.9999994039535522,1.230487001180336e-08,4.500324735090544e-08,6.262384317778924e-07
369,0,0,0.9732580184936523,0.02641453593969345,3.642998854047619e-05,0.00029099927633069456
370,1,1,0.00034603086533024907,0.9996497631072998,1.3484141447861475e-07,4.034624453197466e-06
371,0,0,0.9983119964599609,4.029628020152387e-10,2.161754309781827e-06,0.0016858455492183566
372,0,0,0.888542890548706,0.11133274435997009,1.312033077738306e-06,0.0001231389760505408
373,1,1,0.10480566322803497,0.6980105042457581,0.1927381455898285,0.004445748869329691
374,1,1,0.0023834421299397945,0.9972902536392212,0.0002676089061424136,5.873729242011905e-05
375,3,3,0.005891661625355482,1.765671299835958e-06,0.00394075084477663,0.9901658892631531
376,1,1,0.01171550527215004,0.9790945649147034,0.004424775019288063,0.004765187855809927
377,1,1,2.2912137865205295e-05,0.9999769926071167,7.037543525711953e-08,3.640307255636799e-08
378,2,0,0.8252275586128235,4.4670228817267343e-05,0.13959357142448425,0.03513423353433609
379,0,0,0.8912030458450317,0.0054697259329259396,0.09646692872047424,0.006860377267003059
380,1,1,6.837093678768724e-05,0.9999295473098755,6.381108619279985e-08,2.056252697002492e-06
381,1,1,0.004174915608018637,0.9836329817771912,1.9930572307202965e-05,0.012172209098935127
382,3,3,1.4843614735582378e-05,2.474065695423633e-06,0.000246669864282012,0.9997360110282898
383,1,1,7.808672671671957e-05,0.9999186992645264,4.716537773674645e-07,2.6997647637472255e-06
384,2,2,0.005761378910392523,0.0007223521824926138,0.9909319877624512,0.0025842387694865465
385,1,1,0.0019210376776754856,0.9980699419975281,8.205775884562172e-06,8.403667948186921e-07
386,1,1,0.00013552469317801297,0.9996873140335083,5.387854253058322e-05,0.00012337157386355102
387,1,1,0.00020600463903974742,0.9997863173484802,3.1973420391295804e-06,4.528203135123476e-06
388,0,0,0.9999969005584717,2.4632208805996925e-06,5.488342367243604e-07,8.529904249598985e-08
389,0,0,1.0,2.0197486738648962e-10,2.6693363075480647e-09,4.520539498287235e-10
390,0,0,0.9996790885925293,2.312755532329902e-05,0.0001416576560586691,0.00015605243970640004
391,1,1,6.247522499336355e-09,1.0,8.863693667926498e-10,1.0184978416205581e-09
392,0,0,0.9997889399528503,0.00011499204993015155,8.199761214200407e-05,1.4029246813151985e-05
393,0,0,0.9999996423721313,1.724872911168518e-09,3.2610233802188304e-07,6.8869816516325955e-09
394,0,0,0.9999734163284302,1.84192110452841e-08,6.012558060319861e-07,2.5913759600371122e-05
395,1,1,0.0006771867047064006,0.9976477026939392,0.0009887691121548414,0.0006863722228445113
396,1,1,0.00021429330809041858,0.9990181922912598,0.0006933121476322412,7.415722211590037e-05
397,3,3,0.0007046350510790944,3.555121293175034e-05,0.06059979274868965,0.9386599659919739
398,1,1,9.070166561286896e-05,0.9999092817306519,4.3133456806287995e-09,1.5272899389628947e-08
399,2,3,0.0017964689759537578,9.99286839942215e-06,0.3050064444541931,0.6931870579719543
400,3,2,0.12117940932512283,0.10846500098705292,0.5275123715400696,0.24284322559833527
401,1,1,0.00213436596095562,0.9977371692657471,0.00012255441106390208,5.913705535931513e-06
402,0,0,0.9999827146530151,1.0211579137830995e-05,3.979164375778055e-06,3.1669644613430137e-06
403,0,0,0.9999587535858154,3.7370599670349947e-11,1.5645951862097718e-05,2.5641147658461705e-05
404,0,0,0.9806179404258728,1.2114413948438596e-05,0.014397526159882545,0.004972495138645172
405,2,2,0.032897982746362686,0.00012450481881387532,0.9663342237472534,0.0006432291120290756
406,2,2,0.06483689695596695,1.5911862647044472e-05,0.7699264883995056,0.16522063314914703
407,2,2,2.10049456654815e-05,5.3595314966514707e-05,0.9997809529304504,0.0001445079396944493
408,2,0,0.9786564707756042,5.642721589538269e-05,0.015863338485360146,0.005423771683126688
409,1,1,0.029974408447742462,0.9680389165878296,0.0005953704821877182,0.0013912366703152657
410,2,0,0.9538949131965637,5.26272997376509e-05,0.03892592340707779,0.007126588374376297
411,1,1,0.04128459841012955,0.9028933644294739,0.0014261739561334252,0.05439577251672745
412,0,0,0.9999954700469971,3.384610351986339e-07,1.317869902095481e-07,4.113547220185865e-06
413,0,0,0.9518987536430359,0.012723838910460472,0.008732461370527744,0.026644887402653694
414,0,0,0.9993934631347656,3.139136310892354e-07,0.00013850387767888606,0.00046763767022639513
415,1,1,0.09744004160165787,0.4391882121562958,0.028966456651687622,0.4344053566455841
416,1,1,2.3812015570001677e-05,0.9999529123306274,1.2397000318742357e-05,1.0860323527595028e-05
417,2,2,9.638698247727007e-05,9.69125935057491e-08,0.9998736381530762,2.980626049975399e-05
418,2,2,0.0019148212159052491,0.01031464897096157,0.9333664774894714,0.054404065012931824
419,0,0,0.9997953772544861,1.6111243894556537e-05,5.190426963963546e-05,0.00013665684673469514
420,0,2,0.3349721133708954,0.05472938343882561,0.4224279820919037,0.18787051737308502
421,1,1,0.0005504329456016421,0.9994428753852844,8.231350534515514e-07,5.8811751841858495e-06
422,2,2,2.9881581212976016e-05,1.51185147956312e-07,0.9999483823776245,2.1495776309166104e-05
423,3,3,2.249410499644e-05,1.2897629630970187e-09,0.0007517710910178721,0.9992257356643677
424,3,3,4.6497814309987007e-07,3.183026064945693e-10,9.994796528189909e-07,0.9999985694885254
425,0,0,0.9972801208496094,1.209221409226302e-06,0.0025392253883183002,0.00017943218699656427
426,2,2,1.4576528428733582e-07,9.587293181567702e-10,0.9999990463256836,8.670633633300895e-07
427,2,2,0.0007664874428883195,0.0002715598384384066,0.9862579107284546,0.012704089283943176
428,3,3,1.6773308743722737e-05,4.208902115721003e-09,0.000829629017971456,0.9991536140441895
429,3,3,2.16456442103663e-06,1.784295932338864e-06,3.91311459679855e-06,0.9999921321868896
430,0,0,0.9997437596321106,5.338017217582092e-06,0.0002457776281516999,5.165324182598852e-06
431,1,1,0.00037929098471067846,0.9996142387390137,2.485820459696697e-06,3.929452304873848e-06
432,1,1,3.562880010576919e-05,0.9999161958694458,9.470306395087391e-06,3.8746096834074706e-05
433,2,2,0.002965136431157589,2.6836908091354417e-06,0.6635757088661194,0.33345648646354675
434,2,2,7.834128336980939e-05,0.0020847173873335123,0.9661246538162231,0.031712327152490616
435,3,3,0.0001977990905288607,1.5441086134160287e-06,0.07601349800825119,0.9237871170043945
436,2,0,0.5941707491874695,0.0006629793206229806,0.2634947896003723,0.14167150855064392
437,2,0,0.6033114790916443,0.17381903529167175,0.21699869632720947,0.005870860069990158
438,3,3,0.0016634772764518857,6.61153691794425e-08,0.3913107216358185,0.6070257425308228
439,3,3,0.001896996982395649,2.9178274871810572e-06,0.09313992410898209,0.9049601554870605
440,2,0,0.8152835369110107,0.03880543261766434,0.018793860450387,0.1271171122789383
441,3,0,0.6514921188354492,0.0002704133512452245,0.025336800143122673,0.3229007124900818
442,0,0,0.9992961883544922,0.0005172538803890347,6.776467671443243e-07,0.00018577698210719973
443,2,0,0.5536806583404541,8.146824256982654e-05,0.44480159878730774,0.001436259364709258
444,0,0,0.9948806762695312,6.283503807935631e-06,0.002757070818915963,0.0023559671826660633
445,3,3,0.011490598320960999,2.355523974983953e-06,0.0012722123647108674,0.9872347712516785
446,3,3,2.2020499272912275e-06,1.2779410951679893e-07,0.0039028620813041925,0.9960948824882507
447,3,3,1.5762287830511923e-06,3.213397048451583e-10,0.0013916189782321453,0.9986068606376648
448,2,0,0.7802881598472595,2.6227485250274185e-07,0.21480518579483032,0.0049064140766859055
449,2,2,0.15788710117340088,6.939270633665728e-07,0.6458564400672913,0.19625577330589294
450,0,0,0.7769464254379272,0.21978892385959625,7.092040050338255e-06,0.0032575209625065327
451,0,0,0.9988331198692322,2.1891723633871152e-07,0.0005235936841927469,0.0006430830108001828
452,2,2,5.129819555804715e-07,6.00791014160329e-11,0.9999994039535522,1.521266028703394e-07
453,3,3,0.013909357599914074,0.0024888424668461084,0.2616778612136841,0.7219240069389343
454,3,3,6.825737752791383e-09,1.7463674950590757e-08,0.0002086270833387971,0.9997913241386414
455,1,1,0.0005495786317624152,0.9993859529495239,4.257532054907642e-05,2.1921461666352116e-05
456,2,2,0.20520102977752686,0.0021005142480134964,0.7915270328521729,0.0011713834246620536
457,3,3,6.324257992673665e-05,5.095067763249972e-07,0.0041600181721150875,0.9957762360572815
458,1,1,1.871273070719326e-06,0.9999978542327881,1.0609635126002104e-07,7.807595636677434e-08
459,2,0,0.5049626231193542,1.1980365343333688e-05,0.49470922350883484,0.00031617251806892455
460,1,1,6.538207912853977e-07,0.9999992847442627,5.262495861302341e-08,5.3070965400081604e-09
461,1,1,1.0945681028218246e-09,1.0,1.7516203765222116e-11,7.244499444780672e-10
462,3,3,0.039448726922273636,5.049429091741331e-06,0.00040316383820027113,0.9601430892944336
463,1,1,0.00028271760675124824,0.9996820688247681,1.0044199143521837e-06,3.416734398342669e-05
464,0,0,0.9999978542327881,1.1391028920115787e-06,9.582209514746864e-08,9.078265179596201e-07
465,3,3,0.005303004290908575,2.0330139705038164e-06,0.00027820171089842916,0.9944168329238892
466,2,2,6.796096567995846e-05,1.7416341506759636e-05,0.9990749359130859,0.0008396421908400953
467,2,3,8.984777377918363e-05,8.580236681154929e-07,0.05841945484280586,0.9414897561073303
468,3,3,1.4185692634782754e-05,3.634442080624467e-08,0.00014119254774414003,0.9998445510864258
469,1,1,0.0001743729953886941,0.9947933554649353,0.00017555736121721566,0.004856699611991644
470,0,0,0.9998548030853271,5.148757736606058e-06,9.799343388294801e-05,4.2091018258361146e-05
471,3,3,2.419680185994366e-06,2.5801808689607242e-08,0.0030151701066643,0.9969823956489563
472,0,0,1.0,2.2376534652979174e-11,1.887551270840504e-08,4.40456870975936e-09
473,2,2,0.0006253060419112444,0.0002697700110729784,0.9959688186645508,0.0031360669527202845
474,1,1,0.0010599748929962516,0.998577356338501,0.0003227239358238876,3.999189721071161e-05
475,3,3,0.008179939351975918,4.063725100422744e-06,0.05313405022025108,0.9386820197105408
476,1,1,3.6114758472649555e-07,0.9999995231628418,9.160286396081574e-08,1.1322899062804481e-08
477,3,2,6.89266380504705e-05,1.1809277111751726e-07,0.5844096541404724,0.4155213534832001
478,0,0,0.9997362494468689,1.8047255707642762e-06,8.12656435300596e-05,0.0001806163345463574
479,2,2,0.000142261604196392,2.8569274945766665e-08,0.9998507499694824,6.9284019446058664e-06
480,3,3,0.009450784884393215,0.006603180896490812,0.37748482823371887,0.6064611673355103
481,2,0,0.9237769842147827,7.271439244505018e-06,0.07241053879261017,0.0038052236195653677
482,2,2,0.0011449523735791445,1.1324758816044778e-05,0.9975274205207825,0.0013163029216229916
483,3,3,0.0001981678797164932,7.069425191730261e-05,0.00128840166144073,0.9984427094459534
484,2,2,0.014824462123215199,0.00039858557283878326,0.9711894392967224,0.013587458059191704
485,2,2,0.0006060822634026408,6.139963488749345e-07,0.9971470236778259,0.0022462215274572372
486,1,1,2.8382068194332533e-05,0.9999392032623291,2.9313356208149344e-05,3.1561535251967143e-06
487,2,2,0.00024745092377997935,3.2795302473687116e-08,0.9983497858047485,0.0014028004370629787
488,2,2,0.14008180797100067,0.0005291112465783954,0.8593034744262695,8.558927947888151e-05
489,1,1,5.337488346413011e-06,0.9999173879623413,7.216441736090928e-05,5.155334292794578e-06
490,1,1,1.8411378732707817e-06,0.9999980926513672,1.1688929824060779e-08,3.602614739861565e-08
491,3,3,1.5396339222206734e-05,6.84455008013174e-05,1.0561464478087146e-05,0.9999055862426758
492,1,1,5.997631524223834e-05,0.9998089671134949,9.571326518198475e-05,3.54028343281243e-05
493,2,2,0.009875758551061153,0.0006499859155155718,0.9881759881973267,0.0012982484186068177
494,2,2,0.00029059723601676524,1.962475266736874e-07,0.9985644221305847,0.0011448607547208667
495,1,1,1.613769313735247e-07,0.9999995231628418,2.027160803663719e-07,1.7063423740637518e-07
496,2,2,0.08705313503742218,0.0007290317444130778,0.9007575511932373,0.011460265144705772
497,0,0,0.9995874762535095,0.00013945983664598316,0.00025748112238943577,1.556299685034901e-05
498,1,0,0.9401453733444214,0.02129581943154335,0.015718914568424225,0.02283989079296589
499,3,3,1.0582850336504634e-05,4.992108006263152e-05,0.0015592747367918491,0.9983803033828735
500,3,0,0.9557360410690308,0.004000309854745865,0.0008644394110888243,0.03939928486943245
501,1,1,6.082985237298999e-06,0.999992847442627,4.6109749973766156e-07,5.653128027915955e-07
502,1,1,3.164770532748662e-05,0.9999634027481079,4.4185121623741e-06,4.6213165205699624e-07
503,0,0,0.9778106212615967,3.262847167206928e-05,0.00013471476268023252,0.022022046148777008
504,0,0,0.9998778104782104,3.079615635215305e-05,4.1768249502638355e-05,4.971154703525826e-05
505,0,0,0.9999978542327881,8.924699201884323e-09,3.2413691997135174e-07,1.7315030618192395e-06
506,0,0,0.971401572227478,2.9846076358808205e-05,0.0004607965238392353,0.02810783125460148
507,3,3,0.00017739833856467158,0.00018754089251160622,1.0106902664119843e-05,0.9996249675750732
508,2,2,9.44335852182121e-07,6.765286343579646e-06,0.9999662637710571,2.604175460874103e-05
509,3,3,6.690506324957823e-06,1.7409465158380044e-07,3.457154889474623e-05,0.9999586343765259
510,3,3,1.895635818982555e-06,1.6376386913208307e-09,1.499331119703129e-06,0.9999966621398926
511,0,0,0.9506778120994568,0.0018681841902434826,0.004674678202718496,0.04277927801012993
512,3,3,1.7028096408466808e-06,3.352302155690268e-05,0.010481775738298893,0.9894830584526062
513,0,0,0.9999934434890747,1.3231021966930712e-07,3.573887397578801e-06,2.8606482374016196e-06
514,0,0,0.9999988079071045,9.395263234068807e-09,7.396267847070703e-07,4.6393421371249133e-07
515,1,1,0.004394636955112219,0.9257540106773376,0.050678156316280365,0.01917325146496296
516,0,0,0.9999464750289917,9.06379682419356e-08,2.7120157142235257e-07,5.314591544447467e-05
517,2,2,0.1484832614660263,0.00015307955618482083,0.848158061504364,0.00320559018291533
518,3,3,0.002879800507798791,0.0017810534918680787,0.008280014619231224,0.9870591163635254
519,1,1,5.9122767197550274e-06,0.999924898147583,5.144482565810904e-05,1.7762045899871737e-05
520,2,2,0.00011365102545823902,2.8593055390047084e-07,0.9997658133506775,0.00012015920947305858
521,0,0,0.9984627962112427,3.2542637473653713e-09,0.0002937187091447413,0.0012434183154255152
522,2,2,6.596510957024293e-06,4.472813543543452e-06,0.9999414682388306,4.7557245125062764e-05
523,0,0,0.9973980188369751,0.0025335976388305426,6.68599022901617e-05,1.517962232355785e-06
524,0,0,0.9807397127151489,4.503980017034337e-05,0.0002422631368972361,0.018973002210259438
525,0,0,0.9999470710754395,1.4276506021815294e-07,3.0933246307540685e-05,2.1847505195182748e-05
526,3,2,0.013299161568284035,3.202265361323953e-05,0.8203892707824707,0.16627953946590424
527,0,1,0.005523867905139923,0.9831275939941406,0.001325593562796712,0.010022837668657303
528,0,0,0.8290905356407166,8.828661520965397e-05,0.16854074597358704,0.0022804327309131622
529,0,0,0.9999661445617676,3.750609209873801e-07,1.168086237157695e-05,2.174544169974979e-05
530,1,1,2.0650215049045073e-07,0.9999997615814209,1.503102531330569e-08,5.495603971894525e-08
531,3,3,1.8554277403382002e-06,1.7645305216973384e-09,0.010998825542628765,0.9889993071556091
532,3,3,7.104315591277555e-05,1.3610424502985552e-05,0.0060047488659620285,0.993910551071167
533,3,3,0.0006389677291736007,3.0447981771430932e-05,0.007200238760560751,0.9921303391456604
534,2,2,0.00030631007393822074,0.00012198461627122015,0.9825232028961182,0.017048586159944534
535,2,2,0.0008745158556848764,0.0014047682052478194,0.9957911968231201,0.0019294554367661476
536,3,3,6.2186591094359756e-06,2.1974932451485074e-07,0.00022834425908513367,0.9997652173042297
537,3,3,0.00010199528333032504,6.422762766078449e-09,3.619352128225728e-06,0.999894380569458
538,1,1,6.402938197425101e-06,0.9999933242797852,2.742538072197931e-07,2.094689577347708e-08
539,3,3,0.00011000194353982806,1.5018770227470668e-08,0.00023081804101821035,0.9996591806411743
540,1,1,1.990187774936203e-05,0.9999648332595825,8.181676491858525e-08,1.5140030882321298e-05
541,0,0,0.9769777059555054,0.00014135937090031803,0.00157580291852355,0.02130512334406376
542,0,0,0.9992955923080444,1.3065039183857152e-06,1.0321345911279423e-07,0.0007029182743281126
543,3,3,0.002176611917093396,0.004613643046468496,2.8560492864926346e-05,0.9931811690330505
544,1,1,2.5260904294555075e-05,0.9999709129333496,3.7119384614925366e-06,1.166225089832551e-07
545,3,3,0.0026382121723145247,2.740171112236567e-07,0.010434435680508614,0.9869270920753479
546,2,2,0.007293679751455784,0.0033595720306038857,0.8883047103881836,0.10104207694530487
547,1,1,0.23187465965747833,0.7674537301063538,0.0003901523305103183,0.00028138290508650243
548,3,3,0.26132771372795105,0.0012210459681227803,0.24390909075737,0.49354204535484314
549,2,2,0.0008776881149969995,4.915492354484741e-06,0.9442293047904968,0.05488811060786247
550,0,0,0.9999216794967651,4.4572106006057766e-09,1.1966329793722252e-06,7.707968325121328e-05
551,0,0,0.9999985694885254,1.1128527432902047e-07,5.663315505444189e-07,7.364241696450335e-07
552,0,0,0.9999678134918213,3.8998205127427354e-06,1.0061304237751756e-05,1.827341111493297e-05
553,1,1,0.005460956133902073,0.9943665862083435,0.00010138596553588286,7.100102811818942e-05
554,3,2,0.001644969917833805,7.319383712456329e-06,0.9392975568771362,0.05905013158917427
555,3,3,6.005810519127408e-06,1.974063579268659e-09,2.4035284695855808e-06,0.9999915361404419
556,3,3,0.1970306634902954,8.326801435032394e-07,0.16732680797576904,0.6356416940689087
557,3,3,2.358929668844212e-05,2.087302527797874e-05,0.0007115709595382214,0.999243974685669
558,3,3,3.2394905247201677e-06,5.770393940451868e-09,0.00019290200725663453,0.9998038411140442
559,3,3,0.0006596565362997353,1.2462393215173506e-06,0.0001506071275798604,0.9991884827613831
560,3,3,9.898799362417776e-06,6.563501131484628e-11,0.00028671397012658417,0.9997033476829529
561,0,0,0.9997544884681702,0.00014882168034091592,6.304933049250394e-05,3.3636053558439016e-05
562,2,2,1.1912086392840138e-06,5.1198881010350306e-06,0.9999836683273315,1.0030968951468822e-05
563,3,3,0.0010023647919297218,2.3021091237751534e-06,0.11785170435905457,0.8811436295509338
564,1,1,0.0007690546335652471,0.9990096092224121,2.225661046395544e-05,0.00019894960860256106
565,0,2,8.174941467586905e-05,3.2855901110906416e-08,0.818525493144989,0.18139269948005676
566,0,0,0.9994944334030151,1.4213030226528645e-05,4.573208934743889e-05,0.0004456097667571157
567,3,3,5.793477157567395e-06,5.736403574374549e-10,6.676559132756665e-05,0.9999274015426636
568,3,3,2.4504664906999096e-05,9.72408429333882e-07,0.17300894856452942,0.8269655704498291
569,1,1,0.0002675417345017195,0.999230146408081,0.0004942345549352467,8.050333235587459e-06
570,3,3,0.00010202141129411757,1.6513558875885792e-05,0.000798591470811516,0.9990828037261963
571,2,2,0.0035495192278176546,0.005726636853069067,0.8274023532867432,0.16332150995731354
572,3,3,0.011386441066861153,3.3306529076071456e-05,0.005378419533371925,0.983201801776886
573,3,3,0.0432618223130703,4.233871368342079e-05,0.005416526459157467,0.9512794017791748
574,0,1,0.018648212775588036,0.899161159992218,0.0005734316655434668,0.08161722868680954
575,2,2,0.0016778307035565376,9.116423598243273e-07,0.9764848351478577,0.021836403757333755
576,1,1,9.128160309046507e-05,0.9999085664749146,6.476320635329103e-08,9.090114616583378e-08
577,3,3,0.008158969692885876,0.0005483468994498253,0.001666718628257513,0.9896259903907776
578,3,3,0.00755308335646987,0.00010146704880753532,0.06521345674991608,0.9271320104598999
579,0,0,0.9999992847442627,7.222594744504818e-11,2.7741020858229604e-07,4.5447069396686857e-07
580,1,1,1.669508947088616e-06,0.9982290863990784,7.15233909431845e-05,0.0016977378400042653
581,3,3,6.149480668682372e-06,6.123601536955903e-08,0.0028471352998167276,0.9971465468406677
582,2,3,2.009229092436726e-06,1.6690119508666612e-08,0.020229466259479523,0.9797685742378235
583,1,1,0.0019544607494026423,0.9958409667015076,0.0007103511015884578,0.0014942814595997334
584,0,1,0.3764149248600006,0.6235702633857727,4.1855796553136315e-06,1.0601798749121372e-05
585,2,2,0.005308493040502071,0.008291223086416721,0.8607493042945862,0.1256510317325592
586,3,3,4.032272737930498e-09,3.142628865471231e-11,0.002326162764802575,0.9976738095283508
587,3,3,0.15245230495929718,5.991040552544291e-07,0.014814562164247036,0.8327325582504272
588,3,3,1.5396628441521898e-05,2.0906567588241387e-09,0.023400316014885902,0.976584255695343
589,2,2,0.00014835647016298026,1.2051601743223728e-06,0.9996458292007446,0.00020455334743019193
590,0,0,0.9998562335968018,3.3707849844688553e-09,4.572264515445568e-05,9.798806422622874e-05
591,2,2,3.2889216527109966e-05,2.7156707460562757e-07,0.99945467710495,0.000512113212607801
592,3,3,0.05378550663590431,0.0002228022349299863,0.009586280211806297,0.9364054203033447
593,0,0,0.9998711347579956,0.00011309663386782631,1.4578585251001641e-05,1.211186599903158e-06
594,3,3,6.500810627585452e-07,2.2661130749668246e-09,0.0003984852519351989,0.9996008276939392
595,0,0,0.9999984502792358,2.9433473436313307e-09,7.109501325430756e-07,8.271126148429175e-07
596,3,3,1.45232208481616e-08,7.096260912220487e-09,0.0002967224863823503,0.9997032284736633
597,3,3,8.164860628312454e-05,1.0041281583994532e-08,0.02779674157500267,0.97212153673172
598,2,2,0.0016325644683092833,8.2057187682949e-05,0.9979110360145569,0.0003743220877368003
599,0,0,0.9999302625656128,4.1993913328042254e-05,5.6805593118269826e-08,2.7726440748665482e-05
600,2,0,0.9999921321868896,1.0579338294292029e-08,3.5168309295841027e-06,4.258990884409286e-06
601,2,2,8.116254321066663e-06,2.3621423039799083e-08,0.9999805688858032,1.132969009631779e-05
602,3,3,6.307442390607321e-07,6.778103078808329e-11,0.01731252297759056,0.9826868176460266
603,2,2,0.0032542438711971045,1.482629249949241e-05,0.9896057844161987,0.007125249132514
604,1,1,1.2794455415132688e-06,0.9999984502792358,6.3649645554164636e-09,2.873459834518144e-07
605,0,0,0.9996139407157898,1.9737322872970253e-05,4.785670171258971e-06,0.0003615458554122597
606,0,0,0.4485897123813629,0.0004789373488165438,0.38940367102622986,0.16152767837047577
607,3,3,0.001231336034834385,6.747005681972951e-05,0.0708947703242302,0.9278064370155334
608,1,1,3.593432211346226e-06,0.9999960660934448,2.918241648330877e-07,2.1800630634061235e-08
609,1,1,0.0003423430025577545,0.9996417760848999,8.753584552323446e-06,7.151134468585951e-06
610,1,1,2.679253157111816e-05,0.9999716281890869,1.429733060831495e-06,7.02798175211683e-08
611,0,0,0.9999346733093262,4.9587494999059345e-08,1.8308912331121974e-05,4.685700696427375e-05
612,0,0,0.9996663331985474,9.214540477842093e-05,7.525122055085376e-05,0.00016629695892333984
613,0,0,0.9183722734451294,0.08103876560926437,3.372624269104563e-05,0.0005552010261453688
614,0,0,0.986794650554657,0.009908651933073997,6.642935477430001e-05,0.0032302578911185265
615,2,2,5.675031388818752e-06,1.1850650238898197e-08,0.9998416900634766,0.00015253268065862358
616,3,3,0.019651105627417564,2.1560379082075087e-06,0.0019995213951915503,0.9783473014831543
617,0,0,0.9830048084259033,7.757992716506124e-05,1.3387674698606133e-05,0.01690426841378212
618,0,0,0.9999469518661499,6.166295634102426e-07,4.610913310898468e-05,6.286706138780573e-06
619,2,2,0.00014190816727932543,1.7559445041115396e-05,0.9954415559768677,0.004398999735713005
620,2,2,0.0007726045441813767,0.00014316751912701875,0.9913350939750671,0.007749175187200308
621,2,2,0.012858973816037178,1.08192568859522e-06,0.9865422248840332,0.0005977150285616517
622,3,3,4.3942516640527174e-05,1.6027711069455108e-07,0.0006739655509591103,0.9992819428443909
623,3,3,0.06097613647580147,2.740865284067695e-06,0.000200322232558392,0.9388207793235779
624,3,3,4.446048114914447e-05,3.3549090403539594e-06,0.012853037565946579,0.9870991110801697
625,0,0,0.9999974966049194,1.6917140044370171e-07,8.791772074800974e-07,1.5271771189873107e-06
626,0,0,0.634716272354126,0.3638460636138916,6.065356501494534e-06,0.0014316720189526677
627,3,3,2.4034795842453605e-06,1.00017361059912e-09,0.00711812125518918,0.9928794503211975
628,2,2,9.444597282026734e-08,1.0901570757226864e-09,0.9999806880950928,1.919706119224429e-05
629,1,1,1.4948403077141847e-05,0.999972939491272,1.17003301056684e-05,3.083199544562376e-07
630,3,3,0.00012158192839706317,5.809665682560139e-12,0.0006811375496909022,0.9991973042488098
631,1,1,0.04858166724443436,0.9505255222320557,0.0001172595439129509,0.0007756597478874028
632,3,3,0.00020055625645909458,3.027870221217199e-08,0.0029672780074179173,0.9968321919441223
633,3,3,0.0009914494585245848,5.37263780131525e-08,0.0012671352596953511,0.9977414608001709
634,2,2,1.8517290811814746e-08,7.817489433570302e-10,0.9999988079071045,1.173408463728265e-06
635,3,3,0.0018133431440219283,2.9448762006722973e-07,0.016118766739964485,0.9820675849914551
636,3,3,1.3391088941716589e-05,2.751109029475174e-08,0.09328930079936981,0.9066972732543945
637,1,1,4.34091475653986e-07,0.9999995231628418,1.5290609056695104e-11,1.0220931739857164e-10
638,1,1,0.019528185948729515,0.9787405133247375,0.0004089863214176148,0.0013222929555922747
639,0,0,0.9998021721839905,1.1393916565793916e-06,6.913132529007271e-05,0.00012753793271258473
640,2,2,2.362062559768674e-06,4.4030917933923774e-07,0.9966022968292236,0.0033948468044400215
641,3,1,0.03268292173743248,0.7162978053092957,0.0006429966888390481,0.25037625432014465
642,3,0,0.7075130939483643,3.860334254568443e-05,3.557436139089987e-05,0.2924126386642456
643,2,0,0.9999415874481201,1.0662084548584971e-07,1.646228724894172e-06,5.658739246428013e-05
644,1,1,2.494692523669073e-07,0.9999997615814209,1.3741596402438994e-11,6.220722287980651e-12
645,3,3,8.853868962432898e-07,4.004238954302686e-11,0.000527760072145611,0.9994713664054871
646,0,0,0.9999814033508301,6.33342233413714e-06,5.594163667410612e-06,6.654120625171345e-06
647,0,0,0.996839165687561,5.212424184719566e-06,0.002386530162766576,0.000769092992413789
648,1,1,0.0002601484302431345,0.9997014403343201,1.3296758538672293e-07,3.821952486759983e-05
649,2,2,1.025102028506808e-05,7.411518065936207e-10,0.9999866485595703,3.1004130960354814e-06
650,0,0,0.9939934611320496,4.386084583529737e-06,0.0017136095557361841,0.004288563504815102
651,2,2,1.3822084838466253e-05,2.6725803792260194e-09,0.9999785423278809,7.601614015584346e-06
652,0,0,0.9965735673904419,0.002794318599626422,0.00018436679965816438,0.0004476984904613346
653,0,0,1.0,6.897750057764662e-13,2.464830839432608e-10,3.1813161882610075e-08
654,3,3,0.010021482594311237,0.010037115775048733,0.003537894692271948,0.976403534412384
655,0,0,0.4355243742465973,5.092166247777641e-06,0.14764153957366943,0.41682901978492737
656,2,2,0.011506754904985428,5.2588442486012354e-05,0.9099442958831787,0.07849632203578949
657,3,3,6.373164069373161e-06,1.5791996474945336e-06,0.0035100828390568495,0.9964820146560669
658,3,3,0.001013574074022472,0.015931539237499237,0.010751420632004738,0.9723035097122192
659,3,0,0.6463004946708679,2.2684259803895657e-08,0.050023872405290604,0.30367565155029297
660,3,3,2.5875448272927315e-07,2.801497922533258e-09,0.00015829845506232232,0.9998414516448975
661,3,3,1.9178580714651616e-06,1.6114059420146987e-08,0.0005136476829648018,0.9994844198226929
662,1,1,5.501743726199493e-05,0.9997950196266174,0.00013846269575878978,1.1594079296628479e-05
663,2,2,5.854009941685945e-05,1.554680693516275e-06,0.9998536109924316,8.623979374533519e-05
664,3,2,5.0728565838653594e-05,1.8602531781652942e-06,0.9993093013763428,0.0006380834965966642
665,1,1,3.894391193171032e-05,0.999958872795105,1.3609505913336761e-06,8.328412377522909e-07
666,1,1,3.7912286643404514e-06,0.9999953508377075,7.740699743408186e-07,1.0904861369454011e-07
667,2,2,2.976051291625481e-05,1.3871570558876556e-07,0.9998778104782104,9.2286616563797e-05
668,3,3,0.002823353512212634,9.055427653947845e-06,0.00038000178756192327,0.9967876672744751
669,0,0,0.7978419065475464,0.00026068949955515563,0.1739616096019745,0.027935728430747986
670,1,1,3.071012599775713e-07,0.9999988079071045,7.144043934204092e-07,7.838266213866518e-08
671,3,3,3.077864312217571e-05,1.1614357253719731e-09,0.00030535351834259927,0.9996638298034668
672,0,0,1.0,1.7450527689533146e-09,1.943305250051708e-08,1.3139979104792587e-09
673,2,0,0.8862492442131042,6.765105354133993e-05,0.11039674282073975,0.003286444814875722
674,1,1,2.4941692799984594e-07,0.9999997615814209,1.3935458120784006e-08,2.6541138731239755e-10
675,1,1,8.040332488690183e-08,0.9999998807907104,2.313187508207193e-08,2.2447170788808535e-09
676,0,1,0.00022904212528374046,0.9997630715370178,7.78458434069762e-06,1.3009660904117482e-07
677,0,0,0.7017120122909546,5.266808875603601e-05,0.0030162876937538385,0.2952190041542053
678,0,0,0.9999738931655884,5.1744127631536685e-06,3.2995183119055582e-06,1.7612550436751917e-05
679,1,1,8.563909545955539e-07,0.9999887943267822,2.2106517008069204e-06,8.133413757605013e-06
680,3,2,6.718058284604922e-05,1.295462652706192e-07,0.7604199647903442,0.23951271176338196
681,0,0,0.9999542236328125,6.749577551090624e-06,1.7463931101247e-07,3.890167499775998e-05
682,0,0,0.9441577196121216,0.03824220597743988,0.006664387881755829,0.01093572098761797
683,0,0,0.999786913394928,1.1920547215993338e-08,0.00010722628940129653,0.00010579539957689121
684,0,0,0.996548593044281,2.6003908715210855e-05,0.0007665248704142869,0.0026589822955429554
685,2,2,0.0003175963938701898,4.3754917555816064e-07,0.6932862997055054,0.30639564990997314
686,1,1,6.234915872482816e-08,0.9999994039535522,1.12507649419058e-07,4.3436432406451786e-07
687,2,3,0.3992888629436493,0.0006162325153127313,0.12163213640451431,0.478462815284729
688,2,2,0.0004822823975700885,4.3654267756210174e-06,0.9992290735244751,0.0002843114489223808
689,0,3,0.24467889964580536,0.03379911929368973,0.15423302352428436,0.5672889351844788
690,1,1,2.1119521420587262e-07,0.9999985694885254,1.2477993323045666e-06,3.94551413762656e-09
691,1,1,0.01395730022341013,0.9858810901641846,5.2574305300367996e-05,0.0001090088117052801
692,1,1,0.00020610325736925006,0.9997738003730774,1.7402413504896685e-05,2.738069952101796e-06
693,1,1,3.9729344280203804e-05,0.9999594688415527,2.381396342343578e-07,6.337249374155363e-07
694,0,0,0.9999687671661377,2.392748443824644e-09,1.806922045943793e-05,1.3137866517354269e-05
695,0,0,0.9999995231628418,8.120049521664896e-09,1.225217705069781e-08,4.491118090754753e-07
696,1,1,0.00012442551087588072,0.9985883831977844,0.0005993864615447819,0.0006878726417198777
697,0,0,0.9981772899627686,1.2284023398478894e-07,0.0007896257448010147,0.0010330236982554197
698,1,1,0.4201638102531433,0.5614968538284302,0.007940849289298058,0.010398498736321926
699,0,0,0.999974250793457,2.4940438379417174e-05,7.533895995948114e-07,5.4102542890177574e-08
700,2,2,8.345633250428364e-05,2.4626746380818076e-05,0.9961618185043335,0.0037300889380276203
701,1,1,2.57354400901022e-07,0.9999960660934448,3.0653850444650743e-06,6.010550350765698e-07
702,3,3,7.308632575586671e-06,4.287916688383575e-09,7.589457527501509e-05,0.9999167919158936
703,0,0,0.9985174536705017,0.0006311892066150904,2.1645944343617884e-06,0.0008491607732139528
704,1,1,3.411088982829824e-06,0.9996529817581177,0.0003354536893311888,8.130558853736147e-06
705,1,3,0.2286735475063324,0.06483406573534012,0.013887940905988216,0.6926044225692749
706,3,3,0.00019421831530053169,1.3064111954008695e-05,0.2348773032426834,0.764915406703949
707,2,1,0.2811211049556732,0.5778720378875732,0.13034376502037048,0.010663106106221676
708,3,3,1.240283927472774e-05,4.219943505745505e-09,0.16171765327453613,0.8382700085639954
709,3,3,4.31775681875024e-08,1.03989883371014e-08,0.06336362659931183,0.9366363883018494
710,2,2,6.33482268312946e-05,4.405148501973599e-05,0.9995612502098083,0.00033133779652416706
711,2,2,0.0495418906211853,0.000427793973358348,0.9471498727798462,0.002880481770262122
712,2,2,0.00011755703599192202,1.4451745755650336e-07,0.9996213912963867,0.0002608019858598709
713,1,1,0.0007354679401032627,0.9992386102676392,2.568029231042601e-05,2.5164260364363145e-07
714,1,0,0.818557620048523,0.013468924909830093,0.16773009300231934,0.00024340784875676036
715,3,3,0.00024341426615137607,4.949224239680916e-05,1.2551485269796103e-05,0.9996945858001709
716,3,3,7.345342964981683e-06,8.670927087450764e-09,0.00011140308924950659,0.9998812675476074
717,1,1,0.38827696442604065,0.6087391376495361,0.0022325129248201847,0.0007513877935707569
718,1,1,1.504584474787407e-06,0.9999982118606567,2.4861181557866985e-08,2.519662984923343e-07
719,0,2,1.8645782802195754e-06,5.791525481413373e-08,0.9999967813491821,1.234800379279477e-06
720,0,0,0.9998632669448853,1.499597374277073e-06,6.321574232970306e-07,0.00013461316120810807
721,0,0,0.9982549548149109,1.3698554290897391e-08,0.0010637135710567236,0.0006813199142925441
722,3,3,0.00024091999512165785,3.29006155652678e-07,0.0011420781956985593,0.9986166954040527
723,2,2,0.03012031316757202,0.01485727820545435,0.9211335778236389,0.03388877958059311
724,0,0,0.9999713897705078,2.341665172878038e-08,2.829251343428041e-06,2.57283536484465e-05
725,0,0,0.999984860420227,3.5383510521569406e-07,1.4553654182236642e-05,2.39831365433929e-07
726,1,1,6.44092433503829e-05,0.9992696642875671,0.0005419676308520138,0.0001239853590959683
727,0,0,0.6130861639976501,0.0006410737405531108,0.3360304832458496,0.050242263823747635
728,2,2,1.821782461775001e-05,8.531225503816131e-09,0.9999768733978271,4.87923398395651e-06
729,2,2,8.577983680879697e-05,1.0430895258650708e-07,0.9999046325683594,9.425129974260926e-06
730,2,2,4.838889799430035e-05,1.4749990562279436e-08,0.9999380111694336,1.360782789561199e-05
731,3,3,0.00022335938410833478,1.9617480120359687e-06,0.00012433802476152778,0.9996503591537476
732,3,3,0.004493204411119223,0.00018517683201935142,7.561135589639889e-06,0.9953140020370483
733,2,2,0.00011146674660267308,5.385215899877949e-07,0.9998326301574707,5.534462979994714e-05
734,2,2,5.751349453930743e-05,0.21559204161167145,0.717184841632843,0.0671655461192131
735,1,1,0.12099853157997131,0.842970609664917,0.008395006880164146,0.027635803446173668
736,2,2,0.02406896837055683,9.645893442211673e-05,0.8928313851356506,0.08300318568944931
737,0,0,0.9982041120529175,0.0007367496727965772,0.0010354936821386218,2.3617889382876456e-05
738,3,3,0.18541140854358673,0.002600347623229027,0.25767767429351807,0.5543106198310852
739,1,1,0.0034874374978244305,0.9950843453407288,0.00018848333274945617,0.0012397051323205233
740,1,1,0.0009645600221119821,0.9989629983901978,3.348672908032313e-05,3.897892020177096e-05
741,3,3,2.7269779820926487e-05,8.079875897237798e-07,1.792114198906347e-05,0.9999539852142334
742,0,0,0.9970184564590454,1.0977686315527535e-06,8.484524300911289e-07,0.0029796925373375416
743,3,3,0.014787405729293823,0.001769929425790906,0.010017489083111286,0.9734251499176025
744,2,3,0.0007780647720210254,4.572798388835508e-06,0.15267610549926758,0.8465412855148315
745,2,2,0.0014008786529302597,3.120430164926802e-06,0.997469425201416,0.0011266251094639301
746,2,2,4.491480922297342e-06,3.410196569575419e-08,0.9999330043792725,6.23978121438995e-05
747,0,1,3.350384361056058e-07,0.999998927116394,6.375295811267279e-07,1.2094764656467305e-07
748,3,3,8.000134403118864e-05,2.1979207343036933e-09,4.3193726014578715e-05,0.9998767375946045
749,1,1,3.176185146003263e-06,0.999996542930603,2.7018343118356825e-08,2.707696182824293e-07
750,0,0,0.9996966123580933,4.932228989673604e-07,3.768291207961738e-06,0.0002990668290294707
751,2,2,0.016685117036104202,0.00014234124682843685,0.78277587890625,0.20039662718772888
752,1,1,1.6147109818120953e-06,0.9999967813491821,1.4262255945141078e-06,1.7300891386184958e-07
753,1,1,1.97659210243728e-06,0.9999979734420776,1.1059237969845981e-08,4.477575643591081e-09
754,0,0,0.6985989212989807,0.00027505893376655877,0.16623817384243011,0.13488787412643433
755,3,3,2.0558723917929456e-05,0.000245460745645687,0.023473937064409256,0.9762600064277649
756,0,0,0.9409443140029907,0.0037839801516383886,0.002828819677233696,0.05244293063879013
757,0,0,0.9814712405204773,0.013060485944151878,0.00358313019387424,0.0018851632485166192
758,3,3,0.03835928067564964,2.276505028930842e-06,0.0429551899433136,0.9186832308769226
759,1,1,1.9689254671106937e-08,0.9999921321868896,7.714861567365006e-06,6.522844131495731e-08
760,2,2,0.018023576587438583,0.0012765134451910853,0.9651342630386353,0.015565605834126472
761,3,3,0.0012083357432857156,7.409265379010321e-08,0.0022757076658308506,0.9965158700942993
762,2,3,7.604104757774621e-05,1.286392489419086e-06,0.12555809319019318,0.8743646144866943
763,3,3,2.19653647945961e-05,4.0870085094013575e-09,0.006563284434378147,0.9934147596359253
764,0,0,0.9999614953994751,3.3207972592208534e-05,4.982214107940308e-08,5.299772510625189e-06
765,1,1,5.352530934032984e-05,0.9999454021453857,7.959753247632761e-07,2.1873422895168915e-07
766,1,1,8.131065442285035e-06,0.9999880790710449,2.873793391700019e-06,9.59239741860074e-07
767,1,1,4.806703600479523e-06,0.9999157190322876,7.91647398727946e-05,3.069665410748712e-07
768,0,0,0.9999778270721436,4.6081555238330907e-10,2.4147072963387473e-06,1.9745260942727327e-05
769,1,1,0.0005976234679110348,0.999376118183136,4.9755567488318775e-06,2.128949017787818e-05
770,2,2,0.00021029917115811259,8.749218977754936e-05,0.9831010103225708,0.016601303592324257
771,1,1,2.77350682154065e-05,0.9999667406082153,1.6863554037627182e-06,3.818533969024429e-06
772,0,2,0.22423361241817474,2.6777004677569494e-05,0.7746928334236145,0.0010468391701579094
773,1,1,6.316823730756482e-10,1.0,7.782809063883178e-09,2.3290402939579735e-09
774,1,1,4.953664301865501e-06,0.9999939203262329,6.524500690829882e-07,5.219908985054644e-07
775,0,0,0.9997318387031555,0.00014919416571501642,1.2666020666074473e-05,0.00010631346958689392
776,3,3,0.018397357314825058,3.5548064261092804e-06,0.025197967886924744,0.9564011693000793
777,1,1,9.482106179348193e-06,0.9999797344207764,9.827104804571718e-06,9.85123392638343e-07
778,3,3,3.3262535907851998e-06,6.058911705686398e-10,5.512314601219259e-05,0.9999415874481201
779,1,1,0.0009531571413390338,0.9979584217071533,7.716155960224569e-05,0.0010112556628882885
780,0,0,0.9999916553497314,7.940200703160372e-06,2.5060597153014896e-08,3.7439539823935775e-07
781,0,0,0.9992142915725708,4.268532939022407e-05,0.000720176612958312,2.2882897610543296e-05
782,1,1,6.494382250821218e-05,0.999897837638855,3.1145886168815196e-05,6.1165878832980525e-06
783,3,3,3.224232932552695e-05,7.550229383923579e-06,0.0009007678600028157,0.9990594983100891
784,1,1,4.978644574293867e-05,0.9999394416809082,8.325921044161078e-06,2.431761458865367e-06
785,0,0,0.999943733215332,1.0222630407952238e-05,2.422435863991268e-05,2.1828251192346215e-05
786,0,0,0.9972147345542908,5.305604418026633e-07,0.002749776467680931,3.5026030673179775e-05
787,1,1,3.923791609850014e-06,0.9999960660934448,8.943035645359032e-09,8.837261589178524e-09
788,2,2,0.0003588563995435834,4.054381133755669e-05,0.997616171836853,0.001984496833756566
789,3,3,0.31313472986221313,0.0011110564228147268,0.07440495491027832,0.6113492250442505
790,0,0,0.999437153339386,1.2924200746056158e-05,5.857187943547615e-07,0.0005492562777362764
791,3,3,4.498069392866455e-05,1.070487769538886e-06,0.0036927866749465466,0.9962611794471741
792,0,0,1.0,3.0512432858120775e-11,4.6977721268604e-08,7.850944783172054e-09
793,1,1,0.00020574653171934187,0.9997828602790833,1.1088744940934703e-05,4.087293916654744e-07
794,3,1,0.000263784866547212,0.6608833074569702,0.02391594834625721,0.3149369955062866
795,0,0,0.9958998560905457,1.649937439651694e-05,0.002550304401665926,0.0015332949114963412
796,2,3,0.15298381447792053,0.0018082235474139452,0.29492583870887756,0.5502821803092957
797,0,0,0.9999997615814209,4.210586990183174e-09,2.1334716393539566e-07,1.9704541998066816e-08
798,1,0,0.605156660079956,0.3815910220146179,3.289122105343267e-05,0.013219445943832397
799,0,0,0.9997796416282654,7.999428341953774e-10,1.0348171599616762e-05,0.00020995376689825207
800,1,1,4.065604741754214e-07,0.9999991655349731,4.7299985794779786e-07,2.0380959142585198e-08
801,1,1,6.105816652279827e-08,0.9999998807907104,3.1101823338985923e-08,4.786828000646892e-08
802,0,0,0.9656630754470825,6.059157021809369e-05,0.0009452056256122887,0.033331096172332764
803,0,0,0.9986679553985596,0.0009237682679668069,1.6377188103433582e-06,0.0004066049586981535
804,2,2,0.02882051281630993,0.004873163998126984,0.9476237297058105,0.018682561814785004
805,3,3,1.2757500833515678e-08,3.9203745805238555e-10,0.0012918936554342508,0.9987081289291382
806,2,3,0.053181398659944534,0.0008552003419026732,0.13889899849891663,0.807064414024353
807,1,1,6.67777101170941e-07,0.9999992847442627,2.964325007681623e-09,2.386403963328121e-09
808,0,0,0.9999973773956299,5.553198434427031e-07,7.266148145390616e-07,1.3869280337530654e-06
809,1,1,3.3253941182920244e-06,0.999983549118042,1.2943370165885426e-05,2.3355748623998807e-07
810,0,0,1.0,2.2229411644758557e-09,1.6418193471423592e-09,3.6947227499695146e-08
811,3,2,0.0008049846510402858,0.00013275617675390095,0.7908084988594055,0.20825374126434326
812,3,3,1.4999412996985484e-05,6.112469691288425e-06,0.0019466094672679901,0.99803227186203
813,0,0,0.9998478889465332,1.4272015505412128e-05,0.00013533048331737518,2.557804236857919e-06
814,1,1,7.643268418178195e-07,0.9999991655349731,1.1837650859547466e-08,5.1422766489395144e-08
815,0,0,0.9487817287445068,4.286105104256421e-05,0.0028506997041404247,0.04832473024725914
816,2,3,0.21202301979064941,0.008935803547501564,0.255348801612854,0.5236923694610596
817,1,1,8.039028642770063e-08,0.9999998807907104,5.185713636279843e-09,3.596693831653397e-09
818,0,0,0.9999974966049194,4.0980202697937784e-07,8.927216299525753e-07,1.2048645885442966e-06
819,0,2,0.02828993834555149,0.0012073239777237177,0.8499986529350281,0.12050412595272064
820,0,0,0.9999111890792847,1.3546785737617029e-07,6.658810889348388e-05,2.206174576713238e-05
821,1,1,4.395583800942404e-06,0.9999953508377075,6.6427014999703715e-09,2.881848786273622e-07
822,1,1,0.004135739523917437,0.9957921504974365,3.07375485135708e-05,4.1309143853140995e-05
823,1,1,0.00032883152016438544,0.9993413090705872,0.000274647114565596,5.51787597942166e-05
824,2,2,0.04932956397533417,4.5940130803501233e-05,0.6876518726348877,0.2629726529121399
825,1,1,3.925300916307606e-05,0.9998223185539246,0.00013765488984063268,7.86776183758775e-07
826,0,0,0.9999773502349854,4.037143753521377e-06,7.935930625535548e-06,1.057545614457922e-05
827,1,1,4.823133622267051e-06,0.9999557733535767,3.6256944440538064e-05,3.05368666886352e-06
828,0,0,0.999539852142334,4.3818588892463595e-05,0.00027617078740149736,0.00014014996122568846
829,0,0,0.9997208714485168,4.472281943890266e-05,0.00014356165775097907,9.08299844013527e-05
830,0,0,0.951397716999054,9.494986557001539e-07,0.006296245846897364,0.04230509325861931
831,0,0,0.9999872446060181,1.0940096217382234e-05,7.554369290119212e-07,1.1377217106200987e-06
832,0,0,0.9100634455680847,0.06387290358543396,0.02543715387582779,0.0006265075062401593
833,0,0,0.5764530301094055,0.42068588733673096,0.00139242981094867,0.0014685853384435177
834,1,1,1.3422588835965144e-06,0.9999986886978149,3.0041710785688736e-10,8.059802603099797e-09
835,2,2,0.021933233365416527,9.400707494933158e-05,0.575705349445343,0.4022674858570099
836,2,2,1.3642332987728878e-06,1.1497503038526702e-07,0.9998217225074768,0.00017685716738924384
837,1,1,0.00011810560681624338,0.9995934367179871,0.00019979296484962106,8.864338451530784e-05
838,0,0,0.9987695813179016,2.1813581042806618e-05,0.0005536653916351497,0.0006549293757416308
839,3,2,2.3402650185744278e-05,5.306757770995318e-07,0.9102544188499451,0.08972162753343582
840,1,1,1.6672376546011947e-07,0.9999995231628418,3.366104976976203e-07,5.8945017755718254e-09
841,0,0,0.9999731779098511,1.905662975332234e-05,2.3082759526005248e-06,5.505293756868923e-06
842,1,1,9.331525689049158e-06,0.999990701675415,1.5717002810333724e-08,6.367295135589757e-09
843,1,1,0.0010117250494658947,0.9989160299301147,2.2161188098834828e-05,5.0139915401814505e-05
844,0,0,0.9999957084655762,3.0714954846189357e-07,3.4591582789289532e-06,5.025953555559681e-07
845,3,3,0.00025403438485227525,5.7213721447624266e-05,0.00206543761305511,0.9976233839988708
846,0,0,0.9999982118606567,3.1464353345000973e-09,1.795480670807592e-06,4.459586833149842e-08
847,0,2,0.4827274978160858,0.00101586920209229,0.5025362372398376,0.013720376417040825
848,0,0,0.9996452331542969,1.3315012665771064e-06,3.7939332742098486e-06,0.0003496287390589714
849,1,1,0.310132771730423,0.6850945949554443,7.239484693855047e-05,0.004700222983956337
850,3,3,0.004196492955088615,3.030576954188291e-05,0.010122716426849365,0.9856504797935486
851,1,1,1.6913129741169541e-07,0.9999997615814209,1.3320661018667579e-08,9.697518343898537e-10
852,0,0,0.9964699745178223,1.5061182239151094e-05,0.0019033310236409307,0.0016115986509248614
853,1,1,0.051333460956811905,0.948396623134613,0.00012048617645632476,0.0001494777388870716
854,1,1,4.3979242036584765e-05,0.9998910427093506,5.0977658247575164e-05,1.3919301636633463e-05
855,1,2,0.003669308265671134,0.05492526665329933,0.9235978722572327,0.01780754327774048
856,1,1,2.1363440794175403e-08,1.0,4.926740682087427e-10,3.0314452337254494e-11
857,1,1,0.0002762672083918005,0.979345440864563,0.016247203573584557,0.004131131339818239
858,1,1,0.0001125717899412848,0.9998869895935059,4.434703271272156e-09,4.4519288167066406e-07
859,3,3,8.870396413840353e-06,4.5781334279126895e-09,0.002014357130974531,0.9979768395423889
860,0,0,1.0,3.2230186519655035e-08,4.986672408335835e-09,1.4112373492025654e-08
861,2,2,0.09660836309194565,7.256897515617311e-05,0.9014309048652649,0.0018880858551710844
862,1,1,3.674251956908847e-06,0.9999953508377075,3.5760927552530575e-10,1.004610112431692e-06
863,1,1,9.467859490541741e-05,0.9998728036880493,1.174844328488689e-05,2.0792354916920885e-05
864,2,2,0.0017095068469643593,2.0977378881070763e-05,0.9948731064796448,0.003396399784833193
865,2,2,0.0031000375747680664,4.3518946768017486e-05,0.9962289929389954,0.0006274287006817758
866,3,3,0.08817838877439499,3.9141191336966585e-06,8.666293433634564e-05,0.9117310047149658
867,2,2,1.451568039101403e-07,2.081505385831406e-07,0.9997288584709167,0.00027076262631453574
868,0,0,0.9999998807907104,7.33387253148976e-08,1.9468110679099482e-08,2.205752380746162e-08
869,0,0,0.9998782873153687,2.9132220191741e-08,2.3950799004524015e-05,9.772191697265953e-05
870,1,1,2.8844484404544346e-05,0.9999709129333496,2.575895621248492e-07,2.9666518130966324e-08
871,1,1,0.026153666898608208,0.957125186920166,0.0008953862125054002,0.015825727954506874
872,1,1,5.533087943376813e-08,0.9999995231628418,3.11352437165624e-07,1.3817313515573915e-07
873,1,1,0.001157425227575004,0.9900715351104736,0.0032158843241631985,0.005555071868002415
874,1,1,0.00037857468123547733,0.9966740608215332,0.0016579090151935816,0.0012894432293251157
875,1,1,1.615274049981963e-05,0.9998519420623779,7.569140143459663e-05,5.610731022898108e-05
876,2,2,0.3043353855609894,0.006016896106302738,0.6601823568344116,0.029465364292263985
877,2,3,2.2491009076475166e-05,3.891254252152976e-08,0.018795814365148544,0.9811816811561584
878,1,1,0.00020684878109022975,0.9997138381004333,2.059446160274092e-05,5.875601709703915e-05
879,0,0,0.9997356534004211,4.047376933158375e-06,0.0002562937734182924,3.972835202148417e-06
880,3,3,3.0065646114962874e-06,4.632359377865214e-06,0.0009515546262264252,0.9990407824516296
881,2,0,0.7092342376708984,0.2878190279006958,0.0018233463633805513,0.0011233825935050845
882,0,0,0.9999819993972778,4.471956138729638e-09,3.2971577184071066e-06,1.4709951756231021e-05
883,2,2,5.68559642033506e-07,8.170460574774552e-08,0.9999988079071045,5.320071636560897e-07
884,1,1,0.00677099684253335,0.993202269077301,2.2743201043340378e-05,4.0145127968571614e-06
885,1,1,6.057217921684455e-11,1.0,1.0820780937947916e-09,7.829478038123838e-11
886,1,1,2.688344920898089e-06,0.9999971389770508,1.6575266670315614e-07,3.3065596483083937e-08
887,2,3,8.121530117932707e-05,3.480628265606356e-06,0.025333333760499954,0.9745819568634033
888,1,1,1.889609734462283e-06,0.9999979734420776,1.9359440273092332e-07,1.7308781075087154e-09
889,2,2,0.009958758018910885,0.0001379778259433806,0.9725319147109985,0.01737130805850029
890,2,2,0.2473943680524826,2.797324486891739e-05,0.7373695373535156,0.01520814560353756
891,1,1,1.078094214790326e-06,0.9999988079071045,8.12984168874209e-08,2.097719864480041e-08
892,2,3,0.00012944755144417286,3.297974728866393e-07,0.002435621339827776,0.9974345564842224
893,0,0,0.7897831201553345,0.046088118106126785,0.03531919792294502,0.12880954146385193
894,0,0,0.9999929666519165,2.982324456834995e-12,6.340738423205039e-07,6.408562512660865e-06
895,2,2,4.802528565051034e-05,0.00016709385090507567,0.9993382096290588,0.0004467151884455234
896,0,0,0.9053718447685242,0.07106843590736389,0.016592325642704964,0.006967393681406975
897,0,0,0.9998242259025574,0.00012733910989481956,3.6293181437940802e-06,4.484181772568263e-05
898,0,0,0.9180846214294434,8.579682616982609e-05,0.0780116468667984,0.003817973891273141
899,2,2,0.0017603811575099826,0.0005713434075005352,0.7796633243560791,0.2180049568414688
900,2,2,0.010758510790765285,4.836202606384177e-06,0.9880934357643127,0.0011432530591264367
901,1,1,7.591534085804597e-05,0.999921441078186,2.3108875666366657e-06,3.1189156857180933e-07
902,2,2,7.6936928962823e-05,7.534470825021344e-09,0.9826767444610596,0.017246322706341743
903,0,0,0.9999961853027344,1.1987820869308052e-07,1.418492843185959e-06,2.2373471892933594e-06
904,3,3,1.4447394278249703e-05,9.88624833553331e-07,0.011094583198428154,0.9888900518417358
905,1,1,0.011142545379698277,0.9887953996658325,1.5091805494193977e-07,6.193166336743161e-05
906,2,2,0.02077411860227585,2.4480368665535934e-05,0.9735265970230103,0.005674807820469141
907,2,2,5.5856025937828235e-06,4.5141470650378324e-07,0.9995753169059753,0.0004186305159237236
908,0,0,0.9984650611877441,1.0388172086095437e-05,1.3315130900082295e-06,0.0015232476871460676
909,2,2,0.0007953681633807719,4.6095547077129595e-06,0.9834275841712952,0.015772491693496704
910,3,3,4.765121775562875e-05,4.212522526358953e-07,0.0060040270909667015,0.9939478635787964
911,2,2,0.00047414598520845175,5.506400384547305e-07,0.9993852376937866,0.00013999831571709365
912,3,1,3.4850700103561394e-10,1.0,4.0988954309699455e-14,9.471315225162424e-12
913,1,1,0.00039672208367846906,0.9995879530906677,8.242998774221633e-06,7.137681222957326e-06
914,2,2,0.0001909774000523612,2.608521185720747e-07,0.9997149109840393,9.392768697580323e-05
915,0,0,1.0,3.59583994524737e-11,1.1170766534007726e-09,2.6593518498430058e-08
916,2,2,0.00030362256802618504,9.668914344729274e-07,0.9942446351051331,0.005450687371194363
917,1,1,2.026173895330885e-09,1.0,6.162485521876704e-10,2.569794377293988e-09
918,0,0,0.8799150586128235,0.015721898525953293,0.012639517895877361,0.0917234867811203
919,0,0,0.9999942779541016,9.85546488863065e-09,5.727199550165096e-06,3.519052427236602e-08
920,3,3,4.3693060433724895e-05,2.4486357386166446e-11,0.09930487722158432,0.9006514549255371
921,3,3,0.004608507268130779,3.6365211144584464e-06,0.017138948664069176,0.9782489538192749
922,2,2,0.20900198817253113,2.3444586076948326e-06,0.7538699507713318,0.03712568059563637
923,2,2,3.5049258713115705e-06,9.195704198106114e-10,0.9999953508377075,1.2023608633171534e-06
924,0,0,0.9999054670333862,1.8429664123686962e-06,3.5752040275838226e-05,5.6879835028667e-05
925,0,0,0.6254575848579407,0.10205782949924469,0.21582341194152832,0.05666116625070572
926,0,0,0.998830258846283,0.00010960800864268094,0.0001598322414793074,0.0009003211744129658
927,3,3,0.09337637573480606,7.426433512591757e-06,0.06350476294755936,0.8431114554405212
928,3,3,6.005615432513878e-06,1.8097894383117819e-07,0.009860939346253872,0.9901328086853027
929,1,1,0.008855955675244331,0.9903554916381836,0.0007129355217330158,7.572433241875842e-05
930,0,2,0.18812458217144012,5.551988215302117e-05,0.8103604912757874,0.001459435559809208
931,2,2,0.0003478884173091501,3.2836142054293305e-05,0.9968383312225342,0.0027809161692857742
932,2,2,0.009920197539031506,0.0010087412083521485,0.9730764627456665,0.01599459908902645
933,3,3,0.018337814137339592,2.5331630240543745e-05,0.11006713658571243,0.8715696930885315
934,3,3,1.38738187160925e-07,8.457650579885012e-08,0.00039748213021084666,0.9996022582054138
935,1,1,0.0009216738981194794,0.9989816546440125,8.532388892490417e-05,1.1344578524585813e-05
936,2,2,0.0003140308253932744,0.00018288908177055418,0.9978827834129333,0.0016203075647354126
937,0,0,0.9976160526275635,0.0003265116538386792,0.0016893489519134164,0.0003681337693706155
938,0,0,0.8580204248428345,0.10776255279779434,0.0035613898653537035,0.0306556336581707
939,1,1,9.12268806132488e-05,0.9999067783355713,1.2441284447106682e-08,1.9913966298190644e-06
940,1,1,2.2323090888676234e-05,0.999976634979248,2.3653159431091808e-08,1.0450489753566217e-06
941,3,3,4.057990736328065e-06,7.889475028832749e-08,0.008688680827617645,0.9913071990013123
942,0,3,0.0016463808715343475,1.4945393900234194e-07,0.3204248547554016,0.677928626537323
943,1,1,1.0982224551980835e-07,0.9999979734420776,6.1892450275991e-07,1.3192179721954744e-06
944,3,2,0.08344177156686783,0.0018587590893730521,0.6036525368690491,0.31104686856269836
945,1,1,2.3081779545464087e-06,0.9999966621398926,8.79525316577201e-07,7.77127553419632e-08
946,3,3,0.0077330246567726135,5.426701576993764e-08,0.0006073284312151372,0.9916597008705139
947,1,1,4.6444378654086904e-07,0.9999988079071045,5.986076985209365e-07,8.119815220197779e-08
948,0,0,0.9999876022338867,9.254385076928884e-06,1.4881762808727217e-06,1.6569016452194774e-06
949,1,1,1.3614481758850161e-05,0.9999749660491943,1.0111347364727408e-05,1.2903061588076525e-06
950,2,2,0.001043100142851472,0.00029479622025974095,0.9918882250785828,0.006773808505386114
951,3,3,0.2793123126029968,0.00835949182510376,0.25957122445106506,0.45275697112083435
952,1,1,0.02801056019961834,0.9611186385154724,0.006506116595119238,0.0043647559359669685
953,2,2,0.18456295132637024,2.8778180421795696e-05,0.8150619864463806,0.000346251530572772
954,3,3,0.0012162761995568871,3.7645665429408837e-07,0.0023301534820348024,0.9964532852172852
955,2,2,0.06326768547296524,7.985610039895619e-08,0.8278352618217468,0.10889700800180435
956,3,3,1.1658981748041697e-05,5.128389148012502e-06,0.0012942033354192972,0.9986889958381653
957,3,3,1.59023052503926e-08,2.7172029071209636e-09,0.0018479308346286416,0.9981520771980286
958,0,0,0.9992121458053589,7.800118773104714e-09,0.000240148336160928,0.0005476467777043581
959,1,1,2.5653089323895983e-06,0.999992847442627,2.296764201048518e-08,4.514007287070854e-06
960,3,3,2.706021405174397e-05,5.64801547545124e-12,4.838764652959071e-06,0.9999680519104004
961,0,0,0.9977320432662964,6.5576814449741505e-06,0.00018597542657516897,0.0020752965938299894
962,0,0,0.9999483823776245,6.248588988455595e-07,5.131498255650513e-06,4.5884124119766057e-05
963,2,2,0.0028423576150089502,4.701358193415217e-06,0.9967942833900452,0.0003586823877412826
964,2,3,2.7563050934986677e-06,9.311069248951753e-08,0.22166481614112854,0.7783322930335999
965,2,2,4.652201823773794e-07,3.163551087759231e-10,0.9999973773956299,2.176017460442381e-06
966,1,1,2.1749010556959547e-05,0.9997640252113342,5.786735641777341e-07,0.00021364145504776388
967,0,1,0.001466070767492056,0.9985080361366272,1.644123585720081e-05,9.355648217024282e-06
968,3,3,7.58291253077914e-06,7.40273478072595e-08,3.265430132159963e-05,0.9999595880508423
969,3,3,3.175934466526087e-07,2.972507517906564e-10,0.00023796486493665725,0.9997617602348328
970,2,2,4.979454843123676e-06,2.7109156235383125e-06,0.9999654293060303,2.6865951440413482e-05
971,3,3,8.985157364804763e-06,0.0277889184653759,0.0032096451614052057,0.9689924120903015
972,0,0,0.9999902248382568,3.567092932144078e-08,9.505935850029346e-06,2.0940251488354988e-07
973,0,0,0.8036409020423889,0.0005361784133128822,0.00037015738780610263,0.1954527497291565
974,1,1,7.784827893431157e-09,1.0,1.2659651105195735e-10,3.0344216028765914e-09
975,1,1,6.50699494286755e-10,1.0,1.3437524704063009e-10,7.039251820328829e-11
976,3,3,0.0011870907619595528,2.8762784495484084e-05,0.011022208258509636,0.9877619743347168
977,3,3,3.659670966271733e-08,3.8253620648735776e-14,7.759121217532083e-05,0.9999223947525024
978,0,0,0.9999605417251587,3.6191458718803915e-08,3.565801671356894e-05,3.7266374874889152e-06
979,3,3,0.00014280222239904106,5.826143478770973e-08,0.0015383015852421522,0.9983188509941101
980,2,2,7.882420760552122e-08,5.284802373495268e-09,0.999995231628418,4.698820703197271e-06
981,3,3,2.6057879949803464e-05,4.607830916825151e-08,0.0026846937835216522,0.9972892999649048
982,3,3,2.9543693926825654e-06,1.234322155596601e-07,0.00021621740597765893,0.9997807145118713
983,1,1,0.054211683571338654,0.9109159708023071,3.717039726325311e-05,0.034835085272789
984,1,1,3.64117840945255e-05,0.9999563694000244,4.498256203078199e-06,2.713280764510273e-06
985,3,3,4.627903763321228e-06,5.758145626977296e-10,6.153883441584185e-05,0.9999338388442993
986,0,0,0.9999935626983643,1.2941209206474014e-06,4.164347046753392e-06,9.869057748801424e-07
987,0,0,0.9950845837593079,1.730266558297444e-05,0.0004163834382779896,0.004481776617467403
988,3,3,1.01888304016029e-06,1.2885378528060265e-12,1.9334652279212605e-06,0.9999970197677612
989,3,3,8.780786447459832e-05,3.334142206767865e-07,0.01587047055363655,0.9840413331985474
990,1,1,1.129045926973049e-06,0.9999979734420776,4.4752661665370397e-07,5.013446866541926e-07
991,2,2,0.0007372327381744981,4.00532962885336e-06,0.9991692304611206,8.962680294644088e-05
992,0,0,0.997793436050415,7.5337898124416824e-06,0.0019206969300284982,0.0002782427181955427
993,0,0,0.999970555305481,8.479830285068601e-06,1.3243205103208311e-05,7.785397428961005e-06
994,3,3,1.0426330163681996e-06,1.1747017802932191e-09,0.00033797859214246273,0.9996609687805176
995,1,1,0.0018480175640434027,0.9977154731750488,4.500727663980797e-05,0.0003915414272341877
996,1,1,0.0006187797407619655,0.9992491602897644,8.392989002459217e-06,0.00012363343557808548
997,1,1,0.061580587178468704,0.9384161233901978,4.638726807115745e-07,2.8510546599136433e-06
998,3,3,4.078412629837658e-08,7.315566676879826e-07,0.0009736358188092709,0.9990255832672119
999,0,0,0.9996256828308105,0.0003072668914683163,2.8302201826591045e-05,3.870888031087816e-05
1000,2,2,0.00013256477541290224,8.10182143595739e-07,0.9996528625488281,0.00021375301002990454
1001,2,2,0.01035917829722166,0.00010253679647576064,0.9579527378082275,0.03158561512827873
1002,3,3,8.546491699235048e-06,2.100276219607622e-08,7.167439616750926e-05,0.9999197721481323
1003,0,0,0.9972238540649414,0.0013902682112529874,0.0011215797858312726,0.0002642935432959348
1004,3,0,0.7827660441398621,0.0005506157758645713,0.01258980855345726,0.2040935605764389
1005,3,3,0.008126011118292809,0.007014013361185789,0.012494819238781929,0.9723652005195618
1006,2,2,0.027605462819337845,0.002521416638046503,0.9653409123420715,0.004532152786850929
1007,1,1,1.8163262893722276e-06,0.9999982118606567,1.5403887054787901e-09,5.9501513050008725e-08
1008,1,1,0.006652007810771465,0.9933010339736938,1.0760067198134493e-05,3.62281316483859e-05
1009,3,3,2.242031541754841e-06,2.8668523111008426e-10,6.767647278138611e-07,0.9999971389770508
1010,2,2,4.858163720200537e-07,2.422077260977318e-10,0.9999927282333374,6.775648216716945e-06
1011,3,0,0.8066931962966919,1.5705541756005914e-08,0.13383005559444427,0.05947674810886383
1012,2,2,4.0314389480045065e-06,4.968854341314e-07,0.9999680519104004,2.7351607059244998e-05
1013,3,3,0.001059710280969739,1.2792359882496385e-07,0.0006341704283840954,0.9983060359954834
1014,3,3,0.00035138867679052055,3.655878231256793e-07,0.0001165267894975841,0.9995317459106445
1015,3,3,4.841102168029465e-07,1.1704175406634931e-09,0.003288728417828679,0.9967107772827148
1016,1,1,2.726917784912075e-07,0.999988317489624,1.6776366464910097e-06,9.802039130590856e-06
1017,0,3,0.18548142910003662,0.000382834899937734,0.0005336093599908054,0.813602089881897
1018,2,2,1.213361701957183e-05,8.298348461721616e-07,0.9989836812019348,0.0010032661957666278
1019,3,0,0.7846721410751343,0.008603873662650585,0.00031782491714693606,0.2064061462879181
1020,1,1,1.8831251225037704e-07,0.9999997615814209,6.329006652094904e-09,3.328538156210925e-08
1021,0,0,0.9999979734420776,7.024304977676366e-07,1.0233490002065082e-06,2.471066409270861e-07
1022,3,3,0.31108328700065613,0.005779911298304796,0.0013666982995346189,0.6817700862884521
1023,2,2,0.010928788222372532,0.0045783608220517635,0.9340786337852478,0.050414253026247025
1024,3,3,9.784529538592324e-06,1.5163884592439558e-09,0.0001809500390663743,0.9998093247413635
1025,2,2,7.7512424923043e-07,3.1104949171911755e-10,0.9999984502792358,7.057653874653624e-07
1026,3,3,0.03167549520730972,1.4353986443893518e-08,0.38415881991386414,0.5841656923294067
1027,3,3,3.0796195460425224e-06,8.728180489470105e-08,0.013331277295947075,0.9866655468940735
1028,0,1,0.016921764239668846,0.9825321435928345,9.941915777744725e-05,0.0004465965321287513
1029,2,2,6.908134673722088e-05,1.0907065473020339e-07,0.9542986750602722,0.04563217982649803
1030,2,2,0.07051385939121246,0.01676962710916996,0.7185155153274536,0.1942010074853897
1031,3,3,0.00017683467012830079,6.053179291143351e-09,0.003988074138760567,0.9958350658416748
1032,3,3,0.0013081533834338188,0.0005586938932538033,3.347789970575832e-05,0.9980996251106262
1033,0,0,0.9906231760978699,2.749906161625404e-05,0.00048029981553554535,0.008869046345353127
1034,1,1,1.318434442509897e-06,0.9999969005584717,4.348883919647051e-07,1.3132591902831336e-06
1035,3,3,0.03645331412553787,4.370196165837115e-06,0.0009650806314311922,0.9625772833824158
1036,2,2,0.0049765449948608875,2.7281179981741843e-08,0.6443860530853271,0.3506373167037964
1037,3,3,1.3377034520090092e-05,6.047910119377775e-07,0.13292622566223145,0.8670597672462463
1038,3,3,0.0005942685529589653,3.090544282713381e-07,0.0013093941379338503,0.9980959296226501
1039,0,0,0.9914462566375732,0.0025474687572568655,0.002429110463708639,0.0035771101247519255
1040,1,1,1.7691073139758373e-07,0.9999964237213135,1.3547198705055052e-06,2.020922693191096e-06
1041,0,0,0.9091430902481079,0.0007140366942621768,0.006672739051282406,0.08347012102603912
1042,3,2,0.0006848087068647146,0.00025854233535937965,0.5541422963142395,0.444914311170578
1043,3,0,0.945336639881134,1.8642085706233047e-05,0.010556763969361782,0.044087961316108704
1044,2,2,4.182905286143068e-06,1.8440218241266848e-07,0.9999778270721436,1.779119520506356e-05
1045,3,3,1.781266334432985e-08,9.047580935318822e-13,3.7274650821927935e-05,0.9999626874923706
1046,3,3,7.292034570127726e-05,2.399606273684185e-07,0.0005902346456423402,0.9993365406990051
1047,0,0,0.9999955892562866,1.0083387991244308e-07,2.725025751715293e-06,1.5141630456128041e-06
1048,1,1,0.03503404185175896,0.9620264768600464,0.0006394468946382403,0.0023000165820121765
1049,0,0,0.9999747276306152,8.601189449564117e-08,8.797389455139637e-06,1.636922206671443e-05
1050,2,2,0.0022439241874963045,0.01520154532045126,0.9376022219657898,0.044952284544706345
1051,2,3,0.0004893408040516078,7.802115760568995e-06,0.03090856783092022,0.9685941934585571
1052,0,0,0.9934410452842712,0.0003482916799839586,0.00453709252178669,0.0016736233374103904
1053,0,0,0.5971288681030273,0.0005578779382631183,0.04387149214744568,0.3584417700767517
1054,1,1,0.001608606893569231,0.9975155591964722,0.0005178515566512942,0.00035798881435766816
1055,1,1,9.02940610103542e-06,0.9999881982803345,9.322966434410773e-07,1.7457257399655646e-06
1056,1,1,0.000565015128813684,0.9989455342292786,0.00018125519272871315,0.00030823578708805144
1057,3,3,0.13731582462787628,6.8962149271101225e-06,0.38602492213249207,0.4766523838043213
1058,0,0,0.9999988079071045,7.708584917054395e-07,3.6939908909516816e-07,1.737409682789348e-08
1059,3,3,4.995042104383174e-07,1.0856084919907971e-09,0.0010979467770084739,0.9989014863967896
1060,1,1,0.10598749667406082,0.8934133052825928,0.00024865526938810945,0.00035051838494837284
1061,0,0,0.9991348385810852,1.2586644970724592e-06,0.00033780280500650406,0.0005261503392830491
1062,2,3,2.437695729895495e-05,0.001437234110198915,0.0029236620757728815,0.995614767074585
1063,2,2,0.0005227069486863911,7.492527947761118e-05,0.9957541227340698,0.0036482892464846373
1064,0,0,0.999992847442627,1.244392819899076e-07,3.2248403840640094e-06,3.77079550162307e-06
1065,0,0,0.9854226112365723,2.525359195715282e-05,0.0004363827174529433,0.014115707017481327
1066,3,3,0.0013529123971238732,1.0725604848715875e-09,0.04343859851360321,0.955208420753479
1067,3,3,0.25609058141708374,0.00032991732587106526,0.07366454601287842,0.6699150204658508
1068,2,2,0.00014755342272110283,1.4831067346676718e-05,0.9684306383132935,0.03140705078840256
1069,1,1,0.00017597443365957588,0.9997676014900208,3.690679295687005e-05,1.9498376786941662e-05
1070,3,2,0.00402070814743638,2.1173382265260443e-06,0.670902669429779,0.3250744640827179
1071,3,3,8.489737979289202e-07,4.16553493087779e-11,4.775213892571628e-05,0.9999513626098633
1072,3,3,0.004273641854524612,1.949860597960651e-05,0.0016546619590371847,0.9940521121025085
1073,3,3,0.0005922896089032292,0.001776773133315146,0.01715882122516632,0.9804720282554626
1074,3,2,0.004103230778127909,3.049730548809748e-05,0.6148006319999695,0.38106563687324524
1075,3,3,6.769114406779408e-07,5.807798242329909e-09,1.960696636160719e-06,0.9999973773956299
1076,3,3,8.14103628954399e-08,6.963713161667329e-09,0.0001318947470281273,0.9998680353164673
1077,2,2,3.981909321737476e-05,7.949715552513226e-09,0.9999347925186157,2.5377727070008405e-05
1078,3,3,1.9111352855816222e-07,2.9999481631487468e-12,2.942850414910936e-06,0.9999969005584717
1079,3,3,0.0009512332617305219,0.0004952679155394435,0.2697904706001282,0.7287629842758179
1080,0,1,0.4141174256801605,0.584138035774231,0.0001945628464454785,0.0015499754808843136
1081,1,1,1.1854063814098481e-05,0.9999879598617554,1.4130296221992467e-07,9.030880043781053e-09
1082,1,1,0.0002621568273752928,0.999733030796051,3.097836042798008e-06,1.6535977920284495e-06
1083,2,2,0.0005308493273332715,1.2130469713156344e-06,0.9994626641273499,5.292392415867653e-06
1084,2,0,0.9913316965103149,6.48423906568496e-07,0.008468407206237316,0.00019933532166760415
1085,3,3,1.513960370402856e-07,2.5906620598759034e-11,4.986970088793896e-05,0.9999499320983887
1086,3,3,0.00019578267529141158,8.071523916441947e-05,0.0010965489782392979,0.9986269474029541
1087,3,2,0.005645342171192169,1.2087944014638197e-05,0.779340386390686,0.2150021642446518
1088,3,3,3.440232831053436e-06,4.327271874160488e-09,0.0014670875389128923,0.9985294342041016
1089,3,3,1.5204228986931412e-07,3.776033352664854e-08,0.021613378077745438,0.9783864617347717
1090,0,0,0.9999827146530151,4.464162088879675e-07,3.3530022847116925e-07,1.6466097804368474e-05
1091,0,0,0.999991774559021,3.03115621136385e-06,2.4428043161606183e-06,2.7715309443010483e-06
1092,0,0,0.9949237704277039,9.720791922518401e-07,6.621728516620351e-06,0.005068697966635227
1093,2,2,0.12349002808332443,4.838542372453958e-05,0.8616065979003906,0.01485496200621128
1094,2,2,0.0495590977370739,0.0004451278946362436,0.9147605895996094,0.03523518145084381
1095,0,0,0.9124754071235657,1.1578908925002906e-06,0.0014062935952097178,0.08611718565225601
1096,0,0,0.9998020529747009,9.879253411781974e-06,0.00012051485100528225,6.754561036359519e-05
1097,2,2,5.0434468903404195e-06,5.313693307584799e-08,0.9999916553497314,3.2282675874739652e-06
1098,3,1,2.5492481654509902e-05,0.9998764991760254,2.886071706598159e-05,6.915229459991679e-05
1099,2,2,0.0004850369004998356,0.00026455888291820884,0.9984934329986572,0.0007570073357783258
1100,0,0,0.9995495676994324,3.936122983105861e-09,2.862689143512398e-07,0.00045017770025879145
1101,2,3,0.0590638630092144,0.0003292379551567137,0.43281540274620056,0.5077915191650391
1102,1,1,1.2758414413838182e-06,0.9999986886978149,1.3759489547737758e-08,4.689565713533739e-08
1103,2,2,0.013823156245052814,6.447883060900494e-05,0.9791640639305115,0.006948303431272507
1104,3,3,4.5799988583894446e-05,1.9865002798269416e-07,8.413928298978135e-05,0.9998698234558105
1105,0,0,0.9996479749679565,7.691291443734372e-07,0.000234015125897713,0.00011723179341061041
1106,3,3,0.0030152355320751667,2.8922360684191517e-07,0.019216790795326233,0.9777677655220032
1107,3,3,1.2009026022496982e-06,2.5750548502401216e-06,3.3752286981325597e-05,0.9999624490737915
1108,3,3,0.016001960262656212,0.0014157933183014393,0.03609110414981842,0.9464911222457886
1109,0,0,0.9999712705612183,1.5221447938529309e-05,9.025155122799333e-06,4.453877409105189e-06
1110,2,0,0.9944032430648804,2.6870707188209053e-06,0.005586862564086914,7.110220849426696e-06
1111,2,2,8.730680747248698e-07,3.1340923101197404e-07,0.9979761242866516,0.0020226810593158007
1112,1,1,2.890448058678885e-07,0.9999984502792358,6.619605841251541e-08,1.2473886954467162e-06
1113,1,1,5.20012761739963e-08,0.9999998807907104,1.884986033928726e-08,1.6464690721917918e-10
1114,1,1,2.8588798159034923e-05,0.9998114705085754,0.00013376899005379528,2.6254079784848727e-05
1115,2,0,0.6317184567451477,1.2436460394837923e-07,0.3625044524669647,0.005776926409453154
1116,2,2,0.0002849753072950989,4.428591637406498e-06,0.9996651411056519,4.552348400466144e-05
1117,0,0,0.9992364645004272,2.3260528791979596e-07,0.00032282088068313897,0.0004404868232086301
1118,3,3,6.58042699797079e-06,2.4654338631080464e-05,0.3524494171142578,0.6475193500518799
1119,3,3,3.2324390986104845e-07,8.407123885945111e-08,0.000493542174808681,0.9995059967041016
1120,1,1,7.67737049045536e-07,0.9999868869781494,1.1605399777181447e-05,6.843187065896927e-07
1121,0,0,0.996931791305542,7.171995264343423e-08,0.0023715579882264137,0.0006965432548895478
1122,2,2,3.1453913607037975e-07,5.740919961638724e-10,0.9999133348464966,8.625415648566559e-05
1123,2,2,0.003778525860980153,1.1579933101302231e-07,0.993915855884552,0.0023054599296301603
1124,2,3,6.303960253717378e-05,1.6778141542772573e-08,0.315940797328949,0.6839962005615234
1125,3,3,5.0001531235466246e-06,1.5193323932294334e-08,0.0020516703370958567,0.9979433417320251
1126,2,2,0.10188427567481995,0.0004269031633157283,0.8803627490997314,0.017326023429632187
1127,3,3,0.08614156395196915,0.0022608409635722637,0.033331263810396194,0.8782663345336914
1128,1,1,4.61883475910696e-10,1.0,8.192117817440447e-11,1.4216066691885576e-11
1129,1,1,9.269112410947855e-07,0.9999990463256836,7.851959082927351e-08,1.3527685638337061e-08
1130,0,0,1.0,1.938181171112774e-09,2.468300086891362e-12,1.0157139573863105e-09
1131,2,2,0.0006390890339389443,4.0640738006914034e-05,0.9962050318717957,0.0031152935698628426
1132,3,3,0.0004796531284227967,8.753045221965294e-06,0.003594807581976056,0.9959167838096619
1133,1,1,4.437044026417425e-06,0.9999954700469971,1.4742309417670185e-07,5.093469468420153e-08
1134,0,0,0.99997878074646,6.762800097703803e-09,1.3263347682368476e-05,7.994432053237688e-06
1135,1,1,0.00022579576761927456,0.9994986057281494,0.00021727099374402314,5.8219611673848704e-05
1136,0,0,0.9999995231628418,4.0688797753318795e-07,5.9315983236274405e-08,1.3771315643396065e-08
1137,1,1,2.775885150185786e-06,0.9999890327453613,6.189996383909602e-06,1.9851586330332793e-06
1138,1,1,2.9520256248360965e-06,0.9999960660934448,8.5357839907374e-07,6.592625112489259e-08
1139,0,0,0.980918288230896,0.00018966077186632901,0.01775122806429863,0.0011408139253035188
1140,3,3,0.001057539484463632,0.00045787138515152037,0.11840148270130157,0.8800832033157349
1141,1,1,0.012480911798775196,0.9872056245803833,0.0002804284158628434,3.305274003650993e-05
1142,0,0,0.9683407545089722,0.00131248461548239,0.022638317197561264,0.007708439603447914
1143,2,2,8.090891014944646e-07,2.549816713326436e-07,0.9278120994567871,0.0721869245171547
1144,1,1,0.00011486513540148735,0.9997889399528503,9.005392348626629e-05,6.2101121329760645e-06
1145,1,1,0.0007459044572897255,0.9988960027694702,7.353907130891457e-05,0.000284456938970834
1146,0,0,0.999997615814209,1.1657319873847882e-06,5.592154934674909e-07,6.367910145854694e-07
1147,1,1,6.96963761583902e-05,0.9999067783355713,3.692962380341669e-08,2.347008376091253e-05
1148,0,0,0.9999865293502808,4.1322360289086646e-07,6.001858309900854e-06,7.148689746827586e-06
1149,0,0,0.9168848395347595,0.006399511359632015,0.0432448573410511,0.03347069025039673
1150,0,0,0.9823312759399414,6.710681918775663e-05,0.004194170236587524,0.013407504186034203
1151,2,2,0.07859950512647629,0.00035804230719804764,0.9135339856147766,0.007508525624871254
1152,1,1,7.82147196787264e-07,0.9999991655349731,5.349074516658447e-10,3.4862871700624964e-08
1153,1,1,0.01602335460484028,0.9821182489395142,0.0015524791087955236,0.000305884110275656
1154,3,3,0.0006495270063169301,9.378908316648449e-07,0.30059781670570374,0.69875168800354
1155,2,2,3.544488936313428e-05,6.087603310334089e-08,0.9955689311027527,0.004395534284412861
1156,0,0,0.9996951818466187,1.0284809377480997e-06,0.00022110356076154858,8.27041658340022e-05
1157,1,1,2.1145053707982697e-08,0.9999998807907104,2.60022137155147e-08,1.678988468256648e-07
1158,1,1,0.0023351581767201424,0.9974160194396973,0.00021403555001597852,3.471972013358027e-05
1159,1,1,3.947847915242164e-08,1.0,1.0723659737976732e-09,3.52936235792356e-09
1160,2,2,4.920947503705975e-06,3.276052780165628e-07,0.9469500184059143,0.05304469168186188
1161,1,1,0.0001701096334727481,0.9995911717414856,0.00021284907415974885,2.586307527963072e-05
1162,3,3,1.2058333140885225e-06,3.4521340239734855e-06,0.0017294277204200625,0.9982659220695496
1163,2,2,0.007071977481245995,2.8364087484078482e-05,0.9896765351295471,0.0032231241930276155
1164,2,2,0.16953593492507935,3.0038074328331277e-05,0.5316600799560547,0.29877400398254395
1165,2,2,0.05546879023313522,1.0444400686537847e-05,0.9424610137939453,0.002059750258922577
1166,2,2,0.00016139748913701624,0.0016085515962913632,0.9948402047157288,0.0033898642286658287
1167,3,3,5.235939237735465e-09,5.796269367253082e-11,2.019682142417878e-05,0.9999798536300659
1168,0,2,0.1724904179573059,6.7499768192647025e-06,0.532055675983429,0.29544708132743835
1169,1,1,4.866024937655311e-06,0.9999469518661499,4.631785850506276e-05,1.951505737451953e-06
1170,1,1,6.075846954445296e-07,0.9999922513961792,4.474837169254897e-06,2.564165242802119e-06
1171,1,1,1.4532639625031152e-07,0.9999886751174927,2.3223681182571454e-06,8.785296813584864e-06
1172,1,1,3.971786554757273e-06,0.999995231628418,3.456084982644825e-07,4.97686642120243e-07
1173,0,0,0.9751646518707275,0.0018048133933916688,0.0037644756957888603,0.019266018643975258
1174,1,1,0.0002971322101075202,0.9996603727340698,7.165606348280562e-07,4.182819611742161e-05
1175,1,1,0.014727304689586163,0.964806854724884,0.011165346018970013,0.009300529025495052
1176,1,1,0.12144169211387634,0.8767585754394531,0.001180130522698164,0.0006196015747264028
1177,2,2,0.13516131043434143,0.35289308428764343,0.48716607689857483,0.024779483675956726
1178,2,2,0.002897137077525258,0.0008163603488355875,0.6145458817481995,0.3817405700683594
1179,1,1,0.00015282290405593812,0.9975866079330444,0.0006552935228683054,0.0016052656574174762
1180,0,0,0.999994158744812,6.545601394236655e-08,1.2652710665861377e-06,4.489152161113452e-06
1181,1,1,0.001523623475804925,0.9984657764434814,1.4729636177435168e-06,9.132020750257652e-06
1182,3,3,1.4492707123281434e-06,2.9924394073788108e-09,0.0007694344385527074,0.9992290735244751
1183,3,3,2.1448352072184207e-06,7.236271581945175e-10,0.016593141481280327,0.9834046959877014
1184,1,1,3.878215011354769e-06,0.9999942779541016,1.197072492686857e-06,5.7957242916018e-07
1185,0,0,0.9999964237213135,1.8077559449380942e-09,1.551323407511518e-07,3.492684072625707e-06
1186,0,0,0.9999946355819702,3.1833660614211112e-06,1.8591621255836799e-06,3.206086773843708e-07
1187,3,3,0.00019937107572332025,3.054554156278755e-07,0.002604912966489792,0.9971953630447388
1188,2,2,2.450932515785098e-05,4.01174702346907e-06,0.9993994235992432,0.0005719891632907093
1189,0,0,0.9999856948852539,1.1030794667021837e-05,1.6147823771461844e-06,1.6523665635759244e-06
1190,3,3,0.0010653476929292083,0.0002872233744710684,0.00010710197238950059,0.9985402822494507
1191,0,0,0.9997686743736267,2.1382605408515332e-10,0.00021720040240325034,1.4220685443433467e-05
1192,1,1,0.0074156359769403934,0.9920204281806946,0.0005256091826595366,3.828191620414145e-05
1193,1,1,6.394576485035941e-05,0.9999268054962158,9.134305400948506e-06,7.17379720072131e-08
1194,1,1,9.249702998204157e-05,0.9998053908348083,7.878501492086798e-05,2.332112126168795e-05
1195,0,0,0.999983549118042,2.940275045659746e-08,7.3946571319538634e-06,9.039685210154857e-06
1196,0,0,0.9998735189437866,2.4806235160212964e-05,5.599644737230847e-06,9.60078978096135e-05
1197,2,0,0.9694240689277649,5.8601513046596665e-06,0.012308434583246708,0.018261583521962166
1198,1,1,1.8973445037318015e-07,0.9999997615814209,2.7343014963321366e-08,6.013100684043593e-09
1199,0,0,0.9999688863754272,2.7557489374885336e-06,6.180845957715064e-06,2.2189771698322147e-05
1200,0,0,0.99689781665802,0.0029942807741463184,0.00010338945867260918,4.540973804978421e-06
1201,1,1,1.5634333294656244e-07,0.9999998807907104,2.2541335464865142e-10,5.611846987108038e-08
1202,1,1,1.2852125053086638e-07,0.9999997615814209,6.421556975055864e-08,3.3305560531715628e-09
1203,1,1,0.0001388129312545061,0.9998493194580078,2.6330210403102683e-06,9.182953363051638e-06
1204,2,2,0.4352480471134186,0.0011893415357917547,0.5178744196891785,0.045688193291425705
1205,0,0,0.9845399260520935,0.006090028211474419,0.008161802776157856,0.00120822514872998
1206,1,1,2.3545623228926615e-09,1.0,1.3875042607913723e-12,1.4576888307527014e-11
1207,0,0,0.999998927116394,3.891726763072256e-08,5.463917318593303e-09,1.0509452295082156e-06
1208,1,1,7.054526940919459e-05,0.999911904335022,6.135912400395682e-08,1.7516418665763922e-05
1209,2,2,0.0018570154206827283,1.2283950923119846e-07,0.9969831109046936,0.0011597616830840707
1210,2,2,0.028944488614797592,0.006243470590561628,0.7977338433265686,0.1670781672000885
1211,3,3,0.010767454281449318,3.94866474380251e-05,0.03810315951704979,0.9510898590087891
1212,1,1,0.026540938764810562,0.9498043060302734,0.023115457966923714,0.0005393445026129484
1213,0,0,0.9997715353965759,2.740941636147909e-05,6.92784960847348e-05,0.00013178068911656737
1214,2,2,0.035459306091070175,0.0008373797172680497,0.9627199172973633,0.000983339617960155
1215,0,0,0.9986434578895569,5.014822818338871e-05,0.0012679076753556728,3.855463000945747e-05
1216,1,1,6.85564145896933e-06,0.9997915625572205,0.00019942515064030886,2.1800267404614715e-06
1217,1,1,2.7244631439771183e-08,1.0,1.7983539990495956e-08,1.4321329899757984e-08
1218,1,1,7.282501428562682e-06,0.9999904632568359,2.1165353700780543e-06,1.5024743049707467e-07
1219,2,2,5.3666342864744365e-05,3.444508900329879e-09,0.9998321533203125,0.00011413551692385226
1220,0,0,0.9346444606781006,0.006821171380579472,0.04168848693370819,0.016845818608999252
1221,2,2,0.00013618670345749706,0.010699964128434658,0.9866900444030762,0.0024738030042499304
1222,0,0,0.9999436140060425,1.4887019460729789e-05,2.9228735002106987e-05,1.2334429811744485e-05
1223,2,2,0.0023879341315478086,2.564752776379464e-06,0.9970557689666748,0.0005536364624276757
1224,0,0,0.9999552965164185,2.0406853984411555e-09,1.3850120012648404e-05,3.081845716224052e-05
1225,0,0,0.9416320323944092,0.0014705860521644354,0.004297561012208462,0.05259982496500015
1226,3,3,0.061300408095121384,2.633704809795745e-07,0.002207026584073901,0.936492383480072
1227,0,0,0.9999990463256836,2.6645913253631193e-10,9.259774174097402e-07,4.3351391809665074e-08
1228,1,1,0.01076545100659132,0.9892094731330872,3.4067611522914376e-06,2.1710760847781785e-05
1229,2,2,0.17556436359882355,0.003066164441406727,0.7792333960533142,0.04213608801364899
1230,3,3,0.00010199756798101589,0.00037999002961441875,0.0012658177874982357,0.9982522130012512
1231,3,3,0.06579025089740753,0.3476841151714325,0.08193851262331009,0.5045871138572693
1232,1,1,0.05845831334590912,0.8774418234825134,0.03304523229598999,0.03105468675494194
1233,2,2,0.02963106520473957,0.00013832177501171827,0.9670905470848083,0.003140043932944536
1234,3,3,0.03191682696342468,1.8432044157634664e-07,0.019451094791293144,0.9486318230628967
1235,2,2,0.007365863304585218,5.0841931624745484e-06,0.9923104047775269,0.0003186811809428036
1236,3,3,1.1583715604501776e-05,9.483604117122013e-06,0.09906274825334549,0.9009161591529846
1237,3,3,0.1653890162706375,0.004066050983965397,0.002205686876550317,0.8283392190933228
1238,1,1,7.227541232168733e-07,0.9999990463256836,9.015134594392293e-08,9.146663870751581e-08
1239,0,0,0.9999998807907104,2.851536229364626e-10,6.04923613423125e-08,1.181388498139313e-08
1240,2,2,0.0008780406205914915,1.0475699127709959e-05,0.9981080293655396,0.0010033331345766783
1241,2,2,0.017022831365466118,0.00019111338770017028,0.9799172282218933,0.0028688437305390835
1242,3,3,0.0001372773404000327,1.1995926740837604e-07,0.00034914471325464547,0.9995135068893433
1243,2,2,0.008646111004054546,1.0518738235987257e-05,0.9884141683578491,0.0029291510581970215
1244,1,1,1.6293281532853143e-06,0.9999973773956299,9.197974009111931e-07,1.5645571238565026e-07
1245,0,0,0.9915892481803894,9.093603694054764e-06,0.0004584189155139029,0.007943224161863327
1246,1,1,0.003095568623393774,0.9954568147659302,0.0004604101995937526,0.000987236388027668
1247,1,1,8.422714017797261e-06,0.9999470710754395,4.450655251275748e-05,4.923544594248597e-08
1248,2,2,0.0008048475137911737,0.010399200022220612,0.7714329361915588,0.21736299991607666
1249,1,1,0.15581676363945007,0.8233730792999268,0.013508997857570648,0.0073011466301977634
1250,1,1,0.00045383485849015415,0.999438464641571,0.0001069503923645243,7.413176490445039e-07
1251,0,2,0.21115705370903015,7.457206265826244e-07,0.7806729078292847,0.00816931203007698
1252,2,2,0.00842667743563652,0.0007727490155957639,0.8864010572433472,0.10439957678318024
1253,2,2,0.0006413169321604073,6.788462633267045e-05,0.9914056062698364,0.007885204628109932
1254,2,2,0.000876233447343111,1.9842414076265413e-06,0.999075174331665,4.655764496419579e-05
1255,0,0,0.9972565770149231,0.001981023233383894,0.0004893860314041376,0.00027299471548758447
1256,0,0,0.9997739195823669,1.7809138341817743e-07,9.181932546198368e-05,0.00013411525287665427
1257,3,3,8.13816805020906e-05,1.2997657904634252e-05,0.006341570522636175,0.9935639500617981
1258,2,2,0.4073755443096161,4.624542998499237e-05,0.59201580286026,0.0005623805336654186
1259,1,1,0.00018082439783029258,0.998630166053772,0.0005621173768304288,0.0006268723518587649
1260,1,1,4.239617226176051e-07,0.9999936819076538,4.76098466606345e-06,1.1462018392194295e-06
1261,1,1,2.7964180844719522e-05,0.9999719858169556,8.659676309363817e-10,1.0630340163686469e-08
1262,3,3,0.0006613365258090198,5.023298581363633e-05,0.14333736896514893,0.8559510707855225
1263,0,0,0.9999563694000244,5.776979339344734e-09,4.287629053578712e-05,7.300955076061655e-07
1264,0,0,0.9627465605735779,1.5064671060827095e-05,0.029020171612501144,0.008218139410018921
1265,3,3,1.2694424640358193e-06,3.040426937994667e-11,5.777111437055282e-05,0.9999409914016724
1266,0,0,0.9991558790206909,0.00019083548977505416,0.0006187786348164082,3.454017496551387e-05
1267,1,1,0.0012450802605599165,0.9984666109085083,0.0002796828339342028,8.717250238987617e-06
1268,3,3,3.1457249860977754e-05,1.0594504118444092e-07,0.015759894624352455,0.9842085242271423
1269,3,0,0.999981164932251,5.0608059609658085e-06,1.1162272130604833e-05,2.6218810944556026e-06
1270,2,2,2.4356982976314612e-05,1.2879148926003836e-05,0.9998570680618286,0.00010567717254161835
1271,1,1,0.0034299571998417377,0.9951282739639282,0.0012884726747870445,0.0001532990427222103
1272,0,0,0.8389304280281067,0.16094312071800232,1.2493708254623925e-06,0.00012520690506789833
1273,2,2,0.09576398879289627,0.0002651936956681311,0.49714842438697815,0.4068223834037781
1274,2,2,0.0014483985723927617,0.00029421623912639916,0.991572380065918,0.006685056257992983
1275,2,2,0.0033569622319191694,3.863675374304876e-05,0.9965516328811646,5.277126911096275e-05
1276,1,1,1.2327918739174493e-06,0.9999986886978149,2.8212612690481365e-08,4.607113979204769e-08
1277,2,2,0.0010933945886790752,2.6398106456326786e-06,0.9982643723487854,0.0006396569078788161
1278,0,0,0.9997583031654358,3.59002806362696e-05,6.022241723258048e-05,0.0001455755264032632
1279,2,2,6.130813562776893e-05,5.687698489964532e-07,0.999884843826294,5.3353127441369e-05
1280,3,2,8.130205628731346e-07,2.587621450444999e-09,0.9955686926841736,0.004430460277944803
1281,1,1,9.969193342840299e-06,0.9999898672103882,1.0647235626493057e-07,2.4705064660679454e-09
1282,1,1,2.4262868691948825e-07,0.9999997615814209,2.014460243060512e-08,1.749938638440085e-09
1283,1,1,3.124494242001674e-06,0.9999836683273315,8.45430349727394e-06,4.788549631484784e-06
1284,1,1,0.00026393134612590075,0.9997195601463318,5.266229891276453e-06,1.1255653589614667e-05
1285,3,3,3.459965955698863e-05,1.6137633451762667e-07,0.01319066435098648,0.9867746829986572
1286,2,2,7.88080615166109e-06,7.843309646204943e-08,0.9989184141159058,0.0010736725525930524
1287,1,1,1.512431390437996e-05,0.9998264908790588,0.00014630838995799422,1.2185222658445127e-05
1288,1,1,4.930403747493983e-07,0.9999369382858276,4.074702883372083e-05,2.1822690541739576e-05
1289,2,3,0.13160036504268646,0.006701338104903698,0.4045819342136383,0.4571164548397064
1290,0,0,0.9962618947029114,0.0006988455425016582,0.0016474095173180103,0.0013918728800490499
1291,2,3,0.001518016098998487,2.9378547878877725e-06,0.006199387833476067,0.9922796487808228
1292,3,2,0.03174787014722824,0.0002363465609960258,0.8701905012130737,0.09782527387142181
1293,2,2,5.191180753172375e-05,9.943970091796928e-09,0.9998136162757874,0.00013443751959130168
1294,3,3,1.6740465071052313e-05,3.0805350093032757e-07,0.002870200201869011,0.9971126317977905
1295,2,2,4.290336073609069e-05,0.00047978715156205,0.9994022846221924,7.507638656534255e-05
1296,2,0,0.9995904564857483,0.00013466976815834641,0.00011900443496415392,0.0001558616349939257
1297,3,3,0.00020231190137565136,1.9335558931743435e-08,0.08100232481956482,0.9187953472137451
1298,0,0,0.9999997615814209,5.556191062794369e-10,1.1449381887018717e-08,2.6911234840554243e-07
1299,0,0,1.0,3.9396632657562325e-12,8.580379073919175e-09,5.41416866894906e-09
1300,0,0,0.999998927116394,1.0225626283499878e-06,7.175159577599288e-09,3.4237215285060074e-09
1301,3,3,0.007685655262321234,0.0033811447210609913,0.02475028857588768,0.9641828536987305
1302,1,1,6.88687066485727e-07,0.9999986886978149,2.472369544648245e-07,3.7149155218685337e-07
1303,0,0,0.977577805519104,0.006966698914766312,0.005614704918116331,0.009840788319706917
1304,1,1,0.0008331687422469258,0.9990653395652771,9.873071394395083e-05,2.7772832709160866e-06
1305,2,2,1.4247667422750965e-05,1.0013018680865571e-07,0.9967932105064392,0.0031924068462103605
1306,0,0,0.9991275668144226,5.5612545111216605e-06,0.0008142456063069403,5.270849578664638e-05
1307,3,3,0.23613585531711578,6.081468382035382e-05,0.1017109751701355,0.6620923280715942
1308,0,0,0.7709450721740723,0.006452080328017473,0.13739678263664246,0.08520606905221939
1309,1,1,0.0007233662181533873,0.9991569519042969,5.400105146691203e-05,6.558182212756947e-05
1310,2,2,4.641793930204585e-05,4.886113674729131e-05,0.9996917247772217,0.00021293057943694293
1311,2,2,0.040052630007267,0.0005265151266939938,0.9254814982414246,0.03393932059407234
1312,2,3,0.04690247029066086,0.004102722741663456,0.21241682767868042,0.7365780472755432
1313,0,0,0.955844521522522,0.011725500226020813,0.010430843569338322,0.021999172866344452
1314,3,3,5.986464657325996e-07,7.156296533139539e-07,0.036535006016492844,0.9634637236595154
1315,3,3,0.0002683956117834896,1.4118597846390912e-07,1.6802554455352947e-05,0.9997146725654602
1316,0,0,0.9999997615814209,4.2059748045497614e-11,1.217579779222433e-07,6.761074899941377e-08
1317,1,0,0.8680068850517273,0.0007176849758252501,0.07910757511854172,0.05216777324676514
1318,2,2,8.327992873091716e-06,2.4509752005741348e-09,0.9999908208847046,8.054921636357903e-07
1319,2,2,7.124633702915162e-05,4.2648812268453185e-06,0.9975643157958984,0.002360209822654724
1320,1,1,2.827413858597083e-09,0.9999994039535522,4.065109351358842e-07,2.311363829221591e-07
1321,2,2,0.00011492252815514803,0.00023061891261022538,0.99960857629776,4.597380757331848e-05
1322,1,1,1.273120415135054e-05,0.9999849796295166,4.744103136999911e-07,1.8029344346359721e-06
1323,3,3,0.07429071515798569,0.0002847985888365656,0.0003769191971514374,0.9250475764274597
1324,2,2,0.04228206351399422,0.0005992092774249613,0.9464882612228394,0.010630388744175434
1325,3,3,1.2733787571050925e-06,0.000644155777990818,8.237075235228986e-05,0.9992721676826477
1326,3,3,8.377664926229045e-06,6.280870046282416e-09,0.01532790344208479,0.9846636652946472
1327,1,1,3.4859516517826705e-07,0.9999996423721313,2.9070587714841167e-08,7.681870251019518e-09
1328,1,1,6.268628567340784e-07,0.9999994039535522,3.8610858954513105e-10,8.91241480616145e-09
1329,0,0,0.9999985694885254,1.8974978388541786e-07,2.871903825862887e-09,1.2619217386600212e-06
1330,2,2,0.003517467761412263,5.146546868672885e-07,0.9964491128921509,3.287607614765875e-05
1331,3,3,0.00020944542484357953,5.491833690030035e-06,0.0037310882471501827,0.99605393409729
1332,3,3,6.253881110751536e-06,2.4746256599428307e-07,0.008795922622084618,0.9911975264549255
1333,3,3,0.1263049989938736,0.0006670773727819324,0.00015295956109184772,0.872874915599823
1334,2,2,0.00019847149087581784,6.30266877124086e-05,0.9943844079971313,0.005354089196771383
1335,2,2,0.00012057372805429623,1.666581374593079e-05,0.989744246006012,0.010118537582457066
1336,2,2,0.000620458391495049,1.2394790473990724e-06,0.9993757605552673,2.5397653189429548e-06
1337,2,2,8.486510409966286e-07,7.578886425108067e-07,0.9999611377716064,3.7314104702090845e-05
1338,0,0,0.9999904632568359,6.531035978696309e-08,8.808407159222043e-08,9.36256219574716e-06
1339,0,0,0.9999336004257202,6.287812652772118e-07,1.7133196195118217e-07,6.559130997629836e-05
1340,1,1,0.0006411947542801499,0.715661346912384,0.12968215346336365,0.15401530265808105
1341,2,2,0.0009698998765088618,0.00016313859669025987,0.9164652228355408,0.08240170031785965
1342,1,1,0.00012451241491362453,0.9998359680175781,1.850438457040582e-05,2.0951303667970933e-05
1343,3,3,0.0003413272206671536,6.084916890358727e-07,0.04542059078812599,0.9542375802993774
1344,2,2,0.0007507832488045096,4.027129398309626e-05,0.998044490814209,0.0011644742917269468
1345,3,3,0.005910394247621298,6.501600751107617e-07,0.004408624023199081,0.9896802306175232
1346,3,3,0.0007270193891599774,1.2483776572480565e-06,2.0842895537498407e-05,0.9992509484291077
1347,2,2,1.5476493899768684e-06,4.4181591718484015e-09,0.9999908208847046,7.635522706550546e-06
1348,1,1,0.0329156219959259,0.8384878635406494,0.06018821522593498,0.06840826570987701
1349,3,3,0.004674230236560106,1.856351339313278e-08,0.0004520591755863279,0.9948737025260925
1350,3,3,0.0006608797120861709,1.8300783267477527e-05,0.04895680397748947,0.9503639340400696
1351,1,1,0.0025858907029032707,0.9968461394309998,8.051469194469973e-05,0.000487472687382251
1352,0,0,0.9999958276748657,2.735695545652561e-07,3.6962301237508655e-06,2.538980652389e-07
1353,1,1,3.0861413051752606e-06,0.9999953508377075,1.1700909681167104e-06,3.5170384649063635e-07
1354,3,3,2.392217174929101e-05,0.015785308554768562,0.017308685928583145,0.966882050037384
1355,2,2,0.005678083281964064,0.0015558014856651425,0.9926897883415222,7.627987361047417e-05
1356,1,1,1.8166817028486548e-07,0.9999997615814209,7.883057406843363e-08,1.4243905610555885e-08
1357,2,2,0.0031417144928127527,0.00010309339268133044,0.9934327602386475,0.0033224443905055523
1358,2,2,4.060722858412191e-06,4.7030172822815075e-07,0.9994971752166748,0.0004983379039913416
1359,2,2,2.9388847906375304e-06,1.5834766600164585e-06,0.9987578392028809,0.0012376158265396953
1360,3,3,1.149418427104365e-08,6.297425358958719e-10,4.1109164158115163e-05,0.999958872795105
1361,2,3,0.002533805090934038,0.0002324940578546375,0.4603179693222046,0.5369157791137695
1362,1,1,5.306154889694881e-06,0.9999462366104126,3.5911893064621836e-05,1.2532525943242945e-05
1363,3,3,0.06343812495470047,9.7834140433406e-07,3.806028325925581e-05,0.9365227818489075
1364,3,2,0.0029418841004371643,5.969525318505475e-07,0.9834709763526917,0.013586558401584625
1365,0,0,0.9999750852584839,7.743466312604141e-07,2.3894574042060412e-05,3.2934468663370353e-07
1366,2,2,4.141899989917874e-05,1.1592783266678452e-06,0.9999477863311768,9.667210179031827e-06
1367,2,2,0.0005743953515775502,6.162259523989633e-05,0.7911465167999268,0.20821747183799744
1368,3,3,2.2496048757147946e-07,2.5136899228783705e-09,0.00017190164362546057,0.9998278617858887
1369,2,2,0.003033342072740197,4.428202373674139e-06,0.9952294826507568,0.0017328363610431552
1370,3,3,7.934750101412646e-06,3.6704413730603846e-08,0.0008422652026638389,0.9991497993469238
1371,1,1,1.2574136235343758e-05,0.9999716281890869,1.051057279255474e-05,5.20435150974663e-06
1372,2,2,5.027244333177805e-05,1.1891764870597399e-06,0.9997221827507019,0.00022629342856816947
1373,0,0,0.9812238216400146,1.0200946235272568e-05,0.018659479916095734,0.00010648645547917113
1374,2,2,0.3659081757068634,2.6693460313254036e-05,0.6238555908203125,0.0102095240727067
1375,3,3,0.0020026243291795254,0.00029125437140464783,0.029278457164764404,0.9684275984764099
1376,1,1,0.14654117822647095,0.7604838609695435,0.06597063690423965,0.027004273608326912
1377,3,1,0.33934780955314636,0.48841241002082825,0.002185397781431675,0.17005440592765808
1378,3,3,3.321723397675669e-06,8.172333920697383e-09,0.0004947206471115351,0.9995019435882568
1379,0,0,0.9995612502098083,4.569617158267647e-05,9.367879829369485e-05,0.0002994367096107453
1380,2,2,1.09637276182184e-05,1.564274384691089e-06,0.9999706745147705,1.6736958059482276e-05
1381,1,1,0.00013144129479769617,0.999864935874939,5.997446539396378e-09,3.5431487503956305e-06
1382,1,1,3.188402217801922e-07,0.9999995231628418,2.0194849525978498e-07,1.7974743915516456e-09
1383,3,3,0.0007226468296721578,3.7131059798412025e-05,0.005660021211951971,0.9935802221298218
1384,1,1,0.0003515716816764325,0.9995889067649841,3.0817187507636845e-05,2.877001497836318e-05
1385,0,0,0.9999992847442627,2.9067249940339934e-08,5.229404109741154e-07,1.5844916845253465e-07
1386,0,0,0.9999997615814209,7.457025930079908e-08,4.9246118294377084e-08,1.6477058295549796e-07
1387,2,2,0.0001298872084589675,0.0007869182736612856,0.9957298636436462,0.0033533736132085323
1388,2,2,0.007669589947909117,1.1635237569862511e-05,0.6251891851425171,0.3671296238899231
1389,1,1,5.857236828887835e-05,0.9998811483383179,3.688582728500478e-05,2.3333388526225463e-05
1390,3,3,0.002192956628277898,0.00034975033486261964,0.23346813023090363,0.7639891505241394
1391,3,3,0.000320678751450032,3.5163106076652184e-05,0.014057090505957603,0.9855871200561523
1392,3,3,2.9209212826231123e-08,4.8926598883447525e-11,1.147686180047458e-05,0.9999884366989136
1393,1,1,7.559811479040945e-07,0.9999988079071045,2.408441162060626e-07,2.0250185173154023e-07
1394,0,0,0.9999990463256836,6.559712772968851e-10,2.5316804652675273e-08,9.243927365787385e-07
1395,2,2,1.1441674359957688e-05,3.62141538978733e-10,0.9999856948852539,2.851887529686792e-06
1396,2,2,2.3370181224890985e-05,7.130525045795366e-05,0.998939573764801,0.0009657969931140542
1397,1,0,0.3483778238296509,0.3157777488231659,0.2818199098110199,0.05402453616261482
1398,2,2,0.000608868314884603,1.7637149767324445e-06,0.9984855055809021,0.0009039358701556921
1399,0,0,0.9999494552612305,1.407428499078378e-06,8.261147740995511e-06,4.091049049748108e-05
1400,1,1,0.001892989152111113,0.9729476571083069,6.195714831846999e-06,0.025153182446956635
1401,3,3,8.364430641449871e-07,1.0055433818934034e-08,9.941859752871096e-05,0.9998997449874878
1402,0,0,0.9994773268699646,0.00019167765276506543,0.00014110677875578403,0.00019000816973857582
1403,0,0,0.9977819323539734,7.666369583603228e-07,0.0019571646116673946,0.00026023839018307626
1404,1,1,0.005862254183739424,0.9914660453796387,0.0024016532115638256,0.0002701136108953506
1405,1,1,6.7548876359069254e-06,0.9999929666519165,1.9412773610838485e-07,1.0675351092004348e-07
1406,1,1,0.0005906986189074814,0.9993778467178345,1.72023555933265e-05,1.4148246918921359e-05
1407,1,1,0.12799511849880219,0.87123042345047,0.0001722381275612861,0.0006022897432558239
1408,1,1,0.010126234963536263,0.9897682070732117,6.249739089980721e-05,4.308524148655124e-05
1409,2,2,0.0005220411694608629,2.1697278498322703e-05,0.9990748167037964,0.0003814436786342412
1410,2,2,0.0003683351387735456,0.00032488047145307064,0.9989455342292786,0.0003612427681218833
1411,2,2,0.4547070562839508,0.0002466469013597816,0.5275132656097412,0.01753302849829197
1412,3,3,6.77651260048151e-05,4.3452558884382597e-07,0.006428382825106382,0.9935033917427063
1413,3,3,6.105921056587249e-05,7.471116077795159e-06,0.0036571051459759474,0.9962743520736694
1414,1,1,3.173828008584678e-05,0.9961464405059814,0.0037625483237206936,5.927976599195972e-05
1415,2,2,6.013189022269216e-07,1.324413079206721e-10,0.9999991655349731,2.8801369467146287e-07
1416,2,0,0.5439026355743408,0.00015905725012999028,0.43472984433174133,0.021208424121141434
1417,1,1,7.742668458377011e-06,0.999991774559021,3.062112341467582e-07,9.610723594732917e-08
1418,1,1,2.0192392184981145e-06,0.9999831914901733,8.018183507374488e-06,6.778950591979083e-06
1419,2,2,0.005522402934730053,0.0001515935146017,0.9734089970588684,0.02091693878173828
1420,2,2,0.0009473923710174859,1.6995561963994987e-05,0.9978821873664856,0.0011533701326698065
1421,0,0,0.7433647513389587,3.2152895528270165e-06,0.002764190314337611,0.25386783480644226
1422,1,1,9.265503467759117e-05,0.9996830224990845,7.527974958065897e-05,0.00014911804464645684
1423,0,0,0.9932183623313904,0.006037050858139992,0.00027809521998278797,0.00046652270248159766
1424,0,0,0.9999814033508301,4.5262322601047345e-06,4.702656042354647e-06,9.471709745412227e-06
1425,3,3,2.375400853793508e-08,1.6855130525073037e-05,0.00027801384567283094,0.9997051358222961
1426,3,3,0.0006751142791472375,3.9313715660682647e-07,3.5531182220438495e-05,0.9992889165878296
1427,3,3,0.001968846656382084,0.005457905121147633,0.07304233312606812,0.9195308685302734
1428,3,3,1.0455712526891148e-06,6.813934749771988e-09,1.9525157767930068e-05,0.9999793767929077
1429,3,3,0.009380282834172249,0.0001494548487244174,0.000913150142878294,0.9895570874214172
1430,2,2,0.0023309935349971056,0.022472279146313667,0.9741806387901306,0.0010160752572119236
1431,2,2,0.0007474402664229274,6.277943157328991e-06,0.979486882686615,0.019759368151426315
1432,2,2,0.01955334283411503,3.559125971719368e-08,0.9626055955886841,0.017841089516878128
1433,3,3,2.1732755328685016e-07,4.727872315868353e-09,0.0036574595142155886,0.9963423609733582
1434,3,3,8.559725392842665e-05,4.336393146786577e-07,0.0017264600610360503,0.9981874823570251
1435,1,1,0.0004315474652685225,0.9994124174118042,1.1966788804329553e-07,0.00015592512500006706
1436,0,3,0.4297727346420288,0.03132745623588562,0.05465550348162651,0.4842442572116852
1437,3,3,0.005797579884529114,0.00025157100753858685,0.007464632857590914,0.9864861965179443
1438,2,2,5.396082087827381e-07,9.814210555347813e-10,0.9990849494934082,0.0009145034127868712
1439,3,3,0.00010140765516553074,8.290211553685367e-06,0.0049219923093914986,0.9949683547019958
1440,1,1,9.62766080192523e-07,0.9999953508377075,3.8066136198722234e-07,3.3240733046113746e-06
1441,2,2,0.0006646420224569738,3.372270384716103e-06,0.9495494961738586,0.04978249594569206
1442,0,0,0.9983680844306946,0.0003204908862244338,0.0009400671697221696,0.0003713903424795717
1443,3,3,0.00012904126197099686,6.293594765338639e-07,0.0014491192996501923,0.9984211921691895
1444,3,3,2.479408067301847e-06,9.297478342773502e-09,3.179285704391077e-05,0.9999656677246094
1445,0,0,0.9999998807907104,1.563722415443003e-11,2.205171867331046e-08,1.2977075414255523e-07
1446,3,3,2.1428944307899656e-07,2.8503737325991096e-07,0.000872908451128751,0.9991266131401062
1447,3,2,0.22435876727104187,2.970322157125338e-07,0.7287817001342773,0.046859290450811386
1448,0,0,0.9967198967933655,0.0026275888085365295,1.7798121916712262e-05,0.0006346388254314661
1449,3,3,2.9910395369370235e-06,3.0791840188726383e-09,0.08599346876144409,0.9140034914016724
1450,2,2,0.0019946021493524313,0.0014040740206837654,0.9961058497428894,0.0004955229815095663
1451,2,2,5.31678369952715e-06,1.171180912251657e-07,0.9999502897262573,4.41916890849825e-05
1452,3,3,0.029355723410844803,1.4505230794270574e-08,0.04245451092720032,0.9281898140907288
1453,0,0,0.9999648332595825,2.9157076752994726e-09,2.214539381384384e-05,1.3045947525824886e-05
1454,1,1,1.6142534150276333e-05,0.9999550580978394,2.8083277356927283e-05,7.276644851117453e-07
1455,0,0,0.9999704360961914,7.515503774868648e-09,1.321326635661535e-05,1.6315336324623786e-05
1456,2,2,0.018999986350536346,2.4671935534570366e-06,0.9613628387451172,0.019634658470749855
1457,3,3,2.1429123080451973e-06,7.298477933126435e-10,0.0018310582963749766,0.9981667995452881
1458,1,1,2.488429527147673e-05,0.9999464750289917,2.8377133276080713e-05,1.860582869994687e-07
1459,0,0,0.9999960660934448,1.3463281902659219e-06,1.1611178933890187e-06,1.435566446161829e-06
1460,3,1,0.03845446556806564,0.6910073161125183,3.324259159853682e-05,0.2705049514770508
1461,0,0,0.9999774694442749,3.696394657026758e-08,7.64700303079735e-07,2.175232657464221e-05
1462,3,2,0.0793418139219284,2.2488560716737993e-05,0.4769890606403351,0.4436466097831726
1463,0,0,0.9986909031867981,0.0010399851016700268,9.967620280804113e-05,0.00016942319052759558
1464,0,0,0.9998214840888977,5.681561560777482e-06,3.847630523523549e-06,0.00016902109200600535
1465,1,1,0.00012169899855507538,0.9998427629470825,2.8502186069090385e-06,3.260356606915593e-05
1466,0,1,0.3613888621330261,0.6376243829727173,0.0009046403574757278,8.215047273552045e-05
1467,1,1,1.3040630619798321e-05,0.9999864101409912,3.7662198337784503e-07,1.1387862031142504e-07
1468,1,1,1.1498255503283872e-07,0.9999996423721313,2.2574923264073732e-07,4.073776427304665e-09
1469,2,2,1.920639260788448e-05,7.144320193219755e-07,0.9999639987945557,1.6046391465351917e-05
1470,1,1,5.423506536317291e-06,0.9999945163726807,9.558118563290918e-08,2.1354482626634308e-08
1471,3,3,8.048877475630434e-07,1.1470698696447457e-10,3.7257409530866425e-06,0.9999954700469971
1472,0,0,0.9999964237213135,3.517993491186644e-06,2.3537065629852805e-08,4.5027133133146435e-09
1473,1,1,0.00020705196948256344,0.9997828602790833,3.838521479337942e-06,6.367937203322072e-06
1474,3,3,0.0007434807484969497,4.372571638100453e-08,0.0015007321489974856,0.9977558255195618
1475,0,0,0.9941554069519043,0.005388990510255098,0.00025379168801009655,0.00020182905427645892
1476,2,2,2.8440685127861798e-05,7.809990347595885e-05,0.9988844990730286,0.0010089846327900887
1477,0,0,0.5881921648979187,0.02566523477435112,0.2915690243244171,0.09457353502511978
1478,1,1,0.00022863097547087818,0.9987043142318726,0.0009579631732776761,0.00010908449621638283
1479,0,0,0.9834367036819458,0.0005036196089349687,0.016002925112843513,5.67840070289094e-05
1480,2,2,6.858599590486847e-06,3.2165436891773425e-07,0.9998586177825928,0.0001341657480224967
1481,2,2,0.05121111869812012,0.014106309972703457,0.9048362970352173,0.02984631061553955
1482,2,2,0.0007753992103971541,2.7688820409821346e-05,0.9987868666648865,0.00041011907160282135
1483,2,2,0.00018234348681289703,7.52588821342215e-05,0.9979477524757385,0.00179457722697407
1484,1,1,3.292607289040461e-06,0.9999380111694336,1.144179350376362e-05,4.71621060569305e-05
1485,3,3,0.00017928413581103086,1.620639523025602e-06,0.003248754655942321,0.996570348739624
1486,3,3,4.271277020961861e-07,1.4583100949039363e-07,0.002203171607106924,0.9977962970733643
1487,1,1,7.439679029630497e-05,0.9987266659736633,0.0008620833395980299,0.0003367901954334229
1488,1,1,0.027452247217297554,0.9722248911857605,0.00012016082473564893,0.00020266401406843215
1489,1,1,8.986386745846175e-09,0.9999985694885254,4.126905928103497e-09,1.4713273230881896e-06
1490,0,0,0.9999783039093018,2.1568094865642706e-08,2.082610626530368e-05,7.932741254990106e-07
1491,0,0,0.8503283858299255,1.9081213395111263e-05,0.1488669067621231,0.0007855473668314517
1492,0,0,0.9991828799247742,4.139647717238404e-05,0.0005985168390907347,0.0001771356473909691
1493,1,1,0.0009660241776145995,0.9989525079727173,2.945239430118818e-05,5.204209446674213e-05
1494,0,3,0.18837183713912964,3.62379323632922e-05,0.0008023187983781099,0.8107895851135254
1495,2,2,0.057608719915151596,0.00022058977629058063,0.9322837591171265,0.009886963292956352
1496,1,1,0.00012177720782347023,0.9992427825927734,0.0003762260312214494,0.0002592463861219585
1497,3,3,0.15993686020374298,0.0004383756604511291,0.10976331681013107,0.7298615574836731
1498,3,3,0.0001618236565263942,1.4915508472768124e-07,2.5309520424343646e-05,0.9998127818107605
1499,3,3,2.164741999877151e-06,2.6368697447765044e-08,1.3300815226102713e-05,0.9999845027923584
1500,2,2,5.4130573516886216e-06,2.9340282026169007e-07,0.9999562501907349,3.8077392673585564e-05
1501,3,3,0.0032943401020020247,1.745369502259564e-07,0.00041122717084363103,0.9962943196296692
1502,1,1,0.0026213221717625856,0.997328519821167,4.460073614609428e-05,5.598526968242368e-06
1503,3,3,0.0012775828363373876,5.303542138790363e-07,8.320876804646105e-05,0.9986386895179749
1504,0,0,0.999969482421875,6.038850841605381e-08,2.4034514353843406e-05,6.368226877384586e-06
1505,0,0,0.9999833106994629,1.5041622461464677e-11,6.26952942184289e-06,1.0406527508166619e-05
1506,0,0,0.9984182119369507,2.2279277800407726e-06,0.001214626245200634,0.0003649210266303271
1507,3,3,0.0023814390879124403,3.9102999949136574e-08,6.803920769016258e-07,0.9976179003715515
1508,3,2,0.000849032832775265,9.851943332250812e-07,0.8309686183929443,0.1681814193725586
1509,3,3,0.0028424588963389397,2.5061561359507323e-07,0.008884023874998093,0.9882733225822449
1510,3,3,5.3248404583428055e-06,3.2319249498868885e-08,0.015338964760303497,0.9846557378768921
1511,2,2,0.0042451536282896996,9.930954547598958e-08,0.9485982656478882,0.047156479209661484
1512,3,3,0.0001313383545493707,3.361725475770072e-08,0.06088118255138397,0.9389874935150146
1513,3,3,0.00010708451736718416,2.063676021180072e-07,0.024923356249928474,0.9749693274497986
1514,2,2,0.00529463728889823,8.386381523450837e-06,0.952165424823761,0.04253155365586281
1515,1,1,0.0017636315897107124,0.9910731911659241,0.004746680147945881,0.0024165508802980185
1516,3,3,6.768375442334218e-06,1.0787703175196839e-08,0.002105131046846509,0.9978881478309631
1517,0,0,0.9999996423721313,4.2455758353376893e-10,5.802698055390465e-08,3.3424819889660284e-07
1518,1,1,3.685394403873943e-06,0.9999829530715942,7.032775556581328e-06,6.28762791166082e-06
1519,0,0,0.9999704360961914,2.3664790660404833e-06,2.6738446123886206e-08,2.7164634957443923e-05
1520,3,3,0.017447782680392265,1.0890069461311214e-05,4.1033170418813825e-05,0.9825002551078796
1521,0,0,0.9999877214431763,1.4821999627656623e-07,4.5076447463543445e-07,1.1645521226455458e-05
1522,1,1,0.0008814939646981657,0.9986255168914795,0.00039144884794950485,0.00010153192124562338
1523,0,0,0.9831501841545105,0.003596280701458454,0.011529183015227318,0.0017244020709767938
1524,2,2,3.792078496189788e-05,1.7037432371580508e-06,0.9997001886367798,0.0002602691820356995
1525,0,0,0.9404069781303406,0.00022730570344720036,0.04889223724603653,0.010473428294062614
1526,3,3,0.03402326628565788,0.31351736187934875,0.1174730509519577,0.5349863171577454
1527,2,3,0.019153067842125893,0.11030051857233047,0.27527037262916565,0.5952760577201843
1528,0,0,0.9965404272079468,1.0757257769000717e-05,0.0006160944467410445,0.0028328236658126116
1529,0,0,0.9895125031471252,4.2120616853935644e-05,5.578841228270903e-05,0.010389531962573528
1530,2,2,0.00011805685790022835,6.319812200672459e-06,0.9987435936927795,0.0011319740442559123
1531,2,2,0.28576579689979553,0.030379794538021088,0.6306299567222595,0.05322447419166565
1532,0,0,0.9999960660934448,6.529488061346456e-09,2.6565086841401353e-07,3.6825686038355343e-06
1533,0,0,0.6422803401947021,0.3567582070827484,5.234815034782514e-05,0.000909067050088197
1534,3,3,8.666803478263319e-05,3.199547791155055e-07,0.007549712900072336,0.9923632144927979
1535,0,0,0.9999661445617676,1.8643380172989055e-08,2.4083970856736414e-05,9.702706847747322e-06
1536,1,1,1.4587099030904938e-06,0.9999985694885254,2.0898775765498812e-10,2.217176131580345e-08
1537,0,0,0.976482093334198,6.793400643800851e-06,0.016839439049363136,0.00667164009064436
1538,0,0,0.9994497895240784,4.627487942343578e-05,0.0004553692997433245,4.8536512622376904e-05
1539,2,2,0.04596157371997833,0.0030793584883213043,0.9498516321182251,0.0011074341600760818
1540,1,1,0.007538157515227795,0.9924430251121521,8.588955097366124e-06,1.0123989341082051e-05
1541,3,3,0.005581059027463198,0.01547458115965128,0.15543657541275024,0.8235077857971191
1542,3,3,3.157955507049337e-05,1.4357162569922366e-08,0.005360855720937252,0.9946075677871704
1543,0,0,0.9982662796974182,2.0097479136893526e-05,0.0008644720655865967,0.0008491677581332624
1544,0,0,0.9999861717224121,3.058486242046854e-10,1.0302876489731716e-06,1.2804753168893512e-05
1545,0,0,0.999994158744812,1.5344159720598327e-08,5.767369202658301e-06,6.702462229668527e-08
1546,0,0,0.9974155426025391,1.1910997272934765e-05,4.648615504265763e-05,0.002526078373193741
1547,1,1,3.713636760949157e-05,0.9999576807022095,9.457822081060385e-09,5.146567218616838e-06
1548,2,0,0.9117766618728638,0.006576101295650005,0.07228744029998779,0.009359819814562798
1549,0,0,0.9999992847442627,3.560129302471182e-09,5.535105174203636e-07,1.6742403374792048e-07
1550,3,3,6.310693152045133e-06,1.6365507349291875e-07,9.116725414060056e-05,0.9999023675918579
1551,1,1,2.2071660623623757e-06,0.9999977350234985,3.494530886882785e-08,1.4838765771685303e-09
1552,2,2,0.27089232206344604,0.0034322766587138176,0.6879092454910278,0.03776613622903824
1553,1,1,4.617383098093342e-08,0.9999992847442627,4.454076361071202e-07,1.8934481715859874e-07
1554,1,1,2.8293348108832106e-08,0.9999990463256836,8.051961799537821e-07,7.911746990885149e-08
1555,1,1,1.6284089724649675e-05,0.9999828338623047,8.218646598834312e-07,8.896204661823504e-08
1556,2,2,2.8288761313888244e-05,3.17148590056604e-07,0.9999669790267944,4.481621544982772e-06
1557,1,1,2.0163669489647873e-07,0.9999992847442627,5.213136660131568e-07,1.9126867201180175e-08
1558,1,1,2.021029121834772e-09,1.0,3.329388320594262e-09,2.969781365269597e-10
1559,0,0,0.9953451752662659,1.2131666835557553e-06,1.1716324479493778e-06,0.00465236883610487
1560,1,1,5.802890427730745e-06,0.9999935626983643,4.914885494144983e-07,1.1425494506056566e-07
1561,2,2,7.034058739918692e-07,4.5450324392959374e-08,0.9999932050704956,6.007750926073641e-06
1562,0,0,0.9986388087272644,0.0007663136348128319,0.0003926070930901915,0.00020223736646585166
1563,1,1,8.36711024021497e-06,0.9999916553497314,3.343030385849488e-08,1.0152082730030543e-08
1564,1,1,0.0010901427594944835,0.9988380074501038,7.088381971698254e-05,9.004328944683948e-07
1565,1,1,2.2547606931766495e-05,0.9997815489768982,3.7230918678687885e-05,0.00015860554412938654
1566,1,1,1.615067617422028e-07,0.9999911785125732,8.167789019353222e-06,4.4506350604933687e-07
1567,0,0,0.9682683348655701,0.0031314680818468332,0.0017171576619148254,0.026882989332079887
1568,0,0,0.999991774559021,2.5488672505957766e-08,6.579203386536392e-07,7.4262588896090165e-06
1569,1,1,6.191519901221909e-07,0.9999992847442627,5.113609802265273e-08,1.885128497747246e-08
1570,1,1,5.804955799249001e-05,0.9996881484985352,0.00024652681895531714,7.249177997437073e-06
1571,1,1,2.5420129531994462e-05,0.9999744892120361,1.3589705361027882e-08,1.5173581857652607e-07
1572,0,1,0.31929248571395874,0.4134892225265503,0.2048681378364563,0.062350157648324966
1573,3,3,0.0017863401444628835,1.3426257794435514e-07,0.0015279909130185843,0.9966855645179749
1574,1,1,0.0014416677877306938,0.9974197149276733,0.00038263178430497646,0.0007560173980891705
1575,2,2,0.0004885621019639075,2.8942947665200336e-06,0.9756902456283569,0.023818358778953552
1576,0,0,0.9934417009353638,1.3233544677859754e-06,0.0023062112741172314,0.00425069872289896
1577,1,1,7.660267328901682e-06,0.9999923706054688,2.738950177771926e-10,3.589486752275661e-08
1578,0,0,0.9970458149909973,4.386994623928331e-05,0.002867508679628372,4.273620652384125e-05
1579,3,3,0.002882774453610182,0.016918908804655075,0.0051072039641439915,0.9750910401344299
1580,0,0,0.9945610165596008,1.4856744201097172e-05,0.0010408079251646996,0.004383245948702097
1581,0,0,1.0,7.822316683281372e-10,7.750027286590466e-09,2.3521700143191993e-09
1582,0,0,0.9999905824661255,4.074922443919604e-08,1.964753408856268e-07,9.11514234758215e-06
1583,1,1,3.099186471899884e-07,0.9999996423721313,9.740278722469853e-11,8.905751136545348e-10
1584,2,2,4.200646344543202e-06,1.1960610208916478e-06,0.975456953048706,0.024537663906812668
1585,1,1,8.119374683701608e-08,0.9999998807907104,3.994162867115847e-08,1.0068571754118238e-08
1586,0,0,0.9996426105499268,1.1698009529936826e-06,0.00016812363173812628,0.000188019301276654
1587,0,0,0.9998517036437988,5.376467015594244e-05,6.170719279907644e-05,3.27552916132845e-05
1588,1,1,3.213056334061548e-05,0.9999669790267944,8.317090305354213e-07,1.9697697695164607e-08
1589,0,0,0.9999957084655762,2.1416834528054096e-08,3.4383012348371267e-07,3.926845238311216e-06
1590,2,2,4.7382229240611196e-05,1.61014777404489e-05,0.9991445541381836,0.000791879603639245
1591,2,2,0.0018183974316343665,0.0008852671599015594,0.9911723732948303,0.0061238729394972324
1592,1,1,0.00015496202104259282,0.9998443126678467,6.357523716360447e-07,5.991105922475981e-08
1593,0,0,0.9999990463256836,1.1384265086178402e-08,6.068349307497556e-07,3.1958620638761204e-07
1594,1,1,0.0009671737789176404,0.9989688396453857,5.777249680249952e-05,6.2153117141861e-06
1595,0,0,0.9999903440475464,4.556635246899532e-07,1.4441885909377561e-08,9.16851331567159e-06
1596,1,1,0.00023404187231790274,0.9983453750610352,0.00017539811960887164,0.0012451992370188236
1597,2,2,0.00181127421092242,2.5027293304447085e-07,0.988399863243103,0.009788630530238152
1598,0,0,0.9999995231628418,8.324673217430245e-08,4.041141039579088e-07,7.405643032143416e-08
1599,0,0,0.7390142679214478,0.26097413897514343,8.750190318096429e-06,2.8936001399415545e-06
1600,3,3,0.0038794362917542458,0.0022585606202483177,0.016009697690606117,0.9778523445129395
1601,1,1,2.1903306945958434e-10,1.0,4.947082299366912e-09,2.0841207926114436e-10
1602,2,2,0.00018065539188683033,7.607725649450003e-08,0.9998027682304382,1.6501802747370675e-05
1603,2,3,0.09951341897249222,1.1374442010492203e-06,0.01509395893663168,0.8853914737701416
1604,1,1,4.653144787880592e-05,0.9999481439590454,4.482408712647157e-06,7.920346547507506e-07
1605,0,0,0.9999459981918335,6.451608669522102e-08,3.696927024066099e-06,5.0289549108128995e-05
1606,3,3,0.006144326645880938,0.00011292645649518818,0.012163905426859856,0.9815788269042969
1607,2,2,0.004294447600841522,7.194037152657984e-07,0.9954319000244141,0.00027288999990560114
1608,0,0,0.7906129360198975,5.550348760152701e-06,0.2035467028617859,0.005834814161062241
1609,3,3,0.11083263903856277,0.00011855570483021438,0.39788633584976196,0.4911625385284424
1610,3,3,5.649646528382846e-09,4.1175809289972776e-11,3.501992580368096e-07,0.9999996423721313
1611,2,2,0.0009155587176792324,3.0185383366188034e-06,0.9990594983100891,2.202294854214415e-05
1612,2,2,5.641641837428324e-05,4.569666998577304e-06,0.5865669846534729,0.4133720099925995
1613,2,1,0.035040173679590225,0.6975316405296326,0.009095518849790096,0.25833263993263245
1614,1,1,1.1713694220816251e-05,0.9999557733535767,1.9375727788428776e-05,1.3054466762696393e-05
1615,2,2,0.0002920252736657858,5.206247806199826e-06,0.7283327579498291,0.2713700532913208
1616,0,0,0.990675687789917,0.008603553287684917,0.00027315341867506504,0.000447530735982582
1617,0,1,0.415598601102829,0.5784173011779785,0.0014129012124612927,0.00457123015075922
1618,3,3,7.315927419426771e-09,5.482363452102845e-10,0.0001187325906357728,0.9998812675476074
1619,3,3,0.0003395332023501396,6.9944294409651775e-06,0.0013418263988569379,0.9983116388320923
1620,3,3,0.032435253262519836,0.003970568999648094,0.08680432289838791,0.8767898678779602
1621,3,3,7.786950845911633e-06,1.6778848532794655e-07,0.0016611638711765409,0.9983308911323547
1622,2,2,0.00030772737227380276,3.867757669695493e-08,0.9996669292449951,2.5307566829724237e-05
1623,0,0,0.7847214341163635,0.2103540152311325,0.0005073255742900074,0.004417216405272484
1624,1,1,6.894503167131916e-05,0.9999276399612427,3.1896709060674766e-06,2.839346109340113e-07
1625,3,3,2.190136547142174e-05,0.00020720800966955721,0.0442981943488121,0.9554727077484131
1626,3,3,5.7225344789912924e-05,1.7410633290637634e-07,0.0009539395105093718,0.998988687992096
1627,1,1,0.02366217039525509,0.9747830033302307,0.0002295701124239713,0.0013253253418952227
1628,2,2,0.0001374104613205418,3.9458154077465224e-08,0.9998531341552734,9.342083103547338e-06
1629,3,3,2.87350394501118e-06,0.0008206432103179395,0.0012591364793479443,0.9979173541069031
1630,3,3,1.1177179658261593e-05,2.0137655099006224e-07,0.0037887748330831528,0.9961997866630554
1631,2,2,0.02359648235142231,0.00018981880566570908,0.669439435005188,0.30677422881126404
1632,3,0,0.5224594473838806,0.17926762998104095,0.023021994158625603,0.27525094151496887
1633,3,3,0.015110202133655548,0.005076143424957991,0.0075335633009672165,0.9722800850868225
1634,3,3,2.882360786315985e-05,4.0692668790143216e-07,0.0008180356817319989,0.9991527795791626
1635,2,2,8.255018656200264e-06,1.0106020909006475e-08,0.9999721050262451,1.9681510821101256e-05
1636,0,0,0.9999990463256836,8.694912594364723e-07,4.630779315561995e-08,1.2902688695248798e-07
1637,0,0,0.9001513123512268,0.03654363751411438,0.0012352499179542065,0.0620698556303978
1638,2,2,3.621946120802022e-08,2.88374451429263e-07,0.9956735968589783,0.00432611582800746
1639,3,3,0.25817713141441345,0.00018437145627103746,0.002057547215372324,0.7395809292793274
1640,3,3,2.8417907742550597e-05,0.0001547050487715751,0.007888896390795708,0.991927981376648
1641,3,3,2.827936107507867e-08,1.0499989766543649e-10,3.381562419235706e-05,0.9999661445617676
1642,3,3,6.407111413864186e-06,1.0853002940791612e-08,2.6727455406216905e-05,0.9999668598175049
1643,1,1,0.0006754230707883835,0.9988263249397278,0.00016042107017710805,0.0003377786779310554
1644,0,0,0.999990701675415,4.298574367567198e-06,8.237857969106699e-07,4.1256362237618305e-06
1645,2,2,5.76396232645493e-05,5.066673838882707e-05,0.9998424053192139,4.925601024297066e-05
1646,1,1,1.7671631212579086e-05,0.9999819993972778,1.3977195578718238e-07,1.9036197329569404e-07
1647,3,3,4.860739409195958e-06,1.8176717020423894e-08,0.0118287093937397,0.9881664514541626
1648,0,0,0.99934321641922,2.6053367037093267e-05,0.0002820189984049648,0.000348701752955094
1649,0,0,0.9999816417694092,2.377144481258142e-09,2.762709982562228e-06,1.5583544154651463e-05
1650,1,1,0.046562474220991135,0.9454858899116516,0.00044082029489800334,0.007510866038501263
1651,1,1,0.0006420096615329385,0.9993494153022766,1.8161089201385039e-06,6.832204689999344e-06
1652,2,2,0.00032437272602692246,0.002402483718469739,0.996371865272522,0.0009013451635837555
1653,3,3,0.0004071079019922763,1.9231357839544216e-07,0.005480046384036541,0.9941126704216003
1654,2,2,0.002066483488306403,3.110380703219562e-06,0.9977611303329468,0.00016925772069953382
1655,3,3,0.0885491669178009,0.00019524524395819753,0.009529270231723785,0.9017263650894165
1656,1,1,2.1129694971477875e-07,0.9999995231628418,6.959844367493417e-10,2.6153824705943407e-07
1657,2,2,7.930074161777156e-07,1.105390083466773e-06,0.9997450709342957,0.0002530388592276722
1658,0,0,0.8112865686416626,0.0003525044012349099,0.13595014810562134,0.052410777658224106
1659,3,3,4.534038907877402e-06,3.360796836204827e-05,0.0029504625126719475,0.9970113039016724
1660,3,3,1.7950627579921274e-06,4.2021113699775015e-07,0.0039514703676104546,0.996046245098114
1661,2,2,0.0002243660419480875,5.779774596703646e-07,0.9972100853919983,0.002565020229667425
1662,2,2,0.022202208638191223,0.00016197639342863113,0.9206202626228333,0.05701558291912079
1663,1,1,1.3712420354750066e-07,0.9999998807907104,1.3191096825959647e-10,3.931833703063603e-08
1664,0,0,0.9974433183670044,2.8250487957848236e-05,8.135798452713061e-06,0.002520368667319417
1665,2,2,0.058182697743177414,1.230790530826198e-05,0.9371880292892456,0.0046169571578502655
1666,3,3,0.0001308761420659721,1.1599832760111894e-05,0.05420343950390816,0.9456540942192078
1667,3,3,1.6807173608412995e-07,1.8932971856955305e-10,3.5512632621248486e-06,0.9999963045120239
1668,2,0,0.9353958964347839,1.8246370018459857e-05,0.051097627729177475,0.013488204218447208
1669,3,3,7.512563229283842e-07,3.3293694912117644e-08,8.543283183826134e-05,0.9999138116836548
1670,2,2,0.0008605247130617499,2.9576092686056654e-08,0.9943781495094299,0.004761287942528725
1671,0,0,0.9604763984680176,0.010042702779173851,0.007998937740921974,0.021481994539499283
1672,0,0,0.9999796152114868,6.710282463018302e-08,1.4277877653512405e-06,1.890513340185862e-05
1673,2,2,0.003527270397171378,0.0015229237033054233,0.6862087249755859,0.30874112248420715
1674,1,1,0.0003191370633430779,0.9989845156669617,0.0004211600753478706,0.00027516685076989233
1675,0,0,0.9923059344291687,1.8501109479984734e-06,0.004647133406251669,0.003045164281502366
1676,3,3,4.638144162072422e-07,4.744651338484118e-10,0.0003285559359937906,0.9996709823608398
1677,1,1,0.00033574903500266373,0.9996422529220581,9.300000783696305e-06,1.2648022675421089e-05
1678,2,2,0.0013569764560088515,0.00018695546896196902,0.9956990480422974,0.0027570973616093397
1679,1,1,0.00024147350632119924,0.9997585415840149,2.616751437756193e-08,3.707757301185666e-08
1680,0,0,0.8542863130569458,0.0012069843942299485,0.14149658381938934,0.0030101474840193987
1681,2,2,0.0003970256366301328,0.0003330720937810838,0.9971942901611328,0.0020755811128765345
1682,1,1,1.736972262733616e-05,0.9999791383743286,8.199826311283687e-07,2.6032291771116434e-06
1683,3,3,2.5690471261441417e-07,1.88734414763303e-08,1.4215661394700874e-05,0.9999855756759644
1684,1,1,1.4338539813252282e-06,0.9999983310699463,2.4861813585630443e-07,3.849589980120527e-09
1685,0,0,0.9998936653137207,4.915383442494203e-07,9.847813635133207e-05,7.316671144508291e-06
1686,3,3,0.001659446395933628,5.527943812921876e-06,0.008014203049242496,0.9903207421302795
1687,2,2,3.89331798942294e-05,3.656767512438819e-05,0.9911916851997375,0.008732873946428299
1688,3,2,2.590991607576143e-05,4.863080604877723e-08,0.6925843954086304,0.30738961696624756
1689,3,2,9.39414064760058e-07,5.990919982323817e-10,0.6827080845832825,0.3172909617424011
1690,3,3,2.4022083380259573e-06,1.0116171722529543e-07,0.023677444085478783,0.9763200283050537
1691,0,2,0.3501812517642975,0.00010653386561898515,0.6496801972389221,3.201320942025632e-05
1692,2,2,1.1177861125588606e-07,1.8365871323755556e-11,0.9999988079071045,1.0282685707352357e-06
1693,2,2,0.000307801878079772,2.1392015696619637e-06,0.9884548187255859,0.011235194280743599
1694,2,2,1.2497023362811888e-06,3.063919118417857e-10,0.9999985694885254,2.8402897100932023e-07
1695,3,3,9.264311415790871e-07,5.734382284572348e-05,0.004599373321980238,0.9953423738479614
1696,3,3,0.00011406170960981399,1.0783692516724841e-07,0.02269795909523964,0.9771879315376282
1697,0,0,0.999829888343811,1.1877784089620036e-07,2.062207022390794e-05,0.00014929009194020182
1698,1,1,4.4758089643437415e-06,0.9999566078186035,9.211675205733627e-06,2.965841667901259e-05
1699,2,2,0.0009329495369456708,0.0005447589210234582,0.9957489967346191,0.0027731917798519135
1700,0,0,0.9999682903289795,1.9814810059415322e-07,1.4261692740547005e-05,1.71681895153597e-05
1701,1,1,0.16147738695144653,0.7935706377029419,0.001915690372698009,0.04303639382123947
1702,3,3,0.003063204465433955,8.554722444387153e-05,0.0030995209235697985,0.9937517046928406
1703,3,3,0.13542675971984863,1.1053633564017673e-08,0.02266024984419346,0.8419129848480225
1704,3,2,0.08700141310691833,0.05265911668539047,0.45687878131866455,0.40346065163612366
1705,2,2,0.00020519191457424313,2.2858102965983562e-05,0.9996119141578674,0.00016009055252652615
1706,1,1,2.320038205994024e-08,0.9999988079071045,8.614494504399772e-07,3.867649240874016e-07
1707,1,1,0.0023289427626878023,0.9970858693122864,8.740863108869235e-07,0.0005843224935233593
1708,2,3,0.0007684595184400678,0.15192069113254547,0.341088205575943,0.506222665309906
1709,3,3,2.2802799648502514e-08,3.1637148142135e-14,0.00014341417409013957,0.9998565912246704
1710,3,3,0.06485068053007126,0.016657577827572823,0.3606548607349396,0.5578368902206421
1711,3,3,4.792489676219702e-07,6.9672414504395874e-09,0.0028556552715599537,0.9971438050270081
1712,1,1,0.032984428107738495,0.5986440181732178,0.3122204542160034,0.05615108460187912
1713,2,3,9.793135177460499e-06,3.088894970915135e-07,0.12873558700084686,0.8712543249130249
1714,2,2,0.0003361026174388826,2.3403192699333886e-06,0.9996377229690552,2.3874647013144568e-05
1715,1,1,0.002927632536739111,0.9934263229370117,0.0011560749262571335,0.002489978214725852
1716,0,0,0.9999983310699463,3.4419744832092647e-09,7.833244808352902e-07,8.254624503933883e-07
1717,3,3,0.027893122285604477,4.015391823486425e-06,0.009107781574130058,0.9629951119422913
1718,2,2,0.00015442323638126254,2.0506821130084063e-08,0.9998308420181274,1.4606748663936742e-05
1719,2,2,0.0009817809332162142,1.3267028862173902e-06,0.9940633177757263,0.004953552968800068
1720,2,2,3.380304042366333e-05,5.3389328513731016e-08,0.760948657989502,0.23901750147342682
1721,3,3,3.073440097978164e-07,1.5608231933583738e-06,0.043641239404678345,0.9563568830490112
1722,1,1,1.5815292499610223e-05,0.9999836683273315,2.504519045487541e-07,2.5669285719231993e-07
1723,0,0,0.6333668231964111,0.25948816537857056,0.015159515663981438,0.09198545664548874
1724,3,3,1.7277408392857296e-09,1.5818528778521745e-11,1.958681423275266e-05,0.9999804496765137
1725,3,3,0.005248920060694218,8.781751859032738e-08,0.12078185379505157,0.8739690780639648
1726,2,2,0.00010652400669641793,2.6995205189450644e-05,0.9923885464668274,0.007477947510778904
1727,1,1,2.0710211323660133e-09,1.0,9.544425250140876e-10,6.979825051267596e-11
1728,3,3,3.4831991797545925e-06,1.5611465641995892e-05,5.2498351578833535e-05,0.99992835521698
1729,0,0,0.9995788931846619,4.11356522818096e-05,0.00029546773293986917,8.44183232402429e-05
1730,2,2,5.3363160077424254e-06,1.4108538337609389e-08,0.9983867406845093,0.0016078896587714553
1731,1,1,3.6477197227213765e-06,0.999993085861206,2.7799337658507284e-06,4.654986582863785e-07
1732,1,1,6.975481596782629e-07,0.9999992847442627,8.775712601050145e-09,8.466521927985582e-10
1733,1,1,6.0240363382035866e-05,0.999923586845398,1.3212862540967762e-05,3.02008334074344e-06
1734,1,1,0.0003288384759798646,0.9996541738510132,8.995873031381052e-06,7.96959920990048e-06
1735,2,2,6.381606362992898e-05,2.422913439659169e-06,0.9995635151863098,0.0003702208341564983
1736,1,1,3.357978130225092e-05,0.8443922400474548,0.1549072563648224,0.0006668432615697384
1737,1,1,6.9265870479284786e-06,0.9997394680976868,0.00018138627638109028,7.224059663712978e-05
1738,1,1,9.701692249564076e-08,0.9999998807907104,8.923985994613304e-09,6.900234272855243e-10
1739,0,0,0.9999945163726807,1.734649003992672e-06,3.406691121199401e-06,3.016956497958745e-07
1740,1,1,7.71796749177156e-06,0.9999922513961792,2.5172374407134157e-08,1.1597897753290454e-08
1741,1,1,0.0025215910281986,0.9966392517089844,9.789117757463828e-05,0.000741293013561517
1742,0,3,0.09388433396816254,0.08165618777275085,0.04046980291604996,0.783989667892456
1743,3,2,0.0680859237909317,0.00019677616364788264,0.5085006356239319,0.42321667075157166
1744,0,0,0.9996016621589661,2.2889551019034116e-06,4.4643682485911995e-05,0.00035137220402248204
1745,0,0,0.8322350382804871,1.4651764104200993e-05,0.0022922754287719727,0.1654580533504486
1746,2,2,0.00011426636774558574,6.354778747663659e-08,0.9882841110229492,0.011601485311985016
1747,0,0,0.9978518486022949,0.0015619018813595176,0.000284346635453403,0.0003019306459464133
1748,2,2,1.375216288579395e-05,1.2563447171487496e-07,0.9997096657752991,0.0002765181998256594
1749,1,1,5.973777916779e-08,0.9999996423721313,3.53684104226204e-09,2.8771211191269686e-07
1750,3,3,1.3519577350962209e-06,1.4083556543198483e-09,0.0003903552424162626,0.9996083378791809
1751,0,0,0.9468186497688293,0.0006988199893385172,0.018364539369940758,0.03411789610981941
1752,2,2,0.0007082109223119915,4.0743798308540136e-06,0.9974334836006165,0.0018543122569099069
1753,1,1,6.199600647960324e-06,0.999990701675415,9.0163018739986e-07,2.1826872398378327e-06
1754,3,3,7.329828122237814e-07,4.390117158692419e-09,0.0007697588298469782,0.9992295503616333
1755,0,2,0.018191182985901833,0.006156802177429199,0.9101212024688721,0.06553076952695847
1756,0,0,0.9535675644874573,2.431666189295356e-06,0.0007783715263940394,0.04565170407295227
1757,2,2,0.00047255371464416385,0.0004929777351208031,0.991279661655426,0.007754785008728504
1758,1,1,1.186974827760423e-06,0.999997615814209,1.021487264551979e-06,6.159503840308389e-08
1759,1,1,0.00014727909001521766,0.9998321533203125,1.2041738273183e-06,1.9314871678943746e-05
1760,0,0,0.999996542930603,1.7481776239947067e-06,3.4424806472088676e-07,1.3575951243183226e-06
1761,1,1,0.00014562088472303003,0.999853253364563,4.2435803493390267e-07,6.629538233937637e-07
1762,3,3,0.0055411034263670444,9.613219109638749e-10,8.311388228321448e-06,0.994450569152832
1763,2,2,0.013838500715792179,0.00013466687232721597,0.9773120880126953,0.008714720606803894
1764,0,0,0.9540039300918579,1.6420579413534142e-05,0.0012820488773286343,0.04469761252403259
1765,1,1,0.0006152642308734357,0.9910118579864502,7.474073936464265e-05,0.008298173546791077
1766,2,2,0.0003049866354558617,1.3355172541196225e-06,0.9970744848251343,0.002619212493300438
1767,1,1,3.625890201419679e-07,0.9999983310699463,1.0539465620240662e-06,1.9825159824904404e-07
1768,0,0,0.8030707240104675,7.823613850632682e-05,0.005644381046295166,0.1912066489458084
1769,2,2,0.00041149865137413144,4.918885315419175e-05,0.9990792274475098,0.00046013930113986135
1770,2,3,0.000712309789378196,1.646392047405243e-05,0.1751001924276352,0.8241709470748901
1771,2,2,0.007103973533958197,0.0006372635252773762,0.9874024391174316,0.004856305196881294
1772,0,0,0.9999972581863403,1.0996736854451683e-08,5.942747520748526e-07,2.145959797417163e-06
1773,3,3,5.580393008131068e-06,4.278602194762726e-10,0.003160160966217518,0.9968342185020447
1774,3,0,0.9838473200798035,7.946693614258038e-08,0.008141322992742062,0.008011267520487309
1775,2,2,0.011047136038541794,1.2131788025726564e-05,0.9830381870269775,0.005902488250285387
1776,1,1,0.0005609608488157392,0.9979963898658752,0.0005110265337862074,0.0009315705392509699
1777,1,1,3.326184128127352e-08,1.0,2.5577321594028035e-08,4.257818631003829e-08
1778,0,0,0.9840112328529358,2.388275424891617e-05,0.0051789721474051476,0.010785991325974464
1779,0,0,0.9402816295623779,7.729916973175932e-08,0.05971178784966469,6.542620667460142e-06
1780,0,0,0.9999916553497314,2.3335543630764732e-07,7.549479960289318e-06,5.585597477875126e-07
1781,3,0,0.9949156045913696,1.803718191695225e-06,0.0017405090620741248,0.003342042211443186
1782,1,1,0.0031977782491594553,0.9968011379241943,1.5540384978862676e-08,1.1154903631904745e-06
1783,2,2,0.05673079565167427,0.00016244949074462056,0.9005928635597229,0.04251391813158989
1784,3,3,1.412208985129837e-05,2.6783712314681907e-07,0.0014036025386303663,0.9985820055007935
1785,1,1,0.007876076735556126,0.991419792175293,0.00029601852293126285,0.00040804181480780244
1786,1,1,5.55097903998103e-06,0.9999337196350098,2.3199021597974934e-05,3.7570101994788274e-05
1787,1,1,0.0005040320102125406,0.9991363883018494,9.995775326387957e-05,0.0002596821868792176
1788,2,2,4.783996701007709e-05,4.53738248324953e-05,0.9997414946556091,0.00016532854351680726
1789,1,1,0.0010836076689884067,0.9989162683486938,3.263309622525412e-08,1.0386712290255673e-07
1790,2,3,4.106515189050697e-05,6.295116327237338e-05,0.012632785364985466,0.9872631430625916
1791,0,0,0.4738825857639313,3.9084197851479985e-06,0.16790258884429932,0.3582109212875366
1792,2,3,3.5833701872434176e-07,1.2816254724157261e-09,0.13197043538093567,0.8680291771888733
1793,1,1,3.4666927604121156e-06,0.9999961853027344,1.0762870061853391e-07,1.8099274257110665e-07
1794,1,1,3.041860281882691e-06,0.9999825954437256,9.33642604650231e-06,4.955663825967349e-06
1795,3,3,2.2269375676842174e-06,1.3364185313946564e-09,0.00010562848183326423,0.9998921155929565
1796,2,2,0.005106618627905846,5.875077704331488e-07,0.9202514290809631,0.07464129477739334
1797,3,3,0.026898972690105438,2.4188384486478753e-06,0.0008091257186606526,0.9722894430160522
1798,1,0,0.4078659415245056,0.2033916711807251,0.06154980510473251,0.3271925449371338
1799,2,2,7.711358921369538e-05,1.2718452353510656e-06,0.9999074935913086,1.4136978279566392e-05
1800,0,0,1.0,6.236747562837763e-09,4.150199828245604e-08,2.5354763621976417e-08
1801,1,1,1.126864788147941e-07,0.9999998807907104,2.0612882067894134e-08,5.5097213902399744e-08
1802,3,3,2.606835323604173e-06,0.0007098779315128922,0.0017785935197025537,0.9975088834762573
1803,1,1,3.4072211292368593e-06,0.9999889135360718,2.5095807814068394e-06,5.132146270625526e-06
1804,2,2,0.0009132552659139037,6.022439720254624e-06,0.9989795088768005,0.00010113712778547779
1805,1,1,3.9939759832741117e-10,1.0,9.322635996511508e-10,1.2310810149074314e-09
1806,3,3,0.0010799765586853027,3.0669332318211673e-06,0.005394871346652508,0.9935221076011658
1807,1,1,0.015453362837433815,0.98160320520401,0.001916468027047813,0.001026979531161487
1808,0,0,0.9999977350234985,5.841528594174861e-09,1.8355883639742387e-06,4.313711201575643e-07
1809,1,1,0.000147880389704369,0.9992899894714355,5.7865217968355864e-06,0.0005563105805777013
1810,1,1,8.59363424865478e-08,0.9999998807907104,4.4451912373233426e-08,3.510107982052091e-09
1811,3,3,0.0009530989918857813,0.00011729718971764669,0.356637567281723,0.6422920823097229
1812,1,1,2.3301518936591492e-08,0.9999998807907104,5.752548659643253e-08,1.0774652281497765e-08
1813,0,0,0.9998680353164673,3.7050035928132274e-08,4.594655547407456e-05,8.600785076851025e-05
1814,3,3,2.0493260308285244e-05,9.319013827280287e-08,0.012783298268914223,0.9871960878372192
1815,1,1,4.364910637377761e-05,0.9998157620429993,0.00013825786300003529,2.3700019937678007e-06
1816,0,0,0.9967196583747864,7.058540418825032e-10,0.00032574229408055544,0.0029545698780566454
1817,0,0,0.999983549118042,4.249161065672524e-06,1.0941244909190573e-05,1.2141354090999812e-06
1818,0,0,0.9994763731956482,1.1254277865191398e-07,0.0005139338900335133,9.655670510255732e-06
1819,2,2,3.8634003431070596e-05,2.694010570181149e-09,0.9999467134475708,1.4697863662149757e-05
1820,3,3,0.002226084005087614,3.083914634771645e-05,0.02164122648537159,0.9761018753051758
1821,1,1,1.4928546931969322e-07,0.9999998807907104,9.743170714671123e-09,6.2353193719388855e-09
1822,0,0,0.9999293088912964,3.3897533739946084e-06,2.8702517738565803e-05,3.8607329770457e-05
1823,2,3,0.0004051464784424752,8.06625166660524e-07,0.09576581418514252,0.9038282632827759
1824,1,1,1.7328320609522052e-06,0.9999973773956299,4.863392177867354e-07,3.528965919485927e-07
1825,2,2,0.00026949692983180285,4.7253188029117155e-08,0.9997277855873108,2.6820953280548565e-06
1826,2,2,0.00036222333437763155,0.000221866590436548,0.9925734996795654,0.006842410657554865
1827,0,0,0.9973323345184326,6.598580512218177e-05,0.0009398400434292853,0.0016618138179183006
1828,0,0,0.9998478889465332,6.362902786349878e-05,4.748767241835594e-05,4.097743658348918e-05
1829,1,1,6.330218411676469e-07,0.9999423027038574,5.6521097576478496e-05,5.854797109350329e-07
1830,1,1,1.7499725800007582e-05,0.9999617338180542,1.4239841220842209e-05,6.510247203550534e-06
1831,3,3,1.6529228332728962e-06,4.508048156992572e-09,0.01331000030040741,0.9866883158683777
1832,1,1,0.00027444621082395315,0.9997232556343079,2.009854824791546e-06,2.6569492206363066e-07
1833,3,3,2.884515026835288e-07,4.528252190993953e-07,5.468572999234311e-05,0.9999445676803589
1834,0,0,0.9946727156639099,4.475661626202054e-06,0.00011179276771144941,0.005210984032601118
1835,0,3,0.3308074176311493,0.0017736448207870126,0.0008571678772568703,0.6665617823600769
1836,0,0,0.9997773766517639,1.448689914695933e-07,0.00018817074305843562,3.432374796830118e-05
1837,1,1,1.7281284954151488e-06,0.9999982118606567,4.909429662802722e-08,9.137201217868096e-09
1838,2,2,0.046675629913806915,0.0008445247076451778,0.891048789024353,0.061430949717760086
1839,0,0,0.979945957660675,0.008781942538917065,8.941789928940125e-06,0.011263140477240086
1840,1,2,0.00517334695905447,0.012869283556938171,0.9075056910514832,0.07445167750120163
1841,0,0,0.9999964237213135,3.579846818979604e-08,1.3333212791621918e-06,2.203909161835327e-06
1842,2,0,0.8306947946548462,0.00026592169888317585,0.16338582336902618,0.0056534153409302235
1843,0,0,0.9997153878211975,0.00026456580962985754,1.7872018361231312e-05,2.1167545583011815e-06
1844,0,0,0.9998443126678467,2.40478503776842e-09,1.5967647414072417e-05,0.0001396600709995255
1845,2,2,1.4752999049960636e-05,1.129330598814704e-06,0.6418056488037109,0.35817837715148926
1846,0,0,0.9999483823776245,2.8422450504272945e-10,1.7145242736660293e-06,4.999052544008009e-05
1847,2,2,9.265530934499111e-06,1.6258800314972177e-05,0.9920647740364075,0.007909795269370079
1848,0,0,0.9982576966285706,9.574962859915104e-06,0.0015875446842983365,0.00014508308959193528
1849,1,1,0.00015278454520739615,0.9998407363891602,8.087293501546355e-09,6.391767328750575e-06
1850,0,0,0.9998332262039185,1.7541409533805563e-06,0.0001595825160620734,5.43994246982038e-06
1851,3,3,0.006525509059429169,3.095278225373477e-05,0.4939301609992981,0.4995133876800537
1852,0,0,0.9999971389770508,7.258552159328246e-08,2.35755896937917e-06,4.4496513851299824e-07
1853,2,2,0.05622994899749756,0.00011084863217547536,0.940338671207428,0.0033205596264451742
1854,3,3,5.912078790970554e-07,5.595477148290229e-08,0.005435032304376364,0.9945642948150635
1855,3,3,0.0016634381609037519,0.0003765349683817476,0.33401161432266235,0.6639484167098999
1856,0,0,0.8041205406188965,2.8921940611326136e-06,0.08254645764827728,0.11333011835813522
1857,0,0,0.9998736381530762,4.291282675694674e-05,3.3863898352137767e-07,8.307809184771031e-05
1858,1,1,9.833346848608926e-05,0.9998340606689453,9.376710075059691e-09,6.754443165846169e-05
1859,2,2,1.899393646453973e-05,5.337912156733182e-08,0.9998507499694824,0.00013017772289458662
1860,0,0,0.9999736547470093,8.158063735663745e-08,1.22999135783175e-05,1.3925285202276427e-05
1861,2,2,0.0005245472420938313,1.1163015187776182e-06,0.9990758895874023,0.0003984705253969878
1862,2,2,3.9216472941916436e-05,1.1861379789479543e-06,0.9965593218803406,0.003400305984541774
1863,3,3,7.815750713291436e-09,4.512131553807697e-12,6.780166586395353e-05,0.9999321699142456
1864,3,3,0.005817080847918987,6.939635204616934e-05,6.967886292841285e-05,0.99404376745224
1865,2,2,0.00041688431520015,6.467821367550641e-05,0.9886453151702881,0.010873101651668549
1866,0,0,0.992210865020752,2.0299523839639733e-07,0.00043514760909602046,0.0073538245633244514
1867,0,0,0.9999550580978394,6.139016477391124e-06,7.394467047561193e-06,3.1412717362400144e-05
1868,3,3,2.828379365382716e-05,4.036206178170687e-07,0.1926363706588745,0.8073349595069885
1869,0,0,0.994709849357605,0.0024375482462346554,0.000470984959974885,0.002381614875048399
1870,2,3,0.20820122957229614,3.594851659727283e-05,0.19858841598033905,0.593174397945404
1871,1,1,4.671606802730821e-06,0.9999945163726807,4.6708780132576067e-07,3.131542598566739e-07
1872,0,0,0.999230146408081,1.8666132746147923e-06,0.00023742836492601782,0.0005306266248226166
1873,3,1,0.0014425445115193725,0.9640845060348511,0.00045680077164433897,0.03401626646518707
1874,3,3,0.00019397561845835298,5.1564395420200526e-08,0.0002378248900640756,0.9995681643486023
1875,2,2,0.00017335604934487492,2.491426300821331e-07,0.9996986389160156,0.00012769352179020643
1876,1,1,0.002018145052716136,0.9978499412536621,0.0001191936171380803,1.2722450264845975e-05
1877,0,0,0.999996542930603,1.4973669237861031e-07,1.2329421679169172e-06,2.1184162051213207e-06
1878,3,3,0.0006274673505686224,3.375707592567778e-06,0.00017762876814231277,0.9991915822029114
1879,1,1,0.008757875300943851,0.6556606888771057,0.1169499009847641,0.21863149106502533
1880,0,0,0.9999769926071167,1.5832193334119893e-09,1.1588296729314607e-05,1.1495506441860925e-05
1881,3,0,0.7170584797859192,7.558255106232536e-07,0.17284207046031952,0.1100987046957016
1882,1,1,0.0007873805589042604,0.9990431666374207,0.00011563071166165173,5.388369027059525e-05
1883,3,3,0.0025068409740924835,9.529782983008772e-05,0.0009007679764181376,0.9964970946311951
1884,3,2,0.0009096345747821033,7.094152533682063e-05,0.869158148765564,0.1298612654209137
1885,3,3,0.00757492845878005,2.246505800940213e-06,0.0021339799277484417,0.9902888536453247
1886,0,0,0.9988184571266174,4.824620555154979e-05,0.00023064902052283287,0.0009026580955833197
1887,0,0,0.9999914169311523,2.682367383766149e-10,7.408589226542972e-07,7.866110536269844e-06
1888,3,3,7.688322511967272e-05,1.2558887647173833e-05,0.010144281201064587,0.9897662997245789
1889,3,3,0.001072154613211751,3.153997241156503e-08,0.0002785108517855406,0.9986492991447449
1890,3,3,1.7718156186674605e-07,6.037579325379738e-10,0.0007335771806538105,0.9992662072181702
1891,0,2,0.36553484201431274,0.001951143960468471,0.6137261390686035,0.018787898123264313
1892,2,2,0.11106034368276596,8.94710228749318e-06,0.8779469728469849,0.010983760468661785
1893,3,3,0.00074716133531183,1.230147290698369e-06,0.42874085903167725,0.5705108046531677
1894,0,0,0.999914288520813,1.2036761587452816e-09,2.3848990622354904e-06,8.333969162777066e-05
1895,3,3,1.3897736607759725e-05,2.700429377000546e-06,0.00016080313071142882,0.9998225569725037
1896,2,2,0.06830288469791412,7.621983968419954e-07,0.9244203567504883,0.0072760325856506824
1897,2,2,0.00022074728622101247,1.376207364955917e-06,0.8883481025695801,0.11142969876527786
1898,3,3,9.530310984828816e-10,1.1201558344081652e-12,7.806225767126307e-05,0.9999219179153442
1899,3,3,0.00022756429098080844,0.002179177012294531,0.031242500990629196,0.966350793838501
1900,2,2,0.00022771507792640477,1.9327264453750104e-05,0.9994227886199951,0.00033029026235453784
1901,3,3,2.216048596892506e-05,2.274686949021998e-06,0.012521523050963879,0.9874540567398071
1902,1,1,0.040211230516433716,0.8914834856987,0.029459089040756226,0.03884619101881981
1903,0,0,0.9973303079605103,1.5449808543621657e-08,0.00025383359752595425,0.00241583283059299
1904,0,0,0.9999946355819702,3.0362754532831104e-09,5.691154569831269e-07,4.79427762911655e-06
1905,3,3,5.226426765148062e-06,3.189413519066875e-06,0.00028474320424720645,0.9997068047523499
1906,1,1,3.4553642763057724e-05,0.9999630451202393,2.1640619252139004e-06,1.942219114425825e-07
1907,2,2,0.001550875254906714,3.91093926737085e-05,0.9982554316520691,0.000154664579895325
1908,1,1,3.2480356821906753e-06,0.9999967813491821,7.483041963851633e-10,3.939882198267242e-09
1909,0,0,0.7844111919403076,0.006349251139909029,2.0078156012459658e-05,0.20921947062015533
1910,1,1,0.007169458083808422,0.9667473435401917,0.002778370166197419,0.02330474928021431
1911,3,3,0.0014340004418045282,1.4993833730159167e-08,0.003026704303920269,0.9955392479896545
1912,0,0,0.9990546107292175,0.00031128752743825316,0.0003751864132937044,0.00025895293219946325
1913,2,2,0.0017732500564306974,1.7556440070620738e-05,0.9980798959732056,0.00012925687769893557
1914,3,3,0.0038326794747263193,0.0005841416423209012,0.00015429987979587168,0.9954288005828857
1915,1,1,4.531531061502392e-08,0.9999994039535522,2.955526952064247e-07,2.092551056875891e-07
1916,3,3,5.21541687703575e-06,1.0342309231248237e-08,0.025315605103969574,0.9746792316436768
1917,1,1,0.00013628847955260426,0.999848484992981,4.3027245766324995e-08,1.5196314961940516e-05
1918,3,2,0.32369694113731384,0.016263550147414207,0.39148300886154175,0.2685564458370209
1919,3,3,0.009550824761390686,0.0004576425999403,0.2338373214006424,0.7561541795730591
1920,2,2,0.12461519986391068,0.00021113650291226804,0.8472506403923035,0.02792305499315262
1921,2,2,0.0002834899933077395,5.167516547999185e-08,0.9996770620346069,3.9377366192638874e-05
1922,3,3,0.03028498962521553,2.5305089934590796e-07,0.0011955646332353354,0.9685191512107849
1923,3,3,6.848670454928651e-05,2.9926790375611745e-05,0.0004115685587748885,0.9994900226593018
1924,2,2,0.09835436195135117,0.0005150702781975269,0.8804985880851746,0.02063196338713169
1925,0,0,0.9999847412109375,1.704108520961256e-09,9.013784620037768e-06,6.1669188653468154e-06
1926,2,2,0.0011100609553977847,0.009774146601557732,0.963093638420105,0.0260221678763628
1927,2,2,1.6997315469780006e-05,4.0067192230708315e-08,0.8549824953079224,0.1450004130601883
1928,2,2,0.004490306600928307,4.737274593935581e-06,0.9938490986824036,0.0016558195929974318
1929,2,2,0.00018123995687346905,9.0642788563855e-06,0.9996992349624634,0.00011041940888389945
1930,1,1,3.2413299777545035e-06,0.9999842643737793,1.1721123883035034e-05,7.037679097265936e-07
1931,1,1,1.0917879080807324e-06,0.9999986886978149,7.630784892853626e-08,8.00778465759322e-08
1932,1,1,4.459612682694569e-05,0.9954164028167725,0.004160873591899872,0.000378161872504279
1933,0,0,0.9997205138206482,1.2235712176789093e-07,0.000262080313405022,1.7253589248866774e-05
1934,0,0,0.9990273714065552,1.4214831026038155e-05,6.067530921427533e-05,0.0008977801771834493
1935,3,3,0.0002137515984941274,4.995926792616956e-05,0.0017178364796563983,0.9980183839797974
1936,0,0,0.9953052997589111,3.6711926441057585e-06,8.776352478889748e-05,0.004603249952197075
1937,3,3,0.00029393594013527036,8.121858741105825e-07,0.0006222119554877281,0.9990830421447754
1938,3,3,0.00020375795429572463,6.292401053542562e-07,0.022837311029434204,0.9769583344459534
1939,0,0,0.9999973773956299,1.9022490249653856e-08,2.788036681522499e-07,2.318192628081306e-06
1940,3,3,5.678379602613859e-05,8.332302058988716e-06,0.009306429885327816,0.9906284213066101
1941,3,3,0.010939176194369793,0.000784723146352917,0.015838252380490303,0.972437858581543
1942,1,1,2.4454302547383122e-05,0.9999727010726929,8.361722620975343e-07,2.038160573647474e-06
1943,0,0,0.9999966621398926,1.4787334912114147e-08,4.272107219094323e-07,2.8684703465842176e-06
1944,1,1,1.713607815645446e-07,0.9999997615814209,4.319460344959225e-08,2.0751409479657923e-09
1945,1,1,8.59211795614101e-05,0.9999107122421265,2.8256606583454413e-06,4.527028067968786e-07
1946,0,0,0.709831953048706,0.13027675449848175,0.09704456478357315,0.06284672766923904
1947,1,1,0.00012522039469331503,0.9998725652694702,7.240589638968231e-07,1.482599714108801e-06
1948,1,1,6.172537325710437e-08,0.9999998807907104,4.391438324091723e-10,1.7425955789462932e-08
1949,2,2,0.00033592816907912493,4.143665250921913e-07,0.9940166473388672,0.005646954756230116
1950,1,1,3.09378123120041e-07,0.9999983310699463,8.149306296445502e-08,1.330442955804756e-06
1951,0,0,0.9926304817199707,3.4807321753760334e-06,0.000411503337090835,0.0069545237347483635
1952,1,1,5.6988133110280614e-06,0.9999483823776245,4.453455039765686e-05,1.4685172118333867e-06
1953,3,3,3.8851408135087695e-07,4.62964380858466e-05,0.003669306868687272,0.9962840676307678
1954,3,3,6.590070000811465e-08,3.248883473361275e-08,0.00011880983220180497,0.9998811483383179
1955,3,3,6.402086683010566e-07,1.974697662332492e-11,7.845107757020742e-05,0.9999208450317383
1956,3,1,0.0041684964671730995,0.5603639483451843,0.0018821355188265443,0.43358540534973145
1957,1,0,0.8075306415557861,0.1881207376718521,8.284740943054203e-06,0.004340341314673424
1958,2,2,8.866338419011299e-08,8.812932605906099e-10,0.9999940395355225,5.8906957747240085e-06
1959,2,2,0.00017302163178101182,9.181506175082177e-05,0.9995997548103333,0.0001354457635898143
1960,1,1,0.0025995441246777773,0.9942384958267212,0.0020192149095237255,0.0011427659774199128
1961,2,3,0.03311977908015251,0.0016220692778006196,0.02924463152885437,0.9360135793685913
1962,2,2,0.0028829125221818686,0.0919785127043724,0.843472421169281,0.061666134744882584
1963,1,1,0.0018610277911648154,0.9981263279914856,1.063319268723717e-05,2.040241724898806e-06
1964,3,3,7.83454470365541e-06,2.4348402803298086e-05,0.00010169869347009808,0.9998661279678345
1965,0,0,0.9999902248382568,8.471735668535985e-08,7.450600605807267e-06,2.1307762381184148e-06
1966,0,0,0.9999998807907104,1.9510477677897597e-09,5.232749789030322e-09,1.172857437836683e-07
1967,3,3,8.306794256895955e-07,4.0497535880312796e-10,0.00026189032359980047,0.9997373223304749
1968,3,3,9.173627040581778e-05,2.620040573386717e-10,0.0020488465670496225,0.9978594183921814
1969,1,1,0.00026369845727458596,0.9997188448905945,5.2325940487207845e-06,1.2142581908847205e-05
1970,1,1,0.00040804813033901155,0.967460036277771,0.0317702554166317,0.00036163663025945425
1971,0,0,0.9991588592529297,0.0006314570200629532,0.0001465571840526536,6.313923222478479e-05
1972,2,2,0.007343959994614124,0.10374017804861069,0.8814361691474915,0.007479717023670673
1973,3,3,8.056651131482795e-05,2.184090817536344e-06,0.0038384245708584785,0.9960789084434509
1974,2,3,0.0009873831877484918,0.06921792775392532,0.41339078545570374,0.5164039134979248
1975,0,0,0.9815349578857422,0.0015161162009462714,0.012334545142948627,0.004614443983882666
1976,0,1,0.014992277137935162,0.984306812286377,8.780198550084606e-05,0.0006131124682724476
1977,0,0,0.9999706745147705,1.0161561476706993e-05,3.7378981687652413e-06,1.5484056348213926e-05
1978,3,3,0.00015581569459754974,1.2394059112352807e-08,0.0026608107145875692,0.9971833825111389
1979,0,0,0.9999948740005493,2.707247688249481e-07,3.980781571044645e-07,4.475963123695692e-06
1980,0,0,0.9999970197677612,1.4106841028649342e-08,9.179252629110124e-07,2.0510562990239123e-06
1981,0,0,0.9998002648353577,4.076572622579988e-06,0.00016634953499305993,2.928938738477882e-05
1982,1,1,0.00018063407333102077,0.9998182654380798,2.458740766542178e-07,8.210932378460711e-07
1983,3,3,6.325366848614067e-05,9.297997962676163e-07,0.028367167338728905,0.9715686440467834
1984,3,3,2.9576940505648963e-05,4.7854818774339947e-08,0.0002670414687599987,0.9997033476829529
1985,1,1,2.6283446459274273e-06,0.9999972581863403,2.4520158348195764e-08,1.4033923889655853e-07
1986,3,3,3.317146592962672e-06,1.1328784577102624e-09,4.926371912006289e-05,0.9999474287033081
1987,0,0,0.9808408617973328,9.624624362913892e-05,0.0006634577293880284,0.01839951053261757
1988,3,3,0.0003156464663334191,5.270179403993325e-09,0.0018815846415236592,0.9978027939796448
1989,2,2,0.016637148335576057,0.0004237628018017858,0.7413903474807739,0.24154876172542572
1990,3,3,0.0025519938208162785,0.0016082227230072021,0.10622179508209229,0.8896179795265198
1991,2,2,0.00444898521527648,4.933397940476425e-05,0.869266152381897,0.1262354701757431
1992,1,1,1.2071504897903651e-05,0.9999526739120483,3.361521157785319e-05,1.7107163330365438e-06
1993,2,2,0.022303473204374313,5.539907306228997e-06,0.9694393277168274,0.008251706138253212
1994,0,0,0.9999984502792358,7.336758756082418e-08,1.3230614968051668e-06,2.0703052427961666e-07
1995,2,2,0.0022997043561190367,1.5501863970257546e-07,0.9973840117454529,0.00031612024758942425
1996,3,3,6.0915626818314195e-06,8.982537451629469e-07,0.0009117990266531706,0.9990811347961426
1997,2,2,6.383617437677458e-05,9.523803967681488e-09,0.9138504266738892,0.0860857293009758
1998,0,0,0.9994327425956726,0.00011538821854628623,0.0001755521516315639,0.0002763841184787452
1999,1,1,0.20645983517169952,0.7870978713035583,0.0011545653687790036,0.005287795327603817
2000,1,1,0.00393022270873189,0.9810853004455566,0.014899544417858124,8.491394692100585e-05
2001,1,1,0.0003124386421404779,0.9604905247688293,0.026633666828274727,0.012563413940370083
2002,1,1,4.043443550472148e-05,0.9999387264251709,9.705625416245311e-06,1.1128795449621975e-05
2003,1,1,6.775405836378923e-08,0.9999998807907104,7.155531278613125e-08,2.6099849392835495e-08
2004,0,0,0.9920810461044312,5.140625034982804e-06,0.007208527531474829,0.0007052611326798797
2005,2,3,0.000765583012253046,0.0034083721693605185,0.020438574254512787,0.975387454032898
2006,3,3,0.00011216074926778674,2.2660991305656353e-07,0.4245830178260803,0.5753045678138733
2007,3,3,0.00010642562119755894,2.468075535944081e-06,0.004587893839925528,0.9953031539916992
2008,1,1,0.00014364537491928786,0.996444046497345,0.0030817363876849413,0.0003306231228634715
2009,3,3,0.024872170761227608,6.200388611432572e-07,0.0038814519066363573,0.9712457656860352
2010,2,2,6.1986324908502866e-06,5.168256222987111e-08,0.9997019171714783,0.00029185283347032964
2011,0,0,0.9999253749847412,5.488731602554253e-08,3.979433131462429e-06,7.062767690513283e-05
2012,0,0,0.99996018409729,1.7238210148207145e-06,1.4436390301852953e-05,2.360883809160441e-05
2013,0,0,0.9961005449295044,0.003771812655031681,7.727814227109775e-05,5.038016752223484e-05
2014,0,0,0.9968442916870117,1.4871615121592185e-06,0.0008813734166324139,0.0022728380281478167
2015,0,0,0.991497814655304,0.0026491403114050627,0.003569419030100107,0.002283693989738822
2016,0,0,0.9999220371246338,4.907307697976648e-07,4.734487902169349e-06,7.272110815392807e-05
2017,2,0,0.5349375605583191,0.032792165875434875,0.3999027907848358,0.032367460429668427
2018,1,1,0.006233594845980406,0.9936555624008179,1.0453412869537715e-05,0.00010048392141470686
2019,1,1,0.00025785487378016114,0.9997389912605286,1.5102258430488291e-06,1.7219890651176684e-06
2020,0,0,1.0,8.741842319470727e-12,5.717913253988627e-09,1.0904407155010176e-08
2021,0,0,0.9999938011169434,4.3303336383360147e-07,4.93064044349012e-06,8.411198564317601e-07
2022,0,0,0.999809205532074,5.0920039939228445e-05,1.516341399110388e-06,0.00013831355317961425
2023,1,1,2.8939982712472556e-06,0.9999971389770508,5.938044722597624e-09,1.2334095522703592e-08
2024,0,0,0.9999970197677612,9.638333722250536e-07,1.6324554508173605e-06,3.1469235750591906e-07
2025,3,3,2.7415941076469608e-05,2.4766728756731027e-07,0.0026152844075113535,0.9973570704460144
2026,1,1,0.05810484662652016,0.9381837844848633,0.0036093569360673428,0.00010194654896622524
2027,0,0,0.9997701048851013,2.4320916054421104e-06,6.977249722694978e-05,0.0001577372895553708
2028,0,1,0.09426149725914001,0.9057061672210693,1.4456932149187196e-06,3.088214361923747e-05
2029,0,0,0.9999550580978394,5.144509263033115e-09,2.673762992344564e-06,4.2319359636167064e-05
2030,0,0,0.9993364214897156,1.4212883797881659e-05,0.0003449122596066445,0.0003045173070859164
2031,1,1,1.7636299389778287e-06,0.9999982118606567,2.7375588018685448e-08,6.849166123146233e-09
2032,1,1,0.12925943732261658,0.8706488609313965,9.265170888284047e-07,9.073705587070435e-05
2033,2,2,0.020009469240903854,0.00040899059968069196,0.9754353165626526,0.004146252293139696
2034,3,3,4.4717316995956935e-06,2.370756257974449e-09,2.160310714316438e-06,0.9999933242797852
2035,2,2,0.0006658980273641646,0.0007774682017043233,0.726233720779419,0.2723228931427002
2036,1,1,6.753173511242494e-05,0.510627269744873,0.42769843339920044,0.061606794595718384
2037,0,0,0.9999792575836182,5.932558906351915e-06,1.006566162686795e-05,4.7512867240584455e-06
2038,2,2,6.638879131060094e-05,8.605173206888139e-05,0.9475428462028503,0.052304673939943314
2039,1,1,4.9162397772306576e-05,0.9999313354492188,1.6204649000428617e-05,3.3022870411514305e-06
2040,1,1,9.691603918327019e-05,0.9964009523391724,0.0033583741169422865,0.0001437150640413165
2041,3,3,0.012002935633063316,7.851650298107415e-05,0.005837625823915005,0.98208087682724
2042,0,0,0.9999909400939941,9.484376478630097e-11,2.747366352195968e-07,8.88061367732007e-06
2043,0,0,0.9822506308555603,0.0004155496717430651,0.013866353780031204,0.0034674496855586767
2044,1,1,0.0010977134807035327,0.9987521171569824,0.00011291771079413593,3.726195791386999e-05
2045,1,1,4.088170680915937e-05,0.9998855590820312,4.21420372731518e-05,3.130715049337596e-05
2046,2,1,0.0015599590260535479,0.8797146677970886,0.11013857275247574,0.00858679786324501
2047,0,3,0.3417648375034332,0.05020986869931221,0.17382708191871643,0.43419817090034485
2048,1,1,2.4213622396018764e-07,0.9999992847442627,1.948976802168545e-07,1.8197412998688378e-07
2049,2,2,0.0003297218063380569,3.4851092323151533e-07,0.9991441965103149,0.0005257558659650385
2050,1,1,6.485161429736763e-05,0.999788224697113,4.992863614461385e-05,9.705881529953331e-05
2051,1,1,2.4041330561885843e-06,0.9999874830245972,6.239436629584816e-07,9.572127964929678e-06
2052,1,1,0.01610950566828251,0.9836810827255249,9.63618094829144e-06,0.00019986969709862024
2053,0,2,0.020209914073348045,1.034854690828979e-08,0.9763391017913818,0.0034509210381656885
2054,0,0,0.9999982118606567,1.1825170009860386e-10,3.4637932344594446e-07,1.46249385579722e-06
2055,0,0,0.9999899864196777,4.797101951226068e-07,5.617547685687896e-06,3.935317636205582e-06
2056,0,0,0.9999693632125854,1.0211592780251522e-06,2.3449714717571624e-05,6.0940014918742236e-06
2057,0,0,0.9733457565307617,0.00044837998575530946,0.02546754665672779,0.00073828554013744
2058,1,1,3.198409785909462e-07,0.9999814033508301,2.6746582193482027e-07,1.7967067833524197e-05
2059,0,0,0.9999041557312012,3.462371012119547e-07,9.098739610635675e-06,8.640658052172512e-05
2060,0,0,0.9999344348907471,6.173941073939204e-06,1.830719702411443e-05,4.099998113815673e-05
2061,3,3,1.656799577176571e-05,1.7862795687051403e-08,0.14782986044883728,0.8521535396575928
2062,2,3,5.792149750050157e-05,2.8060392651241273e-05,0.002474146895110607,0.9974398612976074
2063,0,0,0.9982726573944092,2.199371920141857e-06,0.0001781243336154148,0.001546969055198133
2064,1,1,1.5179658419128828e-07,0.9999991655349731,6.801078598073218e-07,2.6150907217470376e-08
2065,0,0,0.99641352891922,1.0187777661485597e-06,0.0013885856606066227,0.0021968937944620848
2066,1,1,2.0549485668652778e-08,1.0,1.8441347338082892e-09,7.852183347978325e-10
2067,2,2,3.831240610452369e-05,3.568750983617974e-08,0.9999572038650513,4.468492534215329e-06
2068,2,2,2.3054644771036692e-05,1.4339518461525813e-09,0.999976634979248,3.267616364155401e-07
2069,1,1,7.511926469305763e-06,0.9999582767486572,3.13167147396598e-05,2.8486344945122255e-06
2070,3,3,1.681536559772212e-05,4.301355716052058e-09,4.013998875507241e-07,0.9999828338623047
2071,0,0,0.999929666519165,6.379302703862777e-06,1.8292765162186697e-05,4.5692486310144886e-05
2072,1,1,2.6721339963842183e-05,0.9999678134918213,2.730709638854023e-06,2.700672439459595e-06
2073,0,0,0.9999774694442749,2.7022195592252274e-09,1.5745141354273073e-05,6.777134331059642e-06
2074,0,0,0.9999982118606567,5.469999453389107e-10,1.3335283028936828e-06,4.2930003019137075e-07
2075,1,1,0.0004514831816777587,0.999543309211731,3.546721018210519e-06,1.6109984244394582e-06
2076,0,0,0.999997615814209,4.763794549944578e-07,3.588252894815014e-08,1.9664196315716254e-06
2077,1,1,0.0001223063445650041,0.9998636245727539,1.3433343156066258e-05,5.876285058548092e-07
2078,1,1,6.369118068505486e-07,0.9999992847442627,5.6067833043016435e-08,1.559809703621795e-08
2079,1,1,3.668273393486743e-06,0.9999957084655762,4.1584485188650433e-07,2.313443729917708e-07
2080,2,2,0.0008464333368465304,3.589481639210135e-05,0.9714531898498535,0.027664491906762123
2081,3,3,0.00012597623572219163,1.4424269068058493e-07,0.0012105078203603625,0.9986634254455566
2082,3,3,7.590767836518353e-08,3.9034571473577084e-13,0.00039720191853120923,0.999602735042572
2083,0,0,0.9992311000823975,0.0007355675916187465,3.240258956793696e-05,8.923038308239484e-07
2084,2,2,0.0007212518248707056,3.8655358366668224e-05,0.9989644289016724,0.00027559520094655454
2085,3,3,0.0024899039417505264,1.0743487109721173e-05,0.16441397368907928,0.8330853581428528
2086,2,2,0.050840117037296295,0.0005287598469294608,0.9220210313796997,0.026610082015395164
2087,0,0,0.9999922513961792,1.3625971462261077e-08,2.482511717971647e-06,5.232278454059269e-06
2088,0,3,0.16985180974006653,3.6241062844055705e-06,0.10975770652294159,0.7203868627548218
2089,3,3,1.3513578778656665e-05,5.3900186536282035e-09,0.002938181860372424,0.9970483183860779
2090,1,1,1.1797263141488656e-05,0.9999847412109375,1.976524345081998e-06,1.4175083151712897e-06
2091,2,2,0.002362747211009264,0.001657398184761405,0.8121484518051147,0.18383140861988068
2092,0,0,0.9999957084655762,1.4492017363920695e-08,2.5999213892902162e-09,4.2508504520810675e-06
2093,3,3,1.9748340207570436e-07,5.200863628651575e-10,0.000534373742993921,0.9994654059410095
2094,3,2,0.12446191906929016,0.002264418639242649,0.653712809085846,0.21956084668636322
2095,3,3,0.00024541764287278056,3.786232838365322e-08,0.4798814058303833,0.5198730826377869
2096,1,1,3.186761887263856e-06,0.9999946355819702,2.049377599178115e-06,1.3001634613374335e-07
2097,1,1,0.0002898292732425034,0.9994887113571167,1.1157052540511359e-05,0.00021024724992457777
2098,2,2,0.00229063187725842,0.00046021799789741635,0.9953919649124146,0.0018572122789919376
2099,1,1,3.9343391108559445e-05,0.9999258518218994,3.145662049064413e-05,3.3668798096186947e-06
2100,3,3,0.04560926929116249,5.380548486755288e-07,0.15688395500183105,0.7975062131881714
2101,3,0,0.5269528031349182,0.026645947247743607,0.3538705110549927,0.092530757188797
2102,3,3,0.0006397620891220868,1.0288241786282626e-10,0.0015661845682188869,0.9977940320968628
2103,3,3,0.00011266300862189382,3.650432347512833e-07,0.0023817128967493773,0.997505247592926
2104,3,3,2.7147892822654285e-08,3.545858329179197e-10,3.7153195080463775e-06,0.9999963045120239
2105,0,0,0.659835696220398,0.09977924078702927,0.22976094484329224,0.010624095797538757
2106,3,3,1.0739995559561066e-05,1.0347321957593358e-11,0.00038311563548631966,0.999606192111969
2107,3,3,2.8354304959066212e-05,2.8298096310663823e-08,0.00011376603652024642,0.9998579025268555
2108,0,0,0.9999996423721313,2.6149423959509477e-08,1.9484032165451026e-09,3.003719939442817e-07
2109,1,1,8.262963433480763e-07,0.9999990463256836,1.0748109957603447e-07,1.0534468408707198e-08
2110,1,1,0.0073281507939100266,0.9798928499221802,0.00019723073637578636,0.012581766583025455
2111,2,2,0.00022472166165243834,6.11635300629132e-07,0.9997550845146179,1.9511173377395608e-05
2112,3,3,6.56260340292647e-07,4.264332176262542e-07,0.003270952496677637,0.9967279434204102
2113,3,3,5.982259381198674e-07,2.0974790459149517e-05,0.0076462808065116405,0.9923322200775146
2114,1,1,0.0005955478409305215,0.9988356232643127,1.4383236702997237e-05,0.0005544851301237941
2115,3,3,0.00015576418081764132,9.044510807143524e-05,0.020792711526155472,0.9789611101150513
2116,2,2,0.013739649206399918,0.0007917721522971988,0.979720950126648,0.005747643299400806
2117,2,2,0.005326408427208662,8.247613436651591e-08,0.9939755797386169,0.0006978960591368377
2118,0,0,1.0,3.285764105243061e-09,1.8088246456215984e-09,4.757265514854225e-08
2119,1,1,3.0755807074456243e-06,0.9999949932098389,4.382227416499518e-07,1.6057766742960666e-06
2120,2,3,0.0001208225658047013,1.2076444022568467e-07,0.058666955679655075,0.9412121772766113
2121,2,2,0.026278216391801834,0.00018440773419570178,0.9648854732513428,0.00865187868475914
2122,3,2,0.15943241119384766,0.14627093076705933,0.6183736324310303,0.07592306286096573
2123,2,2,0.0004424522630870342,2.8058848329237662e-06,0.9991466999053955,0.00040802478906698525
2124,2,3,8.69793908009342e-08,3.145687443861789e-08,0.04946764186024666,0.9505322575569153
2125,0,0,1.0,2.938576604272214e-10,6.2325380412175946e-09,3.6582868290224724e-08
2126,3,0,0.9973861575126648,2.41802837308569e-07,0.001029767096042633,0.0015838814433664083
2127,2,2,4.364746928331442e-06,8.031605830183253e-06,0.9993756413459778,0.0006118884775787592
2128,3,3,0.008293462917208672,1.0919410442511435e-07,1.3281111023388803e-05,0.9916930794715881
2129,3,3,0.0003234607574995607,0.0009005257743410766,0.05077226832509041,0.9480038285255432
2130,3,3,5.997833432047628e-05,6.343304903566604e-07,0.032758694142103195,0.967180609703064
2131,3,3,0.004465310834348202,3.688023934955709e-05,0.035718884319067,0.959778904914856
2132,1,1,0.0076331631280481815,0.9788883328437805,0.012264762073755264,0.0012136807199567556
2133,3,3,6.11192206179112e-07,9.759987956714511e-11,4.01064426114317e-05,0.9999592304229736
2134,0,0,0.8579736948013306,1.96851251530461e-05,0.0773368775844574,0.06466971337795258
2135,0,0,0.7472916841506958,0.22375565767288208,0.00510341115295887,0.02384917624294758
2136,1,1,3.1116003356146393e-06,0.9999969005584717,1.1368876506878678e-08,1.947815597702629e-08
2137,0,0,0.9999972581863403,4.812331440007256e-07,6.066561581974383e-07,1.697577772574732e-06
2138,3,0,0.683274507522583,0.0004434461588971317,0.0039433678612113,0.3123387098312378
2139,3,3,3.13211188540663e-07,1.3562134748568155e-10,6.534961357829161e-06,0.9999932050704956
2140,0,0,0.9999701976776123,6.749900194336078e-07,1.795986099750735e-05,1.109025197365554e-05
2141,3,3,1.75641162059037e-05,1.604238946129044e-06,0.01561470702290535,0.9843660593032837
2142,3,3,0.00014009018195793033,2.9476270313466557e-09,0.004979478195309639,0.9948804378509521
2143,3,3,0.0002432038018014282,5.2870596846332774e-05,0.008909440599381924,0.9907944798469543
2144,1,1,0.0018696991028264165,0.9981110095977783,3.0088583571341587e-06,1.632376188354101e-05
2145,3,3,1.1529597941262182e-05,4.310801102747064e-07,0.01765327900648117,0.9823347330093384
2146,1,1,0.0001922727096825838,0.9997988343238831,7.311199624382425e-06,1.5023205151010188e-06
2147,1,1,7.650328370800707e-07,0.9999992847442627,2.0932741651158437e-10,1.6543700853688392e-09
2148,2,2,0.02276298776268959,7.292988448170945e-05,0.9689489006996155,0.008215253241360188
2149,3,3,0.00025458724121563137,5.66790747669188e-09,2.0590545318555087e-05,0.999724805355072
2150,0,0,0.9916929602622986,0.007370795588940382,0.0008113986696116626,0.00012476538540795445
2151,3,3,0.0010355350095778704,3.604351377362036e-07,0.0013255643425509334,0.9976385831832886
2152,2,2,0.0015165004879236221,6.0816491895820946e-06,0.9755114316940308,0.022966008633375168
2153,1,1,0.00018370691395830363,0.999790370464325,1.4111603377386928e-05,1.1847439054690767e-05
2154,0,0,0.9999184608459473,2.3835468709876295e-06,1.9561670342227444e-05,5.962699287920259e-05
2155,1,1,4.060256833327003e-05,0.999958872795105,5.366986215449288e-07,4.3701479768287754e-08
2156,2,2,0.0006793488282710314,1.782811523298733e-06,0.999206006526947,0.00011297052697045729
2157,2,2,0.00012222312216181308,1.1524945193741587e-06,0.9996532201766968,0.00022337793780025095
2158,0,0,0.9934061765670776,4.805857770406874e-06,0.0028068660758435726,0.003782167797908187
2159,0,0,0.9984513521194458,0.001273512840270996,0.00026653590612113476,8.621427696198225e-06
2160,1,1,0.0002826009877026081,0.9997051358222961,4.7920716497174e-06,7.443896265613148e-06
2161,0,0,0.999774158000946,1.0623519131058856e-07,0.00018024495511781424,4.5541302824858576e-05
2162,3,3,0.00010051960271084681,1.5336905562435277e-05,0.0004366393550299108,0.9994474053382874
2163,2,2,0.012223320081830025,0.0001872243155958131,0.9842356443405151,0.003353835316374898
2164,0,0,0.981020450592041,0.016876839101314545,0.0017271731048822403,0.0003755424404516816
2165,3,3,2.7642277355965916e-09,3.391865564458807e-12,1.1158557754242793e-05,0.9999887943267822
2166,3,3,0.004543026443570852,0.10039534419775009,0.008756311610341072,0.8863053321838379
2167,0,0,0.5542427897453308,1.3176230595490779e-06,0.4314878284931183,0.014268074184656143
2168,2,3,0.00018786739383358508,1.3879375728720333e-05,0.4027509093284607,0.5970473885536194
2169,2,3,3.1209635835693916e-06,1.1371557917527753e-07,0.00010414573625894263,0.9998925924301147
2170,3,3,8.583276940044016e-05,5.9303283705958165e-06,2.3725702703814022e-05,0.9998844861984253
2171,1,1,3.2859097700566053e-05,0.9999669790267944,3.0977304277257645e-08,1.371386417758913e-07
2172,0,0,0.9993866682052612,1.0310080789110998e-08,0.00040656092460267246,0.00020671800302807242
2173,0,1,0.2710685729980469,0.6128771901130676,0.09729525446891785,0.01875901222229004
2174,0,0,0.999289870262146,1.5225959160147795e-08,8.773499757808167e-06,0.0007013199501670897
2175,2,2,0.0008408853318542242,2.29684155783616e-06,0.999047577381134,0.0001091428057407029
2176,3,3,0.004103515762835741,2.2305393940769136e-05,0.07893652468919754,0.9169376492500305
2177,3,2,4.001956881438673e-07,3.916203361598036e-09,0.9364805817604065,0.0635189414024353
2178,3,3,0.0024290336295962334,1.4877227449971997e-08,0.0003389707126189023,0.9972320199012756
2179,3,2,0.0003830817877314985,5.416583007900044e-06,0.7266998887062073,0.27291157841682434
2180,3,3,0.00018474398530088365,1.4248189472709782e-06,0.016461310908198357,0.983352541923523
2181,3,3,2.7943292479903903e-07,1.943334604348479e-09,5.286220402922481e-05,0.9999468326568604
2182,2,2,4.3238543412371655e-07,2.1926711557540557e-09,0.9999974966049194,1.9751250874833204e-06
2183,0,0,0.8206323385238647,2.326313369849231e-05,0.03958677127957344,0.13975760340690613
2184,0,0,0.9999444484710693,7.3478276796379305e-09,2.8266686058486812e-05,2.729850348259788e-05
2185,3,3,0.2882078289985657,9.558464626024943e-06,0.00794848520308733,0.7038341760635376
2186,2,3,0.00015062018064782023,6.3063916968530975e-06,0.34724536538124084,0.6525976657867432
2187,0,0,0.9999997615814209,1.2516515823790542e-08,1.5751057347301867e-08,2.4573654400228406e-07
2188,2,2,0.0032040856312960386,3.2699019811843755e-06,0.9965803027153015,0.00021233427105471492
2189,2,2,5.1294711738592014e-05,6.257051765601318e-09,0.9999047517776489,4.3990788981318474e-05
2190,2,2,8.24012458906509e-05,2.834946599250543e-06,0.517037570476532,0.4828771948814392
2191,3,3,0.4276323616504669,0.0016867262311279774,0.059593889862298965,0.5110870003700256
2192,1,1,3.661368509710883e-06,0.9999960660934448,8.929864492301931e-08,2.0304702275097952e-07
2193,3,3,0.00031454474083147943,7.821718668310496e-07,0.0013519629137590528,0.998332679271698
2194,3,3,5.150423476152355e-06,3.453967667432778e-10,0.000341845559887588,0.9996529817581177
2195,0,0,0.985072910785675,0.0011156159453094006,0.005628177896142006,0.00818326324224472
2196,3,3,0.005869241431355476,1.2886575859738514e-06,0.00035069993464276195,0.9937787652015686
2197,3,3,7.642715900146868e-07,8.754194823268335e-06,0.0003916535060852766,0.9995989203453064
2198,2,0,0.6197605133056641,0.008070040494203568,0.2412598580121994,0.13090960681438446
2199,3,3,2.6291768335795496e-06,1.1472398586676036e-09,8.871906175045297e-06,0.9999885559082031
2200,3,3,0.00012683671957347542,3.0376488211913966e-05,0.037973687052726746,0.9618690609931946
2201,1,1,0.0009838362457230687,0.9990108013153076,4.006302845027676e-08,5.299350959830917e-06
2202,3,3,7.756011832782406e-09,1.6300354122034122e-10,0.001325299497693777,0.998674750328064
2203,0,0,0.9998854398727417,3.1999698535400967e-07,8.51741503993253e-07,0.00011333449219819158
2204,2,2,7.692888175370172e-07,4.107757689553182e-08,0.9999804496765137,1.8799253666657023e-05
2205,0,0,0.778352677822113,2.9337186013833616e-09,0.22163382172584534,1.340496601187624e-05
2206,2,2,0.0001186853478429839,2.0664781175128155e-07,0.9998237490653992,5.738542677136138e-05
2207,2,3,6.973492645556689e-07,1.5482264643651433e-06,0.03381357714533806,0.9661842584609985
2208,3,3,0.00019198210793547332,1.982376488740556e-06,0.028135139495134354,0.971670925617218
2209,3,3,0.0002885051362682134,8.149985575300889e-09,0.021502096205949783,0.978209376335144
2210,3,3,2.5808319605857832e-06,9.816615964552966e-09,0.40496063232421875,0.5950367450714111
2211,3,3,1.03969250631053e-06,2.4385726771214422e-09,0.00021161559561733156,0.9997873902320862
2212,2,2,2.0736388250952587e-06,2.4131156806106446e-07,0.9992496371269226,0.000748029095120728
2213,2,2,0.05443783476948738,0.0005968865589238703,0.9446550011634827,0.0003103338531218469
2214,2,2,0.00018341235409025103,0.00010464782826602459,0.9983376264572144,0.0013742998708039522
2215,0,1,0.4384118318557739,0.5139828324317932,0.03460686281323433,0.012998507358133793
2216,1,1,5.5582109780516475e-05,0.9999439716339111,2.501657831999182e-07,2.901586242387566e-07
2217,3,3,2.5067019571167748e-09,2.7574272726260673e-11,8.914108911994845e-05,0.999910831451416
2218,0,0,0.9995056390762329,4.903599233330169e-07,3.6487035686150193e-06,0.0004902166547253728
2219,0,3,0.0016669757897034287,5.766930257777858e-07,3.179943860232015e-06,0.998329222202301
2220,1,1,3.231044684071094e-05,0.9999401569366455,2.6595238523441367e-05,9.15614805307996e-07
2221,1,1,0.11847679316997528,0.8810405135154724,4.3285530409775674e-05,0.00043945928337052464
2222,3,3,0.0083796801045537,3.4346768984505616e-07,0.027414390817284584,0.9642056226730347
2223,3,3,1.756087044668675e-06,5.270379460853292e-06,0.0006261485395953059,0.999366819858551
2224,0,0,0.47018641233444214,0.015688566491007805,0.15659858286380768,0.35752639174461365
2225,3,3,1.3997679388921824e-06,4.018878883016441e-07,0.030081648379564285,0.969916582107544
2226,0,0,0.9970429539680481,9.332240580306461e-08,0.00290666869841516,5.031892578699626e-05
2227,2,2,0.00018678769993130118,5.582125231740065e-05,0.9920836687088013,0.007673823740333319
2228,0,0,0.9998947381973267,4.323024768382311e-06,3.091352482442744e-05,7.011226989561692e-05
2229,1,1,0.00011123110016342252,0.9982129335403442,0.0013239015825092793,0.0003520272730384022
2230,1,1,1.3124609665737808e-07,0.9999969005584717,1.4679052355859312e-06,1.5714851997472579e-06
2231,0,0,0.9472432136535645,0.004776689223945141,0.043964896351099014,0.004015128128230572
2232,2,2,0.0229042861610651,5.108650657348335e-05,0.8454118967056274,0.1316327005624771
2233,2,2,0.004313874989748001,3.309252133476548e-05,0.9688422083854675,0.026810819283127785
2234,2,3,0.27701863646507263,0.0016332125524058938,0.008557695895433426,0.7127904891967773
2235,1,0,0.4959435760974884,0.33413368463516235,0.10829412937164307,0.06162857636809349
2236,0,3,0.07981710880994797,5.284694634610787e-05,0.024382218718528748,0.8957477807998657
2237,0,0,0.9997630715370178,0.00016479894111398607,1.1627180640516599e-07,7.204875873867422e-05
2238,2,2,1.7022890688167536e-06,1.0320813998987433e-05,0.9999276399612427,6.031901648384519e-05
2239,1,1,1.1381979447833146e-06,0.99979168176651,0.00019599587540142238,1.11508152258466e-05
2240,1,1,1.5428546248585917e-05,0.9999840259552002,2.3197971188437805e-07,3.7460253565768653e-07
2241,0,0,0.9999164342880249,6.024773711033049e-07,3.6206725440024456e-07,8.262927440227941e-05
2242,0,0,0.999881386756897,4.17094852309674e-05,4.910183997708373e-05,2.77423023362644e-05
2243,1,1,0.0005076591041870415,0.9994871616363525,4.0145605453290045e-06,1.2344842161837732e-06
2244,1,1,0.05991118773818016,0.48821261525154114,0.06542404741048813,0.3864520788192749
2245,3,3,0.0012884625466540456,4.871638452641491e-07,0.011157739907503128,0.9875533580780029
2246,0,0,0.9935111403465271,0.0006302249967120588,0.003001284087076783,0.0028573046438395977
2247,0,0,0.572137713432312,2.700180630199611e-07,0.4107387363910675,0.017123278230428696
2248,3,3,0.003962602466344833,0.013725017197430134,0.04790209233760834,0.9344103336334229
2249,0,0,0.9999985694885254,1.224059786864018e-07,5.881771016902348e-07,6.763766577932984e-07
2250,1,1,0.00021947630739305168,0.9997478127479553,1.7773942090570927e-05,1.489530950493645e-05
2251,3,3,0.002762953517958522,1.274794385608402e-07,0.00824033748358488,0.9889966249465942
2252,3,3,2.062160042726191e-08,3.843654561297427e-11,3.680865484056994e-05,0.9999631643295288
2253,2,2,0.005529260262846947,0.0014878252986818552,0.6881239414215088,0.30485889315605164
2254,0,0,0.999998927116394,5.1275521606442e-09,7.962274821693427e-07,2.236166523061911e-07
2255,3,3,0.24989032745361328,0.001302587566897273,0.05324617773294449,0.6955609917640686
2256,3,2,4.565231392916758e-06,2.7020214954376343e-09,0.730600118637085,0.2693953514099121
2257,2,2,0.009720592759549618,0.000339074176736176,0.9686681628227234,0.021272173151373863
2258,2,2,9.155433872365393e-06,1.5364612409030087e-05,0.9438878893852234,0.056087691336870193
2259,2,2,2.3684890493314015e-06,2.8532547435844435e-09,0.9999953508377075,2.2043568606022745e-06
2260,2,2,0.00010143832332687452,6.576037412742153e-05,0.9739946722984314,0.025838131085038185
2261,1,1,6.322989793261513e-05,0.9999364614486694,3.547598126374396e-08,2.86491200540695e-07
2262,3,3,6.833326915511861e-05,4.3750565964728594e-05,0.0017474718624725938,0.9981404542922974
2263,2,2,5.978547505947063e-07,6.202439450930797e-09,0.9994964599609375,0.0005029489984735847
2264,1,1,0.025444062426686287,0.9537957906723022,0.020738806575536728,2.133564521500375e-05
2265,1,1,0.21970392763614655,0.7621258497238159,0.014646162278950214,0.0035240992438048124
2266,3,3,0.0013290635542944074,0.00022959933266974986,0.009938699193298817,0.9885027408599854
2267,1,1,0.004237910266965628,0.9910674691200256,0.0003041572344955057,0.004390534479171038
2268,1,1,5.973626571176283e-07,0.9999994039535522,1.662809751001859e-10,2.671586063485165e-09
2269,3,3,1.7298715420110966e-06,4.249529172994926e-09,0.00382728292606771,0.9961709380149841
2270,3,3,5.122262518852949e-05,8.058929523713232e-08,0.001556704519316554,0.9983919262886047
2271,0,0,0.9989311099052429,1.7310222588662327e-08,9.120725007960573e-05,0.0009776207152754068
2272,3,3,2.2761297202578135e-07,1.2791892345376255e-07,0.00017232172831427306,0.9998273253440857
2273,0,0,0.9999970197677612,1.905011458802619e-06,1.642288083303356e-08,1.034668571264774e-06
2274,3,3,4.779538357979618e-06,6.294144441199023e-07,0.0002532119397073984,0.9997413754463196
2275,2,2,0.005687156692147255,8.585170796493458e-09,0.9936661124229431,0.0006467443890869617
2276,0,0,0.9998993873596191,7.294369197552442e-08,1.7864340406958945e-06,9.8757169325836e-05
2277,1,1,0.0001681740250205621,0.9996371269226074,2.2556394469575025e-05,0.00017210765508934855
2278,2,2,7.296015610336326e-06,1.5120330543183513e-09,0.9999904632568359,2.2863148387841647e-06
2279,2,2,1.0253943401039578e-05,2.794660986182862e-06,0.9982410669326782,0.0017459363443776965
2280,0,0,0.999994158744812,5.255851078800333e-07,1.6754048601796967e-06,3.6517717489914503e-06
2281,2,3,0.19530437886714935,1.493804080432426e-09,0.08454373478889465,0.7201518416404724
2282,3,3,2.190087577957911e-08,8.895352787696709e-10,0.0002492993080522865,0.9997506737709045
2283,3,2,0.01067005842924118,0.00011100285337306559,0.5742787718772888,0.41494011878967285
2284,0,0,0.9177373051643372,0.02690730430185795,0.023318011313676834,0.032037392258644104
2285,3,3,0.010657611303031445,4.704841194325127e-05,0.05595909431576729,0.9333362579345703
2286,3,3,3.5608107396001287e-07,1.0482970047576146e-09,0.0003515882999636233,0.9996480941772461
2287,3,3,6.0166476032463834e-05,2.569832759036217e-06,0.0017741657793521881,0.9981630444526672
2288,0,0,0.9999563694000244,9.476463169733051e-09,1.518304088676814e-06,4.20451833633706e-05
2289,3,3,7.006852683844045e-05,7.022814543233835e-07,0.0003436272090766579,0.9995855689048767
2290,0,0,0.9934711456298828,0.00023122344282455742,0.0025464468635618687,0.0037511680275201797
2291,3,3,5.613573739537969e-05,2.3585695618777436e-09,5.904572390136309e-06,0.9999380111694336
2292,3,2,0.0004616152436938137,1.829923576224246e-06,0.6314959526062012,0.368040531873703
2293,3,3,0.0002737195754889399,0.0001037838010233827,2.031280928349588e-06,0.9996204376220703
2294,3,3,4.872542263001378e-07,1.6380490297507322e-09,2.341135285632845e-07,0.9999992847442627
2295,1,1,0.0014503879938274622,0.9939262270927429,7.370086223090766e-06,0.0046160235069692135
2296,2,2,0.000528554490301758,0.0026747395750135183,0.626880407333374,0.36991623044013977
2297,1,1,2.2290589186013676e-05,0.9999290704727173,2.540203604439739e-05,2.3227137717185542e-05
2298,2,1,0.008089685812592506,0.4294542372226715,0.24236251413822174,0.32009357213974
2299,2,2,0.07012868672609329,2.3938365956155394e-08,0.9270789623260498,0.0027923935558646917
2300,0,0,0.7968019247055054,0.013401168398559093,0.0032825900707393885,0.18651428818702698
2301,1,1,0.006268058437854052,0.9933852553367615,5.294010406942107e-06,0.0003414003294892609
2302,1,1,6.547410293933353e-07,0.9999990463256836,1.2155416584391787e-07,1.6623597787202016e-07
2303,0,0,0.9985901713371277,3.8137521187309176e-05,6.193963054101914e-05,0.0013097546761855483
2304,1,1,2.3389653506455943e-05,0.9999721050262451,4.3933273445873056e-06,9.275774459638342e-08
2305,1,1,0.0008549696649424732,0.9991390705108643,2.8985612061660504e-06,2.9768841613986297e-06
2306,0,2,0.06644411385059357,9.128687139536851e-08,0.9331912994384766,0.00036443729186430573
2307,2,2,0.005087194498628378,1.2451822328785056e-07,0.9946635961532593,0.000249147618887946
2308,2,2,2.8386891699483385e-06,2.6542727482592454e-07,0.9999246597290039,7.224000000860542e-05
2309,0,0,0.9719744324684143,6.284215601226606e-07,0.027659229934215546,0.00036572475801222026
2310,2,2,0.049579448997974396,9.455753024667501e-05,0.8946834802627563,0.055642470717430115
2311,2,2,0.0007565785199403763,4.5480072003556415e-05,0.998838484287262,0.0003594736335799098
2312,2,2,1.2377736311464105e-05,2.9853694286430255e-05,0.9994345307350159,0.0005231607938185334
2313,2,2,1.6689033145667054e-05,1.513259348939755e-06,0.999230146408081,0.0007516730111092329
2314,2,2,0.011683639138936996,0.0004480776551645249,0.9875050783157349,0.00036307706614024937
2315,1,1,2.8025510800944176e-07,0.9999970197677612,3.1788152909939527e-07,2.4125599793478614e-06
2316,3,3,0.00024225412926170975,4.065143730258569e-05,0.017233271151781082,0.9824838042259216
2317,2,2,0.3254433870315552,0.0013742344453930855,0.6675379872322083,0.00564445648342371
2318,2,2,0.006139373406767845,0.00017884341650642455,0.9930602312088013,0.0006215638131834567
2319,2,2,0.00192813400644809,2.2609427105635405e-05,0.9978583455085754,0.00019085593521595
2320,1,1,9.343227247882169e-06,0.9999860525131226,5.3325709359342e-07,4.089679350727238e-06
2321,2,2,0.00336098182015121,2.830981600254745e-07,0.9817854762077332,0.014853225089609623
2322,2,2,0.00924887228757143,1.0175087794550564e-07,0.9735280871391296,0.017222894355654716
2323,3,3,0.0012543285265564919,1.159715247922577e-05,0.040252845734357834,0.9584812521934509
2324,0,0,0.9998881816864014,1.916379555044756e-10,0.00011146092583658174,3.213986587979889e-07
2325,0,0,0.9999991655349731,4.981898271694263e-08,1.151603825633174e-07,6.385416213561257e-07
2326,1,1,0.028779571875929832,0.9712175726890564,1.3955005897514638e-06,1.5324852711273707e-06
2327,1,1,0.000363136496162042,0.9993577599525452,9.459120337851346e-05,0.00018454983364790678
2328,1,1,2.4165276002463543e-08,1.0,1.6398757907154504e-09,3.097596135148706e-08
2329,1,1,0.1402258425951004,0.8578659892082214,0.0007339812000282109,0.00117423664778471
2330,1,1,1.731538759486284e-05,0.9999340772628784,1.0327103154850192e-05,3.822852886514738e-05
2331,2,2,0.00620095431804657,2.189042788813822e-05,0.9935933947563171,0.00018374099454376847
2332,2,2,4.565163908409886e-05,1.0850584430954768e-06,0.9999184608459473,3.476310666883364e-05
2333,2,3,1.2802182936866302e-05,5.83920542127081e-12,5.2048992074560374e-05,0.9999351501464844
2334,1,1,0.002414318034425378,0.9975136518478394,3.8735328416805714e-05,3.324415592942387e-05
2335,3,3,0.013601538725197315,2.6405466542200884e-06,0.023811740800738335,0.9625840187072754
2336,3,3,0.018530508503317833,0.0001370337704429403,0.008523304015398026,0.9728091359138489
2337,1,1,0.00011311244452372193,0.9998431205749512,2.2055321096559055e-05,2.170932748413179e-05
2338,2,2,0.00011393057502573356,0.000923558312933892,0.9941316246986389,0.004830864258110523
2339,0,0,0.9976961016654968,1.245363847601766e-07,0.0006871341611258686,0.0016166807617992163
2340,0,0,0.9997968077659607,1.0880206735564002e-09,9.480822882323992e-06,0.00019362942839507014
2341,1,1,2.3331493139266968e-05,0.999975323677063,8.719451329852745e-07,4.3268849481137295e-07
2342,2,2,1.6400745153077878e-05,1.2191212590551004e-06,0.9998072981834412,0.00017505577125120908
2343,2,3,1.3012373528908938e-05,9.953236030924018e-07,0.3317776024341583,0.6682084202766418
2344,2,2,5.586789939115988e-06,9.018393143378489e-07,0.9998049139976501,0.00018865821766667068
2345,3,3,9.630329259380233e-06,1.1264401855726192e-08,0.00016748464258853346,0.9998229146003723
2346,1,1,0.013843678869307041,0.9827022552490234,0.0012846251484006643,0.002169507322832942
2347,0,0,0.9999998807907104,3.313255572678919e-11,1.798675430819685e-09,6.884032899279191e-08
2348,3,3,0.0002192703541368246,1.1575866665225476e-06,0.0024433364160358906,0.997336208820343
2349,0,0,0.7362772822380066,0.21976616978645325,0.03573957458138466,0.008216924034059048
2350,3,3,3.830171408480965e-06,1.1680109679446105e-07,0.036188267171382904,0.9638077616691589
2351,2,2,7.037218097138975e-08,1.2045595632059758e-09,0.9999994039535522,5.187032456888119e-07
2352,2,2,1.9541333529105032e-07,2.445121882743706e-10,0.9999884366989136,1.1309645742585417e-05
2353,3,3,1.833695023378823e-06,3.5099045447850585e-08,9.192009201797191e-06,0.9999890327453613
2354,2,2,0.0002825804695021361,9.41656981012784e-05,0.9712650179862976,0.02835824340581894
2355,3,1,0.3133124113082886,0.6727681159973145,8.487388186040334e-06,0.01391097903251648
2356,2,2,0.0002941073034889996,4.436036761035211e-06,0.9813273549079895,0.018374115228652954
2357,1,1,0.0067821373231709,0.9919507503509521,0.0007398811285383999,0.0005272965645417571
2358,3,3,2.589439134226268e-07,1.3736969894928563e-10,1.4701009831696865e-06,0.9999982118606567
2359,2,2,0.21426217257976532,8.511515261488967e-06,0.7753080129623413,0.010421333834528923
2360,0,0,1.0,1.7265570917412987e-11,4.4185427539034094e-10,4.161733357932462e-08
2361,0,0,0.9999244213104248,5.99364327058538e-08,6.334471981972456e-05,1.224824973178329e-05
2362,1,1,0.0005574384122155607,0.9993348717689514,0.00010462097270647064,3.077378096350003e-06
2363,2,2,1.563676960358862e-05,6.328168183244998e-06,0.9999535083770752,2.4552586182835512e-05
2364,3,3,2.4685555217729416e-06,8.562475528606228e-08,0.0003833397349808365,0.9996140599250793
2365,0,0,0.9986697435379028,5.470164978760295e-07,0.0002264954091515392,0.0011032159673050046
2366,0,0,0.9999972581863403,1.2343559063765497e-08,7.782779789522465e-07,1.8526784515415784e-06
2367,2,2,1.387242605233041e-06,1.4066716857996653e-06,0.999974250793457,2.288010909978766e-05
2368,0,0,0.9999575614929199,1.9857131974276854e-06,2.1267126726343122e-07,4.022324355901219e-05
2369,0,0,0.9988842606544495,6.909190233272966e-07,0.0007267899927683175,0.00038820100598968565
2370,0,0,0.999980092048645,1.244582392700977e-07,1.4240929886000231e-05,5.608419087366201e-06
2371,1,1,8.103965228656307e-05,0.9998058676719666,0.00010537397611187771,7.755061233183369e-06
2372,0,0,0.999763548374176,8.561984031985048e-06,6.772225606255233e-05,0.00016014919674489647
2373,2,2,0.011489657685160637,0.00016222900012508035,0.9879921674728394,0.0003558367898222059
2374,3,3,3.569535692804493e-05,6.234791385395511e-07,0.013986485078930855,0.985977292060852
2375,1,1,1.4173616364132613e-05,0.9999856948852539,5.63075523984935e-08,6.503174176941684e-08
2376,2,2,0.002730894135311246,0.00012856863031629473,0.9446962475776672,0.052444323897361755
2377,2,2,5.7817869674181566e-05,3.9222690247697756e-05,0.9987051486968994,0.0011977930553257465
2378,0,0,0.9997565150260925,4.378507156843625e-08,3.7143519875826314e-05,0.0002063101128442213
2379,3,3,0.019743984565138817,0.011444744653999805,0.2925771474838257,0.6762340664863586
2380,3,3,0.0003701748501043767,1.8744301996775903e-05,0.002196013694629073,0.9974149465560913
2381,3,3,0.0006814972730353475,1.6748539565014653e-05,0.0004869131953455508,0.9988148212432861
2382,3,3,7.148925305955345e-06,1.0966123653588511e-07,0.0026732964906841516,0.9973194003105164
2383,1,1,1.7691449727408326e-07,0.9999995231628418,3.004521715865849e-07,7.307810800938341e-09
2384,3,3,0.0009284968837164342,0.0006325084250420332,0.3586730659008026,0.6397659778594971
2385,2,2,0.00010879770707106218,1.4110087320773346e-08,0.9998227953910828,6.835999374743551e-05
2386,0,0,0.990204930305481,1.4548551916959696e-05,0.005356431007385254,0.004424151498824358
2387,3,3,0.00315614091232419,5.373078238335438e-05,0.003894029650837183,0.9928961396217346
2388,1,0,0.8583000898361206,0.13724997639656067,0.0016135964542627335,0.0028362420853227377
2389,1,1,1.87097697335048e-08,0.9999998807907104,5.856873031007126e-08,4.704370937247404e-08
2390,1,1,0.006409586872905493,0.9904356002807617,0.0015620652120560408,0.0015927031636238098
2391,2,2,4.210699444229249e-06,2.0129660072143452e-07,0.9995720982551575,0.0004235399537719786
2392,0,0,0.805542528629303,0.007936915382742882,0.17212657630443573,0.01439396757632494
2393,1,1,0.0004309951909817755,0.9995478987693787,1.8133378034690395e-05,2.944063680843101e-06
2394,2,2,0.0009308636654168367,2.2319406980386702e-06,0.9990267753601074,4.011691271443851e-05
2395,2,2,0.0002159103169105947,2.337213445002817e-08,0.9996974468231201,8.65656984387897e-05
2396,2,2,0.00013307628978509456,1.0146893991702655e-08,0.9998103976249695,5.6535634939791635e-05
2397,3,0,0.5127455592155457,0.003942697308957577,0.023133832961320877,0.46017786860466003
2398,0,0,0.999998927116394,1.0630606084305327e-06,1.1985802572667126e-08,3.369820689158587e-08
2399,0,0,0.918208122253418,0.004422963131219149,0.05762969329953194,0.019739186391234398
2400,0,3,0.11184427887201309,0.002121065277606249,0.1287517100572586,0.7572829723358154
2401,2,2,0.00029590947087854147,2.689354914764408e-06,0.9990437626838684,0.0006575384177267551
2402,1,1,1.4703896340506617e-05,0.9999841451644897,1.0762108786366298e-06,1.6712350259240338e-07
2403,1,1,0.0012031609658151865,0.9962258338928223,0.0012184211518615484,0.0013525488320738077
2404,1,1,5.193212928134017e-05,0.9999475479125977,1.4084508848100086e-07,3.881317809373286e-07
2405,2,2,0.0025651524774730206,0.025358138605952263,0.61902916431427,0.3530474901199341
2406,0,0,0.999305248260498,2.7566804419620894e-05,0.00032466629636473954,0.00034251948818564415
2407,2,2,0.00025013674166984856,5.381930350267794e-06,0.9994432330131531,0.0003012868983205408
2408,3,3,0.00021263763483148068,7.358518632827327e-05,0.012682761065661907,0.9870310425758362
2409,1,0,0.4143122434616089,0.03337863087654114,0.14571358263492584,0.40659552812576294
2410,0,0,0.9997811913490295,1.6594573025940917e-05,7.814027048880234e-05,0.00012409141345415264
2411,1,1,2.666452382982243e-05,0.9999593496322632,7.744684808130842e-06,6.213226697582286e-06
2412,3,3,4.618007551471237e-06,0.0005230067181400955,0.0009456470725126565,0.9985266923904419
2413,2,2,0.00018417384126223624,1.212432891861681e-07,0.9996318817138672,0.0001837836462073028
2414,3,3,0.005588100757449865,1.019538103719242e-06,9.766847597347805e-07,0.9944098591804504
2415,3,3,7.027736955933506e-06,1.5272088660367444e-07,0.0011073964415118098,0.998885452747345
2416,1,1,0.11392050981521606,0.8646807670593262,0.00188305729534477,0.01951567456126213
2417,3,0,0.9743442535400391,1.0817696420417633e-05,0.012930178083479404,0.01271482091397047
2418,0,0,0.9999998807907104,2.3493404999186396e-09,1.3088456540799598e-08,9.56406083219008e-08
2419,3,3,0.0018699709326028824,1.473930933570955e-05,0.0014363937079906464,0.9966789484024048
2420,2,2,2.273678001074586e-05,3.4400238746457035e-07,0.9994019269943237,0.0005750148557126522
2421,2,0,0.6886945366859436,0.002209730911999941,0.2678561210632324,0.041239578276872635
2422,3,3,0.09603958576917648,2.6493333393773355e-07,0.006909485906362534,0.897050678730011
2423,3,3,0.017003098502755165,6.091956379350449e-07,5.874796988791786e-05,0.9829375147819519
2424,2,2,2.421120143480948e-06,6.657026929701715e-09,0.9715041518211365,0.028493378311395645
2425,2,2,9.41096295719035e-05,1.519344914413523e-05,0.995674192905426,0.004216520581394434
2426,0,0,0.9999977350234985,6.001773726893589e-07,1.1842906815218157e-06,4.554088945951662e-07
2427,2,2,0.13680307567119598,0.000355788302840665,0.8581870198249817,0.004654144402593374
2428,3,3,0.05092667415738106,0.00037462389445863664,0.004589876625686884,0.9441088438034058
2429,0,0,0.9999991655349731,6.609327840578771e-08,3.529881098529586e-07,4.2552193235678715e-07
2430,2,2,0.0006186768296174705,9.911547749652527e-06,0.9744442701339722,0.024927137419581413
2431,2,2,0.02835208550095558,4.591769084072439e-06,0.9685303568840027,0.003112957114353776
2432,3,3,4.791647370439023e-05,2.572009805135167e-07,0.0008370245341211557,0.9991148114204407
2433,1,1,6.577490552217569e-08,0.9999998807907104,4.048133916967345e-08,5.673077008161442e-10
2434,3,3,0.00017902498075272888,6.9466382228711154e-06,0.0010722344741225243,0.9987418055534363
2435,3,3,0.00021370002650655806,3.6757916710428162e-09,0.4484158158302307,0.5513704419136047
2436,3,3,1.3355042938201223e-06,1.0379240800162393e-09,0.00012867474288213998,0.9998699426651001
2437,3,3,1.8506607801782593e-08,1.8570778248516717e-09,0.0022009089589118958,0.9977990984916687
2438,3,0,0.9437628984451294,0.00013830262469127774,0.004245839547365904,0.05185295641422272
2439,2,2,0.0002009829768212512,0.010371329262852669,0.9892395734786987,0.00018819700926542282
2440,2,2,6.297073014138732e-07,5.568622452045702e-09,0.9998156428337097,0.00018379674293100834
2441,3,3,2.3264107085196883e-07,1.003738390181752e-07,0.00023188455088529736,0.9997677206993103
2442,1,0,0.6579189300537109,0.2733416259288788,0.053390782326459885,0.01534863468259573
2443,0,0,0.9711207151412964,5.789765822328263e-08,0.022333616390824318,0.006545563228428364
2444,2,2,0.3510391116142273,8.111428905976936e-05,0.6476722359657288,0.0012075273552909493
2445,2,2,0.00042070160270668566,2.5377007659699302e-06,0.9995542168617249,2.252747981401626e-05
2446,3,0,0.8545666933059692,0.001140082604251802,0.013094354420900345,0.13119880855083466
2447,3,3,8.260590078634777e-08,2.511958996365138e-07,0.00029504054691642523,0.9997046589851379
2448,2,0,0.5200602412223816,1.4584482414647937e-05,0.39042890071868896,0.08949624001979828
2449,0,2,0.4151381552219391,5.524448809524074e-08,0.4855605959892273,0.09930126368999481
2450,2,2,3.188568734913133e-05,7.074807399476413e-06,0.9983041286468506,0.0016568920109421015
2451,2,2,0.0006006537587381899,1.8192135030403733e-05,0.5963526964187622,0.4030284285545349
2452,3,3,0.005908685270696878,0.16064469516277313,0.0028751010540872812,0.8305714726448059
2453,1,1,4.835397248825757e-06,0.9999946355819702,1.5727357549621956e-07,3.4732906328827085e-07
2454,1,1,1.8613897054819972e-06,0.9999980926513672,6.35851051811187e-08,5.8265339220042733e-08
2455,1,1,0.02378218062222004,0.8495538234710693,0.018793689087033272,0.10787031799554825
2456,1,1,1.1371455912012607e-05,0.9999876022338867,6.15166129591671e-07,3.593536632706673e-07
2457,3,3,0.011140947230160236,0.00036763932439498603,0.367152601480484,0.6213388442993164
2458,2,2,0.389693945646286,0.07201647013425827,0.5365981459617615,0.001691422308795154
2459,1,1,7.702494258410297e-06,0.9999642372131348,2.1475381799973547e-05,6.547410521307029e-06
2460,0,0,0.9319205284118652,0.0004412502166815102,0.039797648787498474,0.027840593829751015
2461,0,0,0.9982547163963318,4.652562347473577e-05,0.0005892638000659645,0.0011094956425949931
2462,2,0,0.8737329840660095,3.4008058719336987e-05,0.12565924227237701,0.0005736975581385195
2463,0,0,1.0,2.1111787318339736e-10,2.955156258588332e-11,7.296532711364989e-09
2464,1,1,0.05750062316656113,0.8670006990432739,0.07064470648765564,0.004853892605751753
2465,1,1,1.1131702848388159e-07,0.9999997615814209,1.0644031789297514e-07,1.7385068384889735e-10
2466,2,2,0.0009850853821262717,1.3057898513579858e-06,0.9986121654510498,0.000401366880396381
2467,1,1,7.902704237494618e-05,0.9996073842048645,0.0002820695808622986,3.1527735700365156e-05
2468,0,1,0.022195681929588318,0.977679431438446,7.292680675163865e-05,5.20304856763687e-05
2469,2,2,0.0019220495596528053,8.113898388728558e-07,0.9980277419090271,4.940595317748375e-05
2470,2,2,0.00011797399201896042,0.00010625556024024263,0.9996294975280762,0.00014626464690081775
2471,1,1,5.136164205055138e-08,1.0,5.809491429586977e-11,1.0037005671037491e-09
2472,1,1,0.0002486585872247815,0.9997217059135437,2.874166784749832e-05,7.840957323423936e-07
2473,1,1,6.759919870091835e-06,0.9999709129333496,1.510291713202605e-05,7.315366474358598e-06
2474,2,2,0.05468406900763512,4.047216407343512e-06,0.9441113471984863,0.0012005186872556806
2475,1,1,1.9890296698577004e-07,0.9999978542327881,1.9888107090082485e-06,3.1616437468073855e-08
2476,0,0,0.9992241859436035,4.386421551316744e-06,0.0007518462371081114,1.950408477568999e-05
2477,1,1,0.0007709113415330648,0.9991044402122498,8.967486064648256e-05,3.491001552902162e-05
2478,1,1,5.784416998722008e-07,0.9999984502792358,6.176452984618663e-07,3.1401799560626387e-07
2479,2,2,0.0011926540173590183,2.4376904548262246e-05,0.9987051486968994,7.777373684803024e-05
2480,1,1,2.1754083718406036e-05,0.999975323677063,1.0147214197786525e-06,1.9602832708187634e-06
2481,2,2,0.006825584918260574,5.91591913234879e-08,0.9931343793869019,3.994489452452399e-05
2482,0,0,1.0,1.1587589776596019e-09,5.292662419442706e-10,5.84742476661404e-10
2483,3,3,4.160222943028202e-06,6.871562874266601e-09,9.762266017787624e-06,0.9999860525131226
2484,1,1,0.0022655995562672615,0.9977318644523621,1.972492782442714e-06,5.54052292045526e-07
2485,1,1,1.5652621243589238e-07,0.9999997615814209,8.48373389317203e-08,2.239342755672169e-08
2486,0,0,0.9999133348464966,2.1893444568377163e-07,7.762958557577804e-05,8.865682502801064e-06
2487,0,0,0.9996670484542847,3.333877612021752e-05,0.00029040672234259546,9.195693564834073e-06
2488,2,2,0.0031101666390895844,4.244378942530602e-05,0.9134364724159241,0.08341093361377716
2489,2,2,0.020889895036816597,5.434784725366626e-06,0.9459880590438843,0.03311663120985031
2490,1,1,1.0696869168214107e-07,0.9999963045120239,3.5989169191452675e-06,8.936440032414339e-09
2491,0,3,0.03384924307465553,1.713794335955754e-05,0.005483535584062338,0.9606500864028931
2492,1,1,0.000819299544673413,0.9991497993469238,2.185670928156469e-05,9.068114195542876e-06
2493,1,1,8.501814590999857e-06,0.9999837875366211,6.3394077187695075e-06,1.4481773860097746e-06
2494,1,1,4.100779187865555e-05,0.9999580383300781,7.387387768176268e-07,2.0841477521571505e-07
2495,1,1,1.2168753782404451e-09,1.0,1.1716261294481e-10,4.3587353171226084e-10
2496,1,3,0.004427473526448011,0.055517155677080154,0.26832115650177,0.6717342138290405
2497,2,2,2.13579860428581e-05,0.0004970977315679193,0.9987731575965881,0.000708386767655611
2498,0,0,0.9902299046516418,0.001272853696718812,0.0006696573109366,0.007827597670257092
2499,1,1,0.019755974411964417,0.9780243635177612,0.0020880887750536203,0.00013153502368368208
2500,2,2,0.00318090314976871,3.8346897781593725e-06,0.9879135489463806,0.008901674300432205
2501,2,2,1.5011065670478274e-06,4.3891212442304095e-08,0.9971616268157959,0.0028368153143674135
2502,1,2,0.00304470956325531,0.3622404634952545,0.6292576193809509,0.005457223858684301
2503,1,1,9.421005984222575e-07,0.9999778270721436,2.108085209329147e-05,1.2426971807144582e-07
2504,0,0,0.9999728202819824,7.034549525997136e-06,6.7744731495622545e-06,1.3345791558094788e-05
2505,1,1,3.231836672057398e-05,0.9995817542076111,0.0002619856677483767,0.00012394189252518117
2506,0,0,0.9951457381248474,0.003127052914351225,0.0009225998073816299,0.0008046160219237208
2507,0,0,0.9999107122421265,6.069163305255643e-08,7.069550338201225e-05,1.851228080340661e-05
2508,3,3,3.266368730692193e-05,2.0688233348664653e-08,0.00020951555052306503,0.9997578263282776
2509,1,1,0.0004520474758464843,0.9995402097702026,6.297022537182784e-06,1.3842911812389502e-06
2510,1,1,0.0002609601942822337,0.9993696808815002,8.092870120890439e-05,0.00028848135843873024
2511,1,1,0.0005550830974243581,0.999431312084198,2.3265854451892665e-06,1.122602952818852e-05
2512,0,0,0.9999874830245972,1.385918011465037e-07,3.502793106235913e-06,8.96476467460161e-06
2513,0,0,0.9999097585678101,6.606380509310839e-08,8.65771435201168e-05,3.625515319072292e-06
2514,0,0,0.9998931884765625,1.0619329415817447e-08,1.5042559198263916e-06,0.00010525441757636145
2515,1,1,4.771797193825478e-06,0.9999867677688599,5.337248239811743e-06,3.1445231343241176e-06
2516,1,1,1.6614130800007842e-05,0.9999825954437256,6.114653388067381e-07,1.0705356601192761e-07
2517,1,1,5.101099668536335e-05,0.9999315738677979,7.334394013014389e-06,1.0099796782014892e-05
2518,1,1,4.480846837395802e-05,0.9999300241470337,2.4544564439565875e-05,5.870468839930254e-07
2519,0,0,0.9884159564971924,0.00467165419831872,0.0034738462418317795,0.003438584739342332
2520,3,3,3.4151885301980656e-06,5.083982679288113e-10,0.0009940799791365862,0.9990025162696838
2521,3,3,0.14276765286922455,1.2244245226611383e-05,0.005171360448002815,0.8520487546920776
2522,3,3,1.963613982525203e-08,2.833368206722753e-09,1.2082514331268612e-05,0.9999878406524658
2523,1,1,0.0012836023233830929,0.998705267906189,6.036832928657532e-06,5.151300229044864e-06
2524,0,0,0.9999635219573975,2.1162068719604576e-07,8.628246177977417e-06,2.7666003006743267e-05
2525,0,0,0.9872156381607056,0.010927834548056126,0.0016096850158646703,0.00024689320707693696
2526,1,1,8.012616490304936e-06,0.9999141693115234,4.5107967139301763e-07,7.741311856079847e-05
2527,0,0,0.9999768733978271,9.890298358072869e-09,2.148011844838038e-05,1.674583472777158e-06
2528,0,0,0.9997902512550354,4.824161351280054e-06,0.0001134753183578141,9.146319644059986e-05
2529,1,1,2.616204619698692e-05,0.9999732971191406,2.4312723212460696e-07,2.156873790681857e-07
2530,1,1,0.0016310260398313403,0.9980995059013367,0.0001958435750566423,7.362492760876194e-05
2531,0,0,0.999954342842102,7.815205208316911e-06,3.487213689368218e-05,2.897356580433552e-06
2532,1,1,0.00010068745177704841,0.9998663663864136,2.25355802285776e-06,3.0620994948549196e-05
2533,3,3,0.000248251628363505,2.1558655134867877e-05,3.7500201869988814e-05,0.9996926784515381
2534,3,3,0.00032795240986160934,2.061476322978706e-09,4.960997466696426e-05,0.9996224641799927
2535,2,2,0.0025545067619532347,6.413253004211583e-07,0.9969474673271179,0.0004974787589162588
2536,1,1,2.928667308665922e-10,1.0,2.952891056673401e-11,5.249702339504836e-10
2537,1,1,1.5252534240062232e-06,0.9999958276748657,1.737504021548375e-06,9.582104212313425e-07
2538,1,1,0.00032186528551392257,0.9994237422943115,0.00023701890313532203,1.7430895240977407e-05
2539,0,0,0.9928016662597656,4.0211278246715665e-05,0.0010528004495427012,0.006105335894972086
2540,0,0,0.9992988109588623,9.666840196587145e-05,0.00038416017196141183,0.00022036135487724096
2541,2,2,0.014091399498283863,2.4165260583686177e-06,0.9804854393005371,0.005420745816081762
2542,3,3,1.5804889699211344e-05,1.5569943343507475e-06,0.032140668481588364,0.9678419828414917
2543,2,2,3.2647383250150597e-06,1.2687690009727248e-08,0.9999645948410034,3.216418554075062e-05
2544,1,1,3.878366516829601e-10,1.0,2.148684119518407e-09,8.097503112480808e-09
2545,2,3,0.0016412236727774143,3.203598680556752e-05,0.409472793340683,0.5888539552688599
2546,2,1,0.05340851843357086,0.9264265298843384,0.013510080985724926,0.006654805038124323
2547,0,0,0.9999969005584717,7.229493093063866e-08,2.3727316147414967e-06,6.461207249230938e-07
2548,0,0,0.9843811988830566,8.601389708928764e-05,0.015369812026619911,0.00016295084787998348
2549,0,0,0.9999843835830688,4.739300038636429e-06,3.911269175205234e-07,1.0482298421266023e-05
2550,2,2,1.2357073501334526e-05,2.7748581210573775e-09,0.9999094009399414,7.818398444214836e-05
2551,1,1,3.0465660074696643e-06,0.9999969005584717,9.489432573062118e-10,2.2491128959245543e-08
2552,1,1,1.5560551673843293e-06,0.9999982118606567,2.5902673783662067e-08,2.2959497414376528e-07
2553,0,0,0.9998927116394043,4.613016062648967e-05,1.914574568218086e-06,5.924670404056087e-05
2554,0,0,0.9967729449272156,2.194746684835991e-06,0.0027848738245666027,0.00043999566696584225
2555,3,3,5.55764272576198e-05,2.7637959476578544e-08,0.17591744661331177,0.8240270018577576
2556,3,3,0.02065209485590458,1.479833372286521e-06,0.11360236257314682,0.8657440543174744
2557,1,1,1.6117704944917932e-05,0.999329686164856,0.00020408340787980705,0.0004502366646192968
2558,0,0,0.9999988079071045,3.029589246139608e-09,4.1346635271111154e-07,7.880587986619503e-07
2559,0,0,0.9999979734420776,8.794791028776672e-08,8.674032301314583e-07,1.1032018392143073e-06
2560,1,1,2.0837975171161816e-05,0.9999768733978271,1.4284075859904988e-06,7.74862883190508e-07
2561,0,0,0.9994192123413086,3.8550446333829314e-05,3.107740849372931e-05,0.0005111082573421299
2562,1,1,0.000545679999049753,0.9993902444839478,6.143280916148797e-05,2.6497204999031965e-06
2563,0,0,0.9775487780570984,5.193592755858845e-07,0.0006908838986419141,0.021759796887636185
2564,0,0,0.995145857334137,0.004000084009021521,0.0008509181789122522,3.052793090319028e-06
2565,2,2,0.007505537010729313,1.5555311620119028e-05,0.9924255609512329,5.334998058970086e-05
2566,2,2,0.08159336447715759,0.0035861008800566196,0.8883399963378906,0.026480577886104584
2567,0,0,0.9998378753662109,4.2234536522300914e-05,3.0342454920173623e-05,8.94791737664491e-05
2568,1,1,0.0001941480441018939,0.9991922974586487,8.95635093911551e-05,0.000523960858117789
2569,1,1,1.3174688319850247e-05,0.9996433258056641,4.721718869404867e-05,0.00029622012516483665
2570,1,1,0.00042870943434536457,0.9993540644645691,0.00014907552395015955,6.815521192038432e-05
2571,3,3,0.00010869210382224992,0.00013548794959206134,0.001725327572785318,0.9980304837226868
2572,0,0,0.9903581738471985,0.004497293382883072,0.0003432069788686931,0.004801358561962843
2573,2,2,0.0002137155970558524,5.4517982789548114e-05,0.9996848106384277,4.703084414359182e-05
2574,2,3,0.0001400077308062464,2.6642239390639588e-05,0.0024689710699021816,0.997364342212677
2575,3,3,0.007992792874574661,0.00013192220649216324,0.04883591830730438,0.9430394172668457
2576,3,3,0.0044859847985208035,0.011236297897994518,0.008641702122986317,0.9756360054016113
2577,3,2,0.00022946824901737273,1.712417940780142e-07,0.8685163855552673,0.13125403225421906
2578,0,3,0.04901892691850662,0.0035945747513324022,0.0025964188389480114,0.9447900056838989
2579,1,1,0.003583461046218872,0.9797006845474243,0.016437813639640808,0.00027798194787465036
2580,2,2,0.051309674978256226,0.002598278922960162,0.9366782903671265,0.009413707070052624
2581,2,2,0.027466684579849243,7.003784412518144e-05,0.9700073599815369,0.002456012647598982
2582,3,3,0.00023905385751277208,0.013415968976914883,0.0019398508593440056,0.9844051003456116
2583,3,3,4.0099180864672235e-07,1.2234090718266089e-06,0.01250849012285471,0.9874898791313171
2584,1,1,9.192051564355097e-09,1.0,7.835677245937589e-11,1.878563138379974e-10
2585,3,3,9.65352501225425e-06,8.807808626443148e-06,0.014960394240915775,0.98502117395401
2586,3,3,0.04474041983485222,3.2718904208195454e-07,0.11754091084003448,0.8377183079719543
2587,0,0,0.9043101668357849,0.09509772062301636,0.0003430703072808683,0.0002491041086614132
2588,2,2,0.0005615103873424232,1.227384984758828e-07,0.9993498921394348,8.850760059431195e-05
2589,3,2,0.0012769701424986124,9.660080831963569e-05,0.5897896885871887,0.40883681178092957
2590,2,2,0.00018347380682826042,2.8743667002117945e-08,0.8807554244995117,0.11906113475561142
2591,0,1,0.022575728595256805,0.9774091243743896,4.3393756641307846e-06,1.0849509635590948e-05
2592,2,2,4.480185089050792e-05,2.2822308892500587e-05,0.9978476762771606,0.002084702020511031
2593,0,0,0.9995567202568054,0.00018867453036364168,7.599991658935323e-05,0.00017855034093372524
2594,2,2,0.0009335008217021823,0.0004372639814391732,0.9163280129432678,0.08230119198560715
2595,0,0,0.9999990463256836,1.4363335409939282e-08,1.3244377328192058e-07,8.11260690625204e-07
2596,2,3,5.214916745899245e-05,1.651611273700837e-05,0.17103497684001923,0.8288964033126831
2597,2,2,1.4159048077999614e-05,1.5957820096446085e-06,0.9995325803756714,0.00045168420183472335
2598,3,2,0.0018829747568815947,0.0003642674128059298,0.6731350421905518,0.3246177136898041
2599,2,2,0.0009863234590739012,0.00020785251399502158,0.9985988736152649,0.00020697052241303027
2600,2,2,6.136636511655524e-05,1.5436029570992105e-05,0.9987855553627014,0.0011377051705494523
2601,3,3,1.376618229187443e-06,1.5405234421450587e-08,0.0005292885471135378,0.9994693398475647
2602,0,0,0.9983338713645935,2.9250902144895008e-08,0.0008061809348873794,0.0008599463617429137
2603,0,0,0.9991126656532288,0.0005911537446081638,0.00022035329311620444,7.583043770864606e-05
2604,0,0,0.9997532963752747,9.642133954912424e-05,6.868808213766897e-06,0.00014340810594148934
2605,3,3,1.2764375014739926e-06,1.045907902152976e-05,0.013177193701267242,0.9868109822273254
2606,1,1,8.937793609220535e-06,0.9999728202819824,1.5558294762740843e-05,2.7561802653508494e-06
2607,0,3,0.22154514491558075,2.3745287762722e-05,0.004722836427390575,0.7737083435058594
2608,3,3,9.540568498778157e-06,7.257572320895633e-09,4.7663008444942534e-05,0.9999427795410156
2609,2,2,0.00033300428185611963,4.89273821457914e-09,0.9986328482627869,0.0010341440793126822
2610,2,3,6.300219683907926e-05,0.0005761638167314231,0.33331412076950073,0.666046679019928
2611,3,3,4.806433366866258e-07,6.576084956577688e-07,0.02316083200275898,0.9768379926681519
2612,3,3,0.23347079753875732,0.00021300025400705636,0.022522954270243645,0.7437933087348938
2613,0,2,0.0003607862745411694,5.248014645076182e-07,0.9993072748184204,0.00033135630656033754
2614,2,2,4.4057745981263e-05,8.49095513899556e-08,0.9999464750289917,9.319222954218276e-06
2615,1,1,2.7731391583074583e-06,0.9999843835830688,3.7210618302196963e-06,9.18271325645037e-06
2616,3,3,0.0008202595636248589,6.543612585119263e-07,7.934994755487423e-06,0.999171257019043
2617,2,2,0.0037693355698138475,2.2801925297244452e-05,0.9960973858833313,0.00011054534843424335
2618,3,3,4.217892637825571e-06,1.371358422375124e-07,0.003438221290707588,0.9965574741363525
2619,3,3,0.0007344278856180608,1.975444502022583e-05,0.004546095617115498,0.9946997165679932
2620,2,2,0.0007424534996971488,7.17207404576925e-09,0.9990371465682983,0.00022046738013159484
2621,3,3,4.458587682165671e-06,1.1701697388843968e-07,0.05485615134239197,0.9451392292976379
2622,1,1,0.0001039016860886477,0.9994682669639587,0.00034262880217283964,8.519392576999962e-05
2623,1,1,8.544641605112702e-05,0.9998563528060913,3.706177813000977e-05,2.1091644157422706e-05
2624,0,0,0.6512815356254578,2.89593190245796e-05,0.34811586141586304,0.000573697267100215
2625,3,3,0.012261576019227505,1.4668005405837903e-06,0.0076383380219340324,0.9800986051559448
2626,1,1,3.00645820061618e-06,0.9999947547912598,2.1525831925828243e-06,1.7324200030088832e-07
2627,2,2,0.00018379846005700529,2.3395214157062583e-06,0.9997773766517639,3.65543419320602e-05
2628,2,2,2.0268975276849233e-05,5.12159914478616e-08,0.9999792575836182,4.175627168478968e-07
2629,1,1,9.332605259260163e-06,0.9999901056289673,1.6739868158310856e-07,3.1921297249937197e-07
2630,1,1,2.374661405013523e-11,1.0,1.0378828907420257e-09,1.2983302211111436e-09
2631,1,1,9.267580026062205e-05,0.9991434812545776,0.0002521181886550039,0.000511699472554028
2632,0,0,0.9999573230743408,1.5036682725622086e-06,3.5662938898894936e-05,5.5413720474462025e-06
2633,3,3,0.012779396027326584,0.00012561205949168652,0.0050919195637106895,0.9820030927658081
2634,1,1,3.5477129131322727e-05,0.9999501705169678,8.554335181543138e-06,5.846030035172589e-06
2635,3,3,1.0901726454903837e-05,1.120884201427641e-12,0.000124914848129265,0.9998642206192017
2636,2,2,0.0001347964716842398,7.966100667999854e-09,0.9997735619544983,9.160046465694904e-05
2637,0,0,0.9999639987945557,3.583806574170012e-06,5.0340663619863335e-06,2.7458205295260996e-05
2638,2,2,4.3334515794413164e-05,2.2853744667372666e-05,0.9998990297317505,3.469023067736998e-05
2639,1,1,5.511215476872167e-06,0.9999934434890747,1.0677703130568261e-06,1.9453917587952674e-08
2640,1,1,9.516630598227493e-06,0.9999864101409912,3.088855237365351e-06,8.953711585490964e-07
2641,1,1,0.00012453648378141224,0.9998747110366821,7.821908525329491e-07,2.6866496583011212e-08
2642,1,1,5.9724367019953206e-05,0.9999346733093262,3.1359443255496444e-06,2.5196745809807908e-06
2643,2,2,0.003157972125336528,8.445032051440649e-08,0.985933244228363,0.010908737778663635
2644,1,1,0.003140613902360201,0.996766209602356,7.033584552118555e-06,8.616293780505657e-05
2645,1,1,0.011262466199696064,0.9884403944015503,0.00018244567036163062,0.0001146440117736347
2646,0,0,0.9998078942298889,2.1059448044979945e-05,0.00011075393558712676,6.0385631513781846e-05
2647,0,0,0.9999992847442627,1.154980555639895e-09,1.0220321655651787e-07,5.81254141707177e-07
2648,2,2,0.00027602643240243196,6.758995823474834e-06,0.9888918995857239,0.010825295932590961
2649,2,2,0.00034761388087645173,0.00015838468971196562,0.9955759048461914,0.003918103873729706
2650,3,3,1.2388412869768217e-05,3.304927076897002e-06,0.006344028748571873,0.9936402440071106
2651,1,1,0.0012423006119206548,0.9987327456474304,1.6517804397153668e-05,8.45963859319454e-06
2652,2,2,7.221027772175148e-06,2.2469400846603094e-06,0.9999734163284302,1.7049575035343878e-05
2653,0,0,0.9513060450553894,0.0003658374771475792,4.620016989065334e-05,0.04828202351927757
2654,2,2,0.00012818025425076485,2.7056517865275964e-05,0.9961614608764648,0.0036833551712334156
2655,3,3,0.006037808023393154,0.019671736285090446,0.138821542263031,0.8354689478874207
2656,0,1,9.556330769555643e-05,0.9999041557312012,2.593569377040694e-07,4.578976753322195e-09
2657,0,0,0.9998986721038818,2.9467130957527843e-07,2.7855096504936228e-06,9.826650784816593e-05
2658,2,2,0.0001520853111287579,9.85486394711188e-07,0.9998266100883484,2.028974449785892e-05
2659,2,2,4.449311381904408e-05,5.764630714111263e-06,0.9984893798828125,0.001460320083424449
2660,3,2,0.03932671993970871,5.441184839583002e-06,0.9594258069992065,0.001242007128894329
2661,1,1,0.00010495027527213097,0.9994485974311829,0.0004458872717805207,5.945165639786865e-07
2662,2,2,1.7620106518734246e-05,1.191556862067955e-06,0.9997667670249939,0.00021446430764626712
2663,0,0,0.999900221824646,1.2696553142177436e-07,3.402235233807005e-05,6.567599484696984e-05
2664,2,2,0.00044468697160482407,0.000847012794110924,0.9975165128707886,0.0011917902156710625
2665,1,1,1.1248221198911779e-06,0.999998927116394,1.0048541165819103e-10,8.311685562034654e-09
2666,2,2,2.4748647774686106e-05,2.3864645370963444e-08,0.9999077320098877,6.740519165759906e-05
2667,2,2,2.2782227460993454e-05,1.3689656043425202e-05,0.9527459740638733,0.04721754044294357
2668,0,0,0.9961878657341003,1.108891524381761e-06,0.001333057414740324,0.0024780123494565487
2669,3,3,1.5565211697321502e-06,5.313895812264491e-08,0.0019505404634401202,0.998047947883606
2670,0,2,0.341289758682251,6.819063855800778e-06,0.6573023200035095,0.001401119981892407
2671,2,2,0.04155964031815529,0.00015430524945259094,0.9541240334510803,0.004162049852311611
2672,2,2,0.0027745633851736784,1.8402170098852366e-07,0.9958392381668091,0.0013860029866918921
2673,3,3,3.9346417906926945e-05,1.2182530326754204e-06,0.038264382630586624,0.9616950154304504
2674,3,3,0.12537099421024323,0.03080633096396923,0.07260607182979584,0.771216630935669
2675,2,2,6.159585268505907e-07,1.2783449854225637e-09,0.9999959468841553,3.4449208214937244e-06
2676,3,3,0.0016284638550132513,4.602009440191068e-08,0.0019088640110567212,0.9964626431465149
2677,3,3,9.63759157457389e-06,4.056752711534273e-09,5.084250915388111e-06,0.9999853372573853
2678,3,3,2.487474375811871e-06,1.2645875813177554e-07,0.017325488850474358,0.982671856880188
2679,2,3,0.003995534963905811,9.258170621251338e-07,0.039365530014038086,0.9566380381584167
2680,2,2,0.00017956308147404343,3.044720244815835e-07,0.9998148083686829,5.271926966088358e-06
2681,3,3,0.005835392512381077,4.193156044607349e-08,0.0016500265337526798,0.9925145506858826
2682,3,3,0.0007252289797179401,2.441522042317956e-07,0.0006018818821758032,0.9986727237701416
2683,0,0,0.5930646061897278,0.0003332055057398975,0.3693673610687256,0.03723481297492981
2684,2,2,1.3353007943806006e-07,2.9220117991890504e-10,0.999996542930603,3.373903382453136e-06
2685,0,0,1.0,1.8470873441867042e-10,4.29939506219057e-09,1.7847913369450907e-08
2686,0,0,0.8874111771583557,3.30925831804052e-05,0.11088324338197708,0.0016725721070542932
2687,2,2,2.2840104065835476e-05,1.0497716829149795e-07,0.9942373037338257,0.005739650223404169
2688,2,2,3.801658749580383e-05,9.529096445248797e-08,0.9999613761901855,4.689267711910361e-07
2689,1,1,7.99578265286982e-05,0.9999144077301025,3.7654369862138992e-06,1.965750016097445e-06
2690,1,1,0.0002006286958931014,0.9997298121452332,5.90027013913641e-08,6.946401845198125e-05
2691,1,1,0.00032918588840402663,0.9993951320648193,4.7379870693475823e-07,0.0002752487489487976
2692,3,3,0.001539709628559649,2.500914320080483e-07,0.0006039689760655165,0.997856080532074
2693,3,3,2.555247556301765e-05,3.6294258620728215e-07,0.0010241271229460835,0.9989499449729919
2694,3,3,0.0030900745186954737,0.29291895031929016,0.1571415811777115,0.5468493700027466
2695,0,0,0.9999352693557739,1.3666885934071615e-05,3.877504059346393e-05,1.2365728252916597e-05
2696,2,2,3.6246156014385633e-06,3.6717455742518723e-09,0.9999934434890747,3.0090643576841103e-06
2697,2,2,6.916130587342195e-06,1.2533477047327324e-06,0.9999624490737915,2.9327766242204234e-05
2698,3,3,2.7413457246439066e-06,1.572689423134932e-09,0.00017035238852258772,0.999826967716217
2699,2,2,0.3235301971435547,0.0018527122447267175,0.6725746989250183,0.002042398089542985
2700,2,2,0.48420965671539307,5.453744506667135e-06,0.5106410980224609,0.005143805872648954
2701,2,2,0.0007943427772261202,1.2049023325744201e-06,0.9990831613540649,0.00012126987712690607
2702,0,2,0.4714810848236084,0.0001138071165769361,0.48703980445861816,0.04136531800031662
2703,2,2,2.220920032414142e-05,6.3804700403125025e-06,0.9997749924659729,0.0001964503462659195
2704,0,0,0.9988943934440613,1.1036971159228415e-07,0.00022572361922357231,0.0008797486079856753
2705,1,1,1.9560644432203844e-05,0.9999709129333496,4.146610081079416e-06,5.33322508999845e-06
2706,2,2,3.0274597406787507e-07,1.43857614709475e-09,0.9999957084655762,3.912871306965826e-06
2707,3,3,0.00022871801047585905,1.1597923332828941e-07,0.00025399940204806626,0.9995172023773193
2708,3,3,3.255459887441248e-05,6.775483996079856e-08,5.389301350078313e-06,0.9999619722366333
2709,3,3,0.0038303446490317583,2.1927151465206407e-05,0.007286828476935625,0.9888609051704407
2710,3,2,0.0007032641442492604,2.316063074658814e-07,0.7324953079223633,0.26680120825767517
2711,0,0,0.890549898147583,0.0009177107131108642,0.0715552419424057,0.03697718307375908
2712,3,3,0.00034117125323973596,8.668682130519301e-05,0.0026138662360608578,0.9969583749771118
2713,1,1,1.7376339656038908e-06,0.9997244477272034,0.0002469609898980707,2.6779063773574308e-05
2714,2,2,0.0028185085393488407,0.0004003305220976472,0.6851850748062134,0.3115960359573364
2715,1,1,3.443811147008091e-05,0.9999651908874512,1.2466948362543917e-07,1.9984027233022061e-07
2716,1,1,0.00015078065916895866,0.9998418092727661,1.0856241239309838e-08,7.39387041903683e-06
2717,1,1,0.004822172690182924,0.9921358823776245,0.0024425142910331488,0.0005993747035972774
2718,2,3,0.0035236510448157787,4.070064278494101e-06,0.04522203654050827,0.9512502551078796
2719,3,3,0.0002452596090734005,0.004641269333660603,0.1005774438381195,0.894536018371582
2720,0,0,0.9980772733688354,2.7613036763796117e-06,4.389234891277738e-05,0.00187604536768049
2721,0,0,0.9884769916534424,1.4331072861750727e-06,0.010832751169800758,0.0006888671196065843
2722,3,3,0.0012723266845569015,6.61955782561563e-05,0.002070498885586858,0.9965909719467163
2723,1,1,4.4173768401378766e-05,0.9999556541442871,4.938312425650793e-09,8.338133028473749e-08
2724,2,2,0.0012799411779269576,3.2293794447468827e-06,0.9885508418083191,0.010166022926568985
2725,0,0,0.999957799911499,5.115002295497106e-06,2.881180444092024e-05,8.265495125669986e-06
2726,2,2,0.0003547624219208956,1.1536872079886962e-07,0.884238600730896,0.11540649831295013
2727,3,3,0.0033439260441809893,8.96100391400978e-06,0.008998501114547253,0.987648606300354
2728,1,1,0.01844547875225544,0.9812435507774353,0.0001374646817566827,0.00017342661158181727
2729,2,2,0.002672683447599411,8.755931776249781e-05,0.9946744441986084,0.0025653161574155092
2730,0,0,0.9999687671661377,5.9551986453243444e-08,5.028860172728855e-08,3.115653817076236e-05
2731,2,2,0.0002378257631789893,2.005047099373769e-05,0.9996023774147034,0.00013980042422190309
2732,3,3,0.0005964831216260791,4.550970515992958e-06,0.0067752511240541935,0.9926238059997559
2733,1,1,0.0005598532734438777,0.999428927898407,1.0231808118987828e-05,9.203675972457859e-07
2734,0,0,0.9685418605804443,0.004253331571817398,0.011030862107872963,0.01617392897605896
2735,2,2,0.004887112416327,4.868097676080652e-07,0.9950307607650757,8.162076119333506e-05
2736,1,1,0.0010418695164844394,0.9987159967422485,0.0001922891678987071,4.9917103751795366e-05
2737,1,1,0.0010711514623835683,0.9988692402839661,4.558530054055154e-05,1.400296878273366e-05
2738,0,1,0.2813557982444763,0.7185588479042053,6.508063961518928e-05,2.0337389287305996e-05
2739,1,1,6.700147059746087e-05,0.9999322891235352,4.818978638354565e-08,6.826753065070079e-07
2740,0,0,0.9998352527618408,3.0716266337549314e-05,1.4151440552723216e-07,0.00013382986071519554
2741,2,2,0.0001159511593868956,1.1185971260374572e-07,0.9996864795684814,0.00019753472588490695
2742,3,3,0.002331608673557639,1.7274445553994155e-06,0.001694427919574082,0.995972216129303
2743,0,0,0.980338990688324,0.011213144287467003,0.0032375906594097614,0.0052101691253483295
2744,1,1,0.00010054097947431728,0.9920234680175781,0.007681643590331078,0.00019431284454185516
2745,2,2,0.00011961864947807044,8.317618238606883e-08,0.9990072846412659,0.0008730610134080052
2746,2,2,6.783569915569387e-06,2.5229726929865137e-07,0.9993094205856323,0.0006835868116468191
2747,1,1,0.0007051857537589967,0.9991865754127502,2.131519249815028e-05,8.694024290889502e-05
2748,3,3,0.00033568337676115334,2.307704107806785e-06,0.00016145827248692513,0.9995006322860718
2749,2,2,0.0015760855749249458,1.2877859489890398e-07,0.9979062080383301,0.0005176027189008892
2750,2,3,0.19092527031898499,0.1018187552690506,0.15045154094696045,0.5568044185638428
2751,1,1,0.018871266394853592,0.9728196263313293,2.135289651050698e-05,0.008287724107503891
2752,2,3,0.0001618708047317341,3.021636530320393e-06,0.008930527605116367,0.9909045100212097
2753,3,3,4.48007631348446e-06,1.0240209791234633e-09,0.0014260769821703434,0.9985693693161011
2754,3,3,0.001994452439248562,1.4809429558226839e-06,0.0007365597994066775,0.9972676038742065
2755,2,2,1.0135147476830753e-06,1.4977562159401714e-06,0.9999938011169434,3.675588686746778e-06
2756,3,3,5.9811754908878356e-05,3.5347727589396527e-06,0.06148018315434456,0.9384564757347107
2757,2,2,2.7528096325113438e-05,2.380257324574586e-09,0.9998997449874878,7.270762580446899e-05
2758,0,3,0.442548930644989,0.05445755645632744,0.01862105168402195,0.4843725562095642
2759,2,3,1.2138298188801855e-06,3.9543543550735194e-08,0.43394389748573303,0.5660548210144043
2760,3,3,4.04721504310146e-06,1.1824660077763838e-06,0.0006728256121277809,0.9993219375610352
2761,0,0,0.9998052716255188,3.5161954770046577e-07,0.00017888317233882844,1.5459483620361425e-05
2762,2,2,0.0005487485323101282,0.00019473518477752805,0.99314945936203,0.006107125896960497
2763,3,3,0.00028883773484267294,6.382345873134909e-06,0.005141799803823233,0.9945629239082336
2764,3,3,1.5589504982926883e-05,3.747791055275229e-08,2.64617756329244e-05,0.9999579191207886
2765,2,2,0.005458467174321413,1.2757212175529276e-07,0.9945382475852966,3.1871475130174076e-06
2766,3,3,0.0430808961391449,0.0014602268347516656,0.09367235004901886,0.8617865443229675
2767,3,3,0.0019538234919309616,2.6837966515813605e-07,0.21317359805107117,0.7848722338676453
2768,2,2,4.084322790731676e-05,5.854576912156517e-08,0.9920387268066406,0.007920472882688046
2769,0,0,0.9998262524604797,9.097665497392882e-06,5.756490963904071e-07,0.00016413864796049893
2770,3,3,0.0027489452622830868,0.029192237183451653,0.037481993436813354,0.9305768609046936
2771,2,2,0.07096567749977112,0.0824701339006424,0.818499743938446,0.02806452289223671
2772,2,2,0.07283332198858261,8.718083336134441e-06,0.8946477174758911,0.03251022472977638
2773,3,3,8.236903568104026e-07,4.721159574394562e-11,0.01937760040163994,0.9806216359138489
2774,1,1,2.0590314306900837e-06,0.9999954700469971,1.7818362039179192e-06,7.570124580524862e-07
2775,2,2,0.0013369392836466432,0.0018211824353784323,0.992033064365387,0.00480876537039876
2776,3,3,1.422529385308735e-05,7.735894591576198e-09,0.0044787731021642685,0.995507001876831
2777,1,1,8.048889139899984e-05,0.999911904335022,5.574018359766342e-06,2.0847562609560555e-06
2778,3,2,0.000477581808809191,2.030444434808487e-08,0.9695652723312378,0.02995711751282215
2779,3,3,0.0006220719078555703,0.00041859294287860394,0.2716248333454132,0.7273344397544861
2780,3,3,0.09191232919692993,3.977619417128153e-05,0.08512264490127563,0.8229252696037292
2781,0,0,0.9999868869781494,1.2898060504085151e-06,1.3732769730268046e-06,1.0357742212363519e-05
2782,1,1,7.287048356374726e-05,0.9998588562011719,4.0798200643621385e-05,2.7426742235547863e-05
2783,2,2,0.007857497781515121,0.0005355353350751102,0.9829917550086975,0.008615131489932537
2784,1,1,1.945358690136345e-06,0.999996542930603,1.387325141877227e-06,6.756656745210421e-08
2785,3,3,4.7915333922787795e-09,2.499386808629822e-10,1.3235905953479232e-06,0.9999986886978149
2786,2,2,0.4068360924720764,0.00790267065167427,0.5079177618026733,0.07734344899654388
2787,3,3,0.08179554343223572,0.007836797274649143,0.005747947376221418,0.9046197533607483
2788,3,3,0.0017917263321578503,2.776757173705846e-05,0.001793854171410203,0.9963866472244263
2789,2,2,0.00014635996194556355,1.1859787264256738e-05,0.9998250603675842,1.6775586118455976e-05
2790,3,3,0.00024107204808387905,4.357903162599541e-05,0.02491176500916481,0.9748035669326782
2791,2,2,0.00038894187309779227,0.00019338392303325236,0.9917578101158142,0.007659771479666233
2792,3,3,1.1717884440543003e-08,3.435150081054772e-11,0.0002400386001681909,0.9997599720954895
2793,1,1,2.365865003906009e-10,1.0,1.1557278051244069e-10,1.149923378740425e-09
2794,1,1,1.3583469808509108e-05,0.9999861717224121,2.0403155553960772e-10,1.7981621169838036e-07
2795,2,2,2.194794979004655e-05,1.1314588164168526e-06,0.9698290228843689,0.030147850513458252
2796,3,3,0.00014462303079199046,4.21374206780456e-05,0.03416433557868004,0.9656489491462708
2797,3,3,5.760159911005758e-05,2.7056334062081078e-08,8.762195648159832e-05,0.9998548030853271
2798,1,1,0.017459793016314507,0.9824015498161316,9.65322251431644e-05,4.215841545374133e-05
2799,3,3,1.7774041960461062e-10,8.793094252723677e-09,2.042502700305704e-08,1.0
2800,3,3,0.0186486653983593,3.4550877899164334e-05,0.0005768026458099484,0.980739951133728
2801,3,3,0.00048064696602523327,2.0553701688186266e-05,6.394849606294883e-06,0.9994922876358032
2802,0,0,0.9999998807907104,3.5283689164833376e-11,3.6031275740810997e-09,8.862586753366486e-08
2803,1,1,1.4062205082154833e-05,0.9999858140945435,7.904236554168165e-08,2.2357776074954927e-08
2804,3,3,1.1719766490614347e-08,2.4201856074768102e-09,0.00014626844495069236,0.9998537302017212
2805,3,2,0.004549343604594469,7.609529802721227e-06,0.9093031287193298,0.08613987267017365
2806,3,2,0.00020304034114815295,9.345629223389551e-06,0.9749391078948975,0.024848483502864838
2807,3,3,5.689230420102831e-06,1.0240117376270064e-07,1.686599171080161e-05,0.9999773502349854
2808,0,0,0.9947454929351807,0.00019632084877230227,0.0035344783682376146,0.001523690763860941
2809,1,1,0.00025341977016068995,0.9997424483299255,1.574963334860513e-06,2.479445583958295e-06
2810,3,1,0.4163512587547302,0.5054079294204712,7.338060095207766e-05,0.07816742360591888
2811,3,3,0.0001561012613819912,4.714519263870898e-08,0.05070928856730461,0.9491345882415771
2812,3,3,0.07839711010456085,0.4239841401576996,0.02087506279349327,0.47674360871315
2813,3,3,8.424831321462989e-06,0.020672507584095,0.018306903541088104,0.9610121846199036
2814,0,0,0.999652624130249,1.0871918675547931e-05,4.148384687141515e-05,0.0002950103080365807
2815,2,2,0.08276955783367157,0.01736419089138508,0.8938490748405457,0.006017189938575029
2816,2,2,0.000523988448549062,9.067895234693424e-07,0.9992701411247253,0.0002049575123237446
2817,0,0,0.9639267325401306,2.9479617751348997e-06,0.00112401251681149,0.034946270287036896
2818,3,3,0.0034663076512515545,4.4717017999573727e-07,0.008156741969287395,0.9883764386177063
2819,0,0,0.985241711139679,1.613818625401109e-07,0.0013416233705356717,0.013416541740298271
2820,1,1,8.546899152861442e-06,0.9999569654464722,3.2366715458920226e-05,2.1801088223583065e-06
2821,1,1,3.594446388888173e-05,0.9998534917831421,6.967435183469206e-06,0.00010357986320741475
2822,0,2,0.026135599240660667,0.00225838809274137,0.9219980835914612,0.049607980996370316
2823,2,2,0.0002361477236263454,6.946606845303904e-08,0.9982603192329407,0.0015034896787256002
2824,0,0,0.999996542930603,1.354028995592671e-06,1.7969130112760467e-06,3.013086598002701e-07
2825,1,1,0.0018987535731866956,0.9979379773139954,0.00011573368101380765,4.7477034968324006e-05
2826,1,1,2.8262840956472246e-08,0.9999997615814209,6.079437042671998e-08,9.27374870229869e-08
2827,2,2,0.002344494452700019,1.7487973309471272e-05,0.9894687533378601,0.008169339038431644
2828,2,3,0.00020362228679005057,2.4476092264080762e-08,0.02373901940882206,0.9760573506355286
2829,1,1,0.08859822899103165,0.8997628688812256,0.01146862842142582,0.00017020845552906394
2830,0,0,0.9990398287773132,6.182766810525209e-05,6.415066309273243e-05,0.0008341456414200366
2831,3,3,0.0023526481818407774,7.851402187952772e-06,0.0017760931514203548,0.9958634376525879
2832,1,1,5.5656698805250926e-08,1.0,2.4911768203850215e-09,3.328766151611262e-09
2833,3,0,0.9604750871658325,9.780027176020667e-05,0.001008110004477203,0.03841898590326309
2834,0,0,0.9991956353187561,0.00010127647692570463,0.0006715258350595832,3.1484920327784494e-05
2835,2,2,5.5043823522282764e-05,4.829559202335076e-06,0.9995935559272766,0.0003465440822765231
2836,2,3,1.1485833056212869e-05,0.00021291483426466584,0.09390830993652344,0.9058672785758972
2837,1,1,0.00015185597294475883,0.9998452663421631,5.575754471465189e-07,2.3154761947807856e-06
2838,0,0,0.9999983310699463,4.5851592744838854e-07,7.302772360162635e-07,4.555811585760239e-07
2839,0,0,0.9997285008430481,0.00024522808962501585,2.077052886306774e-05,5.574351234827191e-06
2840,0,0,1.0,4.1886780155486747e-10,2.5321948982082176e-08,3.437094875380353e-08
2841,2,2,0.007207040674984455,0.008208017796278,0.984221339225769,0.00036365431151352823
2842,3,3,0.0018402558052912354,1.5534971680608578e-05,0.0008723160135559738,0.9972718358039856
2843,2,2,1.967296157090459e-06,2.94003626999384e-10,0.9999969005584717,1.079165031114826e-06
2844,3,3,0.00013707467587664723,1.2271215155124082e-08,0.0038702075835317373,0.9959927201271057
2845,1,1,0.0018155352445319295,0.9980327486991882,1.4986494534241501e-05,0.00013667506573256105
2846,0,0,0.6851467490196228,0.00011699906463036314,0.008128303103148937,0.3066079616546631
2847,0,2,0.16259799897670746,2.6577683911455097e-06,0.8335704803466797,0.00382889318279922
2848,3,2,0.0035187804605811834,3.231441951356828e-05,0.7855576276779175,0.21089132130146027
2849,3,3,8.488240332837904e-09,3.1488749325028764e-13,7.745838956907392e-07,0.9999991655349731
2850,3,2,0.0007170262979343534,3.2739509947532497e-07,0.6139625906944275,0.3853200078010559
2851,2,2,0.000767634657677263,2.413095899100881e-05,0.9965862035751343,0.0026220541913062334
2852,2,2,1.2528558954727487e-06,2.5378290580135854e-09,0.9999896287918091,9.045087608683389e-06
2853,0,0,0.9999979734420776,6.337995159810816e-07,5.2383644089104564e-08,1.3970603731650044e-06
2854,3,3,0.008379015140235424,1.1822238832337462e-07,0.1314069777727127,0.8602138757705688
2855,0,0,0.9998883008956909,9.237370977643877e-05,1.671117752266582e-05,2.6092511689057574e-06
2856,3,2,4.3422329326858744e-05,1.3841010115811514e-08,0.8136976361274719,0.186258926987648
2857,2,3,0.04057616740465164,0.01948382519185543,0.10737066715955734,0.8325693011283875
2858,1,1,9.66419619885528e-08,0.9999994039535522,5.166948540136218e-07,3.0548100937721756e-08
2859,1,1,3.213576928828843e-05,0.999893307685852,6.183831283124164e-05,1.2789810170943383e-05
2860,0,0,0.9976142644882202,0.0020998308900743723,0.00017283020133618265,0.000113146954390686
2861,3,3,3.981317058787681e-05,3.6664422964349797e-07,0.001800144207663834,0.9981597065925598
2862,3,3,2.8372335592052877e-09,3.808265335025762e-12,4.984044608136173e-06,0.9999949932098389
2863,1,1,2.835079726537515e-08,1.0,2.480708563915024e-12,5.7835319866583745e-11
2864,3,3,0.0003498004225548357,5.107890501676593e-07,0.004658053629100323,0.9949917197227478
2865,0,0,0.9998373985290527,1.6368167266023192e-08,8.44359674374573e-05,7.822706538718194e-05
2866,2,2,0.0031069854740053415,1.1990770598657718e-09,0.9966866374015808,0.00020641782612074167
2867,2,2,0.0028234210330992937,0.02457030676305294,0.8515933156013489,0.12101297825574875
2868,3,3,4.491033178055659e-05,3.249273277106113e-07,0.3351803421974182,0.664774477481842
2869,2,2,7.184262358350679e-07,1.660594772801005e-09,0.9999973773956299,1.8944876956084045e-06
2870,1,1,2.1984054399126762e-07,0.9999990463256836,6.622119030907925e-07,1.0879867318180914e-07
2871,1,1,3.4378095392639807e-07,0.9999995231628418,7.482513098011623e-08,9.930313460415618e-09
2872,1,1,1.3343947102839593e-07,0.9999853372573853,1.4252349501475692e-05,2.4504217321918986e-07
2873,2,2,0.000541913672350347,2.3767533718910272e-08,0.5367671847343445,0.46269091963768005
2874,1,1,1.2864020391134545e-05,0.9999682903289795,2.9549066766776377e-06,1.5881674698903225e-05
2875,2,2,0.0007839269819669425,9.570873226039112e-05,0.648492693901062,0.3506276607513428
2876,1,1,0.00023566406161990017,0.999760091304779,3.276472284596821e-07,3.991012363258051e-06
2877,3,3,0.00041217735270038247,4.632243872038089e-06,0.011806873604655266,0.9877763986587524
2878,2,2,0.0009612347930669785,0.00024090461374726146,0.9853469133377075,0.013451023027300835
2879,3,2,8.790678111836314e-05,0.00017763163486961275,0.742999255657196,0.256735235452652
2880,1,1,0.00011801391519838944,0.9998219609260559,3.0851075280224904e-05,2.924137697846163e-05
2881,0,0,0.9999904632568359,1.3756594086089535e-08,6.254625986912288e-06,3.3406524835299933e-06
2882,3,3,4.0530377987124666e-07,2.833933365753438e-10,0.0003134262515231967,0.9996862411499023
2883,0,0,0.9956001043319702,3.8075977499829605e-05,0.004022988490760326,0.00033885554876178503
2884,0,0,0.9995720982551575,8.75010391609976e-06,0.00028618384385481477,0.00013292547373566777
2885,3,3,0.017862671986222267,1.2949119081895333e-05,1.1203012945770752e-05,0.9821130633354187
2886,3,3,9.985909343868116e-08,5.189166429886427e-08,0.023353802040219307,0.9766461253166199
2887,1,1,0.03792877495288849,0.9584771990776062,0.0035795187577605247,1.4514416761812754e-05
2888,1,1,8.587603224441409e-05,0.9998924732208252,2.1202742573223077e-05,5.189455691834155e-07
2889,1,1,7.154900958994403e-05,0.9999198913574219,8.811234124550538e-07,7.674986591155175e-06
2890,1,1,4.045929017593153e-06,0.9999958276748657,7.118800482430743e-08,3.541878967894263e-08
2891,1,1,1.0852057918953051e-08,1.0,3.090067784983219e-11,4.9277432828676027e-11
2892,1,1,5.2243872232793365e-06,0.9999878406524658,6.333321493912081e-07,6.293063961493317e-06
2893,1,1,1.629509642953053e-05,0.9999356269836426,3.065371129196137e-05,1.7413201931049116e-05
2894,3,3,0.0012014565290883183,1.4684923371532932e-05,0.012483496218919754,0.9863003492355347
2895,1,1,0.0004022058565169573,0.9995388984680176,4.822270420845598e-05,1.0759692486317363e-05
2896,1,1,3.599791307351552e-05,0.9999603033065796,9.801544820220442e-07,2.7490580123412656e-06
2897,2,2,0.00020502616825979203,2.7375142508390127e-07,0.9997888207435608,5.8656028159020934e-06
2898,1,1,0.021569760516285896,0.9729406833648682,0.0018511926755309105,0.0036383795086294413
2899,2,2,7.24148703739047e-05,4.996382358513074e-06,0.999920129776001,2.4471057713526534e-06
2900,1,1,2.2097186956671067e-05,0.9999752044677734,2.4934527118603e-06,1.8445815896939166e-07
2901,0,0,1.0,3.8110420375048193e-10,4.799643793518271e-09,3.958417149618754e-09
2902,3,3,0.0024231839925050735,0.0003034238761756569,0.0009475027909502387,0.9963257908821106
2903,0,0,0.5571513772010803,6.688002758892253e-05,0.39031949639320374,0.052462298423051834
2904,1,1,3.0672334105474874e-05,0.9999632835388184,4.5403307922242675e-06,1.5454166941708536e-06
2905,1,1,0.00020282244076952338,0.9997958540916443,9.531796081319044e-07,3.280757425727643e-07
2906,0,0,0.9999773502349854,1.0479435985644159e-07,1.8340173483011313e-05,4.181558779237093e-06
2907,1,1,6.392009527189657e-05,0.9993748068809509,0.0001555673952680081,0.0004057744226884097
2908,1,1,0.00034462721669115126,0.9987162351608276,0.00016349689394701272,0.0007756028790026903
2909,2,2,0.0016258566174656153,7.095910632415325e-07,0.9981173276901245,0.0002561379224061966
2910,3,3,1.746426642057486e-05,4.02688158374076e-07,0.05112477019429207,0.9488572478294373
2911,0,0,0.9999983310699463,2.1591441967672154e-09,6.9121215418022075e-09,1.671364657340746e-06
2912,0,0,0.9985901713371277,0.001061130897141993,0.0002781426883302629,7.047890539979562e-05
2913,3,3,0.28562629222869873,0.0011973509099334478,0.01588481478393078,0.6972915530204773
2914,2,3,3.4168664569733664e-05,0.0011372172739356756,0.045104872435331345,0.953723669052124
2915,3,3,0.0026594609953463078,2.217411747551523e-05,0.006935915444046259,0.9903823733329773
2916,1,1,0.21765892207622528,0.7803165912628174,0.0005930198822170496,0.0014314176514744759
2917,1,1,0.0001719919964671135,0.9998089671134949,4.2390788621560205e-06,1.4810575521551073e-05
2918,3,3,1.997887738980353e-05,9.503660839982331e-05,0.0001585854624863714,0.9997264742851257
2919,3,2,0.0007371785468421876,2.350843431031535e-08,0.64103102684021,0.3582317531108856
2920,0,0,0.9992660880088806,1.4000629988686342e-08,4.355435123670759e-07,0.0007334229303523898
2921,0,0,0.9994654059410095,4.409554605899757e-07,0.0005305326776579022,3.596669785110862e-06
2922,2,2,0.13088543713092804,0.002594352699816227,0.7142435908317566,0.1522766351699829
2923,2,2,0.2595326900482178,0.0005891264881938696,0.7125950455665588,0.02728313021361828
2924,1,1,0.0012329437304288149,0.9921401143074036,0.0034057770390063524,0.0032211130019277334
2925,0,0,0.9695293307304382,1.4220370758266654e-05,0.0017497963272035122,0.028706619516015053
2926,3,3,0.007848608307540417,0.008624068461358547,0.0050524454563856125,0.9784748554229736
2927,1,1,7.214954530354589e-05,0.9999269247055054,7.412160698549997e-07,2.831426684224425e-07
2928,3,3,0.006436243187636137,1.1201982488273643e-06,0.046923864632844925,0.9466387629508972
2929,3,3,2.162651746573374e-08,4.674165568485655e-12,2.343669649462754e-07,0.9999997615814209
2930,3,3,6.002348840183913e-09,2.6275768019723422e-11,0.00019907472596969455,0.999800980091095
2931,3,3,4.293817619327456e-05,2.1904273950212882e-09,8.833894753479399e-06,0.999948263168335
2932,2,3,0.2738896906375885,0.00016216779476962984,0.35791006684303284,0.3680380880832672
2933,1,1,0.00031494643189944327,0.9996838569641113,8.470024681628274e-07,4.12693310636314e-07
2934,1,1,2.8804655812564306e-05,0.9997593760490417,2.5475046641076915e-06,0.0002092746290145442
2935,2,2,0.0002558945561759174,4.198237093078205e-06,0.8779305815696716,0.12180933356285095
2936,3,3,5.480447384798026e-07,1.0235439873440555e-07,6.105985812610015e-05,0.9999382495880127
2937,2,2,8.536235327483155e-07,2.9557785552469795e-08,0.9999973773956299,1.7563572782819392e-06
2938,2,2,0.018307160586118698,0.004456673748791218,0.6328964233398438,0.3443397879600525
2939,2,3,6.973260315135121e-05,9.127712985446124e-08,0.09489445388317108,0.9050357341766357
2940,2,2,1.324370714428369e-05,5.028916348237544e-06,0.8401976227760315,0.15978413820266724
2941,3,3,9.679635695647448e-05,8.815757723823481e-08,1.4969517906138208e-05,0.9998880624771118
2942,1,1,1.349416925222613e-05,0.9999819993972778,7.0147403441467304e-09,4.549990990199149e-06
2943,1,1,1.1047116110773914e-08,1.0,7.512166999568137e-10,2.1228168112230605e-09
2944,0,0,0.7377957105636597,8.848165578001499e-08,0.2613222002983093,0.0008820061921142042
2945,2,2,0.016369929537177086,2.144413701898884e-05,0.9559652805328369,0.027643311768770218
2946,3,3,0.0031411873642355204,0.00033293652813881636,0.016973335295915604,0.9795525670051575
2947,0,0,0.9968864321708679,0.00259190471842885,0.000402380945160985,0.00011922635894734412
2948,3,3,4.791267929249443e-05,7.592824147195643e-08,0.0020598648115992546,0.9978920817375183
2949,3,3,0.0973464846611023,4.9996729103440885e-06,0.12192872911691666,0.7807198166847229
2950,1,1,2.7313084501656704e-05,0.9996411800384521,0.0003054601838812232,2.5976767574320547e-05
2951,1,1,0.03615931048989296,0.7803044319152832,0.10075516998767853,0.08278116583824158
2952,2,3,0.00415788684040308,2.784728678761894e-07,0.0720515325665474,0.9237902760505676
2953,3,3,0.0015591796254739165,9.832398973230738e-06,0.0001523446262581274,0.9982786178588867
2954,1,1,2.8914066206198186e-05,0.9998016953468323,4.5098422560840845e-05,0.0001242547732545063
2955,3,3,1.936571010219268e-07,9.367413095207056e-12,4.431067281984724e-05,0.9999555349349976
2956,0,0,0.9985074400901794,1.357888208985969e-06,0.0014807020779699087,1.037803667713888e-05
2957,2,2,0.04909882694482803,5.141502242622664e-06,0.9460626840591431,0.004833277780562639
2958,3,3,0.000247066403971985,9.019875402138666e-10,0.014223759062588215,0.9855292439460754
2959,0,0,0.9998853206634521,4.099123263046067e-09,7.797599391778931e-05,3.66890562872868e-05
2960,1,1,1.545868002494899e-07,0.9999984502792358,1.1953047760471236e-06,2.5076079168684373e-07
2961,1,1,3.193546717739082e-06,0.9999957084655762,6.303056352408021e-07,4.467077587833046e-07
2962,3,3,4.491173240239732e-05,1.5483185222819884e-07,0.06382839381694794,0.9361265897750854
2963,1,1,4.886771431955594e-09,1.0,5.938024516538576e-10,3.936792225545105e-09
2964,0,0,0.9999719858169556,1.1350881550242775e-06,2.5083143555093557e-05,1.8394455310044577e-06
2965,3,3,0.0007192578632384539,0.00014842208474874496,0.027094054967164993,0.972038209438324
2966,0,0,0.9998149275779724,1.574329530740215e-06,9.033788228407502e-05,9.318738739239052e-05
2967,2,2,9.921835953718983e-06,0.0004735486290883273,0.9964655637741089,0.003050942672416568
2968,0,0,0.997246503829956,6.011002551531419e-05,0.0005329805426299572,0.0021604958456009626
2969,3,3,0.0006298999069258571,0.00012837733083870262,0.001792188617400825,0.9974494576454163
2970,2,2,1.873890869319439e-05,2.043686981778592e-05,0.9998780488967896,8.27455660328269e-05
2971,2,2,0.0012499267468228936,1.9155972950102296e-06,0.997800886631012,0.0009472288656979799
2972,1,1,0.0005112559301778674,0.9994214773178101,3.150089833070524e-05,3.574145011953078e-05
2973,0,0,0.975419282913208,0.0002470361941959709,0.014052154496312141,0.010281451977789402
2974,2,2,0.004032915458083153,0.0001947489072335884,0.9956615567207336,0.00011081103730248287
2975,2,2,1.6016442714317236e-06,4.141935278312303e-06,0.993248701095581,0.0067455098032951355
2976,0,3,0.03410474956035614,3.5193940561839554e-07,0.0020409924909472466,0.9638539552688599
2977,0,0,1.0,1.2100129787029346e-09,1.5128525099328272e-09,3.2694662532861685e-09
2978,2,2,0.00016064920055214316,3.159825837428798e-06,0.9995143413543701,0.0003219220961909741
2979,3,3,4.5252684799379495e-07,3.520085334329792e-10,0.00889679417014122,0.9911026954650879
2980,1,1,3.2843727737486006e-09,0.9999998807907104,9.987359383956118e-09,1.16276396511239e-07
2981,2,2,0.0013726825127378106,0.00033593186526559293,0.982626736164093,0.01566472090780735
2982,3,3,6.509615104732802e-06,2.8848428090810785e-09,0.3162083923816681,0.683785080909729
2983,0,0,0.9818719029426575,0.014584156684577465,1.7588819900993258e-05,0.003526371670886874
2984,0,0,0.9964236617088318,0.0013843837659806013,0.0002227962395409122,0.0019690662156790495
2985,2,2,0.3537355959415436,0.0014972554054111242,0.6340574026107788,0.010709748603403568
2986,2,2,0.0004403398488648236,2.868963565560989e-05,0.9954054355621338,0.004125569015741348
2987,2,2,0.0011315714800730348,2.7781079552369192e-06,0.9976632595062256,0.0012023795861750841
2988,2,2,2.0282090190448798e-05,7.196092042249802e-07,0.9998231530189514,0.00015592941781505942
2989,0,0,0.9998911619186401,5.442545898404205e-06,6.0095935623394325e-05,4.3290183384669945e-05
2990,0,0,0.9999754428863525,1.0305878372918187e-10,1.7259379774259287e-06,2.2890068066772074e-05
2991,1,1,3.168327748426236e-05,0.9999681711196899,8.941695384123705e-09,7.795698309109866e-08
2992,1,1,5.513745054486208e-05,0.999840497970581,9.576405136613175e-05,8.536927452951204e-06
2993,0,0,0.9911779761314392,0.00035696171107701957,0.004673093557357788,0.0037919061724096537
2994,1,1,3.444456524448469e-05,0.9999332427978516,6.958899120945716e-06,2.538426997489296e-05
2995,1,1,5.85577727179043e-05,0.9999322891235352,4.424029157235054e-06,4.746937520394567e-06
2996,0,0,0.9878889918327332,6.052533535694238e-06,0.00029049403383396566,0.011814380995929241
2997,0,0,0.9999533891677856,2.1045305402367376e-05,7.886767889431212e-06,1.774808879417833e-05
2998,1,1,1.4030238162376918e-05,0.9999854564666748,3.317471575225994e-10,4.610070334365446e-07
2999,0,0,0.9983848333358765,0.00012996801524423063,0.0003044040349777788,0.001180765451863408
3000,1,1,1.0767543244583067e-05,0.9999877214431763,4.941255156154511e-07,1.117064471145568e-06
3001,2,3,1.4752323295397218e-05,0.00028113150619901717,0.4830295145511627,0.5166745781898499
3002,1,1,1.5983407138264738e-05,0.9993909597396851,0.00043450616067275405,0.00015858092228882015
3003,2,2,0.004092134535312653,0.00024079404829535633,0.9871675372123718,0.008499533869326115
3004,3,3,1.0313816346751992e-05,4.4549133826343734e-10,1.189922159028356e-06,0.9999884366989136
3005,2,2,0.0070550283417105675,0.00013622111873701215,0.5702136754989624,0.4225950539112091
3006,0,0,0.9999701976776123,2.2163922039908357e-06,9.055838745553046e-06,1.8582137272460386e-05
3007,1,1,0.00015715885092504323,0.9996410608291626,0.00019194488413631916,9.726693861011881e-06
3008,2,0,0.8247156143188477,0.01080478448420763,0.1531113088130951,0.011368284933269024
3009,1,1,1.0819564522535075e-05,0.9999780654907227,7.741085028101224e-06,3.3624155548750423e-06
3010,2,2,7.921652286313474e-05,8.562293805880472e-05,0.9995693564414978,0.0002657980949152261
3011,2,2,2.1281184672261588e-05,6.993725037318654e-06,0.9993378520011902,0.0006338137900456786
3012,3,3,0.00017246521019842476,3.18131351377815e-05,0.005677203647792339,0.9941185712814331
3013,0,0,0.9999463558197021,4.200405783194583e-06,4.511161750997417e-05,4.322654149291338e-06
3014,2,2,0.07304566353559494,3.6623742261099324e-08,0.9075566530227661,0.019397607073187828
3015,1,1,0.00042810779996216297,0.999170184135437,8.453034752164967e-06,0.00039331807056441903
3016,2,2,0.2547856271266937,5.671107646776363e-05,0.7450792789459229,7.825919601600617e-05
3017,2,2,0.03054012730717659,2.2854917915537953e-05,0.6903820037841797,0.27905499935150146
3018,1,1,2.3847103875596076e-05,0.9999758005142212,7.145763425420171e-10,3.584147236779245e-07
3019,0,0,0.9956048727035522,0.0001601157709956169,0.0006369156762957573,0.003598201787099242
3020,2,2,2.882428452721797e-05,7.782504690112546e-05,0.9996976852416992,0.00019572193559724838
3021,0,0,0.9998918771743774,8.578053325436485e-07,1.0707765795814339e-05,9.654743189457804e-05
3022,1,1,1.2737555898922892e-08,0.9999998807907104,7.027792747749118e-08,3.519891222936167e-08
3023,2,2,0.002877783728763461,0.00010164074046770111,0.9916152358055115,0.005405290983617306
3024,1,1,1.47875562106492e-06,0.9999963045120239,2.118007614626549e-06,1.6836114014040504e-07
3025,2,2,0.0013915087329223752,1.776301724021323e-05,0.9980837106704712,0.000507115270011127
3026,1,1,1.196922994495253e-06,0.9999914169311523,5.539098765439121e-06,1.7631739410717273e-06
3027,3,2,0.01462465152144432,0.00013044268416706473,0.765666127204895,0.2195788025856018
3028,1,1,1.6041686023982038e-07,0.9999996423721313,3.5451027002864066e-08,6.883965397719294e-08
3029,1,1,0.009905943647027016,0.9898479580879211,1.9697370589710772e-05,0.00022644232376478612
3030,1,1,1.2628546755877323e-05,0.9999855756759644,2.9397075884673995e-09,1.8146153024645173e-06
3031,1,1,3.5003497487196e-06,0.9999963045120239,1.4580720630874566e-08,2.721509702041658e-07
3032,1,1,2.3140854921166465e-07,0.9994720816612244,5.631715612253174e-05,0.0004713453527074307
3033,0,0,0.9999672174453735,1.4472580289748294e-07,2.890098767238669e-05,3.740516831385321e-06
3034,3,3,1.0791276508825831e-05,1.2964876949794757e-09,9.323938138550147e-05,0.9998959302902222
3035,2,3,0.0004617367230821401,0.0006773608620278537,0.0641925185918808,0.9346684217453003
3036,1,1,0.01153989601880312,0.9869946837425232,0.0014471173053607345,1.835435068642255e-05
3037,1,1,0.0002616140991449356,0.9997368454933167,4.5044777152725146e-07,1.12813324903982e-06
3038,3,3,6.17400064584217e-06,1.9890583624615488e-10,0.0004605734720826149,0.9995332956314087
3039,0,0,0.9323962926864624,0.004801297094672918,0.05896582454442978,0.0038366573862731457
3040,0,0,0.9413781762123108,0.02628815360367298,0.00010933775047305971,0.03222428262233734
3041,0,0,0.9999926090240479,1.3586555880351625e-08,7.067209821798315e-07,6.6216061895829625e-06
3042,0,0,0.9999903440475464,3.5554998589759634e-07,9.130191756412387e-06,1.5565333910672052e-07
3043,1,1,0.006537843029946089,0.9264886379241943,0.040938928723335266,0.026034578680992126
3044,0,0,0.9767143726348877,0.0033212623093277216,0.013530740514397621,0.006433653645217419
3045,2,2,0.0023849622812122107,3.967037264374085e-05,0.9767501950263977,0.020825117826461792
3046,1,1,0.00012514919217210263,0.9995755553245544,0.0002804210234899074,1.8770757378661074e-05
3047,1,1,0.00037339143455028534,0.9991268515586853,0.00047703826567158103,2.274628604936879e-05
3048,0,0,0.9984433054924011,5.811860683024861e-05,0.0013192170299589634,0.00017937764641828835
3049,1,1,0.031354814767837524,0.9653084874153137,0.0026872530579566956,0.0006494323606602848
3050,1,1,4.036789391648199e-08,0.9999994039535522,2.3633980106296804e-07,4.1297633401882194e-07
3051,2,2,0.02079220488667488,0.0002475438523106277,0.9785290956497192,0.00043106963858008385
3052,2,0,0.8342954516410828,0.0006897525163367391,0.15946464240550995,0.00555018475279212
3053,1,1,4.6248686658145743e-08,0.9999998807907104,1.8790199618479164e-08,6.717279177337332e-09
3054,0,0,0.9999849796295166,3.30800986603208e-07,8.396349585382268e-06,6.365513854689198e-06
3055,2,2,0.06935147196054459,0.0013858563033863902,0.8979012966156006,0.03136136010289192
3056,3,3,0.023896630853414536,4.3604281927400734e-06,4.299918600736419e-06,0.9760947227478027
3057,3,0,0.9702085852622986,1.3366305395834388e-08,0.0020335831213742495,0.02775777503848076
3058,0,0,0.9999992847442627,1.1011793077386756e-07,5.150397441866517e-07,1.294043698862879e-07
3059,3,3,0.005322393961250782,3.427675983402878e-05,0.0643993616104126,0.930243968963623
3060,3,2,0.020338909700512886,0.0066046444699168205,0.971060574054718,0.0019958463963121176
3061,0,0,0.9999997615814209,4.087096633353937e-11,1.2086518097476073e-07,6.74986466719929e-08
3062,0,2,0.014382648281753063,1.8192242805525893e-06,0.9838036298751831,0.001811894471757114
3063,0,1,0.04059578478336334,0.9591727256774902,0.00018418562831357121,4.736453774967231e-05
3064,0,0,0.9998273253440857,5.954960897724959e-07,0.0001699119311524555,2.1024286525062053e-06
3065,1,1,1.1188559767560946e-07,0.9999998807907104,5.715513839987807e-09,1.5635926997603633e-09
3066,1,1,2.894888530136086e-05,0.9999628067016602,8.132465154631063e-06,9.30536856458275e-08
3067,2,2,0.012787038460373878,2.634647842114646e-07,0.9867450594902039,0.0004676463140640408
3068,3,3,0.05151016637682915,6.448142812587321e-05,0.012785028666257858,0.9356403350830078
3069,2,2,0.0020971528720110655,5.721845445805229e-05,0.9921258687973022,0.005719718057662249
3070,2,2,0.010256825014948845,6.559147891493922e-07,0.9895862936973572,0.0001562588004162535
3071,1,1,5.6141254844988e-07,0.9999990463256836,3.2909764513533446e-07,9.336444861673954e-08
3072,1,1,1.2793792620868771e-06,0.9999972581863403,7.363232157331367e-08,1.4468937479250599e-06
3073,3,3,2.35743082157569e-05,0.00010542514064582065,0.023890452459454536,0.9759806394577026
3074,1,1,9.98589675873518e-05,0.9998962879180908,2.139765911124414e-06,1.6294882243528264e-06
3075,0,0,0.9999994039535522,1.00505928912753e-07,5.156325073585322e-07,1.0536099992464187e-08
3076,2,2,0.0009679379872977734,0.010790176689624786,0.6217116117477417,0.36653029918670654
3077,2,1,6.631016003666446e-05,0.9998815059661865,5.086256715003401e-05,1.3246122989585274e-06
3078,2,2,9.693934407550842e-05,0.0002577855484560132,0.999344527721405,0.0003006750484928489
3079,1,1,0.0006450559012591839,0.999117910861969,3.509732778184116e-05,0.00020186122856102884
3080,3,3,0.005613305605947971,9.267070709029213e-05,0.005129827186465263,0.9891641736030579
3081,0,0,0.9980835914611816,0.00013319682329893112,0.0012329276651144028,0.0005503231659531593
3082,0,0,0.999790608882904,2.4940876755863428e-05,0.000176028159330599,8.390365110244602e-06
3083,2,2,0.00010854843276320025,7.004820901101994e-08,0.9998883008956909,3.0259413961175596e-06
3084,2,2,0.002542629139497876,1.4723075764777604e-05,0.9946995973587036,0.0027430804912000895
3085,0,0,0.9976269602775574,1.1304608051432297e-05,0.002271238947287202,9.053261601366103e-05
3086,2,2,7.6134751907375176e-06,8.436910320597235e-06,0.999338686466217,0.0006452415254898369
3087,3,3,2.97272464422349e-07,2.505172957967261e-08,0.0029344235081225634,0.9970652461051941
3088,1,1,0.3381437659263611,0.45840731263160706,0.15410643815994263,0.04934246093034744
3089,3,3,1.2520389645942487e-05,5.17027865498676e-06,0.06333654373884201,0.9366458058357239
3090,3,2,0.0008498315582983196,3.087821198732854e-08,0.9218036532402039,0.07734642922878265
3091,3,1,8.159130084095523e-05,0.9998053908348083,9.627487997931894e-06,0.00010351157834520563
3092,1,1,0.0006751418113708496,0.9993230104446411,3.9897386727716366e-08,1.7977298512050766e-06
3093,0,0,0.9786932468414307,0.010740742087364197,0.00790370348840952,0.0026623548474162817
3094,1,1,1.5116942222448415e-06,0.9999984502792358,1.7294163323633427e-10,5.6785927071700826e-09
3095,1,1,2.1078965801279992e-05,0.9999769926071167,1.5668119885958731e-06,3.3577060776224243e-07
3096,2,2,1.2390683878038544e-05,8.974758003432726e-08,0.9996817111968994,0.00030585587956011295
3097,3,3,0.00012054998660460114,5.866218270966783e-05,0.035630520433187485,0.9641903042793274
3098,2,2,1.581913784320932e-05,6.3527409999153406e-09,0.9992876648902893,0.0006964707863517106
3099,3,3,0.0009956362191587687,4.192462199625879e-08,0.0008034257916733623,0.9982008934020996
3100,3,3,1.1450322290329495e-06,2.252311332995305e-06,1.304305624216795e-05,0.999983549118042
3101,2,2,1.8280047697771806e-07,9.688281427111534e-11,0.999995231628418,4.5608421714860015e-06
3102,0,0,0.999690055847168,1.1686594916682225e-05,0.00023389534908346832,6.433171802200377e-05
3103,3,0,0.8570732474327087,0.024995194748044014,0.08567525446414948,0.03225625678896904
3104,2,2,2.044222128461115e-06,2.439328961045817e-09,0.9999963045120239,1.695904643383983e-06
3105,2,2,6.20346690993756e-05,5.0387214400871017e-08,0.9998735189437866,6.437439878936857e-05
3106,0,0,0.9999960660934448,3.5355456020624842e-06,7.946826485749625e-08,2.534355871830485e-07
3107,3,3,0.04388676583766937,1.2062964742654003e-06,0.0516279861330986,0.9044840335845947
3108,0,0,0.9995637536048889,1.5786905578352162e-06,0.00011560493294382468,0.00031907338416203856
3109,3,3,1.4125841516943183e-05,0.0004405720974318683,0.0007838556775823236,0.9987615346908569
3110,3,3,1.025529059006658e-06,2.929438809584628e-12,0.050978563725948334,0.9490204453468323
3111,0,0,0.9999837875366211,8.526359351890278e-08,2.4807820864225505e-06,1.3638345080835279e-05
3112,2,2,1.245458758347695e-08,4.1514243431794995e-11,0.9999951124191284,4.846229330723872e-06
3113,0,0,0.9746461510658264,0.00013112244778312743,0.02521653287112713,6.253276751522208e-06
3114,3,3,7.634145617885224e-07,2.5769311129408834e-09,0.0002663529885467142,0.9997329115867615
3115,2,3,4.0975464798975736e-05,0.00014230712258722633,0.007231551222503185,0.9925851225852966
3116,3,2,0.003693287493661046,0.0003699793014675379,0.9359183311462402,0.060018379241228104
3117,1,1,0.00042141234735026956,0.99636310338974,0.002812393940985203,0.0004031365970149636
3118,0,0,0.9996856451034546,1.232265958606149e-06,0.0002407038409728557,7.241949788294733e-05
3119,2,2,0.0002050461043836549,0.000780489994212985,0.9569610953330994,0.04205341637134552
3120,3,3,0.002180585404857993,2.5323048248537816e-05,0.0006785998702980578,0.9971154928207397
3121,2,2,0.0002811776357702911,2.7530325041880133e-06,0.9991708993911743,0.000545140472240746
3122,0,0,0.9999963045120239,4.5979331453338546e-10,4.1400486594511676e-08,3.665373014882789e-06
3123,0,0,0.9997037053108215,1.3095067252777426e-08,2.1656435365002835e-06,0.0002940904814749956
3124,0,0,0.9989001750946045,3.2845569819528464e-08,0.00031692645279690623,0.0007828856469132006
3125,3,3,0.26315805315971375,0.06675629317760468,0.04840056598186493,0.6216851472854614
3126,1,1,0.00018348581215832382,0.9997723698616028,4.753466782858595e-06,3.9401933463523164e-05
3127,3,3,2.891960775741609e-06,2.831291867622099e-09,0.001810859888792038,0.9981862902641296
3128,2,2,0.001748887007124722,3.5269824820716167e-06,0.9754359722137451,0.022811582311987877
3129,3,3,0.0007844823412597179,1.1585788115553441e-06,0.006060607731342316,0.9931536912918091
3130,2,2,0.0001515763287898153,0.13302630186080933,0.8558691740036011,0.010952908545732498
3131,1,1,0.00020980663248337805,0.9997500777244568,1.6780601072241552e-05,2.338022386538796e-05
3132,0,0,0.9999998807907104,7.669501478346774e-09,9.764658415178928e-09,1.5413451137646916e-07
3133,0,0,0.8635868430137634,9.541297004034277e-06,0.052663981914520264,0.08373967558145523
3134,2,2,0.0006920782616361976,8.938856808526907e-06,0.9773066639900208,0.021992404013872147
3135,2,2,0.004796680994331837,0.00014371144061442465,0.9924079179763794,0.002651689574122429
3136,3,3,4.527502426299179e-07,3.9584119093660775e-08,8.820523362373933e-06,0.999990701675415
3137,3,3,0.0016607410507276654,2.1728222066030867e-07,0.00595750380307436,0.9923815131187439
3138,0,0,0.9999990463256836,1.0625053725732414e-08,7.255437139974674e-08,8.055218359004357e-07
3139,3,3,0.0009673179010860622,4.0975396586873103e-07,0.025710880756378174,0.9733213186264038
3140,3,3,1.7406671304343035e-07,1.9071764256750612e-07,0.00032446355908177793,0.9996751546859741
3141,3,2,0.06035308912396431,0.005120114888995886,0.6925646066665649,0.24196214973926544
3142,1,1,7.04568356013624e-06,0.9999922513961792,5.742717803514097e-07,1.447708370960754e-07
3143,0,0,0.9999974966049194,1.713092223631918e-09,1.8963018533213472e-07,2.281393335579196e-06
3144,2,0,0.5872069001197815,0.01646997407078743,0.39116042852401733,0.005162713583558798
3145,3,3,7.374083361355588e-05,6.388191832229495e-05,0.28075361251831055,0.7191087603569031
3146,3,3,0.000840552500449121,2.5319115692923333e-09,0.36377814412117004,0.635381281375885
3147,0,0,0.9404829740524292,1.2109933322790312e-06,0.002401971258223057,0.05711381509900093
3148,1,1,4.698575139627792e-06,0.9999572038650513,1.0573845656836056e-06,3.7019592127762735e-05
3149,1,1,5.248291927273385e-05,0.999947190284729,1.5424519972384587e-07,1.0328685107197089e-07
3150,1,1,2.1364608983276412e-05,0.999747097492218,8.377953690796858e-07,0.00023068056907504797
3151,0,0,0.9999986886978149,2.391002169588319e-07,6.562742669302679e-07,4.069877661549981e-07
3152,0,0,0.9441999197006226,0.04098138585686684,0.00010530889267101884,0.014713387936353683
3153,0,0,0.9977651834487915,0.00013850047253072262,0.0004073927993886173,0.0016889763064682484
3154,1,1,6.23697496848763e-06,0.9996572732925415,2.235880310763605e-05,0.00031413414399139583
3155,3,2,0.002581489272415638,5.986803807900287e-05,0.9959217309951782,0.001436887076124549
3156,2,3,0.0033030426129698753,3.8446452776952356e-07,0.04405069351196289,0.9526458978652954
3157,0,3,0.25151559710502625,7.868380635045469e-05,0.0003369326877873391,0.7480688095092773
3158,2,2,9.21996161196148e-06,3.667426426545717e-06,0.9978711605072021,0.0021158389281481504
3159,3,3,0.002631027949973941,5.5021442676661536e-05,0.13098318874835968,0.8663307428359985
3160,1,1,0.0004950672155246139,0.9994670748710632,3.32044655806385e-05,4.6689374357811175e-06
3161,0,0,0.9989707469940186,0.00011936597002204508,0.0004377098521217704,0.0004720900615211576
3162,3,3,0.0010874385479837656,2.6691378707255353e-07,0.00030088663334026933,0.9986114501953125
3163,0,0,0.8178048729896545,9.468172356719151e-05,0.17903512716293335,0.0030653411522507668
3164,0,0,0.9997275471687317,6.565833245986141e-07,0.000159674949827604,0.0001120508968597278
3165,1,1,1.5456384971912485e-07,0.9999996423721313,3.363658862554075e-08,1.14609228774043e-07
3166,1,1,7.050564363453304e-06,0.9999876022338867,5.043642431701301e-06,3.011235776284593e-07
3167,0,0,0.9999983310699463,2.239141760895791e-09,1.6299887874993146e-06,4.642927464715285e-08
3168,3,3,0.0016149189323186874,6.655269680777565e-05,0.0006245715776458383,0.9976938366889954
3169,0,0,0.9981818199157715,1.1471718607936054e-05,0.0016769511858001351,0.00012980485917069018
3170,2,3,0.004251488950103521,2.1470552837854484e-06,0.18524695932865143,0.810499370098114
3171,2,2,0.0003094020066782832,2.5103983603003144e-07,0.9995819926261902,0.00010833473788807169
3172,0,0,0.9466213583946228,0.010115639306604862,0.038680948317050934,0.004582117311656475
3173,1,1,0.00042831338942050934,0.9990580677986145,0.0003419211134314537,0.0001717153936624527
3174,0,0,0.9875575304031372,4.8792689995025285e-06,0.0005440275417640805,0.011893611401319504
3175,3,3,1.8484190150047652e-05,0.0014813521411269903,0.0005996950785629451,0.9979003667831421
3176,0,0,0.9986096620559692,0.0001646284363232553,0.0006564164068549871,0.00056929123820737
3177,2,2,0.0004987201537005603,0.0037621704395860434,0.9793055653572083,0.016433510929346085
3178,2,2,0.08442750573158264,0.0010832884581759572,0.9057418704032898,0.008747261017560959
3179,1,1,3.3300937502644956e-05,0.9989696741104126,0.0009746273281052709,2.2408272343454883e-05
3180,3,0,0.9024986624717712,6.665738055744441e-06,0.0015560018364340067,0.09593866020441055
3181,0,0,0.9999936819076538,4.3077061491203494e-06,1.4436179753829492e-06,6.186769496707711e-07
3182,2,2,0.001083344453945756,1.5236949366226327e-05,0.9829262495040894,0.015975171700119972
3183,2,3,2.6931309093924938e-06,0.0014533363282680511,0.008312985301017761,0.9902309775352478
3184,2,2,0.0008371631265617907,1.3918407537616417e-09,0.9958853125572205,0.003277423093095422
3185,3,3,0.1522413045167923,2.771724211925175e-05,0.0011097914539277554,0.8466210961341858
3186,0,1,8.664168854011223e-05,0.9998929500579834,1.624518404241826e-07,2.021464388235472e-05
3187,0,0,0.9991058707237244,1.269825497729471e-05,0.0003575216978788376,0.0005238780868239701
3188,2,3,0.0032241949811577797,8.097118211480847e-07,0.28157946467399597,0.7151955366134644
3189,2,2,0.007870642468333244,6.397813763214799e-07,0.992093026638031,3.5675209801411256e-05
3190,2,2,0.003947888966649771,0.00010783818288473412,0.9391123652458191,0.05683193728327751
3191,0,0,0.9999773502349854,1.6200960089918226e-05,1.630587348699919e-06,4.828475084650563e-06
3192,2,2,0.00029277015710249543,1.8074169929604977e-06,0.9996472597122192,5.813410825794563e-05
3193,2,2,0.0024443792644888163,9.493591642240062e-05,0.9856873154640198,0.011773349717259407
3194,0,0,0.926153838634491,0.008122831583023071,0.057920098304748535,0.0078032370656728745
3195,0,0,0.9931156039237976,1.2657264960580505e-06,0.002730241045355797,0.004152925219386816
3196,0,0,0.9999252557754517,1.1021409591194242e-05,3.5074790503131226e-06,6.023310561431572e-05
3197,3,3,5.092720698485209e-07,3.2014213328934726e-13,0.0556059405207634,0.9443935751914978
3198,3,3,1.9990733335362165e-07,1.138052652116528e-09,3.296839349786751e-05,0.9999668598175049
3199,3,3,7.578759095849819e-07,2.572317914228961e-10,0.0016366243362426758,0.9983626008033752
3200,1,1,0.08890613913536072,0.8978979587554932,0.002602438675239682,0.010593402199447155
3201,2,2,4.900251155959268e-07,3.8627686119174776e-12,0.9999994039535522,1.419361268517605e-07
3202,2,2,0.0006430545472539961,9.509047231404111e-05,0.9988403916358948,0.0004214215441606939
3203,2,2,0.09514566510915756,0.009142314083874226,0.8610286712646484,0.03468334302306175
3204,3,3,6.811969797126949e-06,3.777625181555777e-07,0.0018236940959468484,0.9981690645217896
3205,0,0,0.9991719722747803,5.144536885381967e-07,0.00011881560931215063,0.0007086118566803634
3206,0,0,0.9993243217468262,0.00011898896627826616,6.415436655515805e-05,0.0004924469394609332
3207,2,2,0.0004253624065313488,7.959198410389945e-05,0.9984062314033508,0.0010888336692005396
3208,1,1,6.067101594453561e-07,0.9999994039535522,2.0497008534903216e-09,1.5059248292814686e-09
3209,2,2,1.4969266715070262e-07,5.274277015132611e-08,0.9999791383743286,2.0637247871491127e-05
3210,0,0,1.0,4.843083156735872e-10,5.37755839857823e-10,1.796738313686319e-09
3211,0,0,0.999334990978241,0.00044292621896602213,9.869851055555046e-05,0.00012338302622083575
3212,2,2,0.000667779881041497,0.0001095849511330016,0.9990278482437134,0.0001948252902366221
3213,2,2,0.00015541922766715288,3.5773189210885903e-07,0.9998292922973633,1.4870590348436963e-05
3214,2,2,0.000933473405893892,0.0044000595808029175,0.985023021697998,0.00964333489537239
3215,2,2,0.04808857664465904,1.40744996315334e-05,0.9303046464920044,0.021592745557427406
3216,1,1,2.9207253504637265e-08,0.9999996423721313,3.843295104388744e-08,2.3136735194384528e-07
3217,3,2,0.0022765551693737507,0.0013442229246720672,0.9849606156349182,0.01141856424510479
3218,2,2,0.00022718674154020846,1.6566614249313716e-06,0.9995088577270508,0.00026230933144688606
3219,0,0,0.9988161325454712,2.5151812224066816e-06,0.001174088567495346,7.274448307725834e-06
3220,2,3,0.0047911060974001884,2.3665522874694034e-08,0.09665831923484802,0.8985506296157837
3221,3,3,0.0003570987319108099,0.001658481894992292,0.01617995649576187,0.9818044900894165
3222,3,3,1.7457348349125823e-06,1.1803152899503289e-10,0.00044054334284737706,0.9995576739311218
3223,3,3,0.00043988943798467517,1.1984908496742719e-06,0.00021802497212775052,0.999340832233429
3224,0,0,0.9959979057312012,0.0008726918022148311,0.0016216245712712407,0.0015077641000971198
3225,3,2,4.83750227431301e-06,8.985113986170745e-09,0.5616524815559387,0.4383426606655121
3226,0,0,0.9999452829360962,2.3171649445430376e-05,2.883208253479097e-05,2.708984538912773e-06
3227,3,3,1.5081854144227691e-05,1.6461067176010147e-08,0.0032219747081398964,0.9967628717422485
3228,0,0,0.9999938011169434,2.548697253246246e-08,5.87520435146871e-06,3.3219239981008286e-07
3229,3,3,1.4728472706337925e-05,3.270932893428835e-06,0.0006850091740489006,0.999297022819519
3230,1,1,7.108757813512057e-07,0.9999986886978149,6.210891001501295e-07,5.792740864762891e-08
3231,1,1,3.7851862089155475e-06,0.9999767541885376,1.072991744877072e-05,8.696365512150805e-06
3232,1,1,0.0023920233361423016,0.9966185092926025,0.000368934910511598,0.0006205004756338894
3233,0,0,0.9999926090240479,2.311624780482191e-10,5.4057118177297525e-06,2.079745172522962e-06
3234,1,1,1.805902823115435e-11,0.9999997615814209,3.1240464437587434e-08,1.8664756851194397e-07
3235,1,1,1.702540885162307e-06,0.9999983310699463,3.1095948038739607e-09,2.120623898704821e-09
3236,1,0,0.5492304563522339,0.27071210741996765,0.16890448331832886,0.011152968741953373
3237,1,1,1.9545291252143215e-06,0.9999977350234985,3.447285052970983e-07,9.712720405730124e-09
3238,1,1,1.5412392428970634e-07,0.9999998807907104,1.4207689712220084e-11,2.044155067437714e-08
3239,0,0,0.778729259967804,0.22109216451644897,4.9014917749445885e-05,0.00012956256978213787
3240,2,2,2.5953572730941232e-06,6.115669748396613e-06,0.9986053109169006,0.0013860327890142798
3241,3,3,0.009873462840914726,0.00033145069028250873,0.060195550322532654,0.9295995831489563
3242,2,2,8.954090844781604e-06,1.4691327123728115e-05,0.9998519420623779,0.00012439786223694682
3243,2,2,0.17131201922893524,2.39989344663627e-06,0.8286474943161011,3.80881829187274e-05
3244,1,1,1.9773899111896753e-05,0.9995208978652954,0.0004453120636753738,1.4024803022039123e-05
3245,0,0,0.999340832233429,5.7082431226263e-08,0.0005880022654309869,7.107591954991221e-05
3246,2,2,2.6298908778699115e-05,4.617387730831979e-06,0.9994577765464783,0.0005113190854899585
3247,0,0,0.9999971389770508,1.619222075532889e-06,9.4355300461757e-07,2.731231063535233e-07
3248,0,0,0.9990511536598206,5.760507519880775e-06,0.000859722204040736,8.327362593263388e-05
3249,0,0,0.9970670342445374,0.0014227918582037091,0.001183264539577067,0.00032698552240617573
3250,0,0,0.9877921938896179,3.8954162562276906e-08,1.2718658581434283e-05,0.012195034883916378
3251,3,3,8.372725460503716e-06,3.892435174179809e-08,0.01600045897066593,0.9839911460876465
3252,2,2,0.03932619467377663,0.0025159569922834635,0.9580926299095154,6.518947338918224e-05
3253,0,0,0.9999481439590454,1.2529706339137192e-07,4.35616857430432e-05,8.207118298741989e-06
3254,0,0,0.9999567270278931,1.875024054243113e-06,3.1723491701995954e-05,9.658146154833958e-06
3255,0,0,0.9998360872268677,9.361300180898979e-05,6.678076169919223e-05,3.4709873943938874e-06
3256,3,3,0.003872664412483573,3.154245931114019e-08,0.006510543171316385,0.9896167516708374
3257,3,3,7.598796258889706e-09,6.054144165157371e-12,0.00012364309804979712,0.9998763799667358
3258,2,3,3.2057182579592336e-06,2.3009754386293935e-06,0.3874705135822296,0.6125239133834839
3259,1,1,2.053633397736121e-05,0.9999771118164062,2.2068218186177546e-06,9.149498936267264e-08
3260,2,2,0.0006683073588646948,0.0003427770861890167,0.9974084496498108,0.0015804156428202987
3261,1,1,2.5034752979991026e-05,0.9999749660491943,1.2894324497025877e-10,6.786368800248965e-09
3262,3,3,0.021837947890162468,0.00022242283739615232,0.014416368678212166,0.963523268699646
3263,3,3,5.29733597431914e-07,2.953282489670528e-07,1.650881858950015e-05,0.9999827146530151
3264,2,3,1.6995181795209646e-05,1.686600192840615e-08,0.28756868839263916,0.7124143242835999
3265,3,1,0.09737931936979294,0.7950586080551147,0.018594741821289062,0.08896736800670624
3266,2,2,0.00013437549932859838,2.4948658960965986e-07,0.9980778694152832,0.0017875053454190493
3267,2,2,0.004027475602924824,4.819252197307833e-08,0.9866568446159363,0.009315568022429943
3268,0,0,0.9872426986694336,0.009903081692755222,0.0002323420048924163,0.0026218739803880453
3269,2,2,0.012284597381949425,0.0006011429941281676,0.9846549034118652,0.0024593351408839226
3270,2,2,0.00031619006767868996,0.00037322036223486066,0.5044997334480286,0.49481087923049927
3271,1,1,0.0005545339663513005,0.9992842078208923,0.00011562759755179286,4.556736894301139e-05
3272,2,2,0.0019005297217518091,1.2957742001162842e-05,0.9626150727272034,0.03547142446041107
3273,1,1,5.324097855918808e-07,0.9999980926513672,1.1663051964205806e-06,2.4940320031419105e-07
3274,2,2,0.0018154970603063703,3.2193236165767303e-06,0.9981764554977417,4.849175638810266e-06
3275,1,1,0.051722798496484756,0.9470615386962891,0.000544529699254781,0.00067122932523489
3276,2,2,4.98179069836624e-05,0.0004297355771996081,0.9968738555908203,0.002646571258082986
3277,2,2,7.578585791634396e-05,0.0006361505365930498,0.9979379773139954,0.0013500554487109184
3278,3,3,0.00015759095549583435,1.1062299563491251e-05,9.769632015377283e-05,0.9997336268424988
3279,0,0,0.9998390674591064,1.6272683467377647e-07,2.7145684725837782e-05,0.0001336222339887172
3280,3,3,0.001395522616803646,1.3029762158112135e-05,0.000666892621666193,0.9979244470596313
3281,3,3,2.237815897387918e-05,8.665007953823078e-06,0.00020836778276134282,0.9997605681419373
3282,3,3,0.37782835960388184,0.0050897300243377686,0.03456877917051315,0.582513153553009
3283,1,1,0.00027099146973341703,0.9860163331031799,0.0020793515723198652,0.011633306741714478
3284,0,0,0.9999947547912598,2.431640722111439e-10,5.485075575961673e-07,4.595388872985495e-06
3285,3,3,2.614462346173241e-06,1.3105575646932266e-07,0.00016703875735402107,0.9998302459716797
3286,0,0,0.98042231798172,0.00497306976467371,0.012808084487915039,0.0017966318409889936
3287,3,3,1.2981574926129724e-08,4.95281882184357e-14,1.46949005852548e-07,0.9999998807907104
3288,2,2,0.0006302871042862535,6.669094727840275e-05,0.9992716908454895,3.1317660614149645e-05
3289,3,3,0.014074554666876793,0.01680239848792553,0.13956806063652039,0.8295550346374512
3290,3,3,3.1151344614954724e-07,3.1169838932143534e-10,0.000675025163218379,0.9993246793746948
3291,3,3,0.00014811003347858787,6.433437533814867e-07,1.7810065401135944e-05,0.9998334646224976
3292,3,3,0.0003531718684826046,6.830241261468473e-08,0.0001479496422689408,0.999498724937439
3293,3,3,2.040282879534061e-06,2.7989045747744967e-07,0.000718725030310452,0.9992789626121521
3294,2,2,0.0002825925184879452,6.534157728310674e-05,0.9982823133468628,0.0013696782989427447
3295,0,0,0.9994358420372009,1.0612843652779702e-06,0.00019900506595149636,0.00036416685907170177
3296,3,3,0.013727908954024315,3.249898782087257e-06,0.0008415692718699574,0.9854272603988647
3297,0,0,0.9974773526191711,0.00017070691683329642,8.156886178767309e-05,0.002270348370075226
3298,0,0,0.9999982118606567,2.3243542646156357e-09,1.1103455932470752e-08,1.7473788602728746e-06
3299,2,2,8.38242794998223e-06,1.8977250704210746e-07,0.9996139407157898,0.00037753983633592725
3300,0,0,0.9999988079071045,5.1232525777322735e-08,1.018819716591679e-06,6.056018264644081e-08
3301,0,0,0.9999674558639526,2.3515494831372052e-06,2.0004457837785594e-05,1.018482453218894e-05
3302,1,1,2.0749268969666446e-07,0.9999995231628418,2.5057963171093434e-07,1.0620964552288115e-08
3303,0,0,0.9717735648155212,8.408213034272194e-06,0.026191499084234238,0.0020264587365090847
3304,2,2,6.777208182029426e-05,1.5252378034347203e-05,0.9982128143310547,0.0017041809624060988
3305,3,3,0.0004056254983879626,0.00011237417493248358,0.08305545896291733,0.9164264798164368
3306,0,3,0.031139632686972618,5.142773602528905e-07,3.888790524797514e-05,0.9688209891319275
3307,2,2,4.797526344191283e-05,0.0005141748115420341,0.9985353946685791,0.0009024727623909712
3308,1,1,3.205373300119163e-09,1.0,2.749440897176214e-09,4.5233944367950585e-10
3309,1,1,0.0024184412322938442,0.997275173664093,0.00020467185822781175,0.00010182012192672119
3310,3,3,3.83230326406192e-06,6.199900963110849e-05,0.022455712780356407,0.9774785041809082
3311,0,0,0.9999178647994995,7.803113112458959e-05,3.904343884642003e-06,1.9769419168369495e-07
3312,0,2,0.0030817093793302774,0.020546626299619675,0.8182005882263184,0.15817108750343323
3313,3,3,4.3947616177320015e-06,4.869054603950929e-10,6.622492946917191e-05,0.9999294281005859
3314,0,0,0.6622961163520813,7.300302968360484e-06,0.2956078052520752,0.04208878427743912
3315,0,0,0.8247267007827759,1.4770452253287658e-05,0.08362216502428055,0.09163632243871689
3316,0,0,0.9830451011657715,9.898865727109296e-08,0.01442436221987009,0.002530426951125264
3317,1,1,0.0005487551679834723,0.9994481205940247,6.253067112993449e-07,2.535684643589775e-06
3318,1,1,0.0017295310972258449,0.9982194304466248,3.090110476478003e-05,2.0066832803422585e-05
3319,2,2,3.8307833165163174e-05,1.3262768334243447e-05,0.9999399185180664,8.49677326186793e-06
3320,1,1,1.865642396126077e-08,1.0,1.0121175009203398e-08,9.075898366184276e-10
3321,2,2,2.9141083359718323e-05,1.1656148046768067e-07,0.9809404015541077,0.019030317664146423
3322,1,1,1.2492396308516618e-06,0.9999743700027466,2.422731813567225e-05,9.738040773754619e-08
3323,2,2,0.0001278194977203384,1.3715987279283581e-06,0.9998188614845276,5.207530557527207e-05
3324,2,2,0.0001334776170551777,1.741798951115925e-05,0.9998338222503662,1.5235926184686832e-05
3325,2,2,4.415995391582328e-08,9.648461196665181e-11,0.6434505581855774,0.35654935240745544
3326,1,1,0.006015244405716658,0.9908187985420227,0.0030997376888990402,6.610783020732924e-05
3327,2,2,0.14900751411914825,7.600039680255577e-05,0.6793363094329834,0.1715802401304245
3328,0,0,0.990882933139801,0.00020005085389129817,0.008848225697875023,6.877581472508609e-05
3329,2,2,3.350244878674857e-05,6.475477221101755e-07,0.999289870262146,0.0006760304677300155
3330,2,2,0.0007423716015182436,1.0005119293055031e-05,0.9941418766975403,0.005105770193040371
3331,1,1,0.0003339402610436082,0.9986644983291626,0.00035392341669648886,0.0006475994014181197
3332,2,2,0.005844710394740105,0.0013233949430286884,0.9519193172454834,0.04091262444853783
3333,0,0,0.9821992516517639,7.089153768902179e-06,0.0007610399043187499,0.017032574862241745
3334,2,3,6.122803597463644e-07,1.0432293606754683e-07,0.0002124206512235105,0.999786913394928
3335,2,2,0.0002991757064592093,8.703819912625477e-05,0.9890507459640503,0.010563082061707973
3336,1,1,1.662928298173938e-05,0.999316930770874,0.00010712478251662105,0.00055927928769961
3337,1,1,0.011971624568104744,0.9859252572059631,0.00039555769762955606,0.0017076680669561028
3338,1,1,1.1868013643834274e-05,0.9995400905609131,0.0004038350598420948,4.4233587686903775e-05
3339,2,2,0.00012684862304013222,1.548220643599052e-05,0.9989724159240723,0.0008853269973769784
3340,1,1,0.015095517039299011,0.8715636134147644,0.0019116628682240844,0.11142927408218384
3341,2,2,0.00021658976038452238,2.036528258031467e-06,0.9994634985923767,0.00031789668719284236
3342,3,3,0.002127863932400942,3.128246316919103e-05,0.0004725792969111353,0.9973682761192322
3343,3,2,0.0010937119368463755,4.829503836845106e-07,0.795161783695221,0.20374402403831482
3344,0,0,0.9999995231628418,4.03627240075366e-07,1.5762042782085928e-09,1.411484262803242e-08
3345,0,0,0.99986732006073,1.1373243324896976e-07,2.8087495138606755e-06,0.00012972405238542706
3346,0,0,0.9461702108383179,0.0006450430955737829,0.032339055091142654,0.02084575779736042
3347,1,1,5.319988849805668e-05,0.9998181462287903,0.00012128353409934789,7.336408543778816e-06
3348,1,1,0.023516323417425156,0.9755658507347107,0.0008766839164309204,4.1212511860067025e-05
3349,1,1,0.21223318576812744,0.7876800298690796,4.2807121644727886e-05,4.391970651340671e-05
3350,2,2,0.00282264593988657,0.00019899824110325426,0.9943487048149109,0.0026296244468539953
3351,2,2,0.10048145800828934,0.0033164708875119686,0.6082819104194641,0.28792014718055725
3352,1,1,8.129693924274761e-06,0.9998974800109863,3.6786062992177904e-05,5.75747289985884e-05
3353,0,0,0.9988658428192139,1.6947591063853906e-07,5.951181083219126e-05,0.0010744975879788399
3354,2,3,1.6936493921093643e-05,1.6178038464431665e-08,0.09882467240095139,0.9011584520339966
3355,3,3,0.000428195227868855,0.000702864897903055,0.02841140888631344,0.9704574346542358
3356,3,3,0.00010572990140644833,3.4001292078755796e-05,0.12418574094772339,0.8756744861602783
3357,1,1,7.1979633275987e-07,0.9999991655349731,9.146385337999163e-08,6.81751410880338e-09
3358,0,0,0.9996042847633362,8.644097988508292e-07,0.00012167113891337067,0.0002732620923779905
3359,1,1,0.0066247438080608845,0.8371411561965942,0.08343248814344406,0.07280164957046509
3360,1,1,7.110658089004573e-07,0.999995231628418,1.7146912796306424e-06,2.396032869000919e-06
3361,1,1,9.792842320166528e-06,0.9999899864196777,4.79691699695195e-08,1.0412682627247705e-07
3362,1,1,0.00020561012206599116,0.9997910857200623,1.9477397472655866e-06,1.4640188510384178e-06
3363,2,2,0.0004955552285537124,0.0005376774934120476,0.9972962737083435,0.0016705638263374567
3364,3,3,4.4733860704582185e-05,1.1409270882722922e-05,0.001974912127479911,0.9979689717292786
3365,1,1,0.039850227534770966,0.9597061276435852,0.00022591420565731823,0.00021774535707663745
3366,1,1,0.010596019215881824,0.9893380403518677,1.5028845155029558e-05,5.0914222811115906e-05
3367,0,0,0.9988985061645508,0.0001998030347749591,5.271086138236569e-06,0.0008964479202404618
3368,3,3,0.0003567204112187028,1.0211631717993441e-07,0.00448993407189846,0.9951531887054443
3369,1,1,5.762312139268033e-05,0.9999423027038574,1.8058385897745666e-09,1.0580310316754549e-07
3370,3,3,4.3447147618280724e-05,7.798021215421613e-06,0.0008744887891225517,0.9990743398666382
3371,3,3,1.7573176592122763e-05,1.7112740113844893e-09,0.0008766033570282161,0.9991057515144348
3372,1,1,3.8365073123713955e-05,0.9999538660049438,6.713054517604178e-06,1.017885324472445e-06
3373,1,1,1.1553190688573522e-06,0.999995231628418,3.5163420761818998e-06,9.354002372674586e-08
3374,3,3,0.001372949336655438,2.4323785652313745e-08,0.007532970514148474,0.9910940527915955
3375,3,3,3.776286030188203e-05,2.2205735206171084e-07,0.00015217748295981437,0.9998098015785217
3376,1,1,2.1863785150344484e-05,0.999977707862854,5.194540264596981e-08,3.771653780404449e-07
3377,0,0,0.9999459981918335,2.6984517376149597e-07,5.1923776481999084e-05,1.7484226191299967e-06
3378,0,0,0.9999496936798096,1.7110482076532207e-05,3.095894498983398e-05,2.1445464426506078e-06
3379,2,2,0.0011506008449941874,4.31844346167054e-05,0.9987527132034302,5.349971615942195e-05
3380,2,2,0.00036570540396496654,3.68041692127008e-05,0.6713544726371765,0.3282429575920105
3381,2,2,0.00031790576758794487,2.2842505131848156e-05,0.6986801624298096,0.3009791374206543
3382,3,3,3.7067111406940967e-06,6.451558398623547e-09,3.9049709243954567e-07,0.9999959468841553
3383,3,3,0.00021886735339649022,3.449110181463766e-06,8.332670404342934e-06,0.999769389629364
3384,0,0,0.8407897353172302,2.130106986442115e-05,0.13717496395111084,0.022013964131474495
3385,1,1,1.2590391634148546e-05,0.9998359680175781,5.411924212239683e-05,9.725645941216499e-05
3386,2,2,0.00010635140642989427,0.0001457770267734304,0.9997348189353943,1.3126728845236357e-05
3387,1,1,2.4257251425297e-05,0.9999701976776123,3.520570714954374e-07,5.186353973840596e-06
3388,0,0,0.9958439469337463,0.00018726821872405708,0.00015620885824318975,0.0038126094732433558
3389,0,0,0.9964458346366882,2.3838643755880184e-05,0.0032832494471222162,0.0002471658808644861
3390,2,2,0.0001339353184448555,3.638360431068577e-05,0.9810672998428345,0.018762454390525818
3391,1,1,2.4491537260473706e-05,0.9941413998603821,9.332202171208337e-05,0.0057407706044614315
3392,3,3,0.03606361150741577,0.0015153565909713507,0.03636341914534569,0.9260575175285339
3393,0,0,0.9814573526382446,2.1944165382592473e-06,0.0010848160600289702,0.017455626279115677
3394,3,3,0.0005443142144940794,0.0017339859623461962,0.16403576731681824,0.8336860537528992
3395,3,3,0.00032761204056441784,2.090287125611212e-05,0.00037864508340135217,0.999272882938385
3396,2,2,0.00023314250574912876,0.00029770052060484886,0.9990967512130737,0.0003723644185811281
3397,3,3,0.001147705246694386,9.081134521693457e-06,3.97837175114546e-05,0.9988034963607788
3398,0,0,0.9994372725486755,1.2756761869070488e-08,2.2414978957385756e-05,0.0005402888054959476
3399,0,0,0.995444655418396,1.173284363176208e-05,0.001472094445489347,0.0030715628527104855
3400,0,0,0.9994175434112549,5.730300234318975e-09,6.24289532424882e-05,0.0005200682790018618
3401,3,3,3.378519863872498e-07,1.2292674433922457e-08,0.03140982612967491,0.9685898423194885
3402,3,3,0.036051806062459946,7.466175884474069e-05,1.7053718693205155e-05,0.9638565182685852
3403,2,2,1.4648481737822294e-05,7.516512141592102e-06,0.9999659061431885,1.1921426448679995e-05
3404,3,3,2.00547856366029e-05,8.343125159626652e-07,0.0017232439713552594,0.9982559084892273
3405,3,3,4.3198953790124506e-05,3.54350305542539e-07,0.0008697993471287191,0.9990866184234619
3406,2,3,9.944590419763699e-05,9.699167094368022e-06,0.3589124083518982,0.6409784555435181
3407,0,0,0.9999998807907104,4.388894581097702e-09,9.25746768132285e-09,5.93991060782173e-08
3408,0,0,0.9868112206459045,0.0018738864455372095,3.1201176170725375e-05,0.01128365844488144
3409,2,1,7.237691897898912e-05,0.9969896078109741,0.0028927833773195744,4.510408325586468e-05
3410,2,2,0.001295686000958085,2.434744601487182e-07,0.9985910058021545,0.00011308441025903448
3411,2,2,2.9926328352303244e-05,8.637011106316095e-09,0.9998530149459839,0.00011703799100359902
3412,3,3,1.4622600247093942e-05,1.7223324903170578e-05,0.012328981421887875,0.9876391291618347
3413,1,1,0.0795200914144516,0.6432207226753235,0.18543259799480438,0.09182658791542053
3414,3,2,0.15375645458698273,0.0007326185004785657,0.6303234696388245,0.2151874452829361
3415,2,2,0.0019364597974345088,1.1852392134414913e-07,0.9960049986839294,0.002058483427390456
3416,1,1,3.188800110365264e-05,0.9999678134918213,5.917883427741799e-08,2.5991477059505996e-07
3417,3,2,3.2089562864712207e-06,1.6244852574232027e-08,0.5658050179481506,0.4341917335987091
3418,2,2,0.003412307472899556,0.2216312736272812,0.5950040817260742,0.17995235323905945
3419,2,2,0.03587096557021141,0.010817568749189377,0.847876250743866,0.10543512552976608
3420,3,3,3.2796389859868214e-05,1.5808998796273954e-05,0.029545001685619354,0.9704063534736633
3421,3,3,3.6152150073576195e-07,7.987432049105792e-09,4.104083564016037e-05,0.9999586343765259
3422,2,0,0.6537781953811646,0.00027266342658549547,0.18045155704021454,0.16549760103225708
3423,2,2,0.00014597192057408392,8.034103666432202e-05,0.9983198046684265,0.0014538230607286096
3424,1,1,0.3396450877189636,0.584090530872345,0.03812732920050621,0.03813709318637848
3425,1,1,4.324858309701085e-06,0.9999955892562866,5.0381736116378306e-08,3.7066705260713206e-08
3426,3,3,1.8002847355091944e-05,1.624865944904741e-06,0.004492924548685551,0.9954873919487
3427,2,2,0.0007434824365191162,0.00016816321294754744,0.9980944991111755,0.000993870897218585
3428,0,0,0.899763822555542,8.071285151345364e-07,0.07342677563428879,0.026808522641658783
3429,3,3,8.277372216980439e-06,7.242488777592371e-07,0.00847731065005064,0.9915136694908142
3430,2,2,0.00011922154953936115,9.559026693750639e-06,0.9997890591621399,8.221922325901687e-05
3431,0,0,0.9912919402122498,7.82328726245396e-08,8.767413237364963e-05,0.008620266802608967
3432,2,2,0.00828446913510561,0.00022060629271436483,0.9905911087989807,0.0009037679410539567
3433,3,3,0.018379276618361473,3.066125646000728e-05,0.011686738580465317,0.9699033498764038
3434,0,0,0.995274543762207,1.0807053740791162e-06,0.0036803055554628372,0.0010440542828291655
3435,3,3,5.858908913580763e-10,4.8007045387599145e-12,6.28231327937101e-06,0.9999936819076538
3436,0,0,0.9996423721313477,9.844660553426365e-07,9.73447022261098e-05,0.00025928005925379694
3437,2,2,6.499989831354469e-05,8.989819093585538e-07,0.9993182420730591,0.0006157926400192082
3438,3,3,0.00303763709962368,4.15580359458545e-07,0.01041998341679573,0.9865418672561646
3439,0,0,0.9811007976531982,2.9382858812709856e-08,0.001555407652631402,0.017343800514936447
3440,2,2,0.0028886760119348764,3.426886863167056e-08,0.9971100687980652,1.2760442587023135e-06
3441,3,3,4.6140459744492546e-05,3.78689060198667e-06,0.00013161930837668478,0.9998185038566589
3442,1,1,0.00035251941881142557,0.9991862177848816,0.00042553929961286485,3.5705685149878263e-05
3443,3,3,8.359561616089195e-05,8.77462085213665e-08,0.004972930531948805,0.9949433207511902
3444,0,0,0.9999759197235107,8.509050353211478e-09,1.6300112974931835e-06,2.2448200979852118e-05
3445,2,2,0.0002461303665768355,3.139775515137444e-07,0.9952536821365356,0.004499778151512146
3446,0,0,0.9994959831237793,2.117965550496592e-06,0.0004939447389915586,7.877381904108915e-06
3447,2,2,0.0002574958489276469,8.688022745673152e-08,0.9996684789657593,7.391753024421632e-05
3448,2,2,0.0022362375166267157,6.8136732807033695e-06,0.9022834897041321,0.09547355026006699
3449,3,3,0.0016851945547387004,1.659783244178925e-08,0.029977720230817795,0.9683370590209961
3450,0,0,0.9999434947967529,5.85095790484047e-07,5.149850403540768e-05,4.431679371919017e-06
3451,0,0,0.9999982118606567,2.0385274024370403e-10,6.962660563658574e-07,1.1310042964396416e-06
3452,0,0,0.9792609810829163,6.117369139246875e-06,0.020662931725382805,7.000818004598841e-05
3453,0,0,0.9925018548965454,1.1058442339617613e-07,0.007079662289470434,0.0004184208810329437
3454,0,0,0.9991850256919861,9.72883754002396e-07,3.898323484463617e-05,0.0007749903597868979
3455,2,3,5.445019269245677e-06,2.239222567368415e-06,0.012089991942048073,0.9879023432731628
3456,3,3,0.00012823895667679608,8.832472531139501e-07,0.008140728808939457,0.9917301535606384
3457,1,1,0.0024136758875101805,0.9973995685577393,7.19055169611238e-05,0.00011485571303637698
3458,2,2,0.00028532903525047004,4.483142402023077e-05,0.9993199110031128,0.0003499366866890341
3459,3,3,0.00019290648924652487,2.0258401178807617e-08,1.0363245337430271e-06,0.9998061060905457
3460,3,3,3.161226777592674e-05,1.3105039215588477e-05,0.0030120541341602802,0.9969432950019836
3461,0,0,0.9993398785591125,3.325138209220313e-07,0.0006518179434351623,7.996079148142599e-06
3462,1,1,9.749643936629582e-08,0.9999997615814209,5.3448509618192475e-08,1.5700491928782867e-07
3463,1,1,0.00021997127623762935,0.9993962049484253,0.0003636726178228855,2.0147377654211596e-05
3464,1,1,2.4429731638520025e-05,0.9999439716339111,2.271370976814069e-05,8.99635415407829e-06
3465,2,3,0.4399144649505615,4.04595339205116e-05,0.10399390757083893,0.456051230430603
3466,2,2,0.010259867645800114,8.459040691377595e-05,0.8088487982749939,0.18080675601959229
3467,3,3,0.0004799630551133305,5.4144035033232285e-08,0.004602658562362194,0.9949173927307129
3468,1,1,2.975201880417444e-07,0.9999996423721313,9.649661514288255e-09,7.199671969715382e-10
3469,2,2,0.02824118360877037,3.068351361434907e-05,0.9598594307899475,0.011868766508996487
3470,3,3,4.4184478610986844e-05,1.6318638245138573e-06,0.004311694763600826,0.9956424236297607
3471,2,2,5.237595541984774e-05,6.695052547911473e-07,0.9983338713645935,0.0016130662988871336
3472,3,3,8.668906230013818e-05,1.0689035434552352e-07,2.883587285396061e-06,0.9999103546142578
3473,0,0,0.9999963045120239,2.4431622946963216e-08,6.351896217893227e-07,3.0572928153560497e-06
3474,0,0,0.9489094614982605,0.00010619134991429746,0.0007370641105808318,0.050247322767972946
3475,3,3,9.538032463751733e-05,2.0206530848554394e-07,0.00017162189760711044,0.9997327923774719
3476,3,3,9.92430159385549e-07,2.1909534098085715e-07,0.0010820974130183458,0.998916745185852
3477,0,0,0.9957885146141052,0.0004663135623559356,1.1957069546042476e-05,0.0037332167848944664
3478,3,3,9.620494529372081e-05,4.10750828905293e-07,0.00044952204916626215,0.9994539618492126
3479,0,0,0.7063913345336914,0.0006504103657789528,0.12377908080816269,0.16917918622493744
3480,0,0,0.9999947547912598,1.5878578096817364e-07,6.208236982274684e-07,4.438868927536532e-06
3481,0,0,0.9987576007843018,0.0004385995853226632,0.0007084233802743256,9.537174628349021e-05
3482,2,2,4.49205472250469e-05,1.5604309737682343e-05,0.9999066591262817,3.276268398622051e-05
3483,0,0,0.9991344809532166,2.7313171813148074e-07,5.283790233079344e-05,0.0008123830193653703
3484,0,0,0.9384618997573853,0.0017068019369617105,0.004894990008324385,0.05493626743555069
3485,0,0,1.0,3.453457253499437e-08,5.60745760935788e-09,1.0361724811502881e-08
3486,3,3,5.992501996843203e-07,1.0023897090150058e-07,7.575231961709505e-07,0.9999985694885254
3487,3,3,2.517754001019057e-05,7.751848443149356e-07,0.005752321798354387,0.9942216277122498
3488,2,2,4.3704618292395025e-05,1.679341949056834e-05,0.9998726844787598,6.676180782960728e-05
3489,1,1,6.112206756370142e-05,0.9999343156814575,3.5102045785606606e-06,1.0226330005025375e-06
3490,1,1,4.232179435348371e-06,0.9998300075531006,9.177938773063943e-05,7.391848339466378e-05
3491,0,0,0.999943733215332,2.0227578261255985e-06,5.222405889071524e-05,1.9944006908190204e-06
3492,2,2,0.01536098774522543,0.0012934922706335783,0.9747905731201172,0.008554970845580101
3493,0,0,0.9941571950912476,1.5579978480673162e-06,0.0035313842818140984,0.0023097910452634096
3494,0,0,0.9994983673095703,6.8320700847834814e-06,0.0002009460295084864,0.00029375680605880916
3495,2,2,0.010481122881174088,0.0006016085390001535,0.9494071006774902,0.039510246366262436
3496,3,3,3.4128811421396676e-07,4.331293368409206e-08,0.025087090209126472,0.9749125838279724
3497,3,3,0.13881970942020416,0.0018184365471825004,0.025296976789832115,0.8340648412704468
3498,1,1,6.4282664880011e-07,0.9999991655349731,6.048920653256573e-08,6.49284999099109e-08
3499,1,1,8.036365102270793e-07,0.999998927116394,2.322858136949435e-07,1.9702710574165394e-09
3500,0,0,0.9996405839920044,1.4510855805838219e-07,0.00029177649412304163,6.751371256541461e-05
3501,3,3,0.008066507056355476,0.0020653477404266596,0.18144376575946808,0.8084243535995483
3502,3,3,2.2647332116321195e-06,3.730094988441124e-08,0.001875671441666782,0.9981220364570618
3503,0,0,0.9999173879623413,5.011395842302591e-06,6.777958333259448e-05,9.787099770619534e-06
3504,0,0,1.0,8.259917194664013e-10,6.773632765799675e-09,1.8809206636660747e-08
3505,0,0,0.7798847556114197,0.2198135405778885,7.437652675434947e-05,0.0002273346617585048
3506,3,3,0.0029937259387224913,0.0002752561413217336,0.047550782561302185,0.9491802453994751
3507,1,1,8.152724331011996e-05,0.9999183416366577,2.636834750546768e-09,1.4314636587187124e-07
3508,2,2,0.0021186801604926586,0.05008075013756752,0.8516495823860168,0.09615090489387512
3509,0,0,0.9797623753547668,0.0023710159584879875,0.0007132199825718999,0.017153367400169373
3510,0,0,1.0,1.8086703690300965e-08,1.2506673474632635e-10,4.502815009743699e-09
3511,0,0,1.0,1.2940786220383416e-08,2.097794293831612e-08,7.052752604153056e-09
3512,3,3,0.0002786692639347166,2.216739630966913e-06,0.005110856611281633,0.9946081638336182
3513,0,0,1.0,3.0981839316268633e-10,2.4660183228775168e-08,3.579429375122345e-08
3514,1,1,5.76471138629131e-05,0.9999418258666992,2.543884534134122e-07,1.8908907861714397e-07
3515,0,0,0.9584728479385376,0.0001535557530587539,0.04130588844418526,6.772403867216781e-05
3516,0,0,1.0,9.54962844912366e-11,4.0984170918134666e-11,4.513303064612728e-10
3517,0,0,1.0,3.138901248297965e-12,1.8992304617881928e-08,3.305989082491578e-08
3518,0,0,0.9992932081222534,0.00048132039955817163,1.6428558069492283e-07,0.00022536217875313014
3519,1,1,1.4659860880783526e-06,0.999882698059082,3.6414971305021027e-07,0.0001155569261754863
3520,1,1,1.1390794497856405e-05,0.9999300241470337,5.6117256463039666e-05,2.5253932562918635e-06
3521,1,1,0.00012719213555101305,0.9998003840446472,1.1237117178097833e-05,6.12735457252711e-05
3522,1,1,3.7311940104700625e-05,0.9999545812606812,7.739891771052498e-06,3.5177470181224635e-07
3523,1,1,0.022160260006785393,0.57261723279953,0.10348152369260788,0.30174097418785095
3524,0,0,0.9779666662216187,0.0013225863222032785,0.0004158036899752915,0.020294878631830215
3525,1,1,4.176762013230473e-05,0.9999333620071411,2.4805236535030417e-05,1.4542483484092372e-07
3526,0,0,0.9999985694885254,3.7851674572486615e-10,4.5919824742668425e-07,9.266148026654264e-07
3527,1,1,4.916951365885325e-05,0.9993820190429688,9.1937166871503e-05,0.0004769330844283104
3528,0,0,0.9999986886978149,1.1755239484045887e-06,6.902233451455686e-08,4.348611426507887e-08
3529,1,1,5.617588954009989e-07,0.9997947812080383,0.00010092806769534945,0.00010369939263910055
3530,1,1,2.4468361516483128e-05,0.9999732971191406,1.334871853941877e-06,9.149642892225529e-07
3531,0,0,0.9999562501907349,5.882016012037639e-07,1.7122951248893514e-05,2.598817809484899e-05
3532,3,3,0.0011752424761652946,3.0853665521135554e-05,0.03184255212545395,0.966951310634613
3533,0,0,0.9999963045120239,2.8387598050017004e-08,3.6354269923322136e-06,4.723460378386335e-08
3534,1,1,3.7459528812178178e-06,0.9999641180038452,2.9570637707365677e-05,2.6019615688710473e-06
3535,3,3,9.420252808922669e-07,8.803101997356677e-11,0.00032138198730535805,0.9996776580810547
3536,0,0,1.0,8.30681301522418e-09,7.512625521677307e-10,1.7068517266238814e-08
3537,3,3,0.007883581332862377,0.00012975817662663758,0.40635040402412415,0.5856362581253052
3538,2,0,0.8228911757469177,0.0033365983981639147,0.02174556255340576,0.15202662348747253
3539,1,1,0.0008344585658051074,0.9991235136985779,1.6817266441648826e-05,2.5197554350597784e-05
3540,0,0,0.9959452748298645,1.5746708470487647e-07,0.0036759753711521626,0.00037862409953959286
3541,1,1,6.045319605618715e-05,0.9997463822364807,5.184647307032719e-05,0.00014131043280940503
3542,2,2,0.0002566293114796281,7.482678029191447e-06,0.9988749623298645,0.0008609702927060425
3543,1,1,3.4230695746373385e-05,0.9999608993530273,8.529770667564662e-09,4.874969818047248e-06
3544,1,1,4.851676749240141e-06,0.9999951124191284,2.5620834342987564e-09,4.472449965930991e-09
3545,0,0,0.9999977350234985,3.361752209940505e-09,1.336245645688905e-06,9.189770366901939e-07
3546,0,3,0.017868900671601295,4.867771963290579e-07,0.013642792589962482,0.9684878587722778
3547,0,0,0.999840497970581,3.525921599134563e-08,1.3491969639289891e-06,0.00015811123012099415
3548,2,0,0.5030866265296936,0.0009247105335816741,0.0035235402174293995,0.4924651086330414
3549,0,0,0.9997510313987732,5.474782938108547e-07,0.00022806441120337695,2.0305378711782396e-05
3550,1,1,0.0015332221519201994,0.9984563589096069,5.99676241108682e-06,4.384451131045353e-06
3551,1,1,1.3031284424869227e-06,0.9994978904724121,0.000361184764187783,0.00013968307757750154
3552,0,0,0.9999997615814209,8.735115408775584e-10,2.228361779543775e-07,4.5787881930436924e-08
3553,2,3,0.053089674562215805,0.00010123787797056139,0.3888527750968933,0.557956337928772
3554,2,2,0.21011370420455933,8.466368308290839e-05,0.6816615462303162,0.10814011842012405
3555,0,0,0.9780899286270142,3.741366185749939e-07,0.009310933761298656,0.012598761357367039
3556,2,3,0.0064505017362535,0.00020299339666962624,0.43370357155799866,0.5596428513526917
3557,1,1,0.017102574929594994,0.9633790850639343,0.016960201784968376,0.002558120060712099
3558,0,0,0.9996063113212585,4.935058086630306e-07,9.119745664065704e-05,0.0003021049196831882
3559,1,1,6.311526522040367e-05,0.999910831451416,2.4189072064473294e-05,1.940089759955299e-06
3560,1,1,0.00010671230120351538,0.9995900988578796,1.600566247361712e-05,0.00028721100534312427
3561,0,2,0.0029433430172502995,1.97402485468956e-07,0.9719839096069336,0.025072569027543068
3562,1,1,0.00020645557378884405,0.9995439648628235,0.00023560189583804458,1.3916116586187854e-05
3563,0,1,8.827757119433954e-05,0.9999116659164429,2.201777871135846e-09,9.026454250715688e-09
3564,3,3,0.007774685509502888,3.9709055272396654e-05,3.118488530162722e-05,0.9921544194221497
3565,0,0,0.999985933303833,9.177089310696829e-08,1.2948931725986768e-05,1.0003815305026365e-06
3566,2,2,0.09034285694360733,0.0005645658238790929,0.904644250869751,0.004448233172297478
3567,3,3,0.24381469190120697,1.2457187494874233e-06,0.0016966472612693906,0.7544873952865601
3568,1,1,0.04235227033495903,0.6358571648597717,0.24253401160240173,0.0792565643787384
3569,0,0,0.9976978898048401,3.033336270164e-06,0.0021307116840034723,0.00016829432570375502
3570,0,1,1.9346460248925723e-05,0.9999251365661621,5.184203928365605e-07,5.500712723005563e-05
3571,2,0,0.694782018661499,1.118851969295065e-06,0.2751634120941162,0.030053380876779556
3572,0,0,0.6705119013786316,0.032637931406497955,0.2335665374994278,0.06328359991312027
3573,2,2,6.348008355416823e-06,5.049384981248295e-07,0.9999872446060181,5.962184786767466e-06
3574,3,3,0.0015436832327395678,0.000742189004085958,0.01603865437209606,0.9816755652427673
3575,2,2,0.00018546555656939745,5.056393348468191e-08,0.9998021721839905,1.235482886841055e-05
3576,2,3,0.005345924291759729,1.7253496480407193e-06,0.01691722869873047,0.9777350425720215
3577,2,2,0.0006968544912524521,7.781806198181584e-05,0.9990999698638916,0.00012542410695459694
3578,1,1,0.00013519471394829452,0.9984362721443176,5.5305459682131186e-05,0.0013731765793636441
3579,0,0,1.0,1.709112495973386e-08,2.3334390419904594e-08,2.29125762807314e-09
3580,2,2,0.003163632471114397,0.007300226483494043,0.5266919136047363,0.46284428238868713
3581,0,0,0.9961316585540771,0.00011441417154856026,0.0019432608969509602,0.0018105861963704228
3582,2,0,0.5257176160812378,1.2922325822728453e-06,0.37494027614593506,0.09934081882238388
3583,2,2,7.767333727315417e-07,7.274230551246319e-09,0.9999828338623047,1.6304089513141662e-05
3584,1,1,2.3061421927650372e-07,0.9999997615814209,1.8532183787556278e-08,1.897331625144716e-09
3585,1,0,0.5981199741363525,0.33511945605278015,0.008556611835956573,0.058203984051942825
3586,1,1,0.00017477408982813358,0.9995436072349548,0.00019877955492120236,8.283954957732931e-05
3587,0,0,0.9990447163581848,3.223959055276282e-08,0.0007976476917974651,0.00015754485502839088
3588,3,3,9.799226063478272e-06,3.9214715030766456e-08,0.0008150500361807644,0.9991751313209534
3589,2,2,3.3010287552315276e-06,1.2868243857155903e-06,0.9999850988388062,1.0231371561530977e-05
3590,0,3,0.001271556713618338,0.0002513031067792326,0.0015241861110553145,0.9969528913497925
3591,2,2,0.0039940644055604935,8.627515853731893e-06,0.9952021837234497,0.0007950921426527202
3592,2,2,2.220964051957708e-05,2.2395802261598874e-06,0.9780541658401489,0.021921426057815552
3593,2,2,3.4596021123434184e-06,2.650528131198371e-06,0.6871346831321716,0.3128592371940613
3594,0,0,0.9993736147880554,0.0005094751249998808,9.832089563133195e-05,1.8626849850988947e-05
3595,2,2,0.026036951690912247,3.918558377336012e-06,0.9697513580322266,0.004207783844321966
3596,1,1,2.1825451767654158e-05,0.999967098236084,6.051542641216656e-06,5.047841113992035e-06
3597,1,1,8.185161846085975e-07,0.9999943971633911,4.570435521600302e-06,1.966832456901102e-07
3598,0,0,0.9999842643737793,2.901029574786662e-06,9.79008837020956e-06,3.04718446386687e-06
3599,1,1,0.0027745848055928946,0.9970360994338989,1.3675430636794772e-05,0.00017572709475643933
3600,2,2,0.0001627267774892971,8.739561252468775e-08,0.6491115689277649,0.35072556138038635
3601,1,1,6.366457910189638e-06,0.9999911785125732,1.5552118384221103e-06,9.415186354999605e-07
3602,3,3,0.0004869088588748127,4.084677414084581e-07,0.002909052185714245,0.9966037273406982
3603,1,1,8.33929607324535e-06,0.9999738931655884,2.9533907763834577e-06,1.4837903108855244e-05
3604,0,0,0.5988215804100037,0.39494815468788147,0.0006557762972079217,0.005574513226747513
3605,3,3,5.224201231612824e-05,9.109157161901749e-08,0.0037490378599613905,0.9961985945701599
3606,0,0,0.9999985694885254,7.89082132968133e-09,4.2979377212759573e-07,9.147780701823649e-07
3607,2,2,0.0005234342534095049,4.332907366233485e-08,0.9991982579231262,0.00027829318423755467
3608,0,0,0.9999873638153076,6.943673724890687e-07,4.883278961642645e-06,7.042955076030921e-06
3609,0,0,0.9998433589935303,3.512080013479135e-07,4.001814431831008e-06,0.00015224851085804403
3610,3,3,0.013553580269217491,0.00012401558342389762,0.22384074330329895,0.762481689453125
3611,0,0,0.9999997615814209,4.920947205278026e-09,1.5955070864492882e-07,1.1319257708919395e-07
3612,3,3,4.4249074562685564e-05,2.6541984166073007e-09,0.13070589303970337,0.8692498803138733
3613,0,0,0.9999939203262329,1.3106215419611544e-06,2.351947188117265e-07,4.546241143543739e-06
3614,3,3,0.00272374483756721,1.7435587551517528e-07,0.024966519325971603,0.9723095297813416
3615,0,0,0.9992963075637817,0.0006224516546353698,2.5005336283356883e-05,5.6162079999921843e-05
3616,2,2,0.1864400953054428,6.077362286305288e-06,0.7984357476234436,0.015118121169507504
3617,2,3,1.6172780306078494e-05,1.4855298324789601e-08,0.0018201235216110945,0.9981637597084045
3618,1,1,8.320261599692458e-07,0.9999991655349731,5.869615016251828e-09,1.421095330300659e-08
3619,0,3,0.11881387233734131,0.07720028609037399,0.3151813745498657,0.4888044595718384
3620,1,1,2.5489999444516798e-08,1.0,1.689558537520952e-08,3.8634638599432947e-08
3621,1,1,0.0040335506200790405,0.9957737326622009,0.00017877899517770857,1.3870687325834297e-05
3622,0,0,0.5237373113632202,0.007637436967343092,0.02587897703051567,0.44274625182151794
3623,3,3,5.928951773981339e-12,2.15705296506552e-12,2.930953826307814e-07,0.9999997615814209
3624,2,2,0.01348966546356678,1.8547483193742664e-07,0.9864931702613831,1.695497121545486e-05
3625,0,0,0.9999315738677979,6.544091593241319e-05,1.917995177791454e-06,1.126136226048402e-06
3626,1,1,0.00012921704910695553,0.9998670816421509,1.8047207959170919e-06,1.8592778587844805e-06
3627,0,3,0.009238488972187042,2.169005197671936e-09,0.04351068660616875,0.9472508430480957
3628,2,2,0.0028875418938696384,0.0008167094783857465,0.9811694025993347,0.015126412734389305
3629,0,0,0.9079596996307373,0.0009441867005079985,0.006258645094931126,0.08483747392892838
3630,1,1,0.005601877812296152,0.9943443536758423,4.2058156395796686e-05,1.1775106941058766e-05
3631,2,2,0.39743244647979736,0.0007895618327893317,0.45267337560653687,0.14910456538200378
3632,2,2,0.0031600086949765682,0.0015585928922519088,0.985749363899231,0.009532016701996326
3633,0,0,0.9999327659606934,1.419263412572036e-06,6.3519560171698686e-06,5.94721786910668e-05
3634,2,2,0.0006126577500253916,5.429635712062009e-05,0.996615469455719,0.0027175997383892536
3635,2,2,7.440162153216079e-05,1.3537852282752283e-05,0.9997531771659851,0.00015887142217252403
3636,1,1,4.6113327698549256e-06,0.9989890456199646,0.0005813495954498649,0.0004250049532856792
3637,0,0,0.9660661220550537,0.0006287675350904465,0.029627077281475067,0.003678038250654936
3638,0,0,0.5195099115371704,0.28809261322021484,0.0001839627220761031,0.19221356511116028
3639,1,1,5.169312657926639e-07,0.999581515789032,2.613304604892619e-05,0.00039175894926302135
3640,2,2,0.0012407706817612052,1.2745679214276606e-06,0.9964160919189453,0.0023418257478624582
3641,1,1,7.811841351212934e-05,0.9998780488967896,3.6103730963077396e-05,7.690344318689313e-06
3642,3,3,0.060455482453107834,6.855894753243774e-05,0.00017076751100830734,0.9393051862716675
3643,3,0,0.7831243276596069,9.216257979005604e-08,0.0007426558877341449,0.21613289415836334
3644,0,0,0.985089123249054,0.0017020106315612793,0.005466035101562738,0.0077428994700312614
3645,3,3,7.414834612973209e-08,1.9287280106361493e-11,5.687573502655141e-05,0.9999430179595947
3646,1,1,1.3250424046873377e-07,0.9999995231628418,2.4838360257462e-09,3.486210289338487e-07
3647,1,1,0.11930900067090988,0.8498061299324036,0.0033820702228695154,0.02750285342335701
3648,0,0,0.9973057508468628,9.682747077022213e-06,0.000149860730743967,0.002534583443775773
3649,0,0,0.999984860420227,1.3392501552189628e-09,6.84501719661057e-06,8.376507139473688e-06
3650,0,0,0.9999891519546509,1.6914196822662153e-12,1.066974346031202e-05,1.2678744099048345e-07
3651,3,3,3.683286195155233e-05,1.4232091416488402e-06,0.04430380091071129,0.955657958984375
3652,3,0,0.652684211730957,9.99642361421138e-06,0.17292147874832153,0.17438434064388275
3653,2,2,1.3444825697206397e-07,6.127960716639791e-08,0.9518053531646729,0.04819450154900551
3654,0,0,0.99998939037323,8.605081647239388e-10,3.789882839555503e-06,6.813759682700038e-06
3655,3,3,0.00018068494682665914,1.21873756597779e-06,0.2852255702018738,0.7145925760269165
3656,2,2,0.006195843685418367,0.00018643469957169145,0.9650610685348511,0.02855665609240532
3657,0,0,0.9768447279930115,0.007629332132637501,0.0006497328286059201,0.014876185916364193
3658,2,2,0.000320504856063053,1.27489528267688e-07,0.9996721744537354,7.28710165276425e-06
3659,3,3,0.001285918289795518,0.0013086909893900156,0.0030758113134652376,0.9943296313285828
3660,0,0,0.9997935891151428,1.547526267131616e-07,0.00016452177078463137,4.180656833341345e-05
3661,0,1,0.004664900712668896,0.995332658290863,8.099801220851077e-07,1.6731383993828786e-06
3662,0,0,0.98026442527771,5.974526118279755e-08,0.019717752933502197,1.7682381439954042e-05
3663,2,2,1.2494081147451652e-06,1.3755292229689076e-06,0.999761164188385,0.0002362198574701324
3664,3,2,2.4225013476097956e-05,9.35404204938095e-06,0.7489456534385681,0.2510208189487457
3665,0,0,0.9859536290168762,2.11519202153454e-09,0.01032332330942154,0.003723067231476307
3666,1,1,1.9780141413683339e-10,1.0,2.573620427881451e-09,1.8163640036483741e-10
3667,3,3,1.6826295905048028e-05,5.505860372068128e-07,0.0002626834611874074,0.9997199177742004
3668,3,3,3.077178405419545e-07,1.9707607767927016e-10,1.125104881793959e-05,0.9999884366989136
3669,0,0,0.9999544620513916,5.828319899592316e-06,3.898751310771331e-05,6.884760068714968e-07
3670,3,3,2.4949520138761727e-06,6.066593982723134e-08,0.00048145337495952845,0.9995158910751343
3671,2,3,5.562937417380454e-07,1.1912058839325113e-10,0.0043514748103916645,0.9956479668617249
3672,2,3,4.16773182223551e-05,6.445190592785366e-06,0.0010263490257784724,0.998925507068634
3673,0,0,0.9999740123748779,1.503952695713906e-08,5.266429980110843e-06,2.072583811241202e-05
3674,2,2,2.228173252660781e-05,2.61248942479142e-07,0.6060490012168884,0.39392852783203125
3675,3,2,0.006384627893567085,3.3479991543572396e-05,0.9779163002967834,0.01566552370786667
3676,3,3,3.194672899553552e-05,1.0533583463256946e-06,6.0669761296594515e-05,0.9999063014984131
3677,1,1,1.0491626198927406e-06,0.999998927116394,4.5197436904231836e-09,5.805672387282357e-08
3678,0,0,0.9999996423721313,3.7496010918403044e-07,2.0854708585038573e-11,3.975242801601553e-09
3679,3,3,0.01781589724123478,8.63364348901996e-08,0.06682723015546799,0.9153568148612976
3680,2,2,0.005206527654081583,1.011151289276313e-05,0.9740859270095825,0.02069750800728798
3681,3,3,4.182296834187582e-06,4.64366212149514e-10,0.0009326139115728438,0.9990631937980652
3682,2,2,3.836664109257981e-05,2.7769401640398428e-05,0.9994598031044006,0.000474009953904897
3683,0,0,0.9434047937393188,0.00013934055459685624,0.056181035935878754,0.00027488215710036457
3684,2,0,0.5824578404426575,0.05380633845925331,0.16123391687870026,0.20250187814235687
3685,0,0,0.9798020720481873,1.6598673937551212e-06,0.01938536949455738,0.000810950412414968
3686,0,0,0.5632894039154053,0.02761113829910755,0.37592485547065735,0.03317461162805557
3687,3,2,4.4277883716858923e-05,6.35145397609449e-07,0.7952550053596497,0.20470012724399567
3688,0,1,4.464889207156375e-05,0.9999443292617798,8.376454388780985e-06,2.5964022825064603e-06
3689,3,3,0.0008424372645094991,4.6784282403677935e-07,0.30105993151664734,0.6980971097946167
3690,3,3,4.494548591083003e-07,1.209219502307235e-09,0.005557119380682707,0.9944424033164978
3691,3,3,3.292134920229728e-07,2.70344688857449e-08,0.05739722028374672,0.9426025152206421
3692,2,2,4.833755883737467e-05,7.876949894125573e-06,0.9995040893554688,0.0004396335280034691
3693,1,1,5.175442129257135e-05,0.9999473094940186,5.194830805521633e-07,3.623209181569109e-07
3694,2,0,0.5623636841773987,0.026758132502436638,0.16178728640079498,0.24909092485904694
3695,1,1,6.490178616758158e-09,1.0,2.132609644434069e-09,1.5473548831135275e-10
3696,0,0,0.9979384541511536,0.000323651940561831,2.6905703634838574e-05,0.001710976124741137
3697,0,0,0.9988009929656982,4.254108716850169e-06,3.1209256121655926e-05,0.0011635569389909506
3698,0,0,0.9995495676994324,1.952617367351195e-06,0.0004174528003204614,3.10525756503921e-05
3699,2,2,0.00014980367268435657,7.097987690940499e-05,0.9994258880615234,0.0003534402640070766
3700,2,2,0.00017186040349770337,2.6161979249650358e-08,0.9898843765258789,0.009943710640072823
3701,2,2,0.0007060092757456005,3.645399920060299e-05,0.9917355179786682,0.007521986961364746
3702,3,2,5.456223334476817e-06,3.585311247888967e-08,0.9006286263465881,0.09936583042144775
3703,3,3,0.06974495202302933,9.63945545606748e-09,0.013798072002828121,0.916456937789917
3704,1,1,4.196491829588922e-07,0.9999988079071045,2.1629588786709064e-08,6.709519198011549e-07
3705,0,0,0.9998302459716797,1.731662814563606e-05,0.000141342228744179,1.1030078894691542e-05
3706,3,3,8.694949428900145e-06,2.324859451618977e-07,0.007206284441053867,0.992784857749939
3707,0,0,0.9996548891067505,1.2011201988570974e-07,0.0002934939693659544,5.146439070813358e-05
3708,3,0,0.39124003052711487,0.29552531242370605,0.035301677882671356,0.2779329717159271
3709,1,1,6.877223768242402e-06,0.9998371601104736,0.00010027993266703561,5.5658976634731516e-05
3710,0,0,0.9999411106109619,3.882992314174771e-05,1.892188265628647e-05,1.0723463219619589e-06
3711,2,2,0.0006778257084079087,2.232947508673533e-06,0.9731806516647339,0.026139214634895325
3712,2,2,0.0033432363998144865,4.28126695624087e-05,0.996059775352478,0.0005541861173696816
3713,2,2,0.003252987749874592,3.4378186342109984e-07,0.9255647659301758,0.07118182629346848
3714,3,2,0.0013580656377598643,6.51984282740159e-06,0.5005003213882446,0.4981350004673004
3715,3,3,0.0660245418548584,0.3248923718929291,0.03182130306959152,0.5772618055343628
3716,2,2,7.97609900473617e-05,2.788021813415753e-09,0.9147713780403137,0.08514893054962158
3717,3,3,0.0013253070646896958,1.5651598005206324e-05,1.6208448869292624e-05,0.9986428618431091
3718,0,0,0.962176501750946,0.024983616545796394,0.011055963113904,0.0017839292995631695
3719,1,1,1.395006137272503e-07,0.9999995231628418,5.6514807056373684e-08,2.4303253098878486e-07
3720,2,2,6.875573308207095e-05,2.109517680537465e-07,0.9999303817749023,6.044817837391747e-07
3721,1,1,0.0009416478569619358,0.9980664849281311,0.00037224587867967784,0.0006196913309395313
3722,3,3,0.0006279663066379726,0.000539749744348228,0.002088050125166774,0.9967441558837891
3723,2,2,0.0005470137111842632,0.0010702263098210096,0.9927377104759216,0.005645010620355606
3724,2,2,3.9494148950325325e-05,5.2154232434986625e-06,0.9934720993041992,0.006483257282525301
3725,1,1,1.2753595957093466e-09,1.0,4.884271875837953e-10,1.4060101694024496e-10
3726,3,3,7.984571652741579e-07,4.284576304858234e-10,3.915951674571261e-05,0.9999600648880005
3727,0,0,1.0,2.2372597996422883e-08,2.1383005588404558e-08,5.464913410690997e-09
3728,2,3,0.0013635331997647882,8.787395699982881e-07,0.16732926666736603,0.8313062787055969
3729,2,2,2.2218939193408005e-05,1.8369123111483532e-08,0.9999358654022217,4.192811684333719e-05
3730,3,3,0.030155472457408905,6.304954149527475e-05,0.06510823965072632,0.9046732187271118
3731,3,3,0.007037920877337456,0.40161049365997314,0.0016085058450698853,0.5897431373596191
3732,3,3,9.465628681937233e-05,2.7988352258034865e-07,0.007009835448116064,0.9928953051567078
3733,1,1,0.0001186021399917081,0.9998776912689209,3.68265614270058e-06,5.467041930273808e-08
3734,1,1,5.176985382604471e-07,0.9999994039535522,8.57517648000794e-08,2.0157344682303346e-09
3735,0,0,0.9971998929977417,2.3217438865685835e-05,1.9141386928822612e-06,0.0027749782893806696
3736,1,1,1.727368544379715e-05,0.9998688697814941,0.00010846829536603764,5.41421059097047e-06
3737,0,0,0.9999936819076538,1.1459438837846392e-06,4.626680038199993e-06,4.781608708981366e-07
3738,3,3,0.00017188087804242969,3.27323812499003e-09,0.0011329828994348645,0.9986951947212219
3739,3,3,5.9816647990373895e-06,1.9148098662213897e-09,4.649846232496202e-05,0.9999475479125977
3740,1,1,4.6274135456769727e-07,0.9999982118606567,9.867738981483853e-07,3.746542915905593e-07
3741,3,3,3.167433897033334e-05,1.1321675685849186e-07,0.26044705510139465,0.7395212054252625
3742,2,2,0.016238471493124962,3.884532517872685e-08,0.9765152931213379,0.007246201857924461
3743,0,0,0.9997460246086121,2.2072626393310202e-08,9.757182124303654e-05,0.0001563185069244355
3744,1,1,2.5260112579417182e-06,0.9999972581863403,2.1496232704976137e-07,4.366947248257702e-09
3745,1,1,0.001669730874709785,0.997357189655304,4.211934719933197e-05,0.0009309304296039045
3746,0,1,0.04515009745955467,0.9543049931526184,0.00042283523362129927,0.00012202276411699131
3747,0,2,0.0007742347079329193,4.823867243430868e-07,0.997921884059906,0.0013034214498475194
3748,1,1,1.86195503459885e-09,1.0,2.0581943094288846e-10,1.1342259770286134e-10
3749,0,0,0.9999997615814209,1.2851057024088064e-11,2.4214639182673636e-08,1.9788902250184037e-07
3750,2,2,0.07383431494235992,0.005006017629057169,0.5993008613586426,0.3218587636947632
3751,2,2,3.5970813314634142e-06,2.214747496509517e-08,0.8478599786758423,0.15213635563850403
3752,2,2,0.022804507985711098,3.129658944089897e-05,0.8800060153007507,0.09715811908245087
3753,0,0,0.9713234901428223,1.1474307939352002e-06,0.016737520694732666,0.011937817558646202
3754,2,2,0.024108704179525375,0.0070206052623689175,0.9667503833770752,0.0021203465294092894
3755,0,0,0.9996778964996338,1.3651178960571997e-05,0.00027769990265369415,3.084795389440842e-05
3756,0,0,0.9999890327453613,7.152543002320044e-09,1.8570962083686027e-06,9.08111542230472e-06
3757,3,3,7.294657962120255e-07,6.535898489090641e-10,0.0011359084164723754,0.9988633394241333
3758,0,0,0.9970219731330872,0.001116628060117364,0.0007056993199512362,0.001155572826974094
3759,3,2,3.463089160504751e-05,1.6324655405242083e-07,0.9978088736534119,0.002156355418264866
3760,3,3,7.49353421269916e-05,4.150217137066647e-06,0.08583369851112366,0.9140872359275818
3761,0,0,0.9610837697982788,2.7643196176541096e-07,0.001436533173546195,0.03747954219579697
3762,0,0,0.9978506565093994,1.140589400705494e-09,1.2853769248977187e-07,0.002149264793843031
3763,2,2,0.0034942589700222015,1.939044750542962e-06,0.9961245656013489,0.00037921484909020364
3764,2,2,2.6072577384184115e-05,1.486397650296567e-06,0.9998722076416016,0.00010019577894126996
3765,2,2,0.00014898681547492743,2.3481055677621043e-07,0.9998326301574707,1.8074049876304343e-05
3766,3,3,1.75878667505458e-05,1.8836824722257006e-07,0.01972787268459797,0.9802543520927429
3767,0,0,0.9991674423217773,0.0005088209290988743,0.0002673979033716023,5.64151159778703e-05
3768,1,1,3.010476135045792e-08,1.0,2.1753185919237694e-09,5.076969400441556e-10
3769,2,2,0.00022188419825397432,3.891272717737593e-05,0.9879434704780579,0.01179574616253376
3770,2,2,0.000629301299341023,1.1620730901995557e-06,0.9992784857749939,9.106119978241622e-05
3771,1,1,6.741682767597013e-08,0.9999998807907104,4.636560468895823e-09,5.272624115093549e-09
3772,1,1,1.862797034846153e-05,0.9999780654907227,3.3603030260564992e-06,4.574757905828619e-09
3773,1,1,0.00027303118258714676,0.9997228980064392,3.868789463012945e-06,1.7889988157548942e-07
3774,0,0,0.9990923404693604,2.1223389921942726e-05,0.0003819261328317225,0.0005045152502134442
3775,3,3,0.12437880784273148,7.766801718389615e-05,0.022598691284656525,0.8529447913169861
3776,3,3,0.006790120620280504,2.6948355298372917e-06,0.0013869411777704954,0.991820216178894
3777,3,0,0.9184974431991577,0.0016844902420416474,0.039292506873607635,0.040525514632463455
3778,2,2,9.416307875653729e-06,1.0720634691097075e-07,0.9973248243331909,0.002665678970515728
3779,2,2,1.2995968745599384e-06,1.3308270041534342e-08,0.9999426603317261,5.599153519142419e-05
3780,3,3,0.021416576579213142,5.202796842240787e-07,1.1420998816902284e-05,0.9785715341567993
3781,1,1,1.7185209799208678e-05,0.9999825954437256,1.1319128390141486e-07,1.1644516462183674e-07
3782,0,0,0.9999992847442627,5.976773564952964e-08,7.716822381098609e-08,5.137839025337598e-07
3783,0,0,0.9992408752441406,7.54888560550171e-08,0.0007335950504057109,2.5456702132942155e-05
3784,0,0,0.6487866640090942,3.3030355552909896e-05,0.026724321767687798,0.32445603609085083
3785,0,0,0.8694989085197449,3.728005685843527e-05,0.0033358053769916296,0.1271279901266098
3786,0,0,1.0,1.225873309113057e-11,7.349581832016838e-09,5.193603325182039e-09
3787,3,3,6.22441730229184e-05,2.046158215307514e-06,0.007182317785918713,0.9927534461021423
3788,3,3,4.626953341357876e-06,5.817854198397754e-09,2.8560703867697157e-05,0.9999668598175049
3789,2,2,0.0001794573327060789,5.770585858044797e-07,0.998130738735199,0.0016892511630430818
3790,0,2,0.20672400295734406,0.03202224522829056,0.7556742429733276,0.00557956425473094
3791,1,1,0.3826724886894226,0.6169449687004089,0.00028725757147185504,9.527257498120889e-05
3792,1,1,2.1884488887735642e-05,0.9999160766601562,5.6183569540735334e-05,5.7891529650078155e-06
3793,3,3,0.016130724921822548,8.934768993640319e-05,0.0007012776331976056,0.9830787181854248
3794,1,1,0.009137604385614395,0.9904776811599731,0.00026130001060664654,0.00012340124521870166
3795,2,2,0.01685200445353985,0.0012989670503884554,0.9541048407554626,0.02774420939385891
3796,2,2,0.007162886206060648,0.0005491540068760514,0.8808387517929077,0.11144926398992538
3797,2,2,0.11877273768186569,4.514160536928102e-06,0.8808372020721436,0.00038555439095944166
3798,1,1,0.00031293401843868196,0.999506950378418,6.321461114566773e-05,0.00011690880637615919
3799,0,0,0.9997573494911194,1.196464836539235e-06,0.00020431411394383758,3.7121313653187826e-05
3800,3,3,2.410117485851515e-05,6.4579812608656084e-09,0.44831863045692444,0.5516572594642639
3801,3,3,1.4501893929264043e-05,5.753266307806371e-09,6.06336398050189e-05,0.999924898147583
3802,3,3,6.145544466562569e-05,5.684663619831554e-07,0.0004950533621013165,0.9994428753852844
3803,1,1,0.0006492362590506673,0.999213695526123,2.3217946818476776e-06,0.00013471610145643353
3804,2,2,0.00024438928812742233,2.544376684454619e-06,0.9993587136268616,0.0003944188356399536
3805,0,1,0.06639803200960159,0.9335169792175293,2.0741208572871983e-05,6.418764678528532e-05
3806,1,1,1.522551610833034e-05,0.9999847412109375,2.0367647124430732e-08,9.740435125138447e-10
3807,2,2,8.904900710149377e-07,1.800917814875902e-08,0.9999788999557495,2.026050424319692e-05
3808,1,1,3.2960056159936357e-06,0.9999643564224243,8.87577061803313e-06,2.3530556063633412e-05
3809,1,1,2.642233084770851e-06,0.9999973773956299,2.5243698242860546e-09,1.3743969518031918e-08
3810,0,0,0.9987590312957764,0.0008997175609692931,9.115110151469707e-05,0.00025008211378008127
3811,3,3,1.3115694628140773e-06,1.2921795855547202e-09,0.0015056621050462127,0.9984930753707886
3812,2,2,0.038793791085481644,0.0002041710977209732,0.9572146534919739,0.003787402529269457
3813,2,3,0.0017217617714777589,5.632250122289406e-06,0.3608684539794922,0.6374041438102722
3814,0,0,0.995736837387085,0.00010478112380951643,0.002785183023661375,0.0013731622602790594
3815,3,3,1.2738143595925067e-05,3.6130867742123485e-10,0.0052067991346120834,0.9947804808616638
3816,3,3,1.870012238214258e-05,8.407722296155384e-10,0.00802304595708847,0.9919582605361938
3817,2,2,2.5263275347242597e-06,8.686230401622197e-09,0.9999547004699707,4.284510941943154e-05
3818,3,3,0.009922489523887634,0.00038985791616141796,0.003442133078351617,0.9862455129623413
3819,2,2,0.028568189591169357,0.0089781004935503,0.9425152540206909,0.019938476383686066
3820,1,1,0.018885469064116478,0.9772937893867493,0.002271010773256421,0.001549714244902134
3821,0,0,0.999993085861206,5.8101221611650544e-09,2.383379296588828e-06,4.521530627243919e-06
3822,2,2,0.006425338797271252,1.8304241166333668e-05,0.9925472140312195,0.0010091370204463601
3823,2,2,4.4333497498882934e-05,9.272740862797946e-05,0.9998342990875244,2.8580428988789208e-05
3824,3,3,5.5051164963515475e-05,7.039526508378913e-07,0.010003501549363136,0.9899407029151917
3825,1,1,0.00014263005868997425,0.99985671043396,5.652172063719263e-08,5.544257533074415e-07
3826,2,2,7.565417763544247e-05,8.007345968508162e-06,0.8599666357040405,0.1399497538805008
3827,3,3,4.829266617889516e-05,1.5385785090415993e-08,0.0006031801458448172,0.9993484616279602
3828,3,3,3.0250457712099887e-06,5.009895787111418e-08,5.469844109029509e-05,0.9999423027038574
3829,2,3,0.000718346971552819,5.3151971712850354e-09,0.19673287868499756,0.8025487661361694
3830,3,3,0.003264711005613208,1.581021251695347e-07,0.13070450723171234,0.8660306334495544
3831,1,1,0.2218209207057953,0.7668800354003906,0.0043720100075006485,0.006927053909748793
3832,0,3,0.12123885750770569,0.00704066501930356,0.030549397692084312,0.841171145439148
3833,0,2,0.355419397354126,0.015994315966963768,0.3886444866657257,0.23994183540344238
3834,3,3,0.00039141770685091615,1.4488285160041414e-05,0.03305812552571297,0.9665359258651733
3835,3,3,0.0006250931764952838,4.350082960513646e-09,0.017284825444221497,0.9820901155471802
3836,1,1,0.005417495500296354,0.9945578575134277,6.160840257507516e-06,1.8443352018948644e-05
3837,1,1,0.002063293242827058,0.997763991355896,3.474476670817239e-06,0.0001692674122750759
3838,0,0,0.9995983242988586,0.00011163145245518535,7.694629312027246e-05,0.00021309372095856816
3839,1,1,1.7024480030158884e-06,0.999984860420227,1.2127824447816238e-05,1.3253293218440376e-06
3840,1,1,0.02841084823012352,0.9610421061515808,0.009963859803974628,0.0005831110174767673
3841,1,1,4.733911919174716e-05,0.9998828172683716,6.805737939430401e-05,1.8013599856203655e-06
3842,2,2,0.0098966583609581,0.005115028470754623,0.9261590838432312,0.058829277753829956
3843,0,0,0.9999978542327881,8.408535023818331e-08,8.515139597875532e-07,1.1890360838151537e-06
3844,0,0,0.9999997615814209,9.229218500550473e-10,8.755825575690324e-08,1.1147106704356702e-07
3845,0,0,0.9995871186256409,9.409509971192165e-08,6.681374361505732e-05,0.0003459602012299001
3846,3,3,0.00031314545776695013,3.758001184905879e-05,0.02335521951317787,0.9762939810752869
3847,3,3,0.04832763224840164,0.00010348131036153063,0.004880683496594429,0.9466882348060608
3848,1,1,3.383575176485465e-06,0.9999904632568359,1.3448654954117956e-06,4.770713985635666e-06
3849,3,3,0.00020487494475673884,3.349173596234323e-07,0.007429333869367838,0.9923654198646545
3850,0,0,0.9981127977371216,4.503043965087272e-05,0.001003811601549387,0.0008383373497053981
3851,1,1,0.00020703942573163658,0.9887511134147644,0.00714712543413043,0.0038947127759456635
3852,1,1,1.4794939488638192e-05,0.9999666213989258,1.5583931599394418e-05,2.9277266548888292e-06
3853,3,3,0.0015999230090528727,1.2786846070866886e-07,0.00024255906464532018,0.9981574416160583
3854,2,2,5.991069883748423e-06,1.7614485869899e-08,0.9999898672103882,4.162255208939314e-06
3855,0,0,0.9978961944580078,0.0020987633615732193,3.562435495041427e-06,1.4863063597658766e-06
3856,0,2,0.0427589938044548,2.9281809474923648e-05,0.9527056217193604,0.004506098572164774
3857,2,2,0.00046169295092113316,0.00570489140227437,0.9909206628799438,0.0029127788729965687
3858,1,1,1.8395373047042085e-07,0.9999995231628418,4.348930460196243e-08,2.6532671881795977e-07
3859,1,1,4.0348015318159014e-05,0.9997989535331726,6.420825229724869e-06,0.00015428877668455243
3860,0,0,0.9851579070091248,3.005201961059356e-06,0.0017928930465131998,0.01304616965353489
3861,2,2,0.0001624761353014037,2.853631713151117e-06,0.9998283386230469,6.324354217213113e-06
3862,2,2,2.868211197437631e-07,2.4720383517973232e-09,0.9999992847442627,4.952823928761063e-07
3863,0,0,0.7351413369178772,4.60065966763068e-05,0.22704501450061798,0.03776761516928673
3864,2,2,0.0011657624272629619,1.0793061846925411e-05,0.9853721261024475,0.013451348058879375
3865,1,1,0.03529273718595505,0.9436419606208801,0.0007982099778018892,0.020267121493816376
3866,2,2,0.0006710778689011931,0.0014251831453293562,0.997298538684845,0.0006051534437574446
3867,2,2,4.5606477215187624e-05,1.0026342351920903e-06,0.9999253749847412,2.793633029796183e-05
3868,2,2,9.429591591469944e-05,0.00021923745225649327,0.9996060729026794,8.050586620811373e-05
3869,3,3,7.251117494888604e-06,2.7081612643087283e-05,0.001443278044462204,0.9985223412513733
3870,2,2,0.017081243917346,2.5044184326361574e-07,0.9738750457763672,0.009043434634804726
3871,1,1,8.775889881462717e-08,0.9999998807907104,5.551520354529771e-10,1.6258382140588168e-10
3872,3,3,3.404009112273343e-05,3.8011947367522225e-08,0.0074187214486300945,0.9925472140312195
3873,0,0,0.9989206790924072,2.4328312520083273e-06,0.000302405736874789,0.0007745008333586156
3874,0,0,0.999873161315918,1.5673180314479396e-05,2.7961683372268453e-05,8.316762978211045e-05
3875,2,2,1.681077446846757e-05,8.324115015057032e-07,0.9999624490737915,1.994051126530394e-05
3876,0,0,0.9997352957725525,2.471233983669663e-06,1.558671829116065e-05,0.00024660833878442645
3877,0,0,0.9993096590042114,7.038575131446123e-05,0.0003325372817926109,0.0002874181082006544
3878,0,0,1.0,7.545184033119767e-09,4.2976513014991724e-08,1.5552894083725732e-08
3879,3,3,7.620072750569307e-08,2.995098266622698e-11,9.821585081226658e-06,0.9999901056289673
3880,2,2,0.054131221026182175,9.245919727618457e-07,0.9360969066619873,0.009770887903869152
3881,1,1,8.321078894368839e-06,0.9999909400939941,6.347223688862869e-07,1.1305856162380223e-07
3882,0,2,0.0025325908791273832,0.0002773803425952792,0.9942627549171448,0.0029272139072418213
3883,3,3,1.353190413055927e-07,6.79491485300332e-09,0.00021783247939310968,0.9997820258140564
3884,1,1,2.805711346809403e-06,0.9999933242797852,3.540850229910575e-06,3.3557824963281746e-07
3885,1,1,2.9434687576213037e-07,0.9999996423721313,1.552023221051968e-08,6.530467278054175e-10
3886,0,0,1.0,4.622289218048081e-10,8.448545862904666e-09,1.4497055111917234e-08
3887,3,3,8.303127287945244e-06,1.0211883422206469e-10,0.13378527760505676,0.8662064075469971
3888,3,0,0.974877655506134,1.6275098460027948e-05,0.00023704498016741127,0.02486892230808735
3889,2,2,1.5756681023049168e-05,2.1384987121564336e-05,0.9998183846473694,0.00014451361494138837
3890,2,2,0.0036777148488909006,2.140191827493254e-05,0.993941068649292,0.002359863603487611
3891,3,3,1.0540232324274257e-05,4.2202021433013215e-08,0.0005281326593831182,0.9994613528251648
3892,1,1,3.9173231925815344e-05,0.9999517202377319,5.550494392991823e-07,8.579619134252425e-06
3893,0,0,0.9999252557754517,2.133778735924352e-07,6.730527093168348e-05,7.14474208507454e-06
3894,1,1,3.1971820135368034e-05,0.9999655485153198,1.0332684041713946e-06,1.4131376246950822e-06
3895,3,0,0.8805663585662842,0.05948396772146225,0.013212312012910843,0.0467374324798584
3896,1,1,2.8460669909691205e-06,0.9999921321868896,4.876972980127903e-06,1.2466108501030249e-07
3897,0,0,0.9999911785125732,7.823789474059595e-07,1.6237106592598138e-06,6.3696156757941935e-06
3898,1,1,0.0002695633447729051,0.9994631409645081,0.0002657306322362274,1.502678628639842e-06
3899,0,1,0.05138792470097542,0.9484807252883911,6.315899372566491e-05,6.815757660660893e-05
3900,0,1,0.00048563818563707173,0.9994947910308838,1.018824605125701e-05,9.468699317949358e-06
3901,1,1,2.141655919274399e-08,1.0,1.2318349673634543e-09,3.566720876979623e-11
3902,2,2,4.565386916510761e-06,2.8778533305739984e-05,0.9997733235359192,0.00019339955179020762
3903,0,0,0.9999909400939941,1.332714560930981e-07,1.6390957853218424e-06,7.2001744229055475e-06
3904,0,0,0.999891996383667,7.713886702731543e-07,1.6319501810357906e-05,9.086406498681754e-05
3905,1,1,4.405833169585094e-05,0.9998348951339722,7.247267058119178e-05,4.851846460951492e-05
3906,0,0,0.9999985694885254,3.1874443084944915e-09,1.2223165413161041e-06,1.8415451563669194e-07
3907,2,2,0.0008660787716507912,9.285488886234816e-06,0.9986728429794312,0.0004517599008977413
3908,1,1,0.0001920039503602311,0.9998076558113098,3.726467241449427e-07,4.7011617709813436e-08
3909,0,0,0.9169009923934937,0.0006653673481196165,0.002232301514595747,0.08020137250423431
3910,0,0,0.9983892440795898,2.4219232273026137e-06,2.789171048789285e-05,0.0015804496360942721
3911,0,0,0.9639146327972412,1.2661935500091204e-08,0.023702407255768776,0.01238283608108759
3912,0,0,0.9943156838417053,0.00041301921010017395,0.0012889648787677288,0.00398231390863657
3913,3,3,0.007327715866267681,1.733976233708745e-07,0.008106259629130363,0.9845659136772156
3914,0,0,0.9999744892120361,3.657879332763514e-08,1.70818918832083e-06,2.3809030608390458e-05
3915,0,0,0.9999940395355225,3.950767712979086e-09,2.1284813556121662e-06,3.790966957240016e-06
3916,0,3,0.09098239243030548,3.8292060366984515e-07,0.1320302039384842,0.7769870758056641
3917,1,1,0.00012813170906156301,0.9998704195022583,5.390727420007124e-09,1.4253546396503225e-06
3918,0,0,0.9999312162399292,6.693287286907434e-05,1.0254699418510427e-06,8.308239785037586e-07
3919,1,1,9.588787179382052e-06,0.9999897480010986,5.79915877096937e-07,9.329077244046857e-08
3920,0,0,0.9994971752166748,7.683053127038875e-08,0.00045358308125287294,4.911013093078509e-05
3921,1,1,0.0010649418691173196,0.9989340901374817,9.396537166139751e-07,5.844697525958509e-08
3922,3,3,0.0012788743479177356,1.3058162329215861e-09,0.00015956340939737856,0.9985615611076355
3923,1,1,1.4851145351713058e-05,0.9999847412109375,1.9038692400386026e-08,3.355677051786188e-07
3924,1,1,9.581875019648578e-06,0.9999904632568359,1.0273895512113995e-08,6.206037461709002e-09
3925,0,0,0.9999868869781494,1.1567084357011481e-06,8.205269296013284e-06,3.702112962855608e-06
3926,1,1,0.0001268759515369311,0.9996746778488159,0.00015144006465561688,4.70977793156635e-05
3927,1,1,6.25581233180128e-05,0.9999315738677979,1.1118324891867815e-06,4.822492428502301e-06
3928,0,0,0.9999146461486816,3.053472755709663e-05,2.7769776352215558e-05,2.7000693080481142e-05
3929,0,0,0.9981145858764648,5.33185038875672e-06,0.0010391375981271267,0.0008409934234805405
3930,0,0,1.0,3.0183169297259838e-09,1.2006933225450211e-08,2.775401775068076e-08
3931,0,0,0.9999970197677612,1.8068583074182243e-08,5.248032266536029e-07,2.48716605710797e-06
3932,1,1,2.4736908077471753e-09,1.0,6.0574780746947e-09,9.800101008483608e-11
3933,1,1,2.3446705199603457e-06,0.9999970197677612,5.328186603037466e-07,7.829421377891777e-08
3934,2,2,1.7588643459021114e-05,2.321690772078e-06,0.999779999256134,0.00020001022494398057
3935,1,1,4.658098623622209e-05,0.9999250173568726,2.757043512247037e-05,8.189606433006702e-07
3936,1,1,0.00034833280369639397,0.9994804263114929,0.00013743812451139092,3.3819123927969486e-05
3937,1,1,0.018819326534867287,0.980117917060852,0.00043849408393725753,0.0006242417148314416
3938,1,1,1.4645645478594815e-06,0.9999939203262329,2.1938360532658407e-06,2.332742042199243e-06
3939,1,1,5.749045044467493e-07,0.9999948740005493,3.845726041618036e-06,7.510399200327811e-07
3940,2,2,0.003040705807507038,0.004366983659565449,0.9827039837837219,0.00988828670233488
3941,1,1,5.757351262403176e-10,1.0,1.057348542055081e-09,2.3820331124246863e-11
3942,1,1,0.015727749094367027,0.979820966720581,0.003201239975169301,0.001250025350600481
3943,0,0,0.9967017769813538,0.00034121330827474594,0.0013069144915789366,0.0016501201316714287
3944,1,1,1.266784011022537e-07,0.9999994039535522,3.961719414746767e-07,9.251660770814851e-08
3945,3,2,0.0013780239969491959,0.0005114878294989467,0.6053646206855774,0.3927459418773651
3946,1,1,2.4251025024568662e-05,0.9998747110366821,9.945782949216664e-05,1.5062047395986156e-06
3947,1,3,0.009536338970065117,0.19937282800674438,0.044550467282533646,0.7465404272079468
3948,0,0,0.9950774312019348,7.126075615815353e-06,0.00304886931553483,0.0018666358664631844
3949,2,2,0.07758139818906784,0.14199475944042206,0.5756651759147644,0.20475870370864868
3950,3,3,1.0647270755725913e-05,2.0142294943070738e-08,0.004727618303149939,0.9952616691589355
3951,1,1,5.6954804676934145e-06,0.9999537467956543,4.012244244222529e-05,4.707881373633427e-07
3952,1,1,0.006250917445868254,0.9936383366584778,3.8828544347779825e-05,7.18765368219465e-05
3953,3,1,0.0013866956578567624,0.9855620265007019,0.003740965388715267,0.009310317225754261
3954,3,3,3.3114433790615294e-06,7.755095232653275e-09,0.016547976061701775,0.9834486842155457
3955,1,1,4.8455316573381424e-05,0.9999507665634155,4.413217169485506e-08,6.599482276214985e-07
3956,0,0,0.9999769926071167,1.8788470697472803e-05,5.708840831175621e-07,3.6600663406716194e-06
3957,0,0,0.9996739625930786,0.000194025386008434,3.332427013447159e-06,0.0001286741899093613
3958,0,0,0.9999904632568359,6.329633379209554e-06,2.6554973828751827e-06,6.203073326105368e-07
3959,1,1,0.002057574223726988,0.9978220462799072,0.00011903738777618855,1.2496681165430346e-06
3960,0,0,0.9999994039535522,2.1873138716932417e-11,1.0342605882840417e-08,5.433251999420463e-07
3961,1,1,4.683834504248807e-06,0.999987006187439,5.217424359216238e-07,7.798775186529383e-06
3962,1,1,0.022895902395248413,0.9765354990959167,0.0005500309052877128,1.8456576071912423e-05
3963,1,1,1.429501935490407e-06,0.9999969005584717,1.4895488220645348e-06,2.928210278696497e-07
3964,3,3,0.0456148199737072,5.200905434321612e-05,0.13473191857337952,0.81960129737854
3965,1,1,0.0019482546485960484,0.9980473518371582,3.4118095300073037e-06,8.984511055132316e-07
3966,1,1,3.729516720341053e-06,0.9999955892562866,1.061582466377331e-07,6.447441478485416e-07
3967,0,0,0.9993777275085449,1.3724658856517635e-05,0.0004940995131619275,0.00011442436516517773
3968,2,3,1.0909949423876242e-06,7.231950593933334e-09,0.001308778184466064,0.9986901879310608
3969,3,3,2.7825577490148135e-05,1.0975764297427304e-08,0.004209490492939949,0.9957627654075623
3970,2,3,2.204388920290512e-06,2.603737447870458e-09,0.00440030125901103,0.9955975413322449
3971,0,0,0.9994787573814392,1.5569163451800705e-06,0.00018627115059643984,0.0003335422952659428
3972,1,1,0.14018939435482025,0.8354027271270752,0.016983916983008385,0.007423928007483482
3973,1,3,0.00022484715736936778,0.09738659858703613,0.23566851019859314,0.6667200922966003
3974,2,1,0.0060303169302642345,0.610366702079773,0.3575206696987152,0.026082290336489677
3975,2,2,0.0006930426461622119,1.6569825675105676e-05,0.9943907856941223,0.0048996275290846825
3976,2,2,0.0015351035399362445,1.3818401534138047e-08,0.9984225034713745,4.231090861139819e-05
3977,2,2,0.00289935409091413,3.141555680485908e-06,0.9961632490158081,0.0009343275451101363
3978,1,1,3.6493352695288195e-07,0.9999996423721313,3.3728454695847176e-08,1.1259777110694813e-08
3979,0,0,0.9999971389770508,6.230648637028935e-07,8.1829750797624e-07,1.4233222600523732e-06
3980,0,1,0.002136786701157689,0.9973020553588867,0.00015548094233963639,0.00040562060894444585
3981,0,3,0.26129084825515747,6.308695446932688e-06,0.0027283926028758287,0.7359744310379028
3982,1,1,0.0001508240820840001,0.9998332262039185,6.722847047058167e-06,9.159872206510045e-06
3983,3,3,0.014467909000813961,2.117300573445391e-05,0.212707057595253,0.7728038430213928
3984,3,3,0.00026078568771481514,3.2636209652991965e-05,0.000436288071796298,0.9992702603340149
3985,3,3,7.699561683693901e-05,7.5923372833131e-07,0.0006368135218508542,0.9992855191230774
3986,3,3,0.023911843076348305,0.0018537596333771944,0.08954381197690964,0.8846905827522278
3987,3,3,0.010224729776382446,1.7704216588754207e-05,0.043847620487213135,0.9459099173545837
3988,2,2,5.8208413975080475e-05,3.806169843301177e-06,0.9981671571731567,0.0017708600498735905
3989,3,3,1.70974026048043e-08,8.047703128899464e-12,2.1884279703954235e-05,0.9999780654907227
3990,2,2,8.449054439552128e-05,6.852289516245946e-05,0.9992507100105286,0.0005963032017461956
3991,3,3,1.7788732975532184e-06,3.264866432761693e-10,1.9006540242116898e-05,0.9999792575836182
3992,0,2,0.1752924621105194,1.705273643892724e-05,0.7763658165931702,0.048324670642614365
3993,3,3,0.00110142573248595,0.0007874009315855801,0.014985577203333378,0.9831255078315735
3994,3,3,0.00021867328905500472,0.001488399924710393,0.29461780190467834,0.7036751508712769
3995,1,1,2.821886084802827e-07,0.9999992847442627,6.424286169703919e-08,3.5437849987829395e-07
3996,1,1,2.8261270017537754e-06,0.9999889135360718,5.785849225503625e-06,2.4530293103453005e-06
3997,1,1,5.950737431703601e-07,0.999998927116394,9.156105562624361e-08,3.0669886541545566e-07
3998,3,0,0.7424629926681519,1.1792244549724273e-05,0.0002624048211146146,0.25726282596588135
3999,0,0,0.998706579208374,0.0009223295492120087,5.60534572286997e-05,0.0003149823169223964
4000,2,3,1.4721587831445504e-05,2.700995764826075e-07,0.0024744675029069185,0.997510552406311
4001,0,0,0.9999901056289673,3.285387073503898e-09,7.304283371922793e-06,2.570687456682208e-06
4002,2,2,2.0720625570902484e-07,8.175583543490461e-10,0.9999990463256836,6.766827596038638e-07
4003,2,2,0.0002291481359861791,2.064514546873397e-06,0.9994992017745972,0.0002696270530577749
4004,3,3,0.06113074719905853,1.1429816368035972e-05,0.013624672777950764,0.9252331852912903
4005,3,3,3.4737652185867773e-06,2.3597663822982895e-09,0.001025069155730307,0.9989714622497559
4006,2,2,1.548564432596322e-05,3.821812981641415e-07,0.9999805688858032,3.4998840874322923e-06
4007,0,0,0.7244860529899597,0.017212720587849617,0.19885091483592987,0.05945026874542236
4008,2,2,0.002316160360351205,1.1766570651161601e-07,0.9976561069488525,2.75593174592359e-05
4009,3,3,2.0933539417455904e-05,1.6806643543532118e-06,0.0005013404879719019,0.9994761347770691
4010,0,0,0.9988574981689453,3.56237796950154e-05,0.001075554289855063,3.130330878775567e-05
4011,1,1,3.313220418021956e-07,0.9999996423721313,1.0825861096463996e-08,5.296268756893596e-09
4012,3,3,1.530281963368907e-07,2.2358211115847126e-10,1.2832215361413546e-06,0.9999985694885254
4013,2,2,0.009781145490705967,0.03810795769095421,0.8576152920722961,0.09449566155672073
4014,2,2,2.4154209654625447e-07,1.0034989506024772e-09,0.9999878406524658,1.1930615983146708e-05
4015,0,0,0.9999902248382568,2.4130230258379015e-07,7.110629667295143e-07,8.870965757523663e-06
4016,3,3,1.7985861688885052e-08,6.685640929759984e-09,1.2026725926261861e-05,0.9999879598617554
4017,3,3,7.075195026118308e-05,2.482221361788106e-08,3.104989809799008e-05,0.9998981952667236
4018,1,1,0.030203968286514282,0.9683228731155396,0.0007938144844956696,0.0006793806096538901
4019,1,1,2.68189455709944e-06,0.9991154074668884,0.0008776980102993548,4.127736701775575e-06
4020,2,2,3.1318410037783906e-05,3.793678615693352e-07,0.8675756454467773,0.13239267468452454
4021,3,3,1.363329289461035e-07,3.5560057676242707e-10,0.0010783084435388446,0.9989216327667236
4022,2,2,0.018930336460471153,0.0002464095887262374,0.9017042517662048,0.079119011759758
4023,3,3,4.697074837167747e-05,8.504350290650109e-08,0.0003144870570395142,0.9996384382247925
4024,2,2,1.0119101716554724e-05,1.442092951720042e-07,0.9999843835830688,5.344493274606066e-06
4025,2,2,2.2413819351640996e-06,3.897265288266283e-10,0.9999972581863403,4.245717377671099e-07
4026,2,2,5.662661806127289e-07,9.055403094038184e-10,0.999997615814209,1.7740031807988998e-06
4027,0,1,0.0033059404231607914,0.9960095882415771,0.0006234351312741637,6.098810990806669e-05
4028,0,0,0.9952474236488342,8.055642553017606e-08,0.004750965163111687,1.5856344361964148e-06
4029,0,1,0.12551678717136383,0.8744675517082214,2.8821959858760238e-06,1.2835285815526731e-05
4030,3,2,7.999893568921834e-05,4.030851528113999e-07,0.7068479061126709,0.2930716872215271
4031,1,1,0.0021985135972499847,0.997714638710022,7.737708074273542e-05,9.49192326515913e-06
4032,0,0,0.9993467926979065,1.1542451439083834e-08,1.563806290505454e-05,0.0006376387318596244
4033,2,2,4.772763077198761e-06,1.0604894669086207e-05,0.9993767142295837,0.0006078935111872852
4034,1,1,1.7797756868276338e-07,0.9999995231628418,2.964269185667945e-07,1.7309311317603715e-08
4035,2,2,0.010399529710412025,2.069035508611705e-05,0.9207346439361572,0.06884507089853287
4036,2,3,0.011840123683214188,9.784613212104887e-06,0.25452715158462524,0.7336229085922241
4037,1,1,5.659617090714164e-05,0.9999383687973022,1.1836017392852227e-06,3.849754193652188e-06
4038,0,0,0.9993378520011902,0.00025437440490350127,9.212162126459589e-07,0.00040685193380340934
4039,0,0,0.9999949932098389,1.519311581432703e-06,2.6661173269104665e-09,3.522268343658652e-06
4040,1,1,3.999825359812803e-09,1.0,4.686940169307263e-09,7.599456619544753e-10
4041,1,1,0.0003372621722519398,0.9996514320373535,9.821031198953278e-06,1.4834398598395637e-06
4042,1,1,2.3534417437076627e-07,0.9999997615814209,7.1180947421034535e-12,3.171433959892056e-08
4043,1,1,3.311795282456842e-08,1.0,2.879174763187331e-13,4.513909645370573e-12
4044,0,0,0.9999443292617798,1.1009549893969961e-07,7.735334293101914e-06,4.782513133250177e-05
4045,2,3,0.012287771329283714,0.00010036515595857054,0.1146807000041008,0.8729312419891357
4046,1,1,0.010935463011264801,0.9871052503585815,0.001224931562319398,0.0007344310288317502
4047,3,3,0.021906377747654915,0.0007385078351944685,0.00029842069488950074,0.9770566821098328
4048,3,3,0.11247684806585312,1.2250030522409361e-05,0.0013265693560242653,0.8861842751502991
4049,2,2,8.679569873493165e-06,8.412165897198065e-08,0.9400875568389893,0.05990374833345413
4050,1,1,0.0008941958076320589,0.9952390193939209,0.0016526193358004093,0.002214268548414111
4051,3,3,1.959516703209374e-05,4.5844163309993746e-07,0.00014070990437176079,0.999839186668396
4052,2,2,0.0002472415508236736,7.106808425305644e-06,0.9948904514312744,0.0048551843501627445
4053,0,0,0.999259889125824,1.120507135965454e-06,0.00011923393321922049,0.0006197215407155454
4054,1,1,0.0023656641133129597,0.9975751042366028,1.1445976269897074e-05,4.7770823584869504e-05
4055,2,2,0.02393079362809658,0.0003529003297444433,0.9712858200073242,0.004430485889315605
4056,2,2,0.0058882636949419975,4.540181635093177e-06,0.9913554787635803,0.0027516870759427547
4057,3,3,0.006035960745066404,5.379933645599522e-05,0.03494842350482941,0.9589617252349854
4058,3,2,0.2120351344347,7.138199180189986e-06,0.7585415840148926,0.029416091740131378
4059,2,2,0.0026293445844203234,0.004074704833328724,0.8958619832992554,0.09743405878543854
4060,2,2,5.2508996304823086e-05,3.3640494621067774e-06,0.9979912042617798,0.001952996477484703
4061,1,1,4.026702299597673e-06,0.9997833371162415,1.156461348728044e-05,0.0002010847965721041
4062,0,0,0.9991457462310791,2.979181999762659e-06,0.0008205493213608861,3.073260450037196e-05
4063,2,2,0.00025182715035043657,7.746188202872872e-05,0.9991414546966553,0.0005292842397466302
4064,1,1,0.0013301492435857654,0.9962121248245239,0.0024377861991524696,1.9914890799554996e-05
4065,2,0,0.9885333776473999,4.5513810619013384e-05,0.01051853783428669,0.0009026455809362233
4066,1,1,4.600357715389691e-05,0.9999524354934692,6.735833153470594e-07,8.703583489477751e-07
4067,0,0,0.9998762607574463,4.337319481351187e-08,5.0024020310956985e-05,7.361242751358077e-05
4068,0,0,1.0,2.4117847274851556e-08,6.978420952208353e-09,1.2662996873302745e-08
4069,3,3,1.2288621746847639e-06,2.8052102307718485e-10,0.010814787819981575,0.9891840219497681
4070,3,3,6.97064194810082e-07,2.3038368435202017e-10,8.749659900786355e-05,0.9999117851257324
4071,1,1,0.008323398418724537,0.9896509647369385,0.001970751443877816,5.481385232997127e-05
4072,3,3,4.351935422164388e-05,4.407731779565438e-08,0.009440230205655098,0.9905162453651428
4073,3,3,1.3017219657740497e-07,1.4700479722407067e-10,0.028137503191828728,0.9718623757362366
4074,2,2,0.001988134114071727,0.00019349298963788897,0.9951327443122864,0.0026856581680476665
4075,3,3,1.6977592665057273e-08,3.215269023248979e-11,3.698896398418583e-05,0.9999630451202393
4076,0,0,0.9999979734420776,3.332078016282658e-11,2.0232195652170049e-07,1.8362734408583492e-06
4077,0,0,0.9999988079071045,1.3277747790141348e-09,1.0830468681888306e-06,9.278728185790897e-08
4078,2,2,6.240330549189821e-05,2.0476343252084916e-06,0.9992697834968567,0.0006657761987298727
4079,2,2,0.0009908974170684814,3.1562285585096106e-06,0.9585738182067871,0.04043219983577728
4080,0,0,0.9999531507492065,8.076121105204948e-08,1.68613696587272e-05,2.9975939469295554e-05
4081,3,3,0.0055275182239711285,0.0015724898548796773,0.023608768358826637,0.9692912697792053
4082,3,3,9.287544067149156e-09,2.9724026262556436e-06,0.0019263053545728326,0.9980707764625549
4083,3,3,7.410796598605884e-08,4.714107992853656e-10,9.811089694267139e-05,0.9999017715454102
4084,3,3,1.1229449228267185e-05,8.911735238648077e-10,0.0003302368859294802,0.9996585845947266
4085,3,3,0.00018185860244557261,9.401136048836634e-05,0.0008224310004152358,0.9989017248153687
4086,3,3,0.0012050764635205269,8.621203733127913e-07,0.000768139841966331,0.9980260133743286
4087,0,0,0.9999970197677612,3.098865022366226e-07,9.644300007494166e-07,1.728597680994426e-06
4088,0,1,0.014486171305179596,0.6225920915603638,0.35741373896598816,0.005507988389581442
4089,2,2,0.14264138042926788,0.016816968098282814,0.6584794521331787,0.18206225335597992
4090,3,3,3.1712221243651584e-05,3.2118856552187935e-07,0.05994800105690956,0.9400199055671692
4091,1,1,3.434508835198358e-05,0.9999649524688721,5.80590949539328e-07,1.3269311693875352e-07
4092,1,1,1.758536927809473e-05,0.9999781847000122,2.9211842047516257e-06,1.2583665238707908e-06
4093,2,2,8.734136827115435e-06,9.824476364883594e-06,0.9996607303619385,0.00032071766327135265
4094,1,1,0.0003582407080102712,0.9991104006767273,3.34426476911176e-05,0.0004979074001312256
4095,0,0,0.9999868869781494,6.503907570731826e-06,8.542978093828424e-07,5.769148174294969e-06
4096,2,2,1.3892966990169953e-06,4.222571078571491e-06,0.9999833106994629,1.1064619684475474e-05
4097,3,2,0.0002448252635076642,2.4627290713397088e-06,0.999745786190033,7.002053280302789e-06
4098,2,2,6.780190346944437e-07,3.7279915265919783e-10,0.9999986886978149,6.159038434816466e-07
4099,1,1,1.2817252354579978e-05,0.9999767541885376,7.051824724157996e-08,1.0312583071936388e-05
4100,3,3,0.0003103706403635442,5.708284689376342e-08,0.004330570809543133,0.9953590035438538
4101,2,2,0.014082741923630238,1.7807200265451684e-06,0.9659097194671631,0.02000577747821808
4102,0,3,0.3265799582004547,1.123359652410727e-05,0.09945661574602127,0.5739521980285645
4103,3,3,0.0005132790538482368,5.592749516836193e-07,6.11113355262205e-05,0.9994250535964966
4104,0,0,1.0,2.911077068290524e-08,8.052130517910427e-09,6.209696312708957e-09
4105,3,3,1.2902551027593745e-08,1.959026496578531e-09,8.638769941171631e-05,0.9999135732650757
4106,0,0,0.9900643229484558,3.670809019240551e-05,0.0024004888255149126,0.007498415652662516
4107,3,3,5.5157659772930856e-08,1.7279881969756161e-09,0.00029779630131088197,0.9997021555900574
4108,0,0,0.9991931319236755,2.1188104710745392e-06,2.916624362114817e-05,0.0007755970000289381
4109,2,2,2.07507582672406e-05,5.275355215417221e-05,0.9998729228973389,5.36041334271431e-05
4110,2,2,3.7673125916626304e-05,1.211982123550115e-07,0.9999361038208008,2.6140845875488594e-05
4111,3,3,6.085437576075492e-07,2.3353337041953637e-09,0.004703583661466837,0.9952958226203918
4112,1,1,1.1144206837343518e-06,0.9999641180038452,8.06201933301054e-06,2.67459199676523e-05
4113,1,1,0.015137671492993832,0.9789767265319824,0.003545375308021903,0.0023402010556310415
4114,3,3,0.2635345458984375,4.667534994950984e-06,3.842522801278392e-06,0.7364569902420044
4115,3,3,2.2680007205622132e-08,1.9502640821733586e-11,5.913993845751975e-06,0.9999940395355225
4116,2,2,6.398673576768488e-05,1.9337740297942219e-07,0.9999274015426636,8.406178494624328e-06
4117,0,3,0.4756404757499695,4.956998509442201e-06,6.448924523283495e-06,0.5243481397628784
4118,0,0,0.9999178647994995,1.730085386952851e-06,4.3707757868105546e-05,3.659900539787486e-05
4119,2,2,0.00018584659846965224,8.676119250594638e-06,0.9360287189483643,0.0637766644358635
4120,3,3,0.01029654685407877,0.050968240946531296,0.0007024622173048556,0.9380326867103577
4121,3,3,0.0014934398932382464,0.00010968872084049508,0.014222785830497742,0.9841741323471069
4122,3,3,2.8969793675059918e-08,5.193430130390198e-10,3.239851480429934e-07,0.9999996423721313
4123,2,2,6.658718484686688e-05,2.1338431906769983e-05,0.9990260601043701,0.0008860022062435746
4124,1,1,0.0029169777408242226,0.9964967370033264,2.212373510701582e-05,0.0005641589523293078
4125,1,1,9.608674389482985e-08,0.9999998807907104,3.138833637450489e-09,4.874731729387349e-10
4126,1,1,1.563405938043161e-08,1.0,2.9626880948541157e-09,5.382715428936535e-08
4127,0,0,0.9999562501907349,1.2398236322042067e-05,3.0455348678515293e-05,9.106813649850665e-07
4128,2,2,0.0003345230361446738,1.007726496027317e-06,0.9991162419319153,0.0005481661064550281
4129,1,1,7.793805707478896e-05,0.9997677206993103,7.290040230145678e-05,8.139572310028598e-05
4130,2,2,0.003953696694225073,1.5191138118098024e-05,0.9939517378807068,0.002079384634271264
4131,3,3,0.009392962791025639,0.0015779676614329219,0.01860211044549942,0.9704270362854004
4132,2,2,0.002939556958153844,1.9020737454411574e-05,0.9925576448440552,0.004483766388148069
4133,2,2,0.00010398235463071615,2.6768900429630094e-09,0.9993280172348022,0.0005680301692336798
4134,0,0,0.9999936819076538,5.601930297416402e-08,3.3609304228576775e-09,6.3045254137250595e-06
4135,1,1,0.0041625164449214935,0.9957560896873474,5.9040550695499405e-05,2.2323200028040446e-05
4136,2,2,0.003139246953651309,1.400582641508663e-05,0.7412580847740173,0.2555886507034302
4137,0,1,0.05252527818083763,0.9460015296936035,0.0014206805499270558,5.2578547183657065e-05
4138,2,3,0.00018828609609045088,0.00011129611084470525,0.03968202322721481,0.9600183963775635
4139,0,0,0.9929171800613403,0.0003887566563207656,0.006292079575359821,0.000401984725613147
4140,3,3,6.4846567511267494e-06,8.397725537179213e-08,0.0012028729543089867,0.9987905621528625
4141,1,1,4.646963418508676e-07,0.9999979734420776,4.475863590869267e-07,1.0710704145822092e-06
4142,1,1,0.0014081350527703762,0.9980085492134094,8.554526721127331e-05,0.0004977362114004791
4143,0,0,0.9054848551750183,2.2386300770449452e-05,0.013069194741547108,0.0814235657453537
4144,1,1,4.300113505451009e-05,0.991223931312561,1.801932739908807e-05,0.00871515367180109
4145,3,3,0.0017524436116218567,1.8981084792812908e-07,0.42739418148994446,0.5708532333374023
4146,0,0,0.9998181462287903,1.107393836718984e-05,5.191032414586516e-06,0.00016559180221520364
4147,0,0,0.9999688863754272,6.707898592139827e-07,7.1654567364021204e-06,2.3264643459697254e-05
4148,3,2,0.0002404975675744936,3.569587292417964e-08,0.5207227468490601,0.47903677821159363
4149,2,2,0.12059231847524643,0.0011478157248347998,0.7784399390220642,0.09981999546289444
4150,3,3,0.001967223361134529,5.976828470011242e-05,0.013404889963567257,0.9845681190490723
4151,2,2,0.00017785636009648442,0.0006135360454209149,0.9990559220314026,0.0001527330605313182
4152,3,3,2.629783375596162e-05,5.2070547873483974e-09,0.0005930314073339105,0.9993805885314941
4153,3,3,3.3771390008041635e-05,3.186456609682864e-08,0.016452355310320854,0.9835138320922852
4154,0,0,0.9999581575393677,8.914334443943517e-07,1.6783092178229708e-06,3.924693010048941e-05
4155,0,0,0.9999841451644897,9.096248021478459e-08,8.0662566688261e-06,7.680217095185071e-06
4156,0,0,0.9997950196266174,7.869138789828867e-05,3.653205567388795e-05,8.975566743174568e-05
4157,2,2,0.0005962608265690506,0.0002074062213068828,0.9989523887634277,0.00024397557717747986
4158,2,2,4.7061237751222507e-07,4.942680709163483e-10,0.9999990463256836,4.6292399247249705e-07
4159,3,3,3.665799681584758e-07,1.6251181023108074e-07,7.509921124437824e-05,0.9999244213104248
4160,2,2,3.475256380625069e-05,6.954225284516724e-08,0.9999175071716309,4.75892229587771e-05
4161,2,2,2.5583370089066193e-08,3.224186784223093e-08,0.9996414184570312,0.00035853657755069435
4162,0,0,0.9605018496513367,0.03830284997820854,0.00026412602164782584,0.0009311815374530852
4163,3,2,0.05035592243075371,7.716337568908216e-10,0.5207563042640686,0.42888781428337097
4164,2,2,1.5045760846987832e-05,3.4399612047764094e-09,0.9645955562591553,0.03538942337036133
4165,2,0,0.5914024710655212,0.00027279253117740154,0.3929554224014282,0.01536930724978447
4166,2,2,0.000570892880205065,3.1280485472962027e-06,0.9992859959602356,0.00014003795513417572
4167,1,1,3.9464478618356225e-07,0.9999995231628418,5.995157437155285e-08,1.5167925804249194e-09
4168,2,2,0.08160573989152908,0.0023341390769928694,0.9051912426948547,0.010868941433727741
4169,0,0,0.9908954501152039,0.0002472790365573019,0.007945755496621132,0.0009115546708926558
4170,1,1,2.330999450350646e-05,0.9999737739562988,6.286688147838504e-08,2.8436245429475093e-06
4171,0,0,0.9770698547363281,0.02088134177029133,0.0015249626012519002,0.0005237561417743564
4172,2,2,1.456042446079664e-05,9.56650183070451e-07,0.9999254941940308,5.898941162740812e-05
4173,3,3,0.002336185658350587,0.008548537269234657,0.00033347043790854514,0.988781750202179
4174,3,3,0.1924205869436264,0.013757769018411636,0.05988071486353874,0.7339408993721008
4175,1,1,1.148225328506669e-05,0.9998114705085754,2.0562774807331152e-05,0.00015653279842808843
4176,0,0,0.9983886480331421,0.0014580325223505497,7.814120181137696e-05,7.511727744713426e-05
4177,3,3,2.2434201127907727e-06,7.752270492211721e-10,0.00021690558060072362,0.9997808337211609
4178,0,0,0.9810925126075745,2.065062787437455e-08,0.004234745632857084,0.014672706834971905
4179,1,1,0.00015405633894260973,0.999785840511322,2.9188331609475426e-05,3.1045226933201775e-05
4180,1,1,3.3454219305895094e-07,0.9999967813491821,9.134369349794724e-08,2.769594857454649e-06
4181,2,2,5.047682407166576e-06,1.451907792215934e-06,0.9999833106994629,1.0261069292027969e-05
4182,0,0,0.8824397325515747,4.624885696102865e-05,0.0242855716496706,0.09322847425937653
4183,0,0,0.999980092048645,9.620147523037303e-08,3.289641654191655e-06,1.6518823031219654e-05
4184,3,3,0.002616215031594038,9.294329174736049e-06,0.0009479786385782063,0.996426522731781
4185,2,2,0.0029577850364148617,3.2138891015165427e-07,0.9962259531021118,0.0008158980635926127
4186,3,3,0.035216543823480606,6.809394108131528e-06,0.004225568380206823,0.9605510830879211
4187,3,3,0.00900986511260271,0.00020716089056804776,0.009203266352415085,0.9815797209739685
4188,0,0,0.9923074245452881,0.007556109689176083,0.00010287717304890975,3.356258093845099e-05
4189,2,2,0.0002624936169013381,8.908577910915483e-06,0.9994511008262634,0.0002775527536869049
4190,1,1,0.10644251853227615,0.893402099609375,0.00011571739742066711,3.9606155041838065e-05
4191,2,2,3.645780452643521e-05,3.251912130508572e-05,0.9994162321090698,0.0005148095078766346
4192,1,1,7.421961072395789e-07,0.9999970197677612,1.625914251235372e-06,5.635060347231047e-07
4193,1,1,6.538238085340708e-05,0.999934196472168,2.0788100130175735e-07,2.554230889018072e-07
4194,3,3,2.511732645871234e-06,7.057534556764722e-10,0.06829562038183212,0.9317018985748291
4195,3,3,2.2135664323741366e-07,7.151254255433059e-09,0.0001280063297599554,0.9998717308044434
4196,1,1,3.618945993366651e-05,0.9999438524246216,1.9467754100332968e-05,5.285220936457335e-07
4197,0,0,0.99895179271698,1.2500782759161666e-05,0.00034066441003233194,0.0006949849193915725
4198,2,2,3.872100205626339e-05,2.796394437609706e-05,0.99985671043396,7.65289441915229e-05
4199,1,1,4.577989329845877e-06,0.9998509883880615,0.00012386927846819162,2.0477773432503454e-05
4200,3,0,0.6432197093963623,0.0005968832410871983,0.0002800333022605628,0.35590335726737976
4201,3,3,6.106607997935498e-06,6.709511808367097e-07,0.032364509999752045,0.9676286578178406
4202,1,1,5.943857628309956e-10,0.9999995231628418,5.096748623145686e-07,5.262868540967247e-08
4203,3,3,0.03330737724900246,6.030221584296669e-07,0.00029601904680021107,0.9663959741592407
4204,1,1,9.017180673254188e-06,0.9998739957809448,5.147965202922933e-05,6.538425077451393e-05
4205,2,2,7.1395020313502755e-06,5.920950115978485e-06,0.9997065663337708,0.00028030457906425
4206,1,1,0.0005061690462753177,0.998170018196106,0.000567680923268199,0.0007560938247479498
4207,1,1,1.0336359082430135e-05,0.9999887943267822,8.675102094457543e-07,3.1002272748992254e-08
4208,0,0,0.9999421834945679,1.108200535782089e-06,5.904248155275127e-06,5.072081694379449e-05
4209,0,0,1.0,6.974278932148081e-10,1.9727391942225836e-10,4.93860987660355e-08
4210,2,2,0.00012109083763789386,1.3665040796695394e-06,0.9950749278068542,0.0048026409931480885
4211,0,0,0.8992064595222473,0.017166057601571083,0.00012717634672299027,0.08350040018558502
4212,0,0,0.9974274039268494,4.908724804408848e-07,0.0024929132778197527,7.914717571111396e-05
4213,1,1,5.071458275551777e-08,1.0,3.238278256656457e-10,2.3123197800956063e-11
4214,2,2,0.0011910543544217944,3.231414666515775e-05,0.9813940525054932,0.01738257333636284
4215,1,1,2.7681305709847948e-06,0.9999972581863403,9.512408222223101e-11,1.0774973802085697e-08
4216,2,2,4.60375304101035e-06,2.0227479069490073e-07,0.9988413453102112,0.00115383870434016
4217,0,0,0.9999959468841553,2.0919242160744034e-06,9.115221928368555e-07,1.0250053037452744e-06
4218,3,3,0.004672606475651264,0.0011610724031925201,0.007905862294137478,0.9862604737281799
4219,2,2,0.00022681712289340794,9.587432577973232e-05,0.993381142616272,0.00629617553204298
4220,1,1,1.570278413964843e-07,0.9999997615814209,9.664476152693169e-08,2.319513026094455e-09
4221,2,2,0.0014707556692883372,9.89500040304847e-06,0.9731588363647461,0.02536049671471119
4222,3,2,0.00012065057671861723,0.00013532857701648027,0.7699584364891052,0.22978557646274567
4223,2,2,4.4019348024448846e-06,8.768547132831372e-08,0.999954342842102,4.110842928639613e-05
4224,1,1,2.490473161742557e-05,0.9999738931655884,9.231414423993556e-07,2.6805471975421824e-07
4225,3,3,0.0022410943638533354,1.8553444533608854e-05,0.030667202547192574,0.9670731425285339
4226,3,3,0.0016678138636052608,0.00048472615890204906,0.000987175852060318,0.9968602657318115
4227,0,0,0.9774157404899597,0.003696323838084936,4.9665004553389736e-06,0.01888292282819748
4228,2,2,0.011006379500031471,0.018251599743962288,0.9585416316986084,0.012200402095913887
4229,0,0,0.9999998807907104,1.303798313756488e-07,3.074478172049311e-10,6.85223267016255e-10
4230,3,2,0.0017006846610456705,1.4371287761605345e-05,0.6629227995872498,0.33536216616630554
4231,3,3,1.717684972390998e-05,3.40191902425957e-10,3.366606688359752e-05,0.9999490976333618
4232,3,3,4.881226413999684e-05,6.428896085708402e-06,0.00733555993065238,0.9926092028617859
4233,2,2,0.00017371606372762471,0.00011369815183570608,0.999680757522583,3.182817454217002e-05
4234,0,0,0.9928293824195862,0.004579639062285423,0.002547726733610034,4.3236963392701e-05
4235,2,2,1.374537077936111e-05,7.458350381739365e-09,0.9999680519104004,1.8264425307279453e-05
4236,2,2,0.0007052670116536319,0.0004971810267306864,0.9985529780387878,0.0002445924037601799
4237,1,1,2.2742300643585622e-05,0.999976396560669,2.4937898501775635e-07,6.047390570529387e-07
4238,1,1,1.1523360626597423e-05,0.9999538660049438,2.9448590794345364e-05,5.067748588771792e-06
4239,1,1,7.0465184762724675e-06,0.9999924898147583,4.835941354031092e-07,8.41474179225088e-09
4240,1,1,2.030938475172661e-07,0.9999997615814209,9.240843090729811e-10,5.729655638830877e-10
4241,2,2,0.003488532966002822,0.06659634411334991,0.691201388835907,0.23871375620365143
4242,2,2,0.0001838307362049818,3.9020258554955944e-05,0.9406777024269104,0.059099484235048294
4243,0,0,0.9988710284233093,3.0764072107558604e-06,0.0010542304953560233,7.153663318604231e-05
4244,3,3,1.3007439747525495e-06,1.1191687576683762e-09,0.000540174834895879,0.9994584918022156
4245,3,3,0.00018160484614782035,6.0725378716597334e-05,0.0014694688143208623,0.9982882142066956
4246,0,0,0.999911904335022,5.143397174833808e-08,2.045269138761796e-05,6.757281516911462e-05
4247,0,0,0.9955368041992188,1.7773551519439934e-07,0.000406853505410254,0.004056163597851992
4248,3,3,1.336817518904354e-07,6.36653924024344e-11,1.245087605639128e-05,0.9999873638153076
4249,2,2,0.00018931504746433347,5.353263077267911e-06,0.9994829893112183,0.0003222959639970213
4250,0,0,0.9994064569473267,7.909396117611323e-06,4.5561466777144233e-07,0.0005851472960785031
4251,0,0,0.9999885559082031,2.0258252020344258e-10,1.114858878281666e-05,2.749349050645833e-07
4252,3,3,4.01504548790399e-05,2.5585782736925466e-07,3.5516557545633987e-05,0.9999240636825562
4253,2,2,0.0004327833012212068,4.304647518438287e-06,0.9995077848434448,5.5183736549224705e-05
4254,2,2,0.00026187169714830816,0.0026232097297906876,0.9908146262168884,0.006300289183855057
4255,2,2,6.788997808371278e-08,1.9324605204928957e-07,0.9999822378158569,1.7407370251021348e-05
4256,2,2,4.593631786065089e-07,2.5507362888532725e-10,0.9999991655349731,4.000989406449662e-07
4257,3,3,0.0004297448613215238,2.930482423835201e-06,0.01026665885001421,0.9893006682395935
4258,3,3,0.4564478099346161,0.00022312457440420985,0.005339520983397961,0.5379895567893982
4259,3,3,1.1016968670674032e-08,1.960715661011858e-12,1.659326153458096e-05,0.9999834299087524
4260,1,1,0.0004305728944018483,0.9804393649101257,0.005251495633274317,0.013878480531275272
4261,0,0,0.9981712102890015,0.0006820581620559096,0.0002989147906191647,0.0008477846276946366
4262,0,0,0.9999997615814209,5.167745698031467e-08,1.4258223757224187e-07,8.388206396148234e-08
4263,2,2,1.53489825294173e-08,1.3269939617630011e-12,0.9999651908874512,3.481851672404446e-05
4264,3,3,1.718779640214052e-05,3.0804545758655877e-07,0.08471637219190598,0.9152660965919495
4265,1,1,4.4467942217352174e-08,1.0,6.197931057272399e-10,1.1814009492905342e-10
4266,3,3,5.630583927995758e-07,8.303772669471243e-10,4.60677983937785e-06,0.9999948740005493
4267,3,3,0.00010177841613767669,9.134449646808207e-05,0.0003615064197219908,0.999445378780365
4268,3,3,7.293080557246867e-07,2.848411263800532e-11,0.021429292857646942,0.9785699844360352
4269,2,2,8.267267548944801e-05,3.834355993603822e-06,0.9839481711387634,0.015965299680829048
4270,3,3,0.00016192444309126586,2.403323924227152e-05,0.05923258513212204,0.9405815005302429
4271,1,1,0.009321694262325764,0.9870826005935669,0.003396246349439025,0.00019942561630159616
4272,3,3,0.00043560887570492923,3.248230495955795e-05,0.003604467026889324,0.9959273934364319
4273,1,3,0.14694944024085999,0.04672461375594139,0.34249812364578247,0.46382781863212585
4274,1,1,0.0001850913104135543,0.9997687935829163,7.538402769569075e-06,3.860875222017057e-05
4275,2,0,0.8936240673065186,0.06936553120613098,0.010822177864611149,0.026188235729932785
4276,1,1,0.008492221124470234,0.9910552501678467,0.00028173575992695987,0.0001707543124211952
4277,3,3,0.0026391781866550446,1.7274041965720244e-05,0.0008811030420474708,0.9964625239372253
4278,3,3,5.691466139978729e-05,5.080466962681385e-07,0.03293393924832344,0.9670087099075317
4279,1,1,4.135684150696761e-07,0.9999995231628418,1.4647303814285806e-08,9.084246244128735e-09
4280,1,1,0.0004200564289931208,0.9984159469604492,0.0008111913339234889,0.00035271712113171816
4281,1,1,2.226876404165523e-06,0.9999971389770508,2.9622106012539007e-07,3.9670638329880603e-07
4282,0,0,0.9999990463256836,7.252459681694745e-07,2.9438797355396673e-07,4.338836845363403e-08
4283,1,1,5.442229422669698e-08,1.0,8.953597308014594e-10,1.0983576270717776e-09
4284,2,2,9.897587460727664e-07,2.955122813119715e-09,0.8896619081497192,0.11033710837364197
4285,3,3,0.001917986199259758,3.685235060402192e-05,0.0037183649837970734,0.9943267703056335
4286,0,0,0.987557053565979,0.0013395141577348113,0.009550248272716999,0.0015530873788520694
4287,2,2,0.006452085450291634,5.8310499298386276e-05,0.9923644065856934,0.0011252454714849591
4288,2,2,3.5112514069624012e-06,2.0260057453924674e-07,0.9968557357788086,0.0031404870096594095
4289,2,2,5.642790347337723e-05,1.789532689144835e-05,0.9760278463363647,0.023897791281342506
4290,0,0,0.9881405830383301,5.372526629798813e-06,0.0014232955873012543,0.010430729947984219
4291,0,0,0.9655720591545105,0.00010983966785715893,0.032489996403455734,0.0018280791118741035
4292,2,2,3.351203486090526e-05,5.112099756843236e-07,0.9786179065704346,0.021348057314753532
4293,2,2,0.05924878269433975,0.017784420400857925,0.8752543330192566,0.04771246388554573
4294,3,3,0.002817135537043214,3.9713580918032676e-05,0.0006955707794986665,0.9964475631713867
4295,0,0,0.9878957271575928,0.00040193842141889036,0.009141161106526852,0.0025612395256757736
4296,1,1,3.035857662325725e-05,0.9999656677246094,7.58423482238868e-07,3.214524895156501e-06
4297,2,2,6.198350456543267e-05,0.00014604939497075975,0.9960920214653015,0.0036998947616666555
4298,1,1,2.7298580107526504e-07,0.9999997615814209,2.055869252615139e-08,4.1746435641698554e-08
4299,0,0,0.5488625764846802,0.015328752808272839,0.411793977022171,0.024014689028263092
4300,1,2,0.15377743542194366,0.33158203959465027,0.5131128430366516,0.001527741551399231
4301,1,1,0.0008639812585897744,0.9989356398582458,0.000138887669891119,6.141481571830809e-05
4302,0,1,0.010522637516260147,0.9887442588806152,0.00024191138800233603,0.000491154205519706
4303,0,0,0.9994469285011292,3.7338584661483765e-05,0.00029413329320959747,0.00022158476349432021
4304,2,2,0.001356137334369123,3.088632729486562e-05,0.9980733394622803,0.0005396068445406854
4305,3,3,9.86075792752672e-06,0.0011891329195350409,0.0011163473827764392,0.9976847171783447
4306,3,3,9.884617568900467e-09,2.5142235515751565e-11,0.0005651441751979291,0.999434769153595
4307,0,0,0.9999948740005493,5.3886036258110614e-12,7.779024646659138e-10,5.079728907730896e-06
4308,2,2,1.972709497977121e-07,1.2694827133952202e-10,0.9999977350234985,2.0718632640637225e-06
4309,2,2,5.986462565488182e-05,5.897299502066744e-07,0.9986068606376648,0.0013326476328074932
4310,2,2,0.05519288778305054,0.042049869894981384,0.8968839645385742,0.005873231217265129
4311,2,2,5.741106178902555e-06,1.192082095258229e-07,0.999373733997345,0.0006204793462529778
4312,3,3,0.005495475139468908,2.2586982595385052e-05,0.12025240063667297,0.8742294907569885
4313,0,0,0.9972735047340393,3.2314401323674247e-06,0.0018981816247105598,0.0008250362589024007
4314,1,1,1.548023101349827e-05,0.9998341798782349,6.39738209429197e-05,8.630516822449863e-05
4315,0,0,0.9999982118606567,4.0481304419692776e-10,7.084886277652913e-08,1.6660206938468036e-06
4316,3,3,1.8858573866964434e-06,4.727061764242535e-08,0.019147740676999092,0.980850338935852
4317,2,2,0.00010657095117494464,0.00014728937821928412,0.9992557168006897,0.0004904065863229334
4318,3,3,8.496277587255463e-06,1.545741490360797e-08,0.00020608975319191813,0.9997854828834534
4319,3,2,0.11570541560649872,0.0001959485380211845,0.7537016868591309,0.13039693236351013
4320,3,3,0.00011005745909642428,0.00024223000218626112,0.004985711071640253,0.9946619868278503
4321,1,1,0.0016281134448945522,0.9967209696769714,0.00045865256106480956,0.0011922692647203803
4322,3,3,3.50699556292966e-05,1.234877231581777e-07,8.357092883670703e-05,0.9998812675476074
4323,3,3,9.016122203320265e-05,4.31351872975938e-06,0.3002851903438568,0.6996203064918518
4324,3,3,0.011536040343344212,0.0006497177528217435,0.007735132705420256,0.9800791144371033
4325,0,0,0.6257429718971252,0.012548040598630905,0.2774706184864044,0.08423838019371033
4326,2,2,0.0011624969774857163,3.322504937841586e-08,0.8575289249420166,0.14130854606628418
4327,2,2,0.023153968155384064,2.202906898673973e-06,0.9640388488769531,0.012804976664483547
4328,1,1,2.810687419696478e-06,0.9999657869338989,3.0927454645279795e-05,5.311856057232944e-07
4329,1,1,1.2198055401313468e-06,0.9999983310699463,4.330357512571936e-07,7.447175764951908e-09
4330,1,1,0.0001970450539374724,0.9997994303703308,1.309706920693543e-08,3.572822379283025e-06
4331,0,0,0.6935458183288574,0.2252926081418991,4.6481756726279855e-05,0.08111511915922165
4332,3,3,0.03947923332452774,0.0002881158725358546,0.05715123564004898,0.903081476688385
4333,1,1,0.00011017097131116316,0.999886155128479,3.6196051951264963e-06,1.2097997270643646e-08
4334,0,0,0.9999939203262329,1.355173750994254e-08,9.407573315911577e-07,5.100529506307794e-06
4335,2,2,3.3244573387491982e-06,4.035805467594855e-09,0.9999964237213135,2.825200908773695e-07
4336,0,0,0.9999504089355469,1.3068447515252046e-05,1.1187275958945975e-06,3.545555955497548e-05
4337,2,2,0.00017384064267389476,8.588071978010703e-06,0.9982581734657288,0.00155934551730752
4338,0,0,0.9992265701293945,2.8465134164434858e-05,0.0006760275573469698,6.898492574691772e-05
4339,0,0,0.9988025426864624,4.535114567261189e-05,5.217938814894296e-05,0.0010999764781445265
4340,2,2,0.02326115034520626,1.8657340206118533e-06,0.9753888249397278,0.0013482538051903248
4341,1,1,9.094200504478067e-05,0.9998462200164795,3.419297354412265e-05,2.863940790120978e-05
4342,3,3,0.000744852120988071,8.79024241839943e-07,0.006172111723572016,0.9930821657180786
4343,1,1,0.00015053401875775307,0.9996267557144165,0.00021388466120697558,8.76355898071779e-06
4344,0,0,0.9999895095825195,9.677469492430646e-09,1.3857609815204341e-07,1.0335804290662054e-05
4345,1,1,3.145288792438805e-05,0.9999598264694214,7.286050276889e-06,1.4032348190085031e-06
4346,3,3,9.742079782881774e-07,3.317793684232129e-08,0.05895092338323593,0.9410480856895447
4347,1,1,0.007579013705253601,0.9922938346862793,7.019077747827396e-05,5.705756848328747e-05
4348,1,1,0.0005819264333695173,0.9578022360801697,0.03328237682580948,0.008333473466336727
4349,2,2,0.0011875380296260118,2.6080178940901533e-06,0.9984812140464783,0.0003286572464276105
4350,1,1,2.265446937599336e-06,0.9999974966049194,2.470636388807179e-07,5.816101378286476e-09
4351,3,3,5.129964847583324e-06,3.289691449026577e-05,0.000354442629031837,0.9996076226234436
4352,1,1,3.210926934116287e-06,0.9999967813491821,1.9189039246469974e-09,9.781852661205903e-09
4353,0,0,1.0,1.875190835942675e-10,1.1629564672377413e-10,1.3758693739873706e-08
4354,2,2,2.4237544494098984e-05,5.512412712960213e-07,0.9946656227111816,0.005309602711349726
4355,1,1,0.00014764955267310143,0.9998267292976379,8.308863641559583e-08,2.5655321223894134e-05
4356,2,2,5.3763636969961226e-05,1.2508284271461889e-05,0.9995788931846619,0.0003548234235495329
4357,0,0,0.997803270816803,0.0003146686067339033,0.0011035024654120207,0.0007785497582517564
4358,0,0,0.9998342990875244,3.672927917364177e-08,1.0585384188743774e-05,0.00015506069757975638
4359,2,2,0.04281957074999809,0.006915752310305834,0.49756962060928345,0.4526950716972351
4360,0,0,0.9999644756317139,2.2946815647628682e-07,2.600765583338216e-05,9.313677765021566e-06
4361,1,1,2.6548610549070872e-05,0.9997074007987976,0.00020117983513046056,6.488775397883728e-05
4362,1,1,0.0020977810490876436,0.9977791905403137,3.9021120755933225e-05,8.395301847485825e-05
4363,2,2,0.00020805872918572277,3.490379469894833e-07,0.997868537902832,0.001923034549690783
4364,1,1,3.7031181818747427e-06,0.9999960660934448,9.061722749947876e-08,6.14739406046283e-08
4365,2,2,0.04857303574681282,1.1498589628899936e-05,0.9505473375320435,0.0008681288454681635
4366,2,2,0.000957306066993624,0.024186482653021812,0.9746900200843811,0.00016618595691397786
4367,1,1,0.1743112951517105,0.7996627688407898,0.019928904250264168,0.006097066216170788
4368,1,1,0.002641452709212899,0.9973517656326294,1.1063495009011604e-08,6.745622613379965e-06
4369,3,0,0.8366382122039795,0.0013071430148556828,0.0046785506419837475,0.15737611055374146
4370,1,1,0.005931343417614698,0.9938594698905945,3.8812082493677735e-05,0.00017037478392012417
4371,0,0,0.9952822327613831,1.1816472351711127e-06,0.002739663701504469,0.001976938219740987
4372,0,0,0.9999942779541016,1.8491628850370034e-07,4.010943484900054e-06,1.5151621255427017e-06
4373,1,1,1.962771057151258e-05,0.9999794960021973,1.029492380233421e-09,8.343411082023522e-07
4374,0,0,0.9999587535858154,6.2019571487326175e-06,3.0929979402571917e-05,4.128999080421636e-06
4375,0,0,0.9270050525665283,0.002823689254000783,0.0003121124755125493,0.06985919177532196
4376,0,0,1.0,1.198197964458192e-11,5.125019852947332e-11,8.946995144754055e-09
4377,1,1,9.611253517505247e-07,0.9999967813491821,3.0587651167479635e-07,1.966496938621276e-06
4378,0,0,0.9999227523803711,5.842072641826235e-05,7.703770279476885e-06,1.1057672963943332e-05
4379,1,1,0.3653227388858795,0.5857094526290894,0.0457628034055233,0.003205045824870467
4380,0,0,1.0,6.725955903341685e-10,1.1435170588214305e-09,9.31848109786415e-09
4381,3,3,0.00020765217777807266,2.544926758218935e-07,3.9479687984567136e-05,0.9997525811195374
4382,3,3,0.0001278775598620996,0.00013974060129839927,3.351801206008531e-05,0.9996988773345947
4383,2,2,0.05802551284432411,0.12126458436250687,0.463752418756485,0.3569575548171997
4384,1,1,0.0003778272948693484,0.999618649482727,3.4070089895976707e-06,1.6872955654889665e-07
4385,0,0,0.9999990463256836,3.3192844028917534e-09,7.43818134196772e-07,2.1822296503160032e-07
4386,0,0,0.9991716146469116,0.00024287636915687472,0.0002582418965175748,0.0003272678586654365
4387,1,1,0.0005614071851596236,0.9957455992698669,0.0029632095247507095,0.0007298141135834157
4388,2,2,0.003993607591837645,0.00015400978736579418,0.9900339245796204,0.005818463396281004
4389,0,0,0.9996498823165894,6.211484446794202e-07,0.0003055525594390929,4.3917298171436414e-05
4390,2,2,4.2906693124677986e-05,1.0695109267544467e-05,0.9855405688285828,0.01440583635121584
4391,1,1,5.105183475961894e-08,1.0,1.259472637293868e-09,1.2077217448336341e-08
4392,2,2,2.0238041543052532e-05,1.4394254321814515e-06,0.9958208799362183,0.0041575003415346146
4393,1,1,5.4153144446900114e-05,0.9999206066131592,1.7203885249728046e-07,2.500819209672045e-05
4394,2,2,0.0003525973588693887,5.5458633141824976e-05,0.8604621887207031,0.1391298472881317
4395,3,3,3.863532765535638e-05,1.1169993818782586e-08,0.14072683453559875,0.8592345118522644
4396,0,2,0.01429705135524273,0.0001271599903702736,0.9077893495559692,0.07778647541999817
4397,1,1,3.099131845374359e-06,0.9999938011169434,3.0113651519059204e-06,1.240971414517844e-07
4398,0,0,0.9998186230659485,8.046602306421846e-05,1.656442509556655e-05,8.442141552222893e-05
4399,0,0,0.9972779154777527,6.691218732157722e-05,8.164445171132684e-05,0.0025735297240316868
4400,2,2,5.089143451186828e-05,1.379868876938417e-06,0.9999395608901978,8.152394912031014e-06
4401,0,0,0.9930285811424255,4.241467195242876e-06,0.0013462185161188245,0.005620944779366255
4402,2,3,0.032387927174568176,0.005686279386281967,0.4542942941188812,0.5076314806938171
4403,0,0,0.9999996423721313,6.485093706487532e-08,2.1041881836936227e-07,2.7510777655948004e-08
4404,1,1,5.34133626217681e-08,1.0,3.64232710658996e-09,2.638888041417431e-08
4405,1,1,4.3532443669391796e-05,0.9999423027038574,1.3950928405392915e-05,2.5784100898817996e-07
4406,0,0,0.9994204044342041,0.00036087274202145636,3.6927397104591364e-06,0.0002151008229702711
4407,1,1,3.827894090591144e-07,0.9999988079071045,5.894334549338964e-07,2.490029373802827e-07
4408,2,2,0.0016190172173082829,0.00010072297300212085,0.9725087881088257,0.025771522894501686
4409,0,0,0.9999754428863525,2.995860199916933e-07,8.964151675172616e-06,1.5367621017503552e-05
4410,1,1,0.0021079517900943756,0.9910861849784851,0.0023225799668580294,0.004483323078602552
4411,1,1,6.680397200398147e-05,0.9999223947525024,1.881506705103675e-06,8.922116649046075e-06
4412,2,2,0.0010322193847969174,0.004291925113648176,0.9886412024497986,0.006034656427800655
4413,2,2,0.0006329363095574081,2.2801737031841185e-07,0.9990488886833191,0.0003178702900186181
4414,0,0,1.0,1.2288453588027437e-09,7.344700958533679e-10,1.926552917197455e-09
4415,0,0,0.9998173117637634,1.5112495930225123e-05,5.598061761702411e-05,0.00011156564869452268
4416,0,0,0.9999998807907104,1.6200750740935632e-09,5.956267035145402e-09,7.067487217682356e-08
4417,0,0,0.9999450445175171,4.328442446421832e-05,7.51549844579813e-09,1.1621692465269007e-05
4418,1,1,0.010188181884586811,0.988146960735321,0.00037752880598418415,0.0012872259831055999
4419,0,0,0.9999988079071045,1.0603874898151844e-06,7.109147759365442e-08,4.834902256334317e-09
4420,1,1,6.904839200405632e-11,1.0,7.00211971738085e-11,1.8409111735007144e-10
4421,1,1,0.0005694299470633268,0.9959084987640381,0.0017143880249932408,0.0018076575361192226
4422,0,0,1.0,1.3106031537812868e-10,3.0926063931957515e-09,1.0251990367748931e-08
4423,0,0,0.9999969005584717,6.57634724454681e-10,7.24180324596091e-08,3.010093678312842e-06
4424,1,1,2.877275983337313e-05,0.9999665021896362,3.170070840496919e-06,1.5483440165553475e-06
4425,0,0,0.9999912977218628,4.649421953217825e-06,1.0683495474950178e-06,2.9328793971217237e-06
4426,0,0,0.9998793601989746,2.610970106786681e-08,3.9087783079594374e-05,8.149755740305409e-05
4427,1,1,3.2579956155132095e-07,0.9999996423721313,5.059304017396293e-11,1.3182750446816272e-09
4428,1,1,3.7561530916718766e-05,0.9999582767486572,2.4967632725747535e-06,1.6196672731894068e-06
4429,1,1,4.5806739734644e-08,0.9999996423721313,3.180774754696358e-08,2.358942339242276e-07
4430,0,0,0.9992050528526306,1.206077740789624e-05,0.00031663430854678154,0.0004663075669668615
4431,1,1,5.7770353834030175e-08,0.9999998807907104,5.315548889939237e-09,1.521694059647416e-08
4432,1,1,6.28452426099102e-07,0.9999933242797852,2.771313347693649e-06,3.263144662923878e-06
4433,1,1,0.00017958942044060677,0.9998031258583069,1.2552081898320466e-05,4.719580374512589e-06
4434,1,1,4.026195892947726e-05,0.9999593496322632,7.32099403322195e-09,3.1085275509212806e-07
4435,2,2,0.012255438603460789,5.802865530313284e-07,0.9853731989860535,0.0023708660155534744
4436,2,2,0.000441195530584082,1.0892831880937592e-07,0.9995554089546204,3.256164973208797e-06
4437,2,2,0.08259623497724533,0.0004966960404999554,0.6656153798103333,0.2512916624546051
4438,1,1,5.504960487456856e-09,1.0,2.5496321498508223e-08,5.122809554336527e-08
4439,0,0,0.9999403953552246,2.5032431949512102e-05,2.4841843696776778e-05,9.744761882757302e-06
4440,2,2,0.015513085760176182,0.10273197293281555,0.8172929883003235,0.0644618570804596
4441,3,2,2.246557187390863e-06,7.845390825877985e-08,0.9987699389457703,0.0012277343776077032
4442,3,3,0.00047442535287700593,3.145378402180654e-10,0.00026115254149772227,0.9992644190788269
4443,1,1,0.0001548056025058031,0.9997738003730774,6.91720997565426e-05,2.2060974060877925e-06
4444,0,0,0.9957231283187866,6.813583297571313e-08,0.001928473822772503,0.002348307054489851
4445,1,1,0.00014501652913168073,0.9998086094856262,1.1617856216616929e-05,3.4846176276914775e-05
4446,1,1,0.00011810809519374743,0.9997919201850891,4.436972085386515e-05,4.559891385724768e-05
4447,0,0,0.9600363969802856,0.03940582647919655,0.00011622090823948383,0.0004415055154822767
4448,2,2,0.069098562002182,2.028185554081574e-05,0.8871458172798157,0.043735332787036896
4449,1,1,8.501568800056702e-07,0.9999935626983643,4.203914159006672e-06,1.438925323782314e-06
4450,1,1,1.8781499022679782e-07,0.9999997615814209,2.722222447459899e-09,3.656294156328954e-10
4451,3,2,6.02428613660777e-08,3.5403422771196347e-07,0.9965783953666687,0.00342114781960845
4452,0,0,0.9999977350234985,1.758366452442317e-09,9.871810036088391e-09,2.3056657028064365e-06
4453,0,0,0.9998881816864014,2.806846737257729e-07,6.39902373222867e-06,0.00010512970038689673
4454,1,1,0.008849408477544785,0.9911378026008606,3.671599642984802e-06,9.1535393949016e-06
4455,0,0,0.9014008045196533,0.09777095168828964,0.0005600915756076574,0.00026819235063157976
4456,0,0,0.9975848197937012,4.039270152134122e-06,0.0009166390518657863,0.0014944925205782056
4457,1,1,4.160217770277086e-07,0.9999995231628418,3.917921098661736e-09,5.911141798264907e-09
4458,1,1,6.185057372931624e-06,0.9999929666519165,5.858579470441327e-07,2.007891737321188e-07
4459,0,0,0.9999382495880127,7.085529318828776e-08,1.1947792017963366e-06,6.048394425306469e-05
4460,1,1,7.593405371153494e-06,0.9988910555839539,0.0010876916348934174,1.3659411706612445e-05
4461,1,1,5.7180468502338044e-06,0.999994158744812,1.4656889391062577e-07,4.9319538675263175e-08
4462,0,0,0.981819748878479,2.1966289409647288e-07,0.017252271994948387,0.0009277556673623621
4463,0,0,0.9999983310699463,6.646998826909112e-07,8.373157243113383e-07,1.391186401633604e-07
4464,3,3,0.055688876658678055,0.03281616047024727,0.0732373520731926,0.8382576107978821
4465,1,3,0.046656832098960876,0.06557523459196091,0.003604528261348605,0.8841633796691895
4466,0,0,0.9999676942825317,5.239255074229732e-08,2.808270664900192e-06,2.9354812795645557e-05
4467,3,3,0.00021116594143677503,7.298381387954578e-05,0.0001796992146410048,0.9995361566543579
4468,0,0,0.968662679195404,3.8748476072214544e-05,0.030098607763648033,0.0011999919079244137
4469,0,0,0.9980791807174683,4.4886070099892095e-05,0.0007075072498992085,0.0011684299679473042
4470,3,3,0.0026664910838007927,1.3551583606385975e-06,0.002591547789052129,0.9947406649589539
4471,0,0,0.9995989203453064,0.00037810529465787113,8.120299810343568e-08,2.2858503143652342e-05
4472,2,2,5.386148768593557e-05,2.679367571545299e-05,0.9999113082885742,7.986883247212972e-06
4473,2,2,2.8029024178977124e-05,5.106964628964761e-09,0.9998819828033447,9.003783634398133e-05
4474,2,2,0.03265184909105301,0.004245434887707233,0.9457477927207947,0.01735491305589676
4475,1,1,0.0001977448700927198,0.9997130036354065,3.8987695006653666e-05,5.028607847634703e-05
4476,1,1,0.004934198223054409,0.8849188089370728,0.020372841507196426,0.08977413922548294
4477,2,2,9.650377614889294e-05,1.805142773037005e-07,0.9997696280479431,0.00013371850945986807
4478,2,2,3.019958398908784e-07,2.990092340393602e-10,0.9999991655349731,4.6612075266239117e-07
4479,2,2,0.0007561807287856936,0.00022591195011045784,0.9858911633491516,0.013126680627465248
4480,3,3,1.0225066944258288e-05,2.954808664412667e-08,2.8931526685482822e-05,0.9999608993530273
4481,0,3,0.10544044524431229,3.281470344518311e-05,0.010902347043156624,0.8836243152618408
4482,3,3,0.00017560317064635456,4.074738626513863e-06,0.0006804825970903039,0.9991397857666016
4483,3,3,4.569913780727575e-09,3.5182594615434937e-09,4.3735955841839314e-05,0.9999562501907349
4484,0,0,0.999997615814209,3.0967939324000326e-10,2.3971389850885316e-07,2.099967105095857e-06
4485,0,0,0.9990333318710327,1.6355712432414293e-05,4.033661025459878e-05,0.0009099355083890259
4486,2,2,2.113210484822048e-06,9.442551629490481e-08,0.9998478889465332,0.00014981377171352506
4487,2,2,0.0017374432645738125,0.0016171616734936833,0.9867017865180969,0.009943594224750996
4488,3,3,8.337501640198752e-05,7.005997986198054e-07,0.00035408404073677957,0.9995618462562561
4489,3,3,1.3457533896144014e-05,5.778214365315115e-11,0.0019305847818031907,0.9980559349060059
4490,2,2,0.00011738744069589302,1.9149606345081338e-08,0.998904824256897,0.0009777366649359465
4491,3,3,0.003759430255740881,6.521203886222793e-06,0.012703055515885353,0.9835309386253357
4492,1,1,4.089391586603597e-05,0.9999581575393677,7.536102657468291e-07,1.9831151121252333e-07
4493,3,3,2.0234610929037444e-06,1.9585987345860367e-11,1.0035623745352495e-05,0.9999879598617554
4494,3,3,6.317476072581485e-05,1.1705059677069585e-07,4.014276419184171e-05,0.9998965263366699
4495,0,0,0.9999960660934448,3.0157411290421265e-11,1.563662976877822e-07,3.868367002723971e-06
4496,2,2,1.0892669706663582e-05,3.118998392892536e-08,0.999908447265625,8.072406490100548e-05
4497,0,0,0.9999821186065674,2.2030654633908853e-07,9.31422346184263e-06,8.395453733101021e-06
4498,3,3,1.928080109792063e-06,3.009792237662623e-07,0.00012623054499272257,0.9998714923858643
4499,3,3,0.38803499937057495,3.32237300426641e-06,0.00012063481699442491,0.6118409633636475
4500,1,1,3.2322172046406195e-05,0.9999587535858154,6.385325832525268e-06,2.4855344236129895e-06
4501,2,3,8.125032309180824e-07,4.759893812433802e-09,0.4017663300037384,0.5982328653335571
4502,3,3,1.3941306633569184e-06,1.829896234539774e-09,2.8522988941404037e-05,0.9999700784683228
4503,3,3,0.0003011328517459333,3.4451794195256014e-10,0.000674185692332685,0.9990246295928955
4504,2,2,3.271651439717971e-05,1.0867536275327438e-06,0.998487114906311,0.0014790389686822891
4505,1,1,0.00028138578636571765,0.9983526468276978,2.3670597784075653e-06,0.0013636598596349359
4506,3,3,1.0324431514163734e-06,2.8289889542065794e-07,0.008028566837310791,0.9919702410697937
4507,3,3,0.00012697317288257182,0.03465450182557106,0.0027994744013994932,0.9624190330505371
4508,2,3,2.407428291917313e-05,4.515792113579664e-07,0.0013472104910761118,0.9986282587051392
4509,1,1,0.003563388716429472,0.9963790774345398,4.8422192776342854e-05,9.184637747239321e-06
4510,2,2,0.0001723640743875876,1.1265275361438398e-06,0.9997411370277405,8.53899764479138e-05
4511,1,1,0.028211303055286407,0.969997227191925,0.00030343866092152894,0.0014880120288580656
4512,0,0,0.985707700252533,0.011697649955749512,7.872889909776859e-06,0.0025867370422929525
4513,1,1,2.2907080676759506e-08,1.0,1.459371290479794e-08,2.218177641566399e-08
4514,3,3,2.625426631652772e-08,5.201335456089806e-12,0.00021035769896116108,0.9997896552085876
4515,3,3,6.925711204530671e-05,1.0898743312282022e-05,0.039468731731176376,0.9604511260986328
4516,1,1,1.5742110917926766e-05,0.9999831914901733,3.2647784564687754e-07,7.261708105943399e-07
4517,2,2,0.0005491318297572434,1.85686332088153e-07,0.8870377540588379,0.11241291463375092
4518,2,2,2.155026959371753e-05,0.00010105788533110172,0.9716382622718811,0.02823915146291256
4519,0,0,0.9883833527565002,0.00028649173327721655,0.010482600890100002,0.000847536139190197
4520,0,0,0.9784603714942932,0.007204675581306219,0.0017350364942103624,0.012599844485521317
4521,2,2,4.035499387100572e-06,1.0602643669699319e-06,0.9995824694633484,0.0004124752013012767
4522,1,1,0.0006193199078552425,0.9988480806350708,1.48016633829684e-05,0.0005176973645575345
4523,2,2,0.00013196631334722042,2.1812487830175087e-05,0.977640688419342,0.022205496206879616
4524,1,1,0.000128228755784221,0.9994984865188599,0.0001926853583427146,0.00018068258941639215
4525,3,3,8.741691885916225e-07,2.1554914297894356e-08,0.0004470219719223678,0.9995520710945129
4526,1,1,0.00015328481094911695,0.9994582533836365,0.0003508416411932558,3.768584065255709e-05
4527,3,3,0.0027805499266833067,0.02925620600581169,0.08620540052652359,0.8817578554153442
4528,0,0,0.9866255521774292,0.0007663519936613739,0.0031976557802408934,0.009410384111106396
4529,1,1,8.737531607039273e-05,0.9996377229690552,0.00012887913908343762,0.00014595942047890276
4530,0,0,0.9552280306816101,2.9493335773622675e-07,0.040156103670597076,0.004615659825503826
4531,2,2,0.07770625501871109,1.4027634165358904e-07,0.9211360216140747,0.0011575862299650908
4532,1,1,2.076901637337869e-06,0.999997615814209,1.7038169630723132e-07,8.226432157698582e-08
4533,2,2,0.012438231147825718,0.0009125149226747453,0.9863319396972656,0.0003174064913764596
4534,0,0,0.9533762335777283,1.191282080981182e-05,0.044519275426864624,0.0020925148855894804
4535,1,1,0.0003605496312957257,0.9995946288108826,4.35534275311511e-05,1.286311999137979e-06
4536,2,2,0.003556113922968507,4.679421181208454e-06,0.9909023642539978,0.005536843556910753
4537,1,1,5.807848424410622e-07,0.9999954700469971,3.434109032696142e-07,3.5433879475021968e-06
4538,0,0,0.999691367149353,2.2733236448857497e-07,0.00010694327647797763,0.00020151569333393127
4539,1,0,0.5162526965141296,0.4808410406112671,0.0021282045636326075,0.0007780265295878053
4540,1,0,0.9745718836784363,0.025182826444506645,5.0000438932329416e-05,0.00019535660976544023
4541,0,0,0.9999985694885254,1.7308018129824632e-07,2.9424413128253946e-07,1.0224929383184644e-06
4542,2,2,0.0006229989230632782,1.4051464347630827e-07,0.9628780484199524,0.03649877384305
4543,1,1,2.913403250204283e-06,0.9999966621398926,1.0531978489325411e-07,3.6134704828327813e-07
4544,0,0,0.9991501569747925,3.7598183553200215e-06,0.00012592386337928474,0.0007202379056252539
4545,0,0,0.9997808337211609,6.0683847550535575e-05,6.335976195259718e-06,0.00015214987797662616
4546,3,3,1.9368375433259644e-05,1.0023559298133478e-06,0.004316413309425116,0.9956632256507874
4547,3,3,8.294630760019572e-09,8.047717159342938e-09,0.0055832709185779095,0.9944167137145996
4548,0,0,0.9999986886978149,7.20183956914866e-09,7.573991069875774e-07,5.373668727770564e-07
4549,0,1,0.0029114217031747103,0.9970160722732544,5.447068906505592e-05,1.8069567886414006e-05
4550,3,2,0.002748012775555253,6.221169801534643e-09,0.894934892654419,0.10231708735227585
4551,3,3,5.599960059043951e-05,1.199170753807266e-07,0.04721862077713013,0.9527252912521362
4552,2,2,4.254847590345889e-05,7.945668123454652e-09,0.9995705485343933,0.00038689712528139353
4553,3,3,0.00012972875265404582,1.0884733455895912e-05,0.0027659423649311066,0.9970934391021729
4554,2,2,1.9792369130300358e-05,1.2354420277915779e-06,0.9994588494300842,0.0005201866733841598
4555,3,3,0.0003216447657905519,8.552949992690628e-08,0.016609733924269676,0.9830684661865234
4556,2,2,6.871101163596904e-07,1.9600590039914323e-09,0.9999978542327881,1.4642448604718084e-06
4557,3,3,4.0025489589368135e-09,1.3025192036053568e-09,0.001265889615751803,0.9987340569496155
4558,0,0,0.9999994039535522,7.030673959684819e-11,5.66366622933856e-07,4.6714550450133174e-08
4559,3,3,9.164252787741134e-07,3.26202731493197e-10,0.0012647592229768634,0.9987342953681946
4560,2,2,2.9186176107032225e-05,9.707536108294335e-09,0.9996795654296875,0.0002911860356107354
4561,0,0,0.9970430731773376,1.0386374071913451e-07,0.0012530726380646229,0.0017037561628967524
4562,2,2,0.0016260106349363923,2.2830024093423162e-08,0.9978345036506653,0.0005394545150920749
4563,0,0,0.9440659880638123,0.05554407462477684,5.376158242142992e-06,0.0003845706523861736
4564,3,2,2.883417619159445e-05,1.7958198261780467e-09,0.7144917845726013,0.2854793667793274
4565,2,2,0.00024647547979839146,1.679976868729227e-08,0.9997144341468811,3.910318264388479e-05
4566,2,2,0.005253904033452272,0.0018404750153422356,0.9914345741271973,0.0014710570685565472
4567,0,0,0.4131130278110504,4.8487112508155406e-05,0.39950090646743774,0.18733754754066467
4568,2,2,0.0007430387195199728,0.0002758166810963303,0.9925510883331299,0.006430000998079777
4569,3,3,0.0038680878933519125,2.9083386721140414e-07,0.001205073669552803,0.9949265718460083
4570,0,0,0.9998620748519897,1.1996087456722648e-10,0.00012489409709814936,1.2982540283701383e-05
4571,2,3,1.259483362048286e-08,2.829099843282279e-09,0.0002627308131195605,0.9997372031211853
4572,2,2,0.0013228444149717689,5.9636666264850646e-05,0.8993309140205383,0.09928659349679947
4573,1,1,0.034283820539712906,0.8338201642036438,0.10067959129810333,0.03121638484299183
4574,0,0,0.9999998807907104,1.0464780153540687e-09,1.1854125148147432e-07,4.135667452942471e-08
4575,0,0,0.9798097610473633,0.0003280075325164944,0.001099462853744626,0.018762800842523575
4576,3,3,8.002654794836417e-05,3.104798452113755e-06,2.2585316401091404e-05,0.9998942613601685
4577,0,0,0.9999864101409912,3.6491825117224153e-09,5.610671678368817e-07,1.2957695616933051e-05
4578,0,0,0.9999004602432251,3.35712402321775e-10,8.994458039524034e-05,9.533161573926918e-06
4579,2,2,0.009269884787499905,2.389355415743921e-07,0.9906079769134521,0.00012192053691251203
4580,2,3,3.809301207802207e-10,2.269322862957779e-08,0.00015366844309028238,0.999846339225769
4581,1,1,4.339451334089972e-05,0.9999550580978394,1.4916372492734808e-06,4.6900229477842004e-08
4582,3,3,0.0002006260765483603,1.2021209840895608e-06,7.071182153595146e-06,0.9997910857200623
4583,1,1,0.004322427790611982,0.9956062436103821,6.732760084560141e-05,4.075512151757721e-06
4584,3,3,0.005268279928714037,0.008740694262087345,0.38115251064300537,0.604838490486145
4585,3,3,2.1029114577686414e-05,2.3493837986166e-09,0.0018700436921790242,0.9981088638305664
4586,1,1,0.018961617723107338,0.9801737070083618,0.0005689044483006,0.00029568717582151294
4587,2,2,0.00021230844140518457,1.9448407329036854e-05,0.9735172390937805,0.026251032948493958
4588,3,3,0.0005333557492122054,6.013115125824697e-06,0.031337201595306396,0.9681234955787659
4589,0,0,0.9995371103286743,5.928541781941021e-07,0.0004322364693507552,3.002717494382523e-05
4590,0,0,0.9999915361404419,1.7347571157344532e-09,3.1185795705823693e-06,5.393862011260353e-06
4591,2,3,3.36920129484497e-05,1.4808708215241495e-07,0.11039815843105316,0.889568030834198
4592,2,2,9.67586602200754e-05,2.3342620636412903e-07,0.9994338154792786,0.00046913043479435146
4593,3,3,9.395419056090759e-07,2.1855815768301312e-10,0.0008950859191827476,0.9991039633750916
4594,3,3,7.804807466982311e-09,1.0598424360352965e-08,2.7643821454148565e-07,0.9999997615814209
4595,1,1,6.362761268974282e-07,0.9999992847442627,5.059445129518281e-08,1.4417519622611508e-08
4596,3,3,8.524181612301618e-05,2.0188119833619567e-06,0.011624738574028015,0.9882879853248596
4597,3,3,0.0004984279512427747,3.431514187468565e-06,4.513254054927529e-07,0.999497652053833
4598,0,0,0.9999266862869263,5.536026037589181e-06,6.430942448787391e-06,6.136094452813268e-05
4599,2,2,1.8659424313227646e-05,1.403627720719669e-07,0.9999809265136719,2.6215715820399055e-07
4600,3,3,0.0001718157291179523,6.62131043327463e-08,0.0005007459549233317,0.9993273019790649
4601,1,1,0.00015159054601099342,0.9998390674591064,3.573148205759935e-06,5.757578037446365e-06
4602,0,0,0.9988664388656616,6.567075327978955e-09,0.00011640536831691861,0.0010171455796808004
4603,2,2,2.9161728889448568e-05,6.863726866868092e-06,0.9255726337432861,0.07439140230417252
4604,3,3,1.811989989164431e-07,1.2448607422665958e-10,0.0001826350635383278,0.9998171925544739
4605,3,3,0.00086871167877689,9.607355605112389e-05,0.02147219516336918,0.9775631427764893
4606,1,1,6.72509031574009e-06,0.9999932050704956,8.751226232561748e-08,5.442026562718638e-08
4607,0,0,0.9999895095825195,1.5595150060221386e-08,4.68260486741201e-06,5.813235929963412e-06
4608,3,3,0.002879797015339136,1.8524224287830293e-05,0.0036929238121956587,0.9934087991714478
4609,3,3,2.4627927475151523e-10,9.692550581585913e-14,5.1839651860063896e-06,0.9999948740005493
4610,3,3,1.1909622116945684e-05,6.025710486134983e-11,6.21577527226691e-08,0.9999880790710449
4611,2,2,4.414645809447393e-05,4.1681385482661426e-05,0.9954328536987305,0.004481338430196047
4612,0,0,0.9984822869300842,1.6099491404020227e-05,0.0013435938162729144,0.00015807602903805673
4613,2,2,0.00020769961702171713,3.031685480436863e-07,0.9986925721168518,0.0010994222247973084
4614,1,1,0.00017594180826563388,0.9997949004173279,1.5181711205514148e-05,1.391039950249251e-05
4615,1,1,4.94460437039379e-07,0.9999995231628418,3.9193767675804736e-10,2.6572348765796505e-09
4616,0,0,0.9999995231628418,3.883346144650801e-10,3.6465067410063057e-07,1.1143895051191066e-07
4617,3,3,3.973290404246654e-06,7.139362423913553e-06,0.0012689821887761354,0.9987199306488037
4618,2,2,0.00032515847124159336,9.085347585369163e-09,0.9993694424629211,0.000305495981592685
4619,1,1,0.00021035148529335856,0.9997114539146423,4.403240018291399e-05,3.4093420254066586e-05
4620,0,1,0.003673052880913019,0.9941433072090149,0.0010653934441506863,0.0011182362213730812
4621,0,0,0.9999840259552002,1.96423286524805e-07,1.0910011951636989e-05,4.8614651859679725e-06
4622,3,3,0.0008748834952712059,4.667046232498251e-05,0.18171462416648865,0.8173637986183167
4623,3,3,0.0023733011912554502,0.006680984981358051,0.0594148188829422,0.9315308928489685
4624,0,0,0.9999445676803589,8.387448360736016e-06,4.5143555325921625e-05,1.8655266558198491e-06
4625,1,1,0.04501933977007866,0.9079036712646484,0.007815460674464703,0.03926153853535652
4626,1,1,2.8521544663817622e-05,0.9999710321426392,6.975826494226567e-08,3.207099723567808e-07
4627,2,2,0.0008498828392475843,3.260615994804539e-05,0.9990044236183167,0.00011317674943711609
4628,1,1,3.3859619179565925e-06,0.999996542930603,3.8331585017203906e-08,3.201360065929748e-09
4629,2,2,0.031306907534599304,4.5202999899629503e-05,0.9635180830955505,0.005129772704094648
4630,1,1,4.255839485267643e-06,0.9999957084655762,4.114673757271703e-08,3.6521339286110788e-09
4631,1,1,1.7314854403593927e-06,0.999984860420227,5.2170330491208006e-06,8.171142326318659e-06
4632,1,1,0.00017850447329692543,0.9998213648796082,6.096799509691664e-09,1.409568426424812e-07
4633,2,2,0.0009170693228952587,2.4724261038500117e-06,0.9965366125106812,0.002543865470215678
4634,1,1,1.3144832564648823e-06,0.9999986886978149,1.2596830245570345e-08,5.262881241918649e-09
4635,2,2,3.095887223025784e-06,0.00010137881326954812,0.9866133332252502,0.013282259926199913
4636,1,1,1.72955133166397e-05,0.9999357461929321,3.4678607335081324e-05,1.2274090295250062e-05
4637,0,0,0.9995700716972351,1.030691601044964e-05,4.239995905663818e-05,0.0003772150375880301
4638,2,2,0.024792643263936043,0.04701823368668556,0.9188188910484314,0.009370227344334126
4639,0,0,0.9999796152114868,1.6600763046881184e-05,1.0081155323860003e-06,2.7859712190547725e-06
4640,1,1,0.018240462988615036,0.9797257781028748,0.0018598035676404834,0.00017407763516530395
4641,3,3,0.07362297177314758,2.638397063492448e-06,0.0016553261084482074,0.9247190356254578
4642,0,0,0.9995579123497009,3.8855450839037076e-05,7.588116568513215e-05,0.0003272882313467562
4643,3,3,3.2985448342515156e-05,2.1456872900671442e-07,2.6432482627569698e-05,0.9999403953552246
4644,0,0,0.99297696352005,1.2931864148413297e-06,2.08789551834343e-05,0.007000877987593412
4645,2,2,1.605733996257186e-05,2.0401944311743136e-06,0.9999744892120361,7.374765118584037e-06
4646,1,1,6.862981535959989e-06,0.9999841451644897,1.1273044719928293e-06,7.881597412051633e-06
4647,0,0,0.999994158744812,3.706421466631582e-06,5.127732833898335e-07,1.657805569266202e-06
4648,3,0,0.5723283290863037,8.88507258878235e-08,0.003891249420121312,0.4237803816795349
4649,1,1,3.6779439938072755e-07,0.9999969005584717,2.745040546869859e-06,3.8407851121746717e-08
4650,0,0,0.6643500924110413,2.8746471869567358e-08,0.322201669216156,0.013448221608996391
4651,0,0,0.9999511241912842,4.301594358491201e-10,3.108173041255213e-05,1.7716645743348636e-05
4652,2,2,2.6910156520898454e-06,3.6163930872135097e-07,0.9979404807090759,0.002056415658444166
4653,2,2,0.0009669093415141106,8.319281050717109e-07,0.9949274063110352,0.004104907158762217
4654,0,0,0.9998630285263062,2.5070032279472798e-05,3.62023820343893e-05,7.564396219095215e-05
4655,3,3,0.048935357481241226,2.348086614034628e-09,0.00991534162312746,0.9411493539810181
4656,0,0,0.9943763017654419,0.0010183051927015185,0.00017851126904133707,0.004426863044500351
4657,0,0,0.9992770552635193,1.1594661373237614e-05,0.00011689863458741456,0.0005945160519331694
4658,1,1,2.1878779534745263e-06,0.9999876022338867,8.674203854752705e-06,1.5051168702484574e-06
4659,1,1,0.00018991374236065894,0.9922544956207275,0.007431805599480867,0.00012371047341730446
4660,1,1,9.404127013112884e-06,0.99998939037323,1.151240667240927e-06,5.839255479145322e-08
4661,2,2,0.001966133015230298,3.1467350254388293e-06,0.9973546266555786,0.0006760419346392155
4662,3,3,0.0007846116786822677,4.621191429521332e-09,0.0007283330778591335,0.9984869956970215
4663,3,3,1.8447804905008525e-05,1.7506977201264817e-08,0.03091101162135601,0.969070553779602
4664,0,0,0.8609023690223694,0.0015505680348724127,0.03209906443953514,0.10544805228710175
4665,3,3,1.6384277614633902e-06,5.03099055471079e-11,7.173047197284177e-05,0.9999265670776367
4666,0,0,0.9999817609786987,1.3221292949339158e-09,4.179432380624348e-06,1.4016960449225735e-05
4667,2,2,0.0012254209723323584,0.01809515804052353,0.9653568267822266,0.015322614461183548
4668,0,0,0.9999798536300659,5.039946682217078e-09,1.2148328778494033e-06,1.8890648789238185e-05
4669,0,1,0.11129861325025558,0.8884578943252563,0.0001454680459573865,9.807909373193979e-05
4670,2,2,1.7094424038077705e-05,3.800974752721231e-07,0.9999492168426514,3.3338139473926276e-05
4671,3,3,0.0002769643906503916,4.245933882263131e-10,3.1679139738116646e-06,0.9997197985649109
4672,0,0,0.9825196266174316,1.1152952538395766e-05,3.35739750880748e-05,0.01743565872311592
4673,2,2,0.0011316455202177167,2.6432738309267734e-07,0.998847484588623,2.0580208001774736e-05
4674,3,3,4.369661077419096e-09,2.359706041676901e-10,5.6610650062793866e-05,0.9999433755874634
4675,0,0,0.846678614616394,4.300310934013396e-07,0.0010857118759304285,0.1522352397441864
4676,3,3,0.00010281820868840441,9.91235893366138e-08,0.011334936134517193,0.9885621070861816
4677,0,3,0.0045379349030554295,3.9754168028593995e-06,0.012216220609843731,0.9832419157028198
4678,3,3,3.668966712666588e-07,4.295146460719934e-09,0.0005876822397112846,0.999411940574646
4679,0,0,1.0,6.267169942730799e-12,1.206869049141801e-09,2.0706984571461362e-08
4680,2,2,0.0012218918418511748,0.02374042384326458,0.9709979891777039,0.004039654042571783
4681,2,3,0.00011327788524795324,3.474684540094586e-09,0.007873071357607841,0.9920136332511902
4682,3,3,5.7497465604683384e-05,5.689684599019529e-07,0.011187356896698475,0.9887545108795166
4683,0,0,0.9176297783851624,0.005389257799834013,0.025834821164608,0.05114613473415375
4684,2,0,0.9946199655532837,0.00046618341002613306,0.0026633162051439285,0.0022506071254611015
4685,2,2,0.0005669062957167625,2.5644254719736637e-07,0.9993840456008911,4.8857655201572925e-05
4686,2,2,1.6101685673675092e-07,1.7949701447417254e-10,0.9999982118606567,1.6520327790203737e-06
4687,2,3,0.0016941778594627976,0.003756321966648102,0.4462199807167053,0.5483295321464539
4688,2,2,0.00011725664080586284,1.0456991361706969e-07,0.9997788071632385,0.00010384004417574033
4689,2,3,1.0487682629900519e-05,6.2763319874648e-05,0.004453944507986307,0.9954727292060852
4690,1,1,0.17232440412044525,0.7793874740600586,0.021242013201117516,0.02704615704715252
4691,2,3,2.6713321858551353e-05,3.5238674627180444e-06,0.026901645585894585,0.973068118095398
4692,0,0,0.9999946355819702,1.3925025541539071e-06,1.2704794016826781e-06,2.641487753862748e-06
4693,1,1,6.702424434479326e-05,0.9999326467514038,1.150363857504999e-07,2.6378762640888453e-07
4694,3,3,1.352353365291492e-06,2.8188555489805367e-08,0.0012527871876955032,0.9987457990646362
4695,1,1,0.0005435977363958955,0.9955453872680664,0.0022581934463232756,0.0016528222477063537
4696,1,1,5.178965523100487e-08,0.9999998807907104,2.463977288869046e-08,2.9314179972317334e-09
4697,0,0,0.9974184036254883,1.573432018631138e-05,5.2457045967457816e-05,0.0025133630260825157
4698,1,1,5.7626282796263695e-05,0.999428927898407,7.3364452646274e-07,0.0005126695614308119
4699,0,0,0.9999877214431763,4.602957233146299e-06,4.665208052756498e-06,3.037174110431806e-06
4700,0,0,0.9999316930770874,2.655341177160153e-06,6.97108453096007e-06,5.868492371519096e-05
4701,3,3,0.0008105181041173637,1.625126606086269e-05,0.004897853825241327,0.9942753911018372
4702,1,1,1.1873800076500629e-07,0.9999998807907104,4.57141489107471e-08,5.478605569209094e-09
4703,2,2,2.171337473555468e-05,3.167421255056979e-06,0.9999322891235352,4.2826624849112704e-05
4704,3,3,0.0019069791305810213,2.500269829397439e-06,8.578337656217627e-06,0.9980819225311279
4705,1,1,0.00012943298497702926,0.999854564666748,3.6514813928079093e-06,1.2323737792030443e-05
4706,3,3,2.015718337133876e-06,2.2863406456963276e-07,0.0011020652018487453,0.9988956451416016
4707,1,1,0.00012690764560829848,0.9998375177383423,3.5182918509235606e-05,3.735794678050297e-07
4708,0,0,0.9966233968734741,0.001445071306079626,2.985854916914832e-05,0.0019016781589016318
4709,0,0,0.97103351354599,5.060710464022122e-05,0.017078066244721413,0.011837733909487724
4710,1,1,1.4750074114999734e-05,0.9999841451644897,2.481986598468211e-07,8.517077390024497e-07
4711,0,0,0.9999973773956299,1.8809164714639337e-07,1.521504600532353e-06,9.156436817647773e-07
4712,0,3,0.20809829235076904,0.0032659771386533976,0.11254049092531204,0.6760953068733215
4713,2,2,5.756412065238692e-05,1.3249144103610888e-05,0.9999029636383057,2.6251651433994994e-05
4714,3,3,1.6854226487339474e-05,1.1753746775866603e-06,0.00035624211886897683,0.9996256828308105
4715,0,0,0.9997223019599915,9.016814146889374e-05,4.755530244437978e-05,0.0001399152388330549
4716,0,0,0.999728262424469,1.7102483980124816e-05,0.00021796415967401117,3.6700861528515816e-05
4717,2,2,4.54433848062763e-06,5.418958615166503e-10,0.9999635219573975,3.1970379495760426e-05
4718,0,0,0.714073121547699,0.25678297877311707,0.012126630172133446,0.017017323523759842
4719,2,2,0.009785572998225689,7.971859304234385e-06,0.9615482091903687,0.028658200055360794
4720,0,3,0.006558138411492109,0.0011925867293030024,0.038825612515211105,0.9534236192703247
4721,3,3,0.00027423645951785147,1.0159858732095017e-08,0.030917569994926453,0.9688082337379456
4722,2,2,0.0401688776910305,4.9607806431595236e-05,0.9580182433128357,0.0017633249517530203
4723,1,1,2.549132204876514e-06,0.9999973773956299,2.845837343556923e-08,2.389341613451279e-09
4724,1,1,2.430936092423508e-06,0.9999966621398926,3.765292149182642e-07,4.718430943739804e-07
4725,1,1,3.676835831356584e-07,0.9999970197677612,2.1665910026058555e-06,4.438635414771852e-07
4726,0,0,0.9990870952606201,0.00036359080695547163,0.00040374905802309513,0.0001456056343158707
4727,2,2,2.1554225895670243e-05,5.194151981413597e-06,0.9998199343681335,0.00015329246525652707
4728,1,1,0.0006677989149466157,0.9983353018760681,0.00028486718656495214,0.0007119883666746318
4729,1,1,0.00018357366207055748,0.9997857213020325,1.5610271475452464e-06,2.9195260140113533e-05
4730,1,1,6.161379673130796e-08,0.9999645948410034,3.495343480608426e-05,3.1215023454933544e-07
4731,1,1,1.7099445415169612e-07,0.9999997615814209,4.474734183190776e-08,3.900586520444449e-09
4732,1,1,0.26628372073173523,0.7324646711349487,0.0001781751197995618,0.0010734692914411426
4733,1,1,4.3527583670766035e-07,0.9999985694885254,2.6325713520236604e-07,7.498768468394701e-07
4734,0,0,0.992343008518219,0.007548069581389427,4.5102686272002757e-05,6.385264714481309e-05
4735,2,2,0.0003138456668239087,1.3123333246767288e-06,0.9976198077201843,0.002065037377178669
4736,0,0,0.9999394416809082,4.292641619940696e-07,2.4506576664862223e-05,3.559848482836969e-05
4737,3,3,0.00903649814426899,0.00013590582238975912,0.0028663126286119223,0.9879612326622009
4738,3,3,0.047137849032878876,5.909833475925552e-07,0.04829680174589157,0.9045647382736206
4739,2,2,0.0028690064791589975,3.786942033912055e-05,0.9967126846313477,0.00038046055124141276
4740,3,3,1.8217982677981581e-09,7.668882195943638e-10,6.686084088869393e-05,0.999933123588562
4741,3,3,2.7122630854137242e-05,5.218474097290482e-09,0.0004063371161464602,0.9995664954185486
4742,3,3,1.3372577996051405e-06,6.298937194060272e-08,0.0006815794622525573,0.999316930770874
4743,1,1,2.895911848099786e-07,0.9999996423721313,3.920472479990167e-08,1.6028021576630636e-08
4744,3,2,0.0008147358312271535,9.712386963656172e-05,0.6626899838447571,0.3363981544971466
4745,1,1,0.0004899320774711668,0.9993438124656677,0.00016593713371548802,3.628849469805573e-07
4746,2,2,0.00153007369954139,0.0007219200488179922,0.9971465468406677,0.0006015010876581073
4747,1,1,1.4169396536090062e-06,0.9999973773956299,3.8490685483338893e-07,8.106237032734498e-07
4748,0,0,0.9999991655349731,7.506908445975569e-07,1.2371724977811027e-08,7.430514159523227e-08
4749,3,3,5.754869926022366e-05,6.032969124269982e-10,0.0009019979625009,0.999040424823761
4750,2,2,2.9238841307233088e-05,1.6560909443796845e-07,0.999925971031189,4.462487413547933e-05
4751,2,2,0.0010510635329410434,5.557924396271119e-07,0.9979690909385681,0.000979208154603839
4752,0,0,0.9999001026153564,8.44334572320804e-05,5.7412002263390605e-08,1.540743323857896e-05
4753,2,2,0.00028413531254045665,6.039838808646891e-06,0.998985230922699,0.0007246079039759934
4754,3,3,2.8900933102704585e-05,1.4013881166619058e-09,0.003222884377464652,0.9967482089996338
4755,1,1,8.727968634048011e-06,0.9995779395103455,0.0002608190116006881,0.00015258263738360256
4756,2,2,0.00045523321023210883,1.7480077758591506e-06,0.9995371103286743,5.909014362259768e-06
4757,0,0,0.999987006187439,2.4061250769591425e-06,2.987070786275581e-07,1.0258416295982897e-05
4758,2,2,8.524940312781837e-06,4.245900981914019e-07,0.9998496770858765,0.0001412513229297474
4759,2,2,2.955491709144553e-06,1.7672460671747103e-05,0.9997246861457825,0.0002545988536439836
4760,3,3,9.526179383101407e-06,1.5998277547168982e-07,4.0555300074629486e-05,0.9999498128890991
4761,0,0,0.9999995231628418,3.6436819783602914e-08,8.827777975284334e-08,3.4952387295561493e-07
4762,3,3,7.358670700341463e-05,4.069885903845716e-07,0.0013815382262691855,0.9985445737838745
4763,3,3,0.019107025116682053,6.616456084884703e-05,6.955047138035297e-05,0.9807572364807129
4764,0,2,0.2749194800853729,0.005251419264823198,0.7042848467826843,0.015544249676167965
4765,2,2,0.003750284668058157,2.157871250574317e-07,0.9899690747261047,0.006280485540628433
4766,2,3,0.005535715725272894,0.020811060443520546,0.24927279353141785,0.7243804335594177
4767,3,3,3.612705313571496e-06,9.542567847020678e-10,0.0034086578525602818,0.9965877532958984
4768,2,2,0.0016200556419789791,8.32749719847925e-06,0.9982182383537292,0.0001534271432319656
4769,2,2,0.00021212322462815791,4.929884380544536e-05,0.999153733253479,0.0005848852451890707
4770,1,1,1.4866715497552363e-11,1.0,5.243607770211156e-10,1.9505865811453305e-09
4771,3,3,0.004128890577703714,2.539153911129688e-06,0.006160002201795578,0.9897084832191467
4772,1,1,0.001341370982117951,0.9981721639633179,0.0002886940783355385,0.00019772951782215387
4773,2,3,3.2699994335416704e-05,5.483432232722407e-06,0.36771851778030396,0.632243275642395
4774,0,0,0.999747097492218,3.431823714095117e-08,1.0918469342868775e-05,0.000241940506384708
4775,3,3,1.3819174000673229e-06,1.0303700115343872e-09,1.3723897609452251e-05,0.999984860420227
4776,3,3,0.001504884217865765,1.8415177009956096e-06,0.0031512323766946793,0.9953420162200928
4777,1,1,2.859385404008208e-06,0.9999791383743286,1.7952230336959474e-05,4.935923669791009e-09
4778,3,3,0.005610664375126362,2.66395574044509e-07,2.341946128581185e-05,0.9943656921386719
4779,3,3,3.3700921449053567e-06,3.111987056936272e-10,0.001165896886959672,0.9988307356834412
4780,1,1,3.328923412482254e-06,0.9999866485595703,3.157622131766402e-06,6.8619774538092315e-06
4781,1,1,4.3487443690537475e-06,0.9999881982803345,1.7658059903169487e-07,7.256148364831461e-06
4782,2,2,0.002679081866517663,0.3942662477493286,0.5509884357452393,0.05206625536084175
4783,2,3,1.991419594560284e-05,2.5128494485215924e-07,0.00217854930087924,0.9978012442588806
4784,3,3,0.0004200786352157593,0.015761448070406914,0.010954917408525944,0.972863495349884
4785,1,1,5.393693491839713e-09,0.9999971389770508,1.1611423360591289e-06,1.6865450334080379e-06
4786,1,1,0.0003075267013628036,0.9995449185371399,0.00013784052862320095,9.611460882297251e-06
4787,3,3,4.041709189550602e-07,1.1066908882639837e-06,0.0005934880464337766,0.999405026435852
4788,0,0,0.9999996423721313,1.8911253008013773e-08,1.1377059649930743e-07,1.8532473688992468e-07
4789,3,2,0.0004435152222868055,0.00010124535765498877,0.9277533888816833,0.07170191407203674
4790,0,0,0.9943596720695496,9.975804277928546e-05,0.001814608694985509,0.0037260297685861588
4791,3,3,8.472299668937922e-05,4.358738010523666e-07,0.00476390216499567,0.9951509237289429
4792,3,3,7.061444193823263e-07,1.3176376342016738e-05,0.002745618112385273,0.997240424156189
4793,3,3,4.832365448237397e-06,1.4167724771141366e-08,0.00023484945995733142,0.9997603297233582
4794,2,2,0.000427375256549567,0.00016794069961179048,0.9574559926986694,0.04194875806570053
4795,2,2,3.7379613786470145e-05,2.0255772597010946e-06,0.9998250603675842,0.00013547744310926646
4796,3,3,8.754455848247744e-06,8.342918249581999e-07,0.002205643570050597,0.9977847933769226
4797,0,0,0.9997287392616272,3.4669426440814277e-06,0.00021810502221342176,4.9733585910871625e-05
4798,2,2,9.970273822546005e-06,3.891827873303555e-06,0.9992688298225403,0.0007172445766627789
4799,0,0,0.9999697208404541,3.4256324852321995e-06,7.072014341247268e-06,1.9792083548964e-05
4800,0,0,0.9964460730552673,3.5365013900445774e-05,0.00024438006221316755,0.0032742919865995646
4801,3,3,1.0224910511169583e-05,4.418829746555275e-08,0.0002520685375202447,0.9997376799583435
4802,0,0,0.9999217987060547,3.099526338701253e-06,5.59730724489782e-05,1.908034573716577e-05
4803,3,3,5.248966772342101e-06,3.2238058338407427e-06,0.00016599241644144058,0.9998255372047424
4804,0,0,0.9999544620513916,8.194636507141695e-07,1.2073264770151582e-05,3.2626216125208884e-05
4805,1,1,4.246173921274021e-05,0.9999464750289917,1.0533820386626758e-05,4.417638876930141e-07
4806,3,3,0.00016641843831166625,0.0003755361249204725,8.24896119411278e-07,0.9994571805000305
4807,2,2,0.002660701982676983,7.207037560874596e-05,0.9952876567840576,0.0019795536063611507
4808,1,1,0.04202680289745331,0.9571561217308044,9.608059917809442e-05,0.000721040356438607
4809,1,1,8.15796956885606e-05,0.9989694356918335,0.0009424336603842676,6.52975904813502e-06
4810,2,2,0.005078610498458147,0.0003374202351551503,0.9360846281051636,0.058499448001384735
4811,0,0,0.9378112554550171,2.0931063772877678e-05,0.014769157394766808,0.04739874601364136
4812,0,0,1.0,8.121334715838202e-10,1.1700405921910573e-10,5.6528279834822115e-09
4813,0,0,0.99998939037323,1.031758870340127e-06,8.489004358125385e-06,1.1693500709952787e-06
4814,0,0,0.9827421307563782,0.00024894156376831234,0.0018814289942383766,0.015127550810575485
4815,3,1,0.0003710321616381407,0.990349531173706,0.005494223441928625,0.0037852225359529257
4816,0,0,0.9999896287918091,1.2375224400784646e-07,3.6817828004132025e-06,6.525528078782372e-06
4817,1,1,1.5955069102346897e-05,0.9999604225158691,3.014847607119009e-06,2.0644283722504042e-05
4818,3,3,0.000693861860781908,0.00017453328473493457,0.004661452490836382,0.9944702386856079
4819,1,1,0.0006135512376204133,0.9993808269500732,2.8165704861748964e-06,2.7103851607535034e-06
4820,0,0,0.9816375374794006,0.012089136056602001,0.00011214543337700889,0.006161206401884556
4821,0,0,0.9968388080596924,7.400927279377356e-05,0.0009014559909701347,0.002185654127970338
4822,2,2,0.0004514478496275842,1.4428444956138264e-05,0.9971933960914612,0.002340715378522873
4823,1,1,0.14640891551971436,0.8487852811813354,0.003683508839458227,0.0011222518514841795
4824,2,1,0.0007329716463573277,0.9326059818267822,0.06551454216241837,0.0011465589050203562
4825,1,1,0.00028531686984933913,0.995253324508667,0.0015428888145834208,0.0029185214079916477
4826,3,3,0.0002623207401484251,8.810565610417598e-09,0.024532044306397438,0.975205659866333
4827,1,1,2.404739234407316e-07,0.9999997615814209,3.002183746048104e-08,4.2805967104264653e-10
4828,2,2,0.1777973771095276,1.643774885451421e-05,0.7993685603141785,0.022817622870206833
4829,3,3,0.0002711822453420609,3.742493248637402e-08,0.061516858637332916,0.9382120370864868
4830,1,1,6.513561402243795e-06,0.9999518394470215,2.53678754233988e-05,1.6299509297823533e-05
4831,3,3,0.05746539682149887,0.009282523766160011,0.3199586868286133,0.6132934093475342
4832,2,2,9.087494277082442e-07,3.887664377089095e-07,0.9999935626983643,5.108034201839473e-06
4833,1,3,0.02905782125890255,0.28910717368125916,0.04029981791973114,0.6415351629257202
4834,0,0,0.9999140501022339,4.3584470404312015e-05,1.5914942196104676e-05,2.6339084797655232e-05
4835,2,2,0.08320591598749161,0.0006476495182141662,0.8703561425209045,0.04579024389386177
4836,2,2,1.0648004717950244e-06,1.04312634918724e-10,0.9999986886978149,2.3681522520746512e-07
4837,2,2,0.01847337745130062,0.0009627345716580749,0.9761675596237183,0.004396324511617422
4838,0,0,0.9999963045120239,8.663254220664385e-07,2.5087640551646473e-06,2.851639067102951e-07
4839,2,2,0.00037975056329742074,3.3261119369853986e-07,0.9991169571876526,0.0005030484171584249
4840,2,2,4.820356843993068e-05,4.4517851165437605e-06,0.9999268054962158,2.059729740722105e-05
4841,0,0,0.9999804496765137,5.080275400359824e-08,5.390608748712111e-06,1.4120627383817919e-05
4842,1,1,1.6324245734722354e-05,0.9998708963394165,7.268514309544116e-05,4.001361958216876e-05
4843,0,0,0.9993531107902527,0.00015382278070319444,0.00047787578660063446,1.523760784039041e-05
4844,3,3,0.006014067679643631,4.642476051230915e-05,0.0009341645636595786,0.9930053353309631
4845,1,1,2.1875695892958902e-05,0.9999452829360962,2.1749076040578075e-05,1.1061097211495508e-05
4846,0,3,0.2104586511850357,8.586199328419752e-06,0.15939421951770782,0.6301385760307312
4847,3,3,0.005487543530762196,0.002611996605992317,0.3576786518096924,0.6342217922210693
4848,1,1,0.00016018666792660952,0.9998124241828918,3.3229327982553514e-06,2.4087386918836273e-05
4849,2,2,0.047749269753694534,7.747923518763855e-05,0.9394912123680115,0.012682024389505386
4850,3,2,3.3396881917724386e-05,3.5060896408367626e-09,0.8453551530838013,0.1546115279197693
4851,1,1,1.9006260117748752e-05,0.9999806880950928,1.1696091206658821e-07,2.1009300610330683e-07
4852,0,0,0.9999982118606567,2.6189418633748573e-08,4.5713045437878463e-07,1.2424837905200548e-06
4853,3,3,0.00039424002170562744,6.390555995494651e-08,0.003586593084037304,0.9960190653800964
4854,1,3,0.0018361308611929417,9.282195605919696e-06,0.003997469320893288,0.9941571950912476
4855,3,3,1.9720144337043166e-05,7.138036835385719e-06,0.006416270975023508,0.9935569167137146
4856,2,2,0.00012180972407804802,5.65819900657516e-05,0.9987758994102478,0.001045765122398734
4857,3,3,8.310214383300263e-08,4.499928901724459e-11,0.00012320726818870753,0.9998767375946045
4858,0,0,0.9866597652435303,1.0831677172973286e-06,0.0013432275736704469,0.011995922774076462
4859,0,0,0.9943766593933105,1.3702380783797707e-05,0.0014271946856752038,0.004182465374469757
4860,3,3,5.110161964694271e-06,2.7316839762425715e-11,7.323348654608708e-06,0.9999876022338867
4861,0,0,0.9986686706542969,0.00027986697386950254,0.0008681760518811643,0.00018330561579205096
4862,2,3,4.10437269238173e-06,5.333639663263057e-08,0.010278620757162571,0.9897172451019287
4863,0,0,0.9530201554298401,0.007765890099108219,0.000792544917203486,0.038421496748924255
4864,2,2,0.0012870359933003783,0.0019216416403651237,0.9679384827613831,0.02885279804468155
4865,2,2,0.00013031302660237998,1.8061113848943933e-07,0.9997137188911438,0.00015579152386635542
4866,3,3,0.00013668312749359757,1.3933521358922007e-06,0.02753186784684658,0.9723300337791443
4867,3,3,0.04225962609052658,0.0020778614562004805,0.0032256077975034714,0.9524369239807129
4868,1,1,0.00017344742082059383,0.999812662601471,9.687774763733614e-06,4.146902483626036e-06
4869,3,3,1.490209058374603e-07,8.62404245238757e-12,0.00016783745377324522,0.999832034111023
4870,3,3,0.02851054072380066,6.723919796058908e-05,0.0004275453684385866,0.9709946513175964
4871,0,0,0.9999147653579712,1.9931422912122798e-07,1.0200072210864164e-05,7.479557825718075e-05
4872,3,3,6.3182196754496545e-06,1.2356252687695246e-09,1.7556176317157224e-06,0.9999918937683105
4873,0,0,0.9999978542327881,4.233622133420489e-11,1.5836685633985326e-06,6.124807896412676e-07
4874,0,0,0.9999988079071045,1.6234403688031307e-07,4.359797003417043e-07,5.928916380071314e-07
4875,1,1,1.1698980415530968e-05,0.9999872446060181,1.4065221876080614e-08,1.0613666745484807e-06
4876,1,1,2.321469219168648e-05,0.9999462366104126,2.0185590983601287e-05,1.0355296581110451e-05
4877,3,3,0.053065262734889984,0.006414089817553759,0.029739242047071457,0.9107813835144043
4878,1,1,2.8682106858468615e-06,0.999946117401123,4.840600013267249e-05,2.609212970128283e-06
4879,1,1,0.0004312726086936891,0.9992960691452026,0.00014738414029125124,0.00012521172175183892
4880,0,0,0.5978497266769409,0.038978010416030884,0.3068828284740448,0.056289464235305786
4881,0,0,0.9999327659606934,1.559764200464997e-06,1.2480832083383575e-05,5.315370435710065e-05
4882,1,1,0.0007348272483795881,0.9933688044548035,0.001047200639732182,0.004849082790315151
4883,3,3,0.0003583879442885518,2.2052947315387428e-05,0.00012997690646443516,0.9994895458221436
4884,1,1,1.4136146830878715e-07,0.9999868869781494,5.696614607586525e-06,7.320110398723045e-06
4885,3,3,5.278337198433292e-07,3.821848171270403e-09,1.029293457577296e-06,0.9999984502792358
4886,0,0,0.9999265670776367,1.4311929419363878e-07,4.594058736984152e-06,6.865083560114726e-05
4887,1,1,0.003731856122612953,0.9962594509124756,7.417899269057671e-06,1.3457589602694497e-06
4888,3,3,0.011413466185331345,2.3813307052478194e-05,0.0010681338608264923,0.9874946475028992
4889,1,1,0.00014048877346795052,0.9989469647407532,0.00012743758270516992,0.0007850659312680364
4890,0,0,0.9999990463256836,1.1132612193209823e-10,1.3242785712463956e-07,7.918521873762074e-07
4891,3,3,7.937108534861181e-07,4.316133583870396e-07,0.011504577472805977,0.9884942173957825
4892,1,1,4.51742698714952e-06,0.9999948740005493,4.6275835074993665e-07,1.0124121274657227e-07
4893,0,0,0.9999958276748657,1.492985290951765e-07,6.047262246511309e-08,3.876945356751094e-06
4894,1,1,0.3861626088619232,0.566042959690094,0.03161294013261795,0.01618144102394581
4895,1,0,0.5232855677604675,0.47059911489486694,0.005422222428023815,0.0006930433446541429
4896,1,1,4.6555560402339324e-06,0.9999823570251465,1.2781925761373714e-05,2.469157607265515e-07
4897,0,0,0.9999995231628418,1.2268569271611796e-08,4.630982175513054e-07,3.22070654590334e-08
4898,3,3,5.354048425942892e-06,1.6310654018525383e-06,0.011913231573998928,0.9880797266960144
4899,1,1,0.004185826517641544,0.9571425914764404,0.007978579960763454,0.030692944303154945
4900,0,1,0.009904501028358936,0.9894285798072815,0.00025064634974114597,0.00041624842560850084
4901,1,1,2.9103313536893438e-08,0.9999994039535522,4.648716185329249e-07,7.27481221929338e-08
4902,2,2,0.014681018888950348,0.0012169991387054324,0.6916958093643188,0.29240620136260986
4903,1,1,4.862678792960651e-07,0.9999995231628418,3.402587367418164e-08,5.372248423896053e-09
4904,3,3,0.00020356677123345435,0.00010351779928896576,0.002957776188850403,0.996735155582428
4905,1,1,0.000434650486567989,0.9961667656898499,0.0018439502455294132,0.0015546093927696347
4906,2,2,0.001752776326611638,3.503119387460174e-06,0.9982206225395203,2.3031725504552014e-05
4907,1,1,1.3860380022379104e-05,0.9996486902236938,9.930902160704136e-05,0.00023809209233149886
4908,2,2,0.00046271484461613,2.180593401135411e-05,0.9786173105239868,0.02089822292327881
4909,0,0,0.9976274371147156,0.00011644261394394562,5.358999260351993e-05,0.0022024952340871096
4910,0,0,0.9999946355819702,3.285334315705768e-08,2.08449955607648e-06,3.323925284348661e-06
4911,1,1,6.663837552878249e-07,0.9999972581863403,1.5037870753076277e-06,6.484611390078499e-07
4912,1,0,0.9980321526527405,0.0013094859896227717,0.0003191102296113968,0.00033921486465260386
4913,1,1,1.404939939675387e-05,0.9999397993087769,4.5192704419605434e-05,9.657580903876806e-07
4914,1,1,1.0635552598614595e-06,0.9999939203262329,4.983744474884588e-06,5.693472004963951e-08
4915,3,3,2.500184200471267e-05,1.0338137457210905e-08,3.2377149636886315e-06,0.9999717473983765
4916,2,2,0.3557727336883545,6.868111057656279e-08,0.6440175771713257,0.00020957925880793482
4917,3,3,0.0006363175925798714,0.00011454716877778992,0.0050164517015218735,0.994232714176178
4918,0,0,0.9985047578811646,0.00025176318013109267,0.000628781330306083,0.0006147652748040855
4919,1,1,6.060074042579799e-07,0.9999992847442627,5.997889473974283e-08,1.5109892004261383e-08
4920,1,1,0.00014167388144414872,0.9998373985290527,5.42860516361543e-06,1.552214780531358e-05
4921,3,2,0.26137879490852356,0.004314219579100609,0.4959765374660492,0.23833045363426208
4922,0,0,0.999976634979248,3.3326650328291407e-09,1.3290083700212563e-07,2.329186099814251e-05
4923,0,0,0.9999953508377075,1.7446431002099416e-06,1.5358672271759133e-06,1.3750748166785343e-06
4924,0,0,0.9999995231628418,1.1350836714996149e-08,3.033699726984196e-07,7.71661774479071e-08
4925,1,1,1.6223983934082753e-08,1.0,2.4479793747644862e-09,1.035843424923577e-10
4926,0,0,0.9994168281555176,0.00013178380322642624,0.00042573126847855747,2.5720511985127814e-05
4927,1,1,1.8603589069243753e-06,0.9999972581863403,3.800878118909168e-07,4.7401860570062126e-07
4928,3,3,1.9192035324522294e-05,1.0085876965604257e-05,0.007613586261868477,0.9923571348190308
4929,2,2,0.09689214080572128,0.07166097313165665,0.8255890607833862,0.00585789093747735
4930,1,1,2.266858256660953e-09,1.0,1.2116712078125147e-09,3.619374799868069e-10
4931,2,2,0.4636837840080261,0.013306028209626675,0.5183618664741516,0.004648312460631132
4932,3,3,0.0004980867379345,3.426904413572629e-07,0.30002686381340027,0.6994747519493103
4933,1,1,0.0006568099488504231,0.9967880249023438,0.0025536331813782454,1.55851660110784e-06
4934,2,2,0.0012207370018586516,5.341479663911741e-06,0.9892163276672363,0.009557590819895267
4935,1,1,1.0416604112606365e-07,0.9999984502792358,7.951738894007576e-07,6.034567263668578e-07
4936,3,3,2.2352332962327637e-05,1.716067110635322e-08,0.0006715942872688174,0.9993060827255249
4937,0,0,0.9999997615814209,2.970429413551301e-08,6.103394412093621e-08,7.520344524891698e-08
4938,1,1,0.0004436848103068769,0.9995469450950623,8.720409823581576e-06,5.570944949795376e-07
4939,0,0,0.9877350926399231,4.827961674891412e-06,0.007161316927522421,0.005098831374198198
4940,2,1,0.0008132461225613952,0.9601083993911743,0.022904396057128906,0.016173893585801125
4941,2,2,0.0005155640537850559,5.021624929213431e-07,0.9994575381278992,2.6415789761813357e-05
4942,3,3,7.975677931426617e-07,3.510863127997865e-11,0.013509883545339108,0.9864892959594727
4943,2,2,0.01840243674814701,0.0021120428573340178,0.9718084931373596,0.007677101995795965
4944,3,3,0.016673438251018524,0.02146696299314499,0.0071363491006195545,0.9547232389450073
4945,0,0,0.9999861717224121,2.700928007470793e-06,8.546300705347676e-06,2.5210929379682057e-06
4946,1,1,8.284107752842829e-05,0.9999053478240967,3.952589850086952e-06,7.922700206108857e-06
4947,3,3,0.0009657324990257621,0.0009341603145003319,0.09747030586004257,0.9006297588348389
4948,0,0,0.9984476566314697,4.4023225200362504e-05,0.00015773445193190128,0.001350525999441743
4949,3,3,6.176708211569348e-06,1.599358666337647e-11,0.002514010528102517,0.9974798560142517
4950,2,2,2.18215845393388e-07,5.774963796056909e-08,0.981582522392273,0.018417181447148323
4951,1,1,4.409767279867083e-05,0.9998670816421509,7.690842903684825e-05,1.1884776540682651e-05
4952,2,0,0.9133719205856323,4.2323250681874924e-07,0.08652841299772263,9.920818411046639e-05
4953,1,1,2.231077814940363e-05,0.9999771118164062,4.063530525399983e-07,1.405401093279579e-07
4954,1,1,3.9714959712000564e-05,0.9999549388885498,2.923774900409626e-06,2.3659349608351476e-06
4955,2,2,0.0008289687102660537,0.00029019531211815774,0.9890069961547852,0.009873883798718452
4956,1,1,1.5708201317465864e-06,0.9999731779098511,2.39328874158673e-05,1.3189338687880081e-06
4957,3,3,2.3806745957699604e-05,2.0216903067193925e-06,0.008745022118091583,0.9912291765213013
4958,3,3,0.3060334622859955,0.0016079896595329046,0.0015706560807302594,0.6907879114151001
4959,2,2,8.655861165607348e-06,7.871369334111478e-09,0.9984527826309204,0.001538485987111926
4960,3,3,1.5889283531578258e-05,1.3838078416483768e-07,0.01606941781938076,0.9839146137237549
4961,2,2,1.9596850506786723e-06,1.9484236446487557e-08,0.9995310306549072,0.00046706307330168784
4962,2,2,5.019527634431142e-06,7.605844842828446e-09,0.999987006187439,8.016669198696036e-06
4963,2,2,0.0008151513175107539,0.0018428816692903638,0.6840237975120544,0.3133181631565094
4964,1,0,0.39102062582969666,0.1516353189945221,0.23116177320480347,0.2261822670698166
4965,3,3,9.569896064931527e-06,1.5965508282533847e-05,0.00047752680256962776,0.9994969367980957
4966,2,2,0.00024783957633189857,2.5478560928604566e-05,0.9529087543487549,0.046817898750305176
4967,0,0,0.9985833168029785,1.60568997671362e-05,0.0009986527729779482,0.0004020078631583601
4968,1,1,0.013089237734675407,0.9566715359687805,0.0007859821198508143,0.029453270137310028
4969,2,2,0.02504228800535202,0.00010006952652474865,0.9628946185112,0.01196298934519291
4970,1,1,0.0005515687516890466,0.9994471669197083,1.1801040500358795e-06,1.1003529465369866e-07
4971,0,0,0.9998414516448975,1.4353158661606358e-08,2.1197030946495943e-05,0.00013725706958211958
4972,2,2,0.03097238391637802,1.8332459148950875e-05,0.9686604142189026,0.00034886092180386186
4973,1,1,4.69697276628267e-08,0.9999995231628418,4.748956712319341e-07,1.809770289185053e-08
4974,1,1,0.0001026442478178069,0.9997671246528625,6.040338485036045e-05,6.985138315940276e-05
4975,2,2,0.0006493781693279743,0.001624785945750773,0.9918351173400879,0.005890767090022564
4976,2,2,0.00018597378220874816,8.267053317467798e-07,0.9996852874755859,0.00012790058099199086
4977,1,1,1.716496313974858e-07,0.9999997615814209,4.648481066737986e-08,5.4132925697558676e-08
4978,3,3,9.364940342493355e-05,0.0016315917018800974,0.004604405257850885,0.9936703443527222
4979,2,3,0.00019306808826513588,3.368291118022171e-06,0.034586790949106216,0.9652167558670044
4980,2,2,0.0009401374263688922,0.0005283940699882805,0.9969356060028076,0.001595819485373795
4981,2,2,0.0001750889205140993,4.305153993300337e-07,0.9997525811195374,7.18839728506282e-05
4982,0,0,0.5421510338783264,0.013900716789066792,0.35392045974731445,0.09002773463726044
4983,3,3,1.619720751477871e-05,0.00020238682918716222,0.00606127455830574,0.9937201738357544
4984,2,2,0.0015151870902627707,0.00014584048767574131,0.9950525164604187,0.00328640965744853
4985,1,1,6.348525403154781e-06,0.9999867677688599,4.926925157633377e-06,1.8564049923952552e-06
4986,2,2,1.2703233551292215e-05,1.2551798533877445e-07,0.5607581734657288,0.43922895193099976
4987,2,2,0.0014738969039171934,2.2975422098170384e-07,0.998384952545166,0.0001409419346600771
4988,3,3,8.384428156205104e-07,3.6832125260843895e-07,0.03814420476555824,0.9618545770645142
4989,2,2,0.012467678636312485,0.06462125480175018,0.922147810459137,0.000763315474614501
4990,0,0,1.0,1.1890221029986492e-09,2.9662956535503326e-09,2.196206416726909e-08
4991,2,2,0.001239459728822112,5.535509990295395e-05,0.9932676553726196,0.005437484476715326
4992,0,0,0.9999639987945557,1.9370490633718873e-07,2.501111703168135e-05,1.0771180313895456e-05
4993,1,1,6.129618590478003e-09,1.0,3.060025477452655e-08,7.2232264614058295e-09
4994,2,2,0.012445248663425446,0.0004804263880942017,0.9863187074661255,0.0007556660566478968
4995,1,1,0.001109361881390214,0.998715877532959,0.00017168947670143098,3.138715328532271e-06
4996,1,1,8.760866876400542e-06,0.9999563694000244,1.1738684406736866e-05,2.3085969587555155e-05
4997,0,2,0.18049058318138123,0.002444271231070161,0.5362817049026489,0.28078344464302063
4998,1,1,0.02464355155825615,0.9506494998931885,0.008704817853868008,0.016002146527171135
4999,2,3,0.0007433585706166923,0.00015268189599737525,0.22256936132907867,0.7765345573425293
5000,2,2,1.0640927030181047e-05,4.126996373088332e-06,0.9999502897262573,3.495276905596256e-05
5001,2,3,0.1163267195224762,0.0011041831457987428,0.35969147086143494,0.52287757396698
5002,1,1,1.1180678427535895e-07,0.9999990463256836,8.34948878036812e-07,1.3889197347793925e-08
5003,3,3,0.0007084142998792231,0.08445361256599426,0.014270043931901455,0.9005680084228516
5004,2,2,0.0034286866430193186,0.0001696225954219699,0.9953204989433289,0.001081255846656859
5005,1,1,5.5740310926921666e-06,0.9999933242797852,3.551189990957937e-07,7.198099751803966e-07
5006,3,3,1.6035295629990287e-05,3.199848833901342e-06,0.1716623455286026,0.8283184766769409
5007,2,2,7.2956237318067e-07,7.175087191058083e-09,0.9865080118179321,0.013491297140717506
5008,0,0,0.9999791383743286,4.70204888358694e-08,1.3666782251675613e-05,7.146577900130069e-06
5009,1,1,1.5374649819932529e-06,0.9999784231185913,1.6573345419601537e-05,3.4842842069338076e-06
5010,0,0,0.9030841588973999,8.376476034754887e-05,0.09661255776882172,0.0002195487468270585
5011,0,0,0.9999836683273315,6.010347078699851e-06,8.011797035578638e-06,2.27632199312211e-06
5012,0,0,1.0,9.336053041764103e-10,1.2646800939819514e-08,1.948389893868807e-08
5013,3,3,3.91022103940486e-06,1.115972554543987e-05,0.009078588336706161,0.9909063577651978
5014,0,0,0.9999885559082031,4.80074247022344e-09,9.192205652652774e-06,2.2324452402244788e-06
5015,1,1,1.0797901239811836e-08,1.0,1.1955555434539633e-09,4.3680419281599825e-09
5016,1,1,7.51902462070575e-07,0.9999991655349731,1.3500732620741474e-07,3.953079641405566e-09
5017,1,1,0.0017207785276696086,0.9971129894256592,7.870972331147641e-05,0.0010875074658542871
5018,2,2,1.946736483660061e-05,2.899221180996392e-05,0.9950124621391296,0.00493905832991004
5019,2,2,0.004070610273629427,0.00012064540351275355,0.9558658599853516,0.0399429127573967
5020,2,2,0.00022025358339305967,1.6763806343078613e-08,0.9726736545562744,0.027106015011668205
5021,1,1,1.2073624766628654e-08,1.0,2.014152178375639e-09,7.649297195655436e-09
5022,1,1,8.221586540457793e-06,0.9999529123306274,3.452018790994771e-05,4.263217306288425e-06
5023,3,3,2.2593210360355442e-06,2.9299163095686254e-10,0.00015494966646656394,0.9998427629470825
5024,1,0,0.6768272519111633,0.289844274520874,0.028372833505272865,0.004955661948770285
5025,2,2,0.0001295435504289344,6.046952876204159e-06,0.9998328685760498,3.149983240291476e-05
5026,1,1,1.1316991503917961e-06,0.9999983310699463,1.6090740473373444e-07,3.0769302838962176e-07
5027,1,1,6.787796337448526e-06,0.9995954632759094,0.00038227226468734443,1.5490797522943467e-05
5028,2,2,0.001548942644149065,4.5394586777547374e-05,0.9838203191757202,0.014585376717150211
5029,1,1,0.00011732453276636079,0.9998750686645508,6.039231266186107e-06,1.5494564422624535e-06
5030,1,1,3.5522598751391854e-11,1.0,1.8306333879336556e-11,2.0375941212069648e-10
5031,2,2,1.549367152620107e-05,1.9054461972700665e-06,0.9996101260185242,0.0003724644484464079
5032,2,2,0.0011359895579516888,1.2604758921952453e-05,0.9968928098678589,0.0019586151465773582
5033,0,0,0.9989944100379944,1.8769857206279994e-06,0.0004922832013107836,0.0005113433580845594
5034,2,2,0.0016903018113225698,6.991298505454324e-06,0.9958103895187378,0.002492346568033099
5035,2,1,0.040708594024181366,0.8968566656112671,0.06176954507827759,0.0006652445299550891
5036,3,3,8.212552984332433e-07,1.4868071218643308e-07,3.211074727005325e-05,0.9999669790267944
5037,1,1,0.1483031064271927,0.8431942462921143,0.00818247627466917,0.00032015121541917324
5038,3,3,0.0004651097988244146,1.12863540735475e-08,1.5634512237738818e-05,0.9995192289352417
5039,0,0,0.9998123049736023,1.291744047193788e-05,0.00017413088062312454,6.504561156361888e-07
5040,2,2,0.00309683452360332,1.1219064788292599e-08,0.9965169429779053,0.0003861351287923753
5041,0,0,0.9999217987060547,1.2480564691941254e-05,2.8212640245328657e-05,3.745092544704676e-05
5042,0,0,0.9999971389770508,1.175541797238111e-07,2.6249379061482614e-06,1.067783941266498e-07
5043,3,2,2.753670560196042e-05,2.3133837956379466e-08,0.6021451354026794,0.39782723784446716
5044,2,2,3.267669308115728e-05,1.3372335843087058e-06,0.984093189239502,0.015872789546847343
5045,3,1,0.0037560153286904097,0.9948118925094604,0.000551717123016715,0.00088037911336869
5046,1,1,0.00026163095026277006,0.9972776770591736,0.0019559573847800493,0.0005047694430686533
5047,2,2,0.12261888384819031,0.0004288683121558279,0.8764191269874573,0.0005332030123099685
5048,3,3,1.64654743173287e-08,7.231240346100565e-13,0.0014476643409579992,0.9985522627830505
5049,1,1,0.000828001881018281,0.9978227615356445,0.0004763374454341829,0.000872950186021626
5050,2,2,1.2632373000087682e-05,8.274870566538084e-08,0.9245697259902954,0.07541751116514206
5051,2,2,0.058724526315927505,0.060056835412979126,0.7507336139678955,0.13048502802848816
5052,1,1,2.3839499263544894e-08,0.9999997615814209,1.2684756711678347e-07,7.252938871715742e-08
5053,3,3,7.628183811903e-05,4.0215017094169525e-08,0.001956104999408126,0.997967541217804
5054,2,2,0.0002978240663651377,5.799892733193701e-06,0.9956525564193726,0.004043851513415575
5055,0,0,0.9738258719444275,0.008536162786185741,0.00667536212131381,0.01096264272928238
5056,3,3,1.0694937913058311e-07,1.8409678295694398e-11,0.000773227890022099,0.9992266893386841
5057,1,1,3.204658696631668e-06,0.9999967813491821,9.647517451583099e-09,4.837985656536148e-08
5058,1,1,2.6786547095980495e-06,0.9999632835388184,2.9003283998463303e-05,5.040399173594778e-06
5059,2,2,0.0017193348612636328,1.1533229837823455e-07,0.9982280135154724,5.259047611616552e-05
5060,3,2,4.653324836567663e-08,9.910074497132548e-12,0.630894124507904,0.36910584568977356
5061,1,1,5.114010264151148e-07,0.999998927116394,4.774379362970649e-07,7.865119044936364e-08
5062,2,2,0.00022358703427016735,1.020253239403246e-05,0.9981644749641418,0.0016017281450331211
5063,2,2,8.641083695692942e-05,0.00038214813685044646,0.9991517066955566,0.0003797939862124622
5064,2,3,5.0821381591958925e-05,0.00013379337906371802,0.05381851643323898,0.9459969401359558
5065,3,3,4.891760454484029e-07,2.431049495044135e-07,0.024304889142513275,0.9756944179534912
5066,1,1,2.339956336072646e-05,0.9999761581420898,3.868727276312711e-07,1.053585485522035e-08
5067,2,0,0.9593200087547302,0.0008878374355845153,0.03866934776306152,0.0011228552320972085
5068,0,0,0.999990701675415,4.07236910859865e-07,1.0490239219507203e-06,7.846160769986454e-06
5069,0,0,0.9998351335525513,4.385737106815668e-09,0.000163792006787844,1.0350162256145268e-06
5070,2,2,0.00010775752161862329,6.676111661363393e-05,0.9938352108001709,0.005990223493427038
5071,1,1,0.00015994306886568666,0.9997726082801819,5.86536007176619e-05,8.87453461473342e-06
5072,3,3,1.7121746509474178e-07,2.378359287291687e-09,0.0002378351491643116,0.9997619986534119
5073,1,1,0.029135212302207947,0.9670467376708984,0.0019731882493942976,0.0018448876217007637
5074,2,2,0.0001379150344291702,1.892481122922618e-05,0.957086980342865,0.04275621101260185
5075,2,2,0.07803317904472351,0.02144511230289936,0.8741099834442139,0.026411712169647217
5076,2,2,0.0011565386084839702,1.6038857353350977e-08,0.9983174800872803,0.0005260213511064649
5077,2,2,0.0004905894747935236,1.2342553645794396e-06,0.999409556388855,9.855960524873808e-05
5078,0,0,0.9999685287475586,3.2547841328778304e-06,2.7376358048059046e-05,7.879072541072674e-07
5079,1,1,0.000413814268540591,0.9964863061904907,0.003046265337616205,5.359494389267638e-05
5080,3,3,0.001704631606116891,7.943013042677194e-05,0.042696185410022736,0.9555198550224304
5081,3,3,1.914256063173525e-05,1.330041925484693e-07,0.003539659082889557,0.9964410662651062
5082,0,0,0.9999996423721313,1.1561159807271792e-09,2.63157251545465e-09,3.706068980591226e-07
5083,2,2,0.0022557086776942015,1.2463545317586977e-05,0.9884015917778015,0.00933028757572174
5084,2,2,4.79304117106949e-06,1.0350105128509313e-07,0.9998329877853394,0.00016208736633416265
5085,1,1,0.016019457951188087,0.982309877872467,0.0011164245661348104,0.0005542486906051636
5086,0,0,0.9998138546943665,1.874931285783532e-06,2.0279658201616257e-05,0.000164044598932378
5087,2,2,1.1102550161012914e-05,2.721767714319867e-06,0.9968358874320984,0.0031503457576036453
5088,3,3,1.135912697236563e-07,6.7771184220077885e-09,0.01865721121430397,0.981342613697052
5089,0,0,0.9992249011993408,0.00025221859687007964,0.0004914910532534122,3.1438736186828464e-05
5090,2,2,0.00011845283734146506,3.660829315776937e-05,0.9996767044067383,0.00016829925880301744
5091,3,3,1.0172417205467355e-05,5.514506824511045e-07,0.016345025971531868,0.9836441874504089
5092,2,2,0.0003481490712147206,1.9979412968496035e-07,0.9847493767738342,0.01490224152803421
5093,3,3,0.0001261634606635198,6.160892240814064e-08,0.00032775787985883653,0.9995459914207458
5094,3,3,0.0014243676559999585,2.36517698795069e-05,0.01334528811275959,0.9852067828178406
5095,1,1,1.0415758424642263e-06,0.9999988079071045,1.4771167400340346e-07,5.222187837716774e-08
5096,0,0,0.9932289123535156,0.003959504421800375,0.0010804778430610895,0.0017311203991994262
5097,1,1,2.9543274649768136e-05,0.999916672706604,5.11224425281398e-05,2.565084059824585e-06
5098,1,1,0.12809912860393524,0.8378573060035706,0.032016318291425705,0.0020272473338991404
5099,1,1,2.082212631648872e-06,0.9999974966049194,3.0546368634531973e-07,1.2344213473625132e-07
5100,3,3,2.2431119361954188e-07,8.176252452862798e-10,1.4377277693711221e-05,0.9999854564666748
5101,3,3,2.731914537434932e-05,7.727080486574778e-08,0.019138220697641373,0.9808343052864075
5102,2,2,0.03386940434575081,0.010049872100353241,0.8397851586341858,0.11629558354616165
5103,3,3,0.0003652230661828071,0.006345354486256838,0.00271893129684031,0.9905705451965332
5104,1,1,0.010953293181955814,0.9864364266395569,0.0013490034034475684,0.0012612964492291212
5105,2,2,0.001473402138799429,9.884422979666851e-06,0.9964767098426819,0.002040037652477622
5106,2,2,0.00019240163965150714,1.60223873990617e-06,0.9993782043457031,0.0004277116968296468
5107,0,0,0.6801636219024658,0.016623303294181824,0.30243080854415894,0.0007822705083526671
5108,2,2,0.0009203392546623945,7.555822230642661e-05,0.9967021346092224,0.0023019423242658377
5109,2,2,5.884296479052864e-05,2.9372713470365852e-05,0.9989871382713318,0.0009246145491488278
5110,1,1,7.848360837670043e-05,0.9999167919158936,4.522014023677912e-06,2.535068404085905e-07
5111,3,3,0.0012056550476700068,2.3999780751182698e-05,0.0005887774750590324,0.9981815814971924
5112,0,0,0.9858474135398865,0.0009779956890270114,0.01270834170281887,0.00046619473141618073
5113,2,2,9.870430403680075e-06,5.444783823804755e-07,0.999962329864502,2.7180247343494557e-05
5114,3,2,0.3804130554199219,4.569128213915974e-05,0.38416486978530884,0.23537634313106537
5115,3,3,0.20530064404010773,4.889731826551724e-06,0.017559006810188293,0.77713543176651
5116,0,0,0.9824701547622681,4.870109364674136e-07,0.0011421937961131334,0.01638726517558098
5117,2,2,2.172343374695629e-05,1.782785297166356e-08,0.9999759197235107,2.329396465938771e-06
5118,0,0,0.999995231628418,1.630918973205553e-07,4.573626483761473e-06,7.316263150869418e-08
5119,2,2,3.9381152419082355e-06,1.530419382334003e-07,0.9999948740005493,9.920120191964088e-07
5120,1,1,0.0004604972491506487,0.9995166063308716,1.7397969713783823e-05,5.519609203474829e-06
5121,0,0,0.9999685287475586,2.6603578589856625e-05,1.420871626578446e-06,3.3986036669375608e-06
5122,0,0,0.9885680675506592,0.00027123664040118456,0.0025727320462465286,0.00858803279697895
5123,3,3,1.7267575458390638e-05,1.9945281337641063e-07,8.413938701323787e-08,0.9999823570251465
5124,0,0,0.9776096940040588,1.751546619743749e-06,0.02034754678606987,0.0020409857388585806
5125,0,0,0.9999357461929321,3.376931658749527e-07,3.6046685636392795e-06,6.0287187807261944e-05
5126,2,2,0.02469700016081333,0.0028429608792066574,0.8395906686782837,0.1328694373369217
5127,3,0,0.7460905313491821,0.156129851937294,0.000572501216083765,0.09720710664987564
5128,0,1,8.311354804391158e-07,0.9999990463256836,9.490728558603223e-08,9.07741792843808e-09
5129,2,3,1.3888003195461351e-05,7.092692726473615e-07,0.0022503063082695007,0.9977350234985352
5130,3,3,0.000434816291090101,1.3249308494778234e-07,0.2538338303565979,0.7457312941551208
5131,3,3,1.1578637895581778e-05,1.7661334368312964e-06,0.2887677252292633,0.7112188935279846
5132,3,3,0.3639479875564575,5.9850557590834796e-05,0.009774316102266312,0.6262179017066956
5133,2,2,5.60463267902378e-05,4.322686436353251e-06,0.9999270439147949,1.2660956599575002e-05
5134,3,3,0.2806755006313324,8.567205077270046e-05,0.05389350652694702,0.665345311164856
5135,3,3,3.6231693911759066e-07,1.2630438916971798e-09,1.0024285984400194e-05,0.9999896287918091
5136,3,3,0.012579838745296001,2.9716345579799963e-06,0.07301874458789825,0.9143984317779541
5137,2,2,1.4764174920856021e-05,1.1958553614022094e-06,0.9449141025543213,0.05506995692849159
5138,3,3,0.005476116202771664,0.00012956596037838608,0.053341057151556015,0.9410532712936401
5139,3,3,0.04051964357495308,0.011768635362386703,0.17444515228271484,0.773266613483429
5140,3,3,8.092502685030922e-05,3.4149913452630187e-10,0.004937972407788038,0.9949811100959778
5141,3,3,0.0016852919943630695,7.925016234366922e-07,0.0007831545080989599,0.9975307583808899
5142,0,0,0.9515954852104187,0.00012706338020507246,0.040778275579214096,0.007499264553189278
5143,2,2,1.7881544408737682e-05,2.2141143745102454e-06,0.9997105002403259,0.0002694282738957554
5144,3,3,0.0012925356859341264,4.5934072545605886e-07,0.04158942401409149,0.9571175575256348
5145,3,0,0.9482477307319641,0.05123747140169144,3.851704968838021e-05,0.00047627391177229583
5146,2,2,0.247862309217453,0.022456448525190353,0.7250251173973083,0.004656105302274227
5147,3,3,0.28296345472335815,4.658022234593773e-08,0.000699819705914706,0.7163366675376892
5148,3,3,1.483933488088951e-06,9.203369621957336e-09,5.927455276832916e-05,0.9999392032623291
5149,2,2,0.006915516220033169,1.9138295101583935e-05,0.9914195537567139,0.0016457770252600312
5150,0,0,0.9969242215156555,5.833533577970229e-06,0.002696095034480095,0.00037383034941740334
5151,3,0,0.4856051206588745,0.04450013488531113,0.20802399516105652,0.26187074184417725
5152,3,0,0.8650359511375427,0.003049085848033428,0.10518975555896759,0.026725303381681442
5153,2,2,3.9889393121939065e-08,3.510023868780188e-11,0.9999997615814209,1.9725631261735543e-07
5154,3,3,0.003578889649361372,2.639788363012485e-06,0.04931914061307907,0.9470993876457214
5155,0,0,0.9991928935050964,4.789328045262664e-08,0.0003589503758121282,0.0004480698553379625
5156,0,0,0.9999629259109497,3.1676233192001746e-08,2.8134978791172216e-08,3.706077768583782e-05
5157,1,1,7.886742423579562e-06,0.9998071789741516,3.235011172364466e-05,0.0001525735278846696
5158,2,2,0.0010743894381448627,1.6863721612025984e-05,0.998741090297699,0.00016765079635661095
5159,3,3,0.001203211722895503,0.0003751075710169971,0.1093362420797348,0.8890854120254517
5160,2,2,4.24250029027462e-05,5.704388073013433e-08,0.9997045397758484,0.0002529738121666014
5161,3,3,0.000725705991499126,3.811658189079026e-08,0.00020816942560486495,0.999066174030304
5162,2,2,3.75329101132138e-08,8.77310057934011e-10,0.9999996423721313,3.971722435380798e-07
5163,0,0,0.9708486199378967,0.02634561061859131,3.1441923056263477e-05,0.002774304710328579
5164,0,3,0.4940464496612549,7.759781874483451e-05,0.0035030858125537634,0.5023728013038635
5165,2,2,3.8307345676003024e-05,9.14736301638186e-05,0.9959396123886108,0.003930540289729834
5166,3,3,4.4279846633799025e-07,8.43657782523266e-11,1.214643179991981e-05,0.9999873638153076
5167,3,3,0.0005693945568054914,1.1323962212372862e-08,0.01003239955753088,0.9893982410430908
5168,1,1,1.076898115570657e-06,0.9999959468841553,3.513942772315204e-07,2.6732832338893786e-06
5169,0,0,0.9911786913871765,0.006223105359822512,1.731749034661334e-05,0.0025807933416217566
5170,3,3,1.6402687208483258e-07,7.339125140948255e-11,0.0005984040326438844,0.9994014501571655
5171,3,3,5.108400364406407e-05,6.185361944854861e-11,4.7154634330581757e-07,0.9999483823776245
5172,2,2,3.4781129215843976e-05,1.2965327300662466e-07,0.9961651563644409,0.003799992613494396
5173,2,2,0.002657053992152214,1.7968903193832375e-05,0.993665337562561,0.00365963252261281
5174,0,0,0.9995173215866089,0.00026506162248551846,7.50883191358298e-05,0.0001425321534043178
5175,2,2,8.30633098303224e-07,2.043030917775468e-06,0.9997215867042542,0.0002754615561570972
5176,2,2,0.0006396225071512163,5.1170918169418655e-08,0.9972695708274841,0.0020907821599394083
5177,3,3,3.10779687424656e-05,1.644848452997394e-07,0.0036482333671301603,0.9963206052780151
5178,1,1,0.00011921489931410179,0.9998533725738525,3.3401497603335883e-06,2.4095728804240935e-05
5179,3,3,5.310623123477853e-07,1.5410145381977713e-10,1.4138645383354742e-05,0.9999853372573853
5180,3,3,0.08139554411172867,0.0014051294419914484,0.0464743934571743,0.8707249760627747
5181,3,3,0.06041668355464935,9.69969065067744e-08,0.04552362859249115,0.8940595984458923
5182,3,3,0.0038374713622033596,3.429591379244812e-05,0.0034578952472656965,0.9926702976226807
5183,1,1,0.00892628449946642,0.9909092783927917,9.58433338382747e-06,0.00015489631914533675
5184,0,0,0.9905611872673035,0.0016416797880083323,0.0007820018217898905,0.0070151458494365215
5185,3,3,1.9429262465564534e-05,2.639152967276459e-07,0.21349863708019257,0.7864816188812256
5186,3,3,0.03482227772474289,0.006379002705216408,0.12994012236595154,0.8288585543632507
5187,3,3,1.2474072718759999e-05,7.557905412625132e-09,0.0005056794034317136,0.9994818568229675
5188,0,0,0.9992547631263733,0.00047774906852282584,7.91792044765316e-05,0.0001882618962554261
5189,3,3,0.021740738302469254,9.485175542067736e-05,7.91391903476324e-06,0.978156566619873
5190,3,3,5.911742482567206e-05,2.725666270464444e-08,0.00012874476669821888,0.9998121857643127
5191,0,0,0.9985789060592651,0.0005287489620968699,0.0004239979025442153,0.00046828322228975594
5192,3,3,0.0015542003093287349,2.924047294072807e-05,0.30857089161872864,0.6898456811904907
5193,0,0,0.6569310426712036,0.0007257066899910569,0.337172269821167,0.005170970223844051
5194,1,1,4.410332621773705e-05,0.9999457597732544,4.549335699266521e-06,5.6262206271640025e-06
5195,1,1,0.0013744867173954844,0.9975987076759338,0.0006247276323847473,0.00040210565202869475
5196,3,3,8.170453838829417e-06,1.0066393940633134e-07,0.015436436980962753,0.9845553040504456
5197,2,2,0.0001507692941231653,0.00012609650730155408,0.9892956614494324,0.010427532717585564
5198,1,1,0.0005448102601803839,0.9994053840637207,1.9837663785438053e-05,3.0057593903620727e-05
5199,2,2,5.428194640444417e-07,1.76955801123313e-08,0.9999865293502808,1.2889380741398782e-05
5200,1,1,6.420593854272738e-05,0.99992835521698,6.692767328786431e-06,7.184505648183404e-07
5201,0,0,0.9999619722366333,3.136011855531251e-06,2.091397618642077e-05,1.3990479601488914e-05
5202,1,1,0.08940313011407852,0.9078336358070374,0.0017170083010569215,0.0010461887577548623
5203,0,0,0.999998927116394,2.1499670310731744e-07,5.971658652015321e-07,3.044561367460119e-07
5204,2,2,1.6614662001757097e-07,2.8128890883216684e-10,0.9999992847442627,5.485080123435182e-07
5205,1,1,1.7956854208023287e-05,0.9999792575836182,2.4370660867134575e-06,3.272015476341039e-07
5206,0,0,0.9999951124191284,4.6620291982435447e-07,3.8644031974399695e-08,4.428367901709862e-06
5207,0,0,0.9999996423721313,3.546558957623347e-07,2.7742863561996955e-10,3.4154329364710634e-10
5208,0,0,0.9998292922973633,1.1576025826798286e-05,3.9185175410239026e-05,0.00011992493091383949
5209,1,1,1.5975722078565013e-07,0.9999998807907104,9.133690470619626e-10,3.8772309807200145e-08
5210,1,1,1.264283673663158e-05,0.9999864101409912,5.454629103951447e-07,3.8075850739005546e-07
5211,1,1,0.00046405495959334075,0.9994226694107056,2.459988763803267e-07,0.00011301258200546727
5212,1,1,3.010946514336865e-08,0.9999998807907104,3.0699691677682495e-08,2.9399304324329023e-08
5213,1,1,0.0007747653289698064,0.9818317890167236,0.00448724627494812,0.012906125746667385
5214,1,1,2.608092108857818e-05,0.9999737739562988,1.0980303954966075e-07,1.3724574365880926e-08
5215,1,1,0.0002931324706878513,0.9990447163581848,0.0006105860811658204,5.1554034143919125e-05
5216,2,2,0.002081226324662566,0.0005403214017860591,0.9395878314971924,0.057790618389844894
5217,2,2,0.04263857752084732,0.0008250311948359013,0.5013085603713989,0.45522788166999817
5218,1,1,2.962213329738006e-05,0.9999703168869019,6.853278478047287e-08,2.1112750658858204e-08
5219,0,0,0.5207334756851196,0.009455460123717785,0.4263569712638855,0.043454159051179886
5220,1,1,3.072082588317926e-09,1.0,1.338407162876365e-09,2.1144509754211782e-10
5221,0,0,0.9999850988388062,1.1166963531650254e-06,1.2240876458236016e-05,1.5003852240624838e-06
5222,2,2,0.0275086909532547,0.0002973231894429773,0.8260936141014099,0.14610040187835693
5223,2,2,0.06070845201611519,6.230761186998279e-07,0.9380630254745483,0.0012278638314455748
5224,2,2,0.2503634989261627,0.0014352384023368359,0.7473676204681396,0.0008336186874657869
5225,2,2,0.0015797876985743642,1.0016475471275044e-06,0.99839848279953,2.077013414236717e-05
5226,1,1,0.00023556576343253255,0.9997624754905701,1.8065120457322337e-06,8.695603526120976e-08
5227,0,0,0.9409745931625366,3.541873923040839e-07,0.05504889786243439,0.00397619279101491
5228,1,1,7.970992044192826e-08,0.9999997615814209,1.0192408549103416e-11,8.433509890437563e-08
5229,1,1,3.7195164281911275e-07,0.9999996423721313,1.2478368338619816e-09,1.0969586350384475e-09
5230,0,0,0.9999996423721313,5.256713953016856e-10,1.297202345540427e-07,1.8108745791778347e-07
5231,0,0,0.9998693466186523,2.624597527756123e-06,6.714677056152141e-06,0.0001213806972373277
5232,2,2,0.002991781337186694,0.0037349932827055454,0.9651907682418823,0.028082450851798058
5233,3,2,0.0005305553204379976,6.194727029651403e-05,0.68799889087677,0.3114085793495178
5234,1,1,6.483975312221446e-07,0.9999992847442627,9.765904707137452e-08,4.0364003806026005e-10
5235,0,0,1.0,7.732323226150584e-09,3.752927568712039e-08,4.974296885507101e-08
5236,0,0,0.9998810291290283,1.9769775008171564e-06,2.0219185898895375e-05,9.67371670412831e-05
5237,0,0,0.9999996423721313,2.3459827858118842e-08,1.3480540417276643e-07,1.8380782762505987e-07
5238,3,3,6.780356216040673e-06,1.81609143955902e-12,2.9677876227651723e-06,0.9999902248382568
5239,1,1,0.016219817101955414,0.8727056384086609,0.10995043069124222,0.0011240692110732198
5240,1,1,1.1608543900365476e-05,0.9999860525131226,2.3562897695228457e-06,4.367281203343509e-09
5241,1,1,0.00022220308892428875,0.9996881484985352,3.600565469241701e-05,5.361222065403126e-05
5242,1,1,1.434655405319063e-05,0.9999672174453735,4.437561528902734e-06,1.3905581909057219e-05
5243,0,0,0.9999998807907104,1.8744550356331047e-09,1.1614329764597642e-07,1.4007116355685412e-08
5244,2,0,0.9301151633262634,9.61854098591175e-08,0.06306371092796326,0.006821006536483765
5245,0,0,0.9998799562454224,8.636852300014652e-08,2.4291543013532646e-05,9.559007594361901e-05
5246,0,0,0.9075545072555542,0.0003417879343032837,0.0015729744918644428,0.09053076058626175
5247,0,0,0.9999936819076538,8.150698960207592e-08,5.634448370983591e-06,6.76490742534952e-07
5248,1,1,0.0003366886230651289,0.999504804611206,0.00015792599879205227,6.44151839424012e-07
5249,0,0,0.9999988079071045,9.177272275451287e-09,7.76059437157528e-07,3.5268379861008725e-07
5250,0,0,0.9955356121063232,3.0732278446521377e-06,7.854198338463902e-05,0.00438275933265686
5251,0,0,0.9999630451202393,3.807074655526321e-09,2.8386506528477184e-05,8.578071174270008e-06
5252,2,2,0.00017563744040671736,4.4849930418422446e-05,0.997681736946106,0.002097718184813857
5253,1,1,7.700341484451201e-07,0.9999970197677612,1.4955387541704113e-06,6.624979391745001e-07
5254,0,0,0.9998165965080261,2.85259517340819e-07,9.822301944950595e-05,8.487630111631006e-05
5255,0,0,0.9999986886978149,2.6776626782520907e-07,2.3130382942326833e-07,7.662919756512565e-07
5256,0,0,0.8731194734573364,0.012583307921886444,0.029498064890503883,0.08479923009872437
5257,0,0,0.6745738387107849,0.07640817016363144,0.22903938591480255,0.019978638738393784
5258,2,2,0.013965746387839317,0.0022463281638920307,0.7775740623474121,0.20621386170387268
5259,2,2,0.0005457404186017811,0.001043176744133234,0.9982730150222778,0.0001379974273731932
5260,3,0,0.5245764851570129,3.6382534744916484e-05,0.0001253898662980646,0.47526174783706665
5261,1,1,2.7464554364087235e-07,0.9999997615814209,1.0303761399654832e-08,7.921851619130393e-09
5262,1,1,0.0016357371350750327,0.9982763528823853,6.598259642487392e-05,2.1847850803169422e-05
5263,0,0,0.9997784495353699,6.034976962610017e-09,0.0001260580902453512,9.544291242491454e-05
5264,3,3,2.7850344395119464e-06,3.7459525970007235e-07,0.0008301752968691289,0.99916672706604
5265,3,2,2.603821485536173e-06,4.1827647123682254e-08,0.9988253712654114,0.0011719504836946726
5266,2,2,0.0004773314867634326,3.2257550628855824e-05,0.9985185265541077,0.0009718482615426183
5267,1,1,0.0017244088230654597,0.9978395700454712,0.00010046360694104806,0.0003355518274474889
5268,1,1,0.015807421877980232,0.9706940650939941,0.009318818338215351,0.004179653245955706
5269,1,1,1.4995470110079623e-06,0.9999984502792358,4.428320557470222e-11,3.20351611904357e-09
5270,2,2,0.0010728489141911268,7.593227564939298e-06,0.998016357421875,0.0009031153749674559
5271,0,0,0.99905925989151,2.5598858588438134e-09,0.0008832867024466395,5.742193752666935e-05
5272,0,2,0.2897847592830658,0.052560266107320786,0.5790002942085266,0.07865465432405472
5273,2,2,8.712805720278993e-05,2.1469689670539083e-07,0.9994027614593506,0.0005099070840515196
5274,0,0,0.9366544485092163,0.0010981278028339148,0.05737372860312462,0.004873728379607201
5275,3,3,0.00012965865607839078,3.1455879252462182e-06,0.001985846320167184,0.9978813529014587
5276,0,0,0.9983087778091431,9.967888217943255e-06,0.0015545638743788004,0.00012663532106671482
5277,2,2,0.10536408424377441,0.0069932942278683186,0.8795706629753113,0.00807194784283638
5278,1,1,0.00042275895248167217,0.9995717406272888,8.54281211104535e-07,4.6636587285320275e-06
5279,1,1,1.850191750918384e-07,0.9999994039535522,2.6533726327215845e-07,1.6189885343464994e-07
5280,2,2,0.0017765543889254332,0.000353668729076162,0.9024360775947571,0.09543374180793762
5281,2,3,0.08876695483922958,0.0007386948564089835,0.11949869990348816,0.7909956574440002
5282,2,2,5.209031314734602e-06,4.616204932972323e-06,0.9998670816421509,0.0001230837224284187
5283,2,2,0.00905556045472622,0.001690676435828209,0.7512065172195435,0.238047257065773
5284,1,1,2.8654364996327786e-06,0.9999970197677612,1.7272398622480978e-08,1.5049407409151172e-07
5285,2,3,0.00449167937040329,0.000562743516638875,0.13249656558036804,0.8624489307403564
5286,0,0,1.0,7.068289842315778e-10,5.137748448902357e-09,4.5601505904713235e-10
5287,0,0,0.9999936819076538,5.201749253558319e-09,6.022290108376183e-06,2.7037816607844434e-07
5288,3,3,0.1970982402563095,0.007570346351712942,0.33817508816719055,0.45715636014938354
5289,1,1,4.912012809654698e-05,0.9997856020927429,3.9558894059155136e-05,0.00012575076834764332
5290,1,1,1.4867102891003015e-06,0.9999089241027832,8.919534593587741e-05,3.866121573992132e-07
5291,0,0,0.9611299633979797,1.3582459359895438e-05,0.00034283657441847026,0.038513630628585815
5292,2,2,2.35824645642424e-05,1.201528789351869e-06,0.9996187686920166,0.00035635518725030124
5293,3,3,0.00023828128178138286,1.955409607035108e-05,0.4865590035915375,0.5131831765174866
5294,1,1,0.0011593630770221353,0.9662460684776306,0.026453902944922447,0.00614060927182436
5295,2,0,0.9059070944786072,0.00021525128977373242,0.09236625581979752,0.0015114888083189726
5296,0,0,0.9998764991760254,0.00011170501966262236,8.648831681057345e-06,3.127486024823156e-06
5297,3,3,0.0014863323885947466,9.19625108508626e-06,0.007928452454507351,0.9905760288238525
5298,3,3,0.00015130684187170118,3.2021804940995935e-07,0.00048622387112118304,0.9993621706962585
5299,2,2,0.0005001783720217645,0.00010279611888108775,0.9959087371826172,0.003488346701487899
5300,2,2,0.0014423688407987356,2.202303676313022e-06,0.9979185461997986,0.0006368364556692541
5301,2,2,0.0014378216583281755,0.003571955719962716,0.9821085929870605,0.012881564907729626
5302,2,2,0.0010247430764138699,0.0003660155343823135,0.9968885779380798,0.0017207112396135926
5303,2,2,0.15218155086040497,2.16868120332947e-05,0.829978883266449,0.01781793311238289
5304,0,0,0.9895085096359253,4.2300266045458557e-07,0.00016504181257914752,0.01032598502933979
5305,3,2,0.0004492462321650237,4.222260395181365e-05,0.5081093907356262,0.4913991391658783
5306,3,3,0.00027086460613645613,8.738118140172446e-07,0.0006924828630872071,0.9990358352661133
5307,3,3,1.1219046882615658e-06,2.798648812696314e-10,2.415426388324704e-05,0.9999747276306152
5308,2,2,0.007168196141719818,1.0321954846403969e-08,0.9671369194984436,0.0256949495524168
5309,2,2,6.976453903462243e-08,4.5561051459364066e-11,0.9999904632568359,9.360642252431717e-06
5310,0,0,0.9992094039916992,0.0006848119664937258,5.197841346671339e-06,0.00010047419345937669
5311,3,3,0.0010674309451133013,4.598232408170588e-05,0.05034357309341431,0.9485430121421814
5312,3,3,0.00011164790339535102,9.173418469288208e-09,0.493156373500824,0.5067319273948669
5313,2,2,1.7364861832902534e-06,4.964174848964831e-08,0.9999467134475708,5.147004048922099e-05
5314,2,2,0.00034341178252361715,1.2957085573361837e-06,0.996699869632721,0.0029554497450590134
5315,2,2,0.0013148575089871883,0.012641268782317638,0.9733710289001465,0.012672833167016506
5316,2,2,0.00038056919584050775,5.801014049211517e-05,0.7896206974983215,0.20994076132774353
5317,3,3,0.0005221713217906654,0.0021064789034426212,0.3758230209350586,0.6215482354164124
5318,3,3,3.6971923691453412e-06,4.961293234373443e-05,1.5791085388627835e-05,0.9999309778213501
5319,1,1,9.760067314346088e-07,0.9999988079071045,1.0445670106662419e-08,2.3245885927281051e-07
5320,0,0,0.9999804496765137,1.2045188846343535e-08,1.4631703379563987e-05,4.8365318434662186e-06
5321,2,2,0.000353354262188077,1.8870816020921666e-09,0.8467838764190674,0.15286283195018768
5322,3,3,0.2902742624282837,2.3473867827306094e-07,0.006652467884123325,0.7030730843544006
5323,3,0,0.776213526725769,3.896008365700254e-06,0.00014468505105469376,0.2236378788948059
5324,3,3,0.0076757147908210754,3.4509914712543832e-06,0.006584392860531807,0.9857365489006042
5325,3,2,5.843347025802359e-05,0.000806554569862783,0.8507260680198669,0.1484089344739914
5326,3,3,0.005815606098622084,2.5321994598925812e-06,0.28085148334503174,0.7133303284645081
5327,1,1,1.0974313227052335e-05,0.9999791383743286,3.168055854985141e-06,6.6686088757705875e-06
5328,3,3,0.00017699530872050673,0.0009553568088449538,0.03223956748843193,0.9666280746459961
5329,3,3,0.015247484669089317,0.0001045185053953901,0.09748061001300812,0.8871673941612244
5330,3,3,6.85448685544543e-06,3.78291675762199e-10,0.0008331848657689989,0.9991599321365356
5331,3,3,1.6936837710090913e-08,3.1950833645488785e-10,9.045756451087072e-05,0.999909520149231
5332,1,1,2.799454341584351e-05,0.999971866607666,7.90783545312479e-08,4.435809586311734e-08
5333,2,2,1.4587190122483662e-08,3.430053463482352e-11,0.9999344348907471,6.561107147717848e-05
5334,1,1,7.341759192058817e-05,0.9998847246170044,5.622734533972107e-06,3.621507858042605e-05
5335,2,2,1.2492280802689493e-05,8.288897568320408e-09,0.9931457042694092,0.006841704249382019
5336,2,2,2.3216147383209318e-05,1.368510993415839e-07,0.9823434352874756,0.017633171752095222
5337,0,0,0.6005725860595703,1.457574762753211e-05,0.10014985501766205,0.29926297068595886
5338,3,3,0.0015919955912977457,0.0009530576644465327,0.003539133118465543,0.9939157366752625
5339,3,3,0.2754974365234375,1.3409354323812295e-05,0.00014736925368197262,0.7243418097496033
5340,3,3,7.81197286414681e-07,1.1162841673240109e-07,0.0001260778371943161,0.9998730421066284
5341,3,3,4.032648348584189e-08,1.2508923584453324e-11,0.0004451708809938282,0.9995548129081726
5342,3,3,0.0001996300561586395,0.0003808900364674628,0.022437918931245804,0.9769815802574158
5343,2,2,0.004066901281476021,1.1142856237711385e-06,0.9945515990257263,0.0013802910689264536
5344,2,2,4.0526778320781887e-05,1.1010153677659673e-08,0.9811930656433105,0.01876644417643547
5345,3,3,5.525289907382103e-06,3.8912581601380225e-08,7.252813247760059e-06,0.9999872446060181
5346,2,2,0.00525517575442791,1.5594472642987967e-05,0.9832616448402405,0.01146766822785139
5347,3,3,1.0584431947791018e-05,2.00116437554243e-06,2.368024615861941e-05,0.9999637603759766
5348,1,1,1.3549602954299189e-05,0.9999808073043823,3.474994173302548e-06,2.176373527618125e-06
5349,0,0,0.9999263286590576,1.6234960753536143e-07,5.104771480546333e-05,2.2454560166806914e-05
5350,2,2,0.04591299220919609,0.35206180810928345,0.6011858582496643,0.0008393281605094671
5351,3,3,3.502634717733599e-05,2.579420232962093e-08,2.0419662178028375e-05,0.9999445676803589
5352,1,1,5.87912336413865e-06,0.9999911785125732,2.4949791566086787e-08,2.8283498068049084e-06
5353,2,2,0.1072620153427124,0.00013538819621317089,0.8763999938964844,0.016202574595808983
5354,3,3,9.056335329660214e-06,7.544916513779754e-08,1.3441894225252327e-05,0.9999773502349854
5355,1,0,0.6063413023948669,0.3928597569465637,0.00041983916889876127,0.0003791266935877502
5356,0,0,0.9887047410011292,0.00010089937859447673,0.003588474355638027,0.007605930790305138
5357,3,3,0.38415834307670593,0.00045158882858231664,0.052737511694431305,0.5626525282859802
5358,0,0,0.999962329864502,5.0519105343482806e-08,7.868439752201084e-06,2.974367635033559e-05
5359,0,0,0.9998308420181274,2.868116553145228e-07,0.00014035396452527493,2.8487782401498407e-05
5360,0,0,0.9999666213989258,9.784768053577864e-07,2.874980418710038e-05,3.6542840007314226e-06
5361,3,3,8.590001016273163e-06,1.1281579759270244e-07,0.00013479632616508752,0.9998564720153809
5362,1,1,3.7330873965402134e-06,0.9998471736907959,8.491759945172817e-05,6.416498217731714e-05
5363,2,2,0.0003359013644512743,1.1887059372384101e-06,0.7759684324264526,0.2236945778131485
5364,2,2,0.001981398556381464,0.000251901539741084,0.9919568300247192,0.005809811409562826
5365,2,2,0.0004248078912496567,1.5933218833197316e-07,0.9995676875114441,7.29202656657435e-06
5366,2,2,0.04091149941086769,0.0002853623009286821,0.9135875105857849,0.045215584337711334
5367,3,3,0.0031352099031209946,0.0018298369832336903,0.02251993678510189,0.9725149869918823
5368,1,1,7.284238381544128e-05,0.9978524446487427,0.0008327109389938414,0.0012419474078342319
5369,0,0,0.7938047647476196,1.462888803871465e-06,0.17049746215343475,0.035696372389793396
5370,2,2,1.0930433802514017e-07,2.421617351089367e-10,0.9999992847442627,5.865794037163141e-07
5371,2,2,0.00029196380637586117,0.0047427574172616005,0.9948122501373291,0.0001529875153210014
5372,3,3,8.020796826713195e-07,2.6135663078186155e-10,0.00019312553922645748,0.9998061060905457
5373,3,3,0.0011730159167200327,6.902193035784876e-06,0.00513298436999321,0.993687093257904
5374,2,2,6.994839350227267e-05,3.050942723348271e-06,0.997795581817627,0.0021314071491360664
5375,2,2,0.0002546844771131873,2.7139785743202083e-06,0.7640316486358643,0.23571103811264038
5376,3,2,0.014667094685137272,0.0004448472463991493,0.8062564134597778,0.17863169312477112
5377,1,1,0.03988675773143768,0.9599643349647522,0.00013593347102869302,1.296340997214429e-05
5378,0,0,0.9995310306549072,5.476392175296496e-07,9.789090108824894e-05,0.00037051484105177224
5379,0,2,0.3576822876930237,0.00016463123029097915,0.6410261392593384,0.0011269532842561603
5380,2,2,0.11603719741106033,5.895152526136371e-07,0.7733109593391418,0.11065130680799484
5381,2,0,0.9656780958175659,1.7828510578965506e-07,0.02014474757015705,0.014177007600665092
5382,3,3,5.395976040745154e-05,1.9193743128198548e-07,0.0022352724336087704,0.9977104663848877
5383,0,0,0.9999969005584717,8.257506323161579e-08,9.57668703449599e-07,2.095856189043843e-06
5384,0,1,0.03191591054201126,0.5726820826530457,0.10064097493886948,0.2947610914707184
5385,3,3,7.829919468349544e-08,1.97175031857455e-09,0.00022341740259435028,0.9997765421867371
5386,3,3,3.3573201108083595e-06,1.4482716892416647e-07,3.3995720514212735e-06,0.999993085861206
5387,3,3,5.082886855234392e-05,4.6799937258867885e-09,0.00800299271941185,0.9919461607933044
5388,3,3,6.447076884796843e-05,0.0009769122116267681,0.002300549065694213,0.9966580867767334
5389,1,1,1.3794967344438192e-05,0.9976636171340942,0.0010416837176308036,0.0012809099862352014
5390,3,3,9.094619599636644e-06,6.110941086490129e-08,0.00011128206097055227,0.9998794794082642
5391,3,3,1.2663386996791814e-06,5.091092134534847e-07,0.05199005827307701,0.948008120059967
5392,2,2,1.6146781490533613e-05,7.259453455032983e-11,0.8279867768287659,0.1719970405101776
5393,3,3,1.4095242022449384e-06,1.158520035460242e-08,3.081730255871662e-06,0.9999954700469971
5394,3,3,2.4255652533611283e-05,1.2564617009047652e-06,0.002691910369321704,0.9972825050354004
5395,3,3,1.5541496622972772e-07,1.534761727428613e-11,3.851470410154434e-06,0.9999959468841553
5396,2,2,0.000976582639850676,0.00010685052984626964,0.9721934199333191,0.026723159477114677
5397,3,3,5.1646351494127885e-05,1.7605870539227908e-07,0.06682472676038742,0.9331234097480774
5398,3,3,2.515889946153038e-06,7.915975430705657e-08,0.0022252784110605717,0.9977720379829407
5399,2,2,0.001331387902610004,0.00010722525621531531,0.9984443783760071,0.00011699543392751366
5400,1,1,9.516329555481207e-06,0.999947190284729,4.2595293052727357e-05,6.824699880780827e-07
5401,1,1,5.232819148659473e-06,0.9999516010284424,3.038047680092859e-07,4.286946204956621e-05
5402,3,0,0.9511623382568359,7.318428743019467e-06,0.0002439426170894876,0.048586420714855194
5403,2,2,4.12670806326787e-06,6.7034489070749714e-09,0.9999911785125732,4.658466423279606e-06
5404,2,2,5.159814918442862e-06,1.239562948285311e-06,0.9999582767486572,3.538895180099644e-05
5405,2,2,0.0001338597503490746,2.172312633774709e-06,0.99469393491745,0.005169987212866545
5406,1,1,0.04204706847667694,0.7880704402923584,0.004589362535625696,0.1652931123971939
5407,1,1,3.941167960874736e-05,0.999829888343811,0.00012666168913710862,4.083755811734591e-06
5408,3,3,8.012364673959382e-07,5.882893727715555e-09,0.00011678597365971655,0.9998823404312134
5409,3,3,0.00935236643999815,0.00012599189358297735,0.011798490770161152,0.9787231683731079
5410,3,2,3.0360990422195755e-05,9.221355412591947e-07,0.9757972359657288,0.024171490222215652
5411,3,3,3.935931090381928e-05,2.1686953914468177e-05,0.00175276433583349,0.9981861710548401
5412,0,0,0.9999997615814209,1.7959644438292344e-08,6.403553243217175e-08,8.061967804451342e-08
5413,2,2,0.008580011315643787,0.0006222930969670415,0.7571768760681152,0.23362086713314056
5414,3,3,8.018746910920527e-08,2.7068211561065425e-10,0.001232207752764225,0.9987677335739136
5415,0,0,0.9999721050262451,9.740736004459905e-07,6.911957228794563e-08,2.6851967049879022e-05
5416,3,3,1.8710452422965318e-05,4.118598440072674e-07,2.0447210772545077e-05,0.9999605417251587
5417,3,3,0.0005238622543402016,0.00471859285607934,0.03547926992177963,0.9592782258987427
5418,2,2,0.0006826420431025326,3.829980869340943e-06,0.9756469130516052,0.023666733875870705
5419,2,2,1.1446837788753328e-06,4.554418921998149e-07,0.9964525699615479,0.0035458134952932596
5420,0,0,0.9742957949638367,0.015863124281167984,0.0037728562019765377,0.006068209186196327
5421,3,3,0.0031914948485791683,0.0005020760581828654,0.3390873968601227,0.6572190523147583
5422,3,3,0.13592089712619781,0.00012659344065468758,0.07164206355810165,0.7923104763031006
5423,2,2,0.0007615911890752614,1.9119431726721814e-06,0.9989879727363586,0.00024854482035152614
5424,1,1,0.012843196280300617,0.983134388923645,0.0011654689442366362,0.0028569954447448254
5425,1,1,0.0038856544997543097,0.9945923686027527,0.001014449866488576,0.000507510092575103
5426,2,2,0.0074859061278402805,9.876835974864662e-05,0.9908782839775085,0.0015371536137536168
5427,3,3,0.00023361081548500806,3.844730235869065e-05,0.00020686985226348042,0.999521017074585
5428,3,3,2.7310761652188376e-05,1.0091849844684475e-06,0.00012010146747343242,0.9998515844345093
5429,0,0,0.9999995231628418,1.0728087862510449e-10,2.3801247550636617e-07,2.802344170049764e-07
5430,1,1,4.427545832186297e-07,0.9999892711639404,1.0171669600822497e-05,1.3924851316460263e-07
5431,2,3,6.919261977600399e-06,8.548907241834325e-12,0.07540145516395569,0.924591600894928
5432,2,2,0.00028582278173416853,0.0002866884460672736,0.9606415033340454,0.0387859046459198
5433,2,2,0.0019611776806414127,0.00020685538765974343,0.5273052453994751,0.47052672505378723
5434,3,3,3.6288017781771487e-06,2.0028329572596704e-07,0.005517357029020786,0.994478702545166
5435,3,3,8.782916847849265e-05,5.0225713494000956e-05,0.0026204511523246765,0.9972414970397949
5436,3,3,4.9960387826786246e-08,2.354770822776686e-10,0.007994651794433594,0.9920052886009216
5437,1,1,3.201983034273326e-08,0.9999998807907104,5.967368110759708e-08,9.63939861264862e-09
5438,3,3,4.6316250518430024e-05,9.868608152885372e-10,0.004798036068677902,0.9951556921005249
5439,3,3,0.03665802255272865,1.1002868660625609e-07,0.3220313489437103,0.6413105726242065
5440,0,0,0.9999628067016602,3.971240857936209e-06,1.2589611287694424e-05,2.0533278075163253e-05
5441,0,0,0.9992241859436035,0.0002811795275192708,2.1205836674198508e-05,0.0004734656831715256
5442,3,3,0.00015747574798297137,0.02013811096549034,0.035628464072942734,0.944075882434845
5443,1,1,2.6709276426117867e-05,0.9999549388885498,2.031925760093145e-06,1.6275998859782703e-05
5444,0,0,0.49695298075675964,0.0012257390189915895,0.49410176277160645,0.00771951861679554
5445,0,0,0.9997416138648987,9.752663565620878e-09,0.00012399861589074135,0.0001344829797744751
5446,3,3,5.5190821512951516e-06,7.787148206261918e-06,0.0001117856299970299,0.9998749494552612
5447,2,2,0.00026550094480626285,4.3383644765526697e-07,0.9997256398200989,8.368707312911283e-06
5448,2,2,0.002808341523632407,0.00284155597910285,0.6528636813163757,0.34148645401000977
5449,1,1,0.15419983863830566,0.7759328484535217,0.056720878928899765,0.013146388344466686
5450,2,2,0.0033317122142761946,0.0007779689622111619,0.995307981967926,0.0005823857500217855
5451,0,0,0.7553706169128418,0.05292372778058052,0.005091848783195019,0.18661390244960785
5452,3,3,6.353835487971082e-05,7.782449529258884e-08,0.0004424473154358566,0.9994938373565674
5453,3,3,8.469743625028059e-05,3.510348324198276e-05,0.00019330331997480243,0.9996868371963501
5454,0,0,0.9989087581634521,9.935170055541676e-07,0.0003696781932376325,0.0007206443697214127
5455,3,3,4.3758482206612825e-05,0.00048164252075366676,0.00017139068222604692,0.9993032217025757
5456,1,1,0.0004938797792419791,0.9993645548820496,0.00012108153168810531,2.0487223082454875e-05
5457,3,3,2.273801555929822e-06,5.4509527558366244e-08,0.00186957698315382,0.9981281161308289
5458,1,1,0.0009709912119433284,0.996523916721344,0.0022744806483387947,0.000230554083827883
5459,1,1,0.0002559528802521527,0.999739944934845,2.2372564671968576e-06,1.8640068901731865e-06
5460,2,2,2.3385446468182636e-08,3.780929180852155e-10,0.9999997615814209,2.8609622404474067e-07
5461,3,3,1.4062451555219013e-05,9.60136592453864e-09,0.010111519135534763,0.9898744821548462
5462,3,3,0.029901159927248955,0.00010226938320556656,0.001132657751441002,0.9688639044761658
5463,0,0,0.9998455047607422,1.227542867354714e-07,4.752182576339692e-06,0.00014963478315621614
5464,3,3,2.7322976166033186e-06,3.4200753340485335e-10,8.878888365870807e-06,0.9999884366989136
5465,2,3,0.0043417057022452354,0.00011297165474388748,0.1226411834359169,0.8729040622711182
5466,3,3,3.819604899035767e-06,1.5207635498115657e-11,0.00012192576832603663,0.9998742341995239
5467,1,1,0.030918754637241364,0.7350167036056519,0.0002517171378713101,0.2338128685951233
5468,3,3,0.0001971150777535513,1.565683902526871e-07,0.008861284703016281,0.9909414649009705
5469,3,3,1.8900297504842456e-07,3.4481029143051956e-09,0.00010513889719732106,0.9998946189880371
5470,2,0,0.5969704389572144,0.005784571170806885,0.3326086401939392,0.06463630497455597
5471,0,0,0.9999946355819702,8.619208529125899e-07,2.2450781500538142e-07,4.2947726797137875e-06
5472,2,2,0.10384106636047363,0.026021836325526237,0.846897542476654,0.023239584639668465
5473,1,1,0.0005197474383749068,0.9994708895683289,1.2372549917927245e-06,8.116311619232874e-06
5474,2,2,0.0010460366029292345,8.369703863309041e-08,0.9984678626060486,0.0004860561457462609
5475,2,2,7.219855615403503e-05,1.3332000889931805e-05,0.9749739766120911,0.024940473958849907
5476,2,2,3.120926294286619e-06,7.073384153954976e-07,0.9829474091529846,0.017048686742782593
5477,3,3,0.004076279234141111,5.184545443626121e-06,0.10001910477876663,0.8958994150161743
5478,1,1,1.3907245374866761e-05,0.9999599456787109,8.015749699552543e-06,1.8150767573388293e-05
5479,2,3,1.5075376722961664e-05,1.939309512977161e-08,0.00923663005232811,0.9907482266426086
5480,3,3,8.882246766006574e-05,7.147851192712551e-06,0.0003037413698621094,0.999600350856781
5481,2,2,1.7362688595312648e-05,2.9888346375628316e-07,0.9999707937240601,1.1474745406303555e-05
5482,3,3,5.6965494877658784e-05,6.08232753052107e-09,0.009456388652324677,0.9904866814613342
5483,2,2,0.0026751214172691107,9.31163128825574e-07,0.9972912669181824,3.267891952418722e-05
5484,1,1,2.1793042370710225e-10,1.0,5.8366449451341396e-08,3.5342222204359786e-11
5485,3,3,0.0008381713414564729,1.590550482433173e-07,0.003796165343374014,0.9953655004501343
5486,3,3,5.513268419576889e-08,6.151992977543319e-13,0.00047216308303177357,0.9995278120040894
5487,0,0,0.9999977350234985,4.259587882415872e-08,1.6883335618445017e-08,2.2125086616142653e-06
5488,0,0,0.9997103810310364,5.475847956404323e-06,4.151893335802015e-07,0.00028378237038850784
5489,2,2,2.028180824709125e-05,0.00016831353423185647,0.9997653365135193,4.604157220455818e-05
5490,1,1,1.6880063640201115e-06,0.9999973773956299,9.879943263513269e-07,5.653344459233267e-08
5491,1,1,1.4968245523050427e-05,0.9999814033508301,3.66953645425383e-06,5.682779047333497e-08
5492,2,2,0.0001406250667059794,0.00018057906709145755,0.9992488026618958,0.0004299645952414721
5493,2,2,1.7585632576810895e-06,1.3056170189429395e-07,0.9994826316833496,0.000515374937094748
5494,1,1,0.01781330071389675,0.97709059715271,0.003317690920084715,0.001778345205821097
5495,2,2,0.0009158701868727803,0.0005474227946251631,0.9979840517044067,0.0005526599125005305
5496,1,1,1.953311539182323e-07,0.9999997615814209,1.931032417301637e-10,1.6775011935088457e-11
5497,0,0,0.9998422861099243,2.229119218100095e-06,0.0001025050223688595,5.2903280447935686e-05
5498,2,2,8.821180927043315e-06,7.756562325766936e-08,0.9999898672103882,1.2853856787842233e-06
5499,1,1,1.7648126231506467e-05,0.9998860359191895,4.727261057269061e-06,9.154972212854773e-05
5500,0,0,0.9997445940971375,0.00024050372303463519,3.3627882203290937e-06,1.1602243830566294e-05
5501,2,2,0.12750005722045898,0.0008805020479485393,0.49369582533836365,0.3779236078262329
5502,2,2,9.529811109132424e-07,2.876154212572146e-06,0.9987634420394897,0.001232714974321425
5503,1,1,3.983670467277989e-06,0.9999921321868896,1.6667288491589716e-06,2.2371334580384428e-06
5504,2,2,0.0006468782667070627,6.196930189616978e-05,0.9922794103622437,0.007011659909039736
5505,2,2,0.0009975847788155079,1.7628806745051406e-05,0.9838131666183472,0.015171662904322147
5506,2,2,0.0012382467975839972,5.679851528839208e-05,0.9980588555335999,0.0006461776210926473
5507,1,1,0.0012387841707095504,0.9872334003448486,0.010629483498632908,0.0008983076550066471
5508,3,3,0.008942793123424053,0.002741229720413685,0.0001532837632112205,0.9881626963615417
5509,1,1,6.02579007136228e-07,0.9999983310699463,1.0374592420703266e-06,3.684322891217562e-08
5510,0,0,0.9999455213546753,1.618277747184038e-05,3.5977405786979944e-05,2.3094253265298903e-06
5511,3,3,0.004281369969248772,0.0002993800153490156,0.07402815669775009,0.9213910698890686
5512,3,3,0.0012003849260509014,1.4662592775493977e-06,0.0016965564573183656,0.9971016049385071
5513,0,0,0.9998688697814941,1.4531120484662097e-07,1.9212379243072064e-08,0.0001309307262999937
5514,3,3,5.441946268547326e-05,7.912511819085921e-07,0.01934472844004631,0.9806000590324402
5515,3,3,1.4227441624825587e-07,3.899357919889823e-11,0.00028919309261254966,0.9997106194496155
5516,0,0,0.9999101161956787,7.727051638539706e-07,3.7675436033168808e-06,8.530924969818443e-05
5517,0,0,0.9999986886978149,7.50602069388151e-08,2.1261145377593493e-07,9.866040500128292e-07
5518,2,2,9.589101864548866e-06,6.3790562307985965e-06,0.9999796152114868,4.413193437358132e-06
5519,2,2,3.967027078033425e-05,0.0005056185182183981,0.9994214773178101,3.319782263133675e-05
5520,0,0,0.9999998807907104,1.3818570732127e-09,2.1232793301351194e-08,1.4661236491519958e-07
5521,0,0,0.9887754917144775,6.684024265268818e-05,0.008441553451120853,0.002716136397793889
5522,1,1,0.08616532385349274,0.9068936705589294,0.0023764772340655327,0.004564524628221989
5523,2,2,0.042238425463438034,0.0032657375559210777,0.9335723519325256,0.02092350833117962
5524,2,2,0.001540840370580554,0.0023137922398746014,0.951916515827179,0.0442289300262928
5525,3,3,5.709202469006414e-06,3.6859357788188163e-09,0.0013726092875003815,0.9986217021942139
5526,3,3,1.9327438849359169e-07,9.264027767130756e-08,0.000685971521306783,0.9993137121200562
5527,0,0,0.9999972581863403,6.110744266152324e-07,1.3475681726049515e-06,7.943702371449035e-07
5528,2,2,0.00015382489073090255,1.9337796402396634e-05,0.9995040893554688,0.00032269893563352525
5529,1,1,1.9844193957396783e-05,0.999854564666748,8.004673145478591e-05,4.547573917079717e-05
5530,2,2,3.581001806196582e-07,2.0325676359789213e-06,0.9999675750732422,3.0087758204899728e-05
5531,3,3,0.00011200209701200947,5.22340924362652e-05,0.13764676451683044,0.8621890544891357
5532,2,3,3.859544449369423e-06,6.247211103982409e-07,3.981768895755522e-05,0.9999557733535767
5533,3,2,0.0008839097572490573,1.273165071324911e-05,0.5717069506645203,0.42739632725715637
5534,0,1,0.1159016489982605,0.8828846216201782,4.088578498340212e-05,0.0011728941462934017
5535,2,2,5.407668504631147e-05,2.7336718630976975e-06,0.9790034890174866,0.020939722657203674
5536,1,1,0.00475418521091342,0.9826599359512329,0.004276843275874853,0.00830906257033348
5537,3,0,0.6658385396003723,2.367094566579908e-06,0.007475454360246658,0.3266836404800415
5538,1,1,0.00014767576067242771,0.9997456669807434,1.883330878627021e-05,8.784908277448267e-05
5539,0,0,0.8993116021156311,4.227972021908499e-05,0.0044115278869867325,0.0962345153093338
5540,2,2,2.9714847187278792e-06,3.0312461429815585e-09,0.9999924898147583,4.519932645052904e-06
5541,2,2,0.0033365951385349035,1.250283787612716e-07,0.996086835861206,0.0005765070091001689
5542,2,2,5.516769670066424e-05,1.230843167832063e-06,0.9762500524520874,0.023693619295954704
5543,1,1,1.2208115549583454e-06,0.9999988079071045,4.836636424698781e-09,3.6331013752999297e-09
5544,0,0,0.9999991655349731,4.499471906171948e-09,5.027918064115511e-07,2.97777233981833e-07
5545,3,3,4.02977366320556e-06,1.0722664423035155e-10,0.008631851524114609,0.9913641214370728
5546,3,3,0.0014529983745887876,8.499526302330196e-05,0.13704648613929749,0.8614155054092407
5547,1,1,2.574216750872438e-07,0.9999997615814209,2.8879141300564015e-09,2.226360651391701e-09
5548,2,2,0.000976826180703938,3.082786633967771e-06,0.9847233295440674,0.01429675705730915
5549,0,0,0.9998965263366699,5.0333046175410345e-08,1.383454855385935e-05,8.954060467658564e-05
5550,0,0,0.9999995231628418,2.0981334003522534e-08,1.3013028876684984e-08,4.4508715291158296e-07
5551,3,3,0.0002635485434439033,5.142287928805445e-09,1.6112795719891437e-06,0.9997348189353943
5552,1,1,1.201569102704525e-05,0.9999798536300659,5.5719042393320706e-06,2.4744260826992104e-06
5553,0,0,0.9998132586479187,5.879493255633861e-05,0.00012395239900797606,4.0169998101191595e-06
5554,2,2,0.000249149656156078,4.723598522105021e-06,0.9979534149169922,0.0017927041044458747
5555,3,2,0.2519136965274811,2.9379177703958703e-06,0.4201361835002899,0.3279472291469574
5556,3,3,1.497499191316365e-08,6.9104952871157366e-09,2.421553517706343e-06,0.999997615814209
5557,1,1,6.848779321444454e-07,0.9999978542327881,5.050093250247301e-07,9.293904099649808e-07
5558,3,3,7.022874282114344e-09,1.0604537692415761e-08,3.4793929444276728e-06,0.999996542930603
5559,2,3,0.0038259257562458515,3.71586975234095e-05,0.46651485562324524,0.5296220183372498
5560,1,1,2.1198345621087356e-06,0.9998705387115479,0.0001251813373528421,2.1778091650048736e-06
5561,0,0,0.9997583031654358,0.0001500182261224836,4.269305645721033e-05,4.899471969110891e-05
5562,2,2,0.0008090656483545899,2.2212025214685127e-05,0.9448320269584656,0.05433670058846474
5563,1,1,0.0006965355714783072,0.9992542862892151,3.4142271033488214e-05,1.4991250282037072e-05
5564,0,0,1.0,2.0040499815188184e-10,1.4308162432641325e-09,1.415577699503956e-08
5565,3,3,0.0010246522724628448,0.0002556024119257927,0.0009360857075080276,0.9977837204933167
5566,0,0,0.9998818635940552,2.9556399994135063e-08,8.29868804430589e-06,0.00010970320727210492
5567,3,3,5.0144117267336696e-05,1.6738624253775924e-05,0.013096521608531475,0.9868366718292236
5568,0,0,0.9999935626983643,4.27626787313784e-07,2.8123529318691e-06,3.11511712425272e-06
5569,1,1,4.917911056168123e-08,1.0,1.9667467654471693e-10,3.1186800364402245e-10
5570,1,1,0.00024054019013419747,0.9994843006134033,7.491714313800912e-06,0.0002675725263543427
5571,1,0,0.7557983994483948,0.17881964147090912,0.06328919529914856,0.0020927630830556154
5572,1,1,1.4250742424337659e-05,0.9994044303894043,0.000286854658043012,0.00029450422152876854
5573,2,2,0.018596863374114037,5.874554062756943e-06,0.8445442318916321,0.13685297966003418
5574,2,2,0.0015998107846826315,1.4968262803449761e-05,0.9461497068405151,0.05223548039793968
5575,0,0,0.9999953508377075,1.2610748001407046e-09,1.2480928717195638e-06,3.490099743430619e-06
5576,1,1,1.8057800161841442e-06,0.9999979734420776,7.23221731391277e-08,6.96928523780116e-08
5577,1,1,0.00019481376511976123,0.9997473359107971,2.863722875190433e-05,2.9163000363041647e-05
5578,0,0,0.9999982118606567,2.831679557502298e-09,3.375492241275424e-08,1.7547665720485384e-06
5579,0,0,0.9999942779541016,8.238885129685514e-07,1.5155624168983195e-06,3.3464493753854185e-06
5580,2,2,2.126235813193489e-06,5.194829455490435e-08,0.9999855756759644,1.2216287359478883e-05
5581,3,3,0.0008872296893969178,0.0001941305963555351,0.027274001389741898,0.9716445803642273
5582,2,2,0.00010469921107869595,1.6897804755444668e-07,0.9979947805404663,0.0019003225024789572
5583,1,1,0.0004181598487775773,0.9966887831687927,0.0009230130235664546,0.001970029668882489
5584,0,0,0.9996386766433716,3.123354872514028e-07,0.00019500969210639596,0.00016602281539235264
5585,1,1,1.3505546681003011e-09,1.0,1.7040278693300492e-12,1.1078328358837819e-11
5586,2,2,0.05940096452832222,1.9968332708231173e-05,0.887126624584198,0.053452540189027786
5587,3,3,0.00013230543117970228,0.0006556725711561739,0.013125036843121052,0.986086905002594
5588,0,0,0.8570168018341064,4.43983232401024e-08,0.13607144355773926,0.006911689881235361
5589,0,0,0.9308028221130371,0.057757582515478134,0.006858391687273979,0.0045812856405973434
5590,2,2,0.021551737561821938,0.0015347296139225364,0.8915427923202515,0.08537077158689499
5591,2,2,7.690575876040384e-05,0.00015036208787932992,0.999229907989502,0.0005427526775747538
5592,2,2,0.24891437590122223,1.243796248218132e-07,0.7498142123222351,0.0012712785974144936
5593,2,2,1.0957649465126451e-05,9.909413734021655e-08,0.9996832609176636,0.00030567875364795327
5594,1,1,2.8971228971386154e-08,0.9999996423721313,3.1496369956585113e-07,1.996481913124626e-08
5595,0,0,0.9963010549545288,2.4983724870253354e-05,0.0033437623642385006,0.00033011287450790405
5596,0,0,0.9998013377189636,3.289829919594922e-07,3.8349313399521634e-05,0.000160014649736695
5597,0,0,0.5606061816215515,9.583927607081932e-08,0.3634655475616455,0.07592812180519104
5598,3,3,6.991548434598371e-05,5.290317858452909e-05,0.0001178248057840392,0.9997593760490417
5599,1,1,8.990820788312703e-05,0.998544454574585,0.0011595624964684248,0.00020608377235475928
5600,2,2,0.020640168339014053,1.6430317373306025e-06,0.9601477384567261,0.019210444763302803
5601,2,2,2.5746273877302883e-06,5.821227588853617e-08,0.8000103235244751,0.1999870240688324
5602,2,0,0.9948505759239197,0.0005514277145266533,0.0037088091485202312,0.000889152055606246
5603,3,3,7.322871056203439e-07,7.746096125638147e-11,4.964405161445029e-05,0.99994957447052
5604,3,3,3.921622010238934e-06,3.0394389227694774e-08,7.685107448196504e-06,0.9999884366989136
5605,3,3,1.4896073707859614e-07,5.081760207949204e-13,0.00013290041533764452,0.9998669624328613
5606,1,1,5.259644967736676e-05,0.9970911741256714,0.0023485736455768347,0.0005076895467936993
5607,0,0,0.9999101161956787,1.7611922658034018e-06,8.380183862755075e-05,4.32097249358776e-06
5608,0,0,0.9999686479568481,3.7204409863988985e-07,1.6181456885533407e-05,1.4759005352971144e-05
5609,3,3,0.02799740619957447,0.25475025177001953,0.08057822287082672,0.6366740465164185
5610,0,0,0.9935520887374878,0.0018376068910583854,0.004497037269175053,0.00011319904297124594
5611,3,3,0.008208218961954117,3.6497413020697422e-06,0.0002696077572181821,0.9915185570716858
5612,0,0,0.8261569738388062,0.01008395291864872,0.11627604812383652,0.047483060508966446
5613,0,0,0.9997771382331848,0.00013766062329523265,5.054651865066262e-06,8.020137465791777e-05
5614,0,0,0.997613787651062,1.2980925134797872e-07,0.0011227071518078446,0.0012634630547836423
5615,0,0,0.9863682389259338,0.003632071428000927,0.00030744195100851357,0.009692282415926456
5616,3,3,3.4692010331127676e-07,1.5021386912117407e-11,3.695975465234369e-05,0.9999626874923706
5617,0,0,0.7308617830276489,0.13629257678985596,0.0005388062563724816,0.13230687379837036
5618,2,2,0.0003546045918483287,6.80912853567861e-05,0.9992491602897644,0.00032810610719025135
5619,3,3,0.0004714347596745938,3.087539557355967e-09,0.0001801408943720162,0.9993484616279602
5620,3,3,0.00013595412019640207,2.902335609178408e-06,0.0007424044306389987,0.9991187453269958
5621,2,2,8.933234312280547e-07,2.178584201928402e-09,0.9999971389770508,2.054141305052326e-06
5622,3,3,2.8435932108550332e-05,4.745445494336309e-06,0.04898301139473915,0.9509837627410889
5623,2,2,1.4714328244735952e-06,1.4218253241438106e-08,0.999911904335022,8.659352170070633e-05
5624,1,1,2.9301563841954703e-08,1.0,7.298282533874101e-10,3.22161408661259e-10
5625,3,3,0.011980575509369373,1.3070594384601009e-08,0.17308776080608368,0.8149316310882568
5626,3,3,3.141080014756881e-05,4.365497261460405e-07,0.004553419072180986,0.9954146146774292
5627,3,2,0.0020662907045334578,0.0006030433578416705,0.5272547006607056,0.47007593512535095
5628,2,2,2.933907489932608e-05,0.00013294914970174432,0.9998072981834412,3.0442246497841552e-05
5629,3,3,5.401517228165176e-06,1.1973917413143909e-09,0.02151935175061226,0.9784752130508423
5630,0,0,0.9999966621398926,9.729841821126683e-09,2.4134633349603973e-06,9.324414804723347e-07
5631,1,1,9.031415260096765e-08,0.9999990463256836,5.592624141570468e-10,8.076024755609978e-07
5632,0,0,0.9999905824661255,1.3000607701485478e-08,1.7700598391456879e-06,7.608828127558809e-06
5633,0,0,0.9999183416366577,1.713704364192381e-06,2.211548235209193e-06,7.770034426357597e-05
5634,3,0,0.4992593824863434,0.4538668394088745,0.0037490669637918472,0.043124642223119736
5635,2,2,0.00011651997920125723,2.80237281913287e-06,0.9993913173675537,0.0004893462173640728
5636,1,1,3.983915974892227e-11,1.0,2.784699693059167e-10,1.2117462415417446e-11
5637,0,0,0.9973860383033752,0.00016287926700897515,0.002354829804971814,9.618165495339781e-05
5638,2,2,0.0001927905686898157,1.3677190224825608e-07,0.999640941619873,0.00016614500782452524
5639,3,3,1.2043959941365756e-05,5.227759913850605e-08,0.01861962117254734,0.981368362903595
5640,2,2,0.0010236100060865283,0.0012528639053925872,0.5798816680908203,0.4178418219089508
5641,0,0,0.9999827146530151,6.289275233939406e-08,7.924024430394638e-06,9.313927876064554e-06
5642,0,0,0.9988853335380554,1.5779605746502057e-06,6.846795258752536e-06,0.0011062728008255363
5643,1,1,1.866128332039807e-05,0.9999746084213257,5.181971573620103e-06,1.5445383496626164e-06
5644,0,0,0.9963893890380859,0.002673570066690445,0.000878858205396682,5.821245213155635e-05
5645,1,1,9.49773530010134e-05,0.9981489181518555,0.000606314919423312,0.0011498009553179145
5646,0,0,0.9697877764701843,0.016524428501725197,0.00549034308642149,0.00819748267531395
5647,0,0,0.9953513145446777,0.00013755654799751937,0.004436972085386515,7.416876178467646e-05
5648,1,1,0.008844448253512383,0.8990525603294373,0.06215101107954979,0.029951974749565125
5649,0,0,0.9997408986091614,6.332282396215305e-07,0.00022213686315808445,3.6363657272886485e-05
5650,2,2,0.001411997596733272,7.049055420793593e-05,0.9848138689994812,0.01370375044643879
5651,3,3,0.3414166569709778,0.09579688310623169,0.06720445305109024,0.49558204412460327
5652,3,3,8.229240067159083e-10,4.701500078141407e-09,0.0004191789194010198,0.9995808005332947
5653,1,1,3.467931264822255e-06,0.9999957084655762,9.690832314390718e-08,7.577617111564905e-07
5654,1,1,2.0881698503671942e-07,0.9999997615814209,6.767577787059054e-08,9.760797725633097e-10
5655,0,0,0.9998452663421631,0.00014667703362647444,6.829984613432316e-06,1.2979481880392996e-06
5656,1,1,0.015752898529171944,0.9716174602508545,0.009710745885968208,0.0029189735651016235
5657,2,2,0.0008475938229821622,4.33653121945099e-06,0.9960591793060303,0.003088906407356262
5658,1,1,9.56501935434062e-08,0.999998927116394,4.556463650828846e-08,9.621710432838881e-07
5659,3,3,0.09712424129247665,0.03996611386537552,0.0037114156875759363,0.8591982126235962
5660,0,0,0.9999996423721313,2.042108704358725e-08,2.169692834286252e-07,1.4657067026746518e-07
5661,1,1,8.614483570923426e-10,1.0,1.2357047676769817e-11,4.6984728607757376e-11
5662,3,3,3.077641608228987e-08,6.183037970508565e-10,0.0005307130631990731,0.9994692206382751
5663,1,1,1.7748359823599458e-05,0.9905531406402588,0.005607989151030779,0.0038211571518331766
5664,1,1,7.13936060492415e-06,0.999992847442627,5.758144516754271e-10,1.0839775299587018e-08
5665,1,1,3.7115106010787713e-07,0.9999991655349731,3.985339702694546e-08,5.349021421352518e-07
5666,2,0,0.9073240160942078,0.0001571942848386243,0.09229201823472977,0.0002267311792820692
5667,3,3,0.0005843935068696737,2.1222255952579872e-07,0.0007355348789133132,0.9986798167228699
5668,1,1,4.957783517056669e-09,0.9999997615814209,7.116480560398486e-08,1.250231349558817e-07
5669,1,1,3.970636708316988e-09,1.0,1.1046632053535177e-08,7.547357405712773e-09
5670,1,1,4.594904567056801e-06,0.9999953508377075,1.1299717828094913e-09,4.529626895788397e-09
5671,1,1,0.022429820150136948,0.9762927293777466,0.00043497138540260494,0.0008425263222306967
5672,0,0,0.9998213648796082,8.046136827033479e-06,0.00013745877367909998,3.3236643503187224e-05
5673,1,1,6.228852811318575e-08,0.9999934434890747,1.4238302128433133e-06,5.180922471481608e-06
5674,2,1,0.052032794803380966,0.9375803470611572,0.004221214447170496,0.006165683269500732
5675,1,1,0.000854865531437099,0.9975208640098572,0.0013241692213341594,0.0003001484146807343
5676,1,1,0.0004176116199232638,0.9987990856170654,0.0007830655667930841,2.50680841418216e-07
5677,1,1,3.8437538023572415e-05,0.9999611377716064,2.667916874088405e-07,1.1929296306334436e-07
5678,2,2,1.4550563719240017e-05,1.8023968095803866e-06,0.9188876152038574,0.08109593391418457
5679,1,1,2.4693546762932783e-08,0.9999997615814209,6.320420453675979e-08,1.5449769819042558e-07
5680,1,1,0.00013156517525203526,0.9998676776885986,2.8521029094008554e-08,7.70757424106705e-07
5681,3,3,1.0015072575697559e-06,4.584320034695111e-09,0.002069620881229639,0.9979293346405029
5682,0,0,0.9992027878761292,1.2119385246478487e-06,8.784225065028295e-05,0.0007082907832227647
5683,3,3,0.3814736008644104,0.0009088230435736477,0.00902529526501894,0.6085922718048096
5684,3,3,0.010497340001165867,5.030538886785507e-05,0.024428972974419594,0.965023398399353
5685,0,2,0.10100379586219788,7.773475658723328e-07,0.8504339456558228,0.048561472445726395
5686,3,0,0.9513979554176331,0.029112517833709717,0.00019953539595007896,0.019289977848529816
5687,3,3,0.00024471781216561794,0.1141996756196022,0.014016903936862946,0.8715386986732483
5688,1,1,3.546273728716187e-05,0.9999239444732666,3.630190985859372e-05,4.288501713745063e-06
5689,0,0,0.9997603297233582,6.539370360769681e-07,6.3176426010613795e-06,0.000232668113312684
5690,2,3,0.2183375358581543,0.0023421423975378275,0.34094712138175964,0.4383732080459595
5691,3,3,2.3681481309267838e-07,4.568304068364171e-11,0.09154865890741348,0.9084510803222656
5692,1,2,0.001997467130422592,0.45323169231414795,0.544154167175293,0.0006166059756651521
5693,1,1,0.039170969277620316,0.7533920407295227,0.025653112679719925,0.18178382515907288
5694,1,3,0.009019491262733936,0.4292981028556824,0.04740668088197708,0.5142757296562195
5695,0,0,0.9997034668922424,2.415195012872573e-07,0.00025516198365949094,4.1057650378206745e-05
5696,1,1,0.007729508448392153,0.9852656722068787,0.006959991529583931,4.481083669816144e-05
5697,3,3,3.494270640658215e-05,1.6377683778046048e-06,0.0007794080884195864,0.9991839528083801
5698,3,3,0.006503903307020664,0.00014059655950404704,0.015368811786174774,0.9779866337776184
5699,1,1,1.0223948265775107e-06,0.999998927116394,1.4353630506391823e-09,8.351063840450479e-09
5700,0,0,0.9984513521194458,0.0002523220027796924,0.0011822559172287583,0.0001140678214142099
5701,2,2,0.009465009905397892,0.04518463835120201,0.9320572018623352,0.013293180614709854
5702,1,1,2.4377372028538957e-05,0.9999279975891113,3.773071148316376e-05,9.834208867687266e-06
5703,0,0,0.9991174340248108,9.580253390595317e-07,0.00014087017916608602,0.0007407612283714116
5704,3,3,1.6132409655256197e-05,8.41438861698407e-07,0.0007656199159100652,0.9992173910140991
5705,1,1,0.0007443246431648731,0.9991969466209412,5.662506373482756e-05,2.136312559741782e-06
5706,1,1,2.052413947239984e-06,0.9999970197677612,2.696272927149579e-10,9.232562092620356e-07
5707,1,1,4.604181867762236e-06,0.9999513626098633,4.0038139559328556e-05,3.98392239731038e-06
5708,2,2,0.008405638858675957,3.32593554048799e-05,0.9455564618110657,0.04600462689995766
5709,1,1,0.00013983703684061766,0.9995494484901428,0.00030693213921040297,3.776460061999387e-06
5710,0,0,0.9999079704284668,2.8567521439981647e-05,4.982004497833259e-08,6.350954208755866e-05
5711,0,0,0.9964898228645325,0.00011900946992682293,6.925871275598183e-05,0.003321862081065774
5712,1,1,1.9808069282589713e-06,0.9999974966049194,3.0611926149504143e-07,1.906674356177973e-07
5713,1,1,2.50775267218728e-09,0.9999998807907104,2.808378196661465e-09,1.22442443739601e-07
5714,1,1,1.647912540647667e-06,0.9999892711639404,2.1023049612267641e-07,8.873664228303824e-06
5715,0,0,0.991662859916687,0.007186606526374817,0.0010549281723797321,9.554807184031233e-05
5716,0,0,0.9999995231628418,4.2360932184237754e-07,2.5698360106574114e-10,2.7750566289341805e-08
5717,0,0,0.9999909400939941,2.515950427550706e-06,4.9543205022928305e-06,1.5173752672126284e-06
5718,3,3,5.754745870945044e-06,3.269403578087804e-06,2.5138308046734892e-05,0.9999659061431885
5719,3,3,6.553137836817768e-07,8.698738396262229e-10,1.3807525647280272e-06,0.9999979734420776
5720,1,1,0.08304441720247269,0.8879063725471497,1.7504682546132244e-05,0.02903173863887787
5721,1,1,1.4791863804930472e-06,0.9999985694885254,1.1088217011234747e-09,5.506440858837891e-10
5722,0,0,0.9999642372131348,8.980647407952347e-07,3.624482133091078e-06,3.123421993223019e-05
5723,1,1,0.0002552078221924603,0.8841956257820129,0.0006605830858461559,0.11488856375217438
5724,1,1,8.445001003565267e-05,0.9998997449874878,1.4291470506577753e-05,1.5455940456376993e-06
5725,0,0,0.9954835176467896,0.00014127462054602802,0.003874213667586446,0.0005010006134398282
5726,0,0,0.5087061524391174,1.0441420272400137e-05,0.4835790991783142,0.007704327814280987
5727,3,3,1.638190951780416e-07,9.182908877747309e-10,7.213830599539506e-07,0.9999991655349731
5728,1,1,0.003080305876210332,0.9949079155921936,0.00028283961000852287,0.001728809904307127
5729,2,2,0.0005714584840461612,7.465611815860029e-06,0.9991127848625183,0.00030831355252303183
5730,3,3,5.244966814643703e-06,4.66986392666513e-07,0.004406055435538292,0.9955881834030151
5731,1,1,3.354470266003773e-07,0.9999978542327881,2.0257612476370923e-08,1.7988495528697968e-06
5732,0,0,0.4831555187702179,3.746661968762055e-05,0.04147772118449211,0.47532919049263
5733,3,3,0.0001496814365964383,0.0002259294706163928,0.0005510761984623969,0.9990732669830322
5734,1,1,0.0018672725418582559,0.9187760353088379,0.06951428204774857,0.009842392057180405
5735,1,1,1.3883003191494936e-07,0.9999997615814209,1.094418706770739e-07,1.4124488245670364e-08
5736,3,3,1.9294879166409373e-05,1.0917394099863031e-08,0.001977512612938881,0.9980031847953796
5737,3,3,3.280606733824243e-06,5.464682928391085e-08,0.02568926475942135,0.9743074774742126
5738,3,1,0.008703270927071571,0.9629353284835815,0.0011017929064109921,0.027259554713964462
5739,2,2,1.233559316915489e-07,6.786118889046122e-10,0.9999997615814209,1.7325741907825432e-07
5740,0,2,1.7242698959307745e-05,5.801031193186645e-07,0.9978925585746765,0.002089670393615961
5741,2,2,0.007190977688878775,4.6169956476660445e-05,0.9670817255973816,0.02568112686276436
5742,3,3,0.000825191498734057,4.678365712607047e-06,0.012037241831421852,0.9871329069137573
5743,0,0,0.9997233748435974,2.351186594751198e-06,2.4562345060985535e-05,0.00024975533597171307
5744,0,0,0.9999892711639404,1.542092498141301e-08,9.851314644038212e-06,8.16446743101551e-07
5745,1,1,0.3807564377784729,0.5892676711082458,0.029227882623672485,0.0007479729247279465
5746,0,0,0.9980159997940063,1.200549286295427e-05,0.001905721495859325,6.628593109780923e-05
5747,3,3,2.7974074328085408e-06,0.0004022423818241805,0.0034860679879784584,0.9961089491844177
5748,2,2,4.376244396553375e-05,1.1152011580861654e-07,0.6826884150505066,0.3172677159309387
5749,1,1,0.0007022921345196664,0.9984421133995056,0.00011093264765804633,0.0007447748212143779
5750,2,2,1.2425153954609414e-06,1.8615075532579795e-05,0.9999415874481201,3.8603895518463105e-05
5751,2,2,0.0032934886403381824,0.0003043976903427392,0.9853944778442383,0.011007697321474552
5752,3,3,2.1762081814813428e-05,1.354135179099103e-06,0.024087276309728622,0.9758895635604858
5753,3,3,1.3133408174326178e-05,1.1955081369308118e-09,0.0018025797326117754,0.9981842637062073
5754,3,3,0.0004548142314888537,3.5309683880768716e-05,0.00383123685605824,0.995678722858429
5755,2,2,0.0003269604640081525,1.0729323918212685e-07,0.9989616870880127,0.0007111559389159083
5756,2,2,0.01960667222738266,4.460373475012602e-06,0.9795050024986267,0.0008839199435897171
5757,3,3,1.0754119102784898e-05,1.4373794101629755e-06,0.009669843129813671,0.9903179407119751
5758,2,2,0.003936073277145624,0.00010943059896817431,0.9805256724357605,0.015428769402205944
5759,3,3,3.6258248314879893e-07,2.697487389013986e-07,8.770585554884747e-05,0.9999116659164429
5760,2,2,0.018214037641882896,0.00011637117131613195,0.9768859148025513,0.004783615004271269
5761,1,1,2.4549446607124992e-05,0.9999619722366333,2.8858048608526587e-06,1.0654333891579881e-05
5762,3,3,3.665970860211587e-09,4.375226309721869e-12,3.069986405535019e-06,0.9999969005584717
5763,2,2,0.003022151067852974,2.941837919934187e-06,0.9653679132461548,0.03160697966814041
5764,1,1,0.0005302872741594911,0.9985963702201843,0.00047654585796408355,0.00039676117012277246
5765,1,1,6.24100221102708e-06,0.9999938011169434,8.614582824861827e-09,3.8226414034170375e-08
5766,2,2,0.0003978525928687304,1.4953378922655247e-05,0.9161489605903625,0.08343826979398727
5767,3,3,0.001199076883494854,1.0275219892719178e-06,0.014774526469409466,0.9840252995491028
5768,3,3,1.0706496595958015e-06,2.5180767193599962e-11,0.00032039021607488394,0.9996786117553711
5769,3,3,0.009323499165475368,0.0005715838633477688,0.23450236022472382,0.7556025385856628
5770,0,0,0.9999971389770508,1.2742945898480684e-07,1.4967196193538257e-07,2.5915421701938612e-06
5771,2,2,1.3950711036159191e-05,1.4380163520399947e-05,0.9993243217468262,0.0006473219254985452
5772,3,3,6.670431957900291e-07,4.547429099943656e-11,0.0001640528062125668,0.9998352527618408
5773,2,2,3.4811257592082256e-06,2.8873075041957463e-09,0.5491954684257507,0.4508010745048523
5774,3,3,7.377531346719479e-06,5.334865704753611e-07,0.002523379400372505,0.9974688291549683
5775,2,2,4.2684803247539094e-07,5.205212927350544e-10,0.9999960660934448,3.434623977227602e-06
5776,2,2,2.1940009901300073e-05,7.73130523157306e-07,0.9999722242355347,5.10715017298935e-06
5777,2,2,0.000606044486630708,1.1085534424637444e-05,0.9836994409561157,0.015683412551879883
5778,0,0,0.9999816417694092,3.068199418976292e-07,1.576511567691341e-05,2.3143459202401573e-06
5779,3,3,0.0017465738346800208,8.67535618453985e-06,0.0025154068134725094,0.995729386806488
5780,0,0,0.9655216932296753,0.0001496715995017439,9.079548181034625e-05,0.0342378243803978
5781,1,1,1.0205906164628686e-06,0.999998927116394,3.866533759833146e-08,2.214780359111046e-08
5782,3,3,1.102874421121669e-06,1.1638742591912887e-07,0.0003823768929578364,0.9996163845062256
5783,3,3,0.0009711114689707756,1.5124869605642743e-05,0.002037487691268325,0.9969762563705444
5784,1,1,0.10542749613523483,0.8876806497573853,0.0002147790655726567,0.006677065044641495
5785,2,2,4.6149597210387583e-07,2.7056488161036896e-09,0.984504222869873,0.015495250932872295
5786,0,0,0.9999672174453735,3.1111396792127266e-10,2.0385081370477565e-05,1.2401364074321464e-05
5787,3,3,6.976290478633018e-07,2.8174131916358647e-09,5.09983510710299e-06,0.999994158744812
5788,3,3,3.299112904642243e-06,2.48416569093024e-07,0.0007823036285117269,0.9992141723632812
5789,1,1,3.174266112182522e-06,0.9999967813491821,3.4171626639434294e-10,4.229892436313776e-09
5790,1,1,3.12335424190735e-09,0.9999998807907104,3.9161761833383935e-08,8.858800981670356e-08
5791,2,2,1.8497918290449888e-06,4.643732864906269e-08,0.9996091723442078,0.00038892810698598623
5792,3,3,4.935034303343855e-05,6.958863377803937e-05,0.002645755186676979,0.9972353577613831
5793,3,3,4.051607405131108e-08,7.140811941752645e-09,1.5955612980178557e-05,0.9999840259552002
5794,3,3,5.34482887815102e-06,5.429635907550079e-11,5.175956019343175e-08,0.9999946355819702
5795,0,0,0.9971605539321899,0.0007863203645683825,0.001825415063649416,0.00022779843129683286
5796,0,0,0.9712991714477539,0.00047398213064298034,0.017692744731903076,0.010534130036830902
5797,0,3,0.001400219858624041,1.895143937613586e-11,0.003445056499913335,0.9951547384262085
5798,1,1,4.5241731640999205e-06,0.9999946355819702,3.9441371768589306e-07,4.265991719876183e-07
5799,0,0,0.9998949766159058,1.4679768582936958e-06,2.6770276235765778e-05,7.67081874073483e-05
5800,3,3,4.0102026588328954e-08,2.397797238540278e-11,0.00040953661664389074,0.9995904564857483
5801,1,1,3.235933832002047e-07,0.9999990463256836,6.594590900022013e-07,5.896356825019211e-08
5802,1,1,1.0396573088655714e-05,0.9999885559082031,2.0996917982074592e-08,1.0139184496438247e-06
5803,1,1,1.2331830703260493e-06,0.9999974966049194,9.44863472795987e-07,3.813459841239819e-07
5804,2,2,0.00034378317650407553,6.874354767205659e-06,0.9969697594642639,0.002679571509361267
5805,0,0,0.9997705817222595,3.697369902511127e-05,0.00018178275786340237,1.0748493878054433e-05
5806,0,0,0.991813063621521,0.00333392433822155,0.0037186515983194113,0.0011343153892084956
5807,2,2,3.1358433716377476e-07,4.1927502024918795e-05,0.9995007514953613,0.0004569013835862279
5808,0,0,0.9981597065925598,6.150563791607055e-08,0.000813724531326443,0.0010265014134347439
5809,0,0,0.998394787311554,2.8294323783484288e-05,0.0002748835540842265,0.0013019366888329387
5810,3,3,0.018895145505666733,4.1151803742423e-08,5.874938506167382e-05,0.9810460805892944
5811,1,1,3.2910746085690334e-05,0.9999629259109497,3.831316007563146e-06,4.125830059820146e-07
5812,0,0,0.9508369565010071,1.843076347540773e-06,0.005128960125148296,0.044032320380210876
5813,2,2,4.213768261251971e-05,8.726167948225338e-07,0.8764325976371765,0.1235244870185852
5814,2,2,0.007547552697360516,8.114460797514766e-06,0.9880951642990112,0.004349219147115946
5815,0,0,0.9998680353164673,3.0786586648900993e-06,8.029272976273205e-06,0.00012087838695151731
5816,3,3,0.0009894687682390213,0.0004663673753384501,0.1565672755241394,0.8419769406318665
5817,1,1,0.00017180688155349344,0.9993558526039124,0.00046775612281635404,4.561187324725324e-06
5818,0,0,0.9841604828834534,0.0005973736406303942,0.001747214817442,0.013494935818016529
5819,3,3,0.009661940857768059,0.003017617855221033,0.4444001317024231,0.5429202914237976
5820,1,1,1.9274806618341245e-05,0.9999805688858032,9.114694421441527e-08,9.173504622594919e-08
5821,1,1,9.932340283569374e-09,0.9999995231628418,4.544790215277317e-07,4.551220555981672e-08
5822,0,0,0.9997743964195251,1.4818774616287556e-06,3.4749245969578624e-05,0.0001892925938591361
5823,0,2,0.3124697506427765,0.0013315193355083466,0.4401414692401886,0.24605724215507507
5824,0,0,0.946516752243042,0.00019944454834330827,0.0035778426099568605,0.04970598220825195
5825,3,3,4.350275958131533e-06,6.973110657781945e-07,0.002877802588045597,0.9971171617507935
5826,3,3,2.87668194687285e-06,1.0768109959258254e-08,8.206842903746292e-05,0.9999150037765503
5827,0,0,0.9999990463256836,4.176175405490312e-09,5.295679557093536e-07,4.718360742117511e-07
5828,2,0,0.7545321583747864,0.06962469220161438,0.16117703914642334,0.01466608326882124
5829,3,3,0.05718446522951126,0.00010894861770793796,0.00373276649042964,0.9389737844467163
5830,2,3,0.005386275704950094,7.447409302585584e-07,0.3943682610988617,0.6002447605133057
5831,3,3,0.00020106014562770724,5.675102698887713e-08,2.860725908249151e-05,0.9997703433036804
5832,1,1,1.109464847104391e-05,0.9998811483383179,0.00010458317410666496,3.2386353723268257e-06
5833,0,0,0.9999018907546997,5.865838375029853e-07,8.330734999617562e-05,1.414766302332282e-05
5834,2,2,0.0006370532209984958,7.717181142652407e-05,0.9281431436538696,0.07114259153604507
5835,2,2,2.6571886337478645e-05,6.254047280052077e-10,0.9692046642303467,0.03076871484518051
5836,2,2,3.821234258793993e-06,2.2547848033127593e-09,0.9978283047676086,0.0021678104531019926
5837,2,2,0.024344427511096,0.0005151581135578454,0.9513341784477234,0.02380620501935482
5838,1,1,8.387591732272881e-10,1.0,4.3879971878268975e-10,7.123717171708677e-09
5839,2,2,0.0006205212557688355,1.0831546433109907e-06,0.6327084302902222,0.36666998267173767
5840,2,2,0.00036698332405649126,7.472420747944852e-06,0.9986079335212708,0.0010175585048273206
5841,1,3,0.002766991499811411,0.07340951263904572,0.1864282488822937,0.7373952269554138
5842,2,2,0.0002734208828769624,3.6629916166930343e-07,0.9995500445365906,0.00017604792083147913
5843,2,2,0.0013444276992231607,5.9072059229947627e-05,0.9975415468215942,0.001054934924468398
5844,1,1,1.984107598218543e-07,0.9999997615814209,8.920973293413681e-09,3.714355933936986e-09
5845,3,3,0.0027123806066811085,1.5545097653557605e-07,0.052489377558231354,0.9447981715202332
5846,3,3,0.0005532812792807817,7.914130151220888e-07,0.0014235108392313123,0.9980224370956421
5847,3,3,0.0005822188686579466,4.735597485705512e-06,0.010501460172235966,0.9889116287231445
5848,3,3,9.926347411237657e-05,3.795485703506074e-09,0.009697671048343182,0.9902030229568481
5849,3,3,0.0016321827424690127,4.6760607801843435e-05,0.0002704331709537655,0.9980506896972656
5850,2,2,0.00012779253302142024,0.00017953432688955218,0.9978182315826416,0.0018744711996987462
5851,2,3,4.396549775265157e-05,2.659041626884573e-07,0.46936044096946716,0.5305953621864319
5852,3,3,2.312393235115451e-06,1.3122727295922232e-06,5.1903220992244314e-06,0.9999911785125732
5853,3,3,0.0007671870989724994,3.0043761398701463e-06,0.003426540642976761,0.9958032965660095
5854,3,3,1.806927762970645e-08,1.215424538791865e-09,4.654200893128291e-06,0.9999953508377075
5855,0,0,0.9817149639129639,0.01019967533648014,0.005342588759958744,0.002742784796282649
5856,2,2,0.0006492785760201514,6.911375862728164e-07,0.9837963581085205,0.015553689561784267
5857,3,3,4.740533370295452e-07,5.509104283873967e-09,2.4182706965802936e-06,0.9999971389770508
5858,3,3,0.00042262484203092754,3.8208236219361424e-05,0.005801128223538399,0.9937379360198975
5859,1,1,0.0242878720164299,0.8222658038139343,0.12394800782203674,0.02949821762740612
5860,3,3,6.699681165400762e-08,8.092821551786145e-11,1.3030069112573983e-06,0.9999986886978149
5861,3,3,7.76132935698115e-09,8.872169110496486e-10,0.0005013995687477291,0.9994986057281494
5862,2,3,0.0001272961962968111,2.76893217687757e-07,0.17828406393527985,0.821588397026062
5863,3,3,0.00019452783453743905,1.5779564321860562e-08,7.760310836602002e-06,0.9997977614402771
5864,3,3,0.00016251789929810911,0.02506483532488346,0.10341143608093262,0.8713611960411072
5865,2,2,2.700263166843797e-06,1.90127993846545e-05,0.9999717473983765,6.483508968813112e-06
5866,3,3,0.004058814141899347,7.5579614531307016e-06,0.08588889986276627,0.9100446701049805
5867,2,2,0.0012779096141457558,6.403407155630703e-07,0.929146409034729,0.06957508623600006
5868,3,3,1.1401712981751189e-05,6.724739876062813e-08,6.2160120251064654e-06,0.9999822378158569
5869,2,2,0.0004059555067215115,2.8020585887134075e-06,0.543610692024231,0.4559805691242218
5870,0,0,0.9222272038459778,0.00022789188369642943,0.00017844112880993634,0.07736647129058838
5871,2,3,1.3414462955552153e-05,2.6267696906501214e-09,0.46577563881874084,0.5342109799385071
5872,1,1,1.234840146935312e-05,0.9999874830245972,4.807573006360144e-09,1.283720649780662e-07
5873,0,0,0.4984472393989563,0.44981062412261963,0.03043469227850437,0.02130744978785515
5874,0,0,0.6141840815544128,0.0007227897294797003,0.0034443766344338655,0.3816487193107605
5875,3,3,3.0204953418433433e-06,0.4855082333087921,0.0004922518855892122,0.5139964818954468
5876,3,3,4.979892310075229e-06,4.463965641576806e-09,0.001940654357895255,0.9980543851852417
5877,1,1,5.446927843877347e-06,0.9999234676361084,4.4348231313051656e-05,2.673228482308332e-05
5878,0,0,0.9999982118606567,8.92200162638801e-08,5.208102606957254e-07,1.27105363390001e-06
5879,0,0,0.9994828701019287,6.931802243315133e-09,0.0003139960754197091,0.0002031470212386921
5880,3,3,3.642958517957595e-06,6.42829289798641e-10,2.0185762394930862e-08,0.9999963045120239
5881,1,1,0.0005355516914278269,0.9994643330574036,6.637949212517924e-08,1.525275195035647e-07
5882,1,1,4.305932452552952e-05,0.9999561309814453,4.946518927795296e-08,7.242092010528722e-07
5883,2,2,0.0002181472082156688,4.412983400925441e-07,0.9997218251228333,5.964159936411306e-05
5884,0,2,0.010227710008621216,0.00022000918397679925,0.9787086844444275,0.010843581520020962
5885,0,0,0.9998416900634766,1.7896533677230764e-07,0.00014616655244026333,1.1974201697739772e-05
5886,0,2,0.005145524628460407,2.330053030163981e-05,0.9929909706115723,0.0018403157591819763
5887,1,1,5.507084566147569e-08,1.0,1.7362481452565248e-09,3.582087751419216e-11
5888,0,0,0.999630331993103,0.00030519303982146084,5.600421718554571e-05,8.406655069848057e-06
5889,0,0,0.9999990463256836,1.2398061244311975e-08,1.364440720408311e-07,7.853071792851551e-07
5890,3,2,0.018755732104182243,2.6030755179817788e-05,0.8308801054954529,0.15033814311027527
5891,0,0,0.9983479976654053,1.0033755643235054e-05,0.0006263325340114534,0.0010156186763197184
5892,0,0,0.837602972984314,0.16187196969985962,3.4423508623149246e-05,0.000490628823172301
5893,2,2,0.0009074903791770339,8.667801125739061e-07,0.981130063533783,0.017961543053388596
5894,0,0,0.9994575381278992,8.342258297489025e-06,0.0003250070149078965,0.00020910313469357789
5895,3,3,0.003849441884085536,1.6753556320026064e-09,0.0002517220564186573,0.9958987832069397
5896,3,3,2.1672640286851674e-05,1.0887428736339189e-08,0.03760876879096031,0.9623695611953735
5897,0,0,0.9999659061431885,7.03158988812902e-08,2.4855891751940362e-05,9.061769560503308e-06
5898,1,1,5.7779984672379214e-06,0.9999939203262329,3.4073272558998724e-07,1.256044690478575e-08
5899,3,3,6.952536182325275e-07,7.426982640001967e-11,0.008626786060631275,0.9913725852966309
5900,2,0,0.9996613264083862,4.871854343946325e-06,0.0002645800122991204,6.921360909473151e-05
5901,2,3,1.6107156852740445e-06,7.140696922647294e-10,0.10565101355314255,0.8943473696708679
5902,3,1,0.36126449704170227,0.6057429313659668,0.0216097142547369,0.01138288527727127
5903,3,3,0.00010922660294454545,0.0019094556337222457,0.0012436736142262816,0.9967376589775085
5904,1,1,0.007875320501625538,0.7388998866081238,0.17849227786064148,0.07473257184028625
5905,1,1,1.0730909707490355e-05,0.999977707862854,6.352710784085502e-07,1.0928593837888911e-05
5906,3,3,4.253662609698949e-06,2.3001145876833107e-08,0.008405006490647793,0.9915907382965088
5907,2,2,0.004359831567853689,0.00010431824921397492,0.9949638843536377,0.0005720168701373041
5908,1,1,0.0020955291111022234,0.9926623106002808,0.0007334997644647956,0.004508672282099724
5909,0,0,0.9999985694885254,4.262847852487539e-09,1.3090593142806028e-07,1.3124825954946573e-06
5910,0,0,0.9998071789741516,1.0866544926102506e-06,3.0590024834964424e-05,0.00016117680934257805
5911,3,3,1.3060872561254655e-07,1.4051112273705257e-08,0.0018499799771234393,0.9981498718261719
5912,3,3,2.665151077962946e-05,7.384848572655756e-07,3.3222695492440835e-05,0.9999394416809082
5913,0,0,0.9999983310699463,3.454498909150061e-08,7.38666415145417e-07,9.616815077606589e-07
5914,1,1,5.066864900982182e-07,0.9999592304229736,7.173277936090017e-06,3.316165748401545e-05
5915,2,2,0.0021790654864162207,6.546862323375535e-07,0.996277391910553,0.001542810001410544
5916,0,0,0.9329970479011536,2.9299783932401624e-07,0.06674344837665558,0.00025923553039319813
5917,3,3,0.005394003354012966,0.0008934974321164191,0.019368506968021393,0.9743438959121704
5918,3,3,1.083464439943782e-06,7.980261784723552e-07,1.0120884326170199e-06,0.9999970197677612
5919,2,2,0.0015095515409484506,1.330190713133561e-08,0.9984433054924011,4.7083616664167494e-05
5920,0,0,0.9238653779029846,8.343066681959499e-09,0.009987969882786274,0.06614664196968079
5921,2,2,0.00039088993798941374,1.5445981262018904e-05,0.9992883801460266,0.00030537392012774944
5922,0,3,0.45348310470581055,2.404428869340336e-07,0.0024668960832059383,0.5440497398376465
5923,2,2,2.5468552848906256e-05,0.00026301495381630957,0.9896566867828369,0.01005480159074068
5924,3,3,2.2213049533093e-07,5.322297047527513e-10,0.029700418934226036,0.9702994227409363
5925,2,2,1.414797594634365e-07,9.552007185220646e-08,0.9999651908874512,3.458206629147753e-05
5926,3,3,5.947685622231802e-06,0.00014974620717111975,0.0002871829201467335,0.9995570778846741
5927,0,0,0.9998518228530884,1.677222030593839e-06,1.7657723105912737e-07,0.00014634252875111997
5928,0,0,0.9679142832756042,0.0004413161950651556,0.01741107739508152,0.014233361929655075
5929,0,0,0.6245290637016296,6.533757550641894e-05,0.020595867186784744,0.3548096716403961
5930,3,3,1.0488914995221421e-05,1.0143333284418077e-08,0.00016181913088075817,0.9998276233673096
5931,3,3,0.0011953640496358275,0.03968655318021774,0.003306852886453271,0.9558112621307373
5932,2,2,0.001198980025947094,9.528915688861161e-05,0.9983819723129272,0.00032371707493439317
5933,2,2,0.04165835678577423,1.4708698472531978e-06,0.9521071910858154,0.0062329513020813465
5934,2,2,2.909850991272833e-06,4.639395001504454e-08,0.9999581575393677,3.8948044675635174e-05
5935,0,3,0.009855601005256176,2.9372304197750054e-06,0.0010975169716402888,0.9890439510345459
5936,2,2,0.0010302434675395489,1.0627654773998074e-05,0.9385803937911987,0.060378726571798325
5937,2,0,0.5916575193405151,0.2024933397769928,0.13985583186149597,0.06599332392215729
5938,0,0,0.9984157085418701,0.001581141259521246,6.787946631447994e-07,2.386959067735006e-06
5939,0,2,0.4752193093299866,0.00022094103042036295,0.5219504833221436,0.0026092533953487873
5940,2,2,0.0007831020629964769,3.504664346110076e-05,0.9879522919654846,0.011229642666876316
5941,0,1,0.23615871369838715,0.7299315929412842,0.03244483470916748,0.00146489345934242
5942,2,2,6.094141014045817e-08,1.2453228448450204e-09,0.99998939037323,1.0496736649656668e-05
5943,2,2,4.4571700641427014e-07,8.872919288194225e-09,0.9999983310699463,1.2334946859482443e-06
5944,3,3,3.831663430986509e-09,1.7615515990332398e-10,1.9173317923559807e-05,0.9999808073043823
5945,0,0,0.9896272420883179,3.3808223776077284e-08,9.768965355760884e-06,0.010362899862229824
5946,2,2,1.6503981896676123e-05,1.1247161069150025e-07,0.999637246131897,0.00034620644873939455
5947,3,3,2.4636870875838213e-05,0.0003320802061352879,4.6843702875776216e-05,0.9995964169502258
5948,1,1,2.5663248948148976e-07,0.9999992847442627,3.7654888274119003e-07,1.6718468032195233e-07
5949,1,1,2.0891679014312103e-05,0.9999549388885498,1.4272441148932558e-05,9.88266765489243e-06
5950,2,2,6.79314871376846e-06,9.788179340830538e-06,0.9998561143875122,0.00012723440886475146
5951,0,0,0.999946117401123,1.4875404241720958e-09,5.332742148311809e-06,4.848139360547066e-05
5952,2,2,2.9488177233361057e-07,4.115385462966081e-11,0.999996542930603,3.1868228234088747e-06
5953,0,0,0.8439171314239502,1.0696548997657374e-05,0.152882918715477,0.0031892743427306414
5954,1,1,6.6547581809572875e-06,0.9999932050704956,2.1316841625207417e-09,1.1169869651439512e-07
5955,2,2,0.10892882943153381,1.068348183252965e-06,0.6497260332107544,0.24134409427642822
5956,0,0,0.964730978012085,1.4771055248274934e-05,0.03138180822134018,0.003872435074299574
5957,1,1,2.830844039181102e-07,0.9999996423721313,1.8820143665720934e-08,4.411595977416027e-09
5958,0,0,0.9986085295677185,2.707640556209867e-09,0.0013859281316399574,5.634117314912146e-06
5959,1,1,0.00014464209380093962,0.9998544454574585,4.2426628965586133e-07,5.292142759572016e-07
5960,3,3,0.0073420279659330845,0.054620034992694855,0.054073672741651535,0.8839643001556396
5961,0,0,0.9999992847442627,1.1354097662064078e-09,6.014786890773394e-08,5.506757361217751e-07
5962,2,2,1.977552346943412e-05,1.6762042776008457e-07,0.9430597424507141,0.05692031979560852
5963,1,1,4.505713513935916e-05,0.9998145699501038,3.970415855292231e-05,0.00010072534496430308
5964,3,3,0.0008718127501197159,0.0007098594214767218,0.00332552008330822,0.9950928688049316
5965,0,0,0.9174911975860596,3.981319096624247e-08,0.0823383703827858,0.0001704783644527197
5966,1,1,0.00021994209964759648,0.999762237071991,4.678418292769493e-07,1.741449705150444e-05
5967,1,1,1.8767778442452254e-08,1.0,2.790913100625403e-08,1.2359505086045885e-10
5968,3,0,0.5039282441139221,3.5696324630407616e-05,0.00010377207217970863,0.49593234062194824
5969,2,2,0.005178818944841623,0.00015243706002365798,0.9796482920646667,0.015020428225398064
5970,1,1,7.18380476882885e-07,0.9999985694885254,6.11806399319903e-07,7.891622999522951e-08
5971,2,2,0.019702058285474777,0.00047140673268586397,0.9167644381523132,0.06306212395429611
5972,0,0,0.9359594583511353,1.7250120436074212e-05,0.06355556100606918,0.0004676468961406499
5973,0,0,0.7593299746513367,0.0011934998910874128,0.010809126310050488,0.22866739332675934
5974,0,0,0.9977126121520996,5.332507498678751e-05,0.0020156335085630417,0.0002184960467275232
5975,1,1,0.23324501514434814,0.6764160394668579,0.0291058961302042,0.0612330324947834
5976,1,1,2.092655631713569e-05,0.9999759197235107,4.481954078983108e-07,2.76117702924239e-06
5977,1,1,6.609963747905567e-05,0.999930739402771,2.5726315016072476e-06,5.93124980241555e-07
5978,2,2,2.527327183088346e-07,4.319304081068509e-10,0.9999970197677612,2.68710141426709e-06
5979,2,2,0.001446033245883882,0.006585363764315844,0.9912983179092407,0.0006702429964207113
5980,1,1,4.085168470169265e-08,0.9999992847442627,4.7035942429829447e-07,2.8894996262351924e-07
5981,0,2,0.3681553304195404,5.528719704273044e-09,0.5776020288467407,0.05424262583255768
5982,0,0,0.8401573300361633,0.0001272248919121921,0.14702974259853363,0.012685706838965416
5983,3,3,8.758716489865037e-07,8.557228259320482e-10,0.0011700965696945786,0.9988290667533875
5984,0,0,0.9999924898147583,8.194416523110704e-07,2.508931373768064e-08,6.6749530560628045e-06
5985,0,0,0.975376546382904,2.6803609216585755e-06,0.005472112447023392,0.019148651510477066
5986,2,2,4.539481597021222e-05,2.753957232926041e-05,0.9997338652610779,0.0001931777223944664
5987,2,2,0.004758288152515888,7.418966561090201e-06,0.9856305718421936,0.009603755548596382
5988,3,3,0.0023328557144850492,0.001425722031854093,0.0018055371474474669,0.9944357872009277
5989,0,0,1.0,1.9953232122116304e-10,2.524268120918105e-11,6.694113596772411e-10
5990,1,1,8.752137681256045e-09,0.9999986886978149,1.011884592116985e-06,2.5914980028574064e-07
5991,0,0,0.9999998807907104,3.3680038757921693e-09,1.979168495758188e-10,1.2891838707673742e-07
5992,0,0,0.9999998807907104,2.301688353800735e-11,9.412636892136561e-09,9.438583248311261e-08
5993,0,0,0.9997432827949524,1.0424439267353591e-07,0.00023495545610785484,2.1744306650361978e-05
5994,2,2,0.004350241739302874,2.409210075882129e-08,0.9956226944923401,2.7068434064858593e-05
5995,2,2,0.0359419547021389,0.00013611426402349025,0.9226497411727905,0.041272249072790146
5996,2,2,0.00035118477535434067,0.0006685331463813782,0.9982151985168457,0.0007651701453141868
5997,1,1,0.00037301445263437927,0.9993810653686523,0.00024106670753099024,4.863818958256161e-06
5998,2,2,5.6320415751542896e-05,2.725504236877896e-05,0.9993869066238403,0.0005294680595397949
5999,1,1,1.4644488288695356e-08,1.0,2.2349523121079073e-08,1.5252697715961716e-10
6000,2,2,2.0380730347824283e-06,7.0482086833578705e-09,0.9998171925544739,0.00018081294547300786
6001,2,3,0.00018363975686952472,0.0007563702529296279,0.38353121280670166,0.6155287623405457
6002,0,0,0.9999967813491821,2.194889532347588e-07,2.707863586692838e-06,2.4561819600421586e-07
6003,3,3,0.0007571143214590847,7.401954160712876e-09,0.02107143960893154,0.9781714677810669
6004,1,1,1.650048761803191e-05,0.9918816685676575,0.0009446371113881469,0.007157212123274803
6005,2,2,4.379938218335155e-06,2.0504578060354106e-05,0.9988983869552612,0.0010766882915049791
6006,2,0,0.990059494972229,0.00010013802966568619,0.009362468495965004,0.00047786033246666193
6007,1,1,0.00036178596201352775,0.9152286648750305,0.05790453031659126,0.0265050008893013
6008,3,3,2.507646058802493e-05,8.238583149022816e-08,0.0007724679308012128,0.999202311038971
6009,3,3,0.005803637206554413,0.0002775402390398085,0.057422734797000885,0.9364961385726929
6010,2,2,0.00030619825702160597,0.0002262629132019356,0.9993681311607361,9.939047595253214e-05
6011,3,3,0.0001233244693139568,1.8203676066530505e-10,0.0020955854561179876,0.9977810978889465
6012,0,0,0.9992768168449402,4.801619434147142e-05,0.0005603043246082962,0.000114796006528195
6013,2,2,6.100838163547451e-06,3.9302074128499953e-07,0.6264232397079468,0.3735702633857727
6014,3,3,3.579954864108004e-05,1.2929459103361296e-07,0.0056060561910271645,0.9943580031394958
6015,2,2,1.2992949223189498e-06,2.2764385931850484e-09,0.9999964237213135,2.2369383714249125e-06
6016,3,3,2.0695502826129086e-05,3.500173022530362e-07,0.0056554353795945644,0.9943234920501709
6017,3,3,0.0001971610909095034,2.123662218300737e-10,0.0002948629844468087,0.9995080232620239
6018,3,3,1.5896859622444026e-05,2.506600038643114e-09,0.0005124541348777711,0.9994717240333557
6019,1,1,1.1142328730784357e-05,0.9999886751174927,9.133453993115381e-09,1.3130811282735522e-07
6020,3,3,5.619224793917965e-06,3.571576021044187e-11,0.0005812806193716824,0.9994131326675415
6021,2,2,0.0001380356407025829,4.52119480742752e-10,0.9986390471458435,0.0012228103587403893
6022,2,3,2.386536834819708e-07,4.106485448573949e-06,0.0962076187133789,0.9037880301475525
6023,2,2,5.1109327614540234e-05,0.00021755245688837022,0.9956896901130676,0.004041650332510471
6024,2,2,0.0010146258864551783,1.210974573950807e-07,0.9574488997459412,0.0415363684296608
6025,2,2,0.005693665239959955,0.008263221941888332,0.9822893738746643,0.0037536912132054567
6026,3,3,2.086773019982502e-05,6.2145955048720225e-09,0.00045297411270439625,0.9995261430740356
6027,2,2,7.227573064483295e-07,2.5324961572259497e-10,0.9999940395355225,5.192262960918015e-06
6028,2,3,0.11363907903432846,9.5855284598656e-06,0.0707525983452797,0.815598726272583
6029,1,1,6.655969855273725e-07,0.9999803304672241,6.249006219150033e-06,1.2755292118526995e-05
6030,3,3,0.00011310644913464785,2.6879868528340012e-05,0.4302353858947754,0.569624662399292
6031,3,3,4.757741862704279e-07,9.696711211759634e-10,0.00467825960367918,0.9953212141990662
6032,0,0,0.9999966621398926,1.249922165769135e-09,3.316197876301885e-07,2.972092033814988e-06
6033,1,1,4.168354337252822e-07,0.999981164932251,3.4110862543457188e-06,1.4997389371274039e-05
6034,3,3,0.0004613221390172839,1.1708589653380841e-07,0.003515402553603053,0.9960231781005859
6035,3,2,0.00026728995726443827,5.111841687721608e-07,0.6286558508872986,0.3710762858390808
6036,3,3,2.051977935479954e-05,2.2471601823781384e-07,0.0012330180034041405,0.9987461566925049
6037,2,2,0.002078515710309148,0.002695702714845538,0.9931744933128357,0.0020512989722192287
6038,3,3,1.7772186765796505e-05,2.5213171284121927e-06,0.001726401736959815,0.9982532858848572
6039,1,1,1.51261042447004e-06,0.9999977350234985,3.3480489491921617e-07,4.749333299969294e-07
6040,1,1,9.450802640476041e-11,1.0,2.787505504198151e-10,1.5508265505115304e-10
6041,0,0,0.9989866614341736,0.00010651248157955706,0.000562211440410465,0.0003445885668043047
6042,2,2,0.011934430338442326,3.2659197586326627e-06,0.988020122051239,4.217903915559873e-05
6043,2,2,0.06361421197652817,0.00038092126487754285,0.5834660530090332,0.3525388836860657
6044,0,0,0.49704012274742126,0.0023356296587735415,0.02579454891383648,0.47482961416244507
6045,0,0,0.9954094290733337,4.919317007079371e-07,0.000714813475497067,0.0038753002882003784
6046,0,0,0.8427736163139343,0.0001503432577010244,0.15169364213943481,0.00538233295083046
6047,0,0,0.9990054965019226,1.3738032976107206e-05,1.4607020375478896e-06,0.0009793381905183196
6048,0,0,0.9999880790710449,2.837875712202731e-08,1.99890700969263e-06,9.830617273109965e-06
6049,2,2,0.02490781433880329,0.0019914053846150637,0.8496764302253723,0.12342434376478195
6050,2,2,0.04120660200715065,0.0008716380689293146,0.9550334811210632,0.002888317685574293
6051,2,2,0.23650535941123962,0.002337235026061535,0.6702335476875305,0.09092384576797485
6052,1,1,7.744137838017195e-05,0.999922513961792,8.965091780055445e-09,2.6137882969123893e-08
6053,2,2,5.345265435607871e-06,6.933025531452586e-08,0.9999866485595703,7.957923116919119e-06
6054,2,2,0.0007722419686615467,1.0370864401920699e-05,0.989632248878479,0.009585142135620117
6055,3,3,2.0513796243903926e-06,5.66256346701266e-07,0.03196201100945473,0.9680353403091431
6056,1,1,1.181697916763369e-05,0.9999865293502808,1.235380295838695e-06,4.316407284932211e-07
6057,1,1,0.0025662120897322893,0.9920774102210999,0.0025625876151025295,0.0027937591075897217
6058,0,2,0.01632949709892273,0.0013257244136184454,0.9805845022201538,0.0017602634616196156
6059,3,3,5.523925139527819e-08,1.754042766068109e-12,0.0004941712832078338,0.9995057582855225
6060,1,1,2.5287763492087834e-06,0.9999927282333374,3.2829889278218616e-06,1.476457669014053e-06
6061,0,0,0.9998623132705688,2.059977077806252e-06,0.00010113771713804454,3.444504545768723e-05
6062,3,3,1.586403050168883e-05,1.912383049784694e-05,0.0005940886912867427,0.9993708729743958
6063,3,3,0.015883754938840866,0.0002523092844057828,0.001977822044864297,0.9818860292434692
6064,2,1,0.33640360832214355,0.5098453164100647,0.15333493053913116,0.0004161739780101925
6065,0,0,0.9368649125099182,0.03921400010585785,0.02264827862381935,0.0012727935099974275
6066,2,2,1.5383267992774563e-08,6.664920282339892e-10,0.9999361038208008,6.394587398972362e-05
6067,2,2,0.38579779863357544,4.038754559587687e-05,0.6076191067695618,0.006542658433318138
6068,3,2,0.0044549317099153996,2.2409915345633635e-06,0.8400754928588867,0.15546739101409912
6069,2,2,0.06413693726062775,1.4177659068081994e-05,0.9355347752571106,0.00031412378302775323
6070,2,2,7.527866546297446e-05,1.3212526539518876e-07,0.9949396848678589,0.004984934814274311
6071,3,3,0.0124350655823946,0.00019693817012012005,0.0005114976083859801,0.9868565201759338
6072,2,0,0.8533473014831543,0.03420491889119148,0.09325181692838669,0.01919587515294552
6073,1,1,3.8051985029596835e-06,0.9999024868011475,4.7959871153580025e-05,4.57746755273547e-05
6074,2,2,0.016766216605901718,0.00040664654807187617,0.9822695851325989,0.0005574810202233493
6075,0,0,0.999997615814209,2.353242734898231e-06,7.698366388808608e-10,3.0384931903881807e-08
6076,1,1,1.2517899676822708e-06,0.9999986886978149,1.595565457535031e-08,5.013693460398372e-09
6077,1,1,1.3881532368031912e-06,0.9999963045120239,1.835263560678868e-06,5.102772320242366e-07
6078,3,3,4.534672825684538e-06,5.778941769563062e-10,0.0019876081496477127,0.9980078339576721
6079,2,2,0.0007360343006439507,1.2083035471732728e-05,0.991510808467865,0.007741064298897982
6080,3,3,0.11903639882802963,0.0023728685919195414,0.1015932485461235,0.7769975066184998
6081,3,2,0.00022554860333912075,8.310730481753126e-05,0.5864542126655579,0.41323718428611755
6082,3,3,3.7055353459436446e-05,1.5409832485602237e-05,0.4628213942050934,0.5371261239051819
6083,2,2,0.000580138061195612,2.8271606424823403e-05,0.9978253841400146,0.0015662875957787037
6084,2,3,5.424185019364813e-06,1.9610552044468932e-05,0.019839772954583168,0.9801351428031921
6085,3,3,4.302988600102253e-06,1.4828339089945075e-07,0.0010826176730915904,0.9989129304885864
6086,3,3,0.06193268299102783,7.471172693840344e-07,0.0037599951028823853,0.9343065619468689
6087,1,1,7.046245968922449e-07,0.9999877214431763,3.5298223792779027e-06,8.021172106964514e-06
6088,3,3,7.587259460706264e-05,1.9196880884919665e-07,0.01547825988382101,0.9844456315040588
6089,0,1,0.3394771218299866,0.5731039643287659,0.07355126738548279,0.01386765856295824
6090,1,1,1.2351454969916631e-08,0.9999997615814209,2.5316353458038066e-07,1.8833647530414055e-08
6091,2,2,2.0136098100920208e-05,0.0005387612618505955,0.9555612206459045,0.043879829347133636
6092,1,1,0.00010093364835483953,0.9998729228973389,1.2189055269118398e-05,1.3903514627600089e-05
6093,0,0,0.5716862678527832,0.3358430862426758,0.07398124039173126,0.018489357084035873
6094,3,3,0.0003531584807205945,1.2233152801854885e-06,0.08397062867879868,0.9156750440597534
6095,3,3,0.026227805763483047,9.811597010411788e-06,0.1687750369310379,0.8049873113632202
6096,2,2,0.014438039623200893,0.00012619007611647248,0.9753724932670593,0.010063350200653076
6097,3,3,0.0011019265512004495,9.574232961995222e-08,0.02890046313405037,0.9699974656105042
6098,0,0,0.9997819066047668,2.1253101749607595e-06,2.0026474885526113e-05,0.00019596799393184483
6099,0,0,0.9180620908737183,0.0007975991466082633,0.02512202598154545,0.05601833388209343
6100,2,3,1.6794692783150822e-05,2.0651469867516425e-08,0.00020341076015029103,0.9997797608375549
6101,2,2,1.3978228707856033e-05,4.459537194634322e-06,0.9900264739990234,0.009955138899385929
6102,1,1,1.114564929594053e-05,0.9999853372573853,8.624851375316211e-07,2.6258358047925867e-06
6103,2,2,0.00023127024178393185,6.046243328228229e-08,0.8860107660293579,0.1137578934431076
6104,2,0,0.6107099056243896,1.8033405240203138e-06,0.376452773809433,0.012835480272769928
6105,2,3,7.645509322173893e-05,8.740563828268932e-08,0.15480400621891022,0.8451194167137146
6106,1,1,9.038709549713531e-07,0.9999971389770508,7.768230716465041e-07,1.1644947335298639e-06
6107,0,0,1.0,2.409408436654381e-11,3.0878732903971695e-09,2.540457444411004e-08
6108,0,2,0.4965822398662567,1.2087279799288808e-07,0.4974532127380371,0.005964496172964573
6109,2,2,6.103138002799824e-05,3.3042024369933642e-06,0.9999047517776489,3.093975828960538e-05
6110,3,3,0.11413052678108215,5.473723649629392e-05,0.024068284779787064,0.8617464303970337
6111,1,1,2.975790039272397e-06,0.9999812841415405,1.498421079304535e-05,7.139627768992796e-07
6112,3,3,7.188475137809291e-05,1.3641537179864827e-06,0.0015772976912558079,0.9983495473861694
6113,2,2,0.0060369097627699375,0.00025157988420687616,0.9066314101219177,0.08708006888628006
6114,0,0,0.9556251168251038,0.00022419578453991562,0.000716949172783643,0.04343376308679581
6115,3,3,0.09244290739297867,2.50492178111017e-07,0.34177085757255554,0.5657859444618225
6116,2,2,0.00023066125868353993,2.269913056807127e-05,0.9339158535003662,0.06583071500062943
6117,2,2,0.0011488394811749458,1.4758481484022923e-05,0.9986056685447693,0.00023068960581440479
6118,1,1,2.7115584089187905e-07,0.9999970197677612,2.0638453861465678e-06,5.840165613335557e-07
6119,0,0,0.9771178960800171,0.0009226631955243647,0.012637165375053883,0.009322180412709713
6120,0,0,0.9999724626541138,1.1446963981143199e-06,8.402369076065952e-07,2.552743535488844e-05
6121,1,1,8.876924195710956e-10,1.0,6.396617457937737e-09,8.612364155169416e-10
6122,2,2,2.733710607571993e-05,5.3978467917659145e-08,0.9858489036560059,0.014123720116913319
6123,0,0,0.9993748068809509,4.678570803662296e-06,0.00028682179981842637,0.00033364980481565
6124,2,2,0.003289749613031745,7.109305443009362e-05,0.9925968647003174,0.0040422473102808
6125,3,3,0.0002316127356607467,2.4998864319059066e-05,0.008382784202694893,0.9913604855537415
6126,3,3,0.0002048865717370063,6.621609145440743e-07,0.1874920278787613,0.8123024106025696
6127,1,1,4.72998981422279e-05,0.9998703002929688,2.1397359887487255e-05,6.100600148783997e-05
6128,1,1,3.3515942050144076e-05,0.999895453453064,2.2645808712695725e-06,6.883330934215337e-05
6129,3,3,6.16285842625075e-06,2.185571929658181e-06,5.9138532378710806e-05,0.9999325275421143
6130,0,0,0.9366889595985413,0.0003808971669059247,3.048899452551268e-05,0.06289966404438019
6131,2,2,0.0005670910468325019,3.914474746125052e-06,0.9984440207481384,0.0009849572088569403
6132,3,3,5.399572728492785e-06,4.994726299223373e-10,3.582825229386799e-05,0.9999587535858154
6133,0,3,0.4497046172618866,0.061296314001083374,0.022465506568551064,0.4665335416793823
6134,0,0,0.999259889125824,4.699955752585083e-05,0.00023170268104877323,0.000461413903394714
6135,1,1,1.038651742391039e-08,1.0,2.1345526041161023e-11,5.831801264122305e-09
6136,0,0,0.9998902082443237,3.9226486592269794e-07,0.00010720586578827351,2.24676591642492e-06
6137,2,2,4.975454066880047e-05,2.0947714801877737e-05,0.8616316318511963,0.13829772174358368
6138,2,3,0.00027641013730317354,3.32222152792383e-05,0.24548451602458954,0.7542058825492859
6139,3,3,0.0030199431348592043,5.101643910165876e-05,0.0792020857334137,0.9177269339561462
6140,3,3,0.0006110093672759831,0.0002094777737511322,0.01323713082820177,0.9859424233436584
6141,3,3,0.00030134525150060654,2.4568436174376984e-07,0.3427681624889374,0.6569302678108215
6142,2,2,0.0007615459035150707,0.0008882205584086478,0.9981910586357117,0.00015920164878480136
6143,0,0,0.9999809265136719,6.4974861047062404e-09,6.7127753027307335e-06,1.233916191267781e-05
6144,3,3,2.3083692212821916e-05,2.300262167409528e-07,0.004647597670555115,0.9953291416168213
6145,0,0,0.8720818161964417,0.001620590453967452,0.0009088694350793958,0.12538883090019226
6146,1,1,2.420650559997739e-07,0.9999532699584961,2.7365420464775525e-05,1.9054759832215495e-05
6147,1,1,3.277309951954521e-05,0.9999669790267944,6.516955863844487e-09,2.0264764089006349e-07
6148,1,1,1.1679701401590137e-06,0.9999969005584717,1.2842502883358975e-06,5.819987904942536e-07
6149,0,0,0.9999898672103882,9.216269063472282e-06,1.629981127848623e-08,8.785083878137812e-07
6150,0,1,4.492226071306504e-05,0.9997320771217346,0.00014304502110462636,8.002058893907815e-05
6151,1,1,6.502718861156609e-06,0.9999929666519165,2.1472821742918313e-07,3.609214047628484e-07
6152,1,1,2.7193205824005418e-05,0.9999706745147705,3.9070738466762123e-07,1.8236338519272977e-06
6153,1,1,0.031732890754938126,0.9259904026985168,0.0416131354868412,0.000663676590193063
6154,3,3,1.4936887282601674e-06,5.0111380323070165e-11,5.158922704140423e-06,0.9999933242797852
6155,1,1,0.009571417234838009,0.9891846179962158,0.0011585077736526728,8.546565368305892e-05
6156,1,1,6.496162541225203e-08,0.9999998807907104,4.848371926158279e-09,5.407470471396891e-09
6157,1,1,1.3352837413549423e-05,0.9999836683273315,3.3101136409641185e-07,2.681942760318634e-06
6158,0,0,0.985602855682373,6.957368896109983e-05,0.000990633387118578,0.013336928561329842
6159,0,0,0.9999450445175171,8.942562317315605e-07,4.135202107136138e-05,1.268478899874026e-05
6160,0,0,0.9999781847000122,1.8554659618530422e-05,1.1103309134341544e-06,2.1624773580697365e-06
6161,2,2,0.38839656114578247,2.657036475284258e-06,0.6044602990150452,0.007140543311834335
6162,1,1,0.00011469478340586647,0.9998840093612671,9.818065791478148e-07,3.013580851529696e-07
6163,1,1,3.4742315619951114e-05,0.9999600648880005,4.916832949675154e-06,1.9386364158435754e-07
6164,1,1,2.2340354917105287e-05,0.999964714050293,1.2419583072187379e-05,4.982147743248788e-07
6165,2,2,0.0003736360522452742,0.010026912204921246,0.9711598753929138,0.01843963749706745
6166,0,0,0.9999997615814209,1.989168829652499e-08,9.23808656239089e-08,1.0553385010325655e-07
6167,3,3,0.0004301098524592817,6.942372010598774e-07,1.1368997547833715e-05,0.9995577931404114
6168,3,3,0.0428718701004982,0.007939169183373451,0.06463412195444107,0.8845548629760742
6169,2,2,9.548154048388824e-05,3.1623284546533625e-10,0.9966771602630615,0.0032273742835968733
6170,1,1,2.4092822059174068e-05,0.9999558925628662,2.608807790238643e-06,1.7460180970374495e-05
6171,1,1,4.6814751186730064e-08,1.0,4.2910203168489147e-10,2.0115646925944475e-09
6172,1,1,2.713957669708833e-10,1.0,4.846114065593099e-10,2.0503149178452418e-10
6173,2,2,9.453574989493063e-07,1.1947104416876186e-09,0.999901294708252,9.778029198059812e-05
6174,1,1,7.022509294074553e-07,0.9999969005584717,2.093570628858288e-06,2.994542001033551e-07
6175,0,3,0.36410626769065857,0.0011724563082680106,0.015092560090124607,0.6196287274360657
6176,0,0,0.9921497106552124,3.0094180480944033e-09,0.000590373354498297,0.007259912323206663
6177,0,0,0.9994242191314697,7.102245035639498e-06,0.00020074917119927704,0.0003679220681078732
6178,1,1,0.001090687233954668,0.9981552958488464,0.00047255188110284507,0.00028139137430116534
6179,1,1,1.1038564196041989e-07,0.9999994039535522,4.882687676399655e-07,4.821683674549604e-08
6180,2,3,0.004039818421006203,0.0013330243527889252,0.3455924689769745,0.6490347385406494
6181,2,2,0.09717365354299545,0.0751861110329628,0.7945429682731628,0.03309725970029831
6182,1,1,0.00012036757834721357,0.9998685121536255,6.735534498147899e-06,4.4378348320606165e-06
6183,2,2,0.0007984380354173481,6.965277634662925e-07,0.9991727471351624,2.8154885512776673e-05
6184,1,1,2.846192437289119e-08,1.0,2.8356584635957915e-08,1.9036912490832947e-08
6185,2,1,0.030348090454936028,0.8819202184677124,0.06617602705955505,0.021555664017796516
6186,1,1,0.0006151663837954402,0.9993811845779419,2.853092610166641e-06,7.663959991077718e-07
6187,1,1,4.582985638990067e-06,0.9999423027038574,1.7920780010172166e-05,3.5216780815972015e-05
6188,1,1,3.1484819196236913e-09,1.0,4.75895822749095e-10,2.277887600765638e-10
6189,0,0,0.9940722584724426,1.6250920452876016e-05,0.004459351766854525,0.0014521540142595768
6190,1,1,1.6579755538259633e-05,0.999798595905304,1.9729828636627644e-05,0.00016503834922332317
6191,0,0,0.9999575614929199,4.947778506902978e-07,2.423746082058642e-06,3.952161569031887e-05
6192,2,2,0.000347496650647372,7.826026376278605e-06,0.987095832824707,0.012548827566206455
6193,2,2,0.001725664478726685,3.278683607277344e-06,0.9880654215812683,0.010205603204667568
6194,1,1,4.082660041149211e-07,0.9999967813491821,1.3616136129712686e-06,1.4397986660696915e-06
6195,1,1,4.2326024413341656e-05,0.9932054281234741,2.9946002541691996e-05,0.006722376681864262
6196,2,2,0.04590555280447006,0.0001847529347287491,0.9511545896530151,0.002755157183855772
6197,0,0,0.9931997656822205,0.004237118177115917,0.0008415348711423576,0.0017214716644957662
6198,1,1,0.00028617726638913155,0.9995978474617004,4.089076173841022e-05,7.509558781748638e-05
6199,1,1,1.6456409639431513e-06,0.9999983310699463,1.32758926074672e-09,5.2285837881527186e-08
6200,3,3,6.490510351397916e-09,1.300656526925792e-10,2.138101262971759e-05,0.9999786615371704
6201,1,1,0.0056273541413247585,0.9876489043235779,0.00606158934533596,0.0006620997446589172
6202,0,3,0.09471684694290161,2.1769917566416552e-06,0.05417056009173393,0.8511105179786682
6203,2,2,0.00025279587134718895,7.7688557212241e-05,0.9963030815124512,0.003366514341905713
6204,0,0,0.9932885766029358,1.3483346265275031e-05,0.0065396870486438274,0.00015823131252545863
6205,0,0,0.9469476938247681,5.977525461275945e-07,0.05075215548276901,0.0022995327599346638
6206,0,0,0.9935601949691772,0.0025159267242997885,0.0013014515861868858,0.00262245605699718
6207,2,2,2.0669851892307634e-06,2.8610591229494275e-08,0.9701384902000427,0.029859377071261406
6208,2,2,0.00011785181413870305,7.834220809854742e-07,0.5785662531852722,0.42131510376930237
6209,1,1,0.00034105562372133136,0.9994106292724609,3.819438279606402e-05,0.0002102196158375591
6210,0,0,0.9969250559806824,0.0007122857496142387,0.002262369031086564,0.000100228629889898
6211,0,0,0.9999996423721313,3.4676450599846476e-09,1.5077732484769513e-07,2.1523032955883536e-07
6212,0,0,0.9939040541648865,1.56755941134179e-05,0.0055799586698412895,0.0005002811085432768
6213,0,0,1.0,5.0214334912368486e-09,2.257638342939572e-08,2.596207515637161e-08
6214,1,1,1.2783495549228974e-05,0.9999868869781494,1.7223130699406397e-09,3.7955831544422836e-07
6215,0,0,0.9975717663764954,2.095357274356502e-07,0.002340352162718773,8.765689563006163e-05
6216,2,0,0.9045893549919128,9.184550435747951e-05,0.09415458142757416,0.001164233312010765
6217,1,1,1.1113370668169864e-08,1.0,1.586034237277545e-08,1.014322070780338e-09
6218,0,0,0.8251423835754395,0.1282719373703003,0.0315772220492363,0.015008476562798023
6219,3,3,2.133712769136764e-05,4.41043775936123e-05,0.04832136258482933,0.951613187789917
6220,3,3,0.0001161370164481923,9.418153240403626e-06,0.051148802042007446,0.948725700378418
6221,0,0,0.97027188539505,6.298283551586792e-05,0.023662123829126358,0.00600295327603817
6222,2,3,0.0017105493461713195,1.3344901162781753e-05,0.27596598863601685,0.7223101258277893
6223,1,1,5.204638000577688e-06,0.9999922513961792,2.2376416382030584e-06,3.5679590837389696e-07
6224,2,2,0.0005457039223983884,5.5986325605772436e-05,0.9993472695350647,5.0947361160069704e-05
6225,1,1,0.00043933812412433326,0.9990901947021484,0.0004150253953412175,5.5513686675112695e-05
6226,2,3,5.753884761361405e-05,5.5432046508485655e-08,0.24423345923423767,0.7557089328765869
6227,1,1,0.00033586303470656276,0.9995836615562439,5.116559623274952e-05,2.935330667241942e-05
6228,0,0,0.9975454211235046,1.991401632039924e-06,0.001538207521662116,0.0009143599309027195
6229,2,2,0.02086426317691803,0.00020546108135022223,0.948094367980957,0.030835924670100212
6230,2,2,4.062153038830729e-06,1.0847676179537302e-07,0.9998987913131714,9.7057425591629e-05
6231,3,3,5.277296963868139e-07,5.886485743289427e-11,5.435574166767765e-06,0.9999940395355225
6232,1,1,3.360375194461085e-05,0.9999504089355469,1.2955907550349366e-05,2.9562629606516566e-06
6233,0,0,0.9999885559082031,5.388236523629075e-10,1.900857796499622e-06,9.507053619017825e-06
6234,2,3,0.01987180858850479,0.00012426484317984432,0.12010131776332855,0.8599026203155518
6235,2,2,8.908298332244158e-05,2.551114448579028e-07,0.9963881969451904,0.003522519487887621
6236,1,1,0.01069437712430954,0.9156323671340942,0.02010192722082138,0.05357130616903305
6237,1,1,1.0544874385232106e-05,0.9999891519546509,3.238819488160516e-07,1.6608195707590312e-08
6238,0,0,0.9999445676803589,1.1221510476389085e-06,5.68896848562872e-06,4.861493653152138e-05
6239,0,0,0.999974250793457,2.1494199753391285e-09,2.3447815692634322e-05,2.263683882119949e-06
6240,3,3,2.6004277060565073e-06,2.587105862872363e-09,0.2674965262413025,0.7325009107589722
6241,2,2,0.00021196401212364435,0.0007608820451423526,0.8098655939102173,0.1891615390777588
6242,2,2,1.7052114344551228e-05,1.5858298866078258e-05,0.9991708993911743,0.0007962453528307378
6243,2,2,0.001614122185856104,1.4882486993883504e-06,0.9973267316818237,0.0010576439090073109
6244,2,2,0.014949562028050423,0.0027974373660981655,0.9778880476951599,0.004364905878901482
6245,2,2,0.00036638532765209675,0.0003416005056351423,0.9968655705451965,0.0024264128878712654
6246,3,3,8.20134005152795e-09,9.352759677838662e-10,3.145250730085536e-06,0.9999969005584717
6247,3,2,1.5027339031803422e-05,2.546984489981696e-07,0.9984191656112671,0.0015655868919566274
6248,2,2,0.023811206221580505,0.04682205244898796,0.6512851119041443,0.27808165550231934
6249,2,2,0.00019919911574106663,2.6187933599430835e-07,0.9989136457443237,0.0008868796867318451
6250,3,3,6.849778344530932e-08,4.746159731894295e-08,1.785058520908933e-05,0.9999821186065674
6251,0,0,0.9998138546943665,1.627475649002008e-05,1.9730541680473834e-05,0.00015015855024103075
6252,0,0,0.9909629225730896,9.01848107304204e-09,0.0003292173787485808,0.008707867003977299
6253,0,0,0.9999545812606812,3.129260761625119e-08,7.093650310707744e-06,3.823004226433113e-05
6254,0,0,0.9998962879180908,5.13700060267297e-09,1.0795639582283911e-06,0.00010257383837597445
6255,0,0,0.9997205138206482,3.1469480745727196e-05,0.0001246794854523614,0.000123360485304147
6256,2,2,0.0001293582026846707,5.604328543995507e-05,0.9996954202651978,0.0001192141353385523
6257,1,1,0.0005534152151085436,0.9978508949279785,0.0015604114159941673,3.52699717041105e-05
6258,2,2,0.024373499676585197,3.328245293232612e-05,0.9332399964332581,0.04235314577817917
6259,3,3,0.001642610295675695,1.2916211744595785e-07,0.00625640619546175,0.9921008944511414
6260,3,3,8.475544018438086e-05,2.808301644563471e-07,0.3570568561553955,0.64285808801651
6261,3,3,1.5253768651746213e-05,3.1631857382308226e-06,2.6310319299227558e-05,0.9999551773071289
6262,3,3,0.0030945558100938797,8.005783456610516e-06,0.10689068585634232,0.8900068402290344
6263,0,0,0.9999980926513672,1.567626782161824e-06,4.5100204459913584e-08,3.4062531995004974e-07
6264,1,1,2.0134390155135407e-08,1.0,5.556449522714502e-09,2.386149611233179e-10
6265,2,2,0.029036985710263252,1.4581945833924692e-05,0.9362474083900452,0.03470110148191452
6266,0,2,0.11456512659788132,4.129103103878151e-08,0.8844635486602783,0.000971208733972162
6267,2,2,0.03145318478345871,0.4624398350715637,0.505877673625946,0.00022928984253667295
6268,3,3,4.020358755951747e-05,5.463147267903423e-09,1.9697008610819466e-05,0.999940037727356
6269,3,3,0.000174815853824839,2.931873837042076e-07,0.011641256511211395,0.9881836771965027
6270,1,1,1.0995631782861892e-06,0.9999988079071045,1.3891650052499926e-09,1.0082190726734552e-07
6271,2,2,0.0019982571247965097,4.642198109650053e-05,0.9846296906471252,0.013325673528015614
6272,2,2,7.926077216779959e-08,1.8586614886073605e-11,0.999916672706604,8.317751053255051e-05
6273,2,2,1.0213338100584224e-05,4.591235480688738e-08,0.9955452680587769,0.004444432910531759
6274,3,3,2.8585685868165456e-05,0.0004626339359674603,0.003722673747688532,0.9957861304283142
6275,3,3,1.5404810937980074e-06,2.254693676206898e-08,2.1911228031967767e-05,0.9999765157699585
6276,2,3,0.0004414169816300273,6.926221658432041e-07,0.3055894672870636,0.6939684748649597
6277,1,1,1.3206427865952719e-05,0.9999867677688599,3.065462772511296e-09,1.5065070968489636e-08
6278,3,2,0.0001136297287303023,3.808006852068502e-07,0.9372233152389526,0.06266269087791443
6279,1,1,8.180055743878256e-09,1.0,2.6843622880079465e-09,6.552394626879732e-09
6280,3,3,0.0001356305874651298,2.0918371319567086e-06,0.11679024994373322,0.8830719590187073
6281,0,0,0.9938871264457703,0.004947868641465902,0.0008435628842562437,0.0003214814933016896
6282,3,3,2.8304324928285496e-07,2.711568816704535e-11,0.10629156976938248,0.8937081098556519
6283,2,2,0.0024993177503347397,0.0003438010753598064,0.9931460618972778,0.004010878037661314
6284,2,2,0.0009878878481686115,0.00025198684306815267,0.9986163377761841,0.00014381362416315824
6285,2,2,0.001333469059318304,0.40807273983955383,0.5515123605728149,0.03908144310116768
6286,0,0,0.999553382396698,9.555827091389801e-06,0.00018866868049371988,0.00024837240925990045
6287,3,3,0.052763380110263824,7.819104439477087e-07,0.0007232031784951687,0.9465125799179077
6288,3,3,4.774245826411061e-05,7.394648037006846e-06,0.0007176430663093925,0.9992272853851318
6289,1,1,3.673461179687365e-08,0.9999985694885254,1.3156883369447314e-06,7.065725782240406e-08
6290,2,2,2.5837077828327892e-06,3.49828297885324e-07,0.9998935461044312,0.00010343130270484835
6291,2,2,0.0006321758264675736,0.01513744704425335,0.9606241583824158,0.02360633760690689
6292,0,0,0.9927783608436584,1.31166932870741e-09,0.007185056805610657,3.660155925899744e-05
6293,2,3,0.0211490485817194,0.0008279572939500213,0.47694820165634155,0.5010747909545898
6294,3,3,4.5267881110255814e-10,1.9892000373278318e-12,1.103589056583587e-05,0.9999889135360718
6295,1,1,7.000734331086278e-05,0.9998953342437744,1.0763950740511063e-05,2.3846230760682374e-05
6296,2,2,1.2305079508223571e-05,1.7090468418246019e-06,0.9998489618301392,0.00013706278696190566
6297,3,3,5.712508482247358e-06,1.187300124882995e-08,0.0016181885730475187,0.9983761310577393
6298,1,1,0.00027056754333898425,0.9997281432151794,4.5531996306635847e-07,8.382558007724583e-07
6299,3,3,3.303047924418934e-05,4.1698708628246095e-06,0.003689361270517111,0.9962735176086426
6300,2,2,2.6186968170804903e-05,9.447531823525424e-08,0.9999537467956543,1.991322096728254e-05
6301,1,1,1.2519045640146942e-06,0.999977707862854,1.1643905054370407e-05,9.36479955271352e-06
6302,1,1,5.7965076848631725e-05,0.9998958110809326,2.6980545953847468e-05,1.9216917280573398e-05
6303,1,1,2.7215037334826775e-06,0.999985933303833,1.045403132593492e-05,8.455722309008706e-07
6304,1,1,3.892145286954474e-06,0.9999958276748657,1.22176587069589e-07,1.670002092168943e-07
6305,0,0,1.0,1.5908362627214956e-08,6.713187644669105e-11,2.4028437017875603e-09
6306,3,3,4.7894536692183465e-06,2.5661734071036335e-06,4.33277637057472e-05,0.9999492168426514
6307,1,1,5.47633908354328e-06,0.999991774559021,2.049315071417368e-06,6.768572688997665e-07
6308,0,0,0.9892798066139221,1.7733727872837335e-05,0.00030299427453428507,0.01039945986121893
6309,3,3,0.007958795875310898,0.018360547721385956,0.0005895061185583472,0.9730911254882812
6310,2,2,3.286692299298011e-05,4.4666575149676646e-07,0.9981229901313782,0.0018437026301398873
6311,3,3,0.018208736553788185,0.0001943728857440874,8.315261766256299e-06,0.98158860206604
6312,3,3,0.00012523173063527793,1.2924242298595345e-07,4.2007334855043155e-07,0.9998742341995239
6313,3,3,0.00010594265768304467,2.319104714842979e-05,0.08708693087100983,0.9127839803695679
6314,3,3,8.827439756942113e-08,2.48165571425929e-10,8.200637239497155e-06,0.9999916553497314
6315,3,3,1.2114170431232196e-06,5.410317194254333e-10,0.015122654847800732,0.9848761558532715
6316,0,0,0.9999608993530273,6.875195879274543e-08,1.9910467017325573e-06,3.696349449455738e-05
6317,3,3,0.020165638998150826,1.037529727909714e-05,0.0006581025081686676,0.9791658520698547
6318,3,3,0.22299666702747345,2.2094122869020794e-06,0.0009308509179390967,0.7760702967643738
6319,1,1,0.13447782397270203,0.7769880294799805,0.0021198270842432976,0.08641424775123596
6320,3,2,1.3497638065018691e-05,2.968422734284104e-07,0.8387916088104248,0.1611945778131485
6321,0,0,0.9999997615814209,7.307303373504936e-11,9.937937761606008e-08,6.910329375386937e-08
6322,3,3,9.29860289033968e-06,5.524447601601423e-07,0.0528675839304924,0.9471225738525391
6323,3,3,0.03407197818160057,0.0025888956151902676,0.049023643136024475,0.9143155217170715
6324,0,0,0.9997555613517761,8.08234908618033e-05,0.0001549804728711024,8.681888175487984e-06
6325,3,0,0.5998588800430298,0.017714377492666245,0.047085631638765335,0.33534109592437744
6326,1,1,2.4106023843728508e-08,0.9999998807907104,2.5931536029588642e-08,7.280881675342243e-08
6327,0,3,0.357216477394104,9.278132040435594e-09,0.15025284886360168,0.49253061413764954
6328,1,1,6.505806959467009e-05,0.9994803071022034,0.0002741929783951491,0.00018053772510029376
6329,1,1,1.930805240135669e-07,0.9999997615814209,3.08689678263363e-08,3.758915312346289e-08
6330,1,1,2.2424030987622245e-07,0.9999992847442627,1.2540699856344872e-07,3.387122262665798e-07
6331,1,1,0.0007475828169845045,0.9992173910140991,3.132044002995826e-05,3.6937756249244558e-06
6332,0,0,0.9984561204910278,7.156783681239176e-07,0.00012109256203984842,0.0014221458695828915
6333,1,1,0.0002613753895275295,0.9993095397949219,0.0002841402601916343,0.00014499157259706408
6334,0,0,0.999777615070343,2.0931047117755952e-07,1.9879791580024175e-05,0.00020229390065651387
6335,2,2,0.0006782743730582297,0.0009400257840752602,0.9395437240600586,0.058837998658418655
6336,2,2,9.89244767879427e-07,9.90762361041675e-10,0.9485210180282593,0.051477912813425064
6337,0,0,0.9999637603759766,2.8794610784643737e-07,3.881697466567857e-06,3.203448432032019e-05
6338,0,0,0.9399878978729248,9.454558312427253e-05,0.04593588784337044,0.013981589116156101
6339,0,0,0.986585259437561,0.0029692803509533405,3.381787973921746e-05,0.010411630384624004
6340,1,1,1.9141745724482462e-05,0.997197151184082,0.002557304222136736,0.0002263834758196026
6341,0,0,0.9999943971633911,1.6115156142859632e-07,2.9393090699159075e-06,2.508651505195303e-06
6342,2,2,0.00046734107309021056,3.3006563171511516e-06,0.9890465140342712,0.010482854209840298
6343,0,0,0.9999713897705078,5.74712066736538e-06,4.492109351161844e-09,2.2836162315797992e-05
6344,3,2,0.025532277300953865,1.2846540187183564e-07,0.6498051285743713,0.324662446975708
6345,2,2,0.001278110546991229,3.400974310352467e-05,0.7824751734733582,0.21621274948120117
6346,3,3,2.5435164729969983e-07,5.99536278400592e-08,9.79183278104756e-06,0.9999898672103882
6347,2,2,0.0006672340095974505,4.0653198993823025e-06,0.9756481051445007,0.02368060313165188
6348,2,2,0.0030736213084310293,3.157832452416187e-06,0.9181749820709229,0.07874824106693268
6349,2,2,0.19100843369960785,0.00817513931542635,0.5271189212799072,0.27369752526283264
6350,3,3,6.907982452730721e-08,1.2906051338745783e-08,0.0003244166437070817,0.9996755123138428
6351,3,3,0.0014141324209049344,6.955842400202528e-05,0.4027355909347534,0.5957807302474976
6352,0,0,0.998915433883667,0.00020640742150135338,0.0008271330152638257,5.1088398322463036e-05
6353,0,0,0.9478041529655457,0.004828085191547871,0.02218439429998398,0.025183364748954773
6354,2,3,0.005934984888881445,0.0002802276285365224,0.36635062098503113,0.6274341344833374
6355,3,3,7.373003427346703e-06,1.050643874123125e-07,0.0006687362329103053,0.999323844909668
6356,1,0,0.6182454824447632,0.29966336488723755,4.607160371961072e-05,0.08204515278339386
6357,2,2,4.846960655413568e-05,1.0824817309185164e-06,0.9557827711105347,0.044167716056108475
6358,1,1,1.0959774954244494e-06,0.9999986886978149,1.1173468550396137e-07,9.263450095886583e-08
6359,2,0,0.4724036753177643,0.10524679720401764,0.40564215183258057,0.016707364469766617
6360,1,1,1.8392974920899974e-09,0.9999998807907104,5.9447842204463086e-08,4.398976738428928e-09
6361,0,0,0.9997621178627014,6.979772138038243e-08,3.1865180062595755e-05,0.00020594269153662026
6362,2,2,0.05453453212976456,0.011665919795632362,0.8674507737159729,0.06634878367185593
6363,2,2,0.0026144536677747965,2.0507732187979855e-05,0.9844725728034973,0.012892397120594978
6364,2,2,0.00010748962813522667,9.119785318034701e-07,0.9888970255851746,0.010994520969688892
6365,3,3,0.0010737492702901363,0.00019128584244754165,0.016154682263731956,0.9825802445411682
6366,1,1,5.034456194152881e-07,0.9999970197677612,1.5086345683812397e-06,9.142908083958901e-07
6367,1,1,0.0037483524065464735,0.9961320161819458,4.7597924890396826e-07,0.00011910864122910425
6368,3,3,4.666941094910726e-05,0.0002545669849496335,0.0016966608818620443,0.9980021119117737
6369,2,2,0.034713126718997955,8.616747800260782e-05,0.5275095105171204,0.43769118189811707
6370,3,3,2.0306866588271077e-07,2.072988891654859e-09,0.00019076182798016816,0.9998090863227844
6371,3,3,0.0003158030449412763,0.005140413995832205,0.02526555210351944,0.9692781567573547
6372,3,3,0.0002823982504196465,1.1702013580361381e-05,0.008799188770353794,0.9909067153930664
6373,2,2,0.015829984098672867,6.077088073652703e-06,0.9838116765022278,0.0003522022452671081
6374,1,1,0.0004884405643679202,0.9994009733200073,7.253156218212098e-05,3.806339736911468e-05
6375,1,1,0.00011670132516883314,0.9998181462287903,6.787308393541025e-06,5.837940989295021e-05
6376,1,1,9.398116162628867e-06,0.9999841451644897,5.617423994408455e-06,8.164713563019177e-07
6377,0,0,0.9991748929023743,0.0004316706908866763,7.06893770257011e-05,0.00032282440224662423
6378,2,2,0.001974431797862053,1.2518358971647103e-06,0.9269203543663025,0.07110388576984406
6379,2,2,0.09567815065383911,4.7430834371198216e-08,0.7724847197532654,0.13183709979057312
6380,2,2,0.4115152657032013,0.00014209438813850284,0.5411069393157959,0.04723570495843887
6381,2,3,0.01068693958222866,4.141348199482309e-06,0.1983131468296051,0.7909957766532898
6382,2,2,0.0024271197617053986,0.0016566601116210222,0.822309672832489,0.1736065000295639
6383,0,0,0.9999805688858032,1.5077517900863313e-07,1.2753337614412885e-05,6.511736046377337e-06
6384,0,0,0.9999983310699463,4.660112139925898e-12,3.6929463931301143e-07,1.2798894886145717e-06
6385,2,2,0.010074496269226074,3.080735098137666e-07,0.9879049062728882,0.0020202172454446554
6386,0,0,0.9998867511749268,1.0446311762279947e-06,3.4827175113605335e-05,7.733432721579447e-05
6387,1,1,2.8587148790393258e-06,0.9999945163726807,1.5054287132443278e-06,1.0310225206922041e-06
6388,3,3,1.714771684646621e-07,5.394715707138231e-13,9.621695426176302e-06,0.9999902248382568
6389,3,3,9.510433329751322e-09,3.146522278840713e-11,5.443067038868321e-06,0.9999945163726807
6390,1,1,1.3753045777775696e-06,0.9999984502792358,2.0594177385646617e-07,2.6222162219369238e-08
6391,3,3,0.03834714740514755,0.0026290162932127714,0.206683948636055,0.7523398995399475
6392,0,0,0.9999183416366577,1.6543749703501476e-09,2.2561662262887694e-05,5.9071011492051184e-05
6393,3,3,0.02271936647593975,0.00021485070465132594,0.015926187857985497,0.9611395597457886
6394,0,0,0.9999982118606567,1.2038225349897402e-06,3.161779034144274e-07,1.979532697760078e-07
6395,1,1,0.00017843380919657648,0.9996237754821777,9.832488285610452e-05,9.946881618816406e-05
6396,1,1,0.004818957298994064,0.9698496460914612,0.02077009715139866,0.004561245907098055
6397,2,2,0.009689832106232643,0.0004890109994448721,0.8737344145774841,0.11608674377202988
6398,2,0,0.7365145087242126,8.187201274267863e-06,0.26072633266448975,0.0027508768253028393
6399,1,1,1.1579240890569054e-05,0.9999867677688599,1.4175328715282376e-06,2.1237447356270422e-07
6400,3,3,0.0008302998612634838,0.008800096809864044,0.006581254303455353,0.9837883710861206
6401,0,0,0.9996373653411865,2.3742398980175494e-07,0.00018004130106419325,0.00018227756663691252
6402,1,1,0.0004671301576308906,0.9992727637290955,1.2626725265363348e-06,0.0002588230709079653
6403,0,0,1.0,6.644854805282208e-11,1.6820440151832372e-08,3.524796099441119e-08
6404,1,1,9.790109470486641e-05,0.999894380569458,1.7127923968018877e-08,7.792038559273351e-06
6405,1,2,0.3847939670085907,0.05047207325696945,0.5434496402740479,0.021284375339746475
6406,2,2,0.006544152740389109,3.116747677722742e-07,0.9867434501647949,0.006712030153721571
6407,1,1,1.9277818807950098e-07,0.9999996423721313,1.3886987915157079e-07,1.4326570152434215e-08
6408,1,1,2.502444544916216e-07,0.9999971389770508,9.915612508848426e-07,1.6901210528885713e-06
6409,1,1,5.094204971101135e-05,0.9999246597290039,1.5217589862004388e-05,9.158543434750754e-06
6410,3,3,0.009591391310095787,0.0007173156482167542,0.02414807491004467,0.965543270111084
6411,1,1,0.00020545251027215272,0.9997289776802063,2.8987139444325294e-07,6.536123692058027e-05
6412,0,0,0.9977796673774719,7.322692452405022e-10,2.1578947780653834e-05,0.0021988279186189175
6413,0,0,0.9999772310256958,4.965993483097009e-08,2.0203953681630082e-05,2.5614406240492826e-06
6414,0,0,0.9925822019577026,1.4664236687167431e-06,0.005754379089921713,0.0016619183588773012
6415,2,2,0.010951846837997437,0.0059234206564724445,0.9618021845817566,0.021322615444660187
6416,0,0,0.9999655485153198,3.003985393768005e-10,1.538003380119335e-05,1.903134943859186e-05
6417,0,0,0.9999814033508301,8.548725283219483e-09,1.3024657164351083e-05,5.63215462534572e-06
6418,0,0,0.9999966621398926,1.0302733244316187e-07,1.9445519683358725e-06,1.3862579635315342e-06
6419,1,1,5.556250357585668e-07,0.9999994039535522,8.112153615513762e-09,1.9613830559706003e-08
6420,0,0,0.9998683929443359,2.772633706626948e-05,3.655732507468201e-05,6.72389505780302e-05
6421,1,1,0.004552929196506739,0.9947713017463684,0.0005598350544460118,0.00011601417645579204
6422,1,1,0.012935178354382515,0.9867324233055115,0.00019646248256321996,0.00013592072355095297
6423,1,1,0.010231593623757362,0.6855267286300659,0.3026646077632904,0.0015770549653097987
6424,1,1,0.05659525841474533,0.8001320958137512,0.14262284338474274,0.0006498423754237592
6425,1,1,0.0007283598533831537,0.9931588768959045,0.0056944843381643295,0.000418235722463578
6426,1,1,0.009059406816959381,0.9862346053123474,0.0025230790488421917,0.0021828534081578255
6427,2,1,4.610733230947517e-05,0.4778428077697754,0.39281198382377625,0.1292990893125534
6428,1,1,1.4864584045426454e-05,0.9999431371688843,9.419659363629762e-06,3.249121073167771e-05
6429,0,0,0.994172990322113,0.004886120557785034,0.0006488419603556395,0.00029204905149526894
6430,0,0,0.9998406171798706,2.96306637892485e-07,9.01868988876231e-05,6.883635796839371e-05
6431,1,1,0.00015024868480395526,0.9997149109840393,6.979440513532609e-05,6.507502257591113e-05
6432,0,0,0.9991507530212402,0.000675491988658905,2.539533738854516e-07,0.0001734839315759018
6433,1,1,1.4162555572738711e-08,1.0,1.3356618762394579e-11,7.68826335928452e-09
6434,0,0,0.9999802112579346,9.942705325727275e-09,7.95948437826155e-07,1.8897249901783653e-05
6435,2,2,0.054990801960229874,0.0006667675916105509,0.9425569772720337,0.0017855550395324826
6436,3,3,3.1915611486965645e-08,1.567091234555562e-09,0.0032224503811448812,0.9967774748802185
6437,2,2,3.783678403124213e-05,9.515151191408222e-07,0.9994844198226929,0.0004767693462781608
6438,2,0,0.4841758608818054,0.1837654560804367,0.01661458984017372,0.31544411182403564
6439,2,2,0.00036580595769919455,8.372530260203348e-07,0.9941073656082153,0.005526016466319561
6440,3,3,7.55532892071642e-06,2.6929913587991905e-07,0.023811612278223038,0.9761806130409241
6441,0,0,0.999998927116394,9.692467273225702e-09,2.635139537687792e-07,8.691446282682591e-07
6442,2,2,0.011550121940672398,3.670997466542758e-05,0.9399895668029785,0.048423536121845245
6443,0,0,0.9999971389770508,5.442574391167909e-09,2.2961226875395369e-07,2.557734887886909e-06
6444,1,1,1.6398538491557701e-06,0.999996542930603,4.835574145545252e-07,1.3077919902571011e-06
6445,2,2,0.0031085554510354996,0.0005037917289882898,0.9961436986923218,0.00024396760272793472
6446,3,3,0.00714392215013504,0.001119357068091631,0.038754772394895554,0.9529818892478943
6447,0,0,0.9954270124435425,1.7841941826191032e-06,0.001588246552273631,0.0029829165432602167
6448,0,0,0.9999336004257202,2.818038353780139e-07,3.752172415261157e-05,2.858618609025143e-05
6449,0,0,0.9956087470054626,3.906695837940788e-06,0.0025571919977664948,0.0018301658565178514
6450,3,3,0.0004172657208982855,3.544979335856624e-06,0.0004998829099349678,0.9990792274475098
6451,0,0,0.9999997615814209,2.5725646057850327e-09,3.102213241845675e-08,2.1682679118839587e-07
6452,1,1,5.146546300238697e-09,1.0,8.132421847051319e-09,3.7321603585382945e-09
6453,3,3,2.8844431199104292e-06,6.534788266066016e-10,0.0019414472626522183,0.9980556964874268
6454,2,2,0.004106826148927212,0.0004982668906450272,0.9678837656974792,0.027511117979884148
6455,1,1,0.3014078140258789,0.6944510340690613,0.0035084558185189962,0.0006327201263047755
6456,0,0,0.9985129237174988,0.0006127275992184877,0.0005904280696995556,0.0002839679364115
6457,2,2,0.014776852913200855,0.0001825754006858915,0.6840483546257019,0.30099228024482727
6458,2,2,0.005128993187099695,2.5286133677582256e-05,0.9947422742843628,0.00010342724999645725
6459,1,1,1.533011051435551e-09,1.0,4.085778826379283e-08,4.262764807805297e-09
6460,2,2,0.0008830222650431097,2.7145711101184133e-06,0.9964678287506104,0.0026463766116648912
6461,2,2,0.04520833492279053,7.922742224764079e-05,0.940490186214447,0.014222263358533382
6462,2,3,0.016295891255140305,0.0046094367280602455,0.1019102931022644,0.877184271812439
6463,3,2,0.00017002188542392105,2.781615148705896e-05,0.5060297250747681,0.49377235770225525
6464,2,2,0.000602872169110924,1.7188500578413368e-06,0.9984001517295837,0.00099531514570117
6465,0,2,0.3434562683105469,0.001379366498440504,0.43985801935195923,0.21530628204345703
6466,3,3,0.0005977851687930524,4.9289177184164146e-08,0.0002275591396028176,0.9991746544837952
6467,0,0,0.9020232558250427,0.009739208035171032,0.04913613200187683,0.039101339876651764
6468,0,0,0.9994974136352539,0.0004219358670525253,6.8535464379237965e-06,7.36745641916059e-05
6469,2,2,0.0038543487899005413,6.901453275531821e-07,0.9954751133918762,0.0006698074867017567
6470,1,1,0.002012427430599928,0.9969486594200134,0.0006406918400898576,0.00039824959821999073
6471,1,1,0.00013471621787175536,0.9997541308403015,0.0001083354145521298,2.8733702492900193e-06
6472,1,1,0.00016112443699967116,0.9998378753662109,4.450479025308596e-07,4.3838545593644085e-07
6473,0,0,0.9992560744285583,2.9427404513171496e-08,4.2692022361734416e-08,0.0007439311011694372
6474,3,3,8.487575797744285e-08,4.950126708536118e-08,0.000285617308691144,0.9997143149375916
6475,2,2,9.582596976542845e-05,3.192884832969867e-05,0.9994075298309326,0.00046477981959469616
6476,2,2,0.0009896907722577453,1.1334362170600798e-05,0.998820960521698,0.0001780152670107782
6477,2,2,0.0006602982757613063,0.0028397762216627598,0.9961231350898743,0.0003767799644265324
6478,1,1,6.97899486112874e-06,0.9999929666519165,2.274995990203532e-11,1.0317162235651267e-08
6479,0,0,0.9881995916366577,8.66661957843462e-06,0.00016910492558963597,0.011622641235589981
6480,0,0,0.9894133806228638,3.769306999856781e-07,0.007012613583356142,0.0035737152211368084
6481,0,0,0.9993745684623718,5.343835027815658e-07,0.00019982275262009352,0.00042517605470493436
6482,1,1,0.010372410528361797,0.9895210266113281,2.6525676730670966e-05,8.014033664949238e-05
6483,0,0,0.998691737651825,6.163545407389392e-08,0.00020893156761303544,0.001099317567422986
6484,2,2,0.009509791620075703,5.78555159336247e-07,0.9892095923423767,0.001280042459256947
6485,3,3,0.0011233317200094461,0.0006012813537381589,0.01624237932264805,0.9820330739021301
6486,1,1,0.0006771855405531824,0.9992457628250122,4.344125773059204e-05,3.354978980496526e-05
6487,0,0,0.9998818635940552,3.330722756800242e-05,2.0078163288417272e-05,6.482157186837867e-05
6488,0,0,0.9999388456344604,2.3294365547599227e-08,5.8109268138650805e-05,3.1020454116514884e-06
6489,0,0,0.9997188448905945,1.7592128642718308e-05,1.1531414202181622e-05,0.00025192415341734886
6490,1,1,9.91597116808407e-05,0.9991379976272583,0.000741463853046298,2.1332845790311694e-05
6491,2,3,0.25195494294166565,0.0015786514850333333,0.35228604078292847,0.39418044686317444
6492,3,3,0.007391232531517744,0.023411449044942856,0.010592127218842506,0.958605170249939
6493,2,2,9.882781887426972e-05,2.766498801065609e-05,0.9430397152900696,0.05683380365371704
6494,1,1,0.0005133720696903765,0.998028576374054,0.00017804936214815825,0.0012799305841326714
6495,1,1,0.0004851068661082536,0.9993491768836975,0.00011489653843455017,5.08937009726651e-05
6496,3,3,0.0003003355232067406,2.1973667116981233e-06,0.00017359292542096227,0.9995239973068237
6497,0,0,0.99925297498703,2.0609295461326838e-06,0.0004817225562874228,0.0002631997922435403
6498,1,1,3.3750413422239944e-05,0.9994283318519592,0.00045232419506646693,8.549369522370398e-05
6499,1,1,1.2659074855037034e-06,0.9999935626983643,4.532343155005947e-06,6.384199195963447e-07
6500,3,0,0.6175662875175476,0.00396236265078187,0.003951044753193855,0.37452030181884766
6501,0,0,0.9997016787528992,5.389168109104503e-06,9.068984218174592e-05,0.00020219579164404422
6502,1,1,8.008831287042995e-07,0.9999991655349731,8.405718787685146e-09,2.3005479743432034e-09
6503,2,2,0.01794041506946087,0.027565790340304375,0.8258368372917175,0.1286569982767105
6504,3,3,6.614475751121063e-06,4.717854232283436e-11,2.4588055111962603e-06,0.9999909400939941
6505,1,1,6.997689752097358e-07,0.9999992847442627,2.168500448651578e-11,1.987616826681915e-08
6506,3,3,0.00016378043801523745,1.9532986339498848e-09,2.408821092103608e-05,0.9998121857643127
6507,1,1,5.136918116477318e-05,0.9877628684043884,0.0004126871644984931,0.011773032136261463
6508,2,2,0.05909935012459755,7.15391943231225e-05,0.9402036666870117,0.0006254620966501534
6509,0,0,0.9946513772010803,7.088548414913021e-09,0.0052545517683029175,9.408164623891935e-05
6510,2,1,0.0015324125997722149,0.849330484867096,0.14819563925266266,0.0009414136875420809
6511,2,2,0.0002193991676904261,5.96673726249719e-06,0.9947940707206726,0.004980539437383413
6512,0,3,0.4103929102420807,0.00016368203796446323,0.06555119156837463,0.5238922238349915
6513,3,3,0.000384590559406206,0.0055536990985274315,0.0028079187031835318,0.9912537932395935
6514,0,0,0.9978443384170532,8.002911272342317e-06,0.00017552741337567568,0.0019720355048775673
6515,1,1,1.830615360631782e-06,0.9999980926513672,1.184342508508962e-07,2.0167094660905605e-08
6516,0,2,0.09717869013547897,5.187936494621681e-06,0.5385350584983826,0.3642810583114624
6517,0,0,0.9996041655540466,5.88619241170818e-06,2.8272996132727712e-05,0.0003616830217652023
6518,0,0,0.9997400641441345,6.352942818921292e-06,0.00016862625489011407,8.492915367241949e-05
6519,1,1,0.00014833213936071843,0.999850869178772,3.653075175691356e-09,6.605818043681211e-07
6520,1,1,0.00428744638338685,0.9917322397232056,0.003250859212130308,0.0007294962997548282
6521,2,2,3.280637247371487e-05,1.8666881942408509e-06,0.9729352593421936,0.027030019089579582
6522,1,1,1.4007838444740628e-07,0.9999994039535522,2.1486030732376094e-07,2.7975750072073424e-07
6523,0,0,0.9857335090637207,0.00042319740168750286,0.0038635171949863434,0.009979676455259323
6524,2,2,0.05936899781227112,1.622316403881996e-06,0.8650960326194763,0.07553324103355408
6525,1,1,1.1847910172946285e-06,0.9999985694885254,9.731146377589539e-08,6.235718785774225e-08
6526,0,0,0.9999773502349854,2.852495981642278e-07,9.306001629738603e-06,1.3069871783955023e-05
6527,1,1,2.326335379621014e-05,0.9999716281890869,3.6968877736853756e-08,5.139311269886093e-06
6528,1,1,3.231139771742164e-06,0.9999959468841553,4.859796263190219e-07,3.847617335850373e-07
6529,1,1,0.00016667405725456774,0.9998199343681335,6.385846518242033e-06,7.0517012318305206e-06
6530,1,1,5.0383041525492445e-06,0.9999947547912598,9.691729019323247e-08,1.3887766669995472e-07
6531,3,3,0.0010475495364516973,3.7903453630860895e-05,0.023414192721247673,0.9755002856254578
6532,2,2,0.03572637960314751,0.0004952102317474782,0.9366576075553894,0.027120808139443398
6533,1,1,1.6147483350437142e-08,1.0,1.0520346746534237e-11,4.289753885444725e-09
6534,1,1,4.4011594013682043e-07,0.9999990463256836,2.3959356099112483e-07,2.0144211987371818e-07
6535,2,2,0.35390418767929077,9.128134843194857e-05,0.6019042134284973,0.04410027340054512
6536,1,1,1.5818048382243433e-07,0.9999995231628418,1.1214385864377618e-07,1.824776347802981e-07
6537,1,1,0.008014684543013573,0.9767954349517822,0.014784984290599823,0.0004048758128192276
6538,1,1,1.6152146997683303e-07,0.9999992847442627,5.540312599805475e-07,1.8325483353009986e-09
6539,3,2,0.0011595900868996978,4.912308213533834e-06,0.8666053414344788,0.13223014771938324
6540,2,2,0.0009932300308719277,4.0665418055141345e-05,0.9918562173843384,0.007109866943210363
6541,1,1,9.580194455338642e-05,0.9998261332511902,7.317848212551326e-05,4.873559646512149e-06
6542,2,2,0.0338495634496212,0.002130859764292836,0.8943381309509277,0.06968148052692413
6543,0,0,0.7054644227027893,0.00016441878688056022,0.2016865760087967,0.09268458932638168
6544,0,0,0.9889777302742004,0.00012548254744615406,0.00590475695207715,0.004991963040083647
6545,0,0,0.998320996761322,0.00013405169011093676,0.0005354443565011024,0.001009556232020259
6546,1,1,5.1375831390032545e-05,0.9999284744262695,6.426907475542976e-06,1.368519679090241e-05
6547,1,1,1.1929804713872727e-05,0.9999628067016602,2.2211699615581892e-05,3.1122540349315386e-06
6548,1,1,6.175015698772768e-08,0.9999970197677612,2.9460209134413162e-06,2.5777161738460563e-08
6549,0,0,0.9999351501464844,3.685193405544851e-06,4.2624928028089926e-05,1.851903653005138e-05
6550,1,1,0.00073111557867378,0.9984949827194214,0.0001708929630694911,0.0006030639633536339
6551,0,0,0.9999918937683105,1.818537542774834e-09,1.5168963045653072e-06,6.501776169898221e-06
6552,3,3,1.113515168071899e-06,1.9295978859190654e-07,2.426142827971489e-06,0.9999961853027344
6553,1,1,1.5262234228430316e-05,0.9999845027923584,1.3814761246067064e-07,8.852634181266694e-08
6554,2,2,4.5130534999771044e-05,1.453800013706541e-08,0.9999288320541382,2.5956107492675073e-05
6555,2,0,0.7507451772689819,2.973097821268311e-07,0.24802124500274658,0.0012333549093455076
6556,0,0,0.9996330738067627,1.2625311683223117e-05,0.0003491156967356801,5.133785634825472e-06
6557,3,3,1.0259447662974708e-05,1.4553756955137942e-07,0.0009250261937268078,0.9990646243095398
6558,3,3,0.00016743713058531284,1.0928011562327811e-07,0.004226009361445904,0.9956063628196716
6559,0,0,0.9671491980552673,0.006844643969088793,0.021338889375329018,0.004667212255299091
6560,3,3,1.386013173032552e-05,5.864186025661411e-09,0.0018338270019739866,0.9981523156166077
6561,2,2,1.3612098882731516e-05,1.215641441376647e-05,0.9999409914016724,3.326786099933088e-05
6562,3,3,7.392514817183837e-05,8.27822950668633e-05,0.2997937500476837,0.7000495195388794
6563,3,3,0.0021771183237433434,8.091760537354276e-05,0.002883411478251219,0.9948586225509644
6564,0,0,0.9999996423721313,1.0229167513031712e-09,1.4873349130084534e-07,2.0736906947149691e-07
6565,2,3,7.904568337835371e-05,4.594269285007613e-07,0.3175160884857178,0.6824043393135071
6566,2,2,0.007049547974020243,0.013534016907215118,0.9671656489372253,0.012250746600329876
6567,3,3,1.6987649360089563e-05,2.2910371626494452e-06,0.003491195384413004,0.9964895844459534
6568,3,3,0.004230371676385403,0.016524899750947952,0.06568040698766708,0.9135643243789673
6569,1,1,3.4503791539464146e-05,0.9999518394470215,7.10789890945307e-06,6.529408437927486e-06
6570,1,1,0.0002771597355604172,0.9997201561927795,7.634864687133813e-07,1.8682625295696198e-06
6571,3,3,5.9370711824158207e-05,1.6500791844009655e-07,0.00016084822709672153,0.9997796416282654
6572,2,3,3.825004114332842e-06,2.97469313181864e-07,0.0798095166683197,0.9201863408088684
6573,1,1,5.466003585752333e-06,0.9999537467956543,1.1230002201045863e-05,2.9606080715893768e-05
6574,2,3,0.00010858966561499983,9.93973799268133e-07,0.0010044814553111792,0.9988859295845032
6575,3,3,0.0005746452952735126,4.748280389321735e-06,0.14876210689544678,0.8506584763526917
6576,0,3,0.009799864143133163,1.699045570902058e-09,0.0003864745085593313,0.9898136258125305
6577,1,1,1.0567428034846671e-05,0.9997912049293518,0.00019186075951438397,6.3893662627378944e-06
6578,0,0,0.999919056892395,3.409366763662547e-05,4.4743433136318345e-06,4.227205499773845e-05
6579,0,0,0.9999955892562866,1.749545219809079e-08,2.7603227863437496e-06,1.5925734260235913e-06
6580,0,0,0.9999986886978149,2.826702996117092e-07,9.158885632132296e-07,4.5689247940572386e-08
6581,3,3,0.0002672947302926332,3.285265961494588e-07,0.0003940066380891949,0.9993383288383484
6582,2,2,0.0018278005300089717,4.079135032952763e-05,0.8329946994781494,0.1651366800069809
6583,2,2,0.00011859334335895255,7.215213554445654e-05,0.9991611242294312,0.0006480957381427288
6584,1,1,0.00010291794023942202,0.9996110796928406,5.948753096163273e-05,0.00022652368352282792
6585,2,2,0.0007866337546147406,0.0011357348412275314,0.9911106824874878,0.00696700531989336
6586,2,2,0.006142003461718559,4.228129455441376e-07,0.9655653834342957,0.028292177245020866
6587,0,0,0.8564875721931458,0.004756050184369087,0.09296111762523651,0.045795246958732605
6588,0,0,0.9999890327453613,7.756023023830494e-08,4.673993885262462e-07,1.0410001777927391e-05
6589,3,3,0.07754739373922348,2.056432276731357e-05,0.019473133608698845,0.902958869934082
6590,1,1,4.633521939467755e-07,0.9999995231628418,4.522819097019237e-08,1.4259939895566731e-08
6591,2,2,0.0046071759425103664,1.8549388187238947e-05,0.9933021068572998,0.0020721794571727514
6592,2,3,2.3732000045129098e-05,9.844131065861461e-10,6.57992932246998e-05,0.9999104738235474
6593,2,2,0.02111239917576313,0.0005276104202494025,0.9707930088043213,0.007566905114799738
6594,3,3,8.517496041804407e-08,5.678387537955132e-07,4.733572041004663e-06,0.9999946355819702
6595,0,0,0.9987401366233826,7.404803454846842e-07,0.0012126212241128087,4.653488576877862e-05
6596,2,2,0.19356772303581238,0.0008055251091718674,0.7972685098648071,0.008358241990208626
6597,0,0,0.8620665073394775,0.010334902442991734,0.07821837812662125,0.04938022047281265
6598,2,2,8.475232607452199e-05,0.00016913283616304398,0.9943822622299194,0.005363880656659603
6599,3,3,2.5060207917704247e-06,1.2603287302681565e-08,0.0011127711040899158,0.9988847374916077
6600,1,1,0.0010102582164108753,0.9988728165626526,1.537220327918476e-06,0.00011538803664734587
6601,1,1,3.2761390684754588e-06,0.9999945163726807,2.230730387964286e-06,3.0449061938497834e-08
6602,0,0,0.9999940395355225,2.709847812809585e-08,1.655361415942025e-06,4.321586402511457e-06
6603,1,1,1.5845652967527712e-07,0.9999998807907104,1.175088693017301e-09,1.5324562951946064e-08
6604,3,3,0.001394862774759531,6.447556188504677e-06,0.00903655681759119,0.9895620942115784
6605,2,2,7.08007937646471e-05,1.826567519458422e-08,0.9955646991729736,0.004364471882581711
6606,1,1,5.013521331420634e-08,1.0,7.50001883514928e-12,1.306584701543656e-10
6607,0,0,0.9999204874038696,5.969208132228232e-07,6.161822966532782e-05,1.725865513435565e-05
6608,1,1,1.1387614184954487e-09,1.0,9.914051524173573e-11,1.8693495640320634e-09
6609,1,1,0.00020430404401849955,0.9983408451080322,0.0007843281491659582,0.0006705563282594085
6610,3,3,0.00029821263160556555,3.5850246149493614e-06,0.009753727354109287,0.989944577217102
6611,1,1,5.741726454289164e-06,0.9998792409896851,5.623135075438768e-05,5.880083335796371e-05
6612,2,2,0.00011092402564827353,4.502366550696024e-07,0.9997745156288147,0.00011408529826439917
6613,3,3,0.0002891128824558109,5.370515737013193e-06,0.0016894204309210181,0.9980161190032959
6614,3,2,0.0018416544189676642,5.571740189225238e-07,0.6241809725761414,0.37397682666778564
6615,0,0,0.9987962245941162,0.0002004887501243502,9.75261741587019e-07,0.00100225699134171
6616,1,1,3.1982464861357585e-05,0.9953254461288452,0.0018676301697269082,0.0027749270666390657
6617,3,3,6.033704721630784e-06,7.25859017336461e-09,0.0003991524572484195,0.9995948672294617
6618,0,0,0.9511876106262207,0.047690652310848236,0.0008588482160121202,0.0002629167283885181
6619,0,0,0.9884527325630188,0.0004740540462080389,0.004930604714900255,0.00614259485155344
6620,1,1,2.631085749271733e-07,0.9999985694885254,9.004763796838233e-07,1.8722461447850947e-07
6621,2,0,0.5735116600990295,2.1238192857708782e-05,0.39607569575309753,0.030391324311494827
6622,1,1,7.826494402252138e-05,0.9998990297317505,4.24584504798986e-06,1.843227983044926e-05
6623,2,1,0.12711958587169647,0.8164701461791992,0.03528721258044243,0.02112305350601673
6624,1,1,0.0005321931093931198,0.999273955821991,0.0001648588222451508,2.8929936888744123e-05
6625,0,0,0.9987947940826416,0.0001268552296096459,5.405806405178737e-06,0.001072992687113583
6626,0,0,0.8024963140487671,0.19716383516788483,0.00022457551676779985,0.00011527371680131182
6627,1,1,6.89886064719758e-06,0.9999895095825195,3.4113913898181636e-06,2.2420047685045574e-07
6628,1,1,0.0005109708872623742,0.9993559718132019,2.0609013517969288e-05,0.00011247251677559689
6629,2,2,3.291557004558854e-05,4.1350270407747303e-07,0.9997548460960388,0.00021190395636949688
6630,2,2,0.020019305869936943,0.0027290121652185917,0.975771963596344,0.0014797609765082598
6631,1,1,1.9977032934548333e-06,0.9999979734420776,6.276405173366584e-08,3.732873565809314e-08
6632,0,0,0.9999958276748657,3.660316494347171e-08,7.388914582406869e-07,3.4096467516064877e-06
6633,0,0,1.0,1.1618888962061646e-08,9.681410340078855e-09,6.45110453945108e-09
6634,2,1,0.009404754266142845,0.9055382013320923,0.049294471740722656,0.03576257824897766
6635,2,2,0.0003655170148704201,3.160921480116485e-08,0.9988755583763123,0.0007588847074657679
6636,2,2,0.02861626259982586,2.8128440590080572e-06,0.9681167602539062,0.003264201804995537
6637,2,2,0.19680464267730713,7.771236099074486e-09,0.7954785227775574,0.0077168759889900684
6638,0,0,0.9220278263092041,0.0040712798945605755,0.06225747987627983,0.011643452569842339
6639,2,2,0.0001786316861398518,2.577512816515082e-07,0.9982044696807861,0.001616648631170392
6640,0,0,0.9683704972267151,1.2024337081584235e-07,0.02616921439766884,0.005460221786051989
6641,2,2,5.536805929295952e-07,1.120374349738995e-06,0.9999793767929077,1.8850507331080735e-05
6642,3,3,1.4128708016869496e-06,4.22321511095447e-09,0.00010931384895229712,0.9998892545700073
6643,0,0,0.9998099207878113,3.6969206576031866e-06,7.611542400809412e-07,0.00018573214765638113
6644,2,2,0.002917979145422578,0.001067207776941359,0.9922623634338379,0.003752359189093113
6645,1,1,1.7752171288520913e-06,0.9999922513961792,7.00290797794878e-07,5.233585852693068e-06
6646,2,2,0.009428050369024277,4.7291450755437836e-08,0.9885376691818237,0.0020342236384749413
6647,3,3,9.242734813597053e-05,0.00024922279408201575,0.03130875527858734,0.9683495759963989
6648,3,3,5.8553476264933124e-05,5.916334089306474e-07,0.0007691874634474516,0.9991717338562012
6649,3,3,0.0002284715446876362,6.315513019217178e-06,5.867970685358159e-05,0.9997064471244812
6650,0,0,0.9997363686561584,3.633603409980424e-05,7.500120204895211e-07,0.00022659378009848297
6651,3,3,2.329475864826236e-05,3.4256293357515233e-09,0.0012033989187330008,0.9987732768058777
6652,1,1,0.00018888145859818906,0.9753878712654114,0.024348504841327667,7.479448686353862e-05
6653,3,3,3.140134140267037e-06,4.369328010511708e-09,8.589777280576527e-05,0.9999109506607056
6654,1,1,0.0003629765415098518,0.9993376135826111,0.0002865005808416754,1.289846022700658e-05
6655,3,3,0.0038396669551730156,5.834962394146714e-06,0.015307548455893993,0.9808469414710999
6656,3,3,6.460923884787917e-08,1.7709618493899626e-10,0.00040584837552160025,0.9995941519737244
6657,1,1,5.026079179515364e-07,0.9999988079071045,8.091383563169074e-08,6.2010309420657e-07
6658,0,0,0.7914725542068481,0.018688863143324852,0.0980357751250267,0.09180283546447754
6659,3,3,7.66220296100073e-07,5.229118471561378e-08,0.0005202619358897209,0.9994789958000183
6660,1,1,4.4683385880261994e-08,1.0,5.186460635964174e-11,2.5843684969828473e-09
6661,2,2,0.047498587518930435,0.004816542845219374,0.9434722661972046,0.004212633240967989
6662,0,0,0.9973003268241882,2.0381001775149343e-08,0.0026793607976287603,2.0356985260150395e-05
6663,2,2,0.00015722139505669475,4.7774312406545505e-05,0.9945273995399475,0.0052675832994282246
6664,1,1,1.7386357285431586e-05,0.9999817609786987,6.8324902713357e-07,1.2722374265194958e-07
6665,2,2,4.74425069114659e-05,2.489248061010585e-07,0.9999473094940186,4.9670334192342125e-06
6666,2,2,1.4537471543007996e-05,0.0003548645181581378,0.9979684948921204,0.0016621549148112535
6667,0,0,0.9737966060638428,0.020266234874725342,0.002264321781694889,0.0036727904807776213
6668,1,1,0.001022834680043161,0.9988454580307007,0.00011525314039317891,1.645035263209138e-05
6669,0,0,0.7739802002906799,0.006921305321156979,0.2161206156015396,0.002977867377921939
6670,3,3,0.01757483184337616,1.1159581845276989e-05,0.009799706749618053,0.9726143479347229
6671,2,2,0.006709510926157236,0.00895495992153883,0.9813607335090637,0.0029748142696917057
6672,3,3,0.00048534179222770035,0.012401494197547436,0.019018905237317085,0.9680942296981812
6673,3,3,4.212769272271544e-05,1.2518315273268854e-09,2.9435657779686153e-05,0.9999284744262695
6674,2,2,1.500642883911496e-05,5.3991470849723555e-06,0.9345743060112,0.06540530920028687
6675,1,1,5.774589226348326e-06,0.9999940395355225,2.418787516944576e-07,1.5918406148784925e-08
6676,1,1,1.4221892570276395e-06,0.9999828338623047,1.5741172319394536e-05,2.589377956496719e-08
6677,2,2,3.4605367545736954e-05,0.00017998945259023458,0.9936854243278503,0.006100039929151535
6678,0,0,0.9998846054077148,1.70019811776001e-05,8.15590174170211e-05,1.6898462490644306e-05
6679,3,3,8.419266350756516e-08,8.218534186532622e-10,1.4030766578798648e-05,0.999985933303833
6680,2,2,0.0002380896039539948,1.7452545080232085e-06,0.9979789853096008,0.0017811973812058568
6681,1,1,0.0010034325532615185,0.9989945292472839,6.505740088869061e-07,1.4010129234520718e-06
6682,0,0,0.8418253064155579,3.8356356526492164e-05,0.00018723717948887497,0.15794910490512848
6683,2,2,0.17785459756851196,0.003470904193818569,0.7690590023994446,0.04961556941270828
6684,1,1,7.008623725823782e-08,0.9999998807907104,4.625216876164018e-10,1.0010667642057491e-11
6685,3,3,8.466756298730616e-06,2.3732539489174087e-07,1.2154130672570318e-05,0.9999791383743286
6686,3,3,6.745068276359234e-06,8.181471002899343e-07,0.005183862056583166,0.9948086142539978
6687,1,1,1.4859105249342974e-05,0.9999836683273315,1.2404116205289029e-06,2.36680506304765e-07
6688,1,1,1.8172376314851135e-07,0.9999996423721313,1.5103667294624756e-07,3.0635867176442844e-08
6689,0,0,0.9999169111251831,1.1188913049409166e-05,5.800290819024667e-05,1.3821207176079042e-05
6690,2,2,0.00031466875225305557,1.29716957175674e-08,0.9906725287437439,0.009012790396809578
6691,2,2,0.0001421901979483664,5.204556714488717e-07,0.9850074648857117,0.014849846251308918
6692,1,1,0.000197037763427943,0.99968421459198,9.049541404237971e-05,2.8267873858567327e-05
6693,2,2,7.644363222425454e-07,5.855920748309984e-10,0.9999984502792358,8.852635460243619e-07
6694,2,2,0.0007637119269929826,2.343919732084032e-05,0.9965437054634094,0.0026691227685660124
6695,2,2,0.0001662998110987246,4.492689953394802e-08,0.9995032548904419,0.0003303461999166757
6696,1,1,0.003746276255697012,0.9935585856437683,0.0023600119166076183,0.00033515048562549055
6697,0,0,0.9999645948410034,5.382139988796553e-06,1.9604351109592244e-05,1.0423326784803066e-05
6698,0,1,0.00013452784332912415,0.99981290102005,4.914340388495475e-05,3.48410594597226e-06
6699,0,0,0.999900221824646,5.940627943346044e-06,1.277359501727915e-06,9.255867189494893e-05
6700,0,0,0.9998005032539368,1.5742558616693714e-06,1.682358924881555e-05,0.00018111817189492285
6701,3,3,1.7081783880712464e-06,5.903852517974428e-09,0.004142293240875006,0.995855987071991
6702,2,2,0.005391134414821863,0.0016322069568559527,0.9489094614982605,0.044067271053791046
6703,1,1,6.309686995109587e-08,0.9999823570251465,1.7574127923580818e-05,5.590123475229802e-09
6704,0,0,0.9998942613601685,6.877400664961897e-06,9.402412979397923e-05,4.780575181939639e-06
6705,2,2,9.008307824842632e-05,1.8954066035803407e-05,0.9995738863945007,0.0003170891141053289
6706,3,3,8.414647163590416e-05,4.283363978174748e-06,0.001953971339389682,0.9979575872421265
6707,2,2,3.903867806798189e-08,4.9566781235022006e-11,0.9999799728393555,2.0079231035197154e-05
6708,3,3,3.248054417781532e-05,1.2673938726948109e-05,0.00013403830234892666,0.99982088804245
6709,1,1,0.030782047659158707,0.8776456117630005,0.01351071335375309,0.0780615583062172
6710,0,2,0.012712945230305195,0.004968300927430391,0.6946850419044495,0.2876337468624115
6711,2,3,0.014234060421586037,1.953167884494178e-05,0.00902812834829092,0.9767182469367981
6712,2,2,8.286278898594901e-06,2.167739125980006e-07,0.9028295278549194,0.09716199338436127
6713,2,2,0.00015649445413146168,0.0003381319984328002,0.9781833291053772,0.02132207527756691
6714,3,3,3.8135597151267575e-06,5.0363840273348615e-05,6.563203351106495e-05,0.9998800754547119
6715,0,0,0.9465980529785156,4.781273673870601e-06,0.004569192882627249,0.04882807284593582
6716,0,0,0.9990585446357727,0.0006001738365739584,7.20129901310429e-06,0.0003341698902659118
6717,3,3,7.124619514797814e-06,1.05601849487158e-09,0.00043316837400197983,0.9995597004890442
6718,0,3,3.0352017347468063e-05,0.0002873069897759706,0.00013871306146029383,0.9995436072349548
6719,3,3,0.1360265612602234,8.823403341295943e-09,0.011034149676561356,0.852939248085022
6720,3,3,2.703178506635595e-05,3.0445215237762113e-09,0.033279899507761,0.966693103313446
6721,2,2,0.0002993548405356705,6.14548844168894e-05,0.9968599081039429,0.002779252827167511
6722,1,1,0.000134622969198972,0.9998637437820435,3.702262461047212e-07,1.137481490331993e-06
6723,3,2,0.00015723903197795153,0.00033725370303727686,0.8605888485908508,0.13891659677028656
6724,2,2,1.8855600956158014e-06,1.089561081357715e-07,0.9999935626983643,4.480197731027147e-06
6725,2,2,1.3128988030075561e-06,1.0526463256610441e-08,0.9999979734420776,7.029565267657745e-07
6726,2,2,1.9084845916950144e-05,5.301414148561889e-06,0.9985107779502869,0.0014649105723947287
6727,1,1,5.4457239457406104e-05,0.9999451637268066,2.193511505765855e-08,3.9209342617141374e-07
6728,2,2,2.3579475794122118e-07,1.7396564544469584e-07,0.9757153391838074,0.02428431063890457
6729,2,2,0.0012090563541278243,4.665494088840205e-06,0.9986395239830017,0.00014670750533696264
6730,3,3,1.7191918232128955e-05,4.909642914441292e-09,0.0018844285514205694,0.9980984330177307
6731,3,3,2.4496457626810297e-06,2.6245010609216024e-09,0.043715644627809525,0.9562819004058838
6732,1,1,3.731527087325048e-09,1.0,4.1690423557838585e-08,4.320228896848022e-11
6733,0,0,0.9906023740768433,7.66866360208951e-05,0.00564988236874342,0.0036711213178932667
6734,0,2,0.0005970348138362169,2.322187901881989e-05,0.9862952828407288,0.013084457255899906
6735,1,1,3.7545203057653964e-10,1.0,1.5546469667171436e-10,2.672532681269324e-11
6736,1,1,0.000249023869400844,0.9997496008872986,1.3471150168697932e-06,5.375807177188108e-08
6737,2,2,0.001095519750379026,2.7471583962324075e-05,0.9858239889144897,0.013053041882812977
6738,0,0,0.9994148015975952,0.000360710546374321,1.7475780623499304e-05,0.00020699587184935808
6739,2,2,9.893393871607259e-05,2.1594312784145586e-05,0.8037950992584229,0.19608446955680847
6740,1,1,2.0783657017631185e-09,1.0,1.29269331350379e-10,9.834057396532203e-13
6741,1,1,4.841564305024804e-07,0.9999995231628418,4.458562941067612e-08,5.065095010081677e-08
6742,2,2,0.0007590606692247093,0.0002547373005654663,0.998555600643158,0.0004305644251871854
6743,0,0,0.9989769458770752,0.000982948113232851,1.870663618319668e-05,2.1410476620076224e-05
6744,0,0,0.9992840886116028,4.6539298637071624e-06,0.0007072529406286776,4.034406174469041e-06
6745,0,0,0.9999984502792358,1.2413464389737783e-07,3.623275190989261e-08,1.473118686590169e-06
6746,1,1,0.03961873799562454,0.9598814845085144,4.1278159187640995e-05,0.00045850846800021827
6747,1,1,0.2995466887950897,0.3573542535305023,0.34134554862976074,0.0017534757498651743
6748,2,3,5.271162990538869e-06,1.221036313836521e-06,0.03722399100661278,0.9627695083618164
6749,1,1,1.1351928606018191e-06,0.9999878406524658,7.075781809362525e-07,1.0362286957388278e-05
6750,3,3,0.0007033357978798449,0.0001218962061102502,0.002062168437987566,0.997112512588501
6751,2,2,0.11938827484846115,4.788531100530236e-07,0.8753372430801392,0.005274049937725067
6752,3,3,1.090153773475322e-06,7.390554834785235e-10,0.0003269524313509464,0.9996719360351562
6753,3,3,1.8673851798212127e-07,2.1995905541416505e-08,0.0003177424950990826,0.9996820688247681
6754,1,1,1.485719735683233e-06,0.9999721050262451,1.9253277059760876e-05,7.1144249886856414e-06
6755,3,3,0.00014991206990089267,0.000331361050484702,0.00030775804771110415,0.9992109537124634
6756,0,0,0.9976369142532349,9.442579198548628e-07,0.001330025028437376,0.0010322355665266514
6757,3,3,0.0009151487611234188,2.5032686608028598e-05,0.001038486254401505,0.9980213642120361
6758,3,3,0.00041326077189296484,5.74460718780756e-05,0.0008399750804528594,0.9986892342567444
6759,3,3,2.592677265056409e-05,1.4710328741784906e-06,0.0007823617779649794,0.9991902709007263
6760,3,3,0.08507722616195679,0.0007239478873088956,0.0010532047599554062,0.9131455421447754
6761,3,0,0.5552880167961121,0.0011090575717389584,0.013502866961061954,0.4301000237464905
6762,3,3,0.05610569193959236,3.75950008901782e-08,0.01011320948600769,0.9337811470031738
6763,3,3,0.0018708204152062535,0.0001771571405697614,2.1595538157725969e-07,0.9979518055915833
6764,3,2,2.6333817004342563e-05,6.489149200206157e-06,0.5663044452667236,0.4336627125740051
6765,3,3,1.0276220336891129e-06,3.912673740558148e-09,0.0008015009807422757,0.9991974234580994
6766,0,2,0.0180113073438406,1.8837843285268718e-08,0.9103794693946838,0.07160916924476624
6767,2,2,4.2403607949381694e-05,4.6621885303466115e-06,0.9878957271575928,0.012057182379066944
6768,3,3,0.029259489849209785,1.5490448959099012e-06,0.0004157677758485079,0.9703232049942017
6769,1,1,5.1776380132650957e-05,0.9999165534973145,2.990283610415645e-05,1.8336899074711255e-06
6770,0,0,0.9995713829994202,2.2866331050863664e-07,0.00041926008998416364,9.093404514715075e-06
6771,0,0,0.944403886795044,8.681863255333155e-05,0.0013137351488694549,0.05419563502073288
6772,3,3,2.3946791770868003e-05,2.784353455353994e-05,0.4340822398662567,0.5658659934997559
6773,3,3,1.7769071973816608e-06,7.116540956531026e-08,5.100315320305526e-06,0.9999929666519165
6774,3,3,3.619084964157082e-05,5.77979335503187e-08,0.23891626298427582,0.7610474824905396
6775,1,1,1.354747780624166e-07,0.9999995231628418,2.8904401006002445e-07,3.193778042032136e-08
6776,0,0,0.7691190838813782,0.0008283950737677515,0.10883315652608871,0.12121938169002533
6777,0,0,0.9999371767044067,3.2331015518138884e-06,3.696684871101752e-05,2.2587686544284225e-05
6778,2,2,0.00012906048505101353,5.5319509556284174e-05,0.6332960724830627,0.3665195405483246
6779,3,3,0.0035864694509655237,1.9288228259028983e-07,0.0008441870450042188,0.9955691695213318
6780,3,3,1.641377593841753e-06,4.256983388017943e-08,0.007640142925083637,0.9923581480979919
6781,3,3,2.602996751477349e-08,1.922529635489667e-10,6.238226342247799e-05,0.9999375343322754
6782,3,3,0.0011385360267013311,9.134500942309387e-07,0.13913899660110474,0.8597216010093689
6783,3,3,1.5860938447076478e-06,3.872826059847512e-09,0.00010099880455527455,0.9998973608016968
6784,2,2,0.0003696383791975677,3.437125269556418e-05,0.999237060546875,0.0003589764819480479
6785,3,3,1.8629161786520854e-05,0.0012532065156847239,0.0008517010719515383,0.9978765249252319
6786,1,1,1.023774576225378e-08,1.0,5.541780367934734e-09,5.790693435869798e-08
6787,3,3,4.114165858482011e-05,3.740348574865493e-06,0.020352678373456,0.9796024560928345
6788,1,1,2.2463460425115045e-07,0.9999995231628418,2.1351625889565184e-07,5.161033378442426e-09
6789,2,2,0.008156067691743374,2.5337303668493405e-06,0.9811320900917053,0.01070921029895544
6790,2,2,1.7265035623381664e-08,9.783303507593377e-12,0.9999711513519287,2.88939645542996e-05
6791,2,2,6.803624046369805e-07,2.4773396667399084e-09,0.999997615814209,1.6746902247177786e-06
6792,0,0,1.0,1.6121111556799406e-08,1.72123149067005e-10,9.019541558075161e-09
6793,2,2,0.00016782122838776559,0.0001151136020780541,0.9954702854156494,0.0042468104511499405
6794,0,2,0.001235086121596396,0.011347421444952488,0.8668500185012817,0.12056749314069748
6795,0,0,0.987409234046936,5.336361027730163e-06,0.0011106578167527914,0.011474782600998878
6796,2,2,0.23816677927970886,0.1967240571975708,0.4219788908958435,0.14313019812107086
6797,2,2,0.00042092095827683806,0.00048552517546340823,0.9982345104217529,0.0008589846547693014
6798,1,1,2.7663138098432682e-05,0.9999582767486572,6.331518306978978e-06,7.752693818474654e-06
6799,1,1,0.0002141429140465334,0.9996700286865234,6.489318911917508e-05,5.096882159705274e-05
6800,3,3,0.1697944700717926,2.7382109237805707e-06,0.009995011612772942,0.8202077746391296
6801,3,3,5.5430700740544125e-05,1.7422425457880308e-07,1.3207532902015373e-05,0.9999312162399292
6802,1,1,1.230853907685514e-08,1.0,4.236949990854555e-08,4.2161087954184495e-09
6803,0,0,0.9991483688354492,1.4485395695373882e-05,0.00029173935763537884,0.000545489601790905
6804,0,0,0.9989994168281555,4.905267587673734e-07,0.0008505498990416527,0.00014956292579881847
6805,0,0,0.8961288928985596,0.0018374782521277666,0.07243697345256805,0.02959667332470417
6806,2,2,4.602846456691623e-05,9.527814654575195e-06,0.999072790145874,0.0008717059972696006
6807,3,2,0.0045625329948961735,0.0002458025992382318,0.8472746014595032,0.14791715145111084
6808,3,3,6.9184166022751015e-06,2.0133623934714961e-10,0.00016925459203775972,0.9998238682746887
6809,3,3,0.00029523580451495945,2.0076203099961276e-07,0.0026661651208996773,0.9970383644104004
6810,2,2,0.0015174654545262456,1.8611081031849608e-05,0.9978068470954895,0.0006570882978849113
6811,1,1,8.476617381347751e-07,0.9999983310699463,1.7394662099601277e-10,8.672348599247925e-07
6812,0,0,0.999977707862854,7.452663375318025e-09,7.581499517073098e-07,2.1510946680791676e-05
6813,3,3,0.3791448175907135,0.0005911368643864989,0.06991321593523026,0.5503508448600769
6814,2,2,0.001498181140050292,0.00012909850920550525,0.9971471428871155,0.001225503976456821
6815,3,3,3.6346344131743535e-05,4.0711094584366947e-07,0.004290231503546238,0.9956730008125305
6816,0,0,0.9486696124076843,0.0011179769644513726,0.030342241749167442,0.01987021416425705
6817,2,2,0.00021929267677478492,6.640281208092347e-05,0.999537467956543,0.00017693827976472676
6818,0,0,0.9725517630577087,0.01886661723256111,0.0016992647433653474,0.006882291287183762
6819,2,2,2.7441172278486192e-05,2.9163331305426254e-08,0.9993855953216553,0.0005869633168913424
6820,3,3,0.0005514606600627303,2.7700268674379913e-06,0.020718565210700035,0.9787271618843079
6821,3,3,2.8222493710927665e-05,3.2661731097505253e-07,0.10940538346767426,0.8905661106109619
6822,1,1,0.00013408600352704525,0.9998495578765869,1.7180914255732205e-06,1.4682117580377962e-05
6823,3,3,0.0023373099975287914,3.6568253563018516e-05,0.1372489184141159,0.8603771328926086
6824,0,0,0.9988859295845032,2.2570768365426375e-08,0.000817286956589669,0.0002966679458040744
6825,1,1,4.3166394902982574e-09,0.9999992847442627,1.0723799626077835e-08,6.992705721131642e-07
6826,2,2,0.0403728224337101,0.02866898477077484,0.8310286998748779,0.0999295562505722
6827,2,2,0.014192191883921623,0.0009257930796593428,0.9689086079597473,0.015973396599292755
6828,3,3,6.784127890568925e-07,1.021036477588666e-09,1.992121360672172e-05,0.9999793767929077
6829,2,2,0.001206731889396906,2.2571907720703166e-07,0.9973214268684387,0.0014716095756739378
6830,1,1,0.03687509894371033,0.8553798198699951,0.00417984277009964,0.10356520861387253
6831,3,3,0.04623808339238167,0.0001735139376251027,0.05820535868406296,0.8953830003738403
6832,0,0,0.9937710165977478,1.3811195458401926e-05,0.005155645310878754,0.0010595067869871855
6833,0,0,0.9999865293502808,5.429048997029895e-07,1.2129868309784797e-07,1.2763073755195364e-05
6834,3,3,2.6153102226089686e-05,1.560656848198505e-08,0.15111276507377625,0.848861038684845
6835,3,3,0.043357282876968384,0.00013219939137343317,0.00028446182841435075,0.9562260508537292
6836,2,2,0.054956939071416855,6.210972787812352e-05,0.931904673576355,0.013076302595436573
6837,0,0,0.9999995231628418,8.151115338250747e-09,3.9213773561641574e-08,4.5231055878502957e-07
6838,3,3,1.39274770845077e-05,1.9836669196138246e-08,0.0034652878530323505,0.9965207576751709
6839,0,0,0.8226824998855591,0.0009437008411623538,0.13852789998054504,0.03784589469432831
6840,3,3,0.0031422716565430164,7.908657835287158e-07,0.0006131305126473308,0.9962438344955444
6841,3,3,1.5021772924228571e-05,1.0542363426679913e-08,0.0027120981831103563,0.9972729086875916
6842,3,3,0.032387733459472656,0.00023469141160603613,0.13104300200939178,0.8363345861434937
6843,3,3,0.0002809208817780018,0.0002523136790841818,0.22638511657714844,0.7730816006660461
6844,3,3,0.00020734252757392824,5.519934802578064e-06,0.004250941798090935,0.995536208152771
6845,2,2,0.004419967066496611,2.3773576685925946e-05,0.9952664375305176,0.000289764313492924
6846,2,2,0.10083070397377014,4.138828444411047e-06,0.8981988430023193,0.0009662543889135122
6847,2,3,2.8024258426739834e-05,7.155108050937997e-06,0.38521555066108704,0.6147491931915283
6848,2,2,0.00025115927564911544,3.334658003950608e-06,0.999351441860199,0.0003941264294553548
6849,2,3,0.007023031357675791,9.794885409064591e-05,0.04075971990823746,0.9521192908287048
6850,2,2,1.6077459008556616e-07,5.641544453816039e-10,0.9999994039535522,5.334686647984199e-07
6851,0,0,0.9984846711158752,3.1903746275929734e-05,0.001311402185820043,0.00017193758685607463
6852,0,0,0.9999977350234985,1.4187575061441748e-06,4.430856961334939e-07,3.1522696986030496e-07
6853,2,2,8.174936738214456e-06,9.552470601192908e-07,0.954654335975647,0.04533648118376732
6854,0,0,0.9988549947738647,9.209146810462698e-06,0.0011204502079635859,1.530384543002583e-05
6855,0,0,0.9966523051261902,0.00012472215166781098,0.00033059727866202593,0.0028924031648784876
6856,0,0,0.9707489609718323,0.0015815501101315022,3.6865156289422885e-05,0.027632493525743484
6857,1,1,0.005059209186583757,0.9941807389259338,1.4403256045625312e-06,0.000758663984015584
6858,1,1,5.799028599540179e-07,0.9999892711639404,9.738168046169449e-06,3.98312153038205e-07
6859,1,1,4.1399514927320524e-09,1.0,6.535108454386318e-09,3.254873592872798e-10
6860,2,2,0.05348881706595421,0.05349542573094368,0.8715878129005432,0.021427923813462257
6861,1,1,4.9269077862845734e-05,0.9999504089355469,1.4272076498400565e-07,1.4090433353430853e-07
6862,2,0,0.6497654914855957,1.6438287957498687e-06,0.34982991218566895,0.00040295557118952274
6863,1,1,1.2023056115140207e-06,0.9999752044677734,1.961252564797178e-05,3.956320597353624e-06
6864,3,3,1.1855980801556143e-06,4.821254062647995e-09,0.00015662303485441953,0.9998421669006348
6865,3,3,0.4291727840900421,0.03985332325100899,0.01868576742708683,0.5122880935668945
6866,3,3,2.7302901798975654e-05,1.9250665506120868e-09,2.6240006718580844e-06,0.9999700784683228
6867,2,2,2.499287438695319e-05,1.6769868693700118e-07,0.9966678023338318,0.0033071425277739763
6868,2,2,6.756679340469418e-07,2.2894901121617295e-06,0.8333216309547424,0.1666753739118576
6869,1,1,2.3579292246722616e-05,0.9999343156814575,3.51973321812693e-05,6.971321454329882e-06
6870,3,2,0.0020019093062728643,3.74330767272113e-07,0.8084119558334351,0.18958571553230286
6871,1,1,2.8660979367600703e-08,1.0,3.8486343001409296e-09,1.3117398722783946e-08
6872,1,1,4.136832558288006e-06,0.9999953508377075,4.2126850985368947e-07,8.238048820885524e-08
6873,3,3,1.0373668590801799e-09,2.2651921227634375e-08,0.0015166468219831586,0.9984833598136902
6874,1,1,3.647083701707743e-08,1.0,6.343985232970528e-12,5.290785032308065e-10
6875,1,1,3.065926250656048e-07,0.9999996423721313,5.586641549371052e-08,5.971018790518201e-09
6876,1,1,5.652216714224778e-05,0.9999431371688843,1.03105497473166e-08,3.735177642738563e-07
6877,2,3,3.4210659123345977e-06,7.484379338507097e-09,0.45660069584846497,0.5433958768844604
6878,2,2,0.004129670560359955,5.618391014650115e-07,0.9957095384597778,0.00016022167983464897
6879,0,0,0.9906154870986938,0.0003800991107709706,0.008798795752227306,0.000205653122975491
6880,0,0,0.9999082088470459,1.5555025711933013e-08,2.290985321451444e-06,8.946208981797099e-05
6881,1,1,0.0005114158266223967,0.9988873600959778,0.0005989543278701603,2.2901549527887255e-06
6882,1,1,7.76843744887401e-09,1.0,4.473604264809694e-10,1.5145673604166632e-09
6883,1,1,1.1689948564708175e-07,0.9999998807907104,3.702941242522684e-08,1.3537078402681146e-10
6884,1,1,0.004875949118286371,0.9934379458427429,0.00016890729602891952,0.0015171444974839687
6885,0,0,0.9962025284767151,1.5969651940395124e-05,2.689823304535821e-06,0.003778816433623433
6886,0,0,0.9998856782913208,1.9410727247759496e-07,6.70954705128679e-07,0.00011339776392560452
6887,2,3,5.181683081900701e-05,1.5656814866815694e-05,0.19551099836826324,0.804421603679657
6888,1,1,2.0550157842080807e-07,0.9999997615814209,1.033085283985713e-09,4.3396322091382444e-09
6889,1,1,2.5251665647374466e-08,0.9999996423721313,8.846321009059466e-08,2.626322554988292e-07
6890,1,1,0.003091531340032816,0.99676114320755,0.00014167897461447865,5.704377599613508e-06
6891,0,0,0.9998205304145813,6.006407056702301e-05,3.627330806921236e-05,8.325157250510529e-05
6892,1,1,3.585338470557531e-09,1.0,3.5573621826046065e-09,5.4723399145473195e-09
6893,2,2,0.005209208466112614,2.2448989511758555e-06,0.9788615703582764,0.015926947817206383
6894,0,0,0.9932136535644531,0.0001612561463844031,0.006377348210662603,0.00024765150737948716
6895,0,0,0.9999158382415771,2.1801366528961807e-05,1.1247035217820667e-05,5.113697989145294e-05
6896,0,0,0.9997103810310364,7.427168497997627e-07,0.00018457110854797065,0.00010425881191622466
6897,1,1,0.012036207132041454,0.9547743201255798,0.00603695772588253,0.027152564376592636
6898,3,3,0.03786266967654228,0.25516241788864136,0.34915825724601746,0.357816606760025
6899,0,0,0.9994174242019653,5.472478733281605e-06,8.19177512312308e-05,0.000495110172778368
6900,2,2,0.004258958622813225,4.4501167195676317e-08,0.9955877065658569,0.00015324188279919326
6901,1,1,0.0001773784024408087,0.9997624754905701,3.137544263154268e-05,2.8676962756435387e-05
6902,0,0,0.9999322891235352,1.5321775208576582e-06,2.9472650567186065e-05,3.67392749467399e-05
6903,3,3,3.542095328157302e-06,5.034423722349857e-08,0.0011777863837778568,0.9988186955451965
6904,3,3,0.000366932712495327,8.031490139615016e-09,0.09803768992424011,0.901595413684845
6905,2,2,0.0022746105678379536,1.414089041418265e-07,0.9777877330780029,0.019937565550208092
6906,2,2,0.014738773927092552,0.010523044504225254,0.9632239937782288,0.011514190584421158
6907,1,1,0.0007035295711830258,0.9988778233528137,0.0004032608703710139,1.535845331090968e-05
6908,3,3,0.0007365190540440381,2.451293084959616e-06,4.377065852168016e-05,0.99921715259552
6909,1,1,1.146781983152323e-06,0.9999808073043823,1.657313077885192e-05,1.3835086747349123e-06
6910,3,2,0.002787330886349082,0.0003356348315719515,0.9410092234611511,0.055867742747068405
6911,3,3,0.0005378533387556672,1.0284364861945505e-06,0.0003219798963982612,0.9991390705108643
6912,3,3,3.3523144793434767e-06,1.070130206670683e-08,2.9898661523475312e-05,0.9999667406082153
6913,0,2,0.0942884162068367,6.109623427619226e-06,0.8597593903541565,0.04594606161117554
6914,0,0,0.5261702537536621,0.006347272545099258,0.43035492300987244,0.0371275395154953
6915,1,1,8.874992296625805e-09,0.9999991655349731,8.726039482098713e-07,2.3190658282601362e-08
6916,2,2,0.0029516040813177824,2.078056922982796e-06,0.9950916767120361,0.0019546474795788527
6917,2,2,0.18687070906162262,7.176194776548073e-05,0.8125742077827454,0.00048333415179513395
6918,1,1,1.314495392534809e-07,0.9999998807907104,4.958049082404159e-09,1.7080489245202557e-09
6919,0,2,0.16703777015209198,0.0027430180925875902,0.4461628794670105,0.3840563893318176
6920,2,2,0.0740426778793335,0.00010701244173105806,0.744114339351654,0.18173591792583466
6921,2,2,1.0317891792510636e-05,1.0781989345787224e-07,0.9999667406082153,2.277309431519825e-05
6922,1,1,3.5032719551963964e-06,0.9999963045120239,1.952344597100364e-08,1.2683575789651513e-07
6923,1,1,7.697731518874207e-08,0.9999998807907104,1.0364618885372323e-10,1.9591070099522767e-08
6924,1,1,1.3061174968242995e-06,0.9999979734420776,9.363488828739719e-08,6.176544502523029e-07
6925,2,2,0.0001306688936892897,1.4704316527058836e-05,0.9872291088104248,0.01262553408741951
6926,3,3,9.742370243870369e-10,5.597176611082944e-10,0.001200627419166267,0.9987993240356445
6927,1,1,4.403288471621636e-07,0.9999943971633911,5.08812854604912e-06,7.03600235851809e-08
6928,1,1,4.6974935685284436e-05,0.9999086856842041,3.3095566323027015e-05,1.1257439837208949e-05
6929,0,0,0.9781021475791931,0.0002255295985378325,0.00032342245685867965,0.021348915994167328
6930,1,1,0.00014422970707528293,0.99978107213974,1.051793424267089e-05,6.428586493711919e-05
6931,2,2,0.004212097264826298,2.2846357694561448e-07,0.9700193405151367,0.025768311694264412
6932,1,1,2.0843838655082436e-08,0.9999994039535522,5.2878412759582716e-08,4.335738026384206e-07
6933,1,1,1.172831434814725e-05,0.9999814033508301,4.451149834494572e-06,2.3792886167939287e-06
6934,2,2,0.00021831078629475087,3.0868482099322136e-06,0.9997084736824036,7.005376392044127e-05
6935,0,0,0.9999923706054688,3.7991128465364454e-07,6.336276783258654e-06,9.344253726339957e-07
6936,3,3,8.311909186886624e-05,4.855430546513162e-08,0.08763435482978821,0.9122824668884277
6937,2,2,0.0009697137866169214,5.176513582227926e-07,0.7242555618286133,0.2747741937637329
6938,2,3,0.004282117821276188,0.013477754779160023,0.30947211384773254,0.6727680563926697
6939,1,1,8.482401767651027e-07,0.9999986886978149,8.581972466004117e-09,4.564184621358436e-07
6940,2,2,0.0009651547879911959,3.219992322556209e-06,0.9474177360534668,0.05161388963460922
6941,1,1,7.669867045478895e-06,0.9999641180038452,2.131670953531284e-05,6.958742687857011e-06
6942,0,0,0.9997333884239197,2.2120322682894766e-05,2.217922656200244e-06,0.0002421564859105274
6943,3,3,5.403976047091419e-06,1.2183629216622194e-08,0.037573207169771194,0.9624213576316833
6944,1,1,2.1283420210238546e-05,0.9999785423278809,1.838587337932296e-10,1.5740097580874135e-07
6945,0,0,1.0,3.9925725919820465e-11,3.905545220561635e-09,2.4861511960239113e-08
6946,0,0,0.9998227953910828,1.1302510216637529e-07,0.0001688135089352727,8.404849722865038e-06
6947,2,2,6.010198831063462e-06,5.0261430573073085e-09,0.7296277284622192,0.27036628127098083
6948,0,0,1.0,4.549996379665799e-09,2.054301972975736e-08,1.0076256273805484e-08
6949,0,0,0.9996333122253418,9.128172678174451e-05,0.0002433608315186575,3.210713839507662e-05
6950,2,1,0.015022936277091503,0.5122101306915283,0.32505637407302856,0.14771047234535217
6951,3,0,0.8752343058586121,0.08908599615097046,9.503613546257839e-05,0.03558465465903282
6952,0,0,0.9999717473983765,4.279877430235501e-06,2.0811754438909702e-05,3.065810233238153e-06
6953,3,3,1.6517818949068896e-05,6.439394383050967e-06,5.399362271418795e-05,0.9999229907989502
6954,2,2,7.719954737694934e-05,2.517754637665348e-06,0.9998914003372192,2.882505941670388e-05
6955,1,1,0.00043444568291306496,0.9989626407623291,0.0005808197311125696,2.2037873350200243e-05
6956,3,3,1.9855065147567075e-06,5.244907015367062e-07,0.011807943694293499,0.9881895780563354
6957,3,3,0.0015506795607507229,2.7948652814302477e-07,0.007503743749111891,0.9909453392028809
6958,3,3,9.934955613744023e-08,5.237947853231617e-09,0.005416411440819502,0.9945835471153259
6959,2,0,0.576885998249054,0.11056158691644669,0.304892897605896,0.00765949534252286
6960,0,0,0.9999639987945557,2.444563733661198e-06,3.245256084483117e-05,1.0800839618241298e-06
6961,2,2,0.00025993085000663996,5.011265216126048e-07,0.9997335076332092,6.012007816025289e-06
6962,0,0,0.9866368174552917,0.0032790445256978273,0.00490472512319684,0.005179501138627529
6963,1,1,1.541038272989681e-06,0.9999977350234985,6.471109372796491e-07,1.4089717126353207e-07
6964,0,0,0.9999631643295288,1.9385323568599233e-08,2.4896746253944002e-05,1.186158351629274e-05
6965,0,2,0.14874541759490967,0.0013399538584053516,0.7333367466926575,0.1165778711438179
6966,2,2,0.0009022916201502085,2.500808477634564e-05,0.9983021020889282,0.0007704976014792919
6967,0,0,0.9995051622390747,1.826801288018487e-08,0.00015407729370053858,0.00034073388087563217
6968,3,3,0.0006762983393855393,9.088709020943497e-07,7.726537660346366e-06,0.9993150234222412
6969,2,2,0.0001537528441986069,4.731651870315545e-07,0.9958492517471313,0.003996554762125015
6970,2,2,0.030442962422966957,5.326121026882902e-05,0.9382179975509644,0.031285692006349564
6971,3,3,1.2473502231102884e-09,9.247626664432573e-09,0.0008782176882959902,0.9991217255592346
6972,3,3,7.984977128216997e-05,9.583260407453054e-09,0.0009654400055296719,0.9989546537399292
6973,0,2,0.009451955556869507,0.00012446477194316685,0.9446845650672913,0.04573913291096687
6974,2,2,3.64205163805309e-08,1.031838642306937e-10,0.9999829530715942,1.7052501789294183e-05
6975,3,3,0.00043437944259494543,1.4409487221200834e-06,0.00018786902364809066,0.9993763566017151
6976,0,0,0.9994465708732605,3.9541821024613455e-05,1.1842698768305127e-05,0.0005020318203605711
6977,1,1,7.786521018715575e-05,0.9999083280563354,7.209382602013648e-08,1.371813596051652e-05
6978,1,1,3.9017638897576035e-08,0.9999997615814209,4.921322904749559e-09,2.518919473004644e-07
6979,1,1,0.010718858800828457,0.9840954542160034,0.004871356301009655,0.00031425891211256385
6980,2,0,0.7972171306610107,0.06406057626008987,0.11846085637807846,0.020261486992239952
6981,2,3,0.010531623847782612,3.2723462481953902e-06,0.1482686698436737,0.8411963582038879
6982,2,2,7.1390213634003885e-06,1.1504243957460858e-05,0.9968337416648865,0.0031476484145969152
6983,0,0,0.9997696280479431,7.760795597278047e-06,2.0080446120118722e-05,0.00020261933968868107
6984,3,3,0.00042929535266011953,0.0009367833263240755,4.4685999455396086e-05,0.9985892176628113
6985,0,0,0.9954196214675903,4.632340449006733e-07,0.004133598413318396,0.00044632519711740315
6986,2,2,2.8833778742409777e-07,2.8790885231444463e-09,0.9999908208847046,8.94573258847231e-06
6987,0,0,0.9875920414924622,1.8292437289346708e-06,0.0001578370574861765,0.01224823109805584
6988,1,1,0.0001251750800292939,0.9998729228973389,1.18038394703035e-06,6.654924504800874e-07
6989,2,2,9.787175076780841e-05,7.72857333686261e-08,0.9988227486610413,0.001079340698197484
6990,0,0,0.9130918979644775,0.0001660507987253368,0.04599732905626297,0.04074476286768913
6991,3,3,0.00011216544226044789,7.037940896736927e-09,0.32072898745536804,0.6791588068008423
6992,3,2,0.0005870608147233725,2.120420731444028e-06,0.7394524216651917,0.2599583566188812
6993,2,2,0.0017887342255562544,2.390422196185682e-05,0.917668342590332,0.08051907271146774
6994,1,1,1.2905034964205697e-05,0.9999861717224121,3.0984972365644126e-09,9.633698709876626e-07
6995,1,1,0.1135965883731842,0.8794692158699036,0.0010681397980079055,0.00586610846221447
6996,2,2,0.0009738351800478995,9.211257565766573e-05,0.9460737705230713,0.05286021903157234
6997,2,2,0.008139672689139843,4.154549606028013e-05,0.9703530669212341,0.021465685218572617
6998,0,0,0.9992119073867798,4.091338610123785e-07,8.560325659345835e-05,0.0007020123302936554
6999,3,3,2.826360478991319e-09,2.209990870860601e-11,4.342852844274603e-05,0.9999566078186035
7000,3,3,3.4172876439697575e-06,3.775829497953964e-07,0.012113126926124096,0.9878830313682556
7001,2,3,0.00030687483376823366,4.382482802611776e-05,0.20146247744560242,0.7981867790222168
7002,3,3,3.397901195967279e-07,4.535577247111178e-09,0.008786432445049286,0.9912132620811462
7003,3,3,2.639709236973431e-06,2.7861318807609337e-10,0.00031659327214583755,0.999680757522583
7004,3,3,0.1848481148481369,4.287715637474321e-05,1.6068694094428793e-05,0.8150930404663086
7005,2,2,0.00019681344565469772,3.9175213828457345e-07,0.9997801184654236,2.27764030569233e-05
7006,1,1,1.1910880175491911e-06,0.9999911785125732,2.223556748504052e-06,5.418225555331446e-06
7007,1,1,0.026796145364642143,0.9730984568595886,1.2176298014310305e-06,0.00010412646224722266
7008,2,1,0.016327623277902603,0.7363076210021973,0.22658921778202057,0.02077549323439598
7009,1,1,1.3860856597602833e-05,0.9999853372573853,2.8736633339576656e-07,5.19785828601016e-07
7010,1,1,0.00010889006807701662,0.9998701810836792,1.1485601135063916e-05,9.441851943847723e-06
7011,1,1,0.0008916627266444266,0.9990593791007996,4.5434327944349207e-07,4.8494192014914006e-05
7012,1,1,0.0004036217287648469,0.9995315074920654,2.7976826459052972e-05,3.694705810630694e-05
7013,2,3,0.01352788507938385,0.00027508605853654444,0.21585582196712494,0.770341157913208
7014,3,3,0.005287624429911375,4.556098429020494e-05,0.0024894641246646643,0.992177426815033
7015,3,3,0.01028295699506998,4.857203528274567e-09,0.023470060899853706,0.9662469029426575
7016,1,1,0.1737906038761139,0.8192627429962158,0.005179257597774267,0.0017674544360488653
7017,0,3,0.31542810797691345,0.00012705347035080194,0.004563245922327042,0.6798815131187439
7018,0,0,0.998013973236084,4.031738626508741e-06,0.0016991050215438008,0.0002829250006470829
7019,1,1,1.755012590365368e-06,0.9999980926513672,1.4422776928313397e-07,1.0907569070184309e-08
7020,2,2,2.500937625882216e-06,2.0936629425705178e-06,0.9997109770774841,0.0002844111295416951
7021,0,0,0.9999473094940186,1.2886865761174704e-06,2.09367171919439e-05,3.036789348698221e-05
7022,0,0,0.9869306087493896,3.736209237104049e-06,0.010143416002392769,0.002922206185758114
7023,3,3,0.0008574388921260834,1.7483770307080704e-06,0.007289953995496035,0.9918507933616638
7024,0,0,0.9941421151161194,0.00031545685487799346,0.005464685149490833,7.773259858367965e-05
7025,0,0,0.9753686189651489,1.3354872862691991e-05,0.000735058740247041,0.023883000016212463
7026,2,2,2.4783110347925685e-05,1.3477759353008878e-07,0.9999574422836304,1.7576354366610758e-05
7027,3,3,0.0016528792912140489,0.0003985325456596911,1.6696432794560678e-05,0.997931957244873
7028,2,2,1.5259564634106937e-06,1.5239801314237411e-06,0.9997653365135193,0.00023160508135333657
7029,0,0,0.999920129776001,7.799693412380293e-05,7.306708766918746e-07,1.2076784514647443e-06
7030,2,1,0.1123412624001503,0.6366406679153442,0.16519173979759216,0.08582637459039688
7031,3,0,0.5862489342689514,0.011296475306153297,6.38181300018914e-05,0.4023907482624054
7032,0,0,0.6334741711616516,0.0024003046564757824,0.25893718004226685,0.10518836975097656
7033,2,3,0.001938978093676269,1.7093838323489763e-05,0.11828237771987915,0.8797615170478821
7034,0,0,0.9995030164718628,2.943935442090151e-07,0.0004032034194096923,9.343476267531514e-05
7035,3,3,0.00031341935391537845,3.3623495255596936e-05,0.0016633032355457544,0.9979896545410156
7036,3,3,0.07563558965921402,7.801489232406311e-09,0.011652951128780842,0.912711501121521
7037,0,0,0.9548194408416748,9.763922207639553e-06,0.005195542238652706,0.039975233376026154
7038,3,3,0.0001332283136434853,9.477421018116994e-13,0.00035078515065833926,0.9995160102844238
7039,2,2,0.0003356715606059879,9.763477282831445e-05,0.9987809062004089,0.0007858590106479824
7040,3,3,0.0013109252322465181,0.0008371960720978677,0.0021239318884909153,0.9957279562950134
7041,0,0,0.968881368637085,0.0005185261252336204,0.02232070453464985,0.00827943254262209
7042,2,2,0.00035474824835546315,3.430288779782131e-05,0.9994175434112549,0.00019333403906784952
7043,2,2,0.0035775562282651663,4.62973844150838e-07,0.9963226318359375,9.948157094186172e-05
7044,3,3,0.08273027837276459,0.00037845887709409,0.0001550712186144665,0.9167361855506897
7045,2,2,4.126635394641198e-05,4.443505758899846e-07,0.9995620846748352,0.0003962081973440945
7046,2,2,7.489578274544328e-05,5.887456427444704e-05,0.9867753982543945,0.013090813532471657
7047,1,1,3.6868152619717875e-06,0.9999955892562866,1.8516347566333025e-08,7.509710258091218e-07
7048,3,3,1.9889448310550506e-07,4.589161949758447e-12,0.004871677607297897,0.9951281547546387
7049,3,3,0.0005720130284316838,4.5524220504411517e-10,0.013919445686042309,0.9855085015296936
7050,2,2,5.203745558901574e-07,6.966240362338283e-10,0.9999986886978149,8.898726946426905e-07
7051,2,3,0.00767345167696476,1.278676154470304e-05,0.0852050632238388,0.9071087837219238
7052,3,3,7.676514997001505e-07,9.749556539873083e-08,1.4001856470713392e-05,0.9999850988388062
7053,0,0,0.9999723434448242,1.1297884849881257e-09,1.0519716852286365e-05,1.7191097867907956e-05
7054,3,3,7.963716370795737e-07,1.1527890109164218e-07,0.00010335115803172812,0.9998956918716431
7055,3,3,3.8490881593133963e-07,4.46421966060484e-09,1.3389454579737503e-05,0.9999861717224121
7056,2,2,0.0025126980617642403,1.3977916069052299e-07,0.9968559741973877,0.0006310988683253527
7057,2,2,0.0007315714028663933,3.2063599064713344e-07,0.9992617964744568,6.39702784610563e-06
7058,0,0,0.9999247789382935,6.865207513584437e-09,1.19744208859629e-05,6.324658897938207e-05
7059,3,0,0.8570078611373901,0.0010603641858324409,0.00019956684263888747,0.14173226058483124
7060,3,3,0.0002895729267038405,0.0006314614438451827,1.8065233234665357e-05,0.9990609288215637
7061,2,2,0.10882215201854706,0.002581988228484988,0.562187671661377,0.32640817761421204
7062,3,3,1.1681690921250265e-05,6.991185963478586e-10,2.374512405367568e-05,0.9999645948410034
7063,0,0,0.9887080192565918,2.8591671252797823e-06,0.0028080192860215902,0.008481165394186974
7064,1,1,1.758618418534752e-05,0.9999806880950928,4.020959121220358e-09,1.6558888091822155e-06
7065,0,0,0.8945420980453491,7.411006919255669e-09,0.09089860320091248,0.014559222385287285
7066,1,1,8.603145573715665e-08,0.9999998807907104,1.6076499506634256e-11,3.761818856418131e-09
7067,3,3,2.5769897547434084e-05,6.480311426360075e-11,1.638368848944083e-05,0.999957799911499
7068,3,2,2.0066700017196126e-06,4.9245496484218165e-05,0.9955884218215942,0.004360270220786333
7069,1,1,9.052810696630331e-07,0.9999977350234985,1.3285908484483855e-10,1.277945898436883e-06
7070,2,2,0.08466697484254837,0.006382557563483715,0.9028041362762451,0.006146316882222891
7071,0,0,0.9999444484710693,5.601884822681313e-06,1.0860008003987787e-08,4.996091956854798e-05
7072,1,1,0.008718387223780155,0.5907245874404907,0.002737044356763363,0.39782002568244934
7073,0,2,0.1467152237892151,0.00126457994338125,0.8466811776161194,0.005339028779417276
7074,2,2,0.08375399559736252,7.094303873600438e-05,0.8931409120559692,0.023034198209643364
7075,2,2,0.005579008720815182,3.825417707048473e-07,0.9937627911567688,0.0006578020402230322
7076,0,2,0.3149087131023407,0.0021214433945715427,0.6667872667312622,0.016182538121938705
7077,0,0,0.9679126143455505,0.03196454793214798,4.895589518127963e-05,7.391237886622548e-05
7078,1,1,1.1968929356953595e-05,0.999976396560669,1.1862865676448564e-06,1.0518686394789256e-05
7079,0,0,0.9977195858955383,7.3403658461757e-05,0.0008361746440641582,0.0013707979815080762
7080,2,2,0.0017570421332493424,8.689094102010131e-05,0.9887540340423584,0.009402044117450714
7081,2,3,0.020141812041401863,0.0037426662165671587,0.013408763334155083,0.9627067446708679
7082,2,2,0.00013257631508167833,0.0008526414749212563,0.9906429648399353,0.008371752686798573
7083,3,2,0.003859013319015503,0.005000441800802946,0.6979116201400757,0.2932288944721222
7084,3,3,3.0332494134199806e-05,1.903747026688052e-08,1.8525337509345263e-05,0.9999511241912842
7085,1,1,0.0001729305076878518,0.9995192289352417,6.850046338513494e-05,0.00023934495402500033
7086,0,0,0.9999957084655762,1.4119159175152163e-07,3.5720213418244384e-06,5.899494794903148e-07
7087,0,0,0.9997716546058655,0.00018283970712218434,4.399210956762545e-05,1.5738892216177192e-06
7088,1,1,0.0004389586392790079,0.9994845390319824,4.405860818224028e-05,3.241167723899707e-05
7089,3,3,0.001374975312501192,9.27336368476972e-05,0.0045046014711260796,0.9940276145935059
7090,1,1,0.0031823900062590837,0.9550067186355591,0.0054253386333584785,0.03638553246855736
7091,0,0,0.9993195533752441,0.0005563978338614106,4.241189526510425e-05,8.168397471308708e-05
7092,3,3,0.006897980812937021,2.7375538280693945e-08,0.00017581842257641256,0.9929261803627014
7093,3,3,0.006877881474792957,7.080247996782418e-07,0.00044918249477632344,0.9926722049713135
7094,1,1,1.2006778149498132e-07,0.9999998807907104,4.274931342251875e-08,3.6197005393034942e-09
7095,1,1,0.011694518849253654,0.9882422089576721,2.634177690197248e-05,3.690685480250977e-05
7096,3,3,4.6555622247979045e-05,2.4064183534733274e-08,0.0004375590360723436,0.9995158910751343
7097,3,3,0.0006777509697712958,0.00011216054554097354,0.002099423436447978,0.9971106052398682
7098,2,2,1.1627935236901976e-05,1.394891228301276e-06,0.9999566078186035,3.0296003387775272e-05
7099,0,0,0.9986400008201599,2.3134363800636493e-05,0.001002429868094623,0.0003345386649016291
7100,2,2,0.010324206203222275,0.005214320030063391,0.8224065899848938,0.16205482184886932
7101,0,0,0.9999978542327881,1.7596752854842634e-07,9.387902650814794e-07,1.02511978639086e-06
7102,3,3,0.0002757577458396554,0.00030734529718756676,0.05474374070763588,0.9446731805801392
7103,2,2,2.636530734889675e-05,0.0001678306289250031,0.9949670433998108,0.00483879167586565
7104,2,2,2.8735344130836893e-06,2.122332034559804e-06,0.9998703002929688,0.00012468412751331925
7105,1,1,1.4854384744467097e-06,0.9999982118606567,4.031475953070185e-08,2.2435258983932727e-07
7106,2,2,3.456574268057011e-05,1.9611250081652543e-06,0.9995436072349548,0.0004197949601802975
7107,1,1,3.6915512424684493e-08,0.9999996423721313,1.5785980167493108e-07,9.666889866366546e-08
7108,2,2,0.02155442349612713,0.013372931629419327,0.7145177721977234,0.2505548596382141
7109,2,2,0.0027033828664571047,4.628847818821669e-06,0.9894819259643555,0.007810053415596485
7110,0,0,0.983355700969696,4.691717913374305e-05,0.012533588334918022,0.004063773900270462
7111,3,3,0.0029730605892837048,2.0181622062409588e-07,0.013565735891461372,0.9834609031677246
7112,3,3,0.009086855687201023,3.2820717024151236e-05,0.2021588236093521,0.7887215614318848
7113,1,1,0.0032187718898057938,0.9955086708068848,0.0009769322350621223,0.00029556144727393985
7114,2,2,1.2657956176553853e-05,1.1764299756578112e-07,0.9999628067016602,2.448859959258698e-05
7115,2,2,0.013597613200545311,0.00020710592798423022,0.9793606400489807,0.006834584288299084
7116,2,2,0.014561190269887447,3.367994577274658e-05,0.9847132563591003,0.0006919003208167851
7117,2,2,0.007184394635260105,4.739503128803335e-05,0.992051362991333,0.0007167716976255178
7118,0,0,0.9991287589073181,4.525002805166878e-05,0.0007152456091716886,0.00011080047988798469
7119,2,2,0.00012383682769723237,8.902028270085793e-08,0.9992183446884155,0.0006576855666935444
7120,3,3,3.6523988455883227e-07,9.650933385785265e-10,0.0009504950139671564,0.9990491271018982
7121,2,2,1.9785036784014665e-05,2.427904291835148e-06,0.9848456382751465,0.015132082626223564
7122,3,2,0.1624479442834854,9.403529111295938e-05,0.42133069038391113,0.4161272644996643
7123,1,1,0.0007104731048457325,0.9812953472137451,0.016376880928874016,0.0016173955518752337
7124,2,2,8.710738620720804e-05,0.00022248485765885562,0.9808852076530457,0.018805207684636116
7125,3,3,1.5577983504044823e-05,4.09328535511122e-08,0.005803338717669249,0.9941810965538025
7126,3,3,0.00020535527437459677,1.5710651268818765e-06,0.002035145414993167,0.9977579712867737
7127,1,1,7.437651947839186e-05,0.9998934268951416,2.4043891322378386e-09,3.217195626348257e-05
7128,1,1,5.341868245523074e-07,0.9999942779541016,5.162894922250416e-06,2.41639845910413e-08
7129,3,3,1.0181013010424067e-07,2.7175215203123493e-11,0.0007829984533600509,0.9992169141769409
7130,2,2,2.7551683160709217e-05,3.0541332307620905e-06,0.999954104423523,1.536157651571557e-05
7131,2,2,0.2686092257499695,0.08366888761520386,0.6425027251243591,0.005219177808612585
7132,0,0,0.9446711540222168,1.5381510820589028e-07,0.0006674043834209442,0.054661381989717484
7133,0,0,0.9602372646331787,0.0003862374578602612,0.018198851495981216,0.02117755636572838
7134,2,2,8.066177542787045e-06,3.5953570431956905e-07,0.971563458442688,0.028428053483366966
7135,2,2,0.0007074393797665834,0.002817975590005517,0.9956236481666565,0.0008508462342433631
7136,3,3,0.0003422036534175277,4.687508408096619e-05,0.00022019297466613352,0.999390721321106
7137,0,0,0.9936664700508118,1.7395701661371277e-06,1.1703466952894814e-05,0.006320041138678789
7138,1,1,2.9182278922235128e-06,0.9999842643737793,1.3709349104829016e-06,1.1426000128267333e-05
7139,3,3,1.2173377399449237e-05,6.287651510561432e-10,4.775440174853429e-06,0.9999830722808838
7140,0,0,0.999651312828064,9.150771802524105e-05,0.00012963965127710253,0.00012746969878207892
7141,1,1,0.011387906037271023,0.9853090643882751,0.002970487577840686,0.0003325579746160656
7142,1,1,4.538357245564839e-08,0.9999997615814209,1.331914347701968e-07,7.814657720928153e-08
7143,1,1,9.344389440002487e-08,0.999998927116394,2.0140252843248163e-07,7.798298042871465e-07
7144,0,3,0.3963840901851654,0.0013988453429192305,0.113312266767025,0.48890480399131775
7145,0,0,0.9877129793167114,0.007542079780250788,0.0020025447010993958,0.0027423049323260784
7146,2,2,0.0004532758903224021,2.2181898984285908e-08,0.7358770370483398,0.2636697292327881
7147,3,3,1.2067188436049037e-05,1.838759970951287e-07,0.023867513984441757,0.9761201739311218
7148,3,2,0.00011377671035006642,3.757013473659754e-05,0.9936946034431458,0.006154034752398729
7149,1,1,0.0001400579058099538,0.999568521976471,0.00011715116852428764,0.00017421464144717902
7150,1,1,7.213039054931869e-08,0.9999938011169434,5.600617896561744e-06,4.3015546680180705e-07
7151,1,1,3.116487960141967e-06,0.9999719858169556,2.35484021686716e-05,1.272779059036111e-06
7152,1,1,1.9780927686952055e-06,0.9999967813491821,1.1005220130755333e-06,7.537899904264123e-08
7153,1,1,1.6156616311491234e-07,0.9999793767929077,1.4620737601944711e-05,5.882026016479358e-06
7154,3,3,8.35182845548843e-07,1.9380451021788758e-08,1.1560043731151382e-06,0.9999979734420776
7155,1,1,4.065450909251922e-08,0.9999998807907104,8.557992003943582e-08,7.3024493119078215e-09
7156,1,1,7.200504796855967e-07,0.9999992847442627,4.976542555823471e-08,3.2008560246765683e-09
7157,3,0,0.7356166243553162,5.193196557229385e-05,0.007873828522861004,0.2564576268196106
7158,2,2,0.0006772568449378014,1.3865814253222197e-05,0.9961788654327393,0.0031300184782594442
7159,0,0,0.9999879598617554,6.463494173658546e-06,1.5183832147158682e-07,5.509471520781517e-06
7160,1,1,8.326354873133823e-06,0.9999915361404419,6.078123249153577e-08,1.1459759008403125e-07
7161,1,1,1.8315167835680768e-06,0.9999963045120239,1.5984327319529257e-06,2.2718559478107636e-07
7162,1,1,4.060797209604061e-07,0.9999995231628418,1.0344973766507337e-08,7.499372856045738e-08
7163,0,0,0.9836126565933228,4.5462371645044186e-07,0.004981626756489277,0.011405210010707378
7164,1,2,0.01701221615076065,0.04927515611052513,0.9310221076011658,0.002690482884645462
7165,1,1,0.00019622773106675595,0.9996064305305481,4.6082327571639325e-06,0.00019274881924502552
7166,1,1,3.0219348445825744e-06,0.9999939203262329,2.1622101940010907e-06,9.067828727893357e-07
7167,0,0,0.9999953508377075,1.5328206259823673e-08,7.044223480079381e-07,3.900790488842176e-06
7168,1,0,0.7472922801971436,0.244424507021904,1.2238153431098908e-05,0.008270966820418835
7169,1,1,7.824203930795193e-05,0.9999010562896729,1.9933906514779665e-05,7.231189442791219e-07
7170,0,0,0.9999997615814209,4.043340950943275e-08,1.7423103315650224e-07,1.377676568381503e-07
7171,0,0,0.9940145611763,0.0043471744284033775,0.0001811693364288658,0.0014570567291229963
7172,0,0,0.9999972581863403,4.06913471806547e-07,2.7159053672676237e-08,2.2993713173491415e-06
7173,2,2,0.004383604507893324,0.0028677128721028566,0.9808798432350159,0.011868839152157307
7174,1,1,7.389593065454392e-06,0.9999889135360718,2.8369988740450935e-06,8.878600397110858e-07
7175,1,1,2.9999069738551043e-05,0.9999576807022095,1.0226087397313677e-05,2.1394157556642313e-06
7176,0,0,0.9999762773513794,1.2284248063210157e-09,1.9250574041507207e-06,2.1841226043761708e-05
7177,3,3,0.00020795370801351964,2.718594259931706e-05,0.027326133102178574,0.9724386930465698
7178,0,0,0.9983831644058228,0.0006453109672293067,0.0004434979928191751,0.0005281083867885172
7179,0,0,0.9992644190788269,0.00011763391376007348,7.378593181783799e-06,0.0006106068030931056
7180,0,0,0.9998390674591064,8.058559615164995e-06,0.0001259498967556283,2.6815463570528664e-05
7181,2,2,0.02620367519557476,0.007541506551206112,0.9564278721809387,0.009827028959989548
7182,1,1,0.0002289686817675829,0.999498724937439,4.320494917919859e-05,0.0002290824631927535
7183,1,1,7.91539696365362e-06,0.9999366998672485,1.6071915524662472e-05,3.934884807677008e-05
7184,1,1,1.956457708729431e-06,0.9999978542327881,1.0114905535374419e-07,1.6240676359302597e-07
7185,1,1,8.62496420950265e-08,0.9999998807907104,7.194986295644412e-08,1.3254913833193882e-09
7186,1,1,0.011965473182499409,0.9836384057998657,0.002722705714404583,0.0016733456868678331
7187,0,0,0.9998487234115601,4.6042427129577845e-05,6.971925176912919e-05,3.553142960299738e-05
7188,1,1,3.2069325243355706e-05,0.9999245405197144,3.7607504054903984e-05,5.718395641451934e-06
7189,2,2,0.03979923576116562,0.0009460089495405555,0.949235737323761,0.010018972679972649
7190,1,1,6.1456385083147325e-06,0.9999936819076538,1.671379976642129e-07,5.734754537911613e-08
7191,1,1,2.8144759198767133e-05,0.9999065399169922,6.510668026749045e-05,2.6383307272226375e-07
7192,1,1,3.649895461421693e-07,0.9999996423721313,7.296836468384527e-09,1.3915343322068452e-09
7193,1,1,2.2753300632505358e-10,1.0,5.847893835841944e-10,6.143218822529661e-09
7194,3,3,0.000586220936384052,1.249917613854734e-09,6.72557289362885e-05,0.9993465542793274
7195,0,0,0.9999995231628418,7.368615229097486e-08,2.93687492103345e-08,4.037493113173696e-07
7196,1,1,2.114082867099576e-11,1.0,7.361892345736365e-11,1.0830154550944826e-09
7197,0,0,1.0,3.7091885118911705e-09,5.280817116926073e-09,5.360970778411911e-09
7198,0,1,0.23240087926387787,0.7537904381752014,0.002703733742237091,0.011104908771812916
7199,1,1,0.00014802097575739026,0.9998518228530884,4.238916417875771e-08,1.7775674621134385e-07
7200,0,0,0.9999325275421143,1.1189214177420581e-07,4.677060860558413e-05,2.064591353700962e-05
7201,1,1,2.8978847694816068e-05,0.9999511241912842,1.5332492694142275e-05,4.522501058090711e-06
7202,3,3,4.32200868090149e-05,4.2620495577239126e-08,0.22805073857307434,0.7719059586524963
7203,0,0,0.9871559143066406,0.00032020529033616185,0.012028382159769535,0.00049555953592062
7204,2,2,1.0808967090270016e-06,2.31321109822602e-07,0.9999723434448242,2.6361731215729378e-05
7205,3,3,5.639389200950973e-05,1.7479075964388358e-09,0.011997231282293797,0.9879463315010071
7206,3,3,0.0006511451210826635,2.226221340606571e-06,2.5445276108371218e-08,0.9993465542793274
7207,3,3,0.0029849535785615444,0.00038636900717392564,0.060330986976623535,0.9362976551055908
7208,0,0,0.9984400868415833,1.0416899385745637e-05,0.0011764924274757504,0.00037289891042746603
7209,2,2,0.0016703568398952484,0.00015880832506809384,0.6426143646240234,0.3555564284324646
7210,2,3,0.007173315621912479,0.001202992512844503,0.23986802995204926,0.7517556548118591
7211,1,1,3.4171790730397333e-07,0.9999990463256836,2.542289434526168e-10,6.458953407673107e-07
7212,1,1,3.643012314569205e-05,0.9999629259109497,4.0818054003466386e-07,2.260919131913397e-07
7213,1,1,3.918010406778194e-06,0.9999960660934448,4.1228137348525706e-08,7.2698189690356685e-09
7214,2,2,0.0010281382128596306,1.6685885384504218e-06,0.9987229704856873,0.00024720653891563416
7215,3,1,0.0194062739610672,0.5883903503417969,0.1542525291442871,0.2379508912563324
7216,2,2,0.011067393235862255,0.0019279072294011712,0.9360769987106323,0.05092766880989075
7217,2,2,0.0053744567558169365,0.003300640033558011,0.7838204503059387,0.20750442147254944
7218,1,1,5.277414402371505e-06,0.9999920129776001,1.311419282501447e-06,1.4115802287051338e-06
7219,0,0,0.7348231673240662,0.004369022324681282,0.036096472293138504,0.2247113436460495
7220,0,0,0.8347671627998352,0.13698872923851013,0.017897767946124077,0.010346329770982265
7221,1,1,4.479057315620594e-05,0.999947190284729,3.5340513022674713e-06,4.532297680270858e-06
7222,1,1,0.00032695388654246926,0.9845101237297058,0.001708027790300548,0.013454887084662914
7223,2,2,0.00037691224133595824,4.696692849393003e-05,0.9990959167480469,0.0004801883769687265
7224,0,0,0.983812689781189,0.005555526353418827,0.005643809214234352,0.004987926688045263
7225,0,0,0.9804672598838806,0.0017060271929949522,0.0067915781401097775,0.011035206727683544
7226,0,0,0.9999996423721313,2.1936099159347577e-08,3.5541752652079595e-08,3.9206466340147017e-07
7227,2,2,0.0070813666097819805,1.0872098243908113e-07,0.992339015007019,0.0005795937031507492
7228,2,0,0.9999399185180664,1.313747475251148e-07,4.9996365305560175e-06,5.4981403081910685e-05
7229,0,0,0.9972387552261353,0.0002766846737358719,0.00154700200073421,0.0009375367080792785
7230,2,2,0.0027694946620613337,0.0033681723289191723,0.9877005815505981,0.006161714904010296
7231,3,3,1.1323295439069625e-06,6.472263280876689e-10,0.006961035076528788,0.9930378794670105
7232,1,1,0.00012441717262845486,0.9998728036880493,7.545542075604317e-07,2.0183751985314302e-06
7233,2,2,0.00044590712059289217,2.7427979603089625e-06,0.9994982481002808,5.3145606216276065e-05
7234,1,1,1.1294647492832155e-06,0.999998927116394,1.31337940523224e-10,2.4698756817542744e-08
7235,1,1,8.060429479428421e-08,0.9999996423721313,3.167046429553011e-07,5.4932449700118013e-08
7236,2,2,0.00042809644946828485,0.003858726006001234,0.9931870698928833,0.002526071621105075
7237,0,0,0.9999268054962158,3.015998402133846e-07,6.86854327796027e-05,4.220235496177338e-06
7238,0,1,1.4221350284060463e-05,0.9999804496765137,5.0331609600107186e-06,2.0757680374572374e-07
7239,0,0,0.7133937478065491,0.0002459644165355712,0.1379486471414566,0.1484116017818451
7240,2,2,0.010080540552735329,0.0006795810768380761,0.7941797971725464,0.19506005942821503
7241,2,3,1.215453124814303e-07,1.1407752520398162e-09,0.029609886929392815,0.9703899621963501
7242,2,2,3.1524784844805254e-06,1.5244629139488097e-05,0.9846190810203552,0.015362534672021866
7243,1,1,1.4809855201747268e-05,0.999982476234436,2.4595233298896346e-06,2.4372306484110595e-07
7244,0,0,0.9999986886978149,1.5031009326094136e-08,2.182170533160388e-07,1.0687784879337414e-06
7245,0,0,0.9999988079071045,7.3787538212855e-07,4.64240468289745e-09,4.18963793435978e-07
7246,3,3,1.073664520845341e-06,1.0492451352206444e-10,0.0007297225529327989,0.9992691874504089
7247,3,3,0.24370233714580536,0.00015583472850266844,0.18015053868293762,0.5759912133216858
7248,0,0,0.9975191354751587,0.0017036959761753678,5.412367045209976e-06,0.0007716945256106555
7249,2,2,0.00034291748306714,2.696919000300113e-05,0.9937164187431335,0.005913656670600176
7250,2,2,0.00042012191261164844,2.1455025489558466e-07,0.999289870262146,0.00028977132751606405
7251,2,2,0.0017043666448444128,0.0003925322962459177,0.9977680444717407,0.00013513452722691
7252,0,0,0.998224675655365,0.0001638008834561333,0.001060792594216764,0.0005508302710950375
7253,0,0,0.9999865293502808,2.6240826400680817e-07,1.1931282642763108e-05,1.265243213310896e-06
7254,1,1,0.00917823426425457,0.9907271862030029,1.369383062410634e-05,8.089171751635149e-05
7255,3,3,9.813623364607338e-06,1.5794430510140955e-06,0.06924232840538025,0.93074631690979
7256,0,0,0.9820864200592041,2.106775173160713e-05,0.01781925931572914,7.334822294069454e-05
7257,0,0,0.9997851252555847,3.541620685609814e-07,0.0001441594649804756,7.032353460090235e-05
7258,2,2,0.17814697325229645,0.00013494824816007167,0.7097615003585815,0.11195658892393112
7259,2,2,0.00010716552787926048,4.26749320467934e-05,0.9550864100456238,0.044763755053281784
7260,3,3,3.2128355087479576e-06,4.475794845859582e-09,0.0004575409693643451,0.9995392560958862
7261,1,1,0.00026071019237861037,0.9995744824409485,3.8285728805931285e-05,0.00012651779979933053
7262,3,3,0.013286050409078598,0.027462968602776527,0.334090918302536,0.6251600980758667
7263,2,2,0.021978093311190605,0.21296148002147675,0.6475841403007507,0.1174762099981308
7264,0,0,0.9999997615814209,2.352310843889427e-07,1.0615351930809425e-09,5.052723128784464e-09
7265,2,2,0.001983610913157463,3.6174774322716985e-06,0.9951481223106384,0.0028645959682762623
7266,2,2,0.0036448335740715265,3.096255750278942e-05,0.9747956395149231,0.02152848057448864
7267,0,0,0.9999403953552246,5.170013722688438e-11,5.823148512718035e-06,5.3746676712762564e-05
7268,3,3,0.00010979484795825556,3.84705913347716e-07,0.13959704339504242,0.8602927327156067
7269,1,1,2.4508839402415106e-10,1.0,5.09210295457363e-12,6.388466144979787e-11
7270,3,3,0.0002500408736523241,2.0312489823481883e-07,0.40853145718574524,0.5912182927131653
7271,3,3,0.003542457241564989,1.0179585387959378e-06,0.01672637090086937,0.9797301292419434
7272,3,3,8.681796316523105e-05,4.178655643727325e-08,4.5717493776464835e-05,0.9998674392700195
7273,3,3,0.00012032076483592391,5.501435111909814e-07,0.16657646000385284,0.8333026170730591
7274,3,3,0.020340686663985252,0.0022103481460362673,0.0051395464688539505,0.972309410572052
7275,3,3,0.0005224189371801913,3.600498814648745e-07,0.00033558456925675273,0.9991415739059448
7276,1,1,0.0034281425178050995,0.996556282043457,1.8730180784132244e-07,1.5393456124002114e-05
7277,0,0,0.9999444484710693,2.3447790226782672e-05,2.9304004783625714e-05,2.8275028398638824e-06
7278,1,1,0.037238411605358124,0.7633867263793945,0.14866885542869568,0.05070601403713226
7279,1,1,0.0028616765048354864,0.9958258867263794,0.0002626786008477211,0.0010497958865016699
7280,0,0,0.9998769760131836,0.00011250368697801605,7.3305318437633105e-06,3.1078818665264407e-06
7281,1,1,2.3524715686562558e-07,0.9999994039535522,3.0315680987769156e-07,3.2740574695822033e-09
7282,2,2,0.01280258409678936,0.012276113033294678,0.9714859127998352,0.0034353542141616344
7283,1,1,3.31712762999814e-05,0.999966025352478,8.310723842441803e-07,2.567439949530126e-08
7284,0,0,0.9999969005584717,2.4988366931211203e-08,6.613111622755241e-07,2.350509021198377e-06
7285,0,0,0.9974139928817749,3.972744707425591e-06,0.0022729206830263138,0.00030913992668502033
7286,2,2,0.00013556928024627268,0.0035488104913383722,0.9863045811653137,0.010011102072894573
7287,1,1,6.649241299783171e-07,0.9999970197677612,2.0042887172166957e-06,4.117621870136645e-07
7288,1,1,0.010864841751754284,0.9844967126846313,0.002486585173755884,0.002151815453544259
7289,1,1,1.3676562105047196e-09,0.999996542930603,1.4106748835729377e-07,3.360201844770927e-06
7290,2,2,0.0008744913502596319,1.8892678781412542e-05,0.5677680373191833,0.4313385784626007
7291,3,3,0.00849211122840643,3.222972736693919e-05,0.0060724676586687565,0.985403299331665
7292,0,0,0.9894860982894897,0.0001614283537492156,0.007094301749020815,0.003258104668930173
7293,3,3,3.42909297614824e-05,2.0046734789502807e-05,0.024281414225697517,0.9756642580032349
7294,2,2,1.454951870982768e-05,1.8722930761327916e-08,0.9946122169494629,0.005373154766857624
7295,0,0,0.999996542930603,3.970721529356069e-09,3.2446914701722562e-06,1.9235336878864473e-07
7296,3,3,3.2351617846870795e-06,1.221266643369745e-09,1.3895598840463208e-06,0.9999953508377075
7297,3,3,3.669873422040837e-06,5.329263252917826e-09,2.3238573703565635e-05,0.9999730587005615
7298,1,1,0.008322089910507202,0.9912672638893127,0.00015818272368051112,0.0002524917072150856
7299,0,0,0.9712807536125183,2.0180839783279225e-05,0.0020076779183000326,0.02669130079448223
7300,2,2,0.001143392059020698,0.14303681254386902,0.8078646659851074,0.04795505478978157
7301,2,2,0.0003015842812601477,1.181948755402118e-05,0.9993759989738464,0.0003107169468421489
7302,3,3,2.6123445422854275e-05,1.0508136938369717e-06,1.6634115809210925e-06,0.9999711513519287
7303,2,2,0.0003795029188040644,0.00011252190597588196,0.9805607795715332,0.018947143107652664
7304,3,3,0.024238720536231995,0.00010213763016508892,0.09377075731754303,0.8818883299827576
7305,3,2,0.11118380725383759,0.03931773453950882,0.8065394759178162,0.04295895993709564
7306,3,2,0.003072363557294011,6.261154339881614e-06,0.5363271832466125,0.46059414744377136
7307,3,3,1.5637424439773895e-05,4.0679935864318395e-07,0.062492359429597855,0.9374915957450867
7308,1,1,4.12522058468312e-06,0.9997937083244324,0.00019498412439133972,7.121307135093957e-06
7309,2,2,5.847790021107357e-07,1.8594944251049128e-08,0.9985522627830505,0.0014471253380179405
7310,1,1,0.00014852554886601865,0.9998350143432617,1.5863603039178997e-05,5.77086609609978e-07
7311,3,3,0.0021237318869680166,1.236036411000896e-07,0.14955838024616241,0.8483177423477173
7312,0,0,0.9997337460517883,0.0002033284690696746,5.159834836376831e-05,1.1307628483336885e-05
7313,0,0,0.999573290348053,0.00020148613839410245,3.293524173386686e-07,0.00022480703773908317
7314,0,0,0.911108136177063,0.00026594565133564174,0.05255942419171333,0.03606646507978439
7315,1,1,0.00020984423463232815,0.9996775388717651,4.079854261362925e-05,7.18657611287199e-05
7316,1,1,8.037727093324065e-05,0.9998879432678223,2.3816894099581987e-05,7.84094117989298e-06
7317,1,1,1.4749459431584455e-08,0.9999992847442627,7.205670726762037e-07,4.684240551000585e-08
7318,2,2,0.005887302570044994,0.000619716418441385,0.9759224653244019,0.01757044903934002
7319,3,3,1.924050138768507e-06,1.5226731875372934e-08,0.059110771864652634,0.9408873319625854
7320,0,0,0.9999955892562866,7.398410328818272e-09,3.7389859244285617e-06,7.15998794476036e-07
7321,2,2,0.0005120762507431209,1.6303005168083473e-07,0.9994415640830994,4.615060970536433e-05
7322,3,3,0.20187769830226898,1.0431183909531683e-05,0.009515897370874882,0.7885959148406982
7323,3,3,0.002066215267404914,2.840293973349617e-07,0.005714486353099346,0.992219090461731
7324,3,3,0.002196682384237647,3.034288965864107e-05,0.09219861030578613,0.905574381351471
7325,3,3,0.00027884345036000013,1.6571657113217952e-07,0.42527616024017334,0.5744448900222778
7326,1,1,9.095885616261512e-05,0.9860580563545227,0.0001561850222060457,0.013694722205400467
7327,0,0,0.9999487400054932,5.687749160543376e-10,2.131962446583202e-06,4.915082536172122e-05
7328,2,2,0.0001927082339534536,0.00016545593098271638,0.9993140697479248,0.0003277196374256164
7329,2,2,3.4026668345177313e-06,2.1533066885126573e-08,0.7733747959136963,0.22662179172039032
7330,2,2,0.021118396893143654,3.512583862175234e-05,0.87098628282547,0.10786018520593643
7331,0,0,0.9876847267150879,0.00017832184676080942,0.010686076246201992,0.0014508523745462298
7332,3,3,1.2761796824634075e-05,3.007986038028321e-07,0.015899885445833206,0.9840870499610901
7333,2,2,0.00020806763495784253,0.0016817114083096385,0.9980815649032593,2.8656939321081154e-05
7334,2,2,0.0016109489370137453,0.0037014528643339872,0.9759376049041748,0.018749970942735672
7335,3,3,9.347408536086732e-07,4.287623145415864e-09,0.0006349210161715746,0.9993641972541809
7336,0,0,0.999966025352478,9.282695145884645e-07,2.8906631996505894e-05,4.1399830479349475e-06
7337,2,2,0.0010128412395715714,0.0005334122688509524,0.9982829093933105,0.00017081609985325485
7338,3,3,1.0949578609142918e-05,2.6369738392872932e-08,0.0022589850705116987,0.9977300763130188
7339,2,2,0.00012270177830941975,5.873511099707684e-07,0.9980752468109131,0.0018014379311352968
7340,3,3,6.316050985333277e-06,2.992843750604379e-10,1.3197355656302534e-05,0.9999804496765137
7341,0,0,0.9973481893539429,0.0013449601829051971,0.001149376155808568,0.00015753626939840615
7342,1,1,0.002394225215539336,0.9964495897293091,0.0011454548221081495,1.0633092642819975e-05
7343,1,1,9.161051821138244e-06,0.9999830722808838,3.768231636058772e-06,4.087740762770409e-06
7344,0,0,0.5991778373718262,0.00015953576075844467,0.15800365805625916,0.24265900254249573
7345,1,1,2.995166781261105e-08,1.0,5.3277906530979635e-09,3.912757051693916e-08
7346,3,3,5.670276550517883e-07,6.475952574191979e-08,0.00012662001245189458,0.9998726844787598
7347,1,1,8.213037654059008e-05,0.9993813037872314,0.0005195665289647877,1.686745417828206e-05
7348,3,3,6.033453701093094e-07,1.5377509043901227e-07,6.981586011534091e-06,0.9999922513961792
7349,2,2,2.7200683689443395e-05,6.542738351100752e-09,0.9997153878211975,0.0002574323152657598
7350,1,1,0.0005230446113273501,0.9936776757240295,9.744274575496092e-05,0.005701806861907244
7351,2,2,0.012883699499070644,0.00011079350224463269,0.9857374429702759,0.001268009189516306
7352,1,1,1.6685438808394792e-08,0.9999983310699463,2.956146829546924e-07,1.3301372518981225e-06
7353,0,0,0.9986782670021057,0.00014707307855132967,1.4494032711809268e-06,0.0011732400162145495
7354,1,1,1.6125956108226092e-06,0.9999980926513672,2.04784996071794e-07,7.865892115432871e-08
7355,1,1,3.1440476959687658e-06,0.9999853372573853,4.673265721066855e-06,6.760088126611663e-06
7356,0,0,0.9996792078018188,6.462096735049272e-06,0.00028916934388689697,2.5116149117820896e-05
7357,0,0,0.9993513226509094,2.2107968106865883e-05,0.0004123368125874549,0.0002143067104043439
7358,3,3,1.5872936742766797e-08,3.7482642857578075e-12,8.164216706063598e-05,0.9999183416366577
7359,1,1,2.6981252787550147e-08,0.9999998807907104,4.492745020456823e-08,3.1854003879061565e-09
7360,3,3,0.0004956920747645199,1.9213490304537117e-05,0.006021521985530853,0.9934636354446411
7361,2,2,0.02490154467523098,8.628416253486648e-05,0.9512971639633179,0.023714981973171234
7362,0,0,0.5312191843986511,0.0011842367239296436,0.04320204630494118,0.42439451813697815
7363,0,0,0.9957274198532104,0.0032245246693491936,0.0007595076458528638,0.00028850874514319
7364,0,0,0.9998612403869629,1.0585629439674449e-07,0.00013823701010551304,4.012714498458081e-07
7365,3,3,0.011656830087304115,0.0016011083498597145,0.04665164649486542,0.9400904178619385
7366,3,3,0.0013399915769696236,3.797248427872546e-05,0.0056360927410423756,0.9929859042167664
7367,1,1,1.6113057554889565e-08,1.0,2.3129894444195997e-08,2.595700987484406e-09
7368,0,0,0.9998815059661865,0.00010861800546990708,6.474854671978392e-06,3.3997309856204083e-06
7369,2,0,0.6581912636756897,1.0073118517084367e-07,0.05828496441245079,0.28352370858192444
7370,2,2,0.10886599868535995,1.6539026546524838e-05,0.8714055418968201,0.019711971282958984
7371,0,0,0.9997832179069519,9.98342966340715e-06,0.0001377974112983793,6.907630449859425e-05
7372,3,3,0.014277712441980839,0.00015389267355203629,0.01798209547996521,0.96758633852005
7373,1,1,5.261397859612771e-07,0.9999980926513672,1.006741058517946e-06,3.229820038086473e-07
7374,3,3,2.8779800231859554e-07,1.1174415837089668e-09,0.0004949957365170121,0.9995046854019165
7375,0,0,0.9999971389770508,6.270246899475751e-07,2.106296051351819e-06,5.733954111519779e-08
7376,2,2,0.002561512403190136,1.206164961331524e-05,0.9971411228179932,0.0002853187615983188
7377,2,2,0.00026878816424869,1.3050475899945013e-07,0.9991193413734436,0.0006116498843766749
7378,3,3,1.8493507170092016e-08,6.719926837206458e-09,0.00044319519656710327,0.9995567202568054
7379,1,1,0.00026512888143770397,0.9143632650375366,0.08127739280462265,0.004094312898814678
7380,1,1,1.0142086466657929e-05,0.9999481439590454,6.035693786543561e-06,3.5673972888616845e-05
7381,1,1,2.5743586320459144e-06,0.9999971389770508,1.6717984863134916e-07,7.87624401255016e-08
7382,0,0,0.9999696016311646,4.958598864845953e-09,2.8150023354100995e-05,2.263545866298955e-06
7383,1,1,3.9530427784484345e-06,0.999893069267273,8.488223102176562e-05,1.808259003155399e-05
7384,1,1,2.864776433852967e-05,0.9644650220870972,0.03305384889245033,0.0024524887558072805
7385,0,0,0.999962568283081,3.663502184281242e-06,5.04005406298802e-08,3.375792584847659e-05
7386,2,2,0.05260211229324341,0.004254509229212999,0.9037168622016907,0.03942648693919182
7387,2,2,3.946672222809866e-05,0.0006863005110062659,0.8985236883163452,0.10075057297945023
7388,3,3,1.4050830543510529e-07,1.4408801929377546e-09,0.0003835821698885411,0.999616265296936
7389,3,3,0.02460724115371704,0.000507062824908644,0.016385726630687714,0.9584999084472656
7390,0,0,0.9999268054962158,1.3463987613704376e-07,2.7468001917441143e-07,7.280507270479575e-05
7391,2,2,2.1526411728700623e-05,4.3208736315136775e-05,0.8878837823867798,0.11205152422189713
7392,3,3,5.821918239234947e-05,6.639783123318921e-07,0.003950534854084253,0.9959905743598938
7393,3,3,3.8826538002467714e-06,6.721521003782982e-06,0.00019133786554448307,0.9997981190681458
7394,1,1,1.8465763105268707e-06,0.9999940395355225,1.7220013432961423e-06,2.3770417101331986e-06
7395,1,1,0.00012090434756828472,0.996459424495697,0.003020725678652525,0.00039889480103738606
7396,0,0,0.9995193481445312,1.54633180500241e-05,0.00044783830526284873,1.729709947539959e-05
7397,1,1,0.005591562949120998,0.9243147969245911,0.0411345511674881,0.028959158807992935
7398,3,3,2.707847124838736e-05,3.620250936364755e-06,0.010708967223763466,0.9892603158950806
7399,0,0,0.9999010562896729,1.586259350006003e-05,6.422519800253212e-05,1.8864100638893433e-05
7400,2,2,4.9737653171177953e-05,7.527905381721212e-06,0.8864024877548218,0.11354019492864609
7401,3,3,6.009414299512628e-09,3.352809566439796e-13,4.500702561927028e-05,0.9999549388885498
7402,1,1,1.480088144489855e-06,0.9999985694885254,3.097726297696113e-09,6.926085927005943e-09
7403,1,1,9.72185830505623e-07,0.9999986886978149,2.5740959586073586e-07,9.29252479409115e-08
7404,2,2,5.379967660701368e-06,2.2723540382685314e-08,0.9815419316291809,0.01845267228782177
7405,2,2,0.0021255696192383766,5.585035367516866e-08,0.997864305973053,1.0011771337303799e-05
7406,3,3,1.0462071259098593e-05,0.00010649130126694217,0.0025190243031829596,0.9973639845848083
7407,0,0,0.9995075464248657,1.5593380453537975e-07,4.254469968145713e-05,0.00044970159069634974
7408,0,0,0.933020293712616,0.00010279051639372483,0.004483554977923632,0.06239333376288414
7409,3,3,8.474652304357733e-07,5.46830051462166e-06,0.0002547746989876032,0.999738872051239
7410,3,3,0.0011242817854508758,1.9638135029254045e-07,0.007492320612072945,0.9913831353187561
7411,3,3,3.5975358514406253e-06,3.303090068129677e-07,4.0216623347077984e-06,0.9999920129776001
7412,3,3,1.6835805581649765e-05,1.1057164556405041e-05,0.004769209772348404,0.995202898979187
7413,2,0,0.9966667294502258,1.2565104512418657e-09,0.0033163800835609436,1.6813761249068193e-05
7414,1,1,1.8146810134567204e-06,0.9999978542327881,1.6412430170476e-07,8.879335666733823e-08
7415,2,2,2.320064140803879e-06,2.397303244805471e-09,0.9999574422836304,4.0278049709741026e-05
7416,3,3,0.07088547199964523,2.8096533100097076e-08,0.00019664777209982276,0.9289178848266602
7417,3,3,6.239172216737643e-05,1.6822789348225342e-06,9.289293666370213e-05,0.9998430013656616
7418,3,2,0.0012474877294152975,4.715716204373166e-05,0.8940370082855225,0.10466834902763367
7419,0,0,0.9999994039535522,6.20816176244432e-10,6.294240506576898e-08,4.973119871465315e-07
7420,2,2,0.00011201465531485155,3.554128488758579e-05,0.9988887906074524,0.0009636543691158295
7421,3,3,6.777243925171206e-06,2.825417944052333e-08,0.20941805839538574,0.7905751466751099
7422,2,2,0.00032489036675542593,3.7527141216742166e-07,0.8991080522537231,0.10056664794683456
7423,1,1,4.6652498753019245e-08,0.9999958276748657,2.356740935738344e-07,3.906831352651352e-06
7424,1,1,1.3831036316247491e-10,1.0,4.985694582876343e-12,4.477086756882187e-10
7425,2,2,0.0011006280547007918,2.54923270404106e-06,0.9988511800765991,4.568897566059604e-05
7426,3,0,0.7552892565727234,0.12282486259937286,0.035368651151657104,0.08651721477508545
7427,3,3,3.1439742542715976e-06,1.1216157957960604e-07,6.428983760997653e-05,0.9999324083328247
7428,1,1,3.861119424186654e-09,1.0,9.381611156336622e-13,1.200888520569432e-11
7429,3,3,6.875034887343645e-05,2.248527016490698e-05,0.006822824943810701,0.9930859804153442
7430,2,2,3.241518425056711e-05,2.1361368851557927e-07,0.9999140501022339,5.325525489752181e-05
7431,2,2,0.00020238407887518406,2.3897460010857685e-08,0.9996778964996338,0.0001197618548758328
7432,1,1,7.145807558117667e-06,0.9999923706054688,2.125747400327782e-08,4.739634107409074e-07
7433,1,1,8.5784343184514e-08,0.9999977350234985,1.614983489162114e-06,6.301224289018137e-07
7434,1,1,3.349887833792309e-07,0.9999995231628418,1.1726098136932706e-07,1.9437298437452455e-09
7435,1,1,5.6863656936911866e-05,0.9999165534973145,2.6341363991377875e-05,2.469079731781676e-07
7436,0,0,0.9998807907104492,1.392246485920623e-05,2.7778582989412826e-07,0.00010497713810764253
7437,3,3,0.04478989541530609,0.04980664327740669,0.002631186041980982,0.9027723073959351
7438,2,2,6.345820293063298e-05,1.7499344195925914e-08,0.999382734298706,0.0005537673714570701
7439,3,3,2.3121406229620334e-06,1.4338758091980708e-06,2.4764438421698287e-05,0.9999715089797974
7440,3,1,0.19326207041740417,0.7588869333267212,0.022980907931923866,0.02487008459866047
7441,2,2,0.017123429104685783,6.423242098207993e-07,0.982727587223053,0.00014838586503174156
7442,1,1,0.0024918329436331987,0.9964633584022522,0.0010386292124167085,6.224759999895468e-06
7443,0,0,1.0,1.1990456627586354e-08,4.457321622908239e-09,1.3048129687831533e-08
7444,2,2,3.409973214729689e-05,3.0934782557778817e-07,0.9596324563026428,0.040333133190870285
7445,1,1,2.6996103770215996e-05,0.9999517202377319,1.7620930520934053e-05,3.6659228044300107e-06
7446,2,0,0.7631528377532959,3.3664488086060373e-08,0.22772836685180664,0.009118725545704365
7447,1,1,6.234120064618764e-08,0.9999996423721313,2.518285100450157e-07,5.7348763959907956e-08
7448,2,2,0.00019019708270207047,6.630380511296607e-08,0.9822155237197876,0.017594248056411743
7449,2,2,0.00010802218457683921,0.003698895452544093,0.9954090714454651,0.0007840447942726314
7450,2,2,0.003999416250735521,8.467245061183348e-05,0.9955924153327942,0.0003235152689740062
7451,2,2,0.009443062357604504,9.849410389506374e-07,0.989772617816925,0.0007832366391085088
7452,2,2,1.6003072005332797e-06,1.6859645484146313e-06,0.9923438429832458,0.00765277910977602
7453,3,3,6.824754095191565e-09,4.478388326845106e-09,4.565719427773729e-05,0.999954342842102
7454,1,1,2.0379927434532874e-07,0.9999995231628418,8.333728374054772e-08,2.109613035372604e-07
7455,2,3,0.09591984748840332,1.527190579508897e-05,0.3118709325790405,0.5921940207481384
7456,3,3,5.0643541271711e-07,2.315894004345509e-11,0.3062913715839386,0.6937081217765808
7457,1,1,5.900973701500334e-05,0.9996426105499268,0.0002870735770557076,1.1355397873558104e-05
7458,0,0,0.9996829032897949,1.7397263718521572e-07,0.0002744887606240809,4.2447674786671996e-05
7459,0,0,0.7983285188674927,0.07583572715520859,0.12080441415309906,0.005031344015151262
7460,0,0,0.9993482232093811,7.171407924033701e-05,0.00046394404489547014,0.00011612170055741444
7461,3,3,0.001723418477922678,2.383378341619391e-05,0.02373381517827511,0.974518895149231
7462,2,2,0.001622286974452436,8.279866960947402e-06,0.9980728626251221,0.0002965823223348707
7463,2,2,0.00025602869573049247,5.797289304609876e-06,0.9716511964797974,0.02808702550828457
7464,2,2,0.035751163959503174,1.5247786677718977e-07,0.9624858498573303,0.0017627853667363524
7465,2,2,0.0020614871755242348,1.0224860488960985e-05,0.997714638710022,0.0002135771355824545
7466,3,3,1.587241240486037e-05,7.028594595226423e-09,0.004598707892000675,0.995385468006134
7467,0,0,0.8358984589576721,0.15512660145759583,0.007847948931157589,0.0011269315145909786
7468,2,2,3.320139967399882e-07,4.380683815696784e-09,0.9975199103355408,0.002479743445292115
7469,3,3,0.00019721200806088746,1.5311252710148437e-08,0.0009383204160258174,0.9988645315170288
7470,2,3,0.00010272190411342308,5.34522259787451e-10,0.007501718122512102,0.9923956394195557
7471,0,0,0.9528263807296753,0.04277146980166435,0.0016322139417752624,0.0027699859347194433
7472,3,3,3.366243390701129e-06,4.54996573751032e-09,1.0907137948379386e-05,0.9999856948852539
7473,0,0,0.9631523489952087,0.0050961850211024284,0.01914498209953308,0.012606530450284481
7474,0,0,0.9997376799583435,2.8009735615341924e-06,0.00022513775911647826,3.4337284887442365e-05
7475,1,1,0.00012965520727448165,0.9998656511306763,2.4351443244086113e-06,2.279533191540395e-06
7476,0,0,0.7159380316734314,6.398873210855527e-06,0.005223114043474197,0.27883243560791016
7477,0,0,0.9954735636711121,0.0031869173981249332,0.0006092346739023924,0.0007302871672436595
7478,3,3,4.52466520073358e-05,6.16949137111078e-07,0.0025534911546856165,0.9974006414413452
7479,1,1,2.0263658370822668e-05,0.9999533891677856,1.3894823496229947e-05,1.241419704456348e-05
7480,2,2,0.0018834398360922933,6.370838036673376e-06,0.9948594570159912,0.003250794718042016
7481,3,3,0.008351623080670834,4.6258071961347014e-05,0.00040664750849828124,0.991195559501648
7482,0,0,0.9999415874481201,3.5538402443080486e-08,2.8119828130002134e-05,3.024301076948177e-05
7483,0,0,0.9991106390953064,4.999662905902369e-07,8.285456715384498e-06,0.0008805468678474426
7484,1,1,0.0003306688740849495,0.9851146936416626,0.011280008591711521,0.003274722723290324
7485,3,3,3.8927904824959114e-05,1.2907800162054173e-08,1.6598896763753146e-05,0.9999444484710693
7486,1,1,5.812508807601091e-10,1.0,5.773775768602718e-08,4.783881024650327e-08
7487,1,1,8.96663641469786e-06,0.9997194409370422,0.00026794805307872593,3.5781151836999925e-06
7488,2,2,0.0005587410996668041,4.452830125956098e-06,0.9932625889778137,0.006174212787300348
7489,1,1,4.294139488436599e-10,1.0,4.915167717278734e-10,3.863597983211342e-11
7490,0,0,0.9977340698242188,0.00042162876343354583,0.0009217183687724173,0.0009225823450833559
7491,3,3,3.0276357847469626e-06,5.243842338131799e-08,6.96117858751677e-05,0.9999274015426636
7492,2,3,6.493346518254839e-06,2.5749101041583344e-05,0.0019388057989999652,0.9980289340019226
7493,3,3,3.7289353826963634e-07,2.2965088164461633e-11,6.681410013698041e-05,0.9999327659606934
7494,3,3,0.0007802603649906814,1.0130299870070303e-06,0.008138420060276985,0.9910802245140076
7495,0,0,0.9524486660957336,0.005466813687235117,0.033507101237773895,0.008577435277402401
7496,2,2,0.0017131833592429757,0.0016652254853397608,0.996066153049469,0.0005554566741921008
7497,3,3,2.471175548635074e-07,2.3001803239885987e-10,0.0005984207964502275,0.999401330947876
7498,3,3,0.001569457002915442,0.0016772331437096,0.00018587867089081556,0.9965673685073853
7499,3,3,0.0005453469348140061,1.8573736326743528e-07,0.0005909024039283395,0.9988635778427124
7500,1,1,6.9704656198155135e-06,0.9998592138290405,1.3028071407461539e-05,0.00012072190293110907
7501,2,2,0.0003056253772228956,8.754618079365173e-07,0.9985387325286865,0.0011547282338142395
7502,0,0,0.9999991655349731,1.4431364547817793e-07,3.5513699003786314e-07,3.890015420893178e-07
7503,2,2,2.969582419609651e-05,6.88639483996667e-05,0.8265566825866699,0.17334482073783875
7504,3,3,9.367571465190849e-07,4.072525143783423e-07,0.00038162508280947804,0.9996170997619629
7505,0,0,0.8718437552452087,0.0011702399933710694,0.04132244735956192,0.08566348999738693
7506,1,1,2.005262103921268e-06,0.9999790191650391,1.4286320038081612e-05,4.651803465094417e-06
7507,2,2,0.00010355023550800979,5.513800260814605e-07,0.999573290348053,0.00032260772422887385
7508,2,2,3.604826360970037e-06,6.403677252819762e-05,0.9997678399085999,0.00016452725685667247
7509,0,0,0.9997386336326599,5.480158051796025e-07,0.0001374799176119268,0.00012329156743362546
7510,0,0,0.8720766305923462,4.952218546350196e-07,8.15645125840092e-06,0.12791475653648376
7511,2,2,0.05330480635166168,0.00034280959516763687,0.945281982421875,0.001070337020792067
7512,0,0,0.9999880790710449,9.062419849215075e-06,7.445161145369639e-07,2.094580850098282e-06
7513,3,3,0.0013966397382318974,4.396324584376998e-07,0.00021284751710481942,0.9983900785446167
7514,3,3,0.00011674661072902381,1.3097657358684955e-07,0.00039787855348549783,0.9994852542877197
7515,2,2,0.25069674849510193,0.00021071646187920123,0.6763920187950134,0.07270044088363647
7516,0,0,0.9996368885040283,2.1739099338446977e-06,0.000271404191153124,8.95196499186568e-05
7517,1,1,8.772136084189697e-08,0.9999992847442627,1.2005237692847004e-07,5.206086370890262e-07
7518,3,3,5.2092027544858865e-06,2.316598329343833e-05,0.0003366981109138578,0.9996349811553955
7519,0,0,0.999971866607666,4.780193648912245e-06,2.781277544272598e-06,2.0637453417293727e-05
7520,3,3,0.00016757124103605747,7.227087621686223e-07,0.0015494584804400802,0.9982823133468628
7521,3,3,1.8908643824033788e-06,9.236219011832247e-10,4.115097544854507e-05,0.9999569654464722
7522,3,3,0.002524395938962698,7.716759569120768e-07,0.025026706978678703,0.9724481701850891
7523,2,2,0.00013672406203113496,3.866944098263048e-06,0.9997377991676331,0.0001216375021613203
7524,2,2,0.00036643457133322954,9.519915329292417e-05,0.9990002512931824,0.0005381567170843482
7525,1,1,0.0006868774071335793,0.9993002414703369,1.1544980225153267e-05,1.2726496834147838e-06
7526,0,0,0.9997085928916931,3.259194636484608e-05,0.00021516082051675767,4.3631192966131493e-05
7527,3,3,0.0003819078265223652,0.003668649587780237,0.12482747435569763,0.8711219429969788
7528,1,1,8.489059268868004e-07,0.9999991655349731,7.87268861213164e-11,3.251967028994329e-10
7529,0,0,0.999997615814209,6.591293413293897e-07,1.4174941043165745e-06,2.5019730287567654e-07
7530,2,2,0.02164141833782196,6.641123491135659e-06,0.9776778817176819,0.0006741294637322426
7531,1,1,0.0001512554445071146,0.999541163444519,1.4461372757068602e-06,0.00030609971145167947
7532,1,1,0.0002921488485299051,0.9996761083602905,3.074578125961125e-05,9.245658816325886e-07
7533,0,0,0.9999574422836304,2.5290776193287456e-06,8.606940355093684e-06,3.1386021873913705e-05
7534,0,0,0.9999240636825562,1.512286189608858e-07,7.049138366710395e-05,5.33884758624481e-06
7535,2,2,0.04942682757973671,2.100449455610942e-05,0.9484119415283203,0.002140272408723831
7536,0,0,0.694581151008606,0.03854944184422493,0.2597942650318146,0.007075129076838493
7537,2,2,3.305105201434344e-05,4.6275982867882703e-07,0.9998302459716797,0.00013622466940432787
7538,0,0,0.9839335083961487,0.0002236874570371583,0.015783434733748436,5.939264519838616e-05
7539,0,3,0.00019220184185542166,2.3377398861157417e-07,0.0011510580079630017,0.9986565113067627
7540,0,0,0.9916382431983948,0.005123199429363012,0.0018500392325222492,0.001388482516631484
7541,3,3,4.908423579763621e-05,0.0005565243191085756,0.0071674613282084465,0.9922269582748413
7542,3,3,6.238264177227393e-05,1.8093173821398523e-06,0.37941956520080566,0.6205162405967712
7543,2,2,0.045735884457826614,5.5018579587340355e-05,0.9531468152999878,0.0010622376576066017
7544,0,0,0.9999303817749023,1.6199434185182326e-06,4.547699518298032e-06,6.346700683934614e-05
7545,0,0,0.9965307116508484,1.0435027064659153e-08,0.0033362568356096745,0.00013300467981025577
7546,3,3,2.165026126021985e-05,1.1754398343555295e-08,0.0003285771526861936,0.9996497631072998
7547,2,2,1.674465465839603e-06,4.842410916694462e-09,0.9999979734420776,3.425799377509975e-07
7548,2,2,0.0008708761888556182,0.00015183801588136703,0.9987540245056152,0.00022326194448396564
7549,2,2,8.876857009454397e-07,3.1547160688205622e-06,0.9997430443763733,0.00025298597756773233
7550,1,1,0.0033182266633957624,0.9966212511062622,3.670576188596897e-05,2.3796677851350978e-05
7551,1,1,0.004758297465741634,0.9945244789123535,0.0006050577503629029,0.00011220278975088149
7552,0,0,0.9999984502792358,3.809226822859557e-10,6.228894733339985e-08,1.3998871963849524e-06
7553,2,2,0.0008373148157261312,9.866367722821678e-10,0.998909592628479,0.00025301866116933525
7554,2,2,0.000828359741717577,9.126406803261489e-05,0.998772919178009,0.0003074383712373674
7555,2,2,5.35784856765531e-05,1.1596710464800708e-05,0.9998712539672852,6.34547759545967e-05
7556,2,2,3.8063295505708084e-05,1.330368348817501e-07,0.9998444318771362,0.00011740510672098026
7557,2,2,0.01347314938902855,3.118177360761365e-08,0.9760788679122925,0.0104479705914855
7558,2,2,8.185318438336253e-05,5.248704155746964e-07,0.9988924860954285,0.0010251577477902174
7559,3,3,9.437625703867525e-05,0.00017231465608347207,0.0008571670041419566,0.99887615442276
7560,0,0,0.9999940395355225,7.348364050585587e-08,2.603512427867827e-07,5.596512892225292e-06
7561,2,3,2.6555979275144637e-05,1.3209244116296759e-06,0.037685826420784,0.9622862339019775
7562,1,1,6.516485129282046e-09,0.9999996423721313,2.1800968852403457e-07,1.0195130784040884e-07
7563,1,1,0.0005340684438124299,0.9987762570381165,0.0006322794943116605,5.7347780966665596e-05
7564,2,2,0.04830802232027054,9.060595402843319e-07,0.9515394568443298,0.0001516944612376392
7565,3,3,1.7330712580587715e-05,4.193384484096896e-08,4.128153886995278e-05,0.999941349029541
7566,3,3,5.9548390709096566e-05,0.00011203412577742711,0.09722067415714264,0.9026077389717102
7567,3,2,2.4778107672318583e-06,4.43749286205275e-06,0.5964512825012207,0.40354180335998535
7568,0,1,0.18462792038917542,0.814462423324585,1.0160346391785424e-05,0.0008994840900413692
7569,3,3,1.959006254992346e-07,5.957387903300637e-13,8.057077138801105e-06,0.999991774559021
7570,0,0,0.9999986886978149,1.0188472998606812e-07,1.102473788705538e-06,9.525400201937373e-08
7571,1,1,1.3794201549899299e-06,0.9999985694885254,2.085501632498321e-10,1.733016508076446e-09
7572,1,1,0.0013085628161206841,0.9986658096313477,2.0403140297275968e-05,5.288919510348933e-06
7573,3,3,3.3070018616854213e-06,5.616337617198042e-09,0.01853835955262184,0.9814583659172058
7574,3,3,0.04183332249522209,3.6548456137097673e-06,0.07939071208238602,0.8787723779678345
7575,1,1,6.959360199232378e-09,1.0,4.8943831210124245e-09,2.987225045103514e-08
7576,1,1,1.0588448162707209e-07,0.9999996423721313,2.404410963663395e-07,2.791635900223355e-08
7577,1,1,0.0013053232105448842,0.8215445876121521,0.17423319816589355,0.002916797762736678
7578,0,0,0.9999947547912598,4.0148773905457347e-07,3.646380037025665e-06,1.1009070703948964e-06
7579,2,2,0.0026086559519171715,0.0005220362800173461,0.9960881471633911,0.0007811833638697863
7580,1,1,1.0248702892567962e-05,0.999639630317688,8.704898391442839e-06,0.00034137722104787827
7581,2,3,4.599528983817436e-05,6.420489029324017e-08,0.36554986238479614,0.6344040632247925
7582,3,3,1.0254348126181867e-05,2.6399716261948925e-06,0.0008856255444698036,0.9991015195846558
7583,1,1,0.0001441227359464392,0.999854564666748,1.3389435480348766e-06,3.1343596162969334e-08
7584,1,1,3.911766725650523e-06,0.9999957084655762,2.0488160146214796e-07,1.2974844310065237e-07
7585,0,2,0.0005162524757906795,3.6283637427914073e-07,0.9483238458633423,0.051159486174583435
7586,1,1,2.26391994040398e-09,1.0,1.610757860426304e-09,5.43854294932089e-09
7587,3,3,0.0009264911059290171,1.2923753622828826e-08,9.994905667554121e-07,0.9990724325180054
7588,3,3,0.00012109713134123012,4.2906375341544845e-08,0.052415650337934494,0.94746333360672
7589,1,0,0.5025225877761841,0.15762582421302795,0.331764280796051,0.008087298832833767
7590,1,1,4.6286866563605145e-05,0.9998642206192017,1.4446255590883084e-05,7.497597835026681e-05
7591,0,0,0.9999990463256836,4.0405201406912283e-10,1.2204840471596867e-09,9.030041496771446e-07
7592,0,0,0.9995005130767822,0.0002192565443692729,0.000181707160663791,9.850130300037563e-05
7593,1,1,0.0003893010725732893,0.9994342923164368,3.6012515920447186e-05,0.00014032050967216492
7594,0,0,0.9998745918273926,1.169052410432414e-07,7.424485374940559e-05,5.1033297495450824e-05
7595,0,0,0.9759610891342163,5.75823241888429e-06,0.00015540314780082554,0.02387775294482708
7596,1,1,0.00020175089593976736,0.9996457099914551,3.142870627925731e-05,0.00012103420158382505
7597,1,1,0.0018241152865812182,0.9900340437889099,0.007719188462942839,0.0004226751916576177
7598,2,2,0.003848377149552107,0.0009864282328635454,0.9776347875595093,0.017530374228954315
7599,2,2,0.0009670035215094686,4.376691322249826e-06,0.7951650619506836,0.20386356115341187
