index,true_label,pred_label,prob_0,prob_1,prob_2,prob_3
0,2,2,0.036891207098960876,5.6740067520877346e-05,0.931864321231842,0.03118782676756382
1,3,3,1.5328724884966505e-06,7.880590402464804e-08,1.0294276762579102e-05,0.9999880790710449
2,3,3,0.0008568786433897913,6.13736774539575e-05,0.0007620098767802119,0.998319685459137
3,3,1,0.014152524061501026,0.9123485684394836,0.004514398984611034,0.06898455321788788
4,3,3,0.0046404702588915825,5.827451605000533e-05,0.0020215106196701527,0.993279755115509
5,3,3,0.0015822392888367176,0.00010432631825096905,0.004322663880884647,0.9939908385276794
6,3,3,1.2539549970824737e-05,1.828084905675098e-09,1.0258404472551774e-05,0.9999772310256958
7,3,3,0.0004327246861066669,2.442891400278313e-07,0.0021622362546622753,0.9974047541618347
8,3,3,0.4411238133907318,1.9140305084874853e-05,0.021337633952498436,0.5375193953514099
9,3,2,0.014496485702693462,0.0022862651385366917,0.9097270965576172,0.07349018007516861
10,3,3,3.307375300209969e-05,3.730329467543925e-08,0.0076931496150791645,0.99227374792099
11,3,3,6.72287683300965e-07,3.3524166775933395e-10,0.00047582064871676266,0.9995235204696655
12,3,3,1.6443507774965838e-05,2.4254814823265747e-10,0.02385134994983673,0.9761322140693665
13,3,3,0.10565711557865143,0.0003790196788031608,0.03689875081181526,0.8570650219917297
14,3,3,0.01868758723139763,2.393213435425423e-05,0.000933316012378782,0.9803551435470581
15,3,3,0.004809075966477394,0.037876129150390625,0.2817045748233795,0.6756101846694946
16,3,3,0.00275076599791646,1.801767979259239e-08,0.001139711239375174,0.9961095452308655
17,3,3,0.00023340925690717995,2.202103610571271e-09,0.00011703157360898331,0.9996495246887207
18,3,3,0.005880208685994148,0.000129544161609374,0.0024573574773967266,0.9915328621864319
19,3,3,8.308657561428845e-05,6.44384314796298e-08,0.06662370264530182,0.9332930445671082
20,3,2,0.005603734869509935,0.0003116221632808447,0.9879575371742249,0.006127029657363892
21,3,3,0.0005840723752044141,1.5586829249514267e-07,0.0040047974325716496,0.9954109787940979
22,3,3,1.33415267100645e-06,1.1071389963035472e-05,2.206422868766822e-05,0.9999655485153198
23,3,3,0.02099965699017048,0.00013144263357389718,0.2977690100669861,0.6810998320579529
24,3,3,0.1025434285402298,4.536241613095626e-05,0.26194998621940613,0.6354612112045288
25,3,3,6.734939233865589e-05,8.027609132987834e-11,7.108563295332715e-05,0.9998615980148315
26,1,1,0.01671767793595791,0.9798224568367004,0.0025926039088517427,0.0008672822150401771
27,1,1,0.00404776819050312,0.9936819076538086,0.0002799449139274657,0.001990369986742735
28,1,1,0.03628592565655708,0.7745208740234375,0.13159261643886566,0.057600606232881546
29,1,1,0.001460936269722879,0.9984464049339294,1.703952148091048e-05,7.571413152618334e-05
30,1,1,0.010477177798748016,0.9850393533706665,0.003806539112702012,0.0006769239553250372
31,1,1,0.002643886487931013,0.9968823194503784,4.599180101649836e-05,0.00042782016680575907
32,0,0,0.9999986886978149,4.886588271801884e-07,3.522696374602674e-07,4.148214145516249e-07
33,0,1,0.08727781474590302,0.8710232377052307,0.00011673387052724138,0.04158223047852516
34,0,0,0.9999868869781494,2.984948821449507e-07,2.6201737455266993e-06,1.021292609948432e-05
35,0,0,0.9343352913856506,0.0006593675352632999,0.003190431045368314,0.06181498244404793
36,0,0,0.5979835987091064,7.328596984734759e-05,0.3770851194858551,0.024858010932803154
37,0,0,0.9235562682151794,0.0014020326780155301,0.0006442547310143709,0.07439740002155304
38,0,0,0.999948263168335,8.946827279032732e-08,9.72726229520049e-06,4.1903735109372064e-05
39,0,0,0.9999983310699463,3.6463992936219825e-10,8.32498585623398e-07,7.926926173240645e-07
40,1,1,8.691326002008282e-06,0.9999912977218628,1.2125976667221039e-08,4.795999331008716e-08
41,2,2,0.007878758013248444,6.195688797561161e-07,0.8418660163879395,0.15025468170642853
42,0,0,0.9978083968162537,0.0004751600499730557,1.168086237157695e-05,0.0017048281151801348
43,3,3,0.00012999081809539348,4.682792109633738e-08,0.002739368937909603,0.9971306920051575
44,1,1,0.000684877042658627,0.999311089515686,2.0621277485588507e-07,3.796113787757349e-06
45,1,1,0.0001461402716813609,0.9998534917831421,9.495733976905285e-09,3.751835606635723e-07
46,0,0,0.9846855401992798,0.0021885924506932497,0.0088168540969491,0.004309068433940411
47,3,2,0.0011408445425331593,4.717902584161493e-07,0.7492362856864929,0.24962247908115387
48,0,0,0.9936668276786804,1.767486537573859e-05,0.003186563728377223,0.003128906711935997
49,1,1,0.0035781683400273323,0.9963306784629822,7.00191012583673e-05,2.119168857461773e-05
50,0,0,0.9941153526306152,1.6161484950316662e-07,0.0021820557303726673,0.003702332265675068
51,1,1,2.3011425582808442e-06,0.9999966621398926,1.0328789130653604e-06,7.164612902954559e-09
52,0,0,0.999950647354126,1.4837175399406988e-07,1.0347464922233485e-05,3.8859965570736676e-05
53,3,3,3.7367819459177554e-05,7.589260349050164e-07,0.0008603348396718502,0.9991016387939453
54,2,2,0.013619373552501202,8.699335580786283e-07,0.9863395690917969,4.0210728911915794e-05
55,3,3,0.0701092854142189,0.09419478476047516,0.1291251927614212,0.7065707445144653
56,0,0,0.7724268436431885,7.212567254555324e-08,0.1212707981467247,0.10630228370428085
57,0,0,1.0,8.774127800183218e-13,1.9296080011610428e-10,1.8047684458011304e-09
58,2,2,2.953861257992685e-05,9.835046057560248e-07,0.9999659061431885,3.557782520147157e-06
59,2,2,0.001275230897590518,8.711559530638624e-06,0.9970442652702332,0.0016717965481802821
60,1,1,1.3093523421048303e-06,0.9999986886978149,1.475735089684349e-09,1.6468603147856697e-09
61,1,1,0.0014504449209198356,0.9985413551330566,6.702146492898464e-06,1.5076831232363475e-06
62,1,1,7.111578452168033e-05,0.9999271631240845,1.4642090206962166e-07,1.5769197716508643e-06
63,3,3,0.0005252158734947443,9.87410094239749e-05,0.015119056217372417,0.9842569231987
64,0,0,0.9997585415840149,1.9975494591761844e-09,2.5654235287220217e-05,0.0002158281859010458
65,3,3,8.128042827593163e-05,3.7524111462516885e-07,0.019472260028123856,0.9804461598396301
66,0,0,0.9999164342880249,7.060164648464706e-07,2.769709135463927e-05,5.525613232748583e-05
67,0,0,0.9977068901062012,0.0009364051511511207,0.0003543968196026981,0.0010022313799709082
68,1,1,1.6031051472964464e-06,0.9999949932098389,9.300836545378388e-09,3.3840776723081945e-06
69,0,0,0.999991774559021,1.7232705431524664e-06,1.982794088917217e-07,6.204593773873057e-06
70,3,3,5.454278095839982e-08,1.466827007079452e-11,9.064424375537783e-05,0.9999092817306519
71,3,3,6.472826498793438e-05,2.049850422736199e-07,0.0007732529775239527,0.9991618394851685
72,3,3,2.8167751224827953e-05,4.1726932977326214e-05,4.4166802126710536e-07,0.999929666519165
73,0,0,0.9995487332344055,3.210095940175961e-07,0.0002481358824297786,0.00020286381186451763
74,3,3,0.0020272887777537107,3.5025500721985736e-08,8.086400339379907e-05,0.9978918433189392
75,1,1,0.0010248704347759485,0.9989672899246216,4.5044994294585194e-06,3.276539928265265e-06
76,0,0,0.9997552037239075,5.6863829200892724e-08,9.720070011098869e-06,0.00023495244386140257
77,1,1,0.006287130061537027,0.992588996887207,0.00048468896420672536,0.0006391542847268283
78,0,0,0.9999876022338867,2.0572321091094636e-07,4.831928436033195e-06,7.255548553075641e-06
79,0,1,0.06660015881061554,0.9291151165962219,0.0008691332186572254,0.0034155957400798798
80,0,0,0.9915137887001038,2.0755335228272997e-08,0.0034753642976284027,0.005010838620364666
81,1,1,0.0027149415109306574,0.9966052770614624,0.0003651209408417344,0.00031469151144847274
82,2,2,0.38203728199005127,5.065602817921899e-05,0.6076852083206177,0.01022686343640089
83,2,3,9.721509559312835e-05,3.322862767163315e-07,0.00616572517901659,0.993736743927002
84,0,0,0.8010966777801514,0.0002395177580183372,0.1517639309167862,0.04689978435635567
85,0,0,0.9999831914901733,8.97139168509753e-11,6.7151145231036935e-06,1.0091210242535453e-05
86,2,2,0.17590463161468506,0.0018919325666502118,0.7618954181671143,0.060308001935482025
87,0,0,0.993850827217102,0.00575629947707057,1.0211202607024461e-05,0.00038262552698142827
88,0,0,0.9957513809204102,0.004232358653098345,4.302167781133903e-06,1.1955859918089118e-05
89,3,3,9.710121230455115e-05,2.0353810725737276e-07,0.020083043724298477,0.9798195958137512
90,0,0,0.9999761581420898,2.94905415643143e-08,1.3177641449146904e-05,1.0600019777484704e-05
91,2,2,0.00016726825560908765,2.0598356513801264e-06,0.9291016459465027,0.07072898000478745
92,3,3,0.00023964809952303767,4.6504180772899417e-07,0.01213094312697649,0.9876289367675781
93,2,2,2.0255351955711376e-06,1.617186029534423e-08,0.9999616146087646,3.6317200283519924e-05
94,1,1,0.001434969250112772,0.9985052347183228,1.4281818039307836e-05,4.5591939851874486e-05
95,1,1,8.249842586849354e-09,0.9999996423721313,1.7526294016079191e-07,1.4955746507894219e-07
96,1,1,9.394304925081087e-07,0.9999986886978149,1.1464060634125417e-07,2.7316360728946165e-07
97,2,2,1.4548865692631807e-05,2.2514408115625884e-09,0.9999829530715942,2.4543230665585725e-06
98,0,0,0.9999960660934448,3.619771860030596e-08,1.7432073491363553e-06,2.1610521798720583e-06
99,2,2,0.0001202127241413109,1.5835733790936501e-07,0.999656081199646,0.0002234944695373997
100,1,1,0.15269039571285248,0.8470839262008667,0.00010254623339278623,0.0001230805937666446
101,2,2,8.553374937037006e-05,5.045615125709446e-07,0.9995018243789673,0.0004120747616980225
102,3,3,0.01948896050453186,1.106220679503167e-06,0.14951273798942566,0.8309972286224365
103,2,1,0.0028316618409007788,0.7306202054023743,0.2421504259109497,0.024397701025009155
104,0,0,0.9957572817802429,0.0023444220423698425,0.001482581254094839,0.0004156255454290658
105,1,1,4.7926423576427624e-05,0.9999514818191528,9.417267676781194e-08,4.6486931637446105e-07
106,0,0,0.9908792972564697,2.4781606100532372e-08,0.009117010049521923,3.605589199651149e-06
107,1,1,0.25983136892318726,0.7394405007362366,0.0002895815996453166,0.00043857257696799934
108,0,0,0.9999920129776001,2.2117487008532777e-10,2.6705868094722973e-06,5.41492909178487e-06
109,3,3,0.16804571449756622,0.0008694821735844016,0.0331113263964653,0.7979735136032104
110,2,3,3.270498837082414e-06,2.0643080578253148e-09,0.004076244775205851,0.9959204196929932
111,3,3,0.0012422717409208417,7.781721933497465e-07,0.19934390485286713,0.7994131445884705
112,3,3,3.11792014429102e-08,3.830826766915152e-10,0.00013407168444246054,0.9998658895492554
113,3,3,0.006362102460116148,4.578238677055424e-09,0.00018660920613911003,0.9934512376785278
114,3,3,2.2002902824169723e-06,1.4007472959320921e-09,5.024356255489693e-07,0.9999972581863403
115,1,1,4.784287739312276e-05,0.9997612833976746,8.340684871654958e-05,0.00010746993939392269
116,3,3,2.7955029509030282e-05,7.301322511921171e-06,0.024135764688253403,0.9758289456367493
117,3,3,6.755043432349339e-05,0.00013934800517745316,0.011857908219099045,0.9879351854324341
118,2,2,0.0027788477018475533,1.1901122434210265e-06,0.9955195188522339,0.0017004250548779964
119,1,1,8.52395169204101e-06,0.9999140501022339,3.376694075996056e-05,4.3582305806921795e-05
120,0,2,0.005887480452656746,0.0013147685676813126,0.9874166250228882,0.005381077527999878
121,1,1,0.005225061438977718,0.9901250600814819,0.0005546764587052166,0.004095091018825769
122,3,3,0.00015317293582484126,0.0008718742174096406,0.00030613254057243466,0.9986687898635864
123,0,0,0.729512095451355,0.0015765291173011065,0.015351136215031147,0.25356021523475647
124,3,3,8.00277291546081e-07,5.16882425749543e-10,9.489391959505156e-05,0.9999042749404907
125,2,0,0.7423300743103027,0.0006836053216829896,0.20433922111988068,0.052647076547145844
126,1,1,0.007776943035423756,0.9921457171440125,3.580946577130817e-05,4.147554136579856e-05
127,1,1,1.6755526303313673e-05,0.9999121427536011,3.6832796467933804e-05,3.4208991564810276e-05
128,1,1,0.00012853278894908726,0.9998695850372314,6.838013746346405e-07,1.1493159490783e-06
129,0,0,0.9999464750289917,1.9879187675542198e-05,2.915493314503692e-05,4.476911726669641e-06
130,0,0,0.9985848665237427,1.9785302356467582e-05,0.00032905579428188503,0.0010663783177733421
131,0,0,0.999717652797699,3.606209375561775e-08,1.4572733562090434e-05,0.00026779863401316106
132,1,1,3.431596724112751e-06,0.9999727010726929,2.2764652385376394e-05,1.0824919627339114e-06
133,0,0,0.8659071326255798,0.001289773965254426,0.003242998383939266,0.12956006824970245
134,1,1,0.0008791247964836657,0.9990479350090027,2.127454621358993e-07,7.274940435308963e-05
135,1,1,0.005279365926980972,0.9946547746658325,2.2881486074766144e-05,4.301725857658312e-05
136,0,1,0.39121168851852417,0.531583845615387,0.0017722932389006019,0.07543212920427322
137,1,1,0.0003126281953882426,0.9996868371963501,1.7399719354216359e-07,3.8987076322882785e-07
138,1,1,0.01857770048081875,0.9812573194503784,2.7879230401595123e-05,0.00013708956248592585
139,0,0,0.7907528877258301,0.0003138543397653848,0.20779390633106232,0.0011393472086638212
140,1,1,0.0004699848941527307,0.9995193481445312,9.21926755381719e-07,9.76078172243433e-06
141,0,0,0.990827739238739,2.7818740022667043e-07,0.003198700724169612,0.005973275750875473
142,1,1,3.4424698242219165e-05,0.9999551773071289,7.21184642316075e-06,3.266460680606542e-06
143,0,0,0.9734081029891968,1.638400931369688e-06,0.025942709296941757,0.0006476183771155775
144,0,0,0.9890382289886475,0.0004605518188327551,0.00010736715921666473,0.01039380207657814
145,0,0,0.9999200105667114,1.1589664836719749e-06,2.8984084565308876e-05,4.9898892029887065e-05
146,1,1,0.04170311614871025,0.95378577709198,0.002401149831712246,0.002109902910888195
147,2,2,0.00560881057754159,2.898558022934594e-06,0.993438184261322,0.0009501386666670442
148,1,1,0.06746935099363327,0.9319139719009399,2.2015276044839993e-05,0.0005947120953351259
149,1,1,0.0015228644479066133,0.9984756112098694,1.599887298198155e-07,1.3665526239492465e-06
150,1,1,0.00019574300677049905,0.9997966885566711,3.4132031032640953e-06,4.225948487146525e-06
151,0,0,0.9919366836547852,9.174184378935024e-05,0.0011242976179346442,0.006847237702459097
152,1,1,0.001844884129241109,0.9979463219642639,3.5950361052528024e-05,0.0001729134382912889
153,0,0,0.9998095631599426,8.436192855398872e-10,1.078393506759312e-05,0.00017975078662857413
154,0,2,0.16619977355003357,1.2987514175222259e-08,0.5463619828224182,0.2874382734298706
155,0,2,0.175923690199852,0.00021552140242420137,0.46548697352409363,0.3583737909793854
156,2,2,0.05818728730082512,4.4067843418815755e-07,0.9417598247528076,5.24308234162163e-05
157,1,1,8.601523404649924e-06,0.9999886751174927,2.3286645500775194e-06,3.799928549597098e-07
158,1,1,7.032460416667163e-05,0.9999271631240845,1.3164780057195458e-06,1.2386157095534145e-06
159,0,0,0.9999845027923584,3.505783752189018e-06,2.521357828300097e-06,9.429999408894219e-06
160,1,1,0.01999684050679207,0.9780511856079102,0.001683755312114954,0.00026829299167729914
161,2,2,0.0002514085790608078,4.77395345477305e-10,0.9976975321769714,0.002051022369414568
162,3,3,7.961942174006253e-05,3.2457779752803617e-07,0.03300224989652634,0.9669177532196045
163,0,0,0.9999861717224121,1.789508274896434e-08,1.2557912668853533e-05,1.2430887181835715e-06
164,0,0,0.9928533434867859,0.00018857257964555174,0.005557088181376457,0.0014009763253852725
165,2,2,0.002298653358593583,3.821956488536671e-05,0.8478161096572876,0.14984698593616486
166,2,2,1.9056846213061363e-05,2.0359484764753688e-08,0.9999711513519287,9.760249668033794e-06
167,2,2,2.535716930651688e-06,5.514234544534702e-06,0.9934815168380737,0.0065104663372039795
168,1,1,0.4558185040950775,0.5428214073181152,4.241226633894257e-05,0.001317703165113926
169,0,0,0.9999736547470093,1.3474560489612486e-07,1.9839167180180084e-06,2.4141640096786432e-05
170,3,3,0.00767377158626914,0.0027989333029836416,0.008589143864810467,0.980938196182251
171,3,3,0.004202505573630333,0.007246066350489855,0.012743351049721241,0.9758081436157227
172,2,3,0.0015683603705838323,2.5464162263233447e-06,0.19007785618305206,0.8083512783050537
173,3,3,0.0047483970411121845,0.0047128829173743725,0.1325775682926178,0.8579610586166382
174,0,0,0.9994878768920898,2.589376606465521e-07,0.00019725436868611723,0.00031447416404262185
175,0,0,0.9999604225158691,1.6075383655334008e-06,1.40716274472652e-05,2.391246016486548e-05
176,3,3,4.23469755332917e-05,5.504813316292712e-07,0.08511845767498016,0.9148387312889099
177,1,1,0.007901827804744244,0.9915669560432434,5.186238558962941e-05,0.00047935123438946903
178,3,3,0.0006182389333844185,0.012240530923008919,0.4574308693408966,0.5297102928161621
179,1,1,1.385339203352487e-07,0.9999998807907104,1.165104279721163e-08,1.2494191459211379e-08
180,2,2,2.8063568606739864e-05,1.8752523089915485e-07,0.9999654293060303,6.3161728576233145e-06
181,1,1,1.706189323158469e-05,0.9993864297866821,0.00013146411220077425,0.00046494335401803255
182,1,1,3.625978877153102e-07,0.9999990463256836,1.4448052354509855e-07,5.216875251790043e-07
183,3,2,0.00391335878521204,0.00011218377039767802,0.8200326561927795,0.17594173550605774
184,2,2,0.06387300789356232,0.000369440094800666,0.929790198802948,0.005967353004962206
185,0,0,0.9966613054275513,5.490952048603503e-07,0.0033151747193187475,2.2923730284674093e-05
186,3,3,7.101048686308786e-05,4.1194712707692815e-07,0.0020560561679303646,0.9978725910186768
187,0,0,0.9858406782150269,0.0010864074574783444,0.0006641322979703546,0.012408790178596973
188,1,1,0.1483132541179657,0.436236172914505,0.25152522325515747,0.16392533481121063
189,3,3,0.0013353056274354458,2.8216393275215523e-06,0.04716949164867401,0.9514923691749573
190,3,3,0.00014983059372752905,6.422377740733509e-09,0.0006907503702677786,0.9991594552993774
191,0,0,0.9999904632568359,2.64180499698341e-07,2.7170581233804114e-06,6.49577350486652e-06
192,0,0,0.9999939203262329,2.1727270590327086e-12,6.132054295449052e-07,5.517902081919601e-06
193,0,0,0.9999939203262329,1.8720874095379259e-07,4.989094122720417e-06,8.580638564126275e-07
194,2,2,1.653189792705234e-05,9.355689833956404e-11,0.9999825954437256,8.235779773713148e-07
195,2,2,0.10679645836353302,0.0001385503710480407,0.857496440410614,0.03556852042675018
196,0,0,0.9458221197128296,2.417177711322438e-07,0.05406109616160393,0.00011655298294499516
197,1,1,6.75256596878171e-05,0.9999290704727173,7.136667932172713e-07,2.712999730647425e-06
198,2,2,1.7090986148105003e-05,1.855007814022258e-10,0.9999817609786987,1.1661071539492696e-06
199,1,1,4.334568757258239e-07,0.9999995231628418,2.2523760634385326e-09,2.622857930845157e-09
200,3,3,0.08112142235040665,4.376152446639026e-06,0.07098648697137833,0.8478877544403076
201,3,3,9.280170161218848e-06,1.6857841789175154e-09,0.0027415750082582235,0.997249186038971
202,3,3,0.012781134806573391,4.4045293634553673e-07,0.0006527293007820845,0.9865656495094299
203,0,0,1.0,7.306639737691967e-10,3.274860560509296e-08,1.970766838610416e-08
204,1,1,5.903929832129506e-06,0.9999940395355225,1.8127892520425348e-09,1.625929435533635e-08
205,1,1,0.00044091965537518263,0.9995394945144653,1.3320595826371573e-05,6.313602625596104e-06
206,1,1,0.060179051011800766,0.9302552342414856,0.008368213661015034,0.0011975456727668643
207,3,2,0.00013473561557475477,1.905288991110865e-05,0.9180507659912109,0.08179547637701035
208,1,1,0.023655295372009277,0.9751232266426086,0.0011747347889468074,4.6728771849302575e-05
209,3,3,0.0022011969704180956,1.1218563486181665e-05,0.059455323964357376,0.9383322596549988
210,1,1,4.78821402793983e-06,0.9999927282333374,7.928363174869446e-07,1.7193439134643995e-06
211,0,0,0.9546418786048889,0.00014879267837386578,0.03743329644203186,0.007775997277349234
212,1,1,0.0007076372858136892,0.9987931251525879,3.875341917591868e-06,0.0004953283350914717
213,1,1,0.0046982537023723125,0.9950538873672485,3.256523996242322e-05,0.00021531115635298193
214,1,1,0.0006499144365079701,0.9992793202400208,6.330789619823918e-05,7.498447303078137e-06
215,3,1,0.03897153213620186,0.6181774139404297,0.29038938879966736,0.05246172100305557
216,2,2,5.803931799164275e-06,4.000891173916443e-09,0.9999784231185913,1.57737285917392e-05
217,2,2,0.00816496554762125,1.3177792425267398e-05,0.9873839616775513,0.004437875002622604
218,3,3,0.00032263173488900065,0.00018507579807192087,0.06560981273651123,0.933882474899292
219,1,1,6.100869086367311e-06,0.999993085861206,2.502986795605011e-08,8.753274869377492e-07
220,1,1,5.2605253586079925e-05,0.9999464750289917,8.36405547488539e-07,1.342901185807932e-07
221,0,0,0.9999810457229614,6.070508788980078e-07,1.5275316400220618e-05,3.115930894637131e-06
222,2,2,0.14184655249118805,0.031068341806530952,0.44241926074028015,0.3846658766269684
223,1,1,0.011333655565977097,0.987664520740509,0.0009807809256017208,2.111610592692159e-05
224,2,2,9.879319804895204e-06,1.1945816424940858e-07,0.9999879598617554,1.9985845938208513e-06
225,2,2,0.012845505028963089,0.00021716227638535202,0.9833359718322754,0.0036013415083289146
226,0,0,0.9975090026855469,7.45836359783425e-06,0.00012310825695749372,0.002360495738685131
227,1,1,9.308425887866179e-07,0.999998927116394,7.05057923156005e-09,1.0578850151432562e-07
228,2,2,0.00016490474808961153,9.573676834406797e-06,0.9973490238189697,0.002476457040756941
229,0,0,0.9988242983818054,1.0622607078403234e-06,0.0008399248472414911,0.0003347335150465369
230,1,1,0.00028062539058737457,0.9996756315231323,4.2182884499197826e-05,1.5185771644610213e-06
231,1,1,0.00016858588787727058,0.9998296499252319,1.2479383713071002e-06,4.7369019284815295e-07
232,2,2,0.06222732737660408,3.3809612887125695e-07,0.9326779246330261,0.005094402469694614
233,3,3,1.194397214021592e-06,2.3809613480807457e-07,0.0006611524731852114,0.999337375164032
234,2,2,0.02483457513153553,0.001861862256191671,0.5385470986366272,0.43475645780563354
235,1,1,9.7042546258308e-05,0.999893307685852,3.6481068832472374e-08,9.650546417105943e-06
236,2,2,0.017740799114108086,5.0564307457534596e-05,0.9722518920898438,0.009956697933375835
237,1,1,0.001128509291447699,0.9978145360946655,3.514804848236963e-05,0.0010218028910458088
238,0,0,0.9999929666519165,1.8390314835414756e-06,6.982786544540431e-07,4.497356712818146e-06
239,2,2,0.0004120476951356977,1.3117726211930858e-06,0.997199296951294,0.0023873387835919857
240,3,2,0.00017119492986239493,1.8245609467726354e-09,0.8035277724266052,0.19630104303359985
241,1,0,0.9519113302230835,0.036839064210653305,0.01057401392608881,0.0006756537477485836
242,1,1,0.0001199621256091632,0.9998799562454224,3.896618494536597e-08,6.448718892215766e-09
243,3,3,8.207783253055823e-07,2.8920518757580282e-11,0.0007882896461524069,0.9992108345031738
244,2,2,0.0007140982197597623,6.324933110590791e-07,0.9990369081497192,0.00024839205434545875
245,2,2,0.12699994444847107,0.0004209180478937924,0.861254096031189,0.011325041763484478
246,3,3,5.678681645804318e-06,2.137951560143847e-05,0.00635440181940794,0.9936186075210571
247,3,3,0.0010040301131084561,3.1380877771880478e-06,0.0044349259696900845,0.9945579767227173
248,3,2,0.004855755250900984,3.933251355192624e-05,0.9875170588493347,0.007587844971567392
249,0,0,0.9998303651809692,1.1785811011577607e-06,0.0001436812017345801,2.4804929125821218e-05
250,2,2,0.021673884242773056,0.005007100757211447,0.9688170552253723,0.004501900169998407
251,0,0,0.9998985528945923,4.0511971555190485e-09,3.978878339694347e-06,9.751052130013704e-05
252,1,1,0.34639573097229004,0.5048078894615173,0.027339208871126175,0.12145715206861496
253,2,2,0.09877633303403854,8.209455870655802e-08,0.9011610150337219,6.25606335233897e-05
254,2,2,3.531887341523543e-05,6.027675425457346e-08,0.9999368190765381,2.7780111850006506e-05
255,3,3,0.04115382954478264,1.4609095160267316e-05,0.00449666241183877,0.9543349742889404
256,2,2,2.0733889414259465e-06,1.5095701355605229e-09,0.9999947547912598,3.1721533559903037e-06
257,3,3,2.2406888092518784e-05,1.9060153135797009e-06,0.002908436581492424,0.9970672726631165
258,3,2,0.1444541960954666,1.4581007235392462e-05,0.5663249492645264,0.28920623660087585
259,3,3,0.0003737233637366444,1.1536651072674431e-05,0.0010258915135636926,0.9985888600349426
260,1,1,1.2260688890819438e-06,0.9999986886978149,1.0441392106486092e-07,4.0110140986371334e-08
261,0,0,0.9989662170410156,2.79961545857077e-06,1.8195454686065204e-05,0.0010128171415999532
262,3,2,0.0012246037367731333,4.424036319505831e-07,0.7504190802574158,0.2483559101819992
263,3,3,0.010685889050364494,9.368385508423671e-05,0.1565023809671402,0.832718014717102
264,3,3,0.2849214971065521,0.008359735831618309,0.060547661036252975,0.6461711525917053
265,3,3,0.01705147512257099,2.880518195524928e-06,4.370602982817218e-05,0.982901930809021
266,1,1,3.064932343477267e-06,0.9999953508377075,9.583062876572512e-08,1.40471195209102e-06
267,3,3,0.00013902077625971287,9.733986416904372e-07,0.169619619846344,0.8302404284477234
268,1,1,2.349203896301333e-05,0.9999759197235107,4.6615571136499057e-07,7.223993492289082e-08
269,1,1,0.020146947354078293,0.9780358076095581,1.1205616829101928e-05,0.0018060613656416535
270,1,1,8.111366332741454e-05,0.9997678399085999,3.021310703843483e-07,0.0001507600100012496
271,0,0,0.9998225569725037,9.940376003214624e-06,1.958884058694821e-05,0.00014802128134761006
272,2,3,0.004034015350043774,0.0003977811138611287,0.16385313868522644,0.8317150473594666
273,3,3,0.005719347856938839,1.2189138942630962e-06,0.000878579739946872,0.9934008717536926
274,1,0,0.8299993276596069,0.09440135955810547,0.014112880453467369,0.0614863857626915
275,3,3,0.00037352234357967973,8.778964911471121e-06,2.837133024513605e-06,0.9996148347854614
276,3,3,3.591231507016346e-05,7.491710221074754e-07,5.284474582367693e-07,0.9999628067016602
277,1,1,8.654976227262523e-06,0.9999897480010986,2.0586219395823946e-09,1.5028093685032218e-06
278,2,0,0.8583571910858154,4.71411397029442e-07,0.14160017669200897,4.217234527459368e-05
279,3,3,0.0003219982609152794,1.8947081059650372e-07,0.12262295931577682,0.8770548105239868
280,2,2,0.0006233029416762292,0.0006287992582656443,0.9625691175460815,0.03617878630757332
281,1,1,0.00018243624072056264,0.9998064637184143,2.8557712994370377e-06,8.279848771053366e-06
282,1,1,9.08556321519427e-05,0.9999088048934937,2.3475567445530032e-07,1.731954171191319e-07
283,3,3,0.0007629884057678282,1.0379203558841255e-06,0.00031945330556482077,0.998916506767273
284,1,1,0.0017975118244066834,0.9871190786361694,0.005744335241615772,0.005339080933481455
285,0,0,0.9999957084655762,6.928525895372184e-12,9.564263336869772e-07,3.3282963158853818e-06
286,0,0,0.5918189287185669,0.0004476550384424627,0.4024864733219147,0.005246943794190884
287,2,2,0.0002809245197568089,9.856243559625e-05,0.9873800277709961,0.012240451760590076
288,2,2,0.20022685825824738,1.5751288628962357e-06,0.7989434003829956,0.0008281742339022458
289,1,1,3.459734671196202e-06,0.9999964237213135,4.991710156332374e-08,5.984901463307324e-08
290,1,1,0.006011839024722576,0.9938299059867859,5.771968062617816e-05,0.0001005425801849924
291,3,3,0.028974443674087524,0.01528296060860157,0.10027235001325607,0.8554702401161194
292,3,3,0.0008967912872321904,3.154594878651551e-07,0.003877991810441017,0.9952248334884644
293,3,3,0.09003349393606186,1.1429726782807847e-06,0.00409127539023757,0.9058740139007568
294,1,1,2.7803715056506917e-05,0.9997084736824036,0.0002317863836651668,3.197960904799402e-05
295,0,2,0.00102426134981215,0.008484847843647003,0.9848098158836365,0.005681032780557871
296,0,0,0.9998661279678345,4.144439458286797e-08,6.437428965000436e-05,6.950576789677143e-05
297,3,3,0.013251790776848793,6.412998118321411e-06,0.0007860360201448202,0.9859557151794434
298,1,1,1.8967855339724338e-06,0.9999973773956299,8.222227165788354e-08,5.939405696153699e-07
299,2,2,0.0007492072181776166,4.3491336754186705e-08,0.9988586902618408,0.0003920297313015908
300,1,1,2.3820443857403006e-06,0.9999973773956299,6.252122375371982e-08,1.7625396253606596e-07
301,2,2,1.176831915472576e-06,7.51330819781515e-09,0.9999967813491821,2.033041937465896e-06
302,2,0,0.7006039023399353,0.00012570319813676178,0.2982802391052246,0.000990117434412241
303,2,2,0.010246559046208858,3.3898719266289845e-05,0.9746083617210388,0.015111219137907028
304,2,2,0.17584259808063507,3.3988581549238006e-07,0.8229833245277405,0.0011737351305782795
305,1,1,0.02900133654475212,0.7821688652038574,0.16341416537761688,0.02541554532945156
306,3,3,0.00011409573198761791,4.311086598818292e-09,0.0004165851278230548,0.9994693398475647
307,3,3,0.011906487867236137,2.6273878575011622e-06,0.02091085910797119,0.9671799540519714
308,1,1,0.0008380651706829667,0.9990898370742798,9.98409086605534e-06,6.21265935478732e-05
309,2,2,0.45352017879486084,0.03887157142162323,0.48716866970062256,0.020439548417925835
310,2,3,0.003840341232717037,0.0001407527015544474,0.061287425458431244,0.9347315430641174
311,1,0,0.997287392616272,0.002625521970912814,1.1757972060877364e-05,7.529513095505536e-05
312,3,3,0.052610211074352264,0.0008496721857227385,0.0474141500890255,0.8991259932518005
313,2,2,0.002106238855049014,3.2413945518783294e-06,0.9895855784416199,0.008305052295327187
314,2,2,0.0002827850403264165,1.0146070962946396e-05,0.995142936706543,0.004564110655337572
315,0,0,0.9999991655349731,2.0756077745431867e-08,5.635411071125418e-07,2.0247449583621346e-07
316,0,0,0.5761521458625793,0.00039907044265419245,0.23872874677181244,0.1847200244665146
317,2,3,1.9382827304070815e-05,8.964805009448185e-10,0.004891634453088045,0.9950889945030212
318,1,1,0.00489474693313241,0.9946487545967102,0.0002465505385771394,0.00021001861023250967
319,2,2,0.008419755846261978,2.0294106661822298e-07,0.918727457523346,0.07285264134407043
320,2,2,8.342396176885813e-05,6.965602369746193e-05,0.9983305335044861,0.0015163394855335355
321,0,0,1.0,1.3084614280955975e-08,5.990321572113544e-09,1.0608411926682493e-09
322,1,1,9.879202480078675e-06,0.9999446868896484,6.883714718242118e-07,4.4696709665004164e-05
323,3,3,0.002493838081136346,8.742168233766279e-07,0.11259272694587708,0.8849126100540161
324,1,1,0.002322170650586486,0.9976213574409485,2.373611096118111e-05,3.2739935704739764e-05
325,3,3,7.193482360889902e-07,2.5080737486860016e-07,0.00031083208159543574,0.9996882677078247
326,0,0,0.9890276193618774,0.0001784014020813629,1.0986763300024904e-05,0.010783039033412933
327,0,2,0.19306975603103638,0.0013735159300267696,0.7702911496162415,0.035265542566776276
328,3,3,5.4705778893548995e-05,2.5409897830286354e-07,0.044334933161735535,0.9556101560592651
329,2,2,5.024607162340544e-05,6.32823594060028e-06,0.9093149900436401,0.09062842279672623
330,3,3,0.0038677919656038284,0.0013957174960523844,0.0002963138686027378,0.9944401979446411
331,1,1,0.00043699282105080783,0.9995585083961487,4.080638973391615e-06,3.191707662608678e-07
332,0,0,1.0,1.1346333872452874e-09,1.3547929444968076e-10,3.702261830440534e-09
333,0,0,1.0,4.162957478737184e-11,8.082767344319564e-09,6.189711854176494e-09
334,1,1,3.888626451953314e-05,0.9999586343765259,2.130328198290954e-07,2.259371740365168e-06
335,0,0,0.9999440908432007,4.213391548546497e-06,7.701131039539177e-07,5.096169843454845e-05
336,2,2,0.22265711426734924,0.00016865645011421293,0.7758519053459167,0.001322349300608039
337,2,2,0.004111853428184986,0.04812511056661606,0.940977156162262,0.0067858947440981865
338,1,1,0.009441738948225975,0.9902376532554626,1.0443592373121646e-06,0.0003195544413756579
339,1,1,6.085455879656365e-06,0.9999935626983643,4.6455717495064164e-08,3.78706772607984e-07
340,3,3,0.02712923102080822,0.012917768210172653,0.16107362508773804,0.7988793849945068
341,1,1,0.00025576940970495343,0.9992223978042603,0.0005185452173464,3.3791263831517426e-06
342,0,0,0.9999988079071045,2.1484162004981044e-08,4.196075735762861e-07,7.122744136722758e-07
343,1,1,2.1467825717991218e-05,0.9998164772987366,0.00015184463700279593,1.030667499435367e-05
344,1,3,0.20648641884326935,0.02579917572438717,0.1606573909521103,0.6070569753646851
345,3,3,0.0001420443004462868,5.405965808336077e-08,0.19467411935329437,0.8051837682723999
346,3,2,3.085051866946742e-05,3.468993980959567e-09,0.9666682481765747,0.03330085426568985
347,1,1,0.0015984780620783567,0.9948987364768982,0.0015050778165459633,0.0019977756310254335
348,0,1,0.0006467076018452644,0.9987354874610901,2.7697456971509382e-05,0.0005902046104893088
349,2,2,0.00013501995999831706,3.1575316938869946e-07,0.99775630235672,0.0021084018517285585
350,1,1,2.7141921236761846e-05,0.9999139308929443,2.7621237677522004e-05,3.132336132694036e-05
351,0,0,0.9999535083770752,9.732433881026736e-08,4.555251507554203e-05,8.754406053412822e-07
352,0,0,0.9995717406272888,0.0004189121536910534,2.245538325951202e-06,7.084506250976119e-06
353,1,1,7.413443654513685e-07,0.999998927116394,5.1558085800706976e-08,2.5004999315569876e-07
354,0,0,0.9999972581863403,2.823466047630063e-07,1.107571620195813e-06,1.4163774721964728e-06
355,0,1,0.00338020920753479,0.9959999322891235,0.0005906038568355143,2.936587407020852e-05
356,1,1,0.00035288589424453676,0.9994925260543823,0.00011546381574589759,3.912694955943152e-05
357,2,2,0.0006496484274975955,3.7293196442078624e-07,0.9845927357673645,0.014757176861166954
358,1,1,9.868268335821995e-08,0.999998927116394,3.043359129151213e-07,7.320941790567304e-07
359,1,1,6.270356971072033e-05,0.9999326467514038,4.349664322944591e-06,2.8717394684463216e-07
360,1,1,0.1814461648464203,0.8046445250511169,0.0002458535018377006,0.01366344653069973
361,0,0,0.999937891960144,1.5954714882582266e-08,4.3802938307635486e-05,1.832208909036126e-05
362,2,2,2.9767101295874454e-05,2.091144679639001e-08,0.9995699524879456,0.0004002607602160424
363,0,2,0.3324620723724365,0.015291646122932434,0.5728974342346191,0.0793488547205925
364,0,0,0.999998927116394,1.9798530104253587e-07,1.811217060776471e-07,6.822027103225992e-07
365,3,1,0.0003208210982847959,0.7126492857933044,0.014335758052766323,0.2726941406726837
366,1,1,2.3310294636758044e-05,0.999964714050293,4.469758096092846e-06,7.5255984484101646e-06
367,2,2,0.03215103596448898,0.0012133598793298006,0.9532713890075684,0.013364199548959732
368,0,0,0.9999767541885376,3.4808667948027505e-08,1.2682922942985897e-06,2.194159424107056e-05
369,0,0,0.9326672554016113,0.06668694317340851,0.00019497511675581336,0.00045080174459144473
370,1,1,0.004158723633736372,0.9956707954406738,1.3681094969797414e-05,0.0001568197476444766
371,0,0,0.9998661279678345,1.2561367224162012e-10,9.85242650131113e-07,0.00013293263327796012
372,0,0,0.9866864681243896,0.013124383985996246,1.6262953067780472e-05,0.00017297128215432167
373,1,1,0.03949355334043503,0.8786883354187012,0.07595463842153549,0.005863438360393047
374,1,1,0.0007749918731860816,0.9985073208808899,0.000564433226827532,0.00015321113460231572
375,3,3,0.06766332685947418,7.0464130885739e-07,0.009571722708642483,0.922764241695404
376,1,1,0.012862618081271648,0.9590178728103638,0.02024383656680584,0.007875661365687847
377,1,1,5.395085099735297e-05,0.9999402761459351,2.881894943129737e-06,2.8452220703911735e-06
378,2,0,0.7545130848884583,1.4142579857434612e-05,0.15241213142871857,0.0930606797337532
379,0,0,0.5314880609512329,0.022468039765954018,0.4205179214477539,0.025525996461510658
380,1,1,0.0045831766910851,0.9951710104942322,8.813408385321964e-06,0.0002370733127463609
381,1,1,0.0070118666626513,0.9913712739944458,1.1868752153532114e-05,0.0016050046542659402
382,3,3,3.9054131775628775e-05,1.2520057453002664e-06,0.00012429108028300107,0.9998353719711304
383,1,1,5.00707610626705e-05,0.9999489784240723,3.5187807156944473e-07,6.47153456156957e-07
384,2,2,0.004406018648296595,0.00103841966483742,0.9898550510406494,0.004700557794421911
385,1,1,0.014100241474807262,0.9858323335647583,6.0049929743399844e-05,7.392246516246814e-06
386,1,1,0.0004170253814663738,0.9992249011993408,0.0002385774569120258,0.00011951823398703709
387,1,1,0.0013315404066815972,0.9986163377761841,1.1777592590078712e-05,4.038334736833349e-05
388,0,0,0.9999924898147583,4.910596089757746e-06,1.2279358543310082e-06,1.4033086017661844e-06
389,0,0,1.0,5.593578933371646e-10,2.1238507841303544e-08,2.03409644683461e-09
390,0,0,0.9790984392166138,0.0031133119482547045,0.014764775522053242,0.003023457946255803
391,1,1,5.024505753681296e-07,0.9999994039535522,1.3339884219476517e-07,3.1885310391999155e-08
392,0,0,0.9996237754821777,5.137663538334891e-05,0.0002649326343089342,5.9927879192400724e-05
393,0,0,0.9999992847442627,9.173929393924141e-10,7.157543677749345e-07,3.995859287897474e-08
394,0,0,0.9999551773071289,9.442567616702036e-09,7.957925731716387e-07,4.3935448047704995e-05
395,1,1,0.0016666181618347764,0.9910548329353333,0.003224594984203577,0.004053972661495209
396,1,1,0.0034529485274106264,0.9957959651947021,0.0005401917733252048,0.00021090309019200504
397,3,3,0.001438689767383039,1.545953273307532e-05,0.13954398036003113,0.859001874923706
398,1,1,0.00014967673632781953,0.9998501539230347,1.1542666555897085e-07,4.3193580268052756e-08
399,2,3,0.0014102538116276264,2.8322917842160678e-06,0.19132976233959198,0.8072571754455566
400,3,2,0.07708123326301575,0.00419350853189826,0.5661911964416504,0.35253405570983887
401,1,1,0.002696384908631444,0.9971803426742554,0.0001054633321473375,1.7797106920625083e-05
402,0,0,0.9999532699584961,2.5265613658120856e-05,1.8294958863407373e-05,3.172675178575446e-06
403,0,0,0.9999403953552246,1.7126669527023353e-10,1.4674086742161307e-05,4.495116445468739e-05
404,0,0,0.9974648952484131,6.2562812672695145e-06,0.0015194762963801622,0.0010093505261465907
405,2,2,0.14342570304870605,2.899994251492899e-05,0.8556274175643921,0.0009178819600492716
406,2,2,0.13867168128490448,0.00022481157793663442,0.808292806148529,0.05281064286828041
407,2,2,0.0002298274775967002,6.818247493356466e-05,0.9988598823547363,0.0008421629900112748
408,2,0,0.9789053201675415,4.810945756617002e-05,0.014622561633586884,0.0064240372739732265
409,1,1,0.05846717581152916,0.8912113308906555,0.021160738542675972,0.029160697013139725
410,2,0,0.7527688145637512,0.00043285192805342376,0.16180430352687836,0.08499401062726974
411,1,1,0.014774889685213566,0.9670237302780151,0.002702784724533558,0.015498591586947441
412,0,0,0.9999961853027344,1.2639270607905928e-07,1.3529081570595736e-06,2.4301375560753513e-06
413,0,0,0.8717806339263916,0.010600533336400986,0.07452695071697235,0.043091896921396255
414,0,0,0.9997710585594177,3.8865843521307397e-07,0.0001880170893855393,4.0466187783749774e-05
415,1,1,0.20241841673851013,0.5571966767311096,0.0521375872194767,0.18824733793735504
416,1,1,0.00014738166646566242,0.9997254014015198,9.834922093432397e-05,2.8796812330256216e-05
417,2,2,0.0001532955648144707,2.154434071144351e-07,0.9997456669807434,0.00010081066284328699
418,2,2,0.003564018290489912,0.003561904886737466,0.6405231952667236,0.3523508608341217
419,0,0,0.9995311498641968,1.8465350422047777e-06,0.00015536769933532923,0.0003116704465355724
420,0,0,0.991821825504303,0.00011146566248498857,0.0061622741632163525,0.0019044865621253848
421,1,1,5.8023906603921205e-05,0.9999412298202515,4.5529023395829427e-07,2.3546060390344792e-07
422,2,2,0.0002287330135004595,1.3851041558154975e-06,0.9997057318687439,6.414801464416087e-05
423,3,3,1.1464902854640968e-05,1.0964207319830166e-08,0.0007372603286057711,0.9992513060569763
424,3,3,8.608809366705827e-06,3.0825902941344907e-10,9.549006790621206e-06,0.9999818801879883
425,0,0,0.9977827668190002,4.093159589046991e-08,0.0020124753937125206,0.0002047994639724493
426,2,2,1.4552257425748394e-06,6.852467482332258e-10,0.9999980926513672,5.352771950128954e-07
427,2,2,0.00046195360482670367,1.8778780940920115e-05,0.9988266825675964,0.0006925287889316678
428,3,3,3.9342216041404754e-05,8.76876615762967e-09,0.001495929784141481,0.9984647035598755
429,3,3,7.144583946683269e-07,2.910665841682203e-08,3.1733768537378637e-06,0.9999960660934448
430,0,0,0.9993501305580139,1.0725734682637267e-06,0.0006155396113172174,3.3274405723204836e-05
431,1,1,8.399356011068448e-05,0.9999151229858398,3.3140810273835086e-07,5.454359666146047e-07
432,1,1,2.6088766389875673e-05,0.9999407529830933,1.2054749277012888e-05,2.1105397536302917e-05
433,2,2,9.969726670533419e-05,3.212993817669485e-07,0.9262619614601135,0.07363798469305038
434,2,2,0.00025028083473443985,0.025304825976490974,0.9511175155639648,0.023327499628067017
435,3,3,0.003832116723060608,6.149616183392936e-06,0.2985285520553589,0.6976332068443298
436,2,0,0.5470971465110779,0.00015781365800648928,0.4361642897129059,0.01658071205019951
437,2,2,0.3474510908126831,0.10285802185535431,0.5421183109283447,0.007572523783892393
438,3,3,0.0014986791647970676,1.575557121213933e-06,0.484359472990036,0.5141403079032898
439,3,3,0.0018942751921713352,8.466173312626779e-06,0.07999492436647415,0.9181023836135864
440,2,3,0.32535868883132935,0.047322262078523636,0.19210194051265717,0.43521711230278015
441,3,3,0.3772144019603729,0.0008357989718206227,0.017224662005901337,0.6047251224517822
442,0,0,0.9984149932861328,9.761390538187698e-05,1.5079518561833538e-05,0.0014722984051331878
443,2,2,0.38093286752700806,3.7939578760415316e-05,0.6187276840209961,0.000301495601888746
444,0,0,0.9972918629646301,7.653516149730422e-06,0.0024842522107064724,0.0002162152377422899
445,3,3,0.0005762629443779588,1.236882383182092e-07,0.0016872453270480037,0.9977363348007202
446,3,3,4.23612891609082e-06,2.6017548293566506e-07,0.013992310501635075,0.9860032200813293
447,3,3,2.5332219593110494e-06,6.790747963947297e-09,0.0017886217683553696,0.9982088804244995
448,2,0,0.722716212272644,1.072067789209541e-06,0.26049622893333435,0.01678653247654438
449,2,2,0.07166365534067154,1.2668816395944305e-07,0.6041269898414612,0.3242092430591583
450,0,0,0.9766879677772522,0.022988900542259216,3.155882495775586e-06,0.0003199661150574684
451,0,0,0.9953992962837219,8.335820922411585e-08,0.0018701320514082909,0.002730541629716754
452,2,2,9.046351806318853e-06,1.6919853296215592e-09,0.9999901056289673,8.229906711676449e-07
453,3,3,0.0268519576638937,0.0006616185419261456,0.020317554473876953,0.952168881893158
454,3,3,2.1328311561319424e-08,2.146287453319573e-10,0.0004382355837151408,0.9995617270469666
455,1,1,6.913186371093616e-05,0.9999252557754517,9.130201874540944e-07,4.6606746764155105e-06
456,2,0,0.6271877288818359,7.205198926385492e-05,0.37065306305885315,0.002087134402245283
457,3,3,0.00021922032465226948,1.9504889223753707e-06,0.02633173018693924,0.9734470844268799
458,1,1,3.7485802749870345e-05,0.9999610185623169,4.741497150462237e-07,1.0496693221284659e-06
459,2,2,0.35093337297439575,2.4701694201212376e-06,0.6473764777183533,0.001687689102254808
460,1,1,3.471388481557369e-05,0.9999635219573975,1.2125894954806427e-06,5.903509645577287e-07
461,1,1,3.6302676420518765e-08,1.0,1.1959113699333557e-09,6.906821781171857e-09
462,3,3,0.1591086983680725,2.865666601792327e-06,4.854591315961443e-05,0.8408398032188416
463,1,1,0.00011686321522574872,0.9998806715011597,5.988973725834512e-07,1.9520948626450263e-06
464,0,0,0.999725878238678,0.00024858303368091583,3.250343979743775e-06,2.2295665985438973e-05
465,3,3,0.00656293798238039,1.2907294149044901e-05,0.0006579576293006539,0.9927661418914795
466,2,2,0.00011893879127455875,3.323080818518065e-06,0.9993497729301453,0.0005279561737552285
467,2,3,0.0003508625377435237,1.5226281675495557e-06,0.3121162950992584,0.6875312924385071
468,3,3,0.00012750345922540873,1.366289836823853e-07,0.00016789928486105055,0.9997044205665588
469,1,1,0.0015258608618751168,0.975695013999939,0.0006756291841156781,0.02210352197289467
470,0,0,0.9998268485069275,6.4433816078235395e-06,0.00014562424621544778,2.1146162907825783e-05
471,3,3,5.7201814342988655e-06,1.1295308688374917e-08,0.009699787013232708,0.9902944564819336
472,0,0,1.0,2.817421469736292e-11,4.0396187728219957e-08,2.8382450167896422e-08
473,2,2,0.0008701352635398507,1.1868903129652608e-05,0.9990517497062683,6.631291762460023e-05
474,1,1,0.0008800934883765876,0.9981915354728699,0.000783731578849256,0.00014469488814938813
475,3,3,0.0005281890043988824,1.2416047638907912e-06,0.11387450248003006,0.885595977306366
476,1,1,6.216595949126713e-08,0.9999998807907104,7.038534199921287e-09,7.811788993450364e-10
477,3,3,6.146409577922896e-05,1.9460665612314187e-07,0.24928660690784454,0.7506517767906189
478,0,0,0.9993823766708374,8.660545631755667e-07,3.741355612874031e-05,0.000579358427785337
479,2,2,0.0010464995866641402,5.3067761740521746e-08,0.9988613128662109,9.216475882567465e-05
480,3,2,0.021162675693631172,0.016231082379817963,0.5046851634979248,0.4579210579395294
481,2,0,0.7055734992027283,1.7281572581850924e-05,0.2914781868457794,0.002931067021563649
482,2,2,0.0002230257960036397,1.1106014426331967e-05,0.9996911287307739,7.483962690457702e-05
483,3,3,0.0008355458849109709,2.668740853550844e-05,0.005340340547263622,0.9937974810600281
484,2,2,0.016572274267673492,0.0004850440891459584,0.9660565257072449,0.016886085271835327
485,2,2,0.0022620330564677715,5.975637691335578e-07,0.9938539266586304,0.0038833876606076956
486,1,1,0.0027273918967694044,0.9884241223335266,0.003136638319119811,0.005711837206035852
487,2,2,0.004056407604366541,5.814026735606603e-07,0.9935418367385864,0.002401108155027032
488,2,2,0.0551290437579155,8.536542009096593e-05,0.944505512714386,0.0002799854555632919
489,1,1,1.6055440937634557e-05,0.9997389912605286,0.00022512560826726258,1.9732113287318498e-05
490,1,1,7.320255008380627e-06,0.9999923706054688,1.688728019644259e-07,1.277149976885994e-07
491,3,3,2.9545279176090844e-05,0.0001337034918833524,4.392039409140125e-05,0.9997928738594055
492,1,1,2.1605519577860832e-05,0.9999023675918579,5.698450331692584e-05,1.9114944734610617e-05
493,2,2,0.005377644672989845,2.658444645931013e-05,0.9941697120666504,0.0004260534478817135
494,2,2,0.0004397843440528959,5.272073977380387e-08,0.9980944991111755,0.0014657423598691821
495,1,1,1.3198301530792378e-05,0.9999825954437256,2.737665226959507e-06,1.3889273304812377e-06
496,2,2,0.044359542429447174,1.432464432582492e-05,0.9539282917976379,0.0016977842897176743
497,0,0,0.9991010427474976,0.0003122144262306392,0.0005330169224180281,5.3841042245039716e-05
498,1,0,0.8478266596794128,0.031894613057374954,0.012384464032948017,0.10789422690868378
499,3,3,2.980863609991502e-05,5.557224358199164e-05,0.0023168919142335653,0.9975977540016174
500,3,0,0.9574475884437561,0.0005020315293222666,0.007732076570391655,0.03431827574968338
501,1,1,1.7913725969265215e-05,0.9999806880950928,1.2558999742395827e-06,1.282960653270493e-07
502,1,1,3.7024044559075264e-06,0.9999940395355225,1.985723201869405e-06,2.3726602194074076e-07
503,0,0,0.9821354150772095,2.4233190742961597e-07,6.340700201690197e-05,0.017800871282815933
504,0,0,0.9999129772186279,1.142011933552567e-05,3.730281241587363e-05,3.832957008853555e-05
505,0,0,0.9999896287918091,1.096534631983559e-07,2.2754716155759525e-06,7.974827894940972e-06
506,0,0,0.989832878112793,9.367852726427373e-06,0.00030641446937806904,0.009851335547864437
507,3,3,0.0003099173482041806,0.0006796942907385528,2.3950715331011452e-05,0.9989864230155945
508,2,2,7.502670086978469e-06,3.527521357682417e-06,0.9999040365219116,8.496885129716247e-05
509,3,3,5.240747123025358e-05,7.679343383415471e-08,3.3135507692350075e-05,0.999914288520813
510,3,3,1.6672072888468392e-05,9.57995283101809e-09,8.840591362968553e-06,0.9999744892120361
511,0,0,0.8158538937568665,0.0007200798136182129,0.006689062807708979,0.1767370104789734
512,3,3,2.5917033781297505e-05,4.704265302279964e-05,0.10690686851739883,0.8930201530456543
513,0,0,0.99997878074646,5.178981687947726e-09,1.9654369680210948e-05,1.6017313555494184e-06
514,0,0,0.9999997615814209,2.3491059097935363e-10,2.064535067347606e-07,4.128904507183506e-08
515,1,1,0.014935053884983063,0.503216028213501,0.32713282108306885,0.15471607446670532
516,0,0,0.9999617338180542,3.668464865214105e-09,7.324608759518014e-07,3.7576744944090024e-05
517,2,2,0.12617947161197662,6.225729521247558e-06,0.8691450953483582,0.004669159185141325
518,3,3,0.008962986059486866,0.012572427280247211,0.018486374989151955,0.9599781632423401
519,1,1,2.6995799998985603e-05,0.9999518394470215,1.6779475117800757e-05,4.451837867236463e-06
520,2,2,0.0023595779202878475,8.500885542161996e-07,0.9971174001693726,0.0005221178289502859
521,0,0,0.9949106574058533,3.588785935093597e-09,0.0012799770338460803,0.0038094015326350927
522,2,2,8.790162246441469e-05,6.597615083592245e-06,0.9998761415481567,2.9442790037137456e-05
523,0,0,0.9918143153190613,0.003889748128131032,0.004290116485208273,5.842015525558963e-06
524,0,0,0.8888405561447144,5.805048203910701e-05,0.001642589457333088,0.10945877432823181
525,0,0,0.9999704360961914,1.0202316325091942e-08,1.1501506378408521e-05,1.8156031728722155e-05
526,3,2,0.08276525139808655,0.00017203357128892094,0.795077383518219,0.1219852864742279
527,0,1,0.049848247319459915,0.8864731788635254,0.008451939560472965,0.055226583033800125
528,0,0,0.8288393616676331,0.0001547328574815765,0.16521331667900085,0.005792596843093634
529,0,0,0.9997450709342957,1.652966602705419e-06,4.613144483300857e-05,0.00020713220874313265
530,1,1,2.691074598715204e-07,0.9999996423721313,2.842317847751019e-08,8.7421746286509e-08
531,3,3,0.0001423637877451256,8.17029910393785e-09,0.01805729605257511,0.9818003177642822
532,3,3,0.00012805976439267397,0.00011241384345339611,0.03916127607226372,0.9605981707572937
533,3,3,0.00012180273188278079,2.3953338313731365e-05,0.03495621681213379,0.9648981094360352
534,2,2,0.003067235928028822,7.34946588636376e-05,0.9625588655471802,0.03430035337805748
535,2,2,0.0007834677235223353,2.906293275373173e-06,0.9920195937156677,0.007194040808826685
536,3,3,6.388546898961067e-05,1.2626452416952816e-07,0.001801470061764121,0.9981344938278198
537,3,3,0.001252335961908102,1.2679010730209939e-08,4.613738383341115e-06,0.9987431168556213
538,1,1,3.382880095159635e-05,0.9999589920043945,6.74670764055918e-06,4.2267208755220054e-07
539,3,3,0.00019806047203019261,2.2774506724942967e-09,0.0005300135817378759,0.9992719292640686
540,1,1,2.765097451629117e-05,0.9999542236328125,1.8921265620974737e-07,1.7878093785839155e-05
541,0,0,0.9790167212486267,1.9906210582121275e-05,0.00028312523500062525,0.020680224522948265
542,0,0,0.9991468191146851,7.779819134157151e-05,1.6743891819714918e-06,0.0007737001869827509
543,3,3,0.00183127261698246,0.016756542026996613,3.7490583054022864e-05,0.9813746809959412
544,1,1,0.00016824882186483592,0.9997747540473938,5.4435760830529034e-05,2.608743216114817e-06
545,3,3,0.029204532504081726,1.3868793757865205e-06,0.023104045540094376,0.9476901292800903
546,2,2,0.002191848587244749,5.478448292706162e-05,0.9901304841041565,0.007622897624969482
547,1,1,0.3503624200820923,0.6425636410713196,0.004663248546421528,0.0024106628261506557
548,3,3,0.16935597360134125,0.0006816870882175863,0.05973191559314728,0.7702304124832153
549,2,2,0.00141655164770782,8.19482283986872e-06,0.9534839987754822,0.04509120434522629
550,0,0,0.9999634027481079,4.933246033900218e-10,4.872134695688146e-07,3.6148052458884194e-05
551,0,0,0.9999961853027344,1.812175298709917e-08,1.6626997876301175e-06,2.14544797927374e-06
552,0,0,0.9999668598175049,1.9670926576509373e-06,1.7343769286526367e-05,1.385820814903127e-05
553,1,0,0.6200686693191528,0.3725552260875702,0.007038054522126913,0.0003380908747203648
554,3,2,0.0005332133150659502,2.3716107534710318e-05,0.924010157585144,0.07543280720710754
555,3,3,0.00045326180406846106,3.453921948448624e-08,5.478690945892595e-05,0.9994919300079346
556,3,0,0.9414156079292297,3.1065465577739815e-07,0.017612958326935768,0.0409710556268692
557,3,3,4.4929940486326814e-05,1.052756852004677e-05,0.004101107362657785,0.9958433508872986
558,3,3,1.7459425407650997e-06,9.016865476496605e-09,0.000138540068292059,0.9998596906661987
559,3,3,0.002235658001154661,1.3261013918963727e-05,0.0016788420034572482,0.9960721731185913
560,3,3,3.325708530610427e-05,1.9328001699125963e-10,0.009188680909574032,0.9907780885696411
561,0,0,0.9969384670257568,0.0009432195220142603,0.0014918572269380093,0.0006265348056331277
562,2,2,5.147199044586159e-05,1.299811810895335e-05,0.9999091625213623,2.6389292543171905e-05
563,3,2,0.005698421038687229,1.8270088730787393e-06,0.7935057282447815,0.2007940113544464
564,1,1,0.004578607156872749,0.9950894713401794,0.00014818093040958047,0.00018373811326455325
565,0,2,0.0009543522610329092,1.3130994602761348e-07,0.8270806670188904,0.1719648391008377
566,0,0,0.9992069602012634,5.69326221011579e-06,0.00045301433419808745,0.0003344044089317322
567,3,3,5.151674031367293e-06,2.2472528282690973e-09,5.052029882790521e-05,0.9999443292617798
568,3,3,4.544763214653358e-06,8.209256208147053e-08,0.1797492504119873,0.820246160030365
569,1,1,0.1686837077140808,0.8044634461402893,0.02083434909582138,0.006018497049808502
570,3,3,2.7928294002776965e-05,4.369149337435374e-06,0.0008369177230633795,0.9991307854652405
571,2,2,0.024199284613132477,0.009155466221272945,0.8256658911705017,0.1409793347120285
572,3,3,0.009160036221146584,9.976795354305068e-07,0.0010856601875275373,0.9897533655166626
573,3,3,0.002703501610085368,2.2054334749554982e-06,0.0017141103744506836,0.9955801367759705
574,0,3,0.4646861255168915,0.038197606801986694,0.0026211936492472887,0.4944950342178345
575,2,2,0.00012791849439963698,1.7338206248496135e-07,0.999721348285675,0.00015053462993819267
576,1,1,0.013256228528916836,0.9867045879364014,7.905436177679803e-06,3.1281761039281264e-05
577,3,3,0.0005112690851092339,0.00018641616043169051,0.000787692260928452,0.9985145926475525
578,3,3,0.004186998587101698,1.567142862768378e-05,0.07086662948131561,0.9249306917190552
579,0,0,0.9999939203262329,2.8317739819705423e-10,7.273992537193408e-07,5.308265372150345e-06
580,1,1,3.0873641208017943e-06,0.9997801184654236,3.3318815439997707e-06,0.00021349966118577868
581,3,3,0.00014450421440415084,3.507041412831313e-07,0.012775923125445843,0.9870792627334595
582,2,3,4.111145699425833e-06,3.223751487979598e-09,0.0622004009783268,0.9377955198287964
583,1,1,0.005014114081859589,0.9858360290527344,0.004635796416550875,0.004514038562774658
584,0,0,0.977436900138855,0.02251175418496132,1.3178128938307054e-05,3.812513023149222e-05
585,2,2,0.007293036673218012,0.011211877688765526,0.8424757719039917,0.13901932537555695
586,3,3,3.0165729469899816e-08,1.24188825889604e-10,0.0033213323913514614,0.9966787099838257
587,3,0,0.49618178606033325,7.64600008551497e-06,0.016665741801261902,0.4871448874473572
588,3,3,2.1687701519113034e-05,1.3148254041084328e-08,0.23598481714725494,0.763993501663208
589,2,2,0.00010216356895398349,2.1679454675904708e-07,0.998418927192688,0.0014787151012569666
590,0,0,0.9975761771202087,1.2565888596327568e-07,0.0008369997958652675,0.001586799044162035
591,2,2,0.00020610688079614192,2.028406598242327e-08,0.999614953994751,0.00017889688024297357
592,3,3,0.04110809415578842,0.0009157421300187707,0.0033449784386903048,0.9546312093734741
593,0,0,0.999496340751648,0.00042623092303983867,5.397232962423004e-05,2.347942972846795e-05
594,3,3,2.77542289950361e-06,6.184096013051033e-10,0.0003339944814797491,0.999663233757019
595,0,0,0.9999966621398926,9.311289517199839e-09,6.531560075018206e-07,2.7253715870756423e-06
596,3,3,7.324635134864366e-06,4.004381182198813e-08,0.03605134040117264,0.9639413356781006
597,3,3,0.00013989873696118593,6.1521365779526604e-09,0.004821226932108402,0.9950389266014099
598,2,2,0.000835418002679944,3.794877920881845e-05,0.9985252022743225,0.0006014800164848566
599,0,0,0.9989286065101624,0.0004226328164804727,9.855225471255835e-06,0.0006388610345311463
600,2,0,0.999896764755249,1.6820187909161177e-07,8.804513345239684e-05,1.4962825844122563e-05
601,2,2,0.00011639546573860571,1.790700849824134e-07,0.999840259552002,4.306476330384612e-05
602,3,3,1.2373745448712725e-05,6.341304148449467e-10,0.04730324074625969,0.9526844024658203
603,2,2,0.006964035797864199,2.750443309196271e-05,0.9714792966842651,0.02152908593416214
604,1,1,2.608127488201717e-06,0.9999964237213135,1.3770123530321143e-07,8.657837611281138e-07
605,0,0,0.9965057373046875,7.194213685579598e-05,0.00010439047764521092,0.0033179116435348988
606,0,0,0.683803141117096,0.0002036572404904291,0.21671220660209656,0.09928092360496521
607,3,3,0.0033072438091039658,7.766010821796954e-05,0.1213371679186821,0.8752779364585876
608,1,1,2.2218450794753153e-06,0.9999973773956299,4.0347705976273573e-07,4.917895868317146e-09
609,1,1,0.001135092694312334,0.9987635612487793,5.583007077802904e-05,4.552608879748732e-05
610,1,1,1.2771375622833148e-05,0.9999843835830688,2.7349144602339948e-06,1.3813797750117374e-07
611,0,0,0.9999363422393799,1.4417161686708369e-08,4.808196536032483e-06,5.888123996555805e-05
612,0,0,0.9996674060821533,1.5129292478377465e-05,0.00019952820730395615,0.00011796574835898355
613,0,0,0.9945504069328308,0.0050271051004529,6.316527287708595e-05,0.0003593463625293225
614,0,0,0.9662019610404968,0.03340568765997887,0.0001310189109062776,0.00026126441662199795
615,2,2,1.972297286556568e-05,3.5506005247043504e-08,0.9997238516807556,0.00025647779693827033
616,3,3,0.28952404856681824,1.1555135642993264e-05,0.016122588887810707,0.694341778755188
617,0,0,0.9993265867233276,1.3371374052439933e-07,4.804806394531624e-06,0.0006685410044156015
618,0,0,0.9998512268066406,4.472817352052516e-07,0.00014184819883666933,6.486141501227394e-06
619,2,2,0.0006562531925737858,2.1415027731563896e-05,0.9867941737174988,0.012528068386018276
620,2,2,0.0015101841418072581,2.1770201783510856e-05,0.9969555139541626,0.0015125724021345377
621,2,2,0.004710983484983444,9.018050377562759e-07,0.9949693083763123,0.0003188957925885916
622,3,3,1.3138909707777202e-05,2.4069871074061666e-07,0.00018252577865496278,0.9998040795326233
623,3,3,0.17460446059703827,6.791251053073211e-06,0.002087390748783946,0.823301374912262
624,3,3,7.283982540684519e-06,6.256187248254719e-07,0.01341266930103302,0.9865794777870178
625,0,0,0.9999946355819702,3.233131167235115e-07,1.296930690841691e-06,3.7483223422896117e-06
626,0,0,0.9244862794876099,0.07327255606651306,2.4148837837856263e-05,0.002217101166024804
627,3,3,9.220386709785089e-05,6.817707287609664e-08,0.01568702422082424,0.9842206239700317
628,2,2,6.080551315790217e-07,3.892495215040981e-09,0.9999812841415405,1.81693412741879e-05
629,1,1,3.3348409488098696e-05,0.9999101161956787,4.092765084351413e-05,1.5666901163058355e-05
630,3,3,0.000173039676155895,7.824999537220378e-10,0.004012873861938715,0.9958140254020691
631,1,0,0.8050113320350647,0.18898190557956696,0.0036794100888073444,0.0023273711558431387
632,3,3,0.00629322649911046,4.629510783615842e-07,0.0035534813068807125,0.9901527762413025
633,3,3,0.0046763611026108265,9.342701332570869e-07,0.0012475724797695875,0.9940750598907471
634,2,2,1.1387220411052112e-06,4.868054404028044e-09,0.9999963045120239,2.484405058567063e-06
635,3,3,0.0051175812259316444,2.0517157750532533e-08,0.007893606089055538,0.9869887828826904
636,3,3,5.5662319937255234e-05,2.7718900952322656e-08,0.06126537173986435,0.9386789798736572
637,1,1,1.7481409031461226e-07,0.9999998807907104,1.295119150812596e-10,2.6352700022158615e-09
638,1,1,0.06814944744110107,0.9287706017494202,0.00023209887149278075,0.0028477285522967577
639,0,0,0.9989457726478577,1.8245124522309197e-07,0.0009224730310961604,0.00013158949150238186
640,2,2,1.385623818350723e-06,3.1505683750765456e-07,0.9973262548446655,0.002672017551958561
641,3,3,0.0609038770198822,0.21974912285804749,0.006692579016089439,0.7126544713973999
642,3,0,0.5808956027030945,0.00014139118138700724,0.00028587461565621197,0.4186771512031555
643,2,0,0.9997866749763489,1.0189956810791045e-05,1.195697404909879e-05,0.00019128895655740052
644,1,1,4.874565320278634e-07,0.9999995231628418,9.615500617954353e-10,9.652779964230973e-11
645,3,3,2.548392330936622e-06,4.133304115638836e-11,0.00045317935291677713,0.9995442032814026
646,0,0,0.9999849796295166,4.937713811159483e-07,6.167955234559486e-06,8.288390745292418e-06
647,0,0,0.997869610786438,9.040453733177856e-06,0.002051115734502673,7.023621583357453e-05
648,1,1,0.0031103226356208324,0.9968236684799194,4.3393441728767357e-07,6.555320578627288e-05
649,2,2,0.00014081889821682125,4.277765697224822e-09,0.9998525381088257,6.6950879045180045e-06
650,0,0,0.9951468110084534,2.2931687908567255e-06,0.001469585346058011,0.003381250659003854
651,2,2,3.868701696774224e-06,3.036685625179558e-10,0.9999929666519165,3.2086770715977764e-06
652,0,0,0.9996304512023926,0.00025910494150593877,4.205104414722882e-05,6.834461964899674e-05
653,0,0,0.9999996423721313,8.910805253392606e-12,4.4607473270730225e-09,3.150334180190839e-07
654,3,3,0.03916018456220627,0.007419961970299482,0.04979240521788597,0.9036275148391724
655,0,3,0.2229768931865692,6.254618710954674e-06,0.0298102255910635,0.7472066283226013
656,2,2,0.08676876127719879,2.661096368683502e-05,0.8872268199920654,0.025977831333875656
657,3,3,2.2673355033475673e-06,4.76321162068416e-07,0.0026724471244961023,0.9973248243331909
658,3,3,0.0007510373834520578,0.004248558543622494,0.029721418395638466,0.9652790427207947
659,3,0,0.6110205054283142,2.415305111469479e-08,0.034393537789583206,0.35458582639694214
660,3,3,9.479917935095727e-07,1.523142145742895e-08,0.0003315218782518059,0.9996675252914429
661,3,3,1.9708659237949178e-06,5.1358785668753626e-08,0.001250715577043593,0.9987473487854004
662,1,1,3.6731984437210485e-05,0.9994507431983948,0.0003651644801720977,0.00014734258002135903
663,2,2,0.000697045587003231,1.2116340712964302e-06,0.9990450739860535,0.00025666714645922184
664,3,2,0.0001479609782109037,8.55229427543236e-06,0.9993416666984558,0.0005018413066864014
665,1,1,8.705259097041562e-05,0.9999083280563354,2.8597501113836188e-06,1.8003530612986651e-06
666,1,1,2.625403976708185e-05,0.9999681711196899,5.4449797062261496e-06,1.6907708300095692e-07
667,2,2,0.00014944486611057073,4.974480827257821e-09,0.9998028874397278,4.764706682180986e-05
668,3,3,0.04167391359806061,3.360088885528967e-05,0.011427805759012699,0.9468646049499512
669,0,0,0.4873678684234619,9.73351052380167e-05,0.3040488660335541,0.20848597586154938
670,1,1,7.241956154757645e-07,0.9999983310699463,8.333207119903818e-07,1.7411319674920378e-07
671,3,3,0.00010008643585024402,4.189016244993127e-09,0.0015025598695501685,0.9983972907066345
672,0,0,0.9999997615814209,7.928255829625641e-10,1.3579924029727408e-07,7.294281090253207e-08
673,2,0,0.984362006187439,5.6295248214155436e-06,0.014510695822536945,0.0011216519633308053
674,1,1,7.676521249777579e-07,0.9999991655349731,6.102226279836032e-08,1.6433382654668094e-08
675,1,1,1.6197702734643826e-08,1.0,2.104774798894482e-09,4.888885407616783e-10
676,0,1,0.00030374558991752565,0.9996838569641113,1.233523744303966e-05,8.726887301691022e-08
677,0,0,0.9318315982818604,0.0017824829556047916,0.006990980356931686,0.059394918382167816
678,0,0,0.999950647354126,2.3893488105386496e-05,2.045680048468057e-05,4.919080311083235e-06
679,1,1,8.062225788307842e-06,0.9999439716339111,4.0920764149632305e-05,7.033615020191064e-06
680,3,2,7.82436691224575e-05,2.700706716041168e-07,0.9271149039268494,0.07280657440423965
681,0,0,0.9993937015533447,2.373016468482092e-05,3.993908194388496e-06,0.0005784590030089021
682,0,0,0.9065850377082825,0.06678082048892975,0.01373377162963152,0.012900405563414097
683,0,0,0.999866247177124,1.4001632075988368e-09,9.518794831819832e-05,3.845775790978223e-05
684,0,0,0.9958406090736389,4.402492777444422e-05,0.00048411538591608405,0.0036312637384980917
685,2,2,0.00029065366834402084,4.014759724668693e-06,0.7934180498123169,0.20628732442855835
686,1,1,5.742652433582407e-07,0.9999942779541016,1.473466682000435e-06,3.7027477901574457e-06
687,2,0,0.8725166320800781,0.010920868255198002,0.08902937173843384,0.027533164247870445
688,2,2,0.00025462760822847486,0.00043844711035490036,0.9989198446273804,0.0003871758817695081
689,0,3,0.14644162356853485,0.001417255960404873,0.09318467974662781,0.7589563727378845
690,1,1,1.0841131370398216e-06,0.9999958276748657,3.0708090434927726e-06,1.0050723808774364e-08
691,1,1,0.0016565454425290227,0.9983219504356384,1.9092494767392054e-06,1.956319101736881e-05
692,1,1,4.361538958619349e-05,0.9999548196792603,1.0730843769124476e-06,4.3212500600020576e-07
693,1,1,0.00016399701416958123,0.9998327493667603,1.7445822777517606e-06,1.4270200381361065e-06
694,0,0,0.9998527765274048,5.632635691199539e-09,8.510868792654946e-05,6.204775854712352e-05
695,0,0,0.9999996423721313,1.5621138826915626e-09,3.4560855510790134e-08,3.719910353083833e-07
696,1,1,0.00023815876920707524,0.9988621473312378,0.00021092777024023235,0.000688721367623657
697,0,0,0.9986351132392883,1.1870699268001772e-07,0.0008298614993691444,0.0005348431295715272
698,1,1,0.12878939509391785,0.857267439365387,0.008786847814917564,0.005156341940164566
699,0,0,0.9999819993972778,3.95130655306275e-06,1.3391902029979974e-05,7.360342806350673e-07
700,2,2,0.0003574586007744074,6.0253038100199774e-05,0.9840134978294373,0.015568782575428486
701,1,1,6.096308311498433e-07,0.9999924898147583,5.7549314078642055e-06,1.1877026508955169e-06
702,3,3,5.6002289056777954e-05,2.781341947866167e-07,1.5939782315399498e-05,0.9999277591705322
703,0,0,0.9995818734169006,0.00014304193609859794,5.747759132646024e-06,0.0002693162823561579
704,1,1,9.762665285961702e-05,0.9983606934547424,0.0014874216867610812,5.421215246315114e-05
705,1,0,0.5536544322967529,0.04587513208389282,0.0358043871819973,0.36466604471206665
706,3,3,0.0010636190418154001,1.765284650900867e-05,0.3104053735733032,0.6885133981704712
707,2,0,0.7388705015182495,0.15416498482227325,0.10294894129037857,0.00401553139090538
708,3,3,3.421687870286405e-05,1.5426143917807167e-08,0.11444096267223358,0.8855248689651489
709,3,3,4.482444921904971e-07,1.0348274459559548e-09,0.30640456080436707,0.6935949921607971
710,2,2,0.00046352852950803936,8.276912922156043e-06,0.9990593791007996,0.00046877714339643717
711,2,2,0.012976663187146187,0.00032242084853351116,0.9772598743438721,0.009441128000617027
712,2,2,0.0006189466221258044,2.0240192100118293e-07,0.9992117881774902,0.00016905694792512804
713,1,1,0.0003066750941798091,0.9996891021728516,4.1323291952721775e-06,1.4790028046718362e-07
714,1,0,0.6636632680892944,0.13257452845573425,0.2034715861082077,0.00029055826598778367
715,3,3,0.00013463782670442015,1.9932302166125737e-05,1.1628259926510509e-05,0.9998338222503662
716,3,3,6.392639625119045e-05,2.8401910157072052e-08,0.00014144413580652326,0.9997946619987488
717,1,1,0.219699889421463,0.7725361585617065,0.004283239599317312,0.0034806723706424236
718,1,1,1.5949523003655486e-05,0.9999828338623047,5.527460871235235e-07,7.54481789044803e-07
719,0,2,4.99110174132511e-05,7.839975069146021e-07,0.9998883008956909,6.0959293477935717e-05
720,0,0,0.9978050589561462,2.1906087113165995e-06,3.5357195883989334e-05,0.0021574313286691904
721,0,0,0.9994239807128906,6.370973082425735e-09,0.0004681220161728561,0.00010797859431477264
722,3,3,0.0010042472276836634,7.230398750834865e-07,0.0019188806181773543,0.997076153755188
723,2,2,0.029049836099147797,0.0016627471195533872,0.9413970112800598,0.027890358120203018
724,0,0,0.9999233484268188,5.448462161439238e-07,2.212918843724765e-05,5.396167034632526e-05
725,0,0,0.9999573230743408,9.46062073126086e-08,4.2078234400833026e-05,4.987834358871623e-07
726,1,1,0.00043302224366925657,0.9954565763473511,0.001225074171088636,0.0028853288386017084
727,0,2,0.31644123792648315,9.317262447439134e-05,0.6270958781242371,0.05636966601014137
728,2,2,0.0002085149026243016,1.2624316703124805e-08,0.9997331500053406,5.824727486469783e-05
729,2,2,3.2981370168272406e-05,4.3607442989923584e-08,0.9999561309814453,1.0767501407826785e-05
730,2,2,9.614702867111191e-05,9.523363431185317e-09,0.9998615980148315,4.224238728056662e-05
731,3,3,0.00016831351967994124,1.7092093912651762e-05,0.0007583400001749396,0.9990561604499817
732,3,3,0.0014367392286658287,0.00011269789683865383,1.4446206932916539e-06,0.9984490871429443
733,2,2,0.0014654371188953519,4.2731832650133583e-07,0.9976658821105957,0.0008683035848662257
734,2,2,5.934564251219854e-05,0.0049142902716994286,0.791976273059845,0.20304998755455017
735,1,1,0.06431446224451065,0.8568276166915894,0.011551348492503166,0.0673065036535263
736,2,2,0.021165916696190834,3.693382677738555e-05,0.9537717700004578,0.02502542920410633
737,0,0,0.9984336495399475,0.00031536296592094004,0.0012390761403366923,1.1936625014641322e-05
738,3,2,0.14952531456947327,0.26962175965309143,0.46786415576934814,0.11298869550228119
739,1,1,0.002439567120745778,0.9967082738876343,0.0004883148358203471,0.00036381863174028695
740,1,1,0.00016127564595080912,0.9998127818107605,1.2452715054678265e-05,1.3490996934706345e-05
741,3,3,2.294183286721818e-05,4.908027335659426e-07,6.623497029067948e-05,0.9999103546142578
742,0,0,0.9859447479248047,8.813839485810604e-06,1.0846931672858773e-06,0.014045369811356068
743,3,3,0.02904638834297657,0.004981927573680878,0.009600672870874405,0.9563709497451782
744,2,3,0.000213834093301557,3.252060309932858e-07,0.021679718047380447,0.9781061410903931
745,2,2,0.003887980477884412,6.695655088151398e-07,0.9930716156959534,0.0030398275703191757
746,2,2,0.00010720372665673494,2.1267175043249154e-07,0.9998034834861755,8.917308878153563e-05
747,0,1,1.8076039850711823e-05,0.9999780654907227,1.7268613419219037e-06,2.2011276996636298e-06
748,3,3,1.8645110685611144e-05,4.935364117386598e-09,4.312590681365691e-05,0.9999382495880127
749,1,1,2.9398537662927993e-05,0.9999693632125854,2.761080963864515e-07,9.000164595818205e-07
750,0,0,0.9998875856399536,1.7777045613343034e-08,3.871301942126593e-06,0.00010852712875930592
751,2,2,0.008892763406038284,0.0009834168013185263,0.9184352159500122,0.07168862968683243
752,1,1,1.782213439582847e-05,0.9999740123748779,4.026786882604938e-06,4.193749191472307e-06
753,1,1,1.2176058589830063e-05,0.9999858140945435,1.3277669950184645e-06,6.821124429734482e-07
754,0,0,0.8812395930290222,0.00021409108012448996,0.06933693587779999,0.0492093600332737
755,3,3,0.0004985799314454198,0.00909221637994051,0.06718555092811584,0.9232236742973328
756,0,0,0.9783177375793457,0.0016399878077208996,0.0007705238531343639,0.019271714612841606
757,0,0,0.9996676445007324,6.976561417104676e-05,0.00016374459664802998,9.880775905912742e-05
758,3,3,0.0015020910650491714,2.924550415173144e-07,0.004913879092782736,0.9935837388038635
759,1,1,2.5302304607066617e-07,0.9999864101409912,1.3272698197397403e-05,1.4948076909604424e-07
760,2,2,0.01822248473763466,0.0006780379335395992,0.9748567342758179,0.006242730654776096
761,3,3,0.0005865368293598294,8.06719171464465e-08,0.0008075344958342612,0.9986057877540588
762,2,3,0.00019050450646318495,5.373892690840876e-07,0.27206432819366455,0.7277446389198303
763,3,3,7.988638390088454e-05,6.101969063365686e-08,0.011184881441295147,0.9887351393699646
764,0,0,0.9999077320098877,5.4425716371042654e-05,7.281520311153145e-07,3.707761425175704e-05
765,1,1,0.00015089385851752013,0.9998465776443481,1.9607525700848782e-06,5.562818614635034e-07
766,1,1,2.2505771539726993e-06,0.9999943971633911,2.9842640287824906e-06,3.195816873358126e-07
767,1,1,1.3867300367564894e-05,0.9999113082885742,7.412717241095379e-05,6.656341611233074e-07
768,0,0,0.9997969269752502,3.77512021643156e-09,1.4439485312323086e-05,0.00018864970479626209
769,1,1,0.013429480604827404,0.9863141775131226,0.0001221420243382454,0.0001341065944870934
770,2,2,0.0001408439566148445,4.264124527253443e-06,0.9994955062866211,0.0003593343135435134
771,1,1,9.725334530230612e-05,0.9998155236244202,1.5700041331001557e-05,7.153151091188192e-05
772,0,2,0.2647913098335266,2.117766416631639e-05,0.7334328293800354,0.0017546825110912323
773,1,1,9.515256138570294e-09,0.9999998807907104,5.255387236502429e-08,7.345180463858014e-09
774,1,1,0.00017731233674567193,0.9997580647468567,1.1142234143335372e-05,5.348196282284334e-05
775,0,0,0.9999479055404663,1.1672042091959156e-05,1.955222978722304e-05,2.0849398424616084e-05
776,3,3,0.1253211796283722,8.342940418515354e-06,0.08280321210622787,0.7918672561645508
777,1,1,0.0010050932178273797,0.9982622265815735,0.0007050095591694117,2.7687763576977886e-05
778,3,3,2.500693653928465e-06,1.4505566192646313e-10,0.0005251418333500624,0.9994723200798035
779,1,1,3.267103238613345e-05,0.9998595714569092,4.29030587838497e-05,6.478972500190139e-05
780,0,0,0.999909520149231,8.448289736406878e-05,1.6928457853282453e-06,4.364497726783156e-06
781,0,0,0.9940330386161804,5.032372882851632e-06,0.005351621191948652,0.0006103619816713035
782,1,1,0.00087311229435727,0.9986035227775574,0.0003781286650337279,0.0001452741853427142
783,3,3,0.000842496519908309,7.718669803580269e-05,0.006498349830508232,0.9925819635391235
784,1,1,0.0001261745928786695,0.9998230338096619,3.703164111357182e-05,1.3779821529169567e-05
785,0,0,0.999933123588562,2.0232851966284215e-05,2.0257701180526055e-05,2.6419893401907757e-05
786,0,0,0.9912819862365723,7.698469062233926e-08,0.008265281096100807,0.00045264785876497626
787,1,1,8.656979844090529e-06,0.9999912977218628,2.561361611697066e-08,7.902723808683731e-09
788,2,2,0.006490252446383238,1.619323666091077e-05,0.9924083948135376,0.0010850836988538504
789,3,0,0.6869044899940491,0.004516446031630039,0.08242727071046829,0.22615179419517517
790,0,0,0.9995443224906921,4.249361154506914e-06,2.953275100026076e-07,0.0004511061997618526
791,3,3,3.6924637242918834e-05,1.310139197130411e-07,0.0006749359890818596,0.999288022518158
792,0,0,0.9999996423721313,4.0127949574308985e-11,2.104202394548338e-07,1.210085400771277e-07
793,1,1,4.305406037019566e-05,0.9999558925628662,5.789877945971966e-07,4.844927730118798e-07
794,3,3,0.0016244571888819337,0.07639674097299576,0.08256217837333679,0.8394165635108948
795,0,0,0.9977364540100098,1.4859218936180696e-05,0.0009600386256352067,0.0012886186596006155
796,2,2,0.10252215713262558,0.003554007038474083,0.45247653126716614,0.44144734740257263
797,0,0,1.0,2.82925904926401e-10,4.03301356755037e-08,1.3203598214772683e-08
798,1,1,0.4199742078781128,0.5492787957191467,0.0005169443320482969,0.030230024829506874
799,0,0,0.9996606111526489,3.054554387205144e-09,6.586761446669698e-05,0.00027345973649062216
800,1,1,2.910424882429652e-06,0.9999961853027344,7.402960022773186e-07,6.628332727132147e-08
801,1,1,1.0493550206547297e-07,0.9999996423721313,2.1483411671852082e-07,2.5186777108388014e-08
802,0,0,0.9919459223747253,0.00017327531531918794,0.0009124334901571274,0.006968390196561813
803,0,0,0.9992597699165344,0.0004641855484806001,8.924621397454757e-07,0.00027521251467987895
804,2,2,0.2331009954214096,0.00968117080628872,0.7522832155227661,0.004934562835842371
805,3,3,9.61734940574388e-07,1.0522715143679306e-08,0.001256648451089859,0.998742401599884
806,2,2,0.06518473476171494,0.00020389990822877735,0.676354169845581,0.2582571506500244
807,1,1,1.3711285191675415e-06,0.9999985694885254,4.825874810876485e-08,1.3033186974098498e-08
808,0,0,0.9999628067016602,2.742881861195201e-06,2.0100940673728473e-05,1.4263191587815527e-05
809,1,1,4.525513941189274e-05,0.9999251365661621,2.903912536567077e-05,6.172208486532327e-07
810,0,0,0.9999997615814209,4.976684397917097e-09,5.017267046270035e-09,2.0163312797194521e-07
811,3,2,0.002235547872260213,2.9235614420031197e-05,0.6017076969146729,0.39602747559547424
812,3,3,5.119689740240574e-05,7.61734963816707e-06,0.007389387581497431,0.9925518035888672
813,0,0,0.9998724460601807,1.7559136722411495e-06,0.00010809568630065769,1.769777554727625e-05
814,1,1,5.368001438910142e-07,0.9999992847442627,8.284486341381125e-08,1.202793953325454e-07
815,0,0,0.9923766255378723,3.324821591377258e-05,0.0005871441680938005,0.007003057282418013
816,2,3,0.0869189128279686,0.01245932001620531,0.40608274936676025,0.4945389926433563
817,1,1,2.224810032203095e-06,0.9999977350234985,6.955937692509906e-08,2.3814500593744015e-08
818,0,0,0.9999986886978149,1.6939196711973636e-07,7.92551531958452e-07,3.3614250583013927e-07
819,0,2,0.00606742687523365,0.0011484331917017698,0.9490622878074646,0.04372183233499527
820,0,0,0.9999171495437622,2.480466605447873e-07,6.308924639597535e-05,1.9494971638778225e-05
821,1,1,1.761414750944823e-05,0.9999663829803467,4.4103430241193564e-07,1.5626283129677176e-05
822,1,1,0.01504074689000845,0.9845970273017883,8.335280290339142e-05,0.0002788389101624489
823,1,1,0.00013587863941211253,0.9991982579231262,0.0004468607367016375,0.0002190468949265778
824,2,2,0.01636328734457493,0.00010993889009114355,0.9442420601844788,0.03928467631340027
825,1,1,0.00011642117897281423,0.9998266100883484,5.570219218498096e-05,1.280607307307946e-06
826,0,0,0.9999130964279175,1.3660303011420183e-05,2.5616904167691246e-05,4.756134148919955e-05
827,1,1,5.844839961355319e-06,0.999990701675415,1.8829293821909232e-06,1.5409879097205703e-06
828,0,0,0.9955516457557678,7.11021275492385e-05,0.003712748410180211,0.0006644552922807634
829,0,0,0.9998501539230347,8.898257874534465e-06,9.899464930640534e-05,4.1885759856086224e-05
830,0,0,0.993443489074707,1.1892182101291837e-06,0.001072788960300386,0.005482442677021027
831,0,0,0.9999991655349731,3.047094594421651e-07,4.2383143750157615e-07,6.281119624418352e-08
832,0,0,0.9789133667945862,0.003631237894296646,0.01696290634572506,0.0004925663815811276
833,0,0,0.8235703706741333,0.1733972132205963,0.0010501147480681539,0.0019823319744318724
834,1,1,8.618449669484107e-07,0.9999990463256836,2.0613049045437037e-09,1.7286284048623202e-07
835,2,2,0.015262735076248646,0.0001741390733513981,0.7058053612709045,0.2787577509880066
836,2,2,7.255175091813726e-07,4.019761945528444e-07,0.9998278617858887,0.0001710215728962794
837,1,1,0.001208087312988937,0.9958456158638,0.002376860473304987,0.0005694819265045226
838,0,0,0.9991369843482971,4.677593460655771e-05,0.00027051070355810225,0.0005457495572045445
839,3,2,7.937874033814296e-05,2.6097627596755046e-06,0.9536893963813782,0.04622863233089447
840,1,1,1.3645833860209677e-05,0.9999605417251587,2.581636181275826e-05,4.140145293263231e-08
841,0,0,0.9999850988388062,7.105231247805932e-07,6.275779924180824e-06,7.83697123551974e-06
842,1,1,0.00239438540302217,0.9976050853729248,4.2046841031151416e-07,1.0551695339700018e-07
843,1,1,0.0002456635993439704,0.9997231364250183,1.4263554476201534e-05,1.689712007646449e-05
844,0,0,0.9999772310256958,1.706965768732971e-08,1.6120506188599393e-05,6.624788966291817e-06
845,3,3,0.0006966096698306501,0.0006713325274176896,0.0055291843600571156,0.9931029081344604
846,0,0,0.9999996423721313,3.622958322235803e-10,3.196092848156695e-07,4.652551410799788e-08
847,0,0,0.8839153051376343,0.008331116288900375,0.0953507050871849,0.012402919121086597
848,0,0,0.9997493624687195,1.0350443346851534e-07,8.256741921286448e-07,0.00024971325183287263
849,1,1,0.027271557599306107,0.9670335650444031,0.00032093716436065733,0.005373971536755562
850,3,3,0.013327408581972122,2.8328786356723867e-05,0.03094852901995182,0.955695629119873
851,1,1,7.809769613231765e-07,0.9999991655349731,4.6746539084097094e-08,2.5680282345064143e-09
852,0,0,0.9162701368331909,1.898547270684503e-05,0.022311203181743622,0.06139969825744629
853,1,1,0.05763328820466995,0.9370224475860596,0.0011740452609956264,0.004170318599790335
854,1,1,0.0008074931101873517,0.9990260601043701,0.0001597794471308589,6.71871384838596e-06
855,1,2,0.025737019255757332,0.0038838970940560102,0.9530738592147827,0.017305226996541023
856,1,1,3.90493681834414e-07,0.9999996423721313,1.8617138053400595e-08,3.905625600708618e-09
857,1,1,0.004710174631327391,0.8491091132164001,0.08684846758842468,0.05933217331767082
858,1,1,8.481170516461134e-05,0.9999105930328369,1.0836139807679501e-07,4.57861142422189e-06
859,3,3,0.00014400765940081328,6.4828724610777044e-09,0.010352945886552334,0.989503026008606
860,0,0,0.9999983310699463,1.7742928548614145e-07,4.657333931845642e-07,9.633824902266497e-07
861,2,2,0.34232306480407715,7.014288257778389e-06,0.6568275690078735,0.0008423800463788211
862,1,1,3.6914238989993464e-06,0.9999936819076538,3.1170146463921355e-09,2.600396328489296e-06
863,1,1,0.00042681771446950734,0.9990618824958801,0.00020452082389965653,0.0003067411598749459
864,2,2,0.013247277587652206,4.125624764128588e-05,0.9834856986999512,0.003225760068744421
865,2,2,0.0015794825740158558,4.066311248607235e-06,0.9982894062995911,0.00012709296424873173
866,3,3,0.10465610772371292,2.576921815489186e-06,0.00022806847118772566,0.8951132893562317
867,2,2,3.840396857412998e-06,1.062834257936629e-06,0.9978018403053284,0.0021932795643806458
868,0,0,0.9999971389770508,2.777329655145877e-06,5.903400790430169e-08,3.268735326855676e-08
869,0,0,0.9979023933410645,2.447017322992906e-06,0.0005606457125395536,0.0015344612766057253
870,1,1,4.30673708251561e-06,0.9999957084655762,3.828332850730476e-08,1.862807685881762e-08
871,1,1,0.06317976862192154,0.9168639183044434,0.000494584790430963,0.01946175843477249
872,1,1,2.8805499141526525e-07,0.9999974966049194,1.7273939647566294e-06,4.353023541625589e-07
873,1,1,0.09359733760356903,0.8772132396697998,0.010887603275477886,0.018301742151379585
874,1,1,0.001992737175896764,0.9866464138031006,0.007366511505097151,0.003994327038526535
875,1,1,0.00010242088319500908,0.9995437264442444,0.0003382799623068422,1.5461955626960844e-05
876,2,2,0.26758986711502075,0.000539513654075563,0.7137304544448853,0.018140185624361038
877,2,3,1.4337203992909053e-06,1.0120798776824813e-07,0.01973431184887886,0.9802640676498413
878,1,1,9.797898383112624e-05,0.9997865557670593,5.482929918798618e-05,6.0708502132911235e-05
879,0,0,0.9969964027404785,1.9160827946507197e-07,0.0029969094321131706,6.446611223509535e-06
880,3,3,2.507338285795413e-05,5.046416390541708e-06,0.0007864070357754827,0.9991834759712219
881,2,0,0.6697002649307251,0.3244423568248749,0.004845380783081055,0.0010120227234438062
882,0,0,0.9999923706054688,4.439334233552472e-09,1.7796586462281994e-06,5.783370397693943e-06
883,2,2,2.5143419406958856e-05,2.9013210678385803e-07,0.9999717473983765,2.793377461784985e-06
884,1,1,0.00575144961476326,0.9941946864128113,5.207684444030747e-05,1.7538462770971819e-06
885,1,1,5.340482223115117e-11,1.0,1.0227879654323146e-10,5.380551212907925e-11
886,1,1,2.713239155127667e-06,0.9999953508377075,1.6680507997079985e-06,2.8305512955739687e-07
887,2,3,7.791387179167941e-05,6.1251871557033155e-06,0.02497568354010582,0.9749402403831482
888,1,1,1.3084822057862766e-05,0.9999856948852539,1.0676541251086746e-06,8.703320730774067e-08
889,2,2,0.008865084499120712,6.599504558835179e-05,0.9285144209861755,0.06255452334880829
890,2,2,0.05463489517569542,1.8560207536211237e-05,0.938182532787323,0.007164061535149813
891,1,1,2.5404258394701174e-06,0.9999970197677612,4.290342872081965e-07,4.3335184329862386e-08
892,2,3,0.0003828555054496974,8.844929766382847e-07,0.009243507869541645,0.9903727769851685
893,0,0,0.6589938402175903,0.02132612280547619,0.016020849347114563,0.30365926027297974
894,0,0,0.9999628067016602,7.443846754273675e-12,8.813730119072716e-07,3.635802568169311e-05
895,2,2,0.0002601301821414381,0.0006926783244125545,0.9989470839500427,0.00010016570740845054
896,0,0,0.9665341377258301,0.0031455080024898052,0.02175465226173401,0.008565671741962433
897,0,0,0.9999364614486694,1.6678641259204596e-05,4.071889634360559e-06,4.284004171495326e-05
898,0,0,0.8264312148094177,0.0012725744163617492,0.15182334184646606,0.02047288790345192
899,2,2,0.027821077033877373,0.0038025013636797667,0.7192524075508118,0.2491239756345749
900,2,2,0.021501541137695312,1.1168750461365562e-05,0.9760012626647949,0.0024859707336872816
901,1,1,0.00016772728122305125,0.9995760321617126,0.000244626629864797,1.1551899660844356e-05
902,2,2,9.10657490749145e-06,2.8649653760481897e-09,0.9942924976348877,0.005698393564671278
903,0,0,0.9999986886978149,2.0456865001960978e-07,3.531236529852322e-07,7.712995966357994e-07
904,3,3,0.00021450017811730504,1.451236812499701e-06,0.019161507487297058,0.9806225299835205
905,1,1,0.0051612574607133865,0.9947925209999084,1.2476575648179278e-06,4.495518805924803e-05
906,2,2,0.006734461523592472,1.540203629701864e-05,0.9867380857467651,0.006512051448225975
907,2,2,2.4933156055340078e-06,8.665564621423982e-08,0.9998819828033447,0.00011546353925950825
908,0,0,0.9975653886795044,1.2307054930715822e-05,1.4930328688933514e-05,0.0024073305539786816
909,2,2,0.0005830458248965442,3.052853116969345e-07,0.9925935864448547,0.006823049858212471
910,3,3,3.279195516370237e-05,1.2752806242133374e-06,0.00464174710214138,0.9953241944313049
911,2,2,4.7200250264722854e-05,2.458770431701396e-08,0.9998165965080261,0.0001361612230539322
912,3,1,2.2462604221118454e-08,1.0,2.98744687841912e-12,4.152119759126549e-10
913,1,1,0.0036103539168834686,0.9962363839149475,0.00010569359437795356,4.763874676427804e-05
914,2,2,0.00037319204420782626,6.771081189071992e-07,0.9995747208595276,5.144701572135091e-05
915,0,0,1.0,3.630514671445345e-13,6.41652911359536e-11,1.5822626542316698e-09
916,2,2,0.001712663215585053,2.0390451993534953e-07,0.9966002106666565,0.0016868764068931341
917,1,1,2.989720027102294e-09,1.0,1.8947835300764382e-08,3.2107210223841776e-09
918,0,0,0.9652323126792908,0.0012364330468699336,0.013183312490582466,0.02034801058471203
919,0,0,0.9998378753662109,1.2199022592085385e-07,0.00015552212425973266,6.4370533436886035e-06
920,3,3,0.0006610401323996484,2.7536398508609672e-11,0.25245681405067444,0.7468821406364441
921,3,3,0.0039329128339886665,4.759073817695025e-06,0.0017240260494872928,0.99433833360672
922,2,2,0.04749007895588875,1.00913496225985e-06,0.9457292556762695,0.006779676768928766
923,2,2,1.7788766854209825e-05,9.251482246952492e-09,0.9999805688858032,1.6874179209480644e-06
924,0,0,0.9993307590484619,4.009763472367922e-07,9.177775064017624e-05,0.0005770885618403554
925,0,0,0.673435389995575,0.11918212473392487,0.1518697738647461,0.055512700229883194
926,0,0,0.9995771050453186,3.080653812048695e-07,1.7765538359526545e-05,0.0004047903057653457
927,3,3,0.00553679745644331,2.2338799681165256e-06,0.0682532861828804,0.9262077212333679
928,3,3,2.1517801087611588e-06,3.1847453563216277e-09,0.0011280792532488704,0.9988697171211243
929,1,1,0.0270683653652668,0.9708488583564758,0.0018159400206059217,0.00026678043650463223
930,0,2,0.3826269507408142,4.923040251014754e-05,0.6164038777351379,0.0009198928601108491
931,2,2,0.001468027476221323,4.544067269307561e-05,0.9944835305213928,0.004002993926405907
932,2,2,0.00759088434278965,0.012634201906621456,0.9723473787307739,0.007427575066685677
933,3,3,0.023016253486275673,2.5638232727942523e-06,0.12347658723592758,0.8535046577453613
934,3,3,1.0475974931978271e-06,8.985302457631406e-08,0.004722216632217169,0.9952765703201294
935,1,1,0.00041780859464779496,0.9993873834609985,0.00016940559726208448,2.541244975873269e-05
936,2,2,2.4409926481894217e-05,1.3966573533252813e-05,0.9994039535522461,0.0005576202529482543
937,0,0,0.9979821443557739,0.00037532608257606626,0.001070366008207202,0.0005721650668419898
938,0,0,0.963434636592865,0.0068605802953243256,0.0014704604400321841,0.02823430858552456
939,1,1,1.868973413365893e-05,0.9999808073043823,6.011403819172756e-09,4.920445917377947e-07
940,1,1,1.8461645595380105e-05,0.9999812841415405,1.0030259289806054e-08,2.4442081780762237e-07
941,3,3,1.3807819414068945e-05,9.995947891638934e-08,0.0020983831491321325,0.9978876709938049
942,0,2,0.012026598677039146,1.998479319809121e-07,0.7795904874801636,0.20838263630867004
943,1,1,5.71407667848689e-07,0.999984860420227,5.220820639806334e-06,9.310768291470595e-06
944,3,2,0.006974393501877785,0.00029547803569585085,0.6158435940742493,0.3768864870071411
945,1,1,1.258280190086225e-05,0.9999825954437256,4.025362159154611e-06,8.163580105247092e-07
946,3,3,0.02341049537062645,5.9002474017688655e-08,0.0005881102406419814,0.9760012626647949
947,1,1,1.5144313181281177e-07,0.9999988079071045,8.625263490102952e-07,1.2035873453442036e-07
948,0,0,0.9994385838508606,0.000352116854628548,3.598977127694525e-05,0.00017324932559859008
949,1,1,3.850532721116906e-06,0.9999918937683105,3.0216322102205595e-06,1.2083145293217967e-06
950,2,2,0.023534992709755898,0.00018119152809958905,0.9571353793144226,0.01914852485060692
951,3,0,0.5869728326797485,0.0033970584627240896,0.23442772030830383,0.1752023994922638
952,1,1,0.0034832630772143602,0.9869344234466553,0.007337134797126055,0.0022451640106737614
953,2,2,0.3263743221759796,4.9288402806269005e-05,0.6725051403045654,0.001071248552761972
954,3,3,0.0060086022131145,1.9275792055850616e-06,0.007424566894769669,0.9865649938583374
955,2,2,0.07469070702791214,2.5432555617044272e-08,0.8571649789810181,0.06814435869455338
956,3,3,0.0001418220199411735,1.4485848623735365e-05,0.017658431082963943,0.9821851849555969
957,3,3,4.4984805214198786e-08,1.3289057632093204e-09,0.0008315843879245222,0.9991683959960938
958,0,0,0.9978737831115723,9.845976478572993e-09,0.0003183101362083107,0.0018078509019687772
959,1,1,1.15267857836443e-05,0.9998600482940674,3.730317814643058e-07,0.00012802986020687968
960,3,3,0.00011765790986828506,2.3246139388422016e-11,7.66233351896517e-05,0.999805748462677
961,0,0,0.9983443021774292,4.4433878798599835e-08,0.0004165483987890184,0.0012390633346512914
962,0,0,0.9998971223831177,1.497304310760228e-06,3.6897992686135694e-05,6.442283483920619e-05
963,2,2,0.0027370594907552004,4.6417363819273305e-07,0.9970980882644653,0.00016437673184555024
964,2,2,1.711769618850667e-05,2.1226453839062742e-07,0.8254744410514832,0.1745082288980484
965,2,2,3.918397396773798e-06,6.139364572277373e-10,0.9999946355819702,1.3743213003181154e-06
966,1,1,4.8888337005337235e-06,0.9999836683273315,1.6345616131729912e-06,9.72509224084206e-06
967,0,1,0.0009610862471163273,0.9989981055259705,3.0501500077662058e-05,1.038500795402797e-05
968,3,3,3.364464646438137e-05,1.1339338357174711e-07,0.0007086206460371614,0.9992576241493225
969,3,3,1.4145297200229834e-06,6.6327645598107665e-09,0.0003177481994498521,0.9996808767318726
970,2,2,1.3412876796792261e-05,7.5281045610609e-06,0.9999619722366333,1.7015576304402202e-05
971,3,3,5.799092832603492e-05,0.01153180655092001,0.004774069879204035,0.9836360812187195
972,0,0,0.999982476234436,6.620001435919676e-09,1.6452780982945114e-05,1.0618160786179942e-06
973,0,3,0.20795178413391113,0.00054567662300542,0.0011714666616171598,0.7903310656547546
974,1,1,3.370524837009725e-08,1.0,1.3355945238657796e-09,1.3474600102370005e-08
975,1,1,1.9487980118526593e-09,1.0,1.261108995009863e-10,3.332612311113259e-11
976,3,3,0.0010068119736388326,5.563835657085292e-06,0.010957149788737297,0.9880304932594299
977,3,3,2.4267621938633965e-06,3.9638795024110607e-10,0.0006186500540934503,0.9993789196014404
978,0,0,0.9999470710754395,4.235432626842339e-08,4.144737613387406e-05,1.1421816452639177e-05
979,3,3,8.920294931158423e-05,7.506427550652006e-07,0.002501710783690214,0.9974083304405212
980,2,2,8.997957934298029e-07,1.9798140016291654e-08,0.9999969005584717,2.1408998236438492e-06
981,3,3,0.0010239987168461084,8.136556061799638e-06,0.04509827494621277,0.9538695216178894
982,3,3,2.0052668332937174e-05,1.2390944448270602e-06,0.00031463251798413694,0.9996641874313354
983,1,1,0.0898333340883255,0.8961975574493408,4.54196342616342e-05,0.013923759572207928
984,1,1,6.051770833437331e-05,0.999925971031189,1.1106864803878125e-05,2.435135456835269e-06
985,3,3,5.163705282029696e-06,6.086507409186481e-10,0.00016684892761986703,0.9998279809951782
986,0,0,0.9999405145645142,1.657359973705752e-07,1.2281700946914498e-05,4.7086228732950985e-05
987,0,0,0.9894540309906006,5.336591129889712e-06,0.00013836845755577087,0.010402301326394081
988,3,3,1.5972002529451856e-06,1.6126733629051593e-11,8.692913070262875e-06,0.9999897480010986
989,3,3,3.338224269100465e-05,8.337558199400519e-08,0.03723977133631706,0.9627267718315125
990,1,1,1.8952084701595595e-06,0.9999963045120239,1.5381524463009555e-06,1.8127451539839967e-07
991,2,2,0.0003157005412504077,8.709114354132907e-07,0.9996397495269775,4.374180207378231e-05
992,0,0,0.995790421962738,9.874266879705829e-07,0.003182530403137207,0.001026110490784049
993,0,0,0.9998862743377686,1.0149228728550952e-05,5.738222898798995e-05,4.6244473196566105e-05
994,3,3,6.7768087319564074e-06,4.786622209707048e-10,0.005249362904578447,0.994743824005127
995,1,1,0.005666035693138838,0.9940003156661987,0.00019120756769552827,0.00014248528168536723
996,1,1,0.010577897541224957,0.9883508682250977,6.825166201451793e-05,0.001003017881885171
997,1,1,0.008354577235877514,0.9916330575942993,3.216131062799832e-06,9.060546290129423e-06
998,3,3,9.38541049322339e-08,4.1977277760452125e-06,0.0039647966623306274,0.9960309863090515
999,0,0,0.9994885921478271,0.00042299480992369354,5.552057336899452e-05,3.281473254901357e-05
1000,2,2,0.0003827168548014015,2.72264128398092e-06,0.998884379863739,0.000730154279153794
1001,2,2,0.010421628132462502,0.00017200403090100735,0.8874120116233826,0.1019943580031395
1002,3,3,0.0007636715308763087,3.848200549327885e-07,4.748473656945862e-05,0.9991884827613831
1003,0,0,0.998434841632843,0.0001670124038355425,0.0013191417092457414,7.905797247076407e-05
1004,3,3,0.35712727904319763,0.003441529581323266,0.15487560629844666,0.48455560207366943
1005,3,3,0.0861893743276596,0.009055310860276222,0.12440326809883118,0.7803520560264587
1006,2,2,0.01628098264336586,0.00020509377645794302,0.9815726280212402,0.0019412452820688486
1007,1,1,3.984173133630975e-07,0.9999996423721313,3.456287700487337e-09,8.97022989221341e-09
1008,1,1,0.40902936458587646,0.5867685079574585,0.00026259670266881585,0.003939587622880936
1009,3,3,4.256200099916896e-06,4.05542888159971e-09,8.692482879268937e-06,0.999987006187439
1010,2,2,5.2960076573072e-06,1.3577948765330916e-09,0.9999889135360718,5.8252530834579375e-06
1011,3,3,0.2254972606897354,1.0842423847634564e-08,0.3007437288761139,0.4737590551376343
1012,2,2,9.751012839842588e-06,7.2226443990075495e-06,0.9999102354049683,7.28154627722688e-05
1013,3,3,0.006639749743044376,4.4445996536524035e-06,0.003978777676820755,0.9893770217895508
1014,3,3,0.00041598003008402884,4.1582609355828026e-07,0.0004823789349757135,0.9991012811660767
1015,3,3,1.664989031269215e-05,1.1673267685807787e-08,0.055186618119478226,0.9447966814041138
1016,1,1,0.00013901399506721646,0.9995953440666199,2.777735426207073e-05,0.0002378708013566211
1017,0,3,0.2701861262321472,0.000161570351338014,0.0016538876807317138,0.7279984354972839
1018,2,2,0.0001580313837621361,7.979361527077344e-08,0.9978623986244202,0.001979498891159892
1019,3,0,0.6069738268852234,0.02373838797211647,0.002018319210037589,0.3672694265842438
1020,1,1,6.482299568233429e-07,0.9999992847442627,2.6618618420570783e-08,4.955297683295612e-08
1021,0,0,0.9998382329940796,9.870862413663417e-06,0.00013573607429862022,1.610999788681511e-05
1022,3,3,0.01773958094418049,1.545488521514926e-05,0.0010780829470604658,0.9811668992042542
1023,2,2,0.0012509567895904183,3.172010474372655e-05,0.9916983842849731,0.0070189074613153934
1024,3,3,0.00016769164358265698,1.136827698644538e-08,0.00016085828247014433,0.999671459197998
1025,2,2,2.9574473501270404e-06,2.8053210865408573e-09,0.9999960660934448,9.483476333116414e-07
1026,3,3,0.015595393255352974,1.6440287353702843e-08,0.43592727184295654,0.5484773516654968
1027,3,3,2.4205210138461553e-05,6.065125148779771e-07,0.009820121340453625,0.9901551008224487
1028,0,1,0.40702033042907715,0.5878548622131348,0.002479207469150424,0.0026455915067344904
1029,2,2,0.00021627933892887086,1.9299262987715338e-07,0.9863001704216003,0.013483471237123013
1030,2,2,0.3145502507686615,0.0009565756190568209,0.6401675939559937,0.044325586408376694
1031,3,3,3.962370101362467e-06,7.923880995797106e-10,0.0018073196988552809,0.9981886744499207
1032,3,3,4.229837577440776e-05,4.508393885771511e-06,9.643863450037315e-06,0.9999434947967529
1033,0,0,0.9972557425498962,4.434308266354492e-06,0.001705130678601563,0.0010346826165914536
1034,1,1,1.1245042514929082e-06,0.9999957084655762,1.5477883152925642e-06,1.6564237057536957e-06
1035,3,3,0.03621049225330353,8.738028896004835e-07,0.003207276575267315,0.960581362247467
1036,2,2,0.008681869134306908,2.3467090670692414e-07,0.8087162375450134,0.18260161578655243
1037,3,3,4.333569813752547e-05,2.3004506033430516e-07,0.15798959136009216,0.8419669270515442
1038,3,3,0.0007521962397731841,2.247360043838853e-06,0.0045072459615767,0.9947382807731628
1039,0,0,0.951840341091156,0.0003183250955771655,0.0074638547375798225,0.040377531200647354
1040,1,1,1.9600749965320574e-06,0.9999740123748779,1.171981875813799e-05,1.2223791600263212e-05
1041,0,0,0.7629903554916382,0.0002848173025995493,0.05928559601306915,0.17743921279907227
1042,3,3,0.0668802559375763,0.0015462561277672648,0.37319719791412354,0.5583762526512146
1043,3,0,0.4894651174545288,1.193499792861985e-05,0.03561554476618767,0.47490745782852173
1044,2,2,4.1378356399945915e-05,1.855775195735987e-07,0.9999340772628784,2.4392078557866625e-05
1045,3,3,2.1634308211559983e-07,1.4724296001217274e-12,0.0001018800467136316,0.999897837638855
1046,3,3,9.994505671784282e-05,2.818840414420265e-07,0.0019492291612550616,0.9979506134986877
1047,0,0,0.9999297857284546,1.3961820286567672e-06,4.6346183808054775e-05,2.248013515782077e-05
1048,1,1,0.027627602219581604,0.9685256481170654,0.0028916392475366592,0.0009551035473123193
1049,0,0,0.999943733215332,8.098275543488853e-07,8.976897333923262e-06,4.655809607356787e-05
1050,2,2,0.0021053014788776636,0.0016968388808891177,0.981015682220459,0.015182186849415302
1051,2,3,0.0011796943144872785,2.0988778487662785e-05,0.01881985180079937,0.979979395866394
1052,0,0,0.9704155921936035,0.00011263179476372898,0.025175435468554497,0.004296429920941591
1053,0,0,0.5206834673881531,0.00014339011977426708,0.028660280629992485,0.4505128860473633
1054,1,1,0.017204049974679947,0.9645648002624512,0.013548716902732849,0.004682393744587898
1055,1,1,3.43494612025097e-05,0.9999644756317139,7.566800377389882e-07,4.04079514737532e-07
1056,1,1,0.005353759974241257,0.9891695380210876,0.0038635090459138155,0.0016130831791087985
1057,3,3,0.25484851002693176,3.602117067202926e-05,0.12730081379413605,0.6178146600723267
1058,0,0,0.9999983310699463,1.2443439345588558e-07,1.4388333511305973e-06,1.3424522649074788e-07
1059,3,3,7.478290172002744e-06,1.038996728652819e-07,0.0007173424237407744,0.9992750287055969
1060,1,1,0.032445162534713745,0.9672964811325073,0.0002275568404002115,3.080680835410021e-05
1061,0,0,0.9956285953521729,2.1950322661723476e-06,0.0026356696616858244,0.0017334535950794816
1062,2,3,0.027750374749302864,0.014627749100327492,0.01172128226608038,0.9459006190299988
1063,2,2,0.00011923196143470705,1.8072573766403366e-06,0.9966214895248413,0.003257354022935033
1064,0,0,0.9999878406524658,1.3175217361549585e-07,6.905352165631484e-06,5.070844963483978e-06
1065,0,0,0.9933972358703613,4.466754148779728e-07,0.00039911610656417906,0.0062032402493059635
1066,3,3,0.0008585089235566556,6.338271574257703e-10,0.036489058285951614,0.9626523852348328
1067,3,3,0.05108560249209404,1.552289722894784e-05,0.03587188571691513,0.9130268692970276
1068,2,2,0.0014344715746119618,4.838955283048563e-05,0.8716169595718384,0.12690018117427826
1069,1,1,0.000367044354788959,0.9994428753852844,9.744526323629543e-05,9.255348413717002e-05
1070,3,3,0.022378969937562943,6.260920144995907e-06,0.25282809138298035,0.7247867584228516
1071,3,3,1.2841176157962764e-06,1.9211660040596712e-10,8.423160033999011e-05,0.9999145269393921
1072,3,3,0.0008521188865415752,5.112237431603717e-06,0.004292880650609732,0.9948498606681824
1073,3,3,0.0014623134629800916,0.0008902784902602434,0.01944924145936966,0.9781980514526367
1074,3,2,0.0009954936103895307,1.4382177369043347e-06,0.7040178775787354,0.2949851453304291
1075,3,3,5.290806439006701e-05,2.144258637315488e-08,3.527698936522938e-05,0.9999117851257324
1076,3,3,4.6073702719695575e-07,1.0980445885877543e-08,0.0005482402048073709,0.9994513392448425
1077,2,2,4.0856491978047416e-05,1.4410059812064446e-09,0.9999362230300903,2.2891919797984883e-05
1078,3,3,8.63243349158438e-06,5.093633154151789e-11,5.381602386478335e-05,0.9999375343322754
1079,3,3,0.0013488255208358169,0.0001728278148220852,0.3761230707168579,0.6223552227020264
1080,0,1,0.16832272708415985,0.8306722044944763,0.0003771161427721381,0.0006279906956478953
1081,1,1,1.0992172292390023e-06,0.9999988079071045,1.0482218470997395e-07,8.926154926314211e-09
1082,1,1,7.290132634807378e-05,0.9999253749847412,1.3520024140234455e-06,2.995672900851787e-07
1083,2,2,0.00010794279660331085,8.052761586441193e-07,0.99988853931427,2.661554390215315e-06
1084,2,0,0.9978947043418884,5.089125920676452e-07,0.002035687444731593,6.911534728715196e-05
1085,3,3,5.228271788837446e-07,7.978687849297117e-11,6.309279706329107e-05,0.9999363422393799
1086,3,3,6.902352470206097e-05,0.000750360544770956,0.0018767720321193337,0.99730384349823
1087,3,2,0.0018803378334268928,2.7394009975978406e-06,0.602057695388794,0.3960592448711395
1088,3,3,8.580117537348997e-06,6.162217403016257e-10,0.0005153948441147804,0.9994760155677795
1089,3,3,2.771782305899251e-07,2.3553432129119756e-06,0.024074964225292206,0.9759224653244019
1090,0,0,0.9994520545005798,5.452369009617541e-07,2.8590829970198683e-06,0.0005445894785225391
1091,0,0,0.9999594688415527,2.28829003390274e-06,8.858003639033996e-06,2.9440079742926173e-05
1092,0,0,0.9986079335212708,8.049257615994065e-08,1.394011178490473e-05,0.0013780314475297928
1093,2,2,0.017144590616226196,7.0743794822192285e-06,0.9816864728927612,0.0011619421420618892
1094,2,2,0.18157930672168732,0.0003036739944946021,0.8111275434494019,0.00698948185890913
1095,0,0,0.9779858589172363,1.9235379511428619e-07,0.0009393494692631066,0.021074699237942696
1096,0,0,0.9998111128807068,2.310868239874253e-06,0.00015656350296922028,3.0022745704627596e-05
1097,2,2,9.430189493286889e-06,1.3303237267336954e-07,0.9999816417694092,8.856029126036447e-06
1098,3,1,3.1137657060753554e-05,0.9991970658302307,0.00017322480562143028,0.0005985695170238614
1099,2,2,4.162168625043705e-05,2.1053174350527115e-05,0.9992135763168335,0.0007237195386551321
1100,0,0,0.9978210926055908,8.19740009205816e-09,8.930511285143439e-06,0.002169980900362134
1101,2,2,0.032145678997039795,0.002069926355034113,0.5145881772041321,0.45119622349739075
1102,1,1,3.0316703032440273e-06,0.9999964237213135,4.133727316002478e-07,8.236660420379849e-08
1103,2,2,0.0005649816012009978,9.224914538208395e-05,0.9972400665283203,0.0021026134490966797
1104,3,3,7.571937021566555e-05,2.4863450676093635e-07,0.00012127287482144311,0.9998027682304382
1105,0,0,0.999880313873291,1.220172833882316e-07,6.298063817666844e-05,5.656342545989901e-05
1106,3,3,0.005064076278358698,7.236217243189458e-07,0.0019467605743557215,0.9929885268211365
1107,3,3,2.9180127967265435e-06,7.754671287329984e-07,7.051046122796834e-05,0.9999257326126099
1108,3,3,0.00445213308557868,0.0005737245082855225,0.11921246349811554,0.8757616281509399
1109,0,0,0.9999591112136841,3.3324338346574223e-06,1.5120320313144475e-05,2.2417165382648818e-05
1110,2,0,0.9923865795135498,1.7317125866611605e-07,0.007586816791445017,2.6473699108464643e-05
1111,2,2,1.5238374544424005e-06,4.7482328113801486e-07,0.9978171586990356,0.002180863171815872
1112,1,1,4.135640949698427e-07,0.9999986886978149,4.0847703530744184e-07,5.281208359519951e-07
1113,1,1,8.705249854301655e-09,1.0,2.7218089115876865e-08,1.1030808211298648e-10
1114,1,1,2.45650971919531e-05,0.9999632835388184,1.0025188203144353e-05,2.0939496607752517e-06
1115,2,2,0.1738959401845932,1.5724971547115274e-07,0.808091402053833,0.018012451007962227
1116,2,2,0.00029631605139002204,1.0075085810967721e-05,0.9996572732925415,3.626461693784222e-05
1117,0,0,0.9946764707565308,2.6851762413571123e-07,0.002092931652441621,0.0032303319312632084
1118,3,2,9.162580681731924e-05,2.374978066654876e-05,0.6413292288780212,0.35855546593666077
1119,3,3,8.338159204868134e-06,4.5255510485731065e-06,0.0029375539161264896,0.9970495700836182
1120,1,1,1.8322499499845435e-06,0.9998538494110107,0.00011189695942448452,3.246368942200206e-05
1121,0,0,0.9980167150497437,3.58069378592063e-08,0.0016610181191936135,0.00032220978755503893
1122,2,2,1.3045229934505187e-05,1.4093141098570072e-09,0.9997735619544983,0.00021343353728298098
1123,2,2,0.006346435751765966,1.5817350984548284e-08,0.9926758408546448,0.0009776386432349682
1124,2,2,0.0006611226708628237,1.675024918768031e-07,0.5246126055717468,0.4747261703014374
1125,3,3,4.022625944344327e-05,2.551667535044544e-07,0.03174598515033722,0.9682135581970215
1126,2,2,0.13300611078739166,0.00010032499267254025,0.858573853969574,0.008319729939103127
1127,3,0,0.5268216133117676,0.002006228780373931,0.10772207379341125,0.3634500801563263
1128,1,1,9.878669438023735e-09,1.0,1.1690076684445216e-10,1.9653030591815224e-10
1129,1,1,1.5259072824846953e-05,0.9999842643737793,4.986418389307801e-07,4.660080321627902e-09
1130,0,0,0.9999996423721313,1.429153400067662e-07,8.108778648541204e-10,1.6061157737112808e-07
1131,2,2,0.0001316678972216323,5.809565209347056e-06,0.9967196583747864,0.0031428849324584007
1132,3,3,0.002487475983798504,8.033339690882713e-05,0.015260615386068821,0.9821715950965881
1133,1,1,9.723721632326487e-06,0.9999810457229614,8.826529665384442e-06,3.417681568862463e-07
1134,0,0,0.9994800686836243,5.150015969235255e-09,0.0002991549263242632,0.00022081115457694978
1135,1,1,0.005149546544998884,0.9919676184654236,0.0017957518575713038,0.0010871378472074866
1136,0,0,0.9999977350234985,6.343877885228721e-07,1.0674389159248676e-06,5.737006745221152e-07
1137,1,1,3.798823854594957e-06,0.9999910593032837,4.26210681325756e-06,8.860146181177697e-07
1138,1,1,0.00014485832070931792,0.999829888343811,2.399074219283648e-05,1.1643322750387597e-06
1139,0,0,0.9533334374427795,0.0012627501273527741,0.04460076987743378,0.0008030111785046756
1140,3,3,0.0004152720794081688,0.0005888297455385327,0.0374881811439991,0.9615077376365662
1141,1,1,0.06350813806056976,0.9329017996788025,0.0033598493319004774,0.0002301610802533105
1142,0,0,0.9983878135681152,1.869135189735971e-06,0.0006666723638772964,0.0009437326807528734
1143,2,2,8.358524894447328e-08,1.8509672372601926e-07,0.9127383828163147,0.08726134151220322
1144,1,1,0.0005698823952116072,0.9993901252746582,3.492832547635771e-05,5.050719664723147e-06
1145,1,1,0.00444959057494998,0.9659380912780762,0.01802239753305912,0.01158998440951109
1146,0,0,0.9999489784240723,3.565216684364714e-05,1.0724605999712367e-05,4.69689666715567e-06
1147,1,1,0.0017762372735887766,0.9979612827301025,1.934378587975516e-06,0.0002605126646813005
1148,0,0,0.999933123588562,2.1037101305410033e-06,5.209546725382097e-05,1.273348243557848e-05
1149,0,0,0.9581965208053589,0.0012884569587185979,0.007469519041478634,0.03304551914334297
1150,0,0,0.9864185452461243,7.305144208658021e-06,0.008124684914946556,0.005449510645121336
1151,2,2,0.003995400853455067,7.532526069553569e-05,0.9766023755073547,0.019326839596033096
1152,1,1,3.0750991300010355e-06,0.9999957084655762,1.1559863288823635e-08,1.1972649645031197e-06
1153,1,1,0.016690043732523918,0.9741880893707275,0.007502848748117685,0.0016189886955544353
1154,3,3,0.00022795857512392104,4.225800694257487e-06,0.07039552927017212,0.929372251033783
1155,2,2,2.5836161512415856e-05,1.2126371018439386e-09,0.9934749007225037,0.006499262992292643
1156,0,0,0.9962305426597595,2.5600554636184825e-06,0.002145918784663081,0.0016210066387429833
1157,1,1,3.800482417659623e-08,0.9999994039535522,5.682793968730948e-08,5.240918312665599e-07
1158,1,1,0.0017346637323498726,0.9980021119117737,0.00019579569925554097,6.740375829394907e-05
1159,1,1,5.332184400685946e-07,0.9999994039535522,7.29786862052606e-08,5.766859700884197e-08
1160,2,2,4.4028361116943415e-06,2.580765112725203e-07,0.9300777912139893,0.06991752982139587
1161,1,1,0.0029954821802675724,0.9936367273330688,0.0029599457047879696,0.00040783057920634747
1162,3,3,4.709468612418277e-06,1.4227359315555077e-05,0.001963227754458785,0.9980177879333496
1163,2,2,0.08565682172775269,0.00015907784109003842,0.9107385873794556,0.003445517271757126
1164,2,3,0.07789614796638489,1.2574610082083382e-05,0.4386756420135498,0.4834156930446625
1165,2,2,0.0479244701564312,3.734607503247389e-07,0.9513610601425171,0.0007140711531974375
1166,2,2,0.00033064448507502675,0.0016401365865021944,0.9973318576812744,0.0006973589188419282
1167,3,3,1.649298475570049e-08,3.2422269313769903e-09,6.17780169704929e-05,0.9999382495880127
1168,0,2,0.36891627311706543,1.926430741150398e-06,0.5678797364234924,0.06320209056138992
1169,1,1,3.84721570299007e-05,0.9999268054962158,3.0087190680205822e-05,4.654827534977812e-06
1170,1,1,6.288294684964058e-07,0.999994158744812,3.5385846786084585e-06,1.6499303683303879e-06
1171,1,1,3.101928814430721e-05,0.999913215637207,2.7455476811155677e-05,2.821016460075043e-05
1172,1,1,2.437506623209629e-07,0.9999994039535522,1.161970786256461e-07,2.082862948782349e-07
1173,0,0,0.9831281900405884,0.010451565496623516,0.0035351456608623266,0.0028851174283772707
1174,1,1,6.138365279184654e-05,0.9999322891235352,4.410714495861612e-07,5.888220130145783e-06
1175,1,1,0.017416054382920265,0.9322867393493652,0.02073046751320362,0.02956678532063961
1176,1,0,0.6102349162101746,0.37048420310020447,0.0074273692443966866,0.011853579431772232
1177,2,0,0.632095456123352,0.10071256756782532,0.2594051957130432,0.0077868057414889336
1178,2,2,0.0007906882092356682,0.002111683366820216,0.7261464595794678,0.27095112204551697
1179,1,1,9.927208157023415e-05,0.9985985159873962,0.0005720583139918745,0.0007301562582142651
1180,0,0,0.9999581575393677,1.3873009265807923e-06,9.09301161300391e-06,3.1351071811513975e-05
1181,1,1,0.0005554811796173453,0.9994305968284607,9.721985406940803e-06,4.14741771237459e-06
1182,3,3,7.900041055108886e-06,2.148669331347719e-08,0.015463496558368206,0.9845286011695862
1183,3,3,2.2703252398059703e-06,1.8117664035699477e-09,0.019537778571248055,0.9804598689079285
1184,1,1,2.65329272224335e-05,0.9999662637710571,1.8090114508595434e-06,5.313340807333589e-06
1185,0,0,0.9999909400939941,3.75434687782672e-08,1.2153260513514397e-06,7.880147677497007e-06
1186,0,0,0.9999651908874512,1.5323886373153073e-06,3.241167723899707e-05,8.195076475203678e-07
1187,3,3,0.001829620567150414,5.14221198955056e-07,0.002152676461264491,0.9960171580314636
1188,2,2,0.00010098812344949692,6.038039259692596e-07,0.9987290501594543,0.0011693831766024232
1189,0,0,0.999677300453186,0.0002905537548940629,1.1603023267525714e-05,2.0578494513756596e-05
1190,3,3,0.00014637745334766805,1.2152563613199163e-05,8.461805919068865e-06,0.9998329877853394
1191,0,0,0.9997751116752625,7.755125430719545e-10,0.0001952774910023436,2.963228507724125e-05
1192,1,1,0.027426574379205704,0.9657658338546753,0.006443195044994354,0.0003644348180387169
1193,1,1,2.316762402188033e-05,0.9999747276306152,1.544706378808769e-06,6.082100867388363e-07
1194,1,1,0.00015710954903624952,0.999771773815155,5.545781095861457e-05,1.5576973964925855e-05
1195,0,0,0.9999667406082153,1.228952672960304e-08,7.5778998507303186e-06,2.5622994144214317e-05
1196,0,0,0.9998921155929565,4.194206212559948e-06,7.0730575316702016e-06,9.668058919487521e-05
1197,2,0,0.9824209809303284,1.773788608261384e-05,0.0036410449538379908,0.01392014417797327
1198,1,1,6.517842621178715e-07,0.999998927116394,2.6063099767270614e-07,6.439974953309502e-08
1199,0,0,0.9994528889656067,9.901794328470714e-06,0.00023424450773745775,0.0003029548970516771
1200,0,0,0.9838109612464905,0.0021038856357336044,0.013999705202877522,8.538436668459326e-05
1201,1,1,6.756490165571449e-06,0.9999908208847046,5.8370330791035485e-09,2.3541401787952054e-06
1202,1,1,3.0434773634624435e-07,0.9999996423721313,6.812113895193761e-08,1.549674522038913e-08
1203,1,1,0.0001187493180623278,0.9998799562454224,1.625844134878207e-07,1.0235336276309681e-06
1204,2,0,0.5457922220230103,8.041230466915295e-05,0.4434548616409302,0.010672520846128464
1205,0,0,0.9962798953056335,0.00046360373380593956,0.0016328784404322505,0.00162353680934757
1206,1,1,5.732450176765269e-07,0.9999994039535522,1.2667228377338802e-10,2.574823021461725e-08
1207,0,0,0.9999996423721313,4.1194880395778455e-08,1.1553802359287602e-08,2.887902610382298e-07
1208,1,1,0.0004169921448919922,0.9995198249816895,1.6271661706923624e-07,6.300610402831808e-05
1209,2,2,0.030039919540286064,3.3110119090906664e-08,0.968845009803772,0.0011151048820465803
1210,2,2,0.00837717205286026,0.0005698706372641027,0.8983100652694702,0.09274284541606903
1211,3,3,0.012284200638532639,2.663412487891037e-05,0.0711340680718422,0.9165550470352173
1212,1,1,0.028971143066883087,0.9647732377052307,0.005847004242241383,0.00040859231376089156
1213,0,0,0.999349057674408,1.8435384845361114e-06,0.0003104961942881346,0.00033864055876620114
1214,2,2,0.43474656343460083,0.0009202598594129086,0.5604709982872009,0.003862196346744895
1215,0,0,0.9986440539360046,9.183577276417054e-06,0.0010793148539960384,0.00026744985370896757
1216,1,1,1.6181911632884294e-05,0.9994046688079834,0.0005687494412995875,1.0308286618965212e-05
1217,1,1,6.949077402396142e-08,0.9999990463256836,2.424175704618392e-07,6.448594831454102e-07
1218,1,1,4.577268555294722e-05,0.9999200105667114,2.8508071409305558e-05,5.6844901337171905e-06
1219,2,2,0.00012381737178657204,6.7263079550627936e-09,0.999843955039978,3.2138777896761894e-05
1220,0,0,0.9668384790420532,0.0022846206557005644,0.014998812228441238,0.015878044068813324
1221,2,2,0.001632683095522225,0.0034541196655482054,0.991047203540802,0.0038659542333334684
1222,0,0,0.9999405145645142,4.872128556598909e-06,4.952713061356917e-05,5.148339823790593e-06
1223,2,2,0.004656162578612566,2.175517920477432e-06,0.994449257850647,0.0008923612767830491
1224,0,0,0.9999967813491821,1.5951744092301823e-10,1.7743485614118981e-06,1.4433951491810149e-06
1225,0,0,0.8054215312004089,0.0008483212441205978,0.004741922952234745,0.18898822367191315
1226,3,3,0.038027238100767136,2.3276979277397913e-07,0.0029905815608799458,0.9589819312095642
1227,0,0,0.9999861717224121,7.444340699436225e-10,7.346990059886593e-06,6.494668014056515e-06
1228,1,1,0.01610390841960907,0.9838635921478271,2.181671698053833e-05,1.072176564775873e-05
1229,2,0,0.6055262088775635,0.0020173187367618084,0.36614033579826355,0.02631610445678234
1230,3,3,0.00026881779194809496,6.705662963213399e-05,0.0007841775077395141,0.9988799691200256
1231,3,3,0.12631340324878693,0.060898054391145706,0.06599939614534378,0.7467890977859497
1232,1,0,0.3902658224105835,0.290995329618454,0.22700810432434082,0.0917307510972023
1233,2,2,0.023475004360079765,4.120393714401871e-05,0.9699281454086304,0.006555648986250162
1234,3,3,0.06248918175697327,8.358598506674753e-07,0.0018651046557351947,0.9356449246406555
1235,2,2,0.00230854912661016,1.0218633406111621e-06,0.9972081780433655,0.0004821597249247134
1236,3,3,0.0001776865974534303,3.3541118682478555e-06,0.02469438873231411,0.9751244783401489
1237,3,3,0.03957189619541168,0.003098651533946395,0.006812396924942732,0.9505169987678528
1238,1,1,0.0002115832903655246,0.9997853636741638,1.9512053768266924e-06,1.110131734094466e-06
1239,0,0,0.9999992847442627,7.218490388760657e-11,4.062156051531929e-07,3.4254671277267335e-07
1240,2,2,0.001394091174006462,6.239634785742965e-06,0.997454822063446,0.0011449389858171344
1241,2,2,0.0349009670317173,4.6611210564151406e-05,0.9640133380889893,0.0010390394600108266
1242,3,3,2.6079364033648744e-05,8.241725169000347e-08,0.00021700050274375826,0.9997567534446716
1243,2,2,0.0030549876391887665,5.923780463490402e-06,0.9949446320533752,0.0019944431260228157
1244,1,1,1.92739116755547e-06,0.999997615814209,4.6357368432836665e-07,2.113077357535076e-08
1245,0,0,0.9934645295143127,3.590195376546035e-07,0.001425555208697915,0.005109509918838739
1246,1,1,0.0008376774494536221,0.9710434079170227,0.0015518980799242854,0.026567066088318825
1247,1,1,0.00010453772119944915,0.9994686245918274,0.0004226679739076644,4.212814019410871e-06
1248,2,2,0.0009705887641757727,0.0009195968159474432,0.795668363571167,0.20244143903255463
1249,1,1,0.01722278632223606,0.9354873895645142,0.04360636696219444,0.0036834541242569685
1250,1,1,0.0011399844661355019,0.9979111552238464,0.0009425074676983058,6.274840416153893e-06
1251,0,2,0.08871501684188843,2.207704937973176e-06,0.9044492840766907,0.006833541207015514
1252,2,3,0.0044605927541852,1.5125554455153178e-05,0.4378645420074463,0.5576597452163696
1253,2,2,0.0002249271492473781,1.9064056687057018e-05,0.9961322546005249,0.0036237637978047132
1254,2,2,0.00167205894831568,2.540698744724068e-07,0.9980955719947815,0.0002320743224117905
1255,0,0,0.9995293617248535,5.192426760913804e-05,8.949884067988023e-05,0.0003292059409432113
1256,0,0,0.9994738698005676,5.3981278114179077e-08,6.77605057717301e-05,0.00045833142939954996
1257,3,3,1.7184576790896244e-05,1.7815081037042546e-06,0.0003145759110338986,0.9996664524078369
1258,2,2,0.2896508574485779,4.47312522737775e-05,0.7101938128471375,0.00011064568388974294
1259,1,1,0.0004056866455357522,0.9990447163581848,0.0004231667553540319,0.0001263157610082999
1260,1,1,2.1321406165952794e-05,0.9999192953109741,4.761495802085847e-05,1.1748082215490285e-05
1261,1,1,1.3508189340427634e-06,0.9999985694885254,3.5517433438769785e-09,7.326774209559517e-08
1262,3,2,0.0015914830146357417,6.0733833379345015e-05,0.5404325723648071,0.4579152464866638
1263,0,0,0.9999698400497437,1.6589788431886632e-09,2.704774851736147e-05,3.141637307635392e-06
1264,0,0,0.9954032897949219,3.3612658967285824e-07,0.0031031020916998386,0.0014932053163647652
1265,3,3,1.22630808618851e-05,3.0873847922663344e-10,0.0001682865113252774,0.9998194575309753
1266,0,0,0.9956901669502258,0.00015171431005001068,0.003719204803928733,0.00043887223000638187
1267,1,1,0.0026449747383594513,0.9971864819526672,0.0001594837085576728,9.072452485270333e-06
1268,3,3,0.00010794190166052431,2.614293634906062e-06,0.022975798696279526,0.9769136309623718
1269,3,0,0.9999697208404541,1.196942662318179e-06,2.4340777599718422e-05,4.734356934932293e-06
1270,2,2,0.000507572025526315,1.925083233800251e-05,0.9988806843757629,0.0005924019496887922
1271,1,1,0.015998966991901398,0.9655224680900574,0.015407860279083252,0.00307068950496614
1272,0,0,0.8615914583206177,0.13023263216018677,1.4138399819785263e-05,0.008161686360836029
1273,2,2,0.1324274241924286,0.00018084465409629047,0.8221627473831177,0.04522901028394699
1274,2,2,0.0027647162787616253,0.0015270777512341738,0.9874823093414307,0.00822595413774252
1275,2,2,0.006571432575583458,1.3279506674734876e-05,0.9933868050575256,2.8493541321950033e-05
1276,1,1,5.2892755064704033e-08,0.9999997615814209,2.217171441998289e-07,5.021779614367006e-08
1277,2,2,0.0021701562218368053,1.7906392031363794e-06,0.9974197149276733,0.00040828908095136285
1278,0,0,0.9984238147735596,4.474602974369191e-06,0.00024387323355767876,0.0013278487604111433
1279,2,2,0.0007985616102814674,1.5660468761780066e-06,0.9991397857666016,6.002306690788828e-05
1280,3,2,2.334742748644203e-05,2.594642296571692e-07,0.8963173627853394,0.1036590188741684
1281,1,1,2.529807352402713e-05,0.9999735355377197,1.0960052350128535e-06,6.196248847345487e-08
1282,1,1,7.411684237013105e-06,0.9999899864196777,2.427051185804885e-06,1.1398452670619008e-07
1283,1,1,2.9702684969379334e-06,0.9999951124191284,9.390311674906116e-07,9.272666261495033e-07
1284,1,1,0.0006403016741387546,0.9989418387413025,0.0001868598337750882,0.00023107008018996567
1285,3,3,1.683004666119814e-05,7.359718097177392e-07,0.006448301021009684,0.9935342073440552
1286,2,2,0.00010621327965054661,4.976981813342718e-07,0.9857771992683411,0.014116121456027031
1287,1,1,9.054105612449348e-05,0.999170184135437,0.0006790028419345617,6.0285798099357635e-05
1288,1,1,1.4997964399299235e-06,0.9999388456344604,3.591604036046192e-05,2.3716722353128716e-05
1289,2,0,0.5762448906898499,0.00041288146167062223,0.3234902322292328,0.09985199570655823
1290,0,0,0.9973992109298706,0.0015969149535521865,0.0005053933709859848,0.000498408277053386
1291,2,3,0.0020331318955868483,1.2784223599737743e-06,0.07760801166296005,0.9203575253486633
1292,3,2,0.07796932011842728,4.697545591625385e-05,0.6672040224075317,0.25477972626686096
1293,2,2,7.008023385424167e-05,1.6017680515290067e-09,0.9994369149208069,0.0004929837887175381
1294,3,3,1.5823921785340644e-05,1.0371885537097114e-06,0.004584739450365305,0.9953983426094055
1295,2,2,3.105998985120095e-05,0.00019800206064246595,0.9997463822364807,2.4545441192458384e-05
1296,2,0,0.988897979259491,0.00015297475329134613,0.005705800373107195,0.005243194755166769
1297,3,3,6.539333844557405e-05,3.955027416679968e-09,0.1272883266210556,0.8726462721824646
1298,0,0,0.9999997615814209,5.335074743095802e-11,4.92480936031825e-08,2.2699600776832085e-07
1299,0,0,1.0,1.8821000259596626e-13,1.9998763756134963e-10,1.4472267828580243e-09
1300,0,0,0.999996542930603,1.9942874587286497e-06,1.116569478654128e-06,3.883414763095061e-07
1301,3,3,0.01168251596391201,0.002262670546770096,0.014615518972277641,0.9714392423629761
1302,1,1,1.2088456060155295e-05,0.9999864101409912,4.804273316949548e-07,1.0694453749238164e-06
1303,0,0,0.9961898326873779,0.0019200238166376948,0.00122677197214216,0.0006633495213463902
1304,1,1,0.00046491067041642964,0.9994109869003296,0.0001212140268762596,2.8149311219749507e-06
1305,2,2,3.831274170806864e-06,1.205278810090249e-08,0.9993487000465393,0.0006474352558143437
1306,0,0,0.9910551309585571,1.5305074612115277e-06,0.007980743423104286,0.0009625626262277365
1307,3,3,0.14514143764972687,0.00024508548085577786,0.05208469554781914,0.8025287389755249
1308,0,0,0.6329105496406555,0.0062017482705414295,0.30353444814682007,0.05735320597887039
1309,1,1,8.611600787844509e-05,0.9998573064804077,2.326817048015073e-05,3.3260097552556545e-05
1310,2,2,0.0015737656503915787,3.52139522874495e-06,0.9979104399681091,0.0005123282317072153
1311,2,2,0.015478341840207577,0.00016489773406647146,0.9250842928886414,0.059272393584251404
1312,2,2,0.06127505004405975,0.013160878792405128,0.5588603019714355,0.36670374870300293
1313,0,0,0.9789313673973083,0.004263363312929869,0.006496334448456764,0.01030893623828888
1314,3,3,4.928941734760883e-07,5.245620400273765e-07,0.03840472176671028,0.9615941643714905
1315,3,3,0.0003703597467392683,9.76878737901643e-08,5.6148353905882686e-05,0.9995734095573425
1316,0,0,0.9999998807907104,2.6474138853371798e-11,6.757698400861045e-08,5.200326214094275e-08
1317,1,0,0.9216612577438354,2.8905651561217383e-05,0.021259836852550507,0.05704997107386589
1318,2,2,2.9517148504965007e-05,6.448158007543725e-09,0.999964714050293,5.763570698036347e-06
1319,2,2,0.00013839398161508143,1.333802288172592e-06,0.9986262321472168,0.0012340503744781017
1320,1,1,7.053923667399431e-08,0.9999996423721313,1.2360179368897661e-07,1.341463473636395e-07
1321,2,2,0.0002127333136741072,3.322504926472902e-05,0.9996908903121948,6.319719250313938e-05
1322,1,1,9.833196963882074e-05,0.9997959733009338,2.515470805519726e-05,8.055995567701757e-05
1323,3,3,0.008766192942857742,5.365334072848782e-05,0.00029929570155218244,0.9908808469772339
1324,2,2,0.03279850259423256,6.722527905367315e-05,0.9648247361183167,0.0023096012882888317
1325,3,3,3.2909592846408486e-05,0.0792451873421669,0.0007021427154541016,0.920019805431366
1326,3,3,0.00015325099229812622,1.4494670494968886e-06,0.46641111373901367,0.5334342122077942
1327,1,1,1.4902030898156227e-07,0.9999997615814209,4.46947971965983e-08,2.3569881602014675e-09
1328,1,1,1.914838776428951e-07,0.9999997615814209,3.300854381493856e-11,2.50790055389416e-09
1329,0,0,0.9999977350234985,5.634140620713879e-07,4.7960298843463534e-08,1.6833176914587966e-06
1330,2,2,0.00103531195782125,1.9365020875738992e-07,0.9989629983901978,1.4605035403292277e-06
1331,3,3,8.815393084660172e-05,6.334338422675501e-07,0.004146384075284004,0.9957648515701294
1332,3,3,1.3476405911205802e-06,6.620925319111848e-08,0.01023266650736332,0.9897658228874207
1333,3,3,0.1641101837158203,1.2612706996151246e-05,0.0007905807578936219,0.8350866436958313
1334,2,2,2.8170816221972927e-05,1.5931758753140457e-05,0.9983747005462646,0.0015811525518074632
1335,2,2,0.00023536487424280494,3.387500692042522e-05,0.9965901374816895,0.0031407088972628117
1336,2,2,0.009800273925065994,4.5488526666304097e-05,0.9901461005210876,8.057107152126264e-06
1337,2,2,1.383085054840194e-05,1.4793778291277704e-06,0.9998819828033447,0.00010268981714034453
1338,0,0,0.9999901056289673,1.9976120757547733e-09,4.3419689177426335e-08,9.852140465227421e-06
1339,0,0,0.9999661445617676,3.858914254806223e-08,2.0176618420464365e-07,3.355838998686522e-05
1340,1,1,0.0005035123322159052,0.5530120134353638,0.3310636281967163,0.115420863032341
1341,2,2,0.008728068321943283,7.371349056484178e-05,0.8223702907562256,0.16882789134979248
1342,1,1,0.00016775749099906534,0.9996931552886963,7.450941484421492e-05,6.464366015279666e-05
1343,3,3,0.00015691986482124776,4.75729024174143e-07,0.042351674288511276,0.9574909806251526
1344,2,2,0.0009822091087698936,5.8677065680967644e-05,0.99400794506073,0.004951222334057093
1345,3,3,0.0031856331042945385,1.586776789963551e-07,0.00977560319006443,0.9870387315750122
1346,3,3,0.0006974723073653877,1.4571623978554271e-06,5.366237382986583e-05,0.9992474317550659
1347,2,2,2.5158091375487857e-05,4.064052205876578e-08,0.9996768236160278,0.00029797368915751576
1348,1,2,0.11428019404411316,0.047033652663230896,0.7689332365989685,0.06975290924310684
1349,3,3,0.004443468991667032,1.4064771676203236e-06,0.0020209667272865772,0.9935340881347656
1350,3,3,0.003387710079550743,0.0012846824247390032,0.04905566945672035,0.9462719559669495
1351,1,1,0.03420625627040863,0.9610143899917603,0.00047110390732996166,0.004308201838284731
1352,0,0,0.9999909400939941,2.990591667639819e-07,6.718433724017814e-06,2.1031216874689562e-06
1353,1,1,9.62911235546926e-06,0.9999892711639404,6.566493198079115e-07,4.7118305701587815e-07
1354,3,3,2.884237801481504e-05,0.0005230807000771165,0.008285674266517162,0.9911624193191528
1355,2,2,0.0013450048863887787,1.1917309166165069e-05,0.9985877275466919,5.529195914277807e-05
1356,1,1,2.2988754153629998e-06,0.9999961853027344,9.836488743530936e-07,4.63676457229667e-07
1357,2,2,0.0013595203636214137,2.2471945158031303e-06,0.9927005171775818,0.005937773268669844
1358,2,2,1.1524310139066074e-05,1.76219131731159e-07,0.9995985627174377,0.0003896681882906705
1359,2,2,4.110663667233894e-06,2.351437615288887e-06,0.9995518326759338,0.00044179768883623183
1360,3,3,2.223264800704783e-06,2.8657130002329723e-08,0.00411763833835721,0.995880126953125
1361,2,2,0.004518649075180292,0.0008590798242948949,0.8282907605171204,0.16633152961730957
1362,1,1,1.1476548024802469e-05,0.9999762773513794,8.506534868502058e-06,3.729451691469876e-06
1363,3,3,0.02398654632270336,3.2603472845949e-06,6.388227484421805e-05,0.975946307182312
1364,3,2,0.0012831415515393019,4.851645485359768e-07,0.9975354671478271,0.0011809084098786116
1365,0,0,0.9999687671661377,1.9374240878278215e-07,3.057618232560344e-05,5.457654310703219e-07
1366,2,2,2.4708509954507463e-05,1.1497597824927652e-06,0.9999706745147705,3.5200303045712644e-06
1367,2,2,0.0013358411379158497,0.00020997189858462662,0.9776462912559509,0.020807957276701927
1368,3,3,1.2924059774377383e-05,1.932062287934855e-09,5.554125891649164e-05,0.9999315738677979
1369,2,2,0.001676623709499836,1.795943535398692e-05,0.9969527721405029,0.0013525545364245772
1370,3,3,6.218697876647639e-07,1.8564538351029114e-08,0.002275292295962572,0.9977241158485413
1371,1,1,3.576742528821342e-05,0.9999207258224487,3.9983762690098956e-05,3.534622010192834e-06
1372,2,2,9.874452371150255e-05,1.8128722558685695e-06,0.9997798800468445,0.00011953672947129235
1373,0,0,0.9849397540092468,3.796400562805502e-07,0.01496637798845768,9.348407911602408e-05
1374,2,2,0.2385362684726715,1.8940158042823896e-05,0.7304558753967285,0.03098885901272297
1375,3,3,0.00013353799295146018,3.887683760694927e-06,0.005761757027357817,0.9941007494926453
1376,1,0,0.6904245018959045,0.23998472094535828,0.047230347990989685,0.022360464558005333
1377,3,1,0.24096621572971344,0.5322262644767761,0.013862044550478458,0.21294546127319336
1378,3,3,1.7019434380927123e-05,9.793900801469135e-08,0.00022053316934034228,0.9997623562812805
1379,0,0,0.9999086856842041,2.842712774508982e-06,1.6103407688206062e-05,7.240906415972859e-05
1380,2,2,5.313047495292267e-06,2.5968694217226584e-07,0.999953031539917,4.1399471228942275e-05
1381,1,1,5.2847826736979187e-05,0.9999399185180664,1.547813326396863e-07,6.976268650760176e-06
1382,1,1,1.4107147308095591e-06,0.9999985694885254,6.4982110359324e-08,1.719634989960639e-09
1383,3,3,4.088754576514475e-05,5.322475615798794e-08,0.00023294678248930722,0.9997261166572571
1384,1,1,0.0006294906488619745,0.9993341565132141,2.9394408556981944e-05,6.871070581837557e-06
1385,0,0,0.999998927116394,1.1138044442304817e-07,6.011244408909988e-07,3.694925112540659e-07
1386,0,0,0.9999972581863403,4.6761964966890446e-08,3.9704255527794885e-07,2.333045813429635e-06
1387,2,2,7.319729047594592e-05,1.5134212844714057e-05,0.9979565143585205,0.0019552172161638737
1388,2,2,0.0013249523472040892,6.768639337906279e-08,0.9340087175369263,0.06466621905565262
1389,1,1,0.0007080816430971026,0.9991387128829956,6.667362322332337e-05,8.646064816275612e-05
1390,3,3,0.005901446100324392,7.660672417841852e-05,0.430267870426178,0.5637540221214294
1391,3,3,0.0032006397377699614,0.00013437107554636896,0.01336195133626461,0.9833031296730042
1392,3,3,1.544112215867699e-08,3.203075651936338e-11,1.5926636478980072e-05,0.9999840259552002
1393,1,1,7.803252628946211e-06,0.9999868869781494,4.2813508116523735e-06,1.0935757472907426e-06
1394,0,0,0.9999456405639648,2.361148609963948e-09,3.691952485951333e-07,5.4027965234126896e-05
1395,2,2,0.00013052200665697455,6.789905082627001e-09,0.9998188614845276,5.0590853788889945e-05
1396,2,2,0.00015664531383663416,0.00015858461847528815,0.9962643980979919,0.003420340595766902
1397,1,0,0.6517080664634705,0.06841122359037399,0.1386079043149948,0.14127284288406372
1398,2,2,0.0004030819400213659,2.8877777822344797e-06,0.9982759952545166,0.0013180949026718736
1399,0,0,0.9933726787567139,0.00010059278429253027,0.00439849216490984,0.0021282874513417482
1400,1,1,0.01860894449055195,0.5373775362968445,0.00021230759739410132,0.4438011646270752
1401,3,3,1.3100194337312132e-05,3.385247637766042e-08,0.00446084002032876,0.9955260157585144
1402,0,0,0.9991787075996399,1.1810125215561129e-05,0.00019647028238978237,0.000613048963714391
1403,0,0,0.998502254486084,3.342981290188618e-05,0.0010830892715603113,0.00038122289697639644
1404,1,1,0.030862020328640938,0.957729697227478,0.010705671273171902,0.0007026439416222274
1405,1,1,0.00010290616774000227,0.999893307685852,3.5708585528482217e-06,2.6747085257738945e-07
1406,1,1,0.0001385596115142107,0.9998108744621277,2.504411168047227e-05,2.545257484598551e-05
1407,1,1,0.2952331006526947,0.702011227607727,0.0006574892904609442,0.0020981929264962673
1408,1,1,0.0004105033294763416,0.99956876039505,1.3778353604720905e-05,6.956521701795282e-06
1409,2,2,0.017130913212895393,8.674355922266841e-05,0.9811371564865112,0.00164519262034446
1410,2,2,0.0006398854311555624,0.0005602200981229544,0.9943245053291321,0.004475420340895653
1411,2,0,0.5915477871894836,0.0002704773214645684,0.4070594310760498,0.0011222210014238954
1412,3,3,0.0003229236463084817,1.1235280226173927e-06,0.018975723534822464,0.9807001352310181
1413,3,3,5.4232463298831135e-05,1.5326464563258924e-05,0.008438573218882084,0.9914918541908264
1414,1,1,6.628383562201634e-05,0.9987099170684814,0.0012097061844542623,1.4099660802457947e-05
1415,2,2,2.5529419872327708e-05,2.0224059926743365e-10,0.9999740123748779,4.959755983691139e-07
1416,2,0,0.6214539408683777,0.00017236449639312923,0.37540724873542786,0.0029664323665201664
1417,1,1,0.00015071156667545438,0.9998470544815063,1.425152731826529e-06,7.981736303008802e-07
1418,1,1,9.726062444315176e-07,0.9999961853027344,1.0080207175633404e-06,1.7782555232770392e-06
1419,2,2,0.0002012179174926132,2.174108857389001e-07,0.9943906664848328,0.005407988093793392
1420,2,2,0.0002918195095844567,7.811807449797925e-07,0.9985007047653198,0.00120664166752249
1421,0,0,0.5114375948905945,1.8145206922781654e-05,0.019799333065748215,0.4687449336051941
1422,1,1,7.303470192709938e-05,0.9995026588439941,8.196967246476561e-05,0.0003422648005653173
1423,0,0,0.961921215057373,0.02371353469789028,0.0017711404943838716,0.012594085186719894
1424,0,0,0.999742329120636,1.971640585907153e-06,0.00011447735596448183,0.00014112413919065148
1425,3,3,2.259913344460074e-06,9.768367453943938e-05,0.007904519326984882,0.9919955730438232
1426,3,3,0.00014696804282721132,2.9139812340872595e-07,0.0002341696817893535,0.999618649482727
1427,3,3,0.01084271539002657,0.012880600057542324,0.032873716205358505,0.9434029459953308
1428,3,3,2.406355179118691e-06,2.0257597821427e-09,1.1340792298142333e-05,0.9999862909317017
1429,3,3,0.002610183786600828,3.637363624875434e-05,0.0009310180903412402,0.9964224696159363
1430,2,2,0.0012310268357396126,0.003329697297886014,0.9952436089515686,0.00019558530766516924
1431,2,2,0.0003888217906933278,4.598034138325602e-06,0.98613041639328,0.013476143591105938
1432,2,2,0.021191537380218506,1.578600006268971e-08,0.9708663821220398,0.00794199388474226
1433,3,3,3.6338673226055107e-07,1.293952944791954e-09,0.009985169395804405,0.9900144338607788
1434,3,3,0.00016701201093383133,1.6265514091173827e-07,0.011654562316834927,0.9881783127784729
1435,1,1,0.4411320090293884,0.548974335193634,6.508223304990679e-05,0.009828506968915462
1436,0,0,0.6940112113952637,0.07242686301469803,0.03226591646671295,0.2012959122657776
1437,3,3,0.04432987421751022,7.672881474718451e-05,0.02954176813364029,0.9260516166687012
1438,2,2,3.0062490623095073e-05,1.20303047523862e-08,0.9983029365539551,0.0016669040778651834
1439,3,3,0.0006253937026485801,1.4634073522756808e-05,0.13196687400341034,0.8673930764198303
1440,1,1,1.2013396371912677e-05,0.999951958656311,7.233596534206299e-06,2.8796606784453616e-05
1441,2,2,0.0010052393190562725,8.036829967750236e-06,0.9652501940727234,0.03373659774661064
1442,0,0,0.9983041286468506,0.0002931068593170494,0.0010528702987357974,0.0003498401492834091
1443,3,3,0.00010739560821093619,8.450964514850057e-07,0.0006038089632056653,0.999288022518158
1444,3,3,7.88170837040525e-06,3.761483071684779e-07,0.0002766668621916324,0.9997150301933289
1445,0,0,0.9999998807907104,3.7304551808725606e-11,5.32110799866814e-09,1.2076749555944843e-07
1446,3,3,6.550747457367834e-06,2.572413177404087e-05,0.00283442297950387,0.9971333742141724
1447,3,2,0.3719872832298279,5.386498855841637e-07,0.6188163161277771,0.009195835329592228
1448,0,0,0.9987163543701172,0.0006465598125942051,3.8569134630961344e-05,0.0005985758034512401
1449,3,3,2.4724537070142105e-05,6.157564058639764e-08,0.14548484981060028,0.8544902801513672
1450,2,2,0.004547969438135624,6.398391269613057e-05,0.9939308166503906,0.0014572133077308536
1451,2,2,4.725976850750158e-06,6.702364885313727e-08,0.999992847442627,2.350270960960188e-06
1452,3,3,0.0600973442196846,5.4627729895173616e-08,0.0032157094683498144,0.9366869926452637
1453,0,0,0.9999510049819946,1.0784764747917563e-10,3.975918298237957e-05,9.213186785927974e-06
1454,1,1,0.0018711151788011193,0.9967026114463806,0.0014049580786377192,2.12768300116295e-05
1455,0,0,0.9997691512107849,6.906969929332263e-08,9.312901238445193e-05,0.0001376717264065519
1456,2,2,0.0010895510204136372,3.3959724987653317e-07,0.9938415288925171,0.005068627651780844
1457,3,3,8.201030254895159e-07,2.5326538088954464e-10,0.0004481665382627398,0.999550998210907
1458,1,1,0.00027212861459702253,0.9997020363807678,2.3844575480325148e-05,1.9632718704087893e-06
1459,0,0,0.9999923706054688,1.8719783838605508e-06,4.987421561963856e-06,7.820262339919282e-07
1460,3,3,0.03808644041419029,0.01710423268377781,1.8092858226737007e-05,0.9447912573814392
1461,0,0,0.99992835521698,2.6582926970775134e-09,3.5096729789074743e-07,7.124456897145137e-05
1462,3,3,0.17746885120868683,1.9710114429472014e-05,0.11868159472942352,0.703829824924469
1463,0,0,0.9986985921859741,0.00012209417764097452,0.0006526215584017336,0.0005265826475806534
1464,0,0,0.9998733997344971,8.653985787532292e-06,1.1371751497790683e-05,0.00010654961079126224
1465,1,1,0.0013549611903727055,0.9955737590789795,0.0001102731330320239,0.0029610120691359043
1466,0,1,0.22571633756160736,0.7721793055534363,0.0013644275022670627,0.0007398883462883532
1467,1,1,8.039624663069844e-05,0.9999141693115234,4.203604930808069e-06,1.197919914375234e-06
1468,1,1,4.797526571564958e-07,0.9999983310699463,1.1743413779186085e-06,1.0507130276948828e-08
1469,2,2,1.282587163586868e-05,7.038676130832755e-08,0.9999814033508301,5.644683369609993e-06
1470,1,1,7.3684223025338724e-06,0.9999914169311523,1.101444240703131e-06,1.4691090655105654e-07
1471,3,3,8.84436531123356e-07,2.241739155417477e-10,8.311678357131314e-06,0.9999908208847046
1472,0,0,0.9999769926071167,2.139329444617033e-05,6.656284199380025e-07,8.990282367449254e-07
1473,1,1,0.0011362576624378562,0.9987632036209106,4.102599268662743e-05,5.9582303947536275e-05
1474,3,3,0.0002242187620140612,2.0015327208966482e-06,0.0012880511349067092,0.9984857439994812
1475,0,0,0.9964700937271118,0.002025941852480173,0.0009822826832532883,0.0005216813879087567
1476,2,2,2.807957753248047e-05,0.00014877149078529328,0.9981056451797485,0.001717519829981029
1477,0,0,0.8258475065231323,0.004952313844114542,0.12720820307731628,0.04199192300438881
1478,1,1,0.0002976287214551121,0.9987309575080872,0.000776926870457828,0.00019457784947007895
1479,0,0,0.988503634929657,0.000931981427129358,0.010462158359587193,0.0001021993812173605
1480,2,2,7.965559234435204e-06,5.010663244320313e-07,0.9999500513076782,4.1504659748170525e-05
1481,2,2,0.0095056788995862,0.001375156338326633,0.9593517184257507,0.029767388477921486
1482,2,2,0.004568648524582386,6.785125151509419e-05,0.994032084941864,0.0013314010575413704
1483,2,2,0.00013054262672085315,1.1625576917140279e-05,0.9986655712127686,0.001192196854390204
1484,1,1,6.023698915669229e-06,0.9998975992202759,2.9226277547422796e-05,6.713729817420244e-05
1485,3,3,7.260665734065697e-05,5.5794430409150664e-08,0.0012467654887586832,0.9986806511878967
1486,3,3,3.3113869903900195e-06,6.676149268969311e-07,0.016949372366070747,0.9830465912818909
1487,1,1,0.00045430974569171667,0.9989364743232727,0.00044690436334349215,0.00016231232439167798
1488,1,1,0.01864895410835743,0.9812147617340088,7.828574598534033e-05,5.8050613006344065e-05
1489,1,1,1.2728858678201505e-07,0.9999982118606567,3.7448337764089956e-08,1.7047779010681552e-06
1490,0,0,0.9999951124191284,9.401651368534658e-08,3.895105692208745e-06,8.031836955524341e-07
1491,0,0,0.584949254989624,1.9901741325156763e-05,0.4135713577270508,0.0014594214735552669
1492,0,0,0.9976645708084106,0.00017032343021128327,0.002027050359174609,0.00013806884817313403
1493,1,1,0.006685659755021334,0.9932842254638672,1.4099779036769178e-05,1.5936178897391073e-05
1494,0,3,0.22173458337783813,3.4459309972589836e-05,0.0006267367280088365,0.7776042222976685
1495,2,2,0.020413922145962715,0.00011451962927822024,0.9686223864555359,0.010849096812307835
1496,1,1,0.00014887085126247257,0.99969482421875,8.391732990276068e-05,7.247515895869583e-05
1497,3,3,0.024268340319395065,2.2579160940949805e-05,0.03641758859157562,0.9392914175987244
1498,3,3,0.002458375645801425,2.7660098567139357e-07,4.0714403439778835e-05,0.9975007176399231
1499,3,3,1.600444556970615e-05,1.107334952621386e-07,4.440400152816437e-05,0.9999394416809082
1500,2,2,2.9459855795721523e-05,8.057621698753792e-07,0.9996755123138428,0.0002942244173027575
1501,3,3,0.007323856465518475,2.802458176631717e-08,0.00041787142981775105,0.9922582507133484
1502,1,1,0.0004935199394822121,0.9993355870246887,0.0001380558096570894,3.272346293670125e-05
1503,3,3,0.029057633131742477,3.6700348005069827e-07,0.00048381512169726193,0.9704582095146179
1504,0,0,0.9998724460601807,7.778985633422053e-08,0.00010697989637264982,2.0422376110218465e-05
1505,0,0,0.999626874923706,1.9587478861105012e-10,0.00015066732885316014,0.00022248740424402058
1506,0,0,0.9992664456367493,1.7681870190244808e-07,0.0003899626317434013,0.00034337470424361527
1507,3,3,0.0007555760093964636,6.579555389407687e-08,2.9388056077550573e-07,0.9992440938949585
1508,3,3,0.004240807145833969,1.7855578335002065e-05,0.3645241856575012,0.6312171220779419
1509,3,3,0.01754038967192173,6.304354883468477e-06,0.013775338418781757,0.9686778783798218
1510,3,3,7.041454227874056e-05,4.7632821065235476e-07,0.05374687537550926,0.9461823105812073
1511,2,2,0.0030150029342621565,1.8912226096290397e-06,0.9434500932693481,0.053532976657152176
1512,3,3,0.00011103534779977053,2.6150265952651353e-08,0.011206154711544514,0.9886828064918518
1513,3,3,0.000449386949185282,4.407738288136898e-06,0.17255938053131104,0.8269868493080139
1514,2,2,0.01040737982839346,1.760542289730438e-07,0.9857292175292969,0.003863211255520582
1515,1,1,0.0014882871182635427,0.983635425567627,0.008201070129871368,0.006675270851701498
1516,3,3,1.2999746104469523e-05,2.3763291334688574e-09,0.001021151663735509,0.998965859413147
1517,0,0,0.9999995231628418,1.5682067866507055e-09,5.981804918064881e-08,3.4206203736175667e-07
1518,1,1,7.805660425219685e-05,0.9998189806938171,6.75522314850241e-05,3.5446908441372216e-05
1519,0,0,0.9997254014015198,1.404356135026319e-05,6.720321010789121e-08,0.00026046944549307227
1520,3,3,0.011084835045039654,5.637573485728353e-05,3.738253508345224e-05,0.9888213872909546
1521,0,0,0.9999518394470215,2.4418343969045964e-07,4.5813575866304745e-07,4.744657053379342e-05
1522,1,1,0.029740797355771065,0.9590358734130859,0.009306811727583408,0.0019165849080309272
1523,0,0,0.9111301898956299,0.0037346126046031713,0.07161397486925125,0.013521222397685051
1524,2,2,2.534364648454357e-05,9.445545288144785e-07,0.9995790123939514,0.0003946521319448948
1525,0,0,0.9505212903022766,0.0002291596174472943,0.04316507652401924,0.006084409076720476
1526,3,3,0.008697083219885826,0.02476896159350872,0.021682772785425186,0.9448511600494385
1527,2,2,0.020944083109498024,0.043769095093011856,0.5121930837631226,0.4230937361717224
1528,0,0,0.9985830783843994,2.6573115974315442e-06,0.0003175345773342997,0.0010967429261654615
1529,0,0,0.9895603656768799,9.251832125301007e-06,0.0020523290149867535,0.008378022350370884
1530,2,2,0.0004359604499768466,2.042178311967291e-05,0.9991229176521301,0.00042078361730091274
1531,2,2,0.23973992466926575,0.012619245797395706,0.7184363007545471,0.029204562306404114
1532,0,0,0.9999376535415649,7.226128673210042e-08,5.70065412830445e-06,5.6498683989048004e-05
1533,0,0,0.9860746264457703,0.01265028491616249,0.0001062242517946288,0.0011687885271385312
1534,3,3,0.00040418465505354106,2.821608404701692e-06,0.07865428924560547,0.9209387302398682
1535,0,0,0.999444305896759,4.460671121364612e-08,0.00030491664074361324,0.0002507285971660167
1536,1,1,1.863867146312259e-05,0.9999390840530396,1.55261815848462e-07,4.212335988995619e-05
1537,0,0,0.9709340333938599,9.991698561861995e-07,0.014931890182197094,0.014132990501821041
1538,0,0,0.9576749205589294,0.0001042377480189316,0.034909553825855255,0.0073112198151648045
1539,2,2,0.0185715202242136,0.0009038391290232539,0.9795968532562256,0.0009277939680032432
1540,1,1,0.04093502089381218,0.9587858319282532,0.00017967805615626276,9.940619202097878e-05
1541,3,2,0.012064709328114986,0.039566799998283386,0.5438816547393799,0.40448686480522156
1542,3,3,4.912771692033857e-05,1.3978802115843791e-08,0.003608087310567498,0.9963427186012268
1543,0,0,0.9996076226234436,1.1708247029673657e-06,0.0003164379158988595,7.472917786799371e-05
1544,0,0,0.9998918771743774,2.640150598143265e-10,1.0191530463998788e-06,0.00010699410631787032
1545,0,0,0.9999829530715942,2.1339005229492614e-08,1.682932452240493e-05,2.4261973408101767e-07
1546,0,0,0.9992223978042603,5.11873349751113e-06,1.1861164239235222e-05,0.0007606175495311618
1547,1,1,2.333703378099017e-05,0.9999743700027466,7.420539738234311e-09,2.2216690922505222e-06
1548,2,0,0.8896538019180298,0.000884952605701983,0.09756490588188171,0.011896326206624508
1549,0,0,0.9999973773956299,1.152595019426883e-09,6.098879339333507e-07,1.973360667761881e-06
1550,3,3,1.5597750461893156e-05,5.981021899970074e-08,0.0007275299285538495,0.9992567896842957
1551,1,1,8.987139881355688e-05,0.9999096393585205,3.5069976433987904e-07,7.62393668196637e-08
1552,2,2,0.22679059207439423,5.601735392701812e-05,0.6440865993499756,0.1290668398141861
1553,1,1,6.996036745476886e-07,0.9999977350234985,1.2492092764659901e-06,3.8239457467170723e-07
1554,1,1,5.661863511363663e-08,0.9999963045120239,3.453111958151567e-06,2.0857169147348031e-07
1555,1,1,0.000650092726573348,0.9993040561676025,4.4591208279598504e-05,1.2796720056940103e-06
1556,2,2,0.00010448740795254707,1.1875696372953826e-06,0.9998862743377686,7.99253484728979e-06
1557,1,1,4.6394450237130513e-07,0.9999990463256836,5.298543896969932e-07,2.7463261886850887e-08
1558,1,1,1.114032812665755e-07,0.9999998807907104,7.1467844975359185e-09,3.161950035135419e-09
1559,0,0,0.9995154142379761,7.628453886354691e-07,8.851296229295258e-07,0.0004829812969546765
1560,1,1,6.772108463337645e-06,0.9999918937683105,9.65953972809075e-07,3.866099405058776e-07
1561,2,2,8.328968760906719e-06,8.885076141496029e-08,0.9999898672103882,1.758083612912742e-06
1562,0,0,0.9654855728149414,0.010906501673161983,0.019929545000195503,0.0036783511750400066
1563,1,1,5.7332046708324924e-05,0.9999421834945679,4.425420740972186e-07,4.9198217055845817e-08
1564,1,1,0.00025279639521613717,0.9996428489685059,9.936879359884188e-05,5.012969268136658e-06
1565,1,1,0.00011520047701196745,0.9997935891151428,6.251799641177058e-05,2.8772092264262028e-05
1566,1,1,3.076028406212572e-06,0.9999831914901733,1.2298212823225185e-05,1.4643142094428185e-06
1567,0,0,0.9921292066574097,0.00011370618449291214,0.0009140780312009156,0.006842955481261015
1568,0,0,0.9999057054519653,2.7241426892032905e-07,1.9897932361345738e-05,7.410710531985387e-05
1569,1,1,1.5433226963068591e-06,0.9999979734420776,8.33532070032561e-08,3.753938244699384e-07
1570,1,1,0.0005821943050250411,0.9985498785972595,0.0008321045897901058,3.578685209504329e-05
1571,1,1,4.183646888122894e-05,0.9999573230743408,4.981768597644987e-07,3.17660095561223e-07
1572,0,0,0.5834639072418213,0.2909429669380188,0.12114036828279495,0.004452744033187628
1573,3,3,0.00366091076284647,6.860931307528517e-07,0.0017076167277991772,0.9946306943893433
1574,1,1,0.013308254070580006,0.9745727777481079,0.011395697481930256,0.0007232529460452497
1575,2,2,0.00020044637494720519,2.048148417088669e-06,0.9910257458686829,0.00877164863049984
1576,0,0,0.9969102740287781,2.089838346819306e-07,0.0004985406412743032,0.0025909929536283016
1577,1,1,4.555215491564013e-05,0.9999542236328125,2.5638215994661095e-09,2.650132273629424e-07
1578,0,0,0.9820780158042908,1.1740125046344474e-05,0.01707088015973568,0.0008393924217671156
1579,3,3,0.0006282197427935898,0.0009493115940131247,0.010565660893917084,0.9878568649291992
1580,0,0,0.9958000779151917,1.371664347971091e-05,0.001895593130029738,0.0022907082457095385
1581,0,0,0.9999998807907104,7.229214449289145e-11,4.445706025535401e-09,6.880317471313901e-08
1582,0,0,0.9998773336410522,6.895294291098253e-07,6.732620477123419e-06,0.00011531753261806443
1583,1,1,1.017125782709627e-06,0.999998927116394,5.190435858892783e-10,9.772250564310525e-09
1584,2,2,2.693824535526801e-05,1.5006229432401597e-06,0.9618222713470459,0.03814928978681564
1585,1,1,5.963020157651044e-07,0.9999990463256836,2.371491234498535e-07,8.896722647477873e-08
1586,0,0,0.999365508556366,1.0899862701307939e-07,0.0002203392650699243,0.0004140149394515902
1587,0,0,0.9989977478981018,0.00012042112211929634,0.0007389464299194515,0.00014291131810750812
1588,1,1,0.0004164341662544757,0.9995703101158142,1.2357170817267615e-05,8.451256690023001e-07
1589,0,0,0.9999949932098389,8.93921097144812e-08,1.4796621599089121e-06,3.4885413242591312e-06
1590,2,2,2.5040561013156548e-05,5.961206625215709e-05,0.9964044094085693,0.0035108972806483507
1591,2,2,0.00018695200560614467,0.0009702166425995529,0.995164155960083,0.003678601235151291
1592,1,1,3.2400126656284556e-05,0.9999606609344482,6.694668627460487e-06,2.910053638061072e-07
1593,0,0,0.9999982118606567,6.025306920065532e-09,1.307600882682891e-06,4.897087251265475e-07
1594,1,1,0.008254888467490673,0.9896278381347656,0.0020219332072883844,9.534526179777458e-05
1595,0,0,0.999896764755249,1.4728221685800236e-05,3.582227350307221e-07,8.810140570858493e-05
1596,1,1,0.020908217877149582,0.9719984531402588,0.002754010958597064,0.0043394058011472225
1597,2,2,0.00023804946977179497,1.8159604451284395e-06,0.996841549873352,0.0029186371248215437
1598,0,0,0.9999582767486572,6.749755812052172e-07,3.590485721360892e-05,5.161925855645677e-06
1599,0,0,0.9208112359046936,0.07824312150478363,0.0007874669972807169,0.00015809728938620538
1600,3,3,0.0026787705719470978,0.005337946582585573,0.017156338319182396,0.9748269319534302
1601,1,1,3.020016237087475e-08,0.9999997615814209,1.0457566901322934e-07,8.063459233653703e-08
1602,2,2,0.002525284653529525,8.956535424431422e-08,0.9973874688148499,8.724041981622577e-05
1603,2,3,0.031042587012052536,1.6982223314698786e-05,0.1021186113357544,0.8668218851089478
1604,1,1,0.0007344977930188179,0.9992227554321289,3.2837993785506114e-05,9.893342394207139e-06
1605,0,0,0.9999480247497559,3.061584266106365e-07,2.714810034376569e-05,2.449160092510283e-05
1606,3,3,0.010217181406915188,0.00012039281864417717,0.009421315044164658,0.9802411794662476
1607,2,2,0.001992605859413743,4.2856191839746316e-07,0.9974281191825867,0.0005788299604319036
1608,0,0,0.8586935997009277,3.805216692853719e-06,0.1348402351140976,0.006462295539677143
1609,3,2,0.021498795598745346,1.3579770893556997e-05,0.5015393495559692,0.47694823145866394
1610,3,3,6.3952256823540665e-09,1.7853843403692338e-11,2.6421196253068047e-07,0.9999997615814209
1611,2,2,5.9468369727255777e-05,1.462574488186874e-07,0.9999364614486694,3.928912065020995e-06
1612,2,2,0.000379804550902918,2.6959435217577266e-06,0.7450653910636902,0.2545521557331085
1613,2,3,0.07642916589975357,0.05758849158883095,0.060463886708021164,0.8055184483528137
1614,1,1,0.0007610791362822056,0.9984201192855835,0.0005248857196420431,0.0002938255202025175
1615,2,2,0.0002595201076474041,3.0396204238059e-06,0.9507997035980225,0.04893777146935463
1616,0,0,0.9706206321716309,0.024325253441929817,0.002920739119872451,0.002133388537913561
1617,0,0,0.9208269119262695,0.06583365052938461,0.001497178222052753,0.011842304840683937
1618,3,3,2.3174854035801218e-08,9.386084132145811e-10,0.00026856883778236806,0.9997313618659973
1619,3,3,0.000422721728682518,1.2310816600802355e-05,0.007353147957473993,0.9922118186950684
1620,3,3,0.030701272189617157,0.007094436790794134,0.07317565381526947,0.8890286684036255
1621,3,3,6.784650031477213e-05,7.618306767653849e-07,0.007308384403586388,0.9926230907440186
1622,2,2,0.0003613420412875712,4.796712360644051e-08,0.9996193647384644,1.931468432303518e-05
1623,0,0,0.9922018051147461,0.003952350001782179,0.00021838920656591654,0.0036275393795222044
1624,1,1,0.00130651134531945,0.9986718893051147,2.1174275389057584e-05,4.839989173888171e-07
1625,3,3,2.9802484277752228e-05,7.268722401931882e-05,0.025465207174420357,0.9744322896003723
1626,3,3,1.3585356100520585e-05,4.567136713262698e-08,0.0005583533784374595,0.9994279742240906
1627,1,1,0.0004804018826689571,0.9994930028915405,6.994627028689138e-07,2.583972855063621e-05
1628,2,2,0.001253689406439662,2.870567641366506e-07,0.9985471367835999,0.0001988425210583955
1629,3,3,7.930777428555302e-06,0.003916407003998756,0.007319672964513302,0.988756000995636
1630,3,3,3.401300637051463e-05,5.4626454470962926e-08,0.00862172432243824,0.9913442134857178
1631,2,2,0.02882782369852066,0.000730630534235388,0.6109344959259033,0.3595070242881775
1632,3,0,0.8594644069671631,0.10405173897743225,0.011886022984981537,0.024597838521003723
1633,3,3,0.06435417383909225,0.0003452816454228014,0.04830411076545715,0.8869965076446533
1634,3,3,0.0001319385482929647,1.384034021612024e-06,0.003214235184714198,0.9966524243354797
1635,2,2,2.7535814297152683e-05,6.336680513641113e-08,0.999772846698761,0.00019959494238719344
1636,0,0,0.9999980926513672,2.1076533585073776e-07,1.3690333844351699e-06,4.2582752257658285e-07
1637,0,0,0.47745421528816223,0.03496043011546135,0.03257598355412483,0.4550093412399292
1638,2,2,1.4102998591170035e-07,8.821008350423654e-07,0.9764723181724548,0.023526718840003014
1639,3,3,0.31440308690071106,0.00018917159468401223,0.0018554975977167487,0.6835522055625916
1640,3,3,2.2323609300656244e-05,5.47192721569445e-05,0.060081809759140015,0.9398412108421326
1641,3,3,3.842496880679391e-06,2.48728682095134e-08,0.00025283577269874513,0.9997432827949524
1642,3,3,5.412019845607574e-07,2.4851700697325896e-09,1.0267160178045742e-05,0.9999891519546509
1643,1,1,0.00041928343125618994,0.9992185831069946,0.00018986861687153578,0.0001722276647342369
1644,0,0,0.9999043941497803,5.645209603244439e-05,8.451860594504979e-06,3.069601734750904e-05
1645,2,2,3.1203679100144655e-05,2.2303176592686214e-05,0.9998384714126587,0.00010791731619974598
1646,1,1,1.63478161994135e-05,0.9999699592590332,5.027890210840269e-07,1.3224796020949725e-05
1647,3,3,0.0006061777239665389,3.880924168697675e-07,0.1595972329378128,0.8397961854934692
1648,0,0,0.9241894483566284,8.5643705460825e-06,0.01440596953034401,0.06139601394534111
1649,0,0,0.9998605251312256,5.5388831299296726e-09,1.6815361959743313e-05,0.0001226915919687599
1650,1,1,0.3359207212924957,0.6163297295570374,0.005660202354192734,0.042089346796274185
1651,1,1,0.0014310762053355575,0.9985174536705017,2.3239672373165376e-05,2.8232729164301418e-05
1652,2,2,7.407393422909081e-05,0.003724433248862624,0.9958332180976868,0.0003683020768221468
1653,3,3,6.403121369658038e-05,4.963844446592702e-08,0.003952068742364645,0.9959839582443237
1654,2,2,0.0013408806407824159,4.702796650235541e-05,0.9961310625076294,0.002481057308614254
1655,3,3,0.030759694054722786,0.0005495664081536233,0.0018734922632575035,0.966817319393158
1656,1,1,2.9566990633611567e-06,0.9999966621398926,2.2228203278018555e-08,3.7372092265286483e-07
1657,2,2,1.6559143034555746e-07,8.448404855698755e-07,0.999967098236084,3.196424586349167e-05
1658,0,0,0.7255027890205383,0.00013109148130752146,0.17389588057994843,0.10047023743391037
1659,3,3,6.369822131091496e-06,1.4734986280018347e-06,0.00831286795437336,0.9916793704032898
1660,3,3,8.295724001072813e-06,1.0441033737151884e-05,0.0010586802382022142,0.9989225268363953
1661,2,2,0.0001339406007900834,3.994763275727564e-08,0.9993817806243896,0.0004842601774726063
1662,2,2,0.012600143440067768,8.187597995856777e-05,0.982434093952179,0.004883837886154652
1663,1,1,3.4588171615723695e-07,0.9999996423721313,2.8257363116068746e-10,2.8431257348415784e-08
1664,0,0,0.9930114150047302,0.0001378775341436267,1.769610207702499e-05,0.006833008024841547
1665,2,2,0.06591358035802841,4.222156064770388e-07,0.9331964254379272,0.0008894898928701878
1666,3,3,0.00026798079488798976,6.87333931637113e-06,0.050496842712163925,0.9492282271385193
1667,3,3,1.022580136122997e-06,5.952621034976957e-11,1.9861913642671425e-06,0.9999970197677612
1668,2,0,0.9892772436141968,2.652985358508886e-06,0.009911568835377693,0.0008086146553978324
1669,3,3,7.348190592892934e-06,1.282615755826555e-07,0.0003435068065300584,0.9996490478515625
1670,2,2,0.00033503276063129306,4.046086132802884e-08,0.9974811673164368,0.0021836746018379927
1671,0,0,0.9181618690490723,0.0004765757767017931,0.03277822956442833,0.048583339899778366
1672,0,0,0.9996532201766968,3.113987077085767e-07,4.857028761762194e-05,0.00029790442204102874
1673,2,2,0.005521188955754042,0.01775178499519825,0.7988888025283813,0.1778382509946823
1674,1,1,0.000159148417878896,0.9995536208152771,0.0001392084959661588,0.00014802762598264962
1675,0,0,0.9842925667762756,0.00012629697448574007,0.00282262428663671,0.012758505530655384
1676,3,3,5.671463441103697e-07,2.4681579002816534e-09,0.0001061882430803962,0.9998931884765625
1677,1,1,0.00032665845355950296,0.9996126294136047,1.5584375432808883e-05,4.52173117082566e-05
1678,2,2,0.0008187938365153968,5.255043106444646e-06,0.9988334774971008,0.00034245281131006777
1679,1,1,0.0006764788995496929,0.9993212223052979,1.179521063932043e-06,1.1628056881818338e-06
1680,0,0,0.8388406038284302,0.0005495754885487258,0.15555179119110107,0.005058124661445618
1681,2,2,0.000524474773555994,6.611412391066551e-05,0.9988927245140076,0.000516808417160064
1682,1,1,4.1652678191894665e-05,0.9999489784240723,8.07050491857808e-06,1.329654310211481e-06
1683,3,3,3.2690843454474816e-07,4.7489524490629265e-07,2.163642602681648e-05,0.9999775886535645
1684,1,1,0.0007280259160324931,0.9992455244064331,2.2460424588643946e-05,4.052721578773344e-06
1685,0,0,0.9998310804367065,6.773722702746454e-07,0.00014695806021336466,2.125900391547475e-05
1686,3,3,0.007914396934211254,3.877876679325709e-06,0.010171751491725445,0.9819099307060242
1687,2,2,8.667239308124408e-05,1.0033516446128488e-05,0.9959904551506042,0.003912837244570255
1688,3,2,0.002636722754687071,4.2662099986046087e-07,0.7884312868118286,0.20893149077892303
1689,3,2,2.2019135030859616e-06,3.699888728725398e-10,0.9724480509757996,0.027549801394343376
1690,3,3,6.564156137756072e-06,1.2940315627929522e-06,0.1978500783443451,0.8021420240402222
1691,0,2,0.317222535610199,6.6333136601315346e-06,0.6827375888824463,3.326146907056682e-05
1692,2,2,6.953520141905756e-07,7.462015727544014e-11,0.9999988079071045,4.853844188801304e-07
1693,2,2,8.215498382924125e-05,2.8657774464591057e-07,0.9851381778717041,0.014779334887862206
1694,2,2,8.490363143209834e-06,3.608093823714853e-10,0.9999910593032837,4.996272195967322e-07
1695,3,3,2.912539912358625e-06,3.0797586077824235e-05,0.004246169701218605,0.9957202076911926
1696,3,3,7.4852338002529e-05,7.750035706521885e-07,0.023235414177179337,0.9766888618469238
1697,0,0,0.9995241165161133,1.1656445622065803e-06,0.00025237855152226985,0.00022240576799958944
1698,1,1,9.108146628022951e-07,0.999997615814209,1.2050095392623916e-06,2.839203432358772e-07
1699,2,2,9.737986692925915e-05,2.0790917005797382e-06,0.999657392501831,0.00024322074023075402
1700,0,0,0.9999020099639893,6.900154971845041e-07,5.5501226597698405e-05,4.1778821469051763e-05
1701,1,1,0.1827203780412674,0.799569308757782,0.004550627898424864,0.013159594498574734
1702,3,3,0.001221547252498567,4.681063273892505e-06,0.00046143049257807434,0.9983123540878296
1703,3,3,0.21315482258796692,2.5678891901748102e-08,0.05443945154547691,0.7324057221412659
1704,3,2,0.043295588344335556,0.0016395800048485398,0.76579350233078,0.18927128612995148
1705,2,2,0.004521403927356005,9.205762580677401e-06,0.9953657388687134,0.00010364941408624873
1706,1,1,4.1589839128164385e-08,0.9999971389770508,2.4570158529968467e-06,3.151831720060727e-07
1707,1,1,0.003477303544059396,0.9951660633087158,1.931620317918714e-06,0.0013547001872211695
1708,2,2,0.002493086503818631,0.030877679586410522,0.8765729069709778,0.09005635231733322
1709,3,3,9.018182822728704e-08,6.745956061555286e-14,0.006107973866164684,0.9938919544219971
1710,3,2,0.010814102366566658,0.0012483122991397977,0.9008470177650452,0.08709059655666351
1711,3,3,2.253312686661957e-06,2.751692385061233e-08,0.014746292494237423,0.9852514266967773
1712,1,2,0.2038431018590927,0.16962692141532898,0.5844449996948242,0.042084939777851105
1713,2,3,8.069229807006195e-06,3.1952637868926104e-07,0.3768905997276306,0.6231010556221008
1714,2,2,0.001152064767666161,1.87982150237076e-05,0.9986329674720764,0.0001962012320291251
1715,1,1,0.012362388893961906,0.9811623096466064,0.004356072284281254,0.0021192932035773993
1716,0,0,0.9999552965164185,6.670484964388379e-08,8.637016435386613e-06,3.609763371059671e-05
1717,3,3,0.14506405591964722,5.144938040757552e-05,0.12193629890680313,0.7329481840133667
1718,2,2,0.00060582987498492,6.140649588814995e-08,0.9993029832839966,9.109262464335188e-05
1719,2,2,0.0001040306015056558,9.686865496405517e-07,0.997156023979187,0.0027390492614358664
1720,2,2,0.00011755339073715732,2.0266995193196635e-08,0.8372840285301208,0.1625984013080597
1721,3,3,5.202147121963208e-07,1.0084863788506482e-06,0.09072861820459366,0.9092698097229004
1722,1,1,1.2650646567635704e-05,0.999985933303833,6.090613737796957e-07,8.236106054937409e-07
1723,0,0,0.8624556064605713,0.018816448748111725,0.018355315551161766,0.1003725528717041
1724,3,3,1.690592021930115e-08,9.895987362895653e-10,0.00033064346644096076,0.9996693134307861
1725,3,2,8.72715245350264e-05,1.5749643367257704e-08,0.5470993518829346,0.45281338691711426
1726,2,2,8.514962246408686e-05,8.200837328331545e-06,0.9984846711158752,0.0014220644952729344
1727,1,1,2.8635351867478676e-08,1.0,7.608467633701821e-09,2.2220413009588214e-10
1728,3,3,9.60048237175215e-06,2.1885476598981768e-05,4.633928620023653e-05,0.9999221563339233
1729,0,0,0.9980440139770508,2.3176431568572298e-05,0.0011569776106625795,0.0007758425199426711
1730,2,2,2.9031227768427925e-06,4.001581999091286e-08,0.9975404739379883,0.0024566431529819965
1731,1,1,3.0161858376231976e-05,0.9999477863311768,1.4066485164221376e-05,8.03774491942022e-06
1732,1,1,1.2579012320657057e-07,0.9999998807907104,2.0535368960850064e-09,1.5011764054051469e-09
1733,1,1,9.223422239301726e-05,0.9999011754989624,3.838272732537007e-06,2.701522589632077e-06
1734,1,1,0.0219377800822258,0.9778726100921631,0.00011797284241765738,7.154131162678823e-05
1735,2,2,2.9717650249949656e-05,2.3650397906749276e-07,0.999588668346405,0.0003814339288510382
1736,1,1,5.502252679434605e-05,0.6458893418312073,0.35177698731422424,0.0022786834742873907
1737,1,1,1.2707465430139564e-05,0.9998552799224854,7.635256042703986e-05,5.566746767726727e-05
1738,1,1,4.6366994865820743e-07,0.9999992847442627,2.8900754500682524e-07,7.154608017145847e-09
1739,0,0,0.9999605417251587,4.539768269751221e-06,3.315009598736651e-05,1.7654818975643138e-06
1740,1,1,9.792319133339333e-07,0.999998927116394,8.594149392138206e-08,1.7267096197315368e-08
1741,1,1,0.016925159841775894,0.9567030668258667,0.00252847233787179,0.02384333685040474
1742,0,3,0.3753756582736969,0.12360945343971252,0.10905185341835022,0.3919629752635956
1743,3,3,0.023984454572200775,8.544695901946397e-07,0.34172695875167847,0.6342877745628357
1744,0,0,0.9993138313293457,2.183066044381121e-06,0.00011787106632255018,0.000566188944503665
1745,0,0,0.8071234226226807,0.0012428240152075887,0.014167523942887783,0.17746621370315552
1746,2,2,0.0002839045482687652,2.6610111891756105e-09,0.9983653426170349,0.0013507552212104201
1747,0,0,0.9906092882156372,0.008705426938831806,0.00016350322403013706,0.000521716196089983
1748,2,2,7.81208073021844e-05,2.0880256101918349e-07,0.9996932744979858,0.0002284134243382141
1749,1,1,4.1467907863079745e-07,0.9999940395355225,3.1021025392874435e-07,5.252170012681745e-06
1750,3,3,2.4410019250353798e-05,4.9637900900734166e-08,0.0007489152485504746,0.9992266893386841
1751,0,0,0.8093230128288269,2.8563781597767957e-05,0.09057804197072983,0.10007037967443466
1752,2,2,0.0003512623952701688,7.175555310823256e-06,0.9934982061386108,0.0061433641240000725
1753,1,1,0.00034308756585232913,0.9996265172958374,8.163479833456222e-06,2.2136086045065895e-05
1754,3,3,9.97129154711729e-06,5.838883154751784e-08,0.000689796928782016,0.9993002414703369
1755,0,2,0.06431316584348679,0.004355693701654673,0.9108949303627014,0.020436245948076248
1756,0,0,0.9340555667877197,3.2674477097316412e-06,0.0011502361157909036,0.0647909939289093
1757,2,2,0.00047692691441625357,0.00011917102528968826,0.9861674904823303,0.01323637180030346
1758,1,1,0.00018912942323368043,0.9997560381889343,5.10350801050663e-05,3.78745244233869e-06
1759,1,1,0.00023013976169750094,0.9996888637542725,3.060291783185676e-05,5.039009192842059e-05
1760,0,0,0.9999942779541016,1.0886026302614482e-06,5.549464958676253e-07,3.998237389168935e-06
1761,1,1,3.43333013006486e-05,0.9999603033065796,3.1448448680748697e-06,2.2588562842429383e-06
1762,3,3,0.0016492926515638828,1.2911395286252514e-09,6.404333362297621e-06,0.9983443021774292
1763,2,2,0.09794072061777115,0.00012338375381659716,0.8925783038139343,0.009357575327157974
1764,0,0,0.9355000257492065,1.562674356136995e-06,0.0193397905677557,0.04515865072607994
1765,1,1,0.00011822628584923223,0.9975762963294983,4.636125959223136e-05,0.002259152941405773
1766,2,2,5.5772095947759226e-05,5.130261797603453e-06,0.9994901418685913,0.00044896636973135173
1767,1,1,1.2622233043657616e-05,0.9999651908874512,1.7669059161562473e-05,4.571190856950125e-06
1768,0,0,0.8634204268455505,3.0809256713837385e-05,0.027058543637394905,0.10949017852544785
1769,2,2,0.007554329931735992,6.621813372476026e-05,0.9921351671218872,0.0002442245604470372
1770,2,3,0.0027244631201028824,6.957362529647071e-06,0.4333826005458832,0.5638859272003174
1771,2,2,0.0043690819293260574,0.0025674025528132915,0.9834560751914978,0.00960739329457283
1772,0,0,0.999998927116394,1.2710120067538355e-08,4.2355614482403325e-07,5.903617648073123e-07
1773,3,3,6.811961611674633e-06,4.070162873404115e-09,0.03918341174721718,0.9608097672462463
1774,3,0,0.9935610294342041,1.600946575308626e-07,0.0010323539609089494,0.005406414624303579
1775,2,2,0.06837484985589981,0.00013184173440095037,0.9251648187637329,0.00632849708199501
1776,1,1,0.0002312875003553927,0.999135434627533,0.0004464927187655121,0.00018676472245715559
1777,1,1,2.8646169880630623e-08,1.0,2.780578434169456e-08,1.5145392495696797e-08
1778,0,0,0.9935169219970703,5.937571131653385e-06,0.001079621259123087,0.0053974962793290615
1779,0,0,0.9527525305747986,4.4725119607846864e-08,0.04723190516233444,1.5554827768937685e-05
1780,0,0,0.9999821186065674,5.4912011364649516e-06,8.819707545626443e-06,3.552063162715058e-06
1781,3,0,0.9957026839256287,4.1572857867322455e-07,0.0013523015659302473,0.0029445982072502375
1782,1,1,0.021376915276050568,0.9785428047180176,3.929598733520834e-06,7.644161814823747e-05
1783,2,2,0.10932052880525589,0.00011201212328160182,0.8851818442344666,0.0053857192397117615
1784,3,3,3.881572047248483e-05,2.0888768403892755e-07,0.0007640095427632332,0.9991969466209412
1785,1,1,0.009058784693479538,0.989824116230011,0.0006805086159147322,0.00043653554166667163
1786,1,1,2.1818579625687562e-05,0.999945878982544,2.380655860179104e-05,8.469802196486853e-06
1787,1,1,0.021052846685051918,0.9774677753448486,0.0006186812533996999,0.0008605826878920197
1788,2,2,0.0002863527333829552,0.00042771745938807726,0.9989809393882751,0.000304955494357273
1789,1,1,0.02553323470056057,0.9744521975517273,8.145746505761053e-06,6.367601599777117e-06
1790,2,3,2.109657998516923e-06,8.52254106575856e-06,0.007769303862005472,0.9922201037406921
1791,0,0,0.8471897840499878,2.3195902940642554e-06,0.06700287759304047,0.0858050063252449
1792,2,3,2.0603472421498736e-06,1.8310566929358174e-07,0.37177884578704834,0.628218948841095
1793,1,1,2.1225457658147207e-06,0.999997615814209,1.7168822807889228e-07,9.024342517705009e-08
1794,1,1,1.0627699111864786e-06,0.9999781847000122,1.2766619875037577e-05,8.00327688921243e-06
1795,3,3,1.9892753698513843e-05,1.7873862390160866e-08,0.00015248122508637607,0.9998276233673096
1796,2,2,0.004827171564102173,7.90892272561905e-07,0.9006796479225159,0.09449227899312973
1797,3,3,0.0406498946249485,1.06964728274761e-06,0.0014911281177774072,0.9578579664230347
1798,1,0,0.38445350527763367,0.15096338093280792,0.08077356219291687,0.38380950689315796
1799,2,2,0.00012637715553864837,7.295614523172844e-06,0.9998573064804077,9.075695743376855e-06
1800,0,0,0.9999939203262329,4.8059631829744376e-09,4.658594662032556e-06,1.426550625183154e-06
1801,1,1,9.10866262415766e-08,0.9999995231628418,1.210867850431896e-07,2.7031089189222257e-07
1802,3,3,3.271797822890221e-06,0.00020180834690108895,0.0005500891129486263,0.9992449283599854
1803,1,1,0.001582913100719452,0.9939111471176147,0.0015758851077407598,0.0029300558380782604
1804,2,2,0.0024776316713541746,1.4746402484888677e-05,0.9972841739654541,0.00022352306405082345
1805,1,1,3.160105510602307e-09,1.0,1.0298085939552948e-08,1.3723122638253926e-09
1806,3,3,0.0013357589486986399,1.395459321429371e-06,0.0021609950345009565,0.9965018033981323
1807,1,1,0.0030514984391629696,0.9930248260498047,0.002888527698814869,0.0010351097444072366
1808,0,0,0.9999878406524658,7.301818261140625e-09,8.762546713114716e-06,3.287509571237024e-06
1809,1,1,0.0001817921147448942,0.9996084570884705,3.719402229762636e-05,0.0001725324400467798
1810,1,1,1.1773502137657488e-06,0.9999984502792358,2.1715574405334337e-07,1.1242301667380161e-07
1811,3,3,0.0014754412695765495,0.00012052070087520406,0.08509056270122528,0.9133134484291077
1812,1,1,2.033478040175396e-06,0.9999966621398926,1.102164674193773e-06,2.5012766968757205e-07
1813,0,0,0.9999929666519165,1.5317201951248194e-09,4.944522515870631e-06,2.198865104219294e-06
1814,3,3,5.89627270528581e-05,1.5495663419073935e-08,0.009074869565665722,0.9908662438392639
1815,1,1,0.0008221116149798036,0.9969010353088379,0.0020832624286413193,0.00019356157281436026
1816,0,0,0.9979244470596313,3.3971836455037874e-09,0.00042779126670211554,0.0016476945020258427
1817,0,0,0.999955415725708,2.410568868072005e-06,4.0280428947880864e-05,1.8389554270470398e-06
1818,0,0,0.9998434782028198,1.0110500214821627e-09,0.00014805742830503732,8.41621385916369e-06
1819,2,2,3.791599010583013e-05,3.043372487354645e-08,0.9998760223388672,8.606819028500468e-05
1820,3,3,0.0020482507534325123,5.082633833808359e-06,0.06773289293050766,0.9302137494087219
1821,1,1,1.8281134543940425e-06,0.9999979734420776,1.9054539279750315e-07,5.159046967406766e-09
1822,0,0,0.9995168447494507,1.564633203088306e-05,0.0003668865538202226,0.00010061414650408551
1823,2,3,0.00041551250615157187,1.1470737263152841e-05,0.03498249873518944,0.9645904302597046
1824,1,1,8.404219329349871e-07,0.9999971389770508,1.141005782301363e-06,8.071782531260396e-07
1825,2,2,0.0023288109805434942,8.555140993848909e-06,0.9976429343223572,1.9583174434956163e-05
1826,2,2,0.000603761407546699,1.3952732842881233e-05,0.9918689727783203,0.007513377349823713
1827,0,0,0.9998699426651001,6.707711236231262e-06,5.337386028259061e-05,6.999174365773797e-05
1828,0,0,0.9989873766899109,0.0003832814109046012,0.00040545235970057547,0.00022385356714949012
1829,1,1,2.570856668171473e-05,0.9998390674591064,0.0001318963331868872,3.2892469334910857e-06
1830,1,1,6.643906817771494e-05,0.9977072477340698,0.001992282923310995,0.00023409980349242687
1831,3,3,2.9232742804197187e-07,2.9257182787567615e-10,0.001974108163267374,0.99802565574646
1832,1,1,0.0001647212338866666,0.9998311996459961,3.159155312459916e-06,8.003302127690404e-07
1833,3,3,3.8733259088985506e-07,1.568653473782433e-08,5.3327559726312757e-05,0.9999462366104126
1834,0,0,0.9977255463600159,4.6527614472324785e-07,0.000127177539980039,0.0021468414925038815
1835,0,0,0.8418904542922974,9.398447218700312e-06,0.00037633575266227126,0.1577237993478775
1836,0,0,0.9999736547470093,2.074255878170561e-09,1.3046920685155783e-05,1.3402726835920475e-05
1837,1,1,3.6726771668327274e-06,0.9999957084655762,4.924172003484273e-07,7.328669227035789e-08
1838,2,2,0.11465156823396683,3.0112165404716507e-05,0.7962424159049988,0.08907589316368103
1839,0,0,0.9617802500724792,0.0005667529185302556,2.9298695153556764e-05,0.03762362152338028
1840,1,2,0.019838014617562294,0.00475356075912714,0.9354547262191772,0.03995359688997269
1841,0,0,0.9999865293502808,6.518090511775654e-09,5.227449946687557e-06,8.204067853512242e-06
1842,2,0,0.7813835740089417,4.3093452404718846e-05,0.21275803446769714,0.005815275479108095
1843,0,0,0.9965881109237671,0.0017103858990594745,0.0016391228418797255,6.244522955967113e-05
1844,0,0,0.9994033575057983,7.161947035427829e-09,2.3366699679172598e-05,0.0005733129801228642
1845,2,2,1.738356877467595e-05,9.177109859592747e-06,0.5395190119743347,0.46045440435409546
1846,0,0,0.9999901056289673,4.68451444302076e-10,1.7311313058598898e-06,8.070252079050988e-06
1847,2,2,5.127075382915791e-06,4.410656401887536e-06,0.9978848099708557,0.0021056670229882
1848,0,0,0.9947090148925781,2.716376184253022e-05,0.003407555865123868,0.0018561753677204251
1849,1,1,0.00023518866510130465,0.9994432330131531,2.0895969043976947e-07,0.0003213691816199571
1850,0,0,0.9989571571350098,7.184829087236722e-07,0.0010286608012393117,1.344083921139827e-05
1851,3,3,0.000415733375120908,1.8032741309070843e-06,0.2141667902469635,0.7854157090187073
1852,0,0,0.9999978542327881,8.460819600486502e-08,1.8819159777194727e-06,2.046779599140791e-07
1853,2,2,0.21648700535297394,0.00012863583106081933,0.7761837840080261,0.007200573571026325
1854,3,3,1.2105691666874918e-06,3.74701336625094e-08,0.008157110773026943,0.9918416738510132
1855,3,2,0.00032356742303818464,0.0001019759220071137,0.699652910232544,0.29992160201072693
1856,0,0,0.6734076142311096,3.999182808911428e-05,0.1712474226951599,0.155304953455925
1857,0,0,0.9957004189491272,9.8467840871308e-05,8.358709237654693e-06,0.004192754626274109
1858,1,1,0.0006144901853986084,0.9989548921585083,2.29642029836441e-08,0.0004305661714170128
1859,2,2,0.001394237857311964,8.434965366177494e-07,0.9952316880226135,0.0033731756266206503
1860,0,0,0.9998273253440857,2.605100064556609e-07,7.394027488771826e-05,9.852420043898746e-05
1861,2,2,0.00025628009461797774,3.7206541492196266e-06,0.9995773434638977,0.00016259978292509913
1862,2,2,0.00044453548616729677,7.100750849531323e-07,0.9897341728210449,0.009820516221225262
1863,3,3,4.271975058145472e-07,3.1618780926834233e-09,0.001370072364807129,0.9986295700073242
1864,3,3,0.019804367795586586,1.3340119949134532e-05,8.987770706880838e-05,0.9800924062728882
1865,2,2,0.0006799245602451265,3.9198866943479516e-06,0.9888982176780701,0.010417946614325047
1866,0,0,0.9957204461097717,2.0885627805000695e-07,0.0001969573786482215,0.004082392435520887
1867,0,0,0.9995156526565552,9.839767699304502e-06,2.968721128127072e-05,0.000444791279733181
1868,3,3,5.419618173618801e-05,1.4189687362886616e-06,0.159459188580513,0.8404852151870728
1869,0,0,0.9715849161148071,0.004899802152067423,0.004205733072012663,0.019309552386403084
1870,2,2,0.11008471250534058,0.0008579546120017767,0.5028428435325623,0.3862144649028778
1871,1,1,2.601683263492305e-05,0.9999711513519287,2.451739419484511e-06,3.5751318705479207e-07
1872,0,0,0.9924490451812744,7.891704626672436e-06,0.00019702225108630955,0.007346122991293669
1873,3,1,0.004636048339307308,0.8901064395904541,0.0017245463095605373,0.10353294759988785
1874,3,3,0.0002497141540516168,1.898723311910544e-08,0.0004043217049911618,0.9993459582328796
1875,2,2,0.00019015563884750009,1.8258456293551717e-06,0.9997523427009583,5.5646658438490704e-05
1876,1,1,0.02458910271525383,0.9752664566040039,0.00013901374768465757,5.511959898285568e-06
1877,0,0,0.9999924898147583,1.1648725148916128e-06,1.7762321249392699e-06,4.498139787756372e-06
1878,3,3,0.00028965595993213356,2.2318843093671603e-06,0.0003911183448508382,0.999316930770874
1879,1,1,0.021161187440156937,0.9050856232643127,0.0423390157520771,0.031414180994033813
1880,0,0,0.9999678134918213,5.680994563661557e-10,4.35311631008517e-06,2.779175883915741e-05
1881,3,0,0.7972784042358398,4.834213541471399e-06,0.05143643543124199,0.15128029882907867
1882,1,1,0.0037639851216226816,0.9953472018241882,0.000686092593241483,0.0002027605369221419
1883,3,3,0.12186336517333984,0.0027698930352926254,0.014995378442108631,0.8603713512420654
1884,3,2,0.00033020219416357577,1.5523330148425885e-05,0.9788748621940613,0.020779382437467575
1885,3,3,0.024111613631248474,4.731290573545266e-06,0.0023389782290905714,0.9735446572303772
1886,0,0,0.9981221556663513,8.242553121817764e-06,0.00027658927137963474,0.0015929568326100707
1887,0,0,0.9999929666519165,1.6420355353208294e-10,3.628727824889211e-07,6.667302386631491e-06
1888,3,3,0.0022722037974745035,1.974780207092408e-05,0.060308996587991714,0.9373990893363953
1889,3,3,0.001089306897483766,2.6311669287792938e-08,3.3895990782184526e-05,0.9988767504692078
1890,3,3,1.2741962564177811e-05,1.4032789152906844e-08,0.07311467081308365,0.9268725514411926
1891,0,0,0.7069341540336609,9.524620691081509e-05,0.2424142211675644,0.05055634304881096
1892,2,2,0.07144982367753983,2.7603539365372853e-06,0.9254542589187622,0.003093167906627059
1893,3,2,0.0001266297185793519,3.863006270421465e-08,0.7657180428504944,0.2341553419828415
1894,0,0,0.999980092048645,1.5999804259259065e-10,2.007864850384067e-06,1.7878215658129193e-05
1895,3,3,7.494051533285528e-05,2.0629073560485267e-07,7.676729728700593e-05,0.9998480081558228
1896,2,2,0.06819763034582138,3.954453973165073e-07,0.927031397819519,0.004770608153194189
1897,2,2,9.996503649745136e-05,7.04158594544424e-07,0.9758865833282471,0.024012738838791847
1898,3,3,6.376667016638748e-08,5.693941845796857e-11,0.003520452417433262,0.9964794516563416
1899,3,3,0.00012811663327738643,0.00262754806317389,0.04525493085384369,0.9519894123077393
1900,2,2,8.116020762827247e-05,2.123306103385403e-06,0.9997912049293518,0.00012555230932775885
1901,3,3,4.512300802161917e-05,1.6405516589657054e-06,0.004508549813181162,0.995444655418396
1902,1,1,0.013478048145771027,0.9277724623680115,0.006988196168094873,0.05176129564642906
1903,0,0,0.9952206015586853,5.601452812697971e-07,0.0030979763250797987,0.0016807453939691186
1904,0,0,0.9999759197235107,1.6963245030865437e-08,1.5121115666261176e-06,2.2557733245776035e-05
1905,3,3,1.7889708033180796e-05,4.6797877075732686e-06,0.007311750669032335,0.9926655888557434
1906,1,1,1.4520768672809936e-05,0.9999839067459106,1.3211472378316103e-06,2.465967838816141e-07
1907,2,2,0.004753246903419495,9.293234143115114e-06,0.9943090677261353,0.0009284570696763694
1908,1,1,5.44515933142975e-05,0.9999454021453857,1.2272732874407666e-07,3.961495664839276e-08
1909,0,0,0.7254773378372192,0.00036442498094402254,2.9094668207108043e-05,0.274129182100296
1910,1,1,0.0023482751566916704,0.9887211918830872,0.0022379430010914803,0.0066925836727023125
1911,3,3,0.0018748624715954065,3.0942350903728766e-09,0.0013203732669353485,0.9968047142028809
1912,0,0,0.9979554414749146,0.0007419022149406374,0.000523145601619035,0.000779495807364583
1913,2,2,0.006140442565083504,2.4199589461204596e-05,0.9927492141723633,0.0010861096670851111
1914,3,3,0.00343919824808836,0.00018216621538158506,0.000384665559977293,0.995993971824646
1915,1,1,9.222429184774228e-07,0.9999985694885254,3.7334757507778704e-07,1.5049690205160005e-07
1916,3,3,1.8421251297695562e-05,3.235859935557528e-08,0.03998107463121414,0.9600004553794861
1917,1,1,0.0002438407245790586,0.9997474551200867,1.377711242867008e-07,8.554370651836507e-06
1918,3,3,0.06378185749053955,0.00023531215265393257,0.08945899456739426,0.8465237617492676
1919,3,2,0.028467761352658272,0.00035223536542616785,0.7261828780174255,0.24499709904193878
1920,2,2,0.06460646539926529,3.095833017141558e-05,0.9256767630577087,0.009685875847935677
1921,2,2,0.0003959507739637047,2.0507222586729767e-07,0.9993009567260742,0.00030290248105302453
1922,3,3,0.0023786919191479683,1.9271737983217463e-06,8.416180935455486e-05,0.997535228729248
1923,3,3,0.00026897835778072476,1.912069092213642e-05,0.0012567167868837714,0.9984551668167114
1924,2,2,0.0434119738638401,0.0006737299263477325,0.9352141618728638,0.02070021815598011
1925,0,0,0.9999762773513794,6.518807271760352e-09,1.2828276339860167e-05,1.087336477212375e-05
1926,2,2,0.01126839593052864,0.0025395730044692755,0.9159783124923706,0.07021377980709076
1927,2,2,3.121029294561595e-05,2.389477913311566e-07,0.9938353300094604,0.006133308168500662
1928,2,2,0.012936747632920742,1.02441053968505e-05,0.9867124557495117,0.00034048978704959154
1929,2,2,0.0003311311302240938,1.29643126456358e-06,0.9995724558830261,9.507971117272973e-05
1930,1,1,0.0006113917334005237,0.9992650151252747,0.00011890284804394469,4.656198143493384e-06
1931,1,1,5.582933795267309e-07,0.9999980926513672,4.402842819217767e-07,8.979589551927347e-07
1932,1,1,0.000259265216300264,0.9981391429901123,0.0012145705986768007,0.0003870227374136448
1933,0,0,0.9997493624687195,2.5860259711407707e-07,0.0002323622175026685,1.7985217709792778e-05
1934,0,0,0.9974873065948486,2.1705960534745827e-05,0.0001319501461694017,0.0023589972406625748
1935,3,3,0.0018633443396538496,9.78696916718036e-05,0.004321958404034376,0.9937168955802917
1936,0,0,0.9961947202682495,1.225103551405482e-05,0.00014632154488936067,0.003646690398454666
1937,3,3,0.005004866048693657,5.06047456383385e-07,0.003658125177025795,0.991336464881897
1938,3,3,0.0003509366069920361,3.60901964313598e-07,0.06775324046611786,0.9318954944610596
1939,0,0,0.9998900890350342,3.2175560704672534e-07,1.0444510735396761e-05,9.91360648185946e-05
1940,3,3,0.00013688215403817594,1.717134909995366e-05,0.0027725868858397007,0.9970734119415283
1941,3,3,0.03839465230703354,0.0040249950252473354,0.049365051090717316,0.9082152843475342
1942,1,1,0.00027410907205194235,0.9996881484985352,1.8399870896246284e-05,1.9346394765307195e-05
1943,0,0,0.9999960660934448,8.315281974091704e-08,2.1373157323978376e-06,1.7623584653847502e-06
1944,1,1,8.986107218333927e-07,0.9999988079071045,3.1583394388690067e-07,3.035693296737918e-08
1945,1,1,0.0008486028527840972,0.9991284012794495,1.5290919691324234e-05,7.711830221523996e-06
1946,0,0,0.9015693664550781,0.015096205286681652,0.046541180461645126,0.03679322823882103
1947,1,1,5.45563489140477e-05,0.9999446868896484,3.7228255678201094e-07,3.267842316745373e-07
1948,1,1,7.043763616820797e-07,0.9999986886978149,6.428274357261898e-09,6.418130737984029e-07
1949,2,2,1.7815429600887e-05,5.518001557902608e-07,0.9983726143836975,0.001608988270163536
1950,1,1,4.560585239232751e-06,0.9999771118164062,1.3991945706948172e-05,4.342048669059295e-06
1951,0,0,0.9986423850059509,1.0171214626097935e-06,0.0001068989367922768,0.0012497054412961006
1952,1,1,0.00019891353440470994,0.9995288848876953,0.00024364423006772995,2.854661397577729e-05
1953,3,3,3.2443545933347195e-05,0.00010199214739259332,0.027785779908299446,0.9720797538757324
1954,3,3,1.405028910994588e-06,7.603841822856339e-08,0.0010111124720424414,0.9989873766899109
1955,3,3,2.8317946998868138e-05,2.9333637741046914e-09,0.0004048833798151463,0.9995667338371277
1956,3,3,0.00589021947234869,0.10084240883588791,0.003056030021980405,0.890211284160614
1957,1,0,0.659896731376648,0.27176108956336975,0.00017518077220302075,0.06816700100898743
1958,2,2,8.337884196407686e-07,2.0168424708089105e-09,0.9999767541885376,2.2417285435949452e-05
1959,2,2,9.920993761625141e-05,6.0645470512099564e-05,0.9997861981391907,5.4038773669162765e-05
1960,1,1,0.021306654438376427,0.9232929944992065,0.03837958723306656,0.01702081225812435
1961,2,3,0.1993793249130249,0.019574090838432312,0.15223658084869385,0.6288099884986877
1962,2,2,0.0005326629616320133,0.0014932280173525214,0.9945862293243408,0.003387756645679474
1963,1,1,0.0009191181161440909,0.9990795850753784,9.268002827411692e-07,3.644410071501625e-07
1964,3,3,1.5769288438605145e-05,0.00014008728612679988,0.0008656996069476008,0.9989784955978394
1965,0,0,0.9999556541442871,3.6713213802386235e-08,4.328550130594522e-05,1.0783345487652696e-06
1966,0,0,0.9999984502792358,2.654346076269576e-08,1.194936061210683e-07,1.3693262417291407e-06
1967,3,3,1.0791698059620103e-06,7.082924913248689e-09,0.0001301948504988104,0.9998687505722046
1968,3,3,0.00016050785779953003,1.8878297536328859e-10,0.002144985133782029,0.9976944327354431
1969,1,1,0.0006984813953749835,0.9988477230072021,0.00030094091198407114,0.0001528343855170533
1970,1,1,0.0031290908809751272,0.9376102685928345,0.05781746655702591,0.001443253131583333
1971,0,0,0.9984325766563416,0.0008259936585091054,0.0004425198712851852,0.0002988983760587871
1972,2,2,0.0046559888869524,0.013587985187768936,0.9757454991340637,0.006010538898408413
1973,3,3,4.7078097850317135e-05,3.349146879827458e-07,0.005215839017182589,0.9947367310523987
1974,2,3,0.009351671673357487,0.003570239059627056,0.41815394163131714,0.5689241290092468
1975,0,0,0.9669655561447144,0.0007639860268682241,0.025111796334385872,0.007158554624766111
1976,0,1,0.023754430934786797,0.9755063056945801,5.736614184570499e-05,0.0006818777765147388
1977,0,0,0.999160885810852,7.222230578918243e-06,4.1012241126736626e-05,0.0007909328560344875
1978,3,3,0.00012443384912330657,1.1004789968183104e-07,0.008824230171740055,0.991051197052002
1979,0,0,0.9999971389770508,2.8179496069924426e-08,1.0992877150783897e-06,1.7503958815723308e-06
1980,0,0,0.9999793767929077,2.9274982438209918e-08,1.7107724488596432e-05,3.463693474259344e-06
1981,0,0,0.9998278617858887,1.2865552889707033e-07,0.00015813169011380523,1.3799181033391505e-05
1982,1,1,0.004803181160241365,0.9951521158218384,3.538527380442247e-05,9.246051376976538e-06
1983,3,3,3.43219144269824e-05,9.985184306060546e-07,0.042644817382097244,0.9573198556900024
1984,3,3,0.00010075114551000297,2.268889289780418e-07,0.004837270360440016,0.9950616955757141
1985,1,1,3.633270125646959e-06,0.9999959468841553,7.558250558759028e-08,3.853595558211964e-07
1986,3,3,8.541654096916318e-06,1.1809131450490895e-09,0.00021433341316878796,0.9997771382331848
1987,0,0,0.9895883798599243,0.00048359829816035926,0.0013722958974540234,0.008555654436349869
1988,3,3,0.00040249869925901294,3.4016136574166467e-09,0.006273770239204168,0.9933237433433533
1989,2,2,0.05027270317077637,0.00031827701604925096,0.9062472581863403,0.043161790817976
1990,3,3,0.0001458352489862591,8.412844908889383e-05,0.02643091045320034,0.9733390808105469
1991,2,2,0.00560053950175643,1.5190342992355e-06,0.9077613353729248,0.08663660287857056
1992,1,1,0.00042845020652748644,0.9991347193717957,0.0004338701837696135,2.9765249109914294e-06
1993,2,2,0.0443851538002491,6.554018341375922e-07,0.9545204043388367,0.0010936998296529055
1994,0,0,0.9999887943267822,1.498486597029114e-07,1.1017697033821605e-05,7.35241911797857e-08
1995,2,2,0.0002616041456349194,4.3409855265963415e-08,0.9996874332427979,5.095993765280582e-05
1996,3,3,3.0367571525857784e-05,1.3162870118321734e-06,0.004980079829692841,0.9949883222579956
1997,2,2,9.491421224083751e-05,3.806447423926329e-08,0.9788193106651306,0.02108575776219368
1998,0,0,0.9999217987060547,8.763613550399896e-06,1.6948364645941183e-05,5.2563886129064485e-05
1999,1,1,0.3045090138912201,0.6835347414016724,0.004960356745868921,0.0069958544336259365
2000,1,1,0.004069248214364052,0.7555142045021057,0.23811295628547668,0.002303557237610221
2001,1,1,0.0012552200350910425,0.9411700367927551,0.040481794625520706,0.017093025147914886
2002,1,1,9.107682126341388e-05,0.9998502731323242,4.1106071876129135e-05,1.7485732314526103e-05
2003,1,1,1.4477539025392616e-06,0.9999926090240479,4.617127615347272e-06,1.2907189557154197e-06
2004,0,0,0.9991512298583984,2.693544161047612e-07,0.0007808835944160819,6.760233372915536e-05
2005,2,3,0.0012880892027169466,0.00012304172560106963,0.036307442933321,0.962281346321106
2006,3,2,0.0002002324617933482,2.712986770347925e-06,0.7038997411727905,0.29589739441871643
2007,3,3,2.558363303251099e-05,1.9470890322281775e-07,0.0013759570429101586,0.9985982775688171
2008,1,1,0.0063794683665037155,0.9813907146453857,0.011211051605641842,0.0010187845909968019
2009,3,3,0.0018367099110037088,7.925206801928653e-08,0.0011499669635668397,0.9970132112503052
2010,2,2,1.289607916987734e-05,2.2725006942891923e-07,0.9977049231529236,0.0022820024751126766
2011,0,0,0.9999337196350098,3.0265360351222625e-07,2.901886182371527e-05,3.7018191505922005e-05
2012,0,0,0.9999656677246094,2.5777535483939573e-06,2.6695618089433992e-06,2.910892726504244e-05
2013,0,0,0.9951321482658386,0.003956688102334738,0.000676938274409622,0.00023420412617269903
2014,0,0,0.9984617233276367,1.7786800299290917e-07,0.00044489509309642017,0.0010931749129667878
2015,0,0,0.9882402420043945,0.00025889137759804726,0.006664580199867487,0.00483627850189805
2016,0,0,0.999854564666748,4.351390543888556e-06,1.4335351806948893e-05,0.00012674275785684586
2017,2,2,0.09725707769393921,0.008045033551752567,0.8646084070205688,0.030089542269706726
2018,1,1,0.0007835893775336444,0.9991397857666016,2.728412027863669e-06,7.379323506029323e-05
2019,1,1,0.0020350459963083267,0.9979133009910583,3.034148903680034e-05,2.134151327481959e-05
2020,0,0,1.0,4.860895366776141e-11,1.6270776725946234e-08,1.9907142601027772e-08
2021,0,0,0.9999960660934448,3.004929567396175e-07,3.3515239010739606e-06,2.82179911437197e-07
2022,0,0,0.9988746047019958,2.693274109333288e-05,1.5727207937743515e-05,0.0010827527148649096
2023,1,1,0.00021748717699665576,0.9997825026512146,2.9276254309706928e-08,3.744132826000168e-08
2024,0,0,0.9999886751174927,9.371008786729362e-07,7.617976734763943e-06,2.7575124477152713e-06
2025,3,3,5.0152812036685646e-05,4.607253245580978e-08,0.00045855427742935717,0.9994912147521973
2026,1,1,0.007605154067277908,0.9913662075996399,0.0006921660387888551,0.0003365081502124667
2027,0,0,0.9997029900550842,4.7528263280582905e-07,9.883472375804558e-05,0.0001977475913008675
2028,0,1,0.1237901821732521,0.8752278089523315,5.526881795958616e-05,0.0009267537971027195
2029,0,0,0.9997683167457581,1.9008820117960568e-07,1.546904240967706e-05,0.0002160383010050282
2030,0,0,0.9996703863143921,9.220066203852184e-06,0.0002259030588902533,9.443797171115875e-05
2031,1,1,6.458952702814713e-05,0.9999339580535889,6.642116545663157e-07,7.800269372637558e-07
2032,1,1,0.054197683930397034,0.9456157088279724,3.76349390762698e-07,0.00018627778626978397
2033,2,2,0.04440455138683319,0.0018913238309323788,0.9513798356056213,0.0023242945317178965
2034,3,3,3.151818646074389e-06,7.494736498081522e-10,2.4148346255969955e-06,0.9999943971633911
2035,2,2,0.0004899893538095057,0.00031047104857861996,0.5402035713195801,0.4589959681034088
2036,1,2,0.00013003993080928922,0.2944171130657196,0.6353968977928162,0.07005590945482254
2037,0,0,0.99994957447052,5.620747174361895e-07,3.39398393407464e-05,1.584750134497881e-05
2038,2,2,0.0004038690240122378,1.9371720554772764e-05,0.8207413554191589,0.17883536219596863
2039,1,1,0.00019002291082870215,0.9997074007987976,8.45069153001532e-05,1.800787322281394e-05
2040,1,1,0.00022834872652310878,0.9882462620735168,0.009710440412163734,0.0018149892566725612
2041,3,3,0.00465165451169014,2.1562131223618053e-05,0.001130421063862741,0.9941962957382202
2042,0,0,0.9999805688858032,4.435274716940718e-11,1.2911860949316178e-06,1.8093263861373998e-05
2043,0,0,0.9158025979995728,0.00027297850465402007,0.07700801640748978,0.006916417274624109
2044,1,1,0.009868413209915161,0.9890738129615784,0.0006321869441308081,0.0004256899410393089
2045,1,1,0.0009872284717857838,0.9961122870445251,0.0025654572527855635,0.00033507400075905025
2046,2,1,0.011849447153508663,0.7914385199546814,0.16049088537693024,0.03622116893529892
2047,0,0,0.8030825257301331,0.022315507754683495,0.12165475636720657,0.05294724181294441
2048,1,1,1.9154209951466328e-07,0.9999985694885254,9.166836321128358e-07,3.8367630850189016e-07
2049,2,2,0.00013516073522623628,8.702426157469745e-08,0.999417781829834,0.00044702799641527236
2050,1,1,0.0013225929578766227,0.9975524544715881,0.00015056571282912046,0.0009743846021592617
2051,1,1,1.9322618527439772e-07,0.9999986886978149,6.831700147813535e-07,4.593932203533768e-07
2052,1,1,0.18402130901813507,0.8063647747039795,0.0015699143987149,0.008044046349823475
2053,0,2,0.13060003519058228,5.474467990040921e-09,0.8664847016334534,0.0029153123032301664
2054,0,0,0.9999992847442627,3.385609292916314e-10,4.1959614804909506e-07,2.1403097605343646e-07
2055,0,0,0.9999977350234985,3.943233650716138e-08,1.6194809404623811e-06,5.065996901976177e-07
2056,0,0,0.999942421913147,2.059489816019777e-06,4.07767147407867e-05,1.4771953829040285e-05
2057,0,0,0.9882170557975769,1.0560419468674809e-05,0.011674509383738041,9.78603056864813e-05
2058,1,1,7.418118912028149e-06,0.9997000694274902,1.036339563142974e-05,0.00028221923275850713
2059,0,0,0.99988853931427,1.4496921494355774e-06,2.6712621547630988e-05,8.328367403009906e-05
2060,0,0,0.9992020726203918,1.3743108866037801e-05,0.00027763895923271775,0.0005065836594440043
2061,3,3,3.9800270315026864e-05,4.759812668453378e-07,0.14439190924167633,0.8555678129196167
2062,2,3,4.900547719444148e-05,3.916868536180118e-07,0.0024150472600013018,0.9975355863571167
2063,0,0,0.9979085922241211,3.640041086327983e-07,0.0001835991133702919,0.0019075601594522595
2064,1,1,1.6781979184088414e-07,0.9999991655349731,4.814865519620071e-07,1.8702307613693847e-07
2065,0,0,0.9867262840270996,3.272639901297225e-07,0.0013026879169046879,0.01197073608636856
2066,1,1,1.3835831680353294e-07,0.9999997615814209,4.596314084892583e-08,1.2993116804693727e-08
2067,2,2,0.00015733830514363945,1.514193286311638e-06,0.9997933506965637,4.785084456671029e-05
2068,2,2,4.1312632674816996e-05,3.077758137237652e-08,0.9999570846557617,1.4878526144457282e-06
2069,1,1,2.8422904506442137e-05,0.9997977614402771,0.0001236682728631422,5.012118344893679e-05
2070,3,3,0.00021023627778049558,2.118799358186152e-08,6.258200301090255e-06,0.9997835755348206
2071,0,0,0.9999092817306519,2.2032350898371078e-05,3.353738065925427e-05,3.519366146065295e-05
2072,1,1,6.120686157373711e-05,0.9999291896820068,4.100076694157906e-06,5.454751317301998e-06
2073,0,0,0.9999294281005859,2.2064298832447093e-08,6.120950274635106e-05,9.409708582097664e-06
2074,0,0,0.9999873638153076,4.3343422184705105e-09,9.499283805780578e-06,3.0567437079298543e-06
2075,1,1,0.000565777241718024,0.9994070529937744,1.3903703802498057e-05,1.3236195627541747e-05
2076,0,0,0.999988317489624,4.607666141964728e-07,3.025178045845678e-07,1.091615831683157e-05
2077,1,1,0.000358846242306754,0.999618649482727,1.76231096702395e-05,4.892860488325823e-06
2078,1,1,8.830774618218129e-07,0.999998927116394,1.4561007333213638e-07,4.117600127528931e-08
2079,1,1,2.6142928618355654e-05,0.9999728202819824,6.363763986882987e-07,3.841409466076584e-07
2080,2,2,0.0016770572401583195,3.827345426543616e-05,0.9927834272384644,0.0055012814700603485
2081,3,3,4.118504875805229e-05,5.874704243069573e-07,0.0010859413305297494,0.9988722205162048
2082,3,3,1.5324296782637248e-06,1.2503073229530592e-11,0.002225050237029791,0.9977733492851257
2083,0,0,0.9995866417884827,0.0003466069756541401,6.134691648185253e-05,5.364356638892787e-06
2084,2,2,0.00015833694487810135,5.179818344913656e-06,0.9997803568840027,5.613679240923375e-05
2085,3,3,0.0029321678448468447,9.304040986535256e-07,0.056004054844379425,0.941062867641449
2086,2,2,0.0017377618933096528,8.542940486222506e-05,0.9812163710594177,0.01696046255528927
2087,0,0,0.9999340772628784,1.1070712702121455e-07,5.2286650316091254e-05,1.3457718523568474e-05
2088,0,0,0.5736616253852844,3.834482413367368e-05,0.25539159774780273,0.17090845108032227
2089,3,3,0.00018755182099994272,4.907942638965324e-07,0.006454154383391142,0.9933578372001648
2090,1,1,0.0005325120873749256,0.9989283680915833,0.00038078302168287337,0.00015837261162232608
2091,2,2,0.002510879887267947,0.0004975590272806585,0.6188488602638245,0.37814274430274963
2092,0,0,0.9999982118606567,1.9570871145901947e-08,1.1118969744927654e-08,1.8246495301355026e-06
2093,3,3,2.738252931067109e-07,3.2849603037732322e-09,0.0045882947742938995,0.9954114556312561
2094,3,2,0.19714578986167908,0.010545531287789345,0.6414459347724915,0.15086276829242706
2095,3,2,0.0001267384650418535,1.2195386034363764e-08,0.5779017806053162,0.42197152972221375
2096,1,1,0.00011511190677993,0.9998083710670471,6.819608097430319e-05,8.318138497998007e-06
2097,1,1,0.0001430926495231688,0.9998189806938171,1.8589489627629519e-06,3.6155721318209544e-05
2098,2,2,0.02903827279806137,0.00021235184976831079,0.9676870107650757,0.003062275005504489
2099,1,1,0.00011980682756984606,0.9989408850669861,0.0007801814354024827,0.00015906647604424506
2100,3,3,0.07011006027460098,4.050891675433377e-06,0.20897650718688965,0.7209093570709229
2101,3,0,0.507685124874115,0.2126285433769226,0.1611156165599823,0.1185707226395607
2102,3,3,0.026483282446861267,2.160632339709423e-09,0.022198831662535667,0.9513179063796997
2103,3,3,6.823950570833404e-06,1.9071610779519688e-07,0.0020279313903301954,0.9979649782180786
2104,3,3,4.717936619158536e-08,1.4269688208834452e-10,2.677588554433896e-06,0.9999972581863403
2105,0,0,0.8598384261131287,0.041785985231399536,0.08750719577074051,0.010868282057344913
2106,3,3,0.00023307088122237474,2.4472071938341777e-11,0.002494286512956023,0.9972726702690125
2107,3,3,5.265832078293897e-05,2.945010457722219e-08,7.314733375096694e-05,0.9998742341995239
2108,0,0,0.9999991655349731,1.0003008554804182e-07,1.141261574133523e-08,7.139796593946812e-07
2109,1,1,4.078208439750597e-05,0.9999539852142334,5.04286754221539e-06,1.9007927676284453e-07
2110,1,1,0.0606851801276207,0.8766992092132568,0.01620817743241787,0.046407461166381836
2111,2,2,0.0006673596799373627,5.895042249903781e-07,0.9992893934249878,4.263329174136743e-05
2112,3,3,6.454423129298448e-08,5.4462701015722814e-09,0.001028580591082573,0.9989713430404663
2113,3,3,4.83669145978638e-06,5.629526640404947e-06,0.013698983006179333,0.9862905144691467
2114,1,1,0.0006363644497469068,0.9990154504776001,1.4472394468612038e-05,0.00033371185418218374
2115,3,2,0.015016349963843822,0.0031433608382940292,0.5594521164894104,0.4223881661891937
2116,2,2,0.0037444939371198416,0.00010709727212088183,0.9956210255622864,0.0005274519789963961
2117,2,2,0.08017150312662125,1.375122877789181e-07,0.9153235554695129,0.004504817072302103
2118,0,0,0.9999996423721313,6.619925940754001e-09,7.930997192318046e-09,3.8565141835533723e-07
2119,1,1,1.0174370800086763e-05,0.999976396560669,2.729644620558247e-06,1.0751178706414066e-05
2120,2,3,4.1076738853007555e-05,1.055350740131189e-08,0.05240428075194359,0.9475545883178711
2121,2,2,0.21058085560798645,0.001045950106345117,0.7460967302322388,0.04227645322680473
2122,3,2,0.2449800968170166,0.004400953184813261,0.6238071322441101,0.12681181728839874
2123,2,2,0.0018128490773960948,5.5910577430040576e-06,0.9979156851768494,0.00026584145962260664
2124,2,3,1.433925547189574e-07,6.387638862292988e-09,0.009847228415310383,0.9901526570320129
2125,0,0,0.9999991655349731,4.006846854309742e-09,1.0172050224355189e-07,6.628280289078248e-07
2126,3,0,0.9967966675758362,2.2964196944030846e-07,0.0002908773021772504,0.0029122442938387394
2127,2,2,1.908818376250565e-05,4.705714309238829e-05,0.9996745586395264,0.00025929606636054814
2128,3,3,0.008544063195586205,1.648699480938376e-06,7.019368695182493e-06,0.9914473295211792
2129,3,3,0.0002921187842730433,0.006803332827985287,0.10022860765457153,0.8926759362220764
2130,3,3,0.00037863964098505676,2.6652361384549295e-07,0.005873606540262699,0.9937474727630615
2131,3,3,0.097053162753582,0.0001559273077873513,0.17786338925361633,0.724927544593811
2132,1,1,0.000629084708634764,0.997931957244873,0.0012002268340438604,0.0002387461718171835
2133,3,3,2.138431227649562e-06,7.775896593287257e-10,5.4261457989923656e-05,0.9999436140060425
2134,0,0,0.7386692762374878,7.082505180733278e-05,0.09169058501720428,0.16956931352615356
2135,0,0,0.7307044863700867,0.17514149844646454,0.03950768709182739,0.054646316915750504
2136,1,1,4.731583430839237e-06,0.9999949932098389,6.097407379002107e-08,1.9972506493104447e-07
2137,0,0,0.9999494552612305,1.137309936893871e-06,2.078560100926552e-05,2.8617761927307583e-05
2138,3,0,0.9284371733665466,7.651549094589427e-05,0.002455945359542966,0.06903040409088135
2139,3,3,6.460742270064657e-07,1.3043871538442886e-09,2.759068775048945e-05,0.9999717473983765
2140,0,0,0.9998623132705688,2.932963809598732e-07,0.00010785034100990742,2.953687908302527e-05
2141,3,3,0.0001013032888295129,3.953051930238871e-07,0.03144149109721184,0.9684568643569946
2142,3,3,0.00156869285274297,3.467359954711924e-09,0.0014182458398863673,0.9970130920410156
2143,3,3,1.9441871700109914e-05,2.398513515800005e-06,0.012708154506981373,0.9872701168060303
2144,1,1,0.009862537495791912,0.9887819886207581,1.4436822311836295e-05,0.0013410287210717797
2145,3,3,0.0008668636437505484,2.683238562894985e-05,0.37371790409088135,0.6253883838653564
2146,1,1,5.515847078640945e-05,0.999906063079834,3.536763688316569e-05,3.4103975394828012e-06
2147,1,1,3.6458145586948376e-06,0.9999960660934448,6.098155314049336e-09,1.892581167339813e-07
2148,2,2,0.04800037667155266,0.00018705197726376355,0.9165824055671692,0.03523016721010208
2149,3,3,0.0001608577586011961,2.0952062307344477e-09,2.2083135263528675e-05,0.9998170733451843
2150,0,0,0.9909808039665222,0.008309499360620975,0.00040889944648370147,0.0003007806953974068
2151,3,3,0.0002082035061903298,1.6561375559831504e-07,0.002032369142398238,0.9977593421936035
2152,2,2,0.0034999684430658817,1.7550866687088273e-05,0.9831207990646362,0.013361632823944092
2153,1,1,0.0004677174147218466,0.9994981288909912,2.626686000439804e-05,7.8869152275729e-06
2154,0,0,0.9999480247497559,1.4145244904284482e-06,4.452066605153959e-06,4.619950050255284e-05
2155,1,1,0.0005866267019882798,0.9993751645088196,3.623219527071342e-05,1.994860213017091e-06
2156,2,2,0.0020191099029034376,1.3111367707097088e-06,0.9976516366004944,0.0003280486271250993
2157,2,2,0.00017044265405274928,4.6809233822386886e-07,0.9997597336769104,6.938823935342953e-05
2158,0,0,0.9887179136276245,1.289348347199848e-05,0.0016533362213522196,0.009615957736968994
2159,0,0,0.9739509224891663,0.02579772286117077,0.00020784315711352974,4.3583455408224836e-05
2160,1,1,0.00027532296371646225,0.9996694326400757,1.619187787582632e-05,3.908032158506103e-05
2161,0,0,0.9995267391204834,7.312011973681365e-08,0.00039694528095424175,7.635622750967741e-05
2162,3,3,7.689686754019931e-05,9.179236144518654e-07,0.0013440558686852455,0.9985780715942383
2163,2,2,0.002318410901352763,5.764196657764842e-07,0.9961054921150208,0.0015755011700093746
2164,0,0,0.982961118221283,0.01553310640156269,0.00044096424244344234,0.0010647618910297751
2165,3,3,1.7885232850289867e-08,8.794328459904577e-11,0.00011231494136154652,0.9998877048492432
2166,3,3,0.01166924275457859,0.1042560413479805,0.01889665611088276,0.8651780486106873
2167,0,2,0.46106263995170593,1.6563079441311856e-07,0.491956889629364,0.04698034003376961
2168,2,3,0.00043858206481672823,5.60036969545763e-05,0.38769420981407166,0.6118111610412598
2169,2,3,2.128211963281501e-05,3.029056756531645e-07,0.003767292946577072,0.996211051940918
2170,3,3,0.0002319036575499922,4.665097321776557e-07,0.0001425346126779914,0.9996250867843628
2171,1,1,9.958360897144303e-05,0.999897837638855,8.729308547117398e-07,1.6957958450802835e-06
2172,0,0,0.9990690350532532,8.918735749929851e-10,0.00068274000659585,0.0002481715346220881
2173,0,0,0.542680025100708,0.3634876310825348,0.0887177437543869,0.005114553961902857
2174,0,0,0.9982744455337524,1.7894009829433344e-07,2.2699934561387636e-05,0.0017025999259203672
2175,2,2,0.0015290386509150267,2.014141273321002e-06,0.9983797073364258,8.922521374188364e-05
2176,3,2,0.0023408655542880297,4.245963282301091e-06,0.6365742683410645,0.36108067631721497
2177,3,3,2.5921251562976977e-06,3.3022658385561954e-07,0.4765527844429016,0.5234442949295044
2178,3,3,0.11800887435674667,1.0263192962156609e-07,0.003668177407234907,0.8783227801322937
2179,3,2,0.0015802691923454404,8.170650289685e-06,0.8325786590576172,0.16583284735679626
2180,3,3,0.00010569170990493149,3.6461499348661164e-06,0.013195404782891273,0.9866952896118164
2181,3,3,1.8916332464868901e-06,8.049537036924903e-09,3.418633423279971e-05,0.9999638795852661
2182,2,2,6.254436812014319e-06,1.721761289097401e-09,0.9999678134918213,2.594776378828101e-05
2183,0,0,0.9671157002449036,2.5269744696743146e-07,0.012694831937551498,0.020189203321933746
2184,0,0,0.9999936819076538,9.9066610470544e-10,1.7562035736773396e-06,4.499565420701401e-06
2185,3,3,0.21970027685165405,0.00034565836540423334,0.017051121219992638,0.7629029154777527
2186,2,2,3.273454058216885e-05,2.3060208604874788e-06,0.8821005821228027,0.11786439269781113
2187,0,0,0.9999972581863403,2.4165945688991997e-08,3.748567678485415e-08,2.738504463195568e-06
2188,2,2,0.0032596588134765625,2.265602006445988e-06,0.9957463145256042,0.0009917266434058547
2189,2,2,9.11041788640432e-05,8.053701350263509e-08,0.9998931884765625,1.570458698552102e-05
2190,2,2,0.0012436425313353539,0.00010130045120604336,0.8381756544113159,0.1604793816804886
2191,3,0,0.5693925619125366,3.7396839616121724e-05,0.02548261731863022,0.4050873816013336
2192,1,1,2.3662605599383824e-05,0.9999756813049316,5.390621140577423e-07,1.4255813596264488e-07
2193,3,3,0.0008032880141399801,2.0170671177766053e-07,0.0025749364867806435,0.9966214895248413
2194,3,3,3.092982296948321e-05,5.615942377801275e-09,0.0013591691385954618,0.9986099004745483
2195,0,0,0.9786393642425537,0.00010604332783259451,0.009033234789967537,0.012221424840390682
2196,3,3,0.0024062725715339184,1.8750972230918705e-05,0.0013643288984894753,0.9962106943130493
2197,3,3,2.3531389160780236e-05,3.2667342111381004e-06,0.0011839313665404916,0.998789370059967
2198,2,0,0.37031951546669006,0.09417296200990677,0.23796294629573822,0.2975446283817291
2199,3,3,3.994888538727537e-05,8.975131748911735e-08,8.590556535637006e-05,0.9998739957809448
2200,3,3,0.0030755626503378153,0.0003156434395350516,0.11441996693611145,0.8821889162063599
2201,1,1,0.007786598056554794,0.9918992519378662,3.5139826195518253e-06,0.00031058621243573725
2202,3,3,3.71162443002504e-08,3.944285342782905e-09,0.0008809733553789556,0.999118983745575
2203,0,0,0.9997087121009827,9.424180547057404e-08,8.664397341817676e-07,0.00029037895728833973
2204,2,2,9.099449016503058e-06,9.59814183687513e-09,0.99996018409729,3.075346103287302e-05
2205,0,0,0.819428563117981,3.8503968902148245e-09,0.18053984642028809,3.1661271350458264e-05
2206,2,2,0.0012277693022042513,1.2428644140527467e-06,0.9986708164215088,0.00010022056085290387
2207,2,3,5.901170879951678e-06,1.2430853075784398e-06,0.1118190586566925,0.8881738185882568
2208,3,3,0.0008512689964845777,9.90694502434053e-07,0.007972154766321182,0.991175651550293
2209,3,3,0.005093361716717482,7.53889750626513e-08,0.015006093308329582,0.9799004197120667
2210,3,3,3.715863613251713e-06,4.9139433855316383e-08,0.48062992095947266,0.5193662643432617
2211,3,3,9.897596555674681e-07,4.805044362399258e-09,0.0002820017980411649,0.9997169375419617
2212,2,2,2.475746259733569e-05,7.434966278196953e-07,0.9937034249305725,0.006270993035286665
2213,2,2,0.009047300554811954,3.341359843034297e-05,0.990513801574707,0.0004054480523336679
2214,2,2,0.001438477891497314,5.215068449615501e-05,0.9971731901168823,0.0013361682649701834
2215,0,0,0.47384729981422424,0.3888396620750427,0.12443854659795761,0.0128744812682271
2216,1,1,0.0029161921702325344,0.9970661997795105,4.010053089587018e-06,1.3567683708970435e-05
2217,3,3,1.4876761724735843e-06,4.1949183710032756e-11,0.00017055658099707216,0.9998279809951782
2218,0,0,0.999360978603363,9.613971485578077e-08,1.3240534826763906e-05,0.0006256847409531474
2219,0,3,0.0007444962975569069,5.670858058692829e-07,4.174561581749003e-06,0.9992507100105286
2220,1,1,3.487375215627253e-05,0.9992227554321289,0.0007413382991217077,1.08260280740069e-06
2221,1,1,0.3560869097709656,0.6426419019699097,3.7969024560879916e-05,0.0012332370970398188
2222,3,3,0.01436211634427309,7.147285714381724e-07,0.0831894725561142,0.9024476408958435
2223,3,3,3.1984459383238573e-06,8.771843909016752e-07,0.0065775602124631405,0.9934184551239014
2224,0,0,0.9158707857131958,0.005008877255022526,0.029654929414391518,0.04946547746658325
2225,3,3,1.4782091966480948e-05,1.5966081264195964e-05,0.06483065336942673,0.9351386427879333
2226,0,0,0.9998881816864014,1.0131109284827744e-08,0.00010706843750085682,4.751361302623991e-06
2227,2,2,0.00046134355943650007,6.611863341277058e-07,0.9797036647796631,0.019834298640489578
2228,0,0,0.999762237071991,6.37191214991617e-06,5.5139702453743666e-05,0.00017620707512833178
2229,1,1,0.0004941723309457302,0.9983384609222412,0.0007461007917299867,0.0004212531493976712
2230,1,1,6.541538368765032e-07,0.9999896287918091,3.922389623767231e-06,5.791003786725923e-06
2231,0,0,0.9203456044197083,0.01039328146725893,0.04946305975317955,0.01979808136820793
2232,2,2,0.01400783285498619,1.5244648238876835e-05,0.9433154463768005,0.04266157001256943
2233,2,2,0.0006845671450719237,4.445671947905794e-06,0.9675729870796204,0.031737975776195526
2234,2,3,0.10456708073616028,0.0002313346485607326,0.024933835491538048,0.8702676892280579
2235,1,0,0.8386847376823425,0.030557263642549515,0.10121273249387741,0.029545176774263382
2236,0,3,0.39980548620224,2.132906229235232e-05,0.054515108466148376,0.5456581115722656
2237,0,0,0.9999607801437378,2.465739453327842e-05,9.478209506141866e-08,1.449377214157721e-05
2238,2,2,5.15321698912885e-06,1.0882561582548078e-05,0.9999500513076782,3.397032924112864e-05
2239,1,1,6.522569310618564e-05,0.996253490447998,0.003119363682344556,0.000561836059205234
2240,1,1,1.4147317415336147e-05,0.9999834299087524,1.3837247934134211e-06,1.0181096286032698e-06
2241,0,0,0.9986911416053772,2.4196689992095344e-05,1.2045495168422349e-05,0.0012726051500067115
2242,0,0,0.9999490976333618,7.38864309823839e-06,2.0346120436443016e-05,2.3182878067018464e-05
2243,1,1,1.5176499346125638e-06,0.9999984502792358,1.5920448959150235e-08,2.175349500532775e-08
2244,1,1,0.057788025587797165,0.5033338665962219,0.1251760870218277,0.3137019872665405
2245,3,3,0.002351706149056554,6.726062906636798e-07,0.022299187257885933,0.9753484129905701
2246,0,0,0.985560953617096,0.0028755925595760345,0.007784251589328051,0.003779188496991992
2247,0,2,0.2468893676996231,3.153421630486264e-07,0.6358574628829956,0.11725284159183502
2248,3,3,0.005516704171895981,0.002118645701557398,0.07176235318183899,0.9206023812294006
2249,0,0,0.9999958276748657,2.1206349742897146e-07,1.7682284578768304e-06,2.1937878500466468e-06
2250,1,1,0.0019203727133572102,0.9978275895118713,0.000187939585885033,6.406432657968253e-05
2251,3,3,0.001009281724691391,4.0067639872631844e-08,0.0014949158066883683,0.9974958300590515
2252,3,3,1.1026587998230752e-07,9.746387724662853e-11,2.5518693291814998e-05,0.9999743700027466
2253,2,2,0.04463275149464607,0.0006754684145562351,0.5395068526268005,0.41518497467041016
2254,0,0,0.9999974966049194,2.0978029036111678e-10,1.7963340042115306e-06,7.445678420481272e-07
2255,3,3,0.11856628954410553,0.0006416895776055753,0.23648254573345184,0.6443095207214355
2256,3,2,0.00010726897744461894,1.3112078534049942e-07,0.6629495024681091,0.3369431495666504
2257,2,2,0.010889672674238682,0.00013495002349372953,0.9682810306549072,0.020694242790341377
2258,2,2,2.1030023162893485e-06,8.518771892340737e-07,0.9920267462730408,0.007970227859914303
2259,2,2,2.8300884878262877e-05,1.2624021827889464e-08,0.9999653100967407,6.374933036568109e-06
2260,2,2,0.00011240231833653525,0.00022997941414359957,0.946436882019043,0.05322074145078659
2261,1,1,0.004031157121062279,0.9959652423858643,2.3855325252952753e-06,1.160585270554293e-06
2262,3,3,0.0009741145768202841,0.00022806983906775713,0.00435858778655529,0.9944392442703247
2263,2,2,9.523027983959764e-06,1.9318624921993433e-08,0.9999421834945679,4.820858521270566e-05
2264,1,1,0.03280266746878624,0.9562180042266846,0.010955290868878365,2.401103120064363e-05
2265,1,1,0.06295666843652725,0.9318376183509827,0.0049776313826441765,0.00022801071463618428
2266,3,3,0.0025191940367221832,0.0009541887557134032,0.011660339310765266,0.9848663210868835
2267,1,1,0.000404809950850904,0.9989113807678223,6.745197606505826e-05,0.0006163884536363184
2268,1,1,4.759521061714622e-07,0.9999995231628418,7.996823758738003e-10,2.1589295684520948e-08
2269,3,3,1.2047118616465013e-05,2.425920619941735e-08,0.016587624326348305,0.983400285243988
2270,3,3,4.802789044333622e-05,4.72631267456336e-09,0.0012312617618590593,0.9987207055091858
2271,0,0,0.9988958835601807,2.9505864418410965e-08,0.00010345628834329545,0.0010006240336224437
2272,3,3,3.982826910942094e-06,3.682716567254829e-07,0.0012093017576262355,0.9987863898277283
2273,0,0,0.9998053908348083,2.4271668735309504e-05,2.173041139030829e-06,0.00016815502021927387
2274,3,3,3.326505520817591e-06,6.413137754179843e-08,0.0002062114654108882,0.999790370464325
2275,2,2,0.0029034223407506943,1.2844684249557758e-07,0.9966804385185242,0.0004159757518209517
2276,0,0,0.9996354579925537,1.822352402314209e-07,7.04533977113897e-06,0.0003572616842575371
2277,1,1,0.0021447837352752686,0.9977734684944153,5.001927274861373e-05,3.180977364536375e-05
2278,2,2,6.321381806628779e-05,1.7636869742432282e-09,0.9999328851699829,3.9781079976819456e-06
2279,2,2,1.555849303258583e-05,2.5765180566850177e-07,0.9989846348762512,0.0009995376458391547
2280,0,0,0.9999867677688599,8.817607408673211e-07,7.686860953981522e-06,4.74221405966091e-06
2281,2,0,0.8706382513046265,7.379783451000321e-09,0.0205034501850605,0.10885829478502274
2282,3,3,1.4932703606973519e-06,1.1265749577660245e-07,0.0011391295120120049,0.9988592863082886
2283,3,2,0.0015283188549801707,7.063360681058839e-05,0.5796464681625366,0.41875457763671875
2284,0,0,0.7285636067390442,0.015474551357328892,0.08153671771287918,0.17442503571510315
2285,3,3,0.006356533616781235,4.5923977154416207e-07,0.12420529127120972,0.8694378137588501
2286,3,3,6.295419098023558e-06,1.5908789841034832e-09,0.0040246713906526566,0.9959690570831299
2287,3,3,0.00043579659541137516,3.1916247280605603e-06,0.014339333400130272,0.9852216839790344
2288,0,0,0.9999778270721436,2.2887214345956863e-09,2.291378677909961e-06,1.9936882381443866e-05
2289,3,3,0.0024146155919879675,2.4317556380992755e-05,0.012074211612343788,0.9854868650436401
2290,0,0,0.9816288948059082,0.0010239132679998875,0.009176780469715595,0.008170354180037975
2291,3,3,0.00011631900997599587,1.0537346994965446e-08,1.7686727005639113e-05,0.9998660087585449
2292,3,3,1.5646606698282994e-05,4.83219864122475e-08,0.13699303567409515,0.8629913330078125
2293,3,3,6.0201149608474225e-05,4.534363711172773e-07,2.1202063180680852e-06,0.9999371767044067
2294,3,3,7.317829613384674e-07,5.64647273382235e-10,2.1759340143034933e-06,0.9999971389770508
2295,1,1,0.008865944109857082,0.9864789843559265,0.00011127916513942182,0.004543765913695097
2296,2,2,0.0006056444835849106,0.0015940916491672397,0.7754896283149719,0.2223106175661087
2297,1,1,0.0005163202295079827,0.9992005228996277,0.00012709037400782108,0.00015606284432578832
2298,2,2,0.08427358418703079,0.03368201106786728,0.44667449593544006,0.43536990880966187
2299,2,2,0.17069856822490692,1.2720001940635939e-08,0.8269254565238953,0.0023759622126817703
2300,0,0,0.8270806074142456,0.02740038000047207,0.004295545630156994,0.14122352004051208
2301,1,1,0.043453991413116455,0.9556761384010315,0.00012184503430034965,0.0007479903870262206
2302,1,1,1.1589854693738744e-06,0.9999984502792358,1.386595585017858e-07,2.7663088530971436e-07
2303,0,0,0.989216685295105,8.99838050827384e-06,0.0013552674790844321,0.009419050998985767
2304,1,1,0.0005689557292498648,0.9994226694107056,7.753397767373826e-06,6.071077223168686e-07
2305,1,1,0.001949190511368215,0.9979150891304016,6.811928324168548e-05,6.752133776899427e-05
2306,0,2,0.18749617040157318,4.134153641643934e-08,0.8121510744094849,0.0003526353102643043
2307,2,2,0.00752407917752862,2.6473327352505294e-07,0.9920037388801575,0.0004719284479506314
2308,2,2,7.797333978487586e-07,3.992356667481545e-09,0.9999676942825317,3.146648668916896e-05
2309,0,0,0.9691784977912903,9.935848765962874e-07,0.030301207676529884,0.0005193448741920292
2310,2,2,0.020133057609200478,0.00030543303000740707,0.8895265460014343,0.09003502130508423
2311,2,2,0.0014387440169230103,0.0001779669983079657,0.9944124817848206,0.00397077389061451
2312,2,2,0.00015650413115508854,1.6028896425268613e-05,0.9989498257637024,0.0008777417242527008
2313,2,2,3.715533603099175e-05,5.710391178581631e-06,0.9997044205665588,0.00025270471815019846
2314,2,2,0.00035768302041105926,0.00038258612039498985,0.9983459711074829,0.0009137581801041961
2315,1,1,1.996751507249428e-06,0.9999810457229614,8.89941475179512e-06,8.13098631624598e-06
2316,3,3,0.000361599464667961,2.23133774852613e-05,0.02145262248814106,0.9781635403633118
2317,2,2,0.27245596051216125,0.0033440804108977318,0.7193553447723389,0.004844644572585821
2318,2,2,0.001031182473525405,1.3901633337809471e-06,0.9985232949256897,0.0004442024219315499
2319,2,2,0.01199155580252409,1.1323131730023306e-05,0.9868590831756592,0.001138084102421999
2320,1,1,5.42556733762467e-07,0.9999991655349731,7.583631855823114e-08,2.9336140983104997e-07
2321,2,2,0.001368637545965612,7.047554504424625e-07,0.8787729144096375,0.11985776573419571
2322,2,2,0.0007478673942387104,5.2499565583730146e-08,0.9927836656570435,0.006468398962169886
2323,3,3,0.00016215139476116747,4.0307662629857077e-07,0.018336227163672447,0.9815012812614441
2324,0,0,0.9997089505195618,1.056893683681892e-09,0.0002887106384150684,2.3053958102536853e-06
2325,0,0,0.9999994039535522,2.1646979320166793e-08,1.2299197749143786e-07,4.5197120357443055e-07
2326,1,1,0.010243221186101437,0.9897295236587524,7.2238781285705045e-06,2.0043415133841336e-05
2327,1,1,0.01440981775522232,0.9778249859809875,0.007085748948156834,0.0006794191431254148
2328,1,1,3.93055765712802e-09,1.0,2.1253397652909456e-10,6.769327876021691e-10
2329,1,1,0.12544602155685425,0.872111976146698,0.0011706736404448748,0.0012713797623291612
2330,1,1,1.6826562614369323e-06,0.9999957084655762,3.680265479033551e-07,2.2507413177663693e-06
2331,2,2,0.003162908833473921,5.3301704610930756e-05,0.9965280890464783,0.00025571888545528054
2332,2,2,6.374843360390514e-05,7.069266416692699e-07,0.9998705387115479,6.494687841041014e-05
2333,2,3,1.134021658799611e-05,3.1798442351460565e-11,0.00013128280988894403,0.9998573064804077
2334,1,1,0.0189044252038002,0.9808650612831116,0.0002168662758776918,1.3632519767270423e-05
2335,3,3,0.02222932130098343,1.912803327286383e-06,0.11567366123199463,0.862095057964325
2336,3,3,0.34229496121406555,0.00042130547808483243,0.015246798284351826,0.6420369148254395
2337,1,1,0.0007880047196522355,0.9979013204574585,0.0002981414145324379,0.0010125207481905818
2338,2,2,0.00018396500672679394,0.0010280068963766098,0.9969131946563721,0.0018747635185718536
2339,0,0,0.9988619089126587,5.992118445874439e-08,0.0010221240809187293,0.00011594859097385779
2340,0,0,0.999936580657959,6.979908206972141e-09,1.3428380952973384e-05,4.9989219405688345e-05
2341,1,1,7.870097033446655e-05,0.9999196529388428,7.352938951044052e-07,1.0011665381171042e-06
2342,2,2,5.623015113087604e-06,2.4579838282079436e-05,0.9998183846473694,0.00015151253319345415
2343,2,2,1.1396221452741884e-05,2.1904522782278946e-06,0.5752877593040466,0.42469868063926697
2344,2,2,6.880615546833724e-05,1.979000444407575e-06,0.9998643398284912,6.486007623607293e-05
2345,3,3,7.850115071050823e-05,2.1672555305940477e-07,0.0006676223129034042,0.9992535710334778
2346,1,1,0.1877489686012268,0.8019854426383972,0.001024787430651486,0.009240809828042984
2347,0,0,0.9999998807907104,5.3512775807784685e-12,1.3458005376776327e-08,1.091450272383554e-07
2348,3,3,0.0004063631349708885,1.2943049796376727e-06,0.0035987880546599627,0.9959934949874878
2349,0,1,0.21668937802314758,0.531999945640564,0.21070492267608643,0.040605735033750534
2350,3,3,7.79490073909983e-06,3.123333414123408e-08,0.05802932754158974,0.9419628977775574
2351,2,2,1.882737137748336e-06,2.554742195570725e-09,0.9999963045120239,1.814216034290439e-06
2352,2,2,1.0057020517706405e-05,6.208726310852342e-10,0.9999873638153076,2.631393726915121e-06
2353,3,3,1.3683482393389568e-05,7.06718310539145e-08,9.054141264641657e-05,0.9998956918716431
2354,2,2,0.00021917307458352298,0.00017862797540146858,0.993249773979187,0.006352479103952646
2355,3,1,0.17932598292827606,0.6835839152336121,8.115397940855473e-05,0.13700897991657257
2356,2,2,0.0006041772430762649,2.4116872054946725e-07,0.9974931478500366,0.0019024693174287677
2357,1,1,0.2824500501155853,0.6860798597335815,0.027430307120084763,0.004039814695715904
2358,3,3,2.358279743930325e-06,5.767399890999059e-10,8.434554729319643e-06,0.9999891519546509
2359,2,2,0.16123704612255096,6.109506648499519e-05,0.8249797821044922,0.01372212078422308
2360,0,0,0.9999997615814209,1.2670947624471296e-11,6.75168698727191e-10,2.817074573613354e-07
2361,0,0,0.9989001750946045,2.406134740340349e-07,0.0009511897806078196,0.00014835511683486402
2362,1,1,0.005745344795286655,0.99293053150177,0.0012952841352671385,2.8808148272219114e-05
2363,2,2,3.15188844979275e-05,1.9266142317064805e-06,0.9999216794967651,4.49233666586224e-05
2364,3,3,3.877648487105034e-05,7.348482711222459e-09,0.006422185339033604,0.993539035320282
2365,0,0,0.9960224628448486,7.896097997672769e-08,0.001045244513079524,0.002932183677330613
2366,0,0,0.9999988079071045,1.139096816871188e-09,4.2862527038778353e-07,6.657489279859874e-07
2367,2,2,3.749723020973761e-07,1.7326904355741135e-08,0.9999949932098389,4.589069703797577e-06
2368,0,0,0.9997163414955139,1.1775850907724816e-06,2.275084170832997e-06,0.0002802300441544503
2369,0,0,0.9979085922241211,5.063229195911845e-07,0.0018127862131223083,0.0002780917566269636
2370,0,0,0.9999916553497314,8.563195308397553e-08,7.66516495787073e-06,6.634149940509815e-07
2371,1,1,0.0002703964419197291,0.9990758895874023,0.000573940749745816,7.980214286362752e-05
2372,0,0,0.9982738494873047,1.0332526471756864e-05,0.00017091265181079507,0.0015448876656591892
2373,2,2,0.011757470667362213,3.7139514461159706e-05,0.9860857725143433,0.0021195835433900356
2374,3,3,0.0001428018294973299,2.3971535483724438e-05,0.020959002897143364,0.9788742661476135
2375,1,1,0.00015688550774939358,0.9998352527618408,7.158489552239189e-06,6.71653879180667e-07
2376,2,2,0.014201890677213669,0.0002697548479773104,0.8815267086029053,0.10400165617465973
2377,2,2,0.0003793502110056579,0.00022540045029018074,0.9928632378578186,0.006531991995871067
2378,0,0,0.9995172023773193,4.2821280743510215e-08,0.00012702737876679748,0.00035569461761042476
2379,3,3,0.16531182825565338,0.06609755754470825,0.26348742842674255,0.5051031708717346
2380,3,3,0.000999404932372272,1.0918029147433117e-05,0.015700379386544228,0.9832893013954163
2381,3,3,0.0013602145481854677,1.3835967365594115e-05,0.0024474593810737133,0.996178388595581
2382,3,3,0.00012083631008863449,3.6683818507299293e-06,0.041025128215551376,0.9588503837585449
2383,1,1,3.991778783074551e-07,0.9999994039535522,1.755092569055705e-07,7.697547488305645e-09
2384,3,2,0.0025571405421942472,0.0007613152265548706,0.7643296122550964,0.2323518544435501
2385,2,2,0.0001391806436004117,3.7870076852186685e-08,0.9997511506080627,0.00010964734246954322
2386,0,0,0.9332566261291504,3.5786892112810165e-05,0.05293711647391319,0.013770464807748795
2387,3,3,0.0021979620214551687,3.345164031998138e-06,0.0025469770189374685,0.9952517747879028
2388,1,0,0.8903040885925293,0.07773108780384064,0.00967403408139944,0.022290771827101707
2389,1,1,2.4260532427433645e-06,0.9999887943267822,5.018272531742696e-06,3.7754834920633584e-06
2390,1,1,0.01047434564679861,0.9727615118026733,0.008109926246106625,0.008654313161969185
2391,2,2,1.0971151596095297e-06,4.191589297874998e-08,0.9998602867126465,0.0001385492942063138
2392,0,0,0.9300140738487244,0.002029865514487028,0.05958953872323036,0.008366483263671398
2393,1,1,0.00011002613609889522,0.99988853931427,1.2381841543174232e-06,2.8056834366907424e-07
2394,2,2,0.0035824060905724764,1.0406978617538698e-05,0.9964025020599365,4.678667210100684e-06
2395,2,2,0.0006209001876413822,1.740918094128574e-07,0.9985834360122681,0.000795547675807029
2396,2,2,0.00017659571312833577,2.027015355565709e-08,0.9997814297676086,4.195456131128594e-05
2397,3,0,0.8703094124794006,0.002472597174346447,0.024732068181037903,0.10248583555221558
2398,0,0,0.9999947547912598,5.004404556530062e-06,1.111840646217388e-07,1.487797192112339e-07
2399,0,0,0.9234291911125183,0.0014935958897694945,0.06319182366132736,0.011885385029017925
2400,0,3,0.09023212641477585,0.012762030586600304,0.049466222524642944,0.8475396633148193
2401,2,2,0.0005941644194535911,6.964142812648788e-06,0.9951981902122498,0.004200702998787165
2402,1,1,5.936528032179922e-05,0.9999237060546875,1.628086101845838e-05,6.423681497835787e-07
2403,1,1,0.002577852690592408,0.996821403503418,0.00042724484228529036,0.000173457054188475
2404,1,1,0.00024811364710330963,0.99974125623703,1.193516709463438e-06,9.417542059964035e-06
2405,2,2,0.0017065437277778983,0.0008659363957121968,0.5502049326896667,0.4472225606441498
2406,0,0,0.9996697902679443,3.0097216949798167e-05,0.00013861748448107392,0.00016146896814461797
2407,2,2,0.000899648352060467,1.892239015433006e-05,0.998358428478241,0.0007230325718410313
2408,3,3,0.01429460383951664,0.0001711257646093145,0.08123708516359329,0.9042971730232239
2409,1,0,0.6508005261421204,0.022514240816235542,0.13877356052398682,0.18791170418262482
2410,0,0,0.998909592628479,1.2935055565321818e-05,0.0006242106901481748,0.00045321870129555464
2411,1,1,0.00010979596845572814,0.999839186668396,2.6115438231499866e-05,2.495610351616051e-05
2412,3,3,9.197981853503734e-05,0.0021509910002350807,0.0025187621358782053,0.9952383041381836
2413,2,2,0.0007680841372348368,1.072113946065656e-06,0.9962581396102905,0.0029727641958743334
2414,3,3,0.0033643182832747698,2.8418194233381655e-06,4.499519036471611e-06,0.9966283440589905
2415,3,3,4.0805520256981254e-05,1.3374370837482275e-06,0.002873670542612672,0.9970842003822327
2416,1,0,0.7191817164421082,0.23833952844142914,0.011657345108687878,0.03082149475812912
2417,3,0,0.9356710314750671,8.990333299152553e-05,0.009808764792978764,0.05443030223250389
2418,0,0,0.9999988079071045,5.1390363076109224e-09,3.3143521704914747e-07,8.285087460535578e-07
2419,3,3,0.00030908346525393426,1.773226813384099e-06,0.0016341753071174026,0.9980549812316895
2420,2,2,2.191701605624985e-05,5.435742167492208e-08,0.9985565543174744,0.0014214868424460292
2421,2,2,0.1986674666404724,0.00021898905106354505,0.7308171987533569,0.0702962800860405
2422,3,3,0.062112607061862946,5.475483177974638e-09,0.0021740843076258898,0.9357132911682129
2423,3,3,0.1729753315448761,1.961998577826307e-06,0.002192792948335409,0.8248299360275269
2424,2,2,1.3390599633567035e-05,2.395704079560801e-08,0.9207347631454468,0.07925189286470413
2425,2,2,0.00025452705449424684,1.7823882444645278e-05,0.9987329840660095,0.0009946944192051888
2426,0,0,0.9999964237213135,2.4320772240571387e-07,2.6140139652852667e-06,6.957337745916448e-07
2427,2,0,0.5855381488800049,3.321881376905367e-05,0.41225385665893555,0.0021747383289039135
2428,3,3,0.06473146378993988,1.3424603821476921e-05,0.002179136499762535,0.9330759048461914
2429,0,0,0.999998927116394,4.797002794987293e-09,7.242647370730992e-08,1.0030312296294142e-06
2430,2,2,0.0003859310527332127,1.2184355000499636e-06,0.9956246018409729,0.003988280892372131
2431,2,2,0.016294658184051514,2.390218867276417e-07,0.9820219278335571,0.0016831244574859738
2432,3,3,7.459008338628337e-05,8.47956087568491e-08,0.0011968213366344571,0.9987284541130066
2433,1,1,5.479141051978331e-08,0.9999998807907104,6.690839171596963e-08,2.9469464646325605e-09
2434,3,3,2.807031705742702e-05,7.1411604949389584e-06,0.0006598846521228552,0.9993048906326294
2435,3,2,5.5767191952327266e-05,1.6728559648626629e-09,0.8382793068885803,0.1616649478673935
2436,3,3,4.089286449016072e-06,2.9558785641370378e-08,0.00025274703511968255,0.9997431635856628
2437,3,3,1.5741492234155885e-06,4.4485979344699444e-09,0.012515743263065815,0.9874826669692993
2438,3,0,0.9695035219192505,3.898127397405915e-05,0.005310589447617531,0.025146838277578354
2439,2,2,9.246528497897089e-05,0.00013150955783203244,0.9996213912963867,0.00015459685528185219
2440,2,2,3.249159306051297e-07,9.579226301070776e-09,0.9998090863227844,0.00019051838899031281
2441,3,3,6.829869107605191e-06,1.3736297660216223e-05,0.006411093287169933,0.9935683608055115
2442,1,0,0.774917483329773,0.09925268590450287,0.058464765548706055,0.06736505031585693
2443,0,0,0.9880272150039673,1.1869486504778592e-09,0.007701168768107891,0.004271551035344601
2444,2,2,0.25056254863739014,8.535866072634235e-06,0.7481704354286194,0.0012585236690938473
2445,2,2,0.0005791203584522009,1.6509459044300456e-07,0.9993952512741089,2.550060708017554e-05
2446,3,0,0.5827091932296753,0.00020621549629140645,0.022063927724957466,0.39502066373825073
2447,3,3,1.0757568134067697e-06,4.6010516285832637e-08,0.0003384937299415469,0.9996604919433594
2448,2,2,0.11245980113744736,1.0698125151975546e-05,0.8404768109321594,0.047052666544914246
2449,0,2,0.028904395177960396,6.513755010928435e-07,0.7071754932403564,0.2639194428920746
2450,2,2,2.0657529603340663e-05,1.052981497196015e-05,0.9886382222175598,0.011330668814480305
2451,2,2,0.00044671152136288583,6.434510851249797e-06,0.6532123684883118,0.3463345170021057
2452,3,3,0.004444603342562914,0.049820370972156525,0.004362776875495911,0.941372275352478
2453,1,1,0.00043210849980823696,0.9993174076080322,0.00018464800086803734,6.58276621834375e-05
2454,1,1,1.6159776350832544e-05,0.9999822378158569,3.2468162203258544e-07,1.314625933446223e-06
2455,1,1,0.34822794795036316,0.5023728609085083,0.023225165903568268,0.12617400288581848
2456,1,1,0.000501041067764163,0.9994513392448425,2.1196257875999436e-05,2.6476207494852133e-05
2457,3,3,0.0034009942319244146,0.0003923664044123143,0.10154123604297638,0.8946653604507446
2458,2,1,0.1326248198747635,0.6698331236839294,0.19540663063526154,0.0021354430355131626
2459,1,1,8.529077604180202e-05,0.9998261332511902,7.014122093096375e-05,1.8515109331929125e-05
2460,0,0,0.7780030369758606,0.0013797300634905696,0.07936937361955643,0.14124783873558044
2461,0,0,0.9942116141319275,4.511329825618304e-05,0.00045060092816129327,0.005292594898492098
2462,2,0,0.8982728123664856,1.0582790309854317e-05,0.10121394693851471,0.0005026981234550476
2463,0,0,1.0,8.310945820433346e-10,1.4656134084134465e-09,5.700623617599376e-08
2464,1,1,0.15971414744853973,0.8079525828361511,0.02819676324725151,0.004136491566896439
2465,1,1,5.585797407547943e-05,0.9999433755874634,7.785523052916687e-07,2.0132970846020726e-09
2466,2,2,0.0007874888833612204,3.5136420137860114e-06,0.9984081387519836,0.0008009109296835959
2467,1,1,0.00035450904397293925,0.9993649125099182,0.0002716816670726985,8.955560588219669e-06
2468,0,1,0.07875429838895798,0.9211785197257996,3.064318298129365e-05,3.6597175494534895e-05
2469,2,2,0.05901038646697998,3.4402859455440193e-05,0.9403448700904846,0.0006102956831455231
2470,2,2,0.00011963705765083432,2.3003249225439504e-06,0.9997386336326599,0.0001393493148498237
2471,1,1,2.876751352687279e-07,0.9999997615814209,3.220433641981657e-10,6.883906222832081e-10
2472,1,1,6.94135160301812e-05,0.9999256134033203,4.417599484440871e-06,6.006133048686024e-07
2473,1,1,5.7032681070268154e-05,0.9997089505195618,7.074813765939325e-05,0.0001632573694223538
2474,2,2,0.029490355402231216,6.029448513800162e-07,0.9699966907501221,0.0005123101291246712
2475,1,1,1.1787369302851403e-08,0.9999997615814209,2.050442873269276e-07,1.5830087463086784e-08
2476,0,0,0.9980958104133606,6.297642539720982e-05,0.0016710638301447034,0.0001700663415249437
2477,1,1,0.0005617702845484018,0.9990423321723938,0.00033819247619248927,5.76506536162924e-05
2478,1,1,1.8090291575845185e-07,0.9999946355819702,4.873572379437974e-06,4.1620467072789324e-07
2479,2,2,0.004107978660613298,8.864479241310619e-06,0.9957488179206848,0.0001344110060017556
2480,1,1,4.927176269120537e-05,0.9999343156814575,1.0709276239140308e-06,1.532539499748964e-05
2481,2,2,0.01292708981782198,6.915172434673877e-08,0.9870295524597168,4.33151944889687e-05
2482,0,0,1.0,4.075985327034459e-09,6.899961935147303e-09,2.4500543815975107e-08
2483,3,3,1.4560841918864753e-06,1.0370256875447126e-09,1.0427061170048546e-05,0.9999880790710449
2484,1,1,0.0002856129431165755,0.9997124075889587,1.7253377109227586e-06,1.8002725710175582e-07
2485,1,1,1.0934004990303947e-07,0.9999997615814209,1.6433840244189923e-07,4.605335490737161e-08
2486,0,0,0.9999817609786987,3.301793283227994e-09,1.660752786847297e-05,1.7058816865755944e-06
2487,0,0,0.9997319579124451,5.503398369910428e-06,0.0001422866334905848,0.00012026289914501831
2488,2,2,0.03088218718767166,5.8065402299689595e-06,0.9401350617408752,0.02897685207426548
2489,2,2,0.03475186228752136,1.1731373206202989e-06,0.9319624304771423,0.033284470438957214
2490,1,1,1.0586815051283338e-06,0.9999957084655762,3.2744126201578183e-06,3.952539628926388e-08
2491,0,3,0.06197662651538849,1.2482390957302414e-05,0.04435276240110397,0.8936581015586853
2492,1,1,0.008524934761226177,0.9911819696426392,0.0002362329396419227,5.688644159818068e-05
2493,1,1,0.0024658660404384136,0.9958668947219849,0.0013387739891186357,0.00032844633096829057
2494,1,1,2.220481474068947e-05,0.9999741315841675,2.836426574504003e-06,8.426577551290393e-07
2495,1,1,2.5596257557936042e-08,1.0,6.722240097900567e-09,3.6199701014538732e-09
2496,1,3,0.006244799122214317,0.028708061203360558,0.24037936329841614,0.7246677875518799
2497,2,2,4.3215404730290174e-05,5.1403912948444486e-05,0.9997931122779846,0.0001122493704315275
2498,0,0,0.9858747124671936,0.0058764684945344925,0.0015673047164455056,0.006681426428258419
2499,1,1,0.10044629126787186,0.8957343697547913,0.0034939725883305073,0.00032539956737309694
2500,2,2,0.004405393730849028,7.144159553718055e-06,0.9564836025238037,0.039103925228118896
2501,2,2,5.439020696940133e-06,8.776513027441979e-08,0.99321049451828,0.0067839412949979305
2502,1,2,0.04073629528284073,0.07213586568832397,0.8621801733970642,0.024947676807641983
2503,1,1,5.810229595226701e-06,0.9996505975723267,0.0003371006459929049,6.413134997274028e-06
2504,0,0,0.9996957778930664,1.6801723177195527e-05,0.0002448482846375555,4.250590791343711e-05
2505,1,1,1.2518998119048774e-05,0.9999219179153442,4.566847565001808e-05,1.9925637388951145e-05
2506,0,0,0.99671870470047,0.0008036000654101372,0.002020861953496933,0.00045688191312365234
2507,0,0,0.999871015548706,3.199690112865028e-08,0.00010177477088291198,2.7166805011802353e-05
2508,3,3,8.082253771135584e-05,9.575076092005474e-07,0.0002993671805597842,0.9996188879013062
2509,1,1,0.000739710230845958,0.9992424249649048,1.6227897503995337e-05,1.6718223605494131e-06
2510,1,1,6.957365712878527e-06,0.9999302625656128,1.4610068319598213e-05,4.818098386749625e-05
2511,1,1,0.00036842128611169755,0.9996138215065002,1.944536279552267e-06,1.5795127183082514e-05
2512,0,0,0.9999940395355225,2.3285878114620573e-08,3.0190778943506302e-06,2.979281134685152e-06
2513,0,0,0.9999731779098511,1.178274615654118e-07,2.3344597138930112e-05,3.298868250567466e-06
2514,0,0,0.9999781847000122,1.9443954779596595e-10,1.7057674028819747e-07,2.1695970644941553e-05
2515,1,1,3.495521013974212e-06,0.9999853372573853,6.730105724273017e-06,4.3548161556827836e-06
2516,1,1,4.2766907426994294e-05,0.9999568462371826,2.531275811179512e-07,8.715311849982754e-08
2517,1,1,0.012414407916367054,0.9863429665565491,0.0008898822707124054,0.0003527969238348305
2518,1,1,2.5871660909615457e-05,0.9999639987945557,6.339046649372904e-06,3.8122213936730986e-06
2519,0,0,0.9487354755401611,0.0005379618378356099,0.016969583928585052,0.033757004886865616
2520,3,3,8.914627869671676e-06,4.582108859008116e-10,0.00045345391845330596,0.9995377063751221
2521,3,0,0.8323533535003662,5.072942076367326e-05,0.00391479441896081,0.16368111968040466
2522,3,3,4.0936043887995766e-07,7.942291269102952e-09,3.59431141987443e-05,0.999963641166687
2523,1,1,0.0050844233483076096,0.9948042035102844,0.00010298044071532786,8.42655572341755e-06
2524,0,0,0.9990352392196655,8.388963692596008e-07,0.0002913415664806962,0.0006726327701471746
2525,0,0,0.9949523210525513,0.0008659352897666395,0.0037096182350069284,0.000472237792564556
2526,1,1,0.0001259404671145603,0.9996441602706909,2.010507887462154e-05,0.00020968740864191204
2527,0,0,0.9999383687973022,1.275115568688534e-09,5.806918488815427e-05,3.5254968224762706e-06
2528,0,0,0.9981424808502197,0.0001232466020155698,0.0005971075734123588,0.0011372368317097425
2529,1,1,0.00019388427608646452,0.9998027682304382,1.3545724186769803e-06,2.0302491066104267e-06
2530,1,1,0.01054094173014164,0.9786643981933594,0.00607484532520175,0.004719816613942385
2531,0,0,0.9999938011169434,6.453517187310354e-08,2.0509712612692965e-06,4.08983942179475e-06
2532,1,1,1.0391730029368773e-05,0.9999879598617554,7.852352013060226e-08,1.5822458863112843e-06
2533,3,3,0.0003485050692688674,0.00012584943033289164,4.961524246027693e-05,0.9994761347770691
2534,3,3,0.005231870803982019,3.4697567485864056e-08,0.0011075198417529464,0.9936606287956238
2535,2,2,0.0013556639896705747,5.8148668102830925e-08,0.9985174536705017,0.00012687177513726056
2536,1,1,1.3518509645038534e-09,1.0,3.610349519345135e-10,2.6352249271610617e-09
2537,1,1,6.148849206510931e-05,0.9997926354408264,0.00013679794210474938,9.114502972806804e-06
2538,1,1,7.884566730353981e-05,0.9997976422309875,0.00010188393207499757,2.1640333216055296e-05
2539,0,0,0.9874652624130249,0.0006368732429109514,0.002471360145136714,0.009426556527614594
2540,0,0,0.9620029330253601,5.874462294741534e-05,0.03258289024233818,0.005355363711714745
2541,2,2,0.052779313176870346,6.009829576214543e-06,0.9443818926811218,0.0028327982872724533
2542,3,3,0.00011405214172555134,4.7576344513799995e-05,0.3399747312068939,0.6598635911941528
2543,2,2,3.1893177947495133e-06,5.904662714328879e-08,0.9999055862426758,9.117137233261019e-05
2544,1,1,1.03249895744284e-07,0.9999992847442627,5.161672902431746e-07,6.614019554262995e-08
2545,2,3,0.017754703760147095,0.0001047114928951487,0.36616820096969604,0.6159723997116089
2546,2,1,0.039610303938388824,0.9457626342773438,0.010112276300787926,0.004514808766543865
2547,0,0,0.9999970197677612,5.472647330861946e-07,1.0182914138567867e-06,1.4123858136372291e-06
2548,0,0,0.9960221648216248,8.465012069791555e-05,0.003773785661906004,0.00011950770567636937
2549,0,0,0.9999953508377075,4.4677659616354504e-07,9.311624467045476e-07,3.304936853965046e-06
2550,2,2,9.014066017698497e-05,1.7054508916203304e-08,0.99982750415802,8.229337981902063e-05
2551,1,1,0.00020065288117621094,0.999794065952301,1.3217778871421615e-07,5.165894435776863e-06
2552,1,1,2.4466473405482247e-05,0.9999715089797974,2.3579042363053304e-07,3.844569164357381e-06
2553,0,0,0.9945948719978333,0.00017328729154542089,8.322030043927953e-05,0.005148574244230986
2554,0,0,0.9830718636512756,2.7073626824858366e-06,0.016647018492221832,0.00027840377879329026
2555,3,3,2.1212714273133315e-05,5.305616568307414e-08,0.08760460466146469,0.9123741388320923
2556,3,3,0.010576915927231312,2.318897429631761e-07,0.02242172695696354,0.9670011401176453
2557,1,1,0.0022680561523884535,0.9581038355827332,0.0316467247903347,0.007981499657034874
2558,0,0,0.9999974966049194,8.983686683450287e-09,3.626692830493994e-07,2.11486349144252e-06
2559,0,0,0.9999988079071045,2.309304747427632e-09,5.487865450959362e-07,5.774812166237098e-07
2560,1,1,1.53977071022382e-05,0.999975323677063,8.31384113553213e-06,9.984761391024222e-07
2561,0,0,0.9951927661895752,7.17891234671697e-05,0.0006403818842954934,0.00409502349793911
2562,1,1,4.649849870475009e-05,0.9999188184738159,3.392950748093426e-05,6.959923553040426e-07
2563,0,0,0.9483254551887512,1.8868065581045812e-06,0.004038398619741201,0.047634389251470566
2564,0,0,0.997384250164032,0.00205352995544672,0.000558540050406009,3.663246616270044e-06
2565,2,2,0.005991824436932802,1.7130523701780476e-05,0.9939121007919312,7.897856266936287e-05
2566,2,2,0.09734034538269043,0.0033095215912908316,0.8363298177719116,0.06302037090063095
2567,0,0,0.9997801184654236,4.5892916205048095e-06,0.0001662909926380962,4.902149521512911e-05
2568,1,1,0.0003707897267304361,0.9969311952590942,0.00042412846232764423,0.002273861551657319
2569,1,1,4.022250141133554e-05,0.9994271993637085,0.0002619102306198329,0.00027068451163358986
2570,1,1,0.0008643651381134987,0.996269702911377,0.0027172958943992853,0.00014856482448522002
2571,3,3,0.0009303754777647555,0.00016486596723552793,0.00433069933205843,0.9945740103721619
2572,0,0,0.9907068610191345,0.0005206005880609155,0.0011669077211990952,0.007605656515806913
2573,2,2,1.017772956402041e-05,1.0062336741611944e-06,0.9999840259552002,4.7950729822332505e-06
2574,2,3,0.0008379609789699316,7.148414442781359e-05,0.00689643993973732,0.9921941757202148
2575,3,3,0.0005164550966583192,2.1416026356746443e-05,0.008313593454658985,0.9911485910415649
2576,3,3,0.0024444167502224445,0.005614737514406443,0.009347420185804367,0.9825934767723083
2577,3,2,0.0049275727942585945,2.8594647005775187e-07,0.9479653835296631,0.04710688441991806
2578,0,0,0.8805130124092102,4.6380482672248036e-05,0.0012154768919572234,0.11822507530450821
2579,1,1,0.02908986620604992,0.576865017414093,0.39094555377960205,0.003099564928561449
2580,2,2,0.15791983902454376,0.014107964932918549,0.7839691042900085,0.04400312900543213
2581,2,2,0.018229059875011444,4.0508766687707976e-06,0.9792592525482178,0.0025076016318053007
2582,3,3,0.00030062123551033437,0.001478060963563621,0.0015756400534883142,0.9966456294059753
2583,3,3,8.811332008917816e-06,2.149552301489166e-06,0.016895217821002007,0.9830938577651978
2584,1,1,2.076140148687955e-08,1.0,1.921689335437904e-10,1.99148308954733e-10
2585,3,3,0.0001017382019199431,5.155137841938995e-05,0.07271258533000946,0.9271341562271118
2586,3,3,0.001662997528910637,1.4513879875721614e-08,0.014810803346335888,0.9835261702537537
2587,0,0,0.9922583699226379,0.007561975158751011,7.847777305869386e-05,0.00010122032108483836
2588,2,2,0.0001930798898683861,2.1658840054783468e-08,0.9997137188911438,9.315041825175285e-05
2589,3,3,0.0005148241179995239,7.713525519648101e-06,0.06878366321325302,0.9306937456130981
2590,2,2,4.6125223889248446e-05,1.2347038591542514e-07,0.6758852601051331,0.324068546295166
2591,0,1,0.0031686043366789818,0.9968298077583313,9.281652069148549e-07,5.82487871270132e-07
2592,2,2,1.7348604160360992e-05,0.00011359513155184686,0.9994408488273621,0.0004281429573893547
2593,0,0,0.9996447563171387,0.00017107278108596802,5.368730126065202e-05,0.00013036280870437622
2594,2,2,3.189753260812722e-05,4.30108375439886e-05,0.985095202922821,0.014829848892986774
2595,0,0,0.9999932050704956,4.592016722426706e-08,2.2294470909400843e-06,4.541518592304783e-06
2596,2,2,0.0010314369574189186,4.059512502863072e-05,0.7553441524505615,0.2435838282108307
2597,2,2,7.892274152254686e-05,3.1211163786792895e-07,0.9994920492172241,0.000428792554885149
2598,3,2,0.0027678487822413445,0.0001712320517981425,0.8204804062843323,0.1765805035829544
2599,2,2,0.0012843534350395203,7.271723461599322e-06,0.9986799359321594,2.8431881219148636e-05
2600,2,2,0.0005392902530729771,2.053118441835977e-05,0.9938725233078003,0.005567640997469425
2601,3,3,5.087490990263177e-06,3.5130844366904057e-07,0.006464560050517321,0.9935299754142761
2602,0,0,0.9998382329940796,5.476552189520589e-08,6.510986713692546e-05,9.66493971645832e-05
2603,0,0,0.9996739625930786,0.00011013761832145974,0.0001535934570711106,6.229473365237936e-05
2604,0,0,0.997803270816803,0.0005120827117934823,0.0007399755995720625,0.0009446096373721957
2605,3,3,3.471500122032012e-06,2.115282086379011e-06,0.12826372683048248,0.8717306852340698
2606,1,1,9.760746615938842e-05,0.9997029900550842,0.00014491385081782937,5.443175177788362e-05
2607,0,3,0.24126365780830383,0.00018890709907282144,0.003533693728968501,0.7550137042999268
2608,3,3,5.287341627990827e-05,2.0812984757867525e-07,1.225341111421585e-05,0.9999346733093262
2609,2,2,0.0005414318293333054,7.027854742602813e-09,0.9990465044975281,0.00041207755566574633
2610,2,2,0.0005128422053530812,4.312707460485399e-05,0.5723662376403809,0.4270777404308319
2611,3,3,5.984273343528912e-07,1.2058046650054166e-07,0.020406875759363174,0.9795923829078674
2612,3,3,0.28341615200042725,0.0005813327152282,0.02026216872036457,0.6957403421401978
2613,0,2,4.5014112401986495e-05,1.7255399598070653e-07,0.9991514682769775,0.0008033373742364347
2614,2,2,0.0006902656168676913,7.119521683307539e-08,0.9992942810058594,1.5405898011522368e-05
2615,1,1,4.636120138457045e-06,0.999962568283081,2.7828240490634926e-05,4.948900823364966e-06
2616,3,3,0.0003110493125859648,2.839454005254538e-08,5.031150067225099e-06,0.9996839761734009
2617,2,2,0.002781663788482547,1.4432868056246662e-06,0.9971820116043091,3.4913126000901684e-05
2618,3,3,3.003888650709996e-06,7.814170999154157e-07,0.008230495266616344,0.9917656779289246
2619,3,3,0.00010973630560329184,5.778752438345691e-06,0.003697241423651576,0.9961872696876526
2620,2,2,0.0011659738374873996,1.3843606438967981e-07,0.9986228942871094,0.0002110669738613069
2621,3,3,1.431785221939208e-05,3.9910933082865085e-06,0.19856762886047363,0.8014140129089355
2622,1,1,2.234996463812422e-05,0.9997959733009338,0.00017030828166753054,1.1415952030802146e-05
2623,1,1,0.008818232454359531,0.9887435436248779,0.002047876361757517,0.0003903247707057744
2624,0,0,0.5160093903541565,2.9404170618363423e-06,0.4830830693244934,0.0009045996121130884
2625,3,3,0.029283780604600906,1.2822877579310443e-05,0.005143275950103998,0.9655601382255554
2626,1,1,0.0002464915160089731,0.9997126460075378,3.672535967780277e-05,4.127495230932254e-06
2627,2,2,7.385805656667799e-05,1.3826294207319734e-06,0.9998019337654114,0.0001227896282216534
2628,2,2,3.144282891298644e-05,7.180910444049005e-08,0.9999642372131348,4.236346285324544e-06
2629,1,1,5.7019431551452726e-05,0.9999381303787231,2.9894199542468414e-06,1.963559498108225e-06
2630,1,1,1.906910185311972e-09,1.0,6.728705592706774e-09,3.39143002570097e-09
2631,1,1,8.123697625705972e-05,0.998727023601532,0.0008417309145443141,0.0003500575840007514
2632,0,0,0.999993085861206,2.223707085136084e-08,5.318375315255253e-06,1.5318645409934106e-06
2633,3,3,0.09578994661569595,0.0001766612840583548,0.0050255064852535725,0.8990079164505005
2634,1,1,0.0001749433286022395,0.99982088804245,1.7192074892591336e-06,2.5039144020411186e-06
2635,3,3,0.00021344865672290325,8.908046175704065e-12,0.005349173676222563,0.9944373369216919
2636,2,2,0.0006169499829411507,1.6782339073984076e-08,0.9991117119789124,0.0002713529102038592
2637,0,0,0.9999653100967407,1.8434977278047882e-07,5.021807737648487e-06,2.9545388315455057e-05
2638,2,2,0.000643787847366184,7.11437824065797e-05,0.9992480874061584,3.685836054501124e-05
2639,1,1,1.110040329876938e-06,0.9999978542327881,1.0794440186145948e-06,1.51931871528177e-08
2640,1,1,2.1828962417203e-05,0.9999668598175049,6.29173700872343e-06,5.0386202019581106e-06
2641,1,1,1.0147363354917616e-05,0.9999896287918091,2.216793717479959e-07,7.2424102270929325e-09
2642,1,1,2.5248735255445354e-05,0.99996018409729,1.3987746569910087e-05,5.719261366721184e-07
2643,2,2,0.008759035728871822,1.7348846085951664e-05,0.9188013672828674,0.07242218405008316
2644,1,1,0.002414141548797488,0.9975358247756958,3.571479828679003e-05,1.4261667274695355e-05
2645,1,1,0.00015881216677371413,0.9998331069946289,5.507610239874339e-06,2.4549992758693406e-06
2646,0,0,0.9995754361152649,2.1389538233052008e-05,0.00037708974559791386,2.599096842459403e-05
2647,0,0,0.9999963045120239,4.784943552493814e-10,1.320324827247532e-06,2.4143605514836963e-06
2648,2,2,0.0025649331510066986,4.526238262769766e-05,0.9865531325340271,0.010836705565452576
2649,2,2,0.0036567915230989456,0.0005337022594176233,0.9922044277191162,0.003605145262554288
2650,3,3,2.5419407393201254e-05,3.392476628505392e-07,0.0008746814564801753,0.999099612236023
2651,1,1,0.001128624309785664,0.9988226294517517,2.245395808131434e-05,2.6323084966861643e-05
2652,2,2,5.037206210545264e-05,1.444870576960966e-05,0.9998515844345093,8.358167542610317e-05
2653,0,0,0.9047209620475769,0.00047096441267058253,0.0005845131236128509,0.0942234992980957
2654,2,2,0.001056903856806457,4.620370236807503e-05,0.99435955286026,0.004537414759397507
2655,3,3,0.0005247217486612499,0.0003678504144772887,0.0021950986701995134,0.9969123601913452
2656,0,1,0.00012379692634567618,0.9998761415481567,3.1850746040618105e-08,1.1018329360013013e-08
2657,0,0,0.9943878054618835,1.6240148397628218e-05,0.0004938170313835144,0.0051020728424191475
2658,2,2,0.0004311572411097586,5.381332925935567e-07,0.9995567202568054,1.1599056961131282e-05
2659,2,2,5.11807702423539e-05,1.4980723506141658e-07,0.9992833733558655,0.0006652451120316982
2660,3,2,0.07987485826015472,5.433636488305638e-06,0.9154253005981445,0.004694344475865364
2661,1,1,9.939803021552507e-06,0.9999852180480957,4.818889010493876e-06,2.057243797537467e-08
2662,2,2,3.351955456309952e-05,2.385557081652223e-06,0.9998582601547241,0.0001058726993505843
2663,0,0,0.997412383556366,4.748020273837028e-06,0.0020356178283691406,0.000547292351257056
2664,2,2,0.00012501332093961537,0.0014100853586569428,0.9978992938995361,0.0005655379500240088
2665,1,1,2.7585042516875546e-07,0.9999997615814209,7.944141872107124e-12,9.785426691166776e-09
2666,2,2,3.277462747064419e-05,9.680901058572999e-08,0.9998915195465088,7.556823402410373e-05
2667,2,2,0.001112283323891461,2.967095952044474e-06,0.8874334692955017,0.11145122349262238
2668,0,0,0.9983280301094055,5.027738581020458e-08,0.000608578440733254,0.0010633005294948816
2669,3,3,7.351083581852436e-07,4.9781466060494495e-08,0.0006463848403654993,0.9993528723716736
2670,0,2,0.31163138151168823,3.473048991509131e-06,0.6858270764350891,0.002538065891712904
2671,2,2,0.021403424441814423,7.165320130297914e-05,0.9749855399131775,0.0035394353326410055
2672,2,2,0.0015317619545385242,1.7323371626076778e-09,0.9961103796958923,0.0023578524123877287
2673,3,3,0.00016962134395726025,2.325633516875314e-07,0.042893193662166595,0.9569369554519653
2674,3,3,0.2090718001127243,0.0027940338477492332,0.14297769963741302,0.6451565027236938
2675,2,2,3.837396434391849e-06,8.789734495806556e-10,0.9999903440475464,5.857092219230253e-06
2676,3,3,0.0007593319751322269,3.6248742674160894e-08,0.00048630739911459386,0.9987543821334839
2677,3,3,1.7196312910527922e-05,9.169306203204997e-09,0.00010852196282939985,0.9998742341995239
2678,3,3,2.626756759127602e-05,3.849718723358819e-06,0.10329964756965637,0.8966702222824097
2679,2,3,0.0019514156738296151,6.393458988895873e-06,0.08864570409059525,0.9093965291976929
2680,2,2,0.0004778183938469738,2.410681645415025e-07,0.99951171875,1.02401036201627e-05
2681,3,3,0.00590405473485589,5.301111286826199e-06,0.02063298039138317,0.9734576940536499
2682,3,3,0.0013232543133199215,1.2779761959791358e-07,0.0003061053284909576,0.9983705878257751
2683,0,0,0.6241549253463745,0.00015528466610703617,0.34987393021583557,0.025815868750214577
2684,2,2,2.3333642218403838e-07,7.687454839366836e-11,0.9999892711639404,1.0440188816573936e-05
2685,0,0,0.9999998807907104,3.591377542577767e-11,5.818168169469118e-09,9.356365637813724e-08
2686,0,0,0.9772093892097473,1.7606658730073832e-05,0.021828124299645424,0.0009447959018871188
2687,2,2,8.774608431849629e-06,1.3015725386367194e-08,0.997676432132721,0.00231481296941638
2688,2,2,0.0002478030219208449,3.928442993128556e-08,0.9997493624687195,2.767900923572597e-06
2689,1,1,0.0002680130419321358,0.9997273087501526,3.684684088511858e-06,1.005063381853688e-06
2690,1,1,0.0007587422151118517,0.9965696334838867,4.608328254107619e-06,0.0026670130901038647
2691,1,1,0.001418628846295178,0.9983252882957458,5.390007572714239e-06,0.0002505883458070457
2692,3,3,0.004422367084771395,7.050113254081225e-06,0.0027448905166238546,0.9928256273269653
2693,3,3,6.917175778653473e-05,4.923645974486135e-05,0.02019687369465828,0.9796847105026245
2694,3,2,0.0061577544547617435,0.026508241891860962,0.48875975608825684,0.4785742461681366
2695,0,0,0.9999812841415405,8.446723768429365e-06,9.614675036573317e-06,6.097100708757353e-07
2696,2,2,1.9921846615034156e-05,2.8590743106349237e-09,0.999972939491272,7.169846867327578e-06
2697,2,2,1.825116100917512e-06,1.8942456563308951e-06,0.9999144077301025,8.189106301870197e-05
2698,3,3,7.269487468875013e-06,5.087119347990665e-07,0.0017297163140028715,0.9982625842094421
2699,2,2,0.19915984570980072,0.0007902996730990708,0.7982749938964844,0.0017748791724443436
2700,2,2,0.4985148310661316,3.301800097688101e-05,0.49867966771125793,0.002772483043372631
2701,2,2,0.0014768858673051,6.580398803635035e-06,0.9981709718704224,0.00034553828299976885
2702,0,0,0.5582410097122192,1.2954256817465648e-05,0.3707824945449829,0.07096359878778458
2703,2,2,1.1135685781482607e-05,6.57313239571522e-06,0.9996451139450073,0.00033717064070515335
2704,0,0,0.9973127245903015,3.059672337712982e-07,0.0003692037134896964,0.0023177657276391983
2705,1,1,0.0002924773725681007,0.9995431900024414,9.344064892502502e-05,7.090620783856139e-05
2706,2,2,1.6027980791477603e-06,2.390573961008613e-09,0.999994158744812,4.321673259255476e-06
2707,3,3,5.469735697261058e-05,1.0952079776416213e-07,9.040527220349759e-05,0.9998548030853271
2708,3,3,3.19636455969885e-05,6.4287535295193265e-09,2.0743318600580096e-05,0.9999473094940186
2709,3,3,0.051117315888404846,1.64382563525578e-05,0.008735728450119495,0.9401305317878723
2710,3,2,0.00014906306751072407,4.8867974555832916e-08,0.8123006224632263,0.18755030632019043
2711,0,0,0.8488648533821106,0.0031173047609627247,0.0928594097495079,0.05515852943062782
2712,3,3,0.005422284360975027,0.0017423788085579872,0.021778138354420662,0.971057116985321
2713,1,1,5.593238938672584e-07,0.9999758005142212,1.5035762771731243e-05,8.567919394408818e-06
2714,2,2,0.002497694455087185,3.88926055165939e-05,0.9721498489379883,0.02531365491449833
2715,1,1,0.00010952046432066709,0.9998883008956909,7.265826980074053e-07,1.4509143966279225e-06
2716,1,1,0.0008967333706095815,0.9989922642707825,1.1023582828784129e-06,0.0001098776119761169
2717,1,1,0.0016366461059078574,0.9971156120300293,0.0007492530276067555,0.0004985372652299702
2718,2,3,0.0015718963695690036,2.8253266464162152e-06,0.10074242204427719,0.8976829051971436
2719,3,3,0.0013543538516387343,0.016855133697390556,0.27446916699409485,0.707321286201477
2720,0,0,0.9988563060760498,3.691625352075789e-07,7.9459605331067e-05,0.001063916482962668
2721,0,0,0.90082186460495,9.462249181524385e-06,0.08566424995660782,0.013504424132406712
2722,3,3,0.0008655484416522086,0.000124340906040743,0.008082326501607895,0.9909277558326721
2723,1,1,1.796807009668555e-05,0.9999818801879883,1.940106519882079e-09,1.115575614107911e-07
2724,2,2,0.0002325330424355343,7.50923959458305e-07,0.9974433183670044,0.0023233399260789156
2725,0,0,0.9999405145645142,2.516940469377005e-07,4.977125718141906e-05,9.3932085292181e-06
2726,2,2,0.0008005661657080054,7.603836138514453e-07,0.9128800630569458,0.08631864190101624
2727,3,3,0.016167275607585907,5.7450342865195125e-05,0.023806683719158173,0.959968626499176
2728,1,1,0.004406435880810022,0.9948987364768982,0.00029682874446734786,0.00039807104622013867
2729,2,2,0.007086834870278835,0.00023258908186107874,0.9874267578125,0.005253782030194998
2730,0,0,0.9999380111694336,2.5484675703069115e-08,2.427951528716221e-07,6.177570321597159e-05
2731,2,2,0.0023044913541525602,2.2137148334877566e-05,0.9967501163482666,0.0009232502779923379
2732,3,3,0.0005415772902779281,2.7892403409168764e-07,0.02195882424712181,0.9774993062019348
2733,1,1,1.5367448213510215e-05,0.9999756813049316,8.468907253700309e-06,5.231400450611545e-07
2734,0,0,0.9792130589485168,0.0019207115983590484,0.0074245017021894455,0.01144173089414835
2735,2,2,0.016955897212028503,3.5045655977228307e-07,0.9830083847045898,3.5375644074520096e-05
2736,1,1,0.0004088158020749688,0.9993390440940857,0.00020251529349479824,4.9525337090017274e-05
2737,1,1,0.0036512697115540504,0.9963309168815613,1.499456357123563e-05,2.8518238650576677e-06
2738,0,1,0.031682126224040985,0.9682109951972961,4.754816472996026e-05,5.930069164605811e-05
2739,1,1,0.0002739538613241166,0.9997196793556213,2.3437276013282826e-06,4.034648554807063e-06
2740,0,0,0.998877227306366,2.6963291020365432e-05,2.0976763153157663e-06,0.0010937013430520892
2741,2,2,6.743978246959159e-06,5.260428537212647e-09,0.9998891353607178,0.00010405216016806662
2742,3,3,0.0007194789941422641,2.843139554897789e-05,0.002108108252286911,0.9971440434455872
2743,0,0,0.9948078989982605,0.00017966220912057906,0.002203116426244378,0.0028092805296182632
2744,1,1,0.00014560703129973263,0.9239058494567871,0.07391884177923203,0.0020296319853514433
2745,2,2,0.0007442387868650258,8.781702263149782e-07,0.9983797073364258,0.0008751542191021144
2746,2,2,2.1055335309938528e-05,2.7305975436320296e-07,0.9973824620246887,0.0025962183717638254
2747,1,1,0.00042882622801698744,0.9995229244232178,3.322501288494095e-05,1.5004234228399582e-05
2748,3,3,0.000749453785829246,1.716071528790053e-05,0.0008235718123614788,0.9984097480773926
2749,2,2,0.006627343595027924,1.9659291865536943e-06,0.9913986921310425,0.001971994526684284
2750,2,3,0.10165121406316757,0.021664060652256012,0.06705905497074127,0.8096256852149963
2751,1,1,0.001907325116917491,0.9958121180534363,2.4743272660998628e-05,0.0022557019256055355
2752,2,3,0.0009046843042597175,9.34938907448668e-06,0.1011931449174881,0.8978928327560425
2753,3,3,3.9782218664186075e-05,3.0872820389049593e-07,0.02930758148431778,0.9706522822380066
2754,3,3,0.012762151658535004,3.2424040909972973e-06,0.00034387537743896246,0.9868906736373901
2755,2,2,2.126923391188029e-06,4.393320978124393e-07,0.99998939037323,8.07414198789047e-06
2756,3,3,0.0003253332106396556,3.942366674891673e-06,0.13444918394088745,0.8652216196060181
2757,2,2,0.0004252575454302132,1.3212658522832044e-08,0.9994521737098694,0.00012263892858754843
2758,0,0,0.8798503875732422,0.05512647703289986,0.001707199844531715,0.06331594288349152
2759,2,2,8.311967576446477e-06,1.4245034662963008e-06,0.8592777848243713,0.14071249961853027
2760,3,3,0.0012405246961861849,9.519990271655843e-05,0.020530520007014275,0.9781338572502136
2761,0,0,0.9999854564666748,4.612229265177348e-09,7.620466476510046e-06,6.956396191526437e-06
2762,2,2,2.5592920792405494e-05,0.00024338551156688482,0.9922176599502563,0.00751344533637166
2763,3,3,0.0005584947648458183,2.3774325654812856e-06,0.02790599875152111,0.9715330600738525
2764,3,3,3.302145341876894e-05,5.385870593954678e-08,7.329302025027573e-05,0.9998936653137207
2765,2,2,0.0142196174710989,4.317278694543347e-07,0.9857511520385742,2.8770828066626564e-05
2766,3,3,0.15847574174404144,0.008666282519698143,0.1660539209842682,0.6668040156364441
2767,3,2,0.0048835864290595055,3.7112649806658737e-06,0.7830228209495544,0.2120898962020874
2768,2,2,0.0001353103871224448,1.838106555851482e-07,0.9786744117736816,0.021190093830227852
2769,0,0,0.9980741739273071,0.0003068461664952338,5.247203716862714e-06,0.0016137351049110293
2770,3,3,0.004671670962125063,0.023421550169587135,0.03975438326597214,0.9321523904800415
2771,2,2,0.05940277501940727,0.14892105758190155,0.7692152857780457,0.0224608201533556
2772,2,2,0.04644674435257912,3.136819213978015e-05,0.9189648628234863,0.034556999802589417
2773,3,3,3.4081901389981795e-07,4.8984316602940225e-11,0.008434346877038479,0.9915653467178345
2774,1,1,4.140432793064974e-06,0.9999945163726807,1.1511477850945084e-06,2.2176081415636872e-07
2775,2,2,0.0009769507450982928,0.009313412941992283,0.9761969447135925,0.013512646779417992
2776,3,3,1.0687214853533078e-05,2.5217220311901656e-08,0.0490909144282341,0.9508984088897705
2777,1,1,4.913625889457762e-05,0.9999145269393921,2.4899738491512835e-05,1.1449625162640586e-05
2778,3,2,0.00024060826399363577,1.7128838347701958e-09,0.8371917605400085,0.16256758570671082
2779,3,3,0.002418270567432046,0.0007456313469447196,0.21928919851779938,0.7775468826293945
2780,3,3,0.19238615036010742,5.602846067631617e-05,0.3743728697299957,0.4331848919391632
2781,0,0,0.9998890161514282,6.901819205040738e-08,2.308600869582733e-06,0.00010868358367588371
2782,1,1,3.683687828015536e-05,0.9999122619628906,2.415763992758002e-05,2.671211041160859e-05
2783,2,2,0.003077049506828189,0.001664596376940608,0.9936011433601379,0.0016572452150285244
2784,1,1,4.7422410716535524e-05,0.9999489784240723,2.3383211100735934e-06,1.2786746310666786e-06
2785,3,3,1.5415073661984025e-08,7.209670638275156e-10,4.978804554411909e-06,0.9999949932098389
2786,2,2,0.2608427405357361,0.009953230619430542,0.6211969256401062,0.10800707340240479
2787,3,3,0.032978642731904984,0.007401610258966684,0.0269022174179554,0.9327175617218018
2788,3,3,0.013490169309079647,0.0003463840112090111,0.010794893838465214,0.9753686189651489
2789,2,2,6.431334622902796e-05,1.0391893283667741e-06,0.9999232292175293,1.1349554370099213e-05
2790,3,3,0.003208845853805542,0.00036374983028508723,0.18656417727470398,0.8098631501197815
2791,2,2,0.00011344437371008098,7.770731826894917e-06,0.9988448619842529,0.0010339039145037532
2792,3,3,5.503345619217725e-07,1.3838429013812714e-10,0.00028708536410704255,0.9997122883796692
2793,1,1,1.9558021868704145e-09,1.0,1.2585289477229367e-09,5.0503352611031005e-09
2794,1,1,0.00032204220769926906,0.9996765851974487,1.1016803469487968e-08,1.457182065678353e-06
2795,2,2,4.5695132939727046e-06,7.63708882800529e-08,0.995854914188385,0.0041404482908546925
2796,3,3,0.0004150248714722693,5.819677608087659e-05,0.04578440263867378,0.9537423849105835
2797,3,3,0.00023083732230588794,4.816727638967677e-08,0.000248638418270275,0.9995205402374268
2798,1,1,0.0035956483334302902,0.9963877201080322,1.3337837117433082e-05,3.3836217880889308e-06
2799,3,3,4.534790765120533e-09,3.6938256897656174e-09,1.2484359501740983e-07,0.9999998807907104
2800,3,3,0.0034011059906333685,6.524632044602185e-05,0.00043455942068248987,0.9960991144180298
2801,3,3,9.039339784067124e-05,0.00031548322294838727,3.4453569242032245e-05,0.9995595812797546
2802,0,0,0.9999961853027344,2.5793836511134316e-10,5.9005699881709006e-08,3.773117896344047e-06
2803,1,1,9.002957085613161e-05,0.999909520149231,2.8256584982955246e-07,7.464179674343541e-08
2804,3,3,3.106406154529395e-08,3.4048873942538194e-08,0.00018875768000725657,0.9998112320899963
2805,3,2,0.0005079366383142769,1.3011704140808433e-06,0.9601782560348511,0.0393124558031559
2806,3,2,0.00017166642646770924,0.00010152283357456326,0.9554567337036133,0.044270168989896774
2807,3,3,1.0887930329772644e-05,2.6935614627632276e-08,8.75649056979455e-05,0.999901533126831
2808,0,0,0.9985805749893188,0.00011904553684871644,0.0005610893131233752,0.0007393627311103046
2809,1,1,0.0003139569889754057,0.9996205568313599,2.406451676506549e-05,4.131298919674009e-05
2810,3,0,0.7461802363395691,0.010218560695648193,0.00014036035281606019,0.24346084892749786
2811,3,3,0.00035611935891211033,1.0198266409133794e-07,0.07259966433048248,0.9270440936088562
2812,3,3,0.40734678506851196,0.0533328652381897,0.11453039199113846,0.4247898757457733
2813,3,3,4.8225225327769294e-05,0.007719683926552534,0.04830527678132057,0.9439268708229065
2814,0,0,0.9995813965797424,2.765010140137747e-05,0.00020733386918436736,0.00018357693625148386
2815,2,2,0.08152889460325241,0.00042124217725358903,0.9054378271102905,0.01261201873421669
2816,2,2,0.0036412423942238092,1.7652872656981344e-06,0.9943426847457886,0.0020142216235399246
2817,0,0,0.9423995018005371,6.092472517593706e-07,0.0006581220077350736,0.05694180354475975
2818,3,3,0.004240633454173803,5.061536967332358e-07,0.00810922496020794,0.9876496195793152
2819,0,0,0.984858512878418,4.48612695436168e-07,0.0006719417870044708,0.014469124376773834
2820,1,1,3.2082225516205654e-06,0.9999619722366333,3.4440825402271e-05,3.284799561242835e-07
2821,1,1,0.00021868458134122193,0.9994823932647705,1.6282088836305775e-05,0.0002825959527399391
2822,0,2,0.026476815342903137,0.0016589740989729762,0.9481961727142334,0.023668037727475166
2823,2,2,3.961831680499017e-05,1.2920538416949512e-08,0.9976701140403748,0.0022902225609868765
2824,0,0,0.9999241828918457,8.391385790673667e-07,6.825955642852932e-05,6.689038400509162e-06
2825,1,1,0.006704292260110378,0.9931877851486206,4.2041894630528986e-05,6.584508082596585e-05
2826,1,1,3.3547792099852813e-08,1.0,3.74840425365619e-09,3.482322341596955e-08
2827,2,2,0.008124221116304398,3.628260310506448e-05,0.903244137763977,0.08859539777040482
2828,2,3,0.00010312104859622195,1.0895693947077234e-07,0.22837725281715393,0.7715194821357727
2829,1,1,0.0026100140530616045,0.9954929351806641,0.0018538932781666517,4.3054325942648575e-05
2830,0,0,0.9954349398612976,0.00012786098523065448,0.00023727146617602557,0.004199905786663294
2831,3,3,0.0010891719721257687,0.00037169179995544255,0.018438993021845818,0.9801002144813538
2832,1,1,1.7566986088013437e-08,1.0,7.67993935113509e-09,8.608903812046265e-09
2833,3,0,0.9520425796508789,0.005593930371105671,0.004152363166213036,0.038211118429899216
2834,0,0,0.9991638660430908,3.1858578495302936e-06,0.0008073407225310802,2.5616072889533825e-05
2835,2,2,2.3070308088790625e-05,1.2234484529471956e-05,0.9998156428337097,0.0001489700807724148
2836,2,2,3.6235604056855664e-05,0.0003466488851699978,0.8319836258888245,0.16763347387313843
2837,1,1,0.0085391690954566,0.9914234280586243,1.6286512618535198e-05,2.117836629622616e-05
2838,0,0,0.9999980926513672,5.246531600278104e-07,5.904930162614619e-07,7.422676731039246e-07
2839,0,0,0.9985781908035278,0.0011808059643954039,6.204920646268874e-05,0.000178993956069462
2840,0,0,0.9999996423721313,8.483089924959941e-11,5.465768992962694e-08,3.237905445985234e-07
2841,2,2,0.004559310153126717,0.001029033213853836,0.9934337139129639,0.0009779139654710889
2842,3,3,0.0010527025442570448,1.013461769616697e-05,0.00031691501499153674,0.9986202716827393
2843,2,2,2.1243646187940612e-05,2.6712414502583215e-09,0.9999772310256958,1.5186167274805484e-06
2844,3,3,0.0004440509364940226,1.3627751513922703e-06,0.003839055774733424,0.9957155585289001
2845,1,1,4.3652529711835086e-05,0.9999494552612305,1.0490447266420233e-06,5.845122814207571e-06
2846,0,0,0.703487753868103,1.2787390915036667e-05,0.004467000253498554,0.29203248023986816
2847,0,0,0.500497579574585,1.32709908484685e-06,0.49819448590278625,0.0013066373066976666
2848,3,2,0.006814350374042988,5.021139713790035e-06,0.5828823447227478,0.41029828786849976
2849,3,3,1.7634937066191014e-08,1.7745335366067816e-12,3.5611531075119274e-06,0.9999964237213135
2850,3,3,0.0007663497235625982,6.377717340910749e-07,0.3078038692474365,0.691429078578949
2851,2,2,0.00011191330850124359,7.078718681441387e-06,0.9990905523300171,0.0007903705118224025
2852,2,2,8.731421985430643e-06,5.19567455725678e-09,0.9999314546585083,5.9807676734635606e-05
2853,0,0,0.999852180480957,2.258853101011482e-06,1.3762034541286994e-05,0.00013177898654248565
2854,3,3,0.016453901305794716,4.2818763290597417e-07,0.18800124526023865,0.7955443859100342
2855,0,0,0.9999252557754517,3.5379547625780106e-05,2.8400896553648636e-05,1.0946941984002478e-05
2856,3,2,0.00016598515503574163,3.1175193271337776e-07,0.8921641111373901,0.10766953229904175
2857,2,3,0.1118898093700409,0.0010168616427108645,0.1317445933818817,0.7553486824035645
2858,1,1,3.400007244636072e-06,0.9999942779541016,2.1489047412615037e-06,6.450566303328742e-08
2859,1,1,0.0003794454678427428,0.9993053674697876,0.00015149659884627908,0.00016372694517485797
2860,0,0,0.9943493008613586,0.0015441239811480045,0.0010851070983335376,0.003021544311195612
2861,3,3,9.682953532319516e-05,1.236291382156196e-06,0.009108073078095913,0.9907938838005066
2862,3,3,1.8042666027895393e-08,2.5635704670179393e-10,7.726937838015147e-06,0.9999922513961792
2863,1,1,3.175669291977101e-07,0.9999996423721313,3.3211780547937053e-10,6.255867379678648e-09
2864,3,3,0.001173797296360135,6.013817142047628e-07,0.007515960838645697,0.991309642791748
2865,0,0,0.9997541308403015,2.420618372411809e-09,9.410225175088271e-05,0.00015170940605457872
2866,2,2,0.004560607019811869,7.825524761528868e-08,0.9941282272338867,0.0013111602747812867
2867,2,2,0.0029033247847110033,0.007547216489911079,0.9201589822769165,0.06939053535461426
2868,3,2,4.3972111598122865e-05,5.902794555368018e-07,0.7000504732131958,0.2999049723148346
2869,2,2,1.4655514632977429e-06,3.723292230084496e-10,0.9999961853027344,2.3689224235567963e-06
2870,1,1,1.6836647773743607e-06,0.9999940395355225,3.814692718151491e-06,4.6400856490436126e-07
2871,1,1,1.4398833059203753e-07,0.9999997615814209,7.836644044800778e-08,1.1753066075925744e-08
2872,1,1,8.971564398052578e-07,0.9999889135360718,9.47994976741029e-06,6.623233161917597e-07
2873,2,3,0.00013250373012851924,1.9999681910576328e-08,0.20301824808120728,0.796849250793457
2874,1,1,0.00011794622696470469,0.9996926784515381,0.00011428393918322399,7.501981599489227e-05
2875,2,2,0.0026413765735924244,1.127288123825565e-05,0.9212542772293091,0.0760931596159935
2876,1,1,0.00032236523111350834,0.9996042847633362,2.8812094114982756e-06,7.058754999889061e-05
2877,3,3,0.004964678548276424,3.6244608054403216e-05,0.008896018378436565,0.9861030578613281
2878,2,2,0.008309595286846161,0.00047712487867102027,0.9854831695556641,0.0057301390916109085
2879,3,2,1.3365583072300069e-05,1.999047162826173e-05,0.917860209941864,0.08210646361112595
2880,1,1,7.652169733773917e-05,0.9998679161071777,3.157805622322485e-05,2.391645102761686e-05
2881,0,0,0.9999908208847046,1.2736322219097929e-08,7.907616236479953e-06,1.282593643736618e-06
2882,3,3,7.223694410640746e-06,3.4192085274220574e-10,0.0008067222079262137,0.999186098575592
2883,0,0,0.9871484637260437,0.00015453758533112705,0.01152049656957388,0.0011765355011448264
2884,0,0,0.9995052814483643,1.7448011249143747e-06,0.00045319306082092226,3.974426363129169e-05
2885,3,3,0.0023943688720464706,6.413566211449506e-07,6.764002591808094e-06,0.9975982308387756
2886,3,3,1.6328829133271938e-07,1.2440432328730822e-07,0.09980705380439758,0.9001926183700562
2887,1,1,0.09010268747806549,0.8990479111671448,0.010655539110302925,0.00019386624626349658
2888,1,1,2.2730277123628184e-05,0.9999587535858154,1.7833695892477408e-05,6.77746925248357e-07
2889,1,1,9.425320058653597e-06,0.9999716281890869,3.45585817740357e-07,1.86055876838509e-05
2890,1,1,5.186217094887979e-06,0.9999886751174927,4.678685854742071e-06,1.489707187829481e-06
2891,1,1,5.7832313160588456e-08,0.9999998807907104,2.4593138636674894e-09,4.446189194595718e-09
2892,1,1,5.531308033823734e-06,0.9999905824661255,2.8229595727680135e-07,3.52907204614894e-06
2893,1,1,1.8747485228232108e-05,0.9999617338180542,9.370242878503632e-06,1.016661826724885e-05
2894,3,3,0.002457083435729146,0.0007134061306715012,0.0157917607575655,0.9810377955436707
2895,1,1,0.0023374108131974936,0.9973167777061462,0.00016446328663732857,0.00018133746925741434
2896,1,1,0.00021088274661451578,0.9997637867927551,4.368337158666691e-06,2.096404023177456e-05
2897,2,2,0.00037362438160926104,1.9015574537206703e-07,0.9995323419570923,9.385644807480276e-05
2898,1,1,0.010645023547112942,0.9874591827392578,0.0007136605563573539,0.0011820666259154677
2899,2,2,3.6447490856517106e-05,1.7217766981048044e-06,0.9999485015869141,1.3268879229144659e-05
2900,1,1,1.7364611267112195e-05,0.9999794960021973,2.0846227926085703e-06,1.0499340987735195e-06
2901,0,0,1.0,3.7515476836169626e-11,2.339120541705597e-08,3.235793855083102e-08
2902,3,3,0.001041246810927987,3.3091575460275635e-05,0.00038102956023067236,0.9985446929931641
2903,0,0,0.9473172426223755,1.1605670806602575e-05,0.04107885807752609,0.011592308059334755
2904,1,1,1.5628642358933575e-05,0.9999828338623047,7.86109694672632e-07,6.879882334942522e-07
2905,1,1,0.00043434821418486536,0.9995583891868591,6.550485068146372e-06,6.625434707530076e-07
2906,0,0,0.999985933303833,4.102445938514165e-09,7.492529675801052e-06,6.523755018861266e-06
2907,1,1,0.0013122777454555035,0.9975798726081848,0.00012081655586371198,0.000987078994512558
2908,1,1,0.0006447658524848521,0.9912352561950684,0.0009352010674774647,0.007184730377048254
2909,2,2,0.00225657457485795,9.51660084069772e-08,0.9970951080322266,0.0006481297314167023
2910,3,3,4.074310709256679e-05,9.530987767902843e-07,0.01961512863636017,0.9803431630134583
2911,0,0,0.999970555305481,5.561621918559467e-08,9.383510928273608e-07,2.8383146855048835e-05
2912,0,0,0.9991249442100525,0.0003429381176829338,0.00026800716295838356,0.00026415425236336887
2913,3,3,0.21679608523845673,0.006544520612806082,0.047586120665073395,0.7290732860565186
2914,2,3,0.00025490595726296306,0.001480025239288807,0.13423551619052887,0.8640295267105103
2915,3,3,0.0023501489777117968,8.809785185803776e-07,0.006405666004866362,0.9912433624267578
2916,1,0,0.6279731392860413,0.36913609504699707,0.0020168055780231953,0.0008740079356357455
2917,1,1,0.0005246789660304785,0.999157190322876,0.00012054341641487554,0.00019754936511162668
2918,3,3,0.0002857521176338196,1.228668861585902e-05,0.00014209712389856577,0.9995598196983337
2919,3,2,0.000950152229052037,2.838965729168308e-09,0.9569832682609558,0.04206661507487297
2920,0,0,0.9998083710670471,3.282595861797688e-10,3.344900108004367e-07,0.00019124915706925094
2921,0,0,0.9999362230300903,6.341307567936383e-08,5.053925633546896e-05,1.31436790979933e-05
2922,2,2,0.21261394023895264,0.0031840517185628414,0.762702465057373,0.021499473601579666
2923,2,2,0.1168254017829895,0.0001195727163576521,0.8316428661346436,0.05141216143965721
2924,1,1,2.800474248942919e-05,0.9999022483825684,3.3432210329920053e-05,3.630385981523432e-05
2925,0,0,0.9992328882217407,1.1077249837398995e-06,0.0001071797451004386,0.0006587770185433328
2926,3,3,0.002417441224679351,0.008632074110209942,0.01983628235757351,0.9691141843795776
2927,1,1,0.0005417324136942625,0.9994543194770813,1.6355545540136518e-06,2.2365827589965193e-06
2928,3,3,0.0005137021071277559,4.929840429213073e-07,0.0514436811208725,0.9480421543121338
2929,3,3,1.2440406180758146e-06,1.879566058349269e-09,1.5304822227335535e-06,0.9999972581863403
2930,3,3,2.980522850748457e-08,1.259944093501275e-10,0.0006550310645252466,0.9993448853492737
2931,3,3,3.252098758821376e-05,4.190924940417062e-09,5.699888788512908e-06,0.9999617338180542
2932,2,3,0.05737494304776192,3.456721606198698e-05,0.15608535706996918,0.7865050435066223
2933,1,1,0.0037768473848700523,0.996217668056488,2.9167113098083064e-06,2.580010004749056e-06
2934,1,1,5.746481110691093e-05,0.9996459484100342,2.110766581608914e-05,0.0002754717133939266
2935,2,2,0.00012377576786093414,3.917353296856163e-06,0.9470048546791077,0.05286751314997673
2936,3,3,1.6208161923714215e-06,2.559451850459027e-08,0.0001425578520866111,0.9998557567596436
2937,2,2,1.1794673810072709e-05,2.789284003767989e-08,0.9999864101409912,1.776680505827244e-06
2938,2,2,0.08881372213363647,0.0007309883367270231,0.6968382000923157,0.21361716091632843
2939,2,3,4.078479469171725e-05,1.2671378613049455e-07,0.12556380033493042,0.8743953704833984
2940,2,2,4.640465704142116e-06,2.7442429200164042e-06,0.9714107513427734,0.028581814840435982
2941,3,3,4.265126699465327e-05,1.1707691704998524e-08,1.1041875040973537e-05,0.9999463558197021
2942,1,1,7.654252840438858e-06,0.9999889135360718,9.04214303432127e-09,3.459946128714364e-06
2943,1,1,1.2719536357508332e-07,0.9999998807907104,2.898454143362983e-09,1.5438974543258155e-09
2944,0,0,0.9732687473297119,1.9216962243717717e-08,0.02646695077419281,0.0002642459003254771
2945,2,2,0.029308605939149857,1.8559219824965112e-05,0.9623463749885559,0.00832643173635006
2946,3,3,0.0016112831654027104,0.00012783665442839265,0.027117300778627396,0.9711435437202454
2947,0,0,0.9609560370445251,0.03844461962580681,0.0004585330025292933,0.000140734642627649
2948,3,3,0.0008365917019546032,7.428054118463479e-07,0.005036659073084593,0.9941259622573853
2949,3,3,0.05745695158839226,8.263247764261905e-06,0.28508275747299194,0.6574520468711853
2950,1,1,3.3527616324136034e-05,0.9999127388000488,3.980974724981934e-05,1.3906667845731135e-05
2951,1,1,0.01334179937839508,0.8151028156280518,0.12666337192058563,0.04489200934767723
2952,2,3,0.0057707056403160095,3.6880101106362417e-06,0.0971984937787056,0.8970271944999695
2953,3,3,0.0008891240577213466,5.131329544383334e-06,0.0008177062263712287,0.998288094997406
2954,1,1,0.00011287548113614321,0.9988357424736023,0.0004229241458233446,0.0006284977425821126
2955,3,3,1.2652639043153613e-06,3.7336853053737684e-10,0.00012945797061547637,0.9998692274093628
2956,0,0,0.9994670748710632,2.0267993505740378e-08,0.0005020167445763946,3.0986084311734885e-05
2957,2,2,0.031102079898118973,7.362896667473251e-06,0.9550208449363708,0.013869727030396461
2958,3,3,6.667205161647871e-05,5.517616141759163e-09,0.03116222657263279,0.9687710404396057
2959,0,0,0.999661922454834,5.095498689655642e-09,0.00028650311287492514,5.162289016880095e-05
2960,1,1,4.01518400394707e-06,0.9999570846557617,2.507241333660204e-05,1.3841259715263732e-05
2961,1,1,4.562993490253575e-05,0.9999312162399292,2.0078292436664924e-05,3.100761659879936e-06
2962,3,3,0.0005730444681830704,1.0149131668413247e-07,0.06516368687152863,0.9342631697654724
2963,1,1,3.723739325778297e-07,0.9999994039535522,7.288284820106128e-08,1.0173721420869697e-07
2964,0,0,0.9999759197235107,1.5041915446545318e-07,1.739073559292592e-05,6.468355422839522e-06
2965,3,3,0.0035585095174610615,1.9605689885793254e-05,0.010195947252213955,0.986225962638855
2966,0,0,0.9996963739395142,1.8298510440217797e-07,6.896732429595431e-06,0.0002965328749269247
2967,2,2,0.0004141127283219248,0.0008951615309342742,0.9934158325195312,0.005274902563542128
2968,0,0,0.9984917640686035,0.00011116417590528727,0.0004314094840083271,0.0009656845359131694
2969,3,3,0.010946675203740597,0.0004004302900284529,0.01831401139497757,0.9703388810157776
2970,2,2,2.713494723138865e-05,5.547631371882744e-05,0.9998553991317749,6.189868145156652e-05
2971,2,2,0.0013508939882740378,1.6433034488727571e-07,0.998227059841156,0.0004218630201648921
2972,1,1,0.0009338883101008832,0.999026894569397,2.442129516566638e-05,1.4750253285455983e-05
2973,0,0,0.7331035137176514,0.0006069066002964973,0.19291453063488007,0.07337511330842972
2974,2,2,0.05018511041998863,5.537812830880284e-05,0.9482664465904236,0.0014930315082892776
2975,2,2,0.0002867506118491292,1.2538542250695173e-05,0.9868256449699402,0.012874997220933437
2976,0,3,0.020180556923151016,8.472424042338389e-07,0.0007840321050025523,0.9790345430374146
2977,0,0,0.9999998807907104,3.461473996324571e-09,9.799889966188857e-08,4.389366026202879e-08
2978,2,2,0.00023865469847805798,4.2564701629999036e-07,0.9991262555122375,0.000634683296084404
2979,3,3,1.2723435247607995e-05,1.2090559664557077e-09,0.01608760468661785,0.983899712562561
2980,1,1,1.7090048487489184e-08,0.9999998807907104,1.242802216694372e-08,1.3359549200231413e-07
2981,2,2,0.000886296562384814,1.9296177924843505e-05,0.9710806012153625,0.028013840317726135
2982,3,3,5.901155964238569e-05,1.2235923385617298e-08,0.4599958062171936,0.5399451851844788
2983,0,0,0.9885891675949097,0.0011366811813786626,4.426137820701115e-05,0.010229818522930145
2984,0,0,0.9991863369941711,0.00010289541387464851,0.00011213066318305209,0.0005987181211821735
2985,2,2,0.06583478301763535,0.00031995007884688675,0.9094486832618713,0.024396680295467377
2986,2,2,0.006697931792587042,7.206158625194803e-05,0.9792201519012451,0.014009842649102211
2987,2,2,0.0007526265690103173,8.06721118351561e-07,0.9983075857162476,0.0009389847400598228
2988,2,2,0.0009362815180793405,5.663571300829062e-06,0.9960665106773376,0.002991535235196352
2989,0,0,0.9999874830245972,2.831687311299902e-07,5.014008820580784e-06,7.185462436609669e-06
2990,0,0,0.9999701976776123,2.2184434844696455e-10,1.3676347407454159e-05,1.612999039934948e-05
2991,1,1,4.40977091784589e-05,0.9999403953552246,3.268414445756207e-07,1.5155189430515748e-05
2992,1,1,1.832809175539296e-05,0.9999498128890991,3.1099629268283024e-05,7.242405786200834e-07
2993,0,0,0.9938148260116577,4.390688263811171e-05,0.0029959632083773613,0.00314540253020823
2994,1,1,9.645875252317637e-05,0.9991439580917358,0.0006120562320575118,0.0001474646123824641
2995,1,1,8.420798258157447e-05,0.999750554561615,0.0001310097868554294,3.4248670999659225e-05
2996,0,0,0.9996821880340576,5.542021312976431e-07,4.328382055973634e-05,0.0002740731870289892
2997,0,0,0.9993501305580139,0.00013323999883141369,3.7169098504818976e-05,0.00047943394747562706
2998,1,1,0.00043459332664497197,0.9995613694190979,3.23969495674703e-09,4.036033715237863e-06
2999,0,0,0.995829164981842,0.00018781055405270308,0.0003643963427748531,0.003618622897192836
3000,1,1,0.00019201151735614985,0.9997716546058655,1.6881468809515354e-06,3.469679722911678e-05
3001,2,3,5.250003232504241e-05,0.0002811402955558151,0.4934757947921753,0.5061905980110168
3002,1,1,9.568037057761103e-05,0.99953293800354,0.000155138477566652,0.0002162075397791341
3003,2,2,0.018491389229893684,0.0007348661893047392,0.9801056981086731,0.0006679896614514291
3004,3,3,1.5734272892586887e-05,6.8508589912141815e-09,2.101771997331525e-06,0.9999821186065674
3005,2,2,0.037296466529369354,7.915614696685225e-05,0.5087432265281677,0.4538812041282654
3006,0,0,0.9993957281112671,9.331070941698272e-06,0.00030678222537972033,0.00028809657669626176
3007,1,1,0.0004558945947792381,0.9993033409118652,0.00023099810641724616,9.82510482572252e-06
3008,2,0,0.7004981637001038,0.10812801867723465,0.18484556674957275,0.006528240162879229
3009,1,1,0.0020922247786074877,0.997816801071167,6.8783359893132e-05,2.2159318177727982e-05
3010,2,2,0.000326627487083897,0.0005310318083502352,0.9990099668502808,0.00013230528566055
3011,2,2,0.0011771315475925803,1.4546338888976607e-06,0.9983385801315308,0.00048283423529937863
3012,3,3,9.393388609169051e-05,1.3711655810766388e-05,0.0028621458914130926,0.9970302581787109
3013,0,0,0.9994913339614868,1.2048688404320274e-05,0.00041110735037364066,8.551205246476457e-05
3014,2,2,0.09965655952692032,3.0317130494950106e-07,0.893514096736908,0.006829006131738424
3015,1,1,0.010012350976467133,0.989800751209259,1.4626985830545891e-05,0.00017231442325282842
3016,2,2,0.1615193635225296,3.500363163766451e-05,0.8383733630180359,7.22809782018885e-05
3017,2,2,0.02352563850581646,2.0730391042889096e-05,0.9120311141014099,0.06442247331142426
3018,1,1,1.5422872820636258e-05,0.9999842643737793,7.61244134395156e-09,4.0512858845431765e-07
3019,0,0,0.9958392381668091,5.1501607231330127e-05,0.002355929696932435,0.001753244549036026
3020,2,2,0.00014180451398715377,0.00014037905202712864,0.999517560005188,0.00020027720893267542
3021,0,0,0.9997971653938293,3.0032950348868326e-07,0.0001333855470875278,6.916243000887334e-05
3022,1,1,7.809605762076899e-08,0.9999997615814209,1.0614513001883097e-07,4.305214318378603e-08
3023,2,2,0.02401333674788475,0.0002588182978797704,0.9663488864898682,0.009378965012729168
3024,1,1,1.0586405551293865e-05,0.9999240636825562,6.456683331634849e-05,8.491433050039632e-07
3025,2,2,0.0006364985019899905,4.957140117767267e-05,0.9987757802009583,0.0005380927468650043
3026,1,1,1.4182975064613856e-05,0.999940037727356,4.043097942485474e-05,5.362896899896441e-06
3027,3,2,0.08574680238962173,3.965271753259003e-05,0.8086739778518677,0.10553959757089615
3028,1,1,1.6650565726195055e-07,0.9999997615814209,1.4612203003139257e-08,3.246089841368871e-09
3029,1,1,0.32038983702659607,0.678241491317749,0.00012077602877980098,0.0012478874996304512
3030,1,1,2.4358478185604326e-06,0.9999971389770508,7.4097474822565346e-09,4.7349939791274664e-07
3031,1,1,1.1467805052234326e-05,0.9999866485595703,2.2952214351334987e-08,1.8484813608665718e-06
3032,1,1,4.659184560296126e-05,0.99431312084198,0.0028354518581181765,0.0028047559317201376
3033,0,0,0.9999731779098511,1.2539318561266555e-07,2.6187355615547858e-05,5.122478796693031e-07
3034,3,3,4.901599095319398e-05,4.263893682576736e-09,0.00018403123249299824,0.999767005443573
3035,2,3,0.00018114705744665116,0.001018939190544188,0.06311438232660294,0.9356855154037476
3036,1,1,0.026381654664874077,0.8597055673599243,0.11351087689399719,0.00040192209417000413
3037,1,1,0.0044745891354978085,0.9955045580863953,7.899967386038043e-06,1.295831043535145e-05
3038,3,3,1.1389008250262123e-05,5.543351555559184e-09,0.0005346605321392417,0.9994539618492126
3039,0,0,0.9535719752311707,0.0005224303458817303,0.040929291397333145,0.004976355936378241
3040,0,0,0.976976215839386,0.0007045399979688227,6.659908103756607e-05,0.022252611815929413
3041,0,0,0.9999980926513672,1.8801744161578426e-08,6.284155773528255e-08,1.7756744910002453e-06
3042,0,0,0.9999794960021973,1.053863343258854e-06,1.715905273158569e-05,2.3146344574342947e-06
3043,1,1,0.012243438512086868,0.9560184478759766,0.006482064723968506,0.02525605447590351
3044,0,0,0.9797057509422302,9.679861250333488e-05,0.012097588740289211,0.008099895901978016
3045,2,2,0.004403822124004364,0.0001309700746787712,0.9926746487617493,0.0027904827147722244
3046,1,1,0.00021148529776837677,0.9980888962745667,0.0015530524542555213,0.0001465297391405329
3047,1,1,0.0009955663699656725,0.997791051864624,0.0008976547978818417,0.00031564151868224144
3048,0,0,0.9972113966941833,7.503063534386456e-05,0.0023309567477554083,0.00038268050411716104
3049,1,1,0.0874549001455307,0.8557872176170349,0.04024241492152214,0.01651545986533165
3050,1,1,1.3049873359705089e-07,0.9999978542327881,1.5397972674691118e-06,4.4659199716079456e-07
3051,2,2,0.00213074148632586,5.7069159993261565e-06,0.9977288842201233,0.00013465865049511194
3052,2,0,0.7242069840431213,0.0015339598758146167,0.2387101650238037,0.03554892539978027
3053,1,1,7.937282475722895e-08,0.9999998807907104,4.850554624624692e-09,5.41615152727104e-09
3054,0,0,0.999964714050293,2.564790122505656e-07,6.256726464926032e-06,2.8806451155105606e-05
3055,2,2,0.03963959217071533,0.00016137229977175593,0.9424728751182556,0.017726151272654533
3056,3,3,0.00128081941511482,1.3964188838144764e-05,1.654905190662248e-06,0.9987035989761353
3057,3,0,0.9727029800415039,1.642865754547529e-07,0.0007961472729220986,0.026500744745135307
3058,0,0,0.9999995231628418,1.129805227151337e-07,1.7195547741266637e-07,2.2218064543721994e-07
3059,3,3,0.0003590629203245044,2.8784663300029933e-05,0.006652466021478176,0.9929596781730652
3060,3,2,0.006470809690654278,0.005231932271271944,0.9873989820480347,0.0008982236031442881
3061,0,0,0.9999996423721313,3.2944383332456084e-11,2.3580335550832388e-07,1.666999480676168e-07
3062,0,2,0.03717110678553581,9.169369263872795e-08,0.9617060422897339,0.0011227821232751012
3063,0,1,0.25640901923179626,0.7427573800086975,0.0007496261969208717,8.404463733313605e-05
3064,0,0,0.9998669624328613,5.060766739006795e-07,0.0001305323967244476,1.966875515790889e-06
3065,1,1,7.869147822248124e-08,0.9999998807907104,5.0407997775892e-08,3.913277257794334e-09
3066,1,1,2.0324139768490568e-05,0.9999381303787231,3.981676127295941e-05,1.6319733049385832e-06
3067,2,2,0.0017521318513900042,9.357204788784657e-08,0.9978297352790833,0.0004180030373390764
3068,3,3,0.026336828246712685,5.262988906906685e-06,0.004781955853104591,0.9688758850097656
3069,2,2,0.02098231576383114,0.0002850577002391219,0.9777055382728577,0.0010271075880154967
3070,2,0,0.8160317540168762,1.1173281109222444e-06,0.18390509486198425,6.197617767611519e-05
3071,1,1,9.83662175713107e-07,0.9999983310699463,3.719121650647139e-07,3.270334332228231e-07
3072,1,1,5.429862426353793e-07,0.9999979734420776,1.9443329790647113e-07,1.2845700894104084e-06
3073,3,3,3.1192572350846604e-05,0.0008950374904088676,0.01271531730890274,0.9863584637641907
3074,1,1,0.0009665379184298217,0.9989891648292542,1.078895729733631e-05,3.347978417878039e-05
3075,0,0,0.999993085861206,1.421971376203146e-07,6.49303410682478e-06,3.335591145514627e-07
3076,2,2,0.002890369389206171,0.003978243563324213,0.6344735026359558,0.3586577773094177
3077,2,1,0.0003503984771668911,0.9995918869972229,5.3818916057934985e-05,3.931845640181564e-06
3078,2,2,0.001643905881792307,0.0006617104518227279,0.9970794916152954,0.0006149319233372808
3079,1,1,0.0014634785475209355,0.9982637763023376,9.421708091394976e-05,0.00017856172053143382
3080,3,3,0.07844685763120651,1.401316694682464e-05,0.005324309691786766,0.9162148833274841
3081,0,0,0.9994187355041504,2.323570333828684e-05,0.0003363261930644512,0.00022167657152749598
3082,0,0,0.9912279844284058,0.00024168903473764658,0.007519797421991825,0.001010456238873303
3083,2,2,0.0029571906197816133,1.3392632354225498e-06,0.9970297813415527,1.1592385817493778e-05
3084,2,2,0.0010436847805976868,3.124745035165688e-06,0.9972962737083435,0.001656845910474658
3085,0,0,0.9872358441352844,1.2419264976415434e-06,0.012175223790109158,0.0005876275827176869
3086,2,2,2.8912707421113737e-05,2.4818429665174335e-05,0.9980066418647766,0.0019396927673369646
3087,3,3,1.5768399634907837e-06,8.55149835388147e-07,0.013113018125295639,0.986884593963623
3088,1,0,0.5544676184654236,0.3877398371696472,0.04460331052541733,0.01318918727338314
3089,3,3,2.519550616852939e-05,1.6369730815313233e-07,0.03750116378068924,0.9624735116958618
3090,3,2,0.00016209969180636108,3.3955100953164674e-09,0.9210101366043091,0.07882779836654663
3091,3,1,0.010552824474871159,0.9873075485229492,0.0006202780059538782,0.0015193806029856205
3092,1,1,8.416678610956296e-05,0.9999144077301025,3.4102889401310676e-08,1.3709673112316523e-06
3093,0,0,0.9785923361778259,0.001491108676418662,0.01870156265795231,0.0012150303227826953
3094,1,1,6.695025831504609e-07,0.9999992847442627,2.7747869973948625e-11,4.376103035497181e-09
3095,1,1,0.00048127202899195254,0.9995025396347046,2.857591653082636e-06,1.3366347047849558e-05
3096,2,2,4.610356427292572e-06,1.2470709798151347e-08,0.9999191761016846,7.616783113917336e-05
3097,3,3,0.00018090794037561864,8.831168088363484e-06,0.010810953564941883,0.9889993071556091
3098,2,2,7.804360939189792e-05,1.0316941256860446e-07,0.9992007613182068,0.0007211131742224097
3099,3,3,0.0019396310672163963,6.152200171527511e-07,0.0015328687150031328,0.9965268969535828
3100,3,3,9.367955726702348e-07,2.2073477623507642e-07,1.6457817764603533e-05,0.9999823570251465
3101,2,2,2.9661030112038134e-06,5.689334003911029e-10,0.9999736547470093,2.3370559574686922e-05
3102,0,0,0.9971861243247986,9.735471394378692e-06,0.0026780031621456146,0.00012618409527931362
3103,3,0,0.8959027528762817,0.008785467594861984,0.04273318126797676,0.05257853865623474
3104,2,2,4.065176108269952e-05,3.5856442259785126e-09,0.9999537467956543,5.6126905292330775e-06
3105,2,2,0.00020301229960750788,4.603057845997682e-08,0.9997664093971252,3.060176459257491e-05
3106,0,0,0.9999977350234985,2.022751459662686e-06,7.194325490900155e-08,1.2157464368556248e-07
3107,3,3,0.003860876429826021,4.88554583455425e-08,0.01999278925359249,0.9761462807655334
3108,0,0,0.9987780451774597,4.996969096282555e-07,0.00013523494999390095,0.0010862454073503613
3109,3,3,0.03140351548790932,0.0002297442260896787,0.004411890637129545,0.9639548659324646
3110,3,3,5.113055976835312e-06,4.479615636765466e-11,0.3126737177371979,0.6873211860656738
3111,0,0,0.9995111227035522,5.174834768695291e-06,6.331913755275309e-05,0.00042038143146783113
3112,2,2,5.297313805385784e-07,5.448317907941203e-10,0.9999957084655762,3.818498953478411e-06
3113,0,0,0.9062926173210144,1.0631671102601103e-05,0.09367654472589493,2.022493390541058e-05
3114,3,3,0.00022617385548073798,4.081000426481296e-09,0.004354794975370169,0.9954190254211426
3115,2,3,0.00010665802983567119,0.00010868556273635477,0.028061076998710632,0.9717236161231995
3116,3,2,0.010572489351034164,7.626684237038717e-05,0.9486350417137146,0.04071614891290665
3117,1,1,0.1055418998003006,0.8821194767951965,0.010149986483156681,0.0021886699832975864
3118,0,0,0.9998432397842407,2.275761268322185e-08,0.00013201014371588826,2.4626251615700312e-05
3119,2,2,0.0011008966248482466,7.703151641180739e-05,0.9842734336853027,0.014548622071743011
3120,3,3,0.012365870177745819,0.0005340996431186795,0.004691221285611391,0.9824088215827942
3121,2,2,0.0019501179922372103,1.5390244243462803e-06,0.9957749247550964,0.002273496240377426
3122,0,0,0.9999957084655762,8.709011289909085e-10,2.809666170833225e-07,4.024520876555471e-06
3123,0,0,0.999692440032959,7.882806629666561e-10,2.0221223167027347e-06,0.0003055612032767385
3124,0,0,0.9986785054206848,9.433138714598499e-09,0.0008815029868856072,0.00044006475945934653
3125,3,2,0.06161165237426758,0.05753425508737564,0.6705615520477295,0.21029254794120789
3126,1,1,3.309405656182207e-05,0.9999127388000488,1.4480186109722126e-05,3.97112344217021e-05
3127,3,3,1.0674583791114856e-05,1.1611668959687904e-08,0.009828182868659496,0.9901611804962158
3128,2,2,0.0007689370540902019,3.052361080335686e-06,0.9328194856643677,0.06640852242708206
3129,3,3,0.000629457354079932,9.54419192567002e-07,0.018401142209768295,0.9809685349464417
3130,2,2,0.0006081566098146141,0.12487844377756119,0.8224103450775146,0.052103012800216675
3131,1,1,0.0013738604029640555,0.9981197714805603,6.921326712472364e-05,0.0004371068498585373
3132,0,0,0.9999958276748657,3.0849640619834418e-09,1.3024211398260377e-07,3.991674930148292e-06
3133,0,0,0.7050110101699829,7.407277280435665e-06,0.19083766639232635,0.10414392501115799
3134,2,2,0.0026968219317495823,3.2642203677824e-06,0.953982412815094,0.043317511677742004
3135,2,2,0.01023605465888977,2.2352640371536836e-05,0.989166796207428,0.0005747902323491871
3136,3,3,1.3202376976551022e-05,1.0816650330980337e-07,2.6313891794416122e-05,0.9999604225158691
3137,3,3,0.042870353907346725,6.354517972795293e-05,0.023508358746767044,0.9335577487945557
3138,0,0,0.9999910593032837,6.540540198329836e-08,9.89146769825311e-07,7.870272384025156e-06
3139,3,3,0.0015342592960223556,1.8686049543248373e-06,0.036337848752737045,0.9621260762214661
3140,3,3,1.0177470812777756e-06,8.686295132065425e-07,0.0003460452426224947,0.9996521472930908
3141,3,2,0.07755471020936966,0.001334445201791823,0.6992869973182678,0.2218238115310669
3142,1,1,2.3575357772642747e-05,0.9999514818191528,2.1753463443019427e-05,3.2442792416986777e-06
3143,0,0,0.9999842643737793,1.2808243354811566e-09,2.833259941326105e-06,1.2844661796407308e-05
3144,2,2,0.18079239130020142,0.0013240984408184886,0.8071221113204956,0.010761416517198086
3145,3,2,0.001065123942680657,0.00027598615270107985,0.7873395085334778,0.21131937205791473
3146,3,3,0.007196215447038412,3.4666416404149913e-09,0.19520263373851776,0.7976012229919434
3147,0,0,0.9709540605545044,1.2176683128473087e-07,0.002086324617266655,0.026959488168358803
3148,1,1,5.171669727133121e-06,0.9999700784683228,1.5667818615838769e-06,2.3085205612005666e-05
3149,1,1,0.00023632394731976092,0.9997535347938538,4.4327117620923673e-07,9.63951060839463e-06
3150,1,1,4.6734337956877425e-05,0.999298095703125,7.431383892253507e-06,0.0006477118004113436
3151,0,0,0.9999998807907104,1.4354474053845934e-08,3.9125328754607835e-08,7.132352664029895e-08
3152,0,0,0.9732578992843628,0.0023791687563061714,0.0010346615454182029,0.023328302428126335
3153,0,0,0.9939956068992615,2.9860486847610446e-06,0.0022286621388047934,0.0037728603929281235
3154,1,1,2.1304696929291822e-05,0.999703586101532,7.566725253127515e-05,0.0001993321202462539
3155,3,2,0.003877832554280758,2.0132305508013815e-05,0.9900211691856384,0.006080903112888336
3156,2,3,0.0009378879913128912,7.674920198041946e-06,0.03985447809100151,0.9592000246047974
3157,0,3,0.14409220218658447,9.219729690812528e-06,9.877229604171589e-05,0.8557997941970825
3158,2,2,4.0923478081822395e-05,1.1697599802573677e-05,0.9987408518791199,0.001206467510201037
3159,3,3,0.0009991585975512862,0.00016795596457086504,0.09065631777048111,0.9081766605377197
3160,1,1,0.00020672513346653432,0.9997509121894836,3.6204779462423176e-05,6.1480973272409756e-06
3161,0,0,0.9990620017051697,1.7726313672028482e-05,0.0005016883951611817,0.0004186298174317926
3162,3,3,0.003312127199023962,7.274688584857358e-08,8.70550429681316e-05,0.9966006875038147
3163,0,0,0.5231266021728516,1.5692523447796702e-05,0.4721890687942505,0.004668612033128738
3164,0,0,0.9994202852249146,4.904031243313511e-07,0.00016462306666653603,0.00041464201058261096
3165,1,1,4.317031354617029e-08,0.9999998807907104,5.448741546842939e-08,4.4651006447793407e-08
3166,1,1,6.570894584001508e-06,0.9999922513961792,1.0506435046409024e-06,1.765747441595522e-07
3167,0,0,0.9999997615814209,7.803682700036063e-11,2.3535540094599128e-07,2.0035891168390663e-08
3168,3,3,0.002166441408917308,0.00012300911475904286,0.0009250837028957903,0.9967855215072632
3169,0,0,0.9968470931053162,3.5087527066934854e-05,0.002996473340317607,0.00012123893975513056
3170,2,2,0.013319361954927444,2.2390822778106667e-06,0.5339627265930176,0.452715665102005
3171,2,2,0.0009086115169338882,1.5213541360026284e-07,0.9987066984176636,0.00038454486639238894
3172,0,0,0.9319878220558167,0.0005485811270773411,0.0635916069149971,0.0038719947915524244
3173,1,1,0.00020085835421923548,0.9996799230575562,2.1561445464612916e-05,9.772749763214961e-05
3174,0,0,0.9985342025756836,8.679448001203127e-06,0.00020284333731979132,0.0012542377226054668
3175,3,3,0.00015898517449386418,0.0004445278027560562,0.0008577437838539481,0.9985388517379761
3176,0,0,0.9969401359558105,0.00017178790585603565,0.0010851719416677952,0.0018029497005045414
3177,2,2,0.010382740758359432,0.0157148577272892,0.741188645362854,0.23271366953849792
3178,2,2,0.01434122771024704,0.0003061783208977431,0.9772908091545105,0.008061826229095459
3179,1,1,0.00017139418923761696,0.9987825751304626,0.0010402774205431342,5.659367616317468e-06
3180,3,0,0.9552847146987915,5.404197622738138e-07,0.002102592494338751,0.04261225461959839
3181,0,0,0.9999895095825195,4.525048098003026e-06,4.0580102904641535e-06,1.8803717694027e-06
3182,2,2,0.000399712473154068,7.59324393584393e-06,0.9868202805519104,0.012772388756275177
3183,2,3,1.2578212590597104e-05,0.009299291297793388,0.09531724452972412,0.8953709006309509
3184,2,2,0.00034459857852198184,4.48427206478641e-09,0.9986913800239563,0.0009641216020099819
3185,3,3,0.015714794397354126,5.7938996178563684e-05,0.0015544965863227844,0.9826726913452148
3186,0,1,0.0009091694373637438,0.9989702701568604,5.690372745448258e-06,0.00011493449710542336
3187,0,0,0.9995809197425842,5.86737087360234e-06,0.000349239184288308,6.390809721779078e-05
3188,2,2,0.003026004647836089,1.1275353273276778e-07,0.7283316254615784,0.26864227652549744
3189,2,2,0.014325653202831745,1.5311715060306597e-06,0.9854595065116882,0.0002133624511770904
3190,2,2,0.0047117178328335285,2.4022688194236252e-06,0.9797678589820862,0.01551801897585392
3191,0,0,0.9998437166213989,2.660370955709368e-05,2.1640009435941465e-05,0.00010794104309752584
3192,2,2,3.6754412576556206e-05,3.8665451285169183e-08,0.9999446868896484,1.8563190678833053e-05
3193,2,2,0.00016144069377332926,4.898084171145456e-06,0.9907099008560181,0.0091237872838974
3194,0,0,0.9529029726982117,0.005081172566860914,0.0350848063826561,0.006931015755981207
3195,0,0,0.9624224901199341,6.867539923405275e-06,0.016332635655999184,0.021237999200820923
3196,0,0,0.9996838569641113,2.1157520677661523e-05,3.6808691220358014e-05,0.0002581592707429081
3197,3,3,1.0987221685354598e-05,8.191124861722798e-11,0.15985949337482452,0.8401294946670532
3198,3,3,1.2394333452903084e-06,4.61343807600656e-09,0.00027761977980844676,0.999721109867096
3199,3,3,1.2947854202138842e-06,9.715661608566961e-10,0.003819837933406234,0.9961788654327393
3200,1,1,0.05486636981368065,0.9112935066223145,0.019702592864632607,0.01413752045482397
3201,2,2,3.644500566224451e-06,1.7770666882466202e-10,0.9999951124191284,1.137482286139857e-06
3202,2,2,0.004289588425308466,0.00012039492867188528,0.9934548735618591,0.002135107759386301
3203,2,2,0.04257496818900108,0.0080156484618783,0.9298803806304932,0.019529001787304878
3204,3,3,1.5265941328834742e-05,2.5134031602647156e-06,0.0019320958526805043,0.9980500936508179
3205,0,0,0.9992974996566772,2.0789886434613436e-07,0.00041556701762601733,0.0002867687144316733
3206,0,0,0.9960909485816956,0.001873871311545372,0.00042389286682009697,0.001611254527233541
3207,2,2,0.0012690027942880988,9.477560524828732e-05,0.9968715310096741,0.0017646325286477804
3208,1,1,5.605676051345654e-06,0.9999943971633911,1.8547217095488122e-08,2.8220350500873792e-08
3209,2,2,6.343914833450981e-07,5.168593020243861e-08,0.9999749660491943,2.4330043743248098e-05
3210,0,0,0.9999998807907104,1.622276646351395e-09,2.9138860213606677e-09,5.974828098942453e-08
3211,0,0,0.999243974685669,0.000282394903479144,0.0002698527241591364,0.00020383465744089335
3212,2,2,0.004072846844792366,0.00022672048362437636,0.9955615997314453,0.00013877780293114483
3213,2,2,0.0009344825521111488,2.145116866358876e-07,0.9988987445831299,0.00016649429744575173
3214,2,2,0.000932392431423068,0.0002085806627292186,0.9915791749954224,0.007279851008206606
3215,2,2,0.0013930173590779305,2.494023192411987e-06,0.97492516040802,0.02367929182946682
3216,1,1,2.3404740545629465e-07,0.9999980926513672,7.628607932019804e-07,9.527698239253368e-07
3217,3,2,0.00036980651202611625,0.00013967955601401627,0.9813768267631531,0.018113628029823303
3218,2,2,0.0003623570373747498,2.0719382973766187e-06,0.9993256330490112,0.0003099235473200679
3219,0,0,0.999748170375824,2.2470874228019966e-06,0.00022335461108013988,2.6217840058961883e-05
3220,2,2,0.019157957285642624,2.0846213999448082e-07,0.7396767139434814,0.24116505682468414
3221,3,3,0.0024166388902813196,0.0007853864226490259,0.026441730558872223,0.9703561663627625
3222,3,3,1.4477581089522573e-06,6.466918667236143e-11,0.0010695230448618531,0.998928964138031
3223,3,3,0.0004763275501318276,4.637037420707202e-07,0.00014793277659919113,0.9993752837181091
3224,0,0,0.9994539618492126,9.00601935427403e-06,0.00040519595495425165,0.0001317900896538049
3225,3,2,5.000968940294115e-06,5.2789355109439384e-09,0.7941266894340515,0.20586827397346497
3226,0,0,0.9999555349349976,1.7440097508369945e-06,4.15557406086009e-05,1.1505981092341244e-06
3227,3,3,1.8769727830658667e-05,1.3218998340391863e-08,0.0029158825054764748,0.9970653653144836
3228,0,0,0.9999899864196777,6.363575888457262e-09,3.0660241918667452e-06,6.863021553726867e-06
3229,3,3,1.2959579180460423e-05,3.718027301147231e-06,0.0016545847756788135,0.9983287453651428
3230,1,1,1.2460634479793953e-07,0.9999992847442627,4.687773014211416e-07,6.430968113591007e-08
3231,1,1,3.079996531596407e-05,0.9998680353164673,8.848620200296864e-05,1.2615496416401584e-05
3232,1,1,0.004040443804115057,0.9952652454376221,0.0005411995807662606,0.00015322511899285018
3233,0,0,0.9999794960021973,2.1632039215457866e-10,4.681611244450323e-06,1.5908259229036048e-05
3234,1,1,1.2198334564672564e-09,0.9999998807907104,2.8155827891396257e-08,7.597710549589465e-08
3235,1,1,3.1865545224718517e-07,0.9999996423721313,1.076267075461601e-09,2.6463090052608607e-10
3236,1,0,0.8628818988800049,0.023991456255316734,0.10652893036603928,0.006597672123461962
3237,1,1,6.68891925670323e-06,0.9999922513961792,8.867172596183082e-07,8.951880658969458e-08
3238,1,1,6.161689270811621e-06,0.999991774559021,8.159730668921839e-09,1.9974509086750913e-06
3239,0,0,0.9949741363525391,0.0049009378999471664,7.361400639638305e-05,5.123382652527653e-05
3240,2,2,2.2889787942403927e-05,2.336494617338758e-05,0.9980720281600952,0.0018817730015143752
3241,3,3,0.002839955734089017,5.8962144976248965e-05,0.009092412889003754,0.9880086183547974
3242,2,2,0.00012875345419161022,7.19125964678824e-05,0.9986323714256287,0.0011668265797197819
3243,2,2,0.03372491896152496,9.638411029300187e-06,0.9662603139877319,5.116539341543103e-06
3244,1,1,7.749815267743543e-06,0.9997327923774719,0.00023783365031704307,2.1594030840788037e-05
3245,0,0,0.9998873472213745,1.8668133705546097e-08,7.147752330638468e-05,4.1118968511000276e-05
3246,2,2,9.138429390986857e-07,7.762828602153604e-08,0.9999352693557739,6.365183071466163e-05
3247,0,0,0.9997854828834534,0.00020630074141081423,7.68724930821918e-06,6.138276376077556e-07
3248,0,0,0.9994280934333801,1.889243685582187e-05,0.0004286800685804337,0.00012435733515303582
3249,0,0,0.9979100823402405,0.0004796202701982111,0.0011801517102867365,0.0004300428263377398
3250,0,0,0.9982561469078064,2.56377834517707e-08,2.2522783183376305e-05,0.0017213497776538134
3251,3,3,3.0033688744879328e-05,1.436449803549067e-08,0.00847094226628542,0.9914990067481995
3252,2,2,0.010575022548437119,8.888106094673276e-05,0.9892674088478088,6.865523755550385e-05
3253,0,0,0.9999475479125977,7.508339727735347e-09,5.009896631236188e-05,2.384064146099263e-06
3254,0,0,0.9994950294494629,9.15315467864275e-05,0.0003607608377933502,5.264045830699615e-05
3255,0,0,0.9999854564666748,4.058918875671225e-06,9.389616934640799e-06,1.057662530001835e-06
3256,3,3,0.005056821275502443,2.13022244288652e-09,0.006116755772382021,0.9888263940811157
3257,3,3,1.7022657061716018e-07,5.558621340995273e-10,0.0004266057221684605,0.9995731711387634
3258,2,2,3.0190919915185077e-06,3.1389237847179174e-05,0.6330540776252747,0.36691150069236755
3259,1,1,6.170519191073254e-05,0.9999192953109741,1.5586017980240285e-05,3.4840513762901537e-06
3260,2,2,0.0069831968285143375,0.00021462509175762534,0.9609729647636414,0.03182926028966904
3261,1,1,1.7654270777711645e-05,0.9999823570251465,8.939378681738219e-10,3.7152069864987425e-08
3262,3,3,0.0005357205518521369,4.7327625907200854e-06,0.01048568356782198,0.98897385597229
3263,3,3,1.158796521849581e-06,1.997193749048165e-06,0.0002653771953191608,0.9997314810752869
3264,2,3,2.055527875199914e-05,5.7583582346865114e-09,0.47070828080177307,0.529271125793457
3265,3,1,0.12960124015808105,0.7586911916732788,0.0036093166563659906,0.10809827595949173
3266,2,2,2.1751398890046403e-05,1.1643516151238487e-09,0.9980779886245728,0.0019002772169187665
3267,2,2,0.0012839401606470346,8.469387324794297e-08,0.9973512887954712,0.0013647315790876746
3268,0,0,0.9624990820884705,0.02289143204689026,0.003913620486855507,0.010695846751332283
3269,2,2,0.04041792079806328,0.0014137080870568752,0.9555776119232178,0.0025907442905008793
3270,2,2,0.0038347577210515738,0.0002064757572952658,0.6705000996589661,0.3254586458206177
3271,1,1,0.02696799486875534,0.9641348719596863,0.007656186353415251,0.0012409553164616227
3272,2,2,0.014158534817397594,0.0003597039612941444,0.9657694697380066,0.01971226930618286
3273,1,1,4.740271833725274e-06,0.9999909400939941,3.4834404232242377e-06,8.710212568985298e-07
3274,2,2,0.018368545919656754,1.0604091585264541e-05,0.981609582901001,1.1293617717456073e-05
3275,1,1,0.4748786985874176,0.5081515312194824,0.002687186934053898,0.014282554388046265
3276,2,2,0.000659861252643168,4.62012249045074e-05,0.9950850605964661,0.004208842292428017
3277,2,2,0.00012997393787372857,0.0008473927155137062,0.9974642992019653,0.00155829347204417
3278,3,3,0.00035255341208539903,4.454845839063637e-05,0.0002422710385872051,0.9993606209754944
3279,0,0,0.9999547004699707,1.094448691674188e-07,5.737364972446812e-06,3.949546589865349e-05
3280,3,3,0.001221030717715621,2.309038427483756e-05,0.0012916044797748327,0.9974642992019653
3281,3,3,0.00014996228856034577,4.375003118184395e-05,0.00018438728875480592,0.9996218681335449
3282,3,0,0.8218991160392761,0.0017679919255897403,0.07607889175415039,0.10025409609079361
3283,1,1,0.0013226752635091543,0.8380095362663269,0.004394231829792261,0.1562735140323639
3284,0,0,0.9999924898147583,2.407674948301519e-09,2.5230569917766843e-06,5.0303856369282585e-06
3285,3,3,9.81193920779333e-07,9.825375855143648e-07,0.0002624219050630927,0.9997356534004211
3286,0,0,0.8583118915557861,0.004395612515509129,0.11643599718809128,0.020856507122516632
3287,3,3,1.201107693304948e-07,9.31108575658035e-12,8.282077942567412e-06,0.9999916553497314
3288,2,2,0.00046613867743872106,5.700986093870597e-06,0.9989340901374817,0.0005940980627201498
3289,3,3,0.006487838923931122,0.006992644630372524,0.11063934117555618,0.8758801221847534
3290,3,3,4.69113842882507e-07,4.3359831281009065e-09,0.0022745586466044188,0.9977249503135681
3291,3,3,0.0005078953108750284,1.9378015281290573e-07,7.975184416864067e-05,0.9994121789932251
3292,3,3,0.0002147080667782575,3.119629354841891e-07,9.716518979985267e-05,0.9996877908706665
3293,3,3,8.322149938067014e-07,3.700059778566356e-07,0.0025998044293373823,0.9973989725112915
3294,2,2,0.0019939448684453964,6.835637759650126e-05,0.9882315993309021,0.009706019423902035
3295,0,0,0.9995772242546082,4.771228532263194e-07,0.000334517186274752,8.781084034126252e-05
3296,3,3,0.006673852913081646,2.3920256353449076e-06,0.001142915920354426,0.9921808242797852
3297,0,0,0.9972434043884277,7.010898116277531e-05,0.0002376923366682604,0.002448856830596924
3298,0,0,0.9999961853027344,1.3864013048703328e-08,1.4334045772557147e-07,3.6522110349324066e-06
3299,2,2,0.0007155201165005565,1.4267693586589303e-06,0.9963259100914001,0.0029571796767413616
3300,0,0,0.9999899864196777,3.111292130597576e-07,9.096847861655988e-06,6.486277470685309e-07
3301,0,0,0.9997863173484802,4.715614522865508e-06,0.0001946995034813881,1.4270468454924412e-05
3302,1,1,8.715483801324808e-08,0.9999994039535522,4.435155176452099e-07,1.438165924128043e-07
3303,0,0,0.9461342692375183,5.716594387195073e-06,0.049630507826805115,0.004229518119245768
3304,2,2,0.0006138624157756567,7.017830648692325e-05,0.9987322688102722,0.0005836644559167325
3305,3,3,0.0013812922406941652,0.0001364489580737427,0.042410995811223984,0.9560713171958923
3306,0,3,0.0006790998741053045,4.607536396861178e-08,0.00010179010860156268,0.9992190599441528
3307,2,2,1.2865076314483304e-05,0.00010611442849040031,0.9989656209945679,0.000915398879442364
3308,1,1,6.688070186555706e-08,0.9999998807907104,5.8107737288537464e-08,4.821242072239329e-09
3309,1,1,0.013536930084228516,0.9843424558639526,0.0020640266593545675,5.654592314385809e-05
3310,3,3,1.3678246432391461e-05,1.2612797945621423e-05,0.027116375043988228,0.9728572964668274
3311,0,0,0.9999810457229614,1.3850363984602154e-06,1.63345812325133e-05,1.2029456684103934e-06
3312,0,2,0.0564432255923748,0.3238188326358795,0.5432823300361633,0.07645561546087265
3313,3,3,5.864653758180793e-06,3.753215072066496e-09,0.0006834683590568602,0.9993106126785278
3314,0,0,0.7187114953994751,1.3866027757103438e-06,0.2511814534664154,0.030105650424957275
3315,0,0,0.5592126250267029,1.3739530913881026e-05,0.21806903183460236,0.22270460426807404
3316,0,0,0.9290215969085693,9.47096759773558e-06,0.06518079340457916,0.005788225680589676
3317,1,1,0.0021242990624159575,0.9978700876235962,3.4300981042179046e-06,2.120261115123867e-06
3318,1,1,0.0018226217944175005,0.9980669617652893,6.136714364401996e-05,4.8999743739841506e-05
3319,2,2,0.0006901634042151272,2.206387944170274e-05,0.9992033839225769,8.448347944067791e-05
3320,1,1,4.774818762598443e-07,0.9999994039535522,8.773375981263598e-08,9.224520702844075e-09
3321,2,2,1.998679908865597e-05,3.673935111692117e-08,0.9994125366210938,0.0005674257408827543
3322,1,1,4.798206646228209e-05,0.9996908903121948,0.0002605399349704385,5.6525419722675e-07
3323,2,2,0.00044206855818629265,5.24913548360928e-06,0.9992903470993042,0.000262249493971467
3324,2,2,0.0013464572839438915,0.00010976877820212394,0.9984007477760315,0.00014297118468675762
3325,2,2,1.079220268707104e-07,4.42959668944809e-10,0.9636827707290649,0.0363171361386776
3326,1,1,0.012007911689579487,0.9687860608100891,0.01847901940345764,0.0007269991328939795
3327,2,3,0.28081411123275757,0.0005144622991792858,0.23854781687259674,0.4801235795021057
3328,0,0,0.984369158744812,0.00024762380053289235,0.01474184263497591,0.0006413740338757634
3329,2,2,0.00046792346984148026,3.0350863653438864e-06,0.9965460896492004,0.0029829638078808784
3330,2,2,0.0002096858952427283,2.235734609712381e-05,0.9972802400588989,0.002487693913280964
3331,1,1,0.00040506687946617603,0.9971190690994263,0.0008535194210708141,0.001622410723939538
3332,2,2,0.015339719131588936,0.0004203098942525685,0.9584235548973083,0.025816451758146286
3333,0,0,0.9699099063873291,2.699594688237994e-06,0.004093016963452101,0.025994373485445976
3334,2,3,1.577544753672555e-05,1.0546700650593266e-06,0.0015862436266615987,0.9983969330787659
3335,2,2,3.680643567349762e-05,0.00029127998277544975,0.9973543882369995,0.002317474689334631
3336,1,1,2.6483181500225328e-05,0.9996032118797302,0.00011865294072777033,0.00025162106612697244
3337,1,1,0.05894746258854866,0.9333706498146057,0.0029987257439643145,0.004683203995227814
3338,1,1,0.0009442503796890378,0.9960863590240479,0.0025571011938154697,0.00041225916356779635
3339,2,2,0.000511248130351305,3.0809055715508293e-06,0.9979704022407532,0.001515312702395022
3340,1,1,0.10711072385311127,0.819265604019165,0.01057671569287777,0.06304696202278137
3341,2,2,0.00027874327497556806,3.912496140401345e-07,0.9996333122253418,8.751453424338251e-05
3342,3,3,0.00041319645242765546,9.231276635546237e-06,0.0024331058375537395,0.9971444010734558
3343,3,2,0.0020784290973097086,5.643525469167798e-07,0.8840247392654419,0.11389628797769547
3344,0,0,0.9999990463256836,4.880707820120733e-07,5.649460010914709e-09,4.101557067315298e-07
3345,0,0,0.9994823932647705,4.98414408411918e-07,4.4200992306286935e-06,0.0005126238684169948
3346,0,0,0.7380939722061157,0.0018979905871674418,0.15871989727020264,0.10128811001777649
3347,1,1,3.3678506952128373e-06,0.9999939203262329,1.8826947325578658e-06,8.838195526550408e-07
3348,1,1,0.0013649096945300698,0.9983922839164734,0.00023577341926284134,7.037698196654674e-06
3349,1,1,0.317293256521225,0.6824057698249817,0.0001363391347695142,0.0001646670134505257
3350,2,2,0.006469393149018288,0.00032407810795120895,0.9886841177940369,0.004522419534623623
3351,2,2,0.12180248647928238,0.0005083828000351787,0.8062070608139038,0.07148204743862152
3352,1,1,1.3670149201061577e-05,0.9997734427452087,0.00010762612510006875,0.00010522123920964077
3353,0,0,0.9984025359153748,2.1745306000298115e-08,8.709599933354184e-05,0.001510299858637154
3354,2,3,6.23879604972899e-05,2.760598860618302e-08,0.15961147844791412,0.840326189994812
3355,3,3,0.0033704042434692383,0.0008068233146332204,0.1155070811510086,0.8803157210350037
3356,3,3,7.522157829953358e-05,1.539956087981409e-06,0.1668076515197754,0.8331155776977539
3357,1,1,2.5078647922782693e-06,0.9999972581863403,2.86216362610503e-07,3.957992689151979e-08
3358,0,0,0.9989582300186157,7.701995059505862e-07,0.0007887009414844215,0.0002522361755836755
3359,1,1,0.007497461047023535,0.9409844279289246,0.006685451604425907,0.04483262076973915
3360,1,1,1.1517698794705211e-06,0.9999951124191284,1.3306811297297827e-06,2.336427542104502e-06
3361,1,1,9.890160072245635e-06,0.9999898672103882,1.0643621095596245e-07,1.2325040188443381e-07
3362,1,1,0.0016378965228796005,0.9983533620834351,3.579979193091276e-06,5.179494110052474e-06
3363,2,2,4.3886913772439584e-05,3.7290410546120256e-05,0.9971080422401428,0.0028108672704547644
3364,3,3,3.2497897336725146e-05,3.2289385671901982e-06,0.0018810180481523275,0.998083233833313
3365,1,1,0.004090862348675728,0.9954219460487366,0.0002981034340336919,0.00018908640777226537
3366,1,1,0.061254724860191345,0.9382554292678833,0.0003125895746052265,0.00017732955166138709
3367,0,0,0.9974508881568909,0.000252191792242229,2.9209681997599546e-06,0.0022939431946724653
3368,3,3,0.0001610283798072487,5.7711888601374994e-09,0.0026610346976667643,0.9971779584884644
3369,1,1,1.9773269741563126e-06,0.9999977350234985,1.747123667961148e-09,1.866503964720323e-07
3370,3,3,7.628752791788429e-05,2.2455329599324614e-05,0.005380559246987104,0.9945206642150879
3371,3,3,0.00041304915794171393,7.952053948656612e-08,0.0026325390208512545,0.9969543218612671
3372,1,1,4.717673618870322e-06,0.9999892711639404,5.587771738646552e-06,4.1800836925176554e-07
3373,1,1,4.724454640836484e-07,0.9999974966049194,2.0226430024194997e-06,2.0600490202582478e-08
3374,3,3,0.003254556329920888,6.093176807553391e-08,0.00292796827852726,0.9938173890113831
3375,3,3,0.0004152137553319335,1.6935211988311494e-07,0.0002664019993972033,0.9993182420730591
3376,1,1,0.0001014229710563086,0.9998959302902222,2.3018907313598902e-07,2.380991872996674e-06
3377,0,0,0.9999104738235474,2.684928404050879e-07,8.527780300937593e-05,4.00256431021262e-06
3378,0,0,0.9993322491645813,7.547125278506428e-05,0.00037008649087511003,0.00022210324823390692
3379,2,2,0.0007794964476488531,2.2528749923367286e-06,0.9991822838783264,3.592410575947724e-05
3380,2,2,0.0008826611447148025,0.0002817565109580755,0.9895716905593872,0.009264003485441208
3381,2,2,0.00028622205718420446,2.751616557361558e-05,0.8073657751083374,0.19232046604156494
3382,3,3,0.0024487567134201527,1.7442140176626708e-07,4.586106661008671e-05,0.997505247592926
3383,3,3,0.0002341160288779065,5.665362095896853e-06,4.165201244177297e-05,0.9997184872627258
3384,0,0,0.7106203436851501,7.25040763427387e-06,0.26379337906837463,0.025579098612070084
3385,1,1,2.2253339921007864e-05,0.9999254941940308,2.3902619432192296e-05,2.8336755349300802e-05
3386,2,2,0.0016897356836125255,5.3455802117241547e-05,0.9982365369796753,2.0165536625427194e-05
3387,1,1,1.4952237279430847e-06,0.9999980926513672,7.661519418888929e-09,3.4448308383616677e-07
3388,0,0,0.9877080917358398,0.0026132825296372175,0.0032689967192709446,0.006409534718841314
3389,0,0,0.9947512745857239,0.0002927541790995747,0.0034854374825954437,0.0014705478679388762
3390,2,2,0.00033932377118617296,4.409774646774167e-06,0.9866385459899902,0.013017748482525349
3391,1,1,8.582261943956837e-05,0.9928880333900452,0.0010131344897672534,0.006013045087456703
3392,3,3,0.011464768089354038,0.0011016104836016893,0.10494246333837509,0.8824911713600159
3393,0,0,0.9811460971832275,9.921828677761368e-06,0.004393372684717178,0.014450625516474247
3394,3,3,0.003402945352718234,0.022273441776633263,0.2613964378833771,0.7129272222518921
3395,3,3,0.0023584000300616026,3.110995749011636e-05,0.0010279743000864983,0.996582567691803
3396,2,2,0.00012267190322745591,2.0373852294142125e-06,0.9997343420982361,0.00014093458594288677
3397,3,3,0.0004535986518021673,7.5388602454040665e-06,0.00015744203119538724,0.999381422996521
3398,0,0,0.9985170960426331,3.131581749471479e-08,3.3967193303396925e-05,0.0014490063767880201
3399,0,0,0.9859569072723389,3.4048400721076177e-06,0.0013579020742326975,0.012681820429861546
3400,0,0,0.9995397329330444,1.2526659709521937e-08,8.48008130560629e-06,0.00045187401701696217
3401,3,3,7.329078925977228e-07,8.696252606910093e-09,0.10486109554767609,0.895138144493103
3402,3,3,0.007528675254434347,3.7920817703707144e-05,2.8434229534468614e-05,0.9924048781394958
3403,2,2,2.966636384371668e-05,7.859964171075262e-06,0.9999412298202515,2.127623520209454e-05
3404,3,3,3.179406121489592e-05,1.8414627334095712e-07,0.0015739620430395007,0.9983939528465271
3405,3,3,0.0002687021915335208,2.0548414170207252e-07,0.0018708717543631792,0.9978601336479187
3406,2,2,0.0006820398266427219,0.00012973234697710723,0.7501119375228882,0.24907630681991577
3407,0,0,0.9999997615814209,1.6907861777326616e-08,1.0959304574953421e-08,2.0535759404083365e-07
3408,0,0,0.9416510462760925,0.0003072462568525225,0.00018109955999534577,0.057860687375068665
3409,2,1,6.0060261603211984e-05,0.99861741065979,0.0012554271379485726,6.711961032124236e-05
3410,2,2,0.0005348824779503047,3.330169136006589e-07,0.9994402527809143,2.458709423081018e-05
3411,2,2,3.0585244530811906e-05,9.320701543913401e-09,0.9999197721481323,4.955468830303289e-05
3412,3,3,1.7602920706849545e-05,9.750848221301567e-06,0.02936197631061077,0.9706107378005981
3413,1,2,0.0781559869647026,0.12379544228315353,0.7176234722137451,0.08042506128549576
3414,3,0,0.5794509053230286,0.001052694395184517,0.10937988758087158,0.3101164698600769
3415,2,2,0.0021022027358412743,1.511291571887341e-07,0.9969610571861267,0.0009366176091134548
3416,1,1,1.1392066880944185e-05,0.9999884366989136,8.555180563973863e-09,1.5444659595686971e-07
3417,3,3,1.7334898529952625e-06,3.0286155805470116e-08,0.2585933804512024,0.7414048910140991
3418,2,2,0.001758752390742302,0.012646513991057873,0.9116742014884949,0.07392045855522156
3419,2,2,0.0060729216784238815,0.00742065766826272,0.9590352177619934,0.027471277862787247
3420,3,3,3.181592182954773e-05,0.0001133961632149294,0.0022263952996581793,0.9976285099983215
3421,3,3,1.188842361443676e-06,6.800924978733747e-08,0.00015318795340135694,0.9998455047607422
3422,2,0,0.9230371713638306,5.937054811511189e-05,0.015155985951423645,0.06174754351377487
3423,2,2,0.003273936454206705,5.080036135041155e-05,0.9756456613540649,0.02102968655526638
3424,1,1,0.08124129474163055,0.8780859708786011,0.03340841457247734,0.007264351937919855
3425,1,1,2.5929264666046947e-05,0.9999736547470093,7.818523783953424e-08,3.0866735301060544e-07
3426,3,3,0.00017149443738162518,4.04012062062975e-05,0.005437129642814398,0.9943509101867676
3427,2,2,0.002660631202161312,2.6278588848072104e-05,0.9955065250396729,0.0018064765026792884
3428,0,0,0.8765802383422852,1.0027340522356099e-06,0.11713895946741104,0.006279876921325922
3429,3,3,7.648863174836151e-06,5.614193554492886e-09,0.002783754840493202,0.9972085356712341
3430,2,2,0.0005888116429559886,1.9977130705228774e-06,0.9989134073257446,0.0004958035424351692
3431,0,0,0.9974159002304077,5.871971211490745e-07,0.00035326421493664384,0.002230272628366947
3432,2,2,0.015076900832355022,0.0009486129274591804,0.9820696115493774,0.001904871198348701
3433,3,3,0.021107548847794533,6.273864710237831e-05,0.02501271665096283,0.9538170099258423
3434,0,0,0.8992536664009094,4.846050433116034e-05,0.019554613158106804,0.08114327490329742
3435,3,3,2.808890720018553e-08,6.402840757591122e-11,1.4493424714601133e-05,0.9999854564666748
3436,0,0,0.9962145686149597,1.7889091168399318e-06,0.002197712194174528,0.0015859241830185056
3437,2,2,0.00010977259807987139,1.6369543232030992e-07,0.9996845722198486,0.0002054884535027668
3438,3,3,0.002667427295818925,2.6955854082189035e-07,0.008646348491311073,0.9886859655380249
3439,0,0,0.9973123073577881,3.903831924390033e-09,0.00046205800026655197,0.0022257426753640175
3440,2,2,0.004919539671391249,2.7815851844081863e-09,0.995079755783081,7.501568575207784e-07
3441,3,3,0.0001718176354188472,2.7028581826016307e-05,0.000859163876157254,0.998941957950592
3442,1,1,0.0002449933672323823,0.999380350112915,0.00031469264649786055,5.997468178975396e-05
3443,3,3,0.0002816503110807389,4.190989784547128e-06,0.015087665058672428,0.9846264719963074
3444,0,0,0.9997194409370422,7.2585670807256975e-09,7.1236650001083035e-06,0.0002734273439273238
3445,2,2,0.00394212594255805,8.533004802302457e-06,0.9893180727958679,0.006731283385306597
3446,0,0,0.9996459484100342,6.83616826790967e-06,0.0003074020496569574,3.9732232835376635e-05
3447,2,2,0.003626443212851882,6.46930757852715e-08,0.9962040781974792,0.00016939213674049824
3448,2,2,0.00037372682709246874,1.7229197624146764e-07,0.9684944748878479,0.031131668016314507
3449,3,3,0.00108858582098037,1.9849020205242596e-08,0.01956149749457836,0.9793499112129211
3450,0,0,0.9998557567596436,2.7997205052088248e-06,0.00010436022421345115,3.7035752029623836e-05
3451,0,0,0.9999878406524658,1.4752848942478636e-10,3.0679948395118117e-06,9.112543921219185e-06
3452,0,0,0.9634042978286743,4.801360410056077e-05,0.03593149781227112,0.0006161913042888045
3453,0,0,0.9995871186256409,1.6637353994486404e-10,0.0004113510949537158,1.518948124612507e-06
3454,0,0,0.9775394201278687,0.00032211720827035606,0.0013365730410441756,0.020801784470677376
3455,2,3,1.9624733340606326e-06,2.25932822672803e-07,0.030890274792909622,0.9691075086593628
3456,3,3,3.9185502828331664e-05,3.6367396205605473e-06,0.00615042494609952,0.9938067197799683
3457,1,1,0.013209616765379906,0.9849770069122314,0.0010564069962128997,0.0007570118177682161
3458,2,2,0.00022705509036313742,4.474918569030706e-06,0.999517560005188,0.0002509127662051469
3459,3,3,0.00021687110711354762,2.4992543590229843e-09,7.754847501928452e-06,0.9997753500938416
3460,3,3,7.565898704342544e-05,1.772173163772095e-05,0.012321392074227333,0.987585186958313
3461,0,0,0.9991170763969421,3.237959944613067e-08,0.0008741013589315116,8.763629011809826e-06
3462,1,1,3.1764054142513487e-07,0.9999996423721313,8.62611386764911e-08,4.3096015645005536e-08
3463,1,1,0.0009076860151253641,0.998906135559082,0.00013425081851892173,5.1861519750673324e-05
3464,1,1,3.29552040057024e-06,0.9999887943267822,5.836969194206176e-06,2.0110271634621313e-06
3465,2,2,0.1727418303489685,0.0008248722297139466,0.5034645199775696,0.3229687809944153
3466,2,2,0.0259859561920166,2.042691812675912e-05,0.8240783214569092,0.14991530776023865
3467,3,3,0.002253703773021698,1.8131515844288515e-06,0.030176669359207153,0.9675678610801697
3468,1,1,7.372082677647995e-07,0.9999992847442627,8.36945179827353e-09,2.0699455482997564e-09
3469,2,2,0.004674156662076712,1.105737169382337e-06,0.9933578372001648,0.001966901822015643
3470,3,3,0.0001033618682413362,6.207481419551186e-06,0.015040614642202854,0.9848498106002808
3471,2,2,7.251305942190811e-05,3.593393387291144e-07,0.9979346990585327,0.0019924307707697153
3472,3,3,0.0032606259919703007,3.503865002585371e-07,2.925560147559736e-05,0.9967097043991089
3473,0,0,0.9999966621398926,7.919050659666027e-08,5.115296062285779e-07,2.8184886105009355e-06
3474,0,0,0.9680031538009644,0.00010518853378016502,0.000986907514743507,0.030904734507203102
3475,3,3,0.000701269309502095,5.511134872904222e-07,0.00014049401215743273,0.9991576671600342
3476,3,3,1.0003912393585779e-05,4.882140274276026e-07,0.017313968390226364,0.9826755523681641
3477,0,0,0.9870474338531494,0.001999511616304517,7.797032594680786e-05,0.010875096544623375
3478,3,3,0.00035431308788247406,5.167877930034592e-07,0.0005964210140518844,0.9990487694740295
3479,0,0,0.9773741960525513,0.0007860985933803022,0.010928058065474033,0.010911691933870316
3480,0,0,0.9999251365661621,1.1533931001395104e-06,1.4538578398060054e-05,5.9161164244869724e-05
3481,0,0,0.9969205856323242,0.0001578920055180788,0.002547028474509716,0.00037454586708918214
3482,2,2,0.0007059455383569002,3.998542069894029e-06,0.9992411136627197,4.900786734651774e-05
3483,0,0,0.9992973804473877,1.9319668354000896e-06,7.185933645814657e-05,0.0006288362201303244
3484,0,0,0.9717063903808594,0.00040363273001275957,0.004513853695243597,0.0233762226998806
3485,0,0,0.9999997615814209,1.4471947906713467e-07,5.451495610486745e-08,6.37968327055205e-08
3486,3,3,1.5145218412726535e-06,7.886953312663536e-08,4.174858986516483e-06,0.999994158744812
3487,3,3,4.862010428041685e-06,3.560334960184264e-07,0.009381495416164398,0.9906132221221924
3488,2,2,0.0003576482704374939,1.530135159555357e-05,0.9994334578514099,0.00019351918308530003
3489,1,1,0.005429447628557682,0.9942124485969543,0.000284983980236575,7.308300700969994e-05
3490,1,1,0.00023699854500591755,0.9979435801506042,0.0006451991503126919,0.0011741806520149112
3491,0,0,0.999264657497406,1.4704789919051109e-06,0.0005835263291373849,0.0001502503437222913
3492,2,2,0.03937244415283203,0.12212658673524857,0.8145219683647156,0.023979056626558304
3493,0,0,0.9971550703048706,1.946547172337887e-06,0.0021789558231830597,0.0006639805505983531
3494,0,0,0.9994572997093201,1.8121310858987272e-05,0.0003449355426710099,0.00017969465989153832
3495,2,2,0.024716844782233238,0.0002767468395177275,0.9524439573287964,0.02256246656179428
3496,3,3,3.207838062735391e-06,2.6187393586951657e-07,0.08286601305007935,0.9171305298805237
3497,3,3,0.09510573744773865,0.0013913882430642843,0.005095020402222872,0.8984078168869019
3498,1,1,1.256429823115468e-05,0.9999861717224121,5.94774462570058e-07,7.714303933425981e-07
3499,1,1,2.619874067022465e-06,0.9999973773956299,6.093516446981084e-08,1.4507217649395443e-09
3500,0,0,0.999160885810852,2.1439379906951217e-06,0.0008015266503207386,3.550485416781157e-05
3501,3,3,0.04840228706598282,0.003374463878571987,0.176788330078125,0.7714349031448364
3502,3,3,8.891274774214253e-06,7.4714193942782e-08,0.003376792185008526,0.9966141581535339
3503,0,0,0.9996532201766968,4.890481704933336e-06,0.0002697118034120649,7.21914620953612e-05
3504,0,0,1.0,7.806320173608938e-11,2.773869745009705e-10,1.8515757815862344e-08
3505,0,0,0.9996529817581177,0.000188308724318631,4.0901948523242027e-05,0.00011780991189880297
3506,3,3,0.0030874107033014297,1.8771112081594765e-05,0.05698634684085846,0.939907431602478
3507,1,1,0.0008301808848045766,0.9991652965545654,1.610590238954046e-08,4.556001385935815e-06
3508,2,2,0.0031624448020011187,0.002325648907572031,0.9886981844902039,0.005813645198941231
3509,0,0,0.9919256567955017,0.0012938091531395912,0.004125602543354034,0.002654918935149908
3510,0,0,0.9999998807907104,5.558441706909889e-09,4.733368363929458e-09,1.514885070719174e-07
3511,0,0,0.9999997615814209,2.3750257316379475e-09,1.8874203533414402e-07,3.346732313502798e-08
3512,3,3,0.0006348801543936133,1.1367806962425675e-07,0.0016069554258137941,0.9977580904960632
3513,0,0,0.9999995231628418,2.0859411420381946e-10,3.510128365746823e-08,4.2320391457906226e-07
3514,1,1,4.627258749678731e-05,0.9999513626098633,1.5197017546597635e-06,8.28883571557526e-07
3515,0,0,0.9726170301437378,0.0006163805373944342,0.026655089110136032,0.00011155628453707322
3516,0,0,1.0,7.683807368152884e-09,3.0775426651530324e-09,3.0151248608945025e-08
3517,0,0,1.0,2.876980554830655e-12,5.482957377012099e-08,5.2881173218111144e-08
3518,0,0,0.9994146823883057,0.0003541921032592654,5.608544029200857e-07,0.00023056559439282864
3519,1,1,5.779380899184616e-06,0.9999527931213379,5.382479457693989e-07,4.090321090188809e-05
3520,1,1,5.493803655554075e-06,0.9999266862869263,6.156715971883386e-05,6.164561909827171e-06
3521,1,1,0.00011751257989089936,0.9998200535774231,2.8307435059105046e-05,3.420309803914279e-05
3522,1,1,0.0003580923075787723,0.9995736479759216,6.36802869848907e-05,4.528345471044304e-06
3523,1,1,0.0818021148443222,0.5515822768211365,0.07998567819595337,0.28662991523742676
3524,0,0,0.915205180644989,0.04312974214553833,0.011496215127408504,0.030168846249580383
3525,1,1,0.0002502321149222553,0.9997289776802063,2.0435030819498934e-05,3.9288818243221613e-07
3526,0,0,0.9999784231185913,1.1537938382488733e-09,7.27891438145889e-06,1.4344949704536702e-05
3527,1,1,9.089550439966843e-05,0.9992330074310303,0.0005235503776930273,0.0001526466803625226
3528,0,0,0.9999986886978149,6.166973207655246e-07,5.900548103454639e-07,1.1818925571560612e-07
3529,1,1,2.572942037204484e-07,0.9999241828918457,2.882336593756918e-05,4.671369242714718e-05
3530,1,1,3.3691758289933205e-05,0.9999585151672363,2.469942955940496e-06,5.370294275053311e-06
3531,0,0,0.9998782873153687,2.326734716007195e-07,6.385345477610826e-05,5.7520283007761464e-05
3532,3,3,0.00018092022219207138,5.538396635529352e-06,0.030948052182793617,0.9688655138015747
3533,0,0,0.999997615814209,8.318812305674328e-09,2.1081680188217433e-06,1.7606467395125946e-07
3534,1,1,1.8939659639727324e-05,0.9997537732124329,0.00022033703862689435,6.939288596186088e-06
3535,3,3,7.314255981327733e-06,8.869852075044093e-10,0.0008770230342634022,0.9991156458854675
3536,0,0,1.0,1.3671556331473766e-08,1.6824796000847186e-09,3.4456146380534847e-08
3537,3,2,0.06044433265924454,0.00011872491450048983,0.5888452529907227,0.3505916893482208
3538,2,3,0.30723661184310913,0.007363826502114534,0.01199264544993639,0.6734068989753723
3539,1,1,0.00015337995137088,0.9998030066490173,1.1574904419831e-05,3.20679355354514e-05
3540,0,0,0.9984049201011658,9.401932032915283e-08,0.0012222619261592627,0.00037273450288921595
3541,1,1,0.00027775909984484315,0.9990901947021484,0.0001499866193626076,0.000482169387396425
3542,2,2,0.013297315686941147,0.00014139252016320825,0.9579834342002869,0.02857791632413864
3543,1,1,0.0013184883864596486,0.9975525736808777,1.1202805580978747e-06,0.0011277778539806604
3544,1,1,7.679313057451509e-06,0.9999922513961792,4.23247463743337e-08,2.6894062088445025e-08
3545,0,0,0.9999990463256836,2.2538402255634082e-09,3.715377374646778e-07,5.960222893008904e-07
3546,0,3,0.07594185322523117,6.554303411121509e-08,0.1721821427345276,0.7518758773803711
3547,0,0,0.9999656677246094,2.721419711804174e-08,3.986322099081008e-07,3.392067810636945e-05
3548,2,0,0.655624270439148,6.337188824545592e-05,0.012897147797048092,0.3314151167869568
3549,0,0,0.9995620846748352,1.922807939536142e-07,0.0004226367746014148,1.5003949556557927e-05
3550,1,1,0.0045386324636638165,0.9954321384429932,1.733637873257976e-05,1.191217506857356e-05
3551,1,1,1.542381323815789e-05,0.9992560744285583,0.0004496519104577601,0.00027883375878445804
3552,0,0,0.9999991655349731,2.801880949476754e-09,5.957120379207481e-07,2.2351287043420598e-07
3553,2,2,0.12075644731521606,7.377631118288264e-05,0.6323652267456055,0.2468046098947525
3554,2,2,0.20027929544448853,3.382574504939839e-05,0.7442485094070435,0.055438391864299774
3555,0,0,0.9608036875724792,3.288093708420092e-08,0.027632616460323334,0.011563637293875217
3556,2,2,0.0810440331697464,2.530206438677851e-05,0.5653824806213379,0.35354816913604736
3557,1,1,0.007434706203639507,0.9872774481773376,0.004869033582508564,0.0004188895400147885
3558,0,0,0.9980818033218384,5.100977432448417e-06,0.00038296994171105325,0.001530073001049459
3559,1,1,0.0019524488598108292,0.9979135394096375,9.410573693457991e-05,3.990836921730079e-05
3560,1,1,0.00020853478054050356,0.9994165897369385,6.741977267665789e-05,0.0003075124113820493
3561,0,2,0.04208866134285927,6.789263807149837e-06,0.8489394187927246,0.10896512120962143
3562,1,1,0.000791535247117281,0.998745322227478,0.00033647159580141306,0.0001267115876544267
3563,0,1,0.0005416435888037086,0.9994582533836365,9.011152712901094e-08,4.597190894628511e-08
3564,3,3,0.008736709132790565,1.662449722061865e-05,2.3938204321893863e-05,0.9912227392196655
3565,0,0,0.9998530149459839,1.3368584461659339e-07,0.00013403520279098302,1.2758194316120353e-05
3566,2,2,0.09057439863681793,0.0002309529372723773,0.8865688443183899,0.02262578159570694
3567,3,3,0.03657021373510361,1.0823674756466062e-06,0.00033674825681373477,0.9630919694900513
3568,1,1,0.10236187279224396,0.6939573287963867,0.182933509349823,0.020747290924191475
3569,0,0,0.9932464361190796,6.38627682292281e-07,0.006413684692233801,0.00033916987013071775
3570,0,1,0.00036535400431603193,0.999457061290741,5.718829925172031e-06,0.00017197510169353336
3571,2,0,0.92987459897995,1.3334071127246716e-06,0.05599040165543556,0.014133701100945473
3572,0,1,0.19903290271759033,0.630262017250061,0.15567748248577118,0.015027573332190514
3573,2,2,1.592466105648782e-05,6.661340421487694e-07,0.9999696016311646,1.3734411368204746e-05
3574,3,3,0.0037024628836661577,0.0002094024239340797,0.03838455677032471,0.9577035903930664
3575,2,2,0.0004034370358567685,6.209028811099415e-07,0.9994871616363525,0.00010880207264563069
3576,2,3,0.06497260928153992,1.9523145056155045e-06,0.0584578774869442,0.8765674829483032
3577,2,2,0.002159025752916932,1.1828368769783992e-05,0.9975530505180359,0.0002760490751825273
3578,1,1,5.052402048022486e-05,0.9992325305938721,0.00018977619765792042,0.0005272672860883176
3579,0,0,0.9999998807907104,2.096114215532907e-08,3.265597214863192e-08,7.990401940105585e-08
3580,2,3,0.0009214089950546622,0.023698056116700172,0.23047877848148346,0.7449017763137817
3581,0,0,0.9854406714439392,0.0001084826435544528,0.005240587517619133,0.009210249409079552
3582,2,3,0.42255324125289917,1.719478859740775e-05,0.10137125104665756,0.47605830430984497
3583,2,2,3.2768853088782635e-06,2.43612086059386e-09,0.9999657869338989,3.1012605177238584e-05
3584,1,1,1.7008643737881357e-07,0.9999997615814209,1.8508940158312726e-08,1.728314602544856e-09
3585,1,0,0.8556402325630188,0.09578771144151688,0.032754722982645035,0.015817347913980484
3586,1,1,0.0007067556143738329,0.9984171390533447,0.00029241020092740655,0.0005836414638906717
3587,0,0,0.9983768463134766,8.905866479835822e-07,0.0014473928604274988,0.00017487251898273826
3588,3,3,1.9692330170073546e-05,1.1347324857524654e-08,0.0002977995027322322,0.9996825456619263
3589,2,2,8.429102308582515e-06,9.375131639899337e-07,0.9999860525131226,4.513946350925835e-06
3590,0,3,0.0024786207359284163,2.6426176191307604e-05,0.01089749950915575,0.98659747838974
3591,2,2,0.0021004441659897566,7.478229690605076e-06,0.9921942949295044,0.005697809159755707
3592,2,2,9.19100875762524e-06,1.2125891544201295e-06,0.997568666934967,0.0024209243711084127
3593,2,2,2.2484164219349623e-05,2.0400000266818097e-06,0.8909128308296204,0.10906258970499039
3594,0,0,0.9995598196983337,0.0003961969050578773,2.7673830118146725e-05,1.6266216334770434e-05
3595,2,2,0.10884342342615128,3.69279541700962e-06,0.885928750038147,0.0052241492085158825
3596,1,1,0.0002734736481215805,0.9997124075889587,1.1907259249710478e-05,2.1869545889785513e-06
3597,1,1,6.2702638388145715e-06,0.999930739402771,6.1844039009884e-05,1.148269689110748e-06
3598,0,0,0.999326229095459,0.00022840382007416338,0.0002893458295147866,0.0001560826349304989
3599,1,1,0.05259605497121811,0.9455501437187195,7.782749889884144e-05,0.001775952521711588
3600,2,2,0.0008064063731580973,1.67731229794299e-06,0.7484442591667175,0.2507477402687073
3601,1,1,1.5473828170797788e-05,0.9999668598175049,1.1824005923699588e-05,5.870867425983306e-06
3602,3,3,0.00315050664357841,9.992638183575764e-08,0.0003741443797480315,0.9964751601219177
3603,1,1,0.00012553457054309547,0.9998385906219482,2.115113238687627e-05,1.4618749446526635e-05
3604,0,1,0.4028547704219818,0.5718295574188232,0.002359827281907201,0.022955860942602158
3605,3,3,0.00010469007975189015,4.7959551885412566e-09,0.019990798085927963,0.9799045324325562
3606,0,0,0.9999892711639404,8.659516659292876e-09,2.8942486096639186e-06,7.903345249360427e-06
3607,2,2,0.0006632070289924741,7.731317808179483e-09,0.9992559552192688,8.069648174569011e-05
3608,0,0,0.9999953508377075,1.330679424427217e-07,3.021780685230624e-06,1.486135488448781e-06
3609,0,0,0.9995612502098083,9.71370894831125e-08,7.78761568653863e-06,0.00043084786739200354
3610,3,3,0.003889169543981552,0.0001233490911545232,0.09493842720985413,0.901049017906189
3611,0,0,0.9999985694885254,2.2912686858944653e-08,1.1796363423854928e-06,2.139159391845169e-07
3612,3,3,3.981238478445448e-06,2.447484159784352e-10,0.06480521708726883,0.9351907968521118
3613,0,0,0.9996157884597778,8.777331458986737e-06,5.299820713844383e-06,0.0003702114336192608
3614,3,3,0.000837288738694042,6.2562626190754145e-09,0.002994963899254799,0.9961677193641663
3615,0,0,0.9999641180038452,4.1341754695167765e-06,1.8632064893608913e-05,1.3099509487801697e-05
3616,2,0,0.49200963973999023,1.2693941471297876e-06,0.4570174813270569,0.05097166821360588
3617,2,3,7.857077434891835e-06,1.3366644679990713e-08,0.000797460088506341,0.9991946816444397
3618,1,1,5.725369192077778e-07,0.9999994039535522,4.3771994029384587e-08,2.8491237813454973e-08
3619,0,2,0.30429577827453613,0.06302119046449661,0.3743811845779419,0.25830185413360596
3620,1,1,1.1024926749314545e-07,0.9999991655349731,1.4841744189197925e-07,6.147111548671091e-07
3621,1,1,0.0017397066112607718,0.99815434217453,6.113471317803487e-05,4.485209137783386e-05
3622,0,0,0.9476062059402466,0.0008287595119327307,0.011019924655556679,0.040545109659433365
3623,3,3,1.4628404390593097e-11,1.3419418571150588e-12,6.790366455788899e-07,0.9999992847442627
3624,2,2,0.01093776524066925,8.889124103461654e-09,0.9890469908714294,1.524339404568309e-05
3625,0,0,0.9999265670776367,7.189353345893323e-05,2.7791193701887096e-07,1.249967681360431e-06
3626,1,1,0.00012907871860079467,0.9998641014099121,4.44480838268646e-06,2.3744016743876273e-06
3627,0,3,0.10594756156206131,1.84146429660359e-07,0.12851199507713318,0.7655402421951294
3628,2,2,0.0005573892267420888,0.001281912554986775,0.9903081059455872,0.007852625101804733
3629,0,0,0.7981002330780029,0.004974634386599064,0.006556115113198757,0.190369114279747
3630,1,1,0.009863454848527908,0.9901040196418762,2.0233852410456166e-05,1.2286950550333131e-05
3631,2,2,0.3794015049934387,5.086346573079936e-05,0.5151989459991455,0.10534863919019699
3632,2,2,0.0023539362009614706,0.0005255883443169296,0.9812792539596558,0.015841234475374222
3633,0,0,0.999953031539917,1.059832993632881e-05,2.399803179287119e-06,3.402204310987145e-05
3634,2,2,0.0041215126402676105,8.112064097076654e-05,0.9918580651283264,0.003939253278076649
3635,2,2,6.172527355374768e-05,1.982256890187273e-06,0.9994648098945618,0.00047147905570454895
3636,1,1,0.00021741310774814337,0.988376796245575,0.008311251178383827,0.0030945371836423874
3637,0,0,0.9824437499046326,8.015015919227153e-05,0.012265401892364025,0.005210754927247763
3638,0,3,0.14865311980247498,0.04182075709104538,0.00024248598492704332,0.8092836141586304
3639,1,1,3.3500018616905436e-06,0.9995038509368896,9.276936907554045e-05,0.00039998837746679783
3640,2,2,0.00047856185119599104,1.929651944010402e-06,0.997768759727478,0.0017508489545434713
3641,1,1,5.380337097449228e-05,0.9999313354492188,1.1119526789116208e-05,3.7028396491223248e-06
3642,3,3,0.025938840582966805,4.647539753932506e-06,5.553130904445425e-05,0.9740009903907776
3643,3,0,0.9366743564605713,4.36438227779945e-08,0.00014595601533073932,0.06317970901727676
3644,0,0,0.9904837608337402,0.00010577724606264383,0.0011724649230018258,0.008238031528890133
3645,3,3,1.7554283431309159e-06,7.481142927368012e-10,0.001267341780476272,0.9987309575080872
3646,1,1,6.374866501346332e-08,0.9999998807907104,4.535318343101835e-09,5.134096525694076e-08
3647,1,1,0.009211486205458641,0.9665996432304382,0.008611343801021576,0.015577463433146477
3648,0,0,0.9998250603675842,1.5668950936742476e-06,1.2428428817656823e-05,0.00016105646500363946
3649,0,0,0.9999316930770874,1.2729984177894949e-08,4.032801734865643e-05,2.800530091917608e-05
3650,0,0,0.9999771118164062,5.14906173254559e-12,2.265907642140519e-05,1.7889520620428812e-07
3651,3,3,4.06176377509837e-06,2.5218153609785077e-07,0.029183799400925636,0.9708119034767151
3652,3,3,0.33422204852104187,6.516841676784679e-05,0.22195154428482056,0.44376125931739807
3653,2,2,9.523283551970962e-06,2.002937208089861e-06,0.9083573222160339,0.0916312038898468
3654,0,0,0.999954342842102,7.217967112893575e-09,2.775438224489335e-05,1.784578307706397e-05
3655,3,3,0.0006517288857139647,1.9559182362627325e-07,0.23734566569328308,0.7620024085044861
3656,2,2,0.008249117061495781,0.00012732254981528968,0.9849399924278259,0.006683477200567722
3657,0,0,0.8756422400474548,0.06400248408317566,0.0017377021722495556,0.058617595583200455
3658,2,2,8.776266622589901e-05,1.7666374674263352e-07,0.9999029636383057,9.127208613790572e-06
3659,3,3,0.0006454706308431923,0.0042452397756278515,0.1262771636247635,0.8688321113586426
3660,0,0,0.9997788071632385,7.578346128411795e-08,0.00015541848551947623,6.572572601726279e-05
3661,0,1,0.004043942783027887,0.9959509372711182,1.1066483693866758e-06,4.029191131849075e-06
3662,0,0,0.999629020690918,7.427646941948751e-09,0.0003695721970871091,1.373766508550034e-06
3663,2,2,6.369831453412189e-07,8.582751434005331e-07,0.9999854564666748,1.3057318938081153e-05
3664,3,2,5.224834239925258e-06,2.2617256036028266e-05,0.931959331035614,0.06801281869411469
3665,0,0,0.9988762736320496,2.5851781826347064e-10,0.0008294842555187643,0.00029423829982988536
3666,1,1,1.6235079947080067e-10,1.0,8.434919429589627e-10,8.646513366405983e-11
3667,3,3,6.856799882370979e-05,6.608826197407325e-07,0.002005655551329255,0.9979250431060791
3668,3,3,7.431992230522155e-07,2.7145848235932135e-08,0.00011260063183726743,0.9998866319656372
3669,0,0,0.9998937845230103,2.2031841581338085e-05,5.273694478091784e-05,3.1485982617596164e-05
3670,3,3,1.763678119459655e-05,4.416578658350545e-09,0.008595624938607216,0.9913867115974426
3671,2,3,2.309867340954952e-06,2.890499506413846e-10,0.0019273610087111592,0.9980702996253967
3672,2,3,0.0011036942014470696,3.481423482298851e-05,0.008656478486955166,0.9902050495147705
3673,0,0,0.9990624785423279,1.27875869893046e-08,3.3198215533047915e-05,0.0009042852907441556
3674,2,2,6.182896322570741e-05,1.862601834545785e-06,0.9090670347213745,0.09086918830871582
3675,3,2,0.008154554292559624,2.812392449413892e-05,0.9669099450111389,0.024907389655709267
3676,3,3,0.00027347757713869214,1.2196363968541846e-05,0.00022408032964449376,0.9994902610778809
3677,1,1,5.775695626653032e-06,0.9999929666519165,7.0524407647099e-07,6.124164428911172e-07
3678,0,0,0.9999992847442627,5.107257265990484e-07,4.483920457154511e-10,2.3114981217986497e-07
3679,3,3,0.008077031932771206,6.699130494780547e-08,0.12309080362319946,0.8688320517539978
3680,2,2,0.0027365111745893955,1.670427263888996e-05,0.9887998104095459,0.008446851745247841
3681,3,3,5.588796284428099e-06,4.822757193601035e-10,0.0032564036082476377,0.9967380166053772
3682,2,2,0.00013938079064246267,1.1800952051999047e-05,0.999716579914093,0.00013222094275988638
3683,0,0,0.9849278926849365,9.89128807304951e-07,0.0148390494287014,0.00023206995683722198
3684,2,0,0.6822736263275146,0.015254774130880833,0.22258639335632324,0.07988526672124863
3685,0,0,0.9651983380317688,1.3186945579946041e-06,0.03084610402584076,0.003954277373850346
3686,0,0,0.5683659315109253,0.003356887958943844,0.2713863253593445,0.1568908542394638
3687,3,2,4.049705239594914e-05,1.6983196928777033e-06,0.7800244688987732,0.21993330121040344
3688,0,1,2.971248613903299e-05,0.9999517202377319,1.630704900890123e-05,2.206687668149243e-06
3689,3,2,0.00024140191089827567,1.2834158269470208e-07,0.5496001243591309,0.4501582980155945
3690,3,3,4.326344878791133e-06,1.0529758176502924e-09,0.0031258214730769396,0.9968698620796204
3691,3,3,8.847280241752742e-07,5.612533993115676e-09,0.03338294103741646,0.966616153717041
3692,2,2,0.00018249472486786544,2.8417030989658087e-05,0.9969369173049927,0.002852180739864707
3693,1,1,2.4688977646292187e-05,0.999974250793457,4.806661877410079e-07,5.404738772085693e-07
3694,2,2,0.12939013540744781,0.035614702850580215,0.43668919801712036,0.3983059525489807
3695,1,1,1.2342296962231103e-08,1.0,2.4129660491922778e-09,7.349294089964431e-11
3696,0,0,0.9937974810600281,0.00010968802234856412,3.9067192119546235e-05,0.0060536558739840984
3697,0,0,0.9981154203414917,1.0241799373034155e-06,6.831177870481042e-06,0.0018767541041597724
3698,0,0,0.9998059868812561,1.4291786101239268e-06,0.00016196105570998043,3.0653507565148175e-05
3699,2,2,0.00023964904539752752,0.00014816610200796276,0.9992270469665527,0.0003851311048492789
3700,2,2,0.00042815026245079935,1.2874564845333225e-06,0.9771307706832886,0.022439761087298393
3701,2,2,0.00019864170462824404,7.530132279498503e-05,0.9974645376205444,0.0022614961490035057
3702,3,2,6.3676252466393635e-06,9.61443147318164e-10,0.9825295209884644,0.017464149743318558
3703,3,3,0.013143518939614296,2.1592676091586327e-08,0.003625150304287672,0.9832313060760498
3704,1,1,1.318260547122918e-05,0.9999790191650391,4.772165993927047e-06,2.9734403597103665e-06
3705,0,0,0.9997746348381042,8.509784493071493e-06,0.00015027468907646835,6.654461321886629e-05
3706,3,3,3.863302481477149e-05,2.8836574017532257e-08,0.002656040946021676,0.9973052740097046
3707,0,0,0.9999468326568604,1.4644827572851682e-08,4.9715359637048095e-05,3.464912424533395e-06
3708,3,0,0.7263241410255432,0.09896809607744217,0.004090666770935059,0.1706170290708542
3709,1,1,3.691184247145429e-05,0.999113142490387,0.0007485331152565777,0.00010133197793038562
3710,0,0,0.9998810291290283,8.411904127569869e-05,3.12932206725236e-05,3.5431380638328847e-06
3711,2,2,0.0010334766702726483,1.917288017239116e-07,0.9602134227752686,0.03875288367271423
3712,2,2,0.001188648515380919,1.6104675523820333e-05,0.9985027313232422,0.00029254681430757046
3713,2,2,0.005351397208869457,5.849900048815471e-07,0.9700378775596619,0.024610208347439766
3714,3,3,0.0015072140377014875,5.611844358099916e-07,0.3950282335281372,0.6034640073776245
3715,3,3,0.07146678864955902,0.21111653745174408,0.014594223350286484,0.7028225064277649
3716,2,2,8.239423186751083e-05,4.14625694888926e-10,0.9894874095916748,0.010430189780890942
3717,3,3,0.0045415498316287994,3.1949479307513684e-05,0.00013234610378276557,0.9952941536903381
3718,0,0,0.9904127717018127,0.002947036409750581,0.005519541446119547,0.0011207342613488436
3719,1,1,4.8194397095358e-07,0.9999959468841553,2.2575327420781832e-06,1.2743777233481524e-06
3720,2,2,3.6644560168497264e-05,1.254741022194139e-07,0.9999581575393677,5.102614068164257e-06
3721,1,1,0.00014519665273837745,0.9997575879096985,4.7697645641164854e-05,4.946619810652919e-05
3722,3,3,0.001631691586226225,0.0005462077097035944,0.007892385125160217,0.989929735660553
3723,2,2,0.0005983407027088106,0.0005467149312607944,0.96966153383255,0.029193371534347534
3724,2,2,0.00023276396677829325,8.570354111725464e-06,0.992413341999054,0.007345385383814573
3725,1,1,8.770368253863126e-08,0.9999998807907104,2.8023384501807413e-08,9.382201682228697e-09
3726,3,3,6.054231198504567e-05,2.815102595477015e-09,0.00012863572919741273,0.9998108744621277
3727,0,0,0.9999998807907104,1.0574558118037203e-08,7.039423621790775e-08,5.069859199124949e-09
3728,2,3,0.00042547588236629963,4.210667157167336e-07,0.23550690710544586,0.7640671730041504
3729,2,2,2.5543182346154936e-05,2.1899149160731213e-08,0.9999502897262573,2.415489507257007e-05
3730,3,3,0.009961253963410854,3.519667006912641e-05,0.02663000300526619,0.9633735418319702
3731,3,3,0.040745656937360764,0.016586527228355408,0.0016577483620494604,0.941010057926178
3732,3,3,1.6368421711376868e-05,6.072687028790824e-07,0.006046792026609182,0.9939362406730652
3733,1,1,4.277675543562509e-05,0.9999525547027588,4.449311290954938e-06,1.8803282841872715e-07
3734,1,1,2.295975036759046e-07,0.9999996423721313,6.933816365517487e-08,3.126781056295158e-09
3735,0,0,0.9971218705177307,6.423063950933283e-06,6.090038823458599e-06,0.0028655854985117912
3736,1,1,4.9542897613719106e-05,0.9999278783798218,2.0741452317452058e-05,1.8279451978742145e-06
3737,0,0,0.9999327659606934,3.2778148124634754e-06,4.742241435451433e-05,1.649189471208956e-05
3738,3,3,0.0003954142448492348,6.113289714448911e-07,0.0005324781523086131,0.999071478843689
3739,3,3,9.948244951374363e-06,1.4738018805360298e-08,7.60239072405966e-06,0.999982476234436
3740,1,1,3.883096724166535e-06,0.9999618530273438,2.2405301933758892e-05,1.1746105883503333e-05
3741,3,3,2.4508644855814055e-05,6.32438627690135e-07,0.1086629256606102,0.8913119435310364
3742,2,2,0.0058829281479120255,1.3838882040317912e-08,0.9465133547782898,0.04760376736521721
3743,0,0,0.9999200105667114,7.596201889725762e-09,5.821044760523364e-05,2.185049743275158e-05
3744,1,1,1.8815238945535384e-05,0.9999768733978271,4.27653731094324e-06,2.4004760845741657e-08
3745,1,1,0.008112595416605473,0.9857627153396606,0.00044821453047916293,0.005676549859344959
3746,0,0,0.8219516277313232,0.17684027552604675,0.0008360336069017649,0.00037211424205452204
3747,0,2,0.0015430630883201957,1.735598118557391e-07,0.9978548884391785,0.0006018769927322865
3748,1,1,8.907763415777481e-09,1.0,9.358053221220075e-10,3.241201196324539e-10
3749,0,0,0.9999966621398926,3.1338567851868504e-10,5.001954832550837e-07,2.8568376819748664e-06
3750,2,2,0.13525281846523285,0.0029310325626283884,0.8216992616653442,0.04011690616607666
3751,2,2,5.571049769059755e-06,5.378435830039052e-08,0.8744043111801147,0.12559011578559875
3752,2,2,0.1653793454170227,4.937595804221928e-05,0.7145268321037292,0.12004440277814865
3753,0,0,0.9781438708305359,3.6148633171251277e-06,0.017499230802059174,0.00435327785089612
3754,2,2,0.011278564110398293,0.0007626328733749688,0.9875977635383606,0.00036097958218306303
3755,0,0,0.9994361996650696,1.5902828920388856e-07,0.0004737714771181345,8.982302824733779e-05
3756,0,0,0.9998517036437988,1.3004488153001148e-07,3.883967292495072e-05,0.00010931099677691236
3757,3,3,6.333096962407581e-07,4.526916619340682e-10,0.0019332391675561666,0.9980661273002625
3758,0,0,0.9995282888412476,5.1237806474091485e-05,0.0001655447413213551,0.00025493314024060965
3759,3,2,5.727633833885193e-05,5.778769036623999e-07,0.9969300627708435,0.0030120715964585543
3760,3,3,0.0007862604106776416,1.3567836276706657e-06,0.02277834340929985,0.9764339923858643
3761,0,0,0.7740857601165771,6.364619912346825e-05,0.0007783552282489836,0.22507219016551971
3762,0,0,0.9987832903862,2.41196751460393e-08,5.652967871583314e-08,0.0012166521046310663
3763,2,2,0.01478402130305767,3.482305373836425e-06,0.981609582901001,0.003602835815399885
3764,2,2,8.57858503877651e-06,3.1437705274584005e-06,0.9999476671218872,4.055339377373457e-05
3765,2,2,0.005025417543947697,1.3679174344360945e-06,0.9945038557052612,0.0004693567752838135
3766,3,3,4.020848427899182e-05,6.922271040821215e-07,0.3340880572795868,0.6658709645271301
3767,0,0,0.9992961883544922,0.00034487550146877766,0.00022957686451263726,0.0001293830428039655
3768,1,1,6.043194389349082e-07,0.9999994039535522,2.7855508122343053e-08,5.85912429684754e-09
3769,2,2,2.5864457711577415e-05,4.152042038185755e-06,0.9991080164909363,0.0008620084263384342
3770,2,2,0.0005886830622330308,7.45938848467631e-07,0.9992701411247253,0.00014037347864359617
3771,1,1,9.260704558755606e-08,0.9999998807907104,3.3071789751204506e-09,1.5375849482524018e-09
3772,1,1,0.0004086206026840955,0.9995218515396118,6.937344733159989e-05,6.155352139103343e-08
3773,1,1,0.000914232456125319,0.9990842342376709,1.1239829973419546e-06,3.4683688454606454e-07
3774,0,0,0.998760461807251,9.97872484731488e-06,0.000673404079861939,0.0005561632569879293
3775,3,3,0.027561113238334656,3.804725793088437e-06,0.07361439615488052,0.8988205790519714
3776,3,3,0.002958738710731268,7.632825571590729e-08,0.003487072419375181,0.9935541152954102
3777,3,0,0.9753535389900208,0.00044176948722451925,0.007878760807216167,0.016325991600751877
3778,2,2,0.00028805717010982335,4.1314555687677057e-07,0.9971572160720825,0.0025543952360749245
3779,2,2,2.5529304821247933e-06,1.6942371061645645e-08,0.9999691247940063,2.8356296752463095e-05
3780,3,3,0.08727964758872986,2.6987167984771077e-06,1.4096855011302978e-05,0.9127035140991211
3781,1,1,1.0253698746964801e-05,0.9999895095825195,2.7377086553315166e-07,3.427729566851667e-08
3782,0,0,0.9999943971633911,1.2336026884440798e-06,9.890877663565334e-07,3.3791513942560414e-06
3783,0,0,0.9998550415039062,2.1011872775034135e-07,0.00010293431842001155,4.17194860347081e-05
3784,0,3,0.3268697261810303,1.1350323347869562e-06,0.028710244223475456,0.6444188952445984
3785,0,0,0.9574041962623596,1.791072281775996e-05,0.0010699250269681215,0.04150805622339249
3786,0,0,0.9999992847442627,4.265953909565745e-11,4.723453628230345e-07,1.9280331287063746e-07
3787,3,3,7.135023770388216e-05,1.4939242021227983e-07,0.043966785073280334,0.9559617042541504
3788,3,3,1.6490834241267294e-05,1.4818893667722932e-08,0.00022766500478610396,0.9997557997703552
3789,2,2,0.0002614396216813475,2.4667733100613987e-07,0.9991616010665894,0.0005767419352196157
3790,0,2,0.2329205721616745,0.044192567467689514,0.7193658351898193,0.00352094997651875
3791,1,1,0.01704343594610691,0.9829403758049011,8.551876817364246e-06,7.672632818866987e-06
3792,1,1,0.0002864713314920664,0.9989468455314636,0.000711967411916703,5.4790303693152964e-05
3793,3,3,0.024772049859166145,1.5819341570022516e-05,0.0017787452088668942,0.9734333753585815
3794,1,1,0.0006588163669221103,0.9992720484733582,4.671489659813233e-05,2.2361718947649933e-05
3795,2,2,0.004879942163825035,0.0005983384908176959,0.9166285991668701,0.07789313793182373
3796,2,2,0.020385125651955605,0.0017377909971401095,0.8707880973815918,0.10708901286125183
3797,2,2,0.01432665903121233,3.1064253107615514e-06,0.9855160117149353,0.0001541789242764935
3798,1,1,0.00013379211304709315,0.9996523857116699,5.2260103984735906e-05,0.00016159108781721443
3799,0,0,0.9996852874755859,1.6699652860552305e-06,0.00013927703548688442,0.00017369529814459383
3800,3,3,3.931573883164674e-05,2.65882049710342e-09,0.17057959735393524,0.8293810486793518
3801,3,3,3.4329317713854834e-05,4.930003072445288e-09,6.140007462818176e-05,0.9999042749404907
3802,3,3,2.0474732082220726e-05,5.0314347390667535e-06,0.0015213011065497994,0.9984532594680786
3803,1,1,0.0006782077834941447,0.9984784722328186,1.0771334927994758e-05,0.000832635210826993
3804,2,2,0.0027104616165161133,1.1191396879439708e-05,0.9961513876914978,0.0011268577072769403
3805,0,1,0.023130366578698158,0.9768415093421936,7.65953245718265e-07,2.7403313652030192e-05
3806,1,1,1.5147999192777206e-06,0.9999984502792358,1.06152020507011e-08,1.8596416628824386e-09
3807,2,2,4.838354288949631e-05,6.550448006237275e-08,0.9998931884765625,5.8377172535983846e-05
3808,1,1,3.377681423444301e-06,0.9999750852584839,1.5928850189084187e-05,5.627319296763744e-06
3809,1,1,0.00010566716082394123,0.9998929500579834,1.1687133110171999e-06,1.9696511799338623e-07
3810,0,0,0.9995419979095459,0.00011552988871699199,0.0001310385559918359,0.00021143417689017951
3811,3,3,5.2477098506642506e-06,1.048310505069594e-08,0.001995635451748967,0.9979991316795349
3812,2,2,0.1673162281513214,0.0006420273566618562,0.7615198493003845,0.07052188366651535
3813,2,3,0.0020314869470894337,5.174701800569892e-05,0.43387457728385925,0.5640420913696289
3814,0,0,0.9783727526664734,0.00041625965968705714,0.017598016187548637,0.0036130156368017197
3815,3,3,1.4384932001121342e-05,1.0293415009243745e-09,0.0008274275460280478,0.9991581439971924
3816,3,3,0.0002488441241439432,7.680849734015283e-09,0.01765502616763115,0.9820960760116577
3817,2,2,6.327393202809617e-05,1.1417595260354574e-06,0.9998220801353455,0.00011348898988217115
3818,3,3,0.18875065445899963,0.00010997780918842182,0.0087940888479352,0.8023452758789062
3819,2,2,0.014014028944075108,0.0016115778125822544,0.9563593864440918,0.028014911338686943
3820,1,1,0.1574772447347641,0.7698703408241272,0.021188268437981606,0.051464103162288666
3821,0,0,0.9999692440032959,2.4345312432672017e-09,1.2489276741689537e-05,1.819238968892023e-05
3822,2,2,0.0024234566371887922,1.9967232219642028e-05,0.996324360370636,0.0012322379043325782
3823,2,2,0.0002815533080138266,0.002028030576184392,0.9974979758262634,0.00019236408115830272
3824,3,3,0.00011475977225927636,1.514067093921767e-07,0.005121876951307058,0.9947633147239685
3825,1,1,0.00012169461842859164,0.999874472618103,3.31099926142997e-07,3.499002104945248e-06
3826,2,2,1.0948863746307325e-05,1.700109351077117e-06,0.7652762532234192,0.23471106588840485
3827,3,3,9.786095324670896e-05,2.55968508611204e-08,0.004262116272002459,0.9956400394439697
3828,3,3,1.9792074454016984e-05,2.6376749673318045e-08,0.0001442787324776873,0.9998358488082886
3829,2,2,0.00019080650235991925,1.1430420698843591e-07,0.9560970067977905,0.043712008744478226
3830,3,3,0.0011951533379033208,5.209333266975591e-07,0.2687903046607971,0.7300139665603638
3831,1,1,0.4652704894542694,0.47605088353157043,0.034902025014162064,0.0237765833735466
3832,0,0,0.694514811038971,0.007646700832992792,0.013836042955517769,0.284002423286438
3833,0,0,0.6099401712417603,0.0008802151423878968,0.2755144238471985,0.11366509646177292
3834,3,3,5.091650746180676e-05,7.710160616625217e-07,0.005523915868252516,0.9944243431091309
3835,3,3,0.0019098661141470075,4.672806142025365e-08,0.08553815633058548,0.9125519394874573
3836,1,1,0.0005632867105305195,0.9993621706962585,1.4956736777094193e-05,5.955239976174198e-05
3837,1,1,0.0021694370079785585,0.9977912902832031,7.098415153450333e-06,3.206674227840267e-05
3838,0,0,0.9932564496994019,0.00021490581275429577,0.0007719279965385795,0.005756712052971125
3839,1,1,6.071080133551732e-05,0.9999244213104248,5.245802640274633e-06,9.660053365223575e-06
3840,1,1,0.08767977356910706,0.9009836316108704,0.010766602121293545,0.0005700390320271254
3841,1,1,0.00040338950930163264,0.9985325336456299,0.0010297420667484403,3.42583007295616e-05
3842,2,2,0.03454029560089111,0.008324116468429565,0.8419323563575745,0.11520326882600784
3843,0,0,0.9999899864196777,1.0682611417678345e-07,2.4719508928683354e-06,7.435648967657471e-06
3844,0,0,0.9999967813491821,2.2706473146172357e-08,1.4649990589532536e-06,1.7432734011890716e-06
3845,0,0,0.998601496219635,1.2365566703920194e-07,0.00035787883098237216,0.001040588365867734
3846,3,3,0.00048004029667936265,1.9987299310741946e-05,0.06181340664625168,0.937686562538147
3847,3,3,0.02699798345565796,6.147459498606622e-05,0.01102020125836134,0.9619203209877014
3848,1,1,2.5819817892624997e-06,0.9999862909317017,8.337839972227812e-06,2.69760994342505e-06
3849,3,3,7.563445251435041e-05,8.845548791214242e-07,0.018469275906682014,0.9814541339874268
3850,0,0,0.9970801472663879,5.219549166213255e-06,0.000984045211225748,0.0019305311143398285
3851,1,1,0.0002958808618132025,0.9962357878684998,0.003257160075008869,0.00021113814727868885
3852,1,1,1.5681034710723907e-05,0.9999488592147827,3.236213160562329e-05,3.0872668048687046e-06
3853,3,3,0.02350127138197422,5.955128585810598e-07,0.0015557558508589864,0.9749423861503601
3854,2,2,1.0291651960869785e-05,2.7084186005055244e-09,0.9999877214431763,1.9812107439065585e-06
3855,0,0,0.9999419450759888,3.827220280072652e-05,1.3730940736422781e-05,6.1205569181765895e-06
3856,0,2,0.0015928238863125443,9.050298217516684e-07,0.9969648718833923,0.001441465923562646
3857,2,2,0.00011466680007288232,6.852463411632925e-05,0.9993065595626831,0.0005101551651023328
3858,1,1,1.8564682591204473e-07,0.999996542930603,4.664116772801208e-07,2.8542015115817776e-06
3859,1,1,0.0022215149365365505,0.9871945977210999,0.00062934699235484,0.009954573586583138
3860,0,0,0.9490578174591064,6.519378985103685e-06,0.004899708554148674,0.04603593423962593
3861,2,2,0.0003012866072822362,2.3227376004797406e-06,0.9996395111083984,5.6882119679357857e-05
3862,2,2,1.9034989691135706e-06,4.93062757289664e-10,0.9999971389770508,9.928206736731227e-07
3863,0,0,0.40708664059638977,1.1307254681014456e-05,0.3890329599380493,0.2038690596818924
3864,2,2,0.00037755598896183074,6.102804945840035e-06,0.9959868788719177,0.0036293871235102415
3865,1,1,0.018370702862739563,0.9761126041412354,0.0017367647960782051,0.003780033905059099
3866,2,2,0.0006810281774960458,5.640405652229674e-05,0.9991791844367981,8.326071838382632e-05
3867,2,2,0.0007264171144925058,4.220060873194598e-06,0.9992209672927856,4.8472626076545566e-05
3868,2,2,0.00012224464444443583,2.4080283765215427e-05,0.9995947480201721,0.00025887807714752853
3869,3,3,4.733955574920401e-05,5.349874754756456e-06,0.0015387911116704345,0.9984084963798523
3870,2,2,0.016283446922898293,3.1184765703073936e-06,0.9822508692741394,0.001462592277675867
3871,1,1,1.9651229195005726e-06,0.9999979734420776,6.345107106398018e-09,1.8083449182526579e-09
3872,3,3,7.438308966811746e-05,4.738230785505948e-08,0.013007720932364464,0.9869179129600525
3873,0,0,0.9987083673477173,4.352819814812392e-06,0.0007734026294201612,0.0005138583946973085
3874,0,0,0.9994980096817017,6.633699740632437e-06,1.2018311281281058e-05,0.0004832843551412225
3875,2,2,0.0006221755174919963,4.937395260640187e-06,0.9993317723274231,4.108828215976246e-05
3876,0,0,0.990746259689331,3.000331616931362e-06,0.00011835918121505529,0.009132366627454758
3877,0,0,0.9972943663597107,3.636292240116745e-05,0.0018836954841390252,0.000785614422056824
3878,0,0,0.9999988079071045,9.905260611731137e-09,7.034440159259248e-07,4.3701038521248847e-07
3879,3,3,1.4124674407867133e-07,1.6248283968289812e-11,4.658430043491535e-05,0.9999532699584961
3880,2,2,0.04192213714122772,2.472898813721258e-06,0.948411762714386,0.009663651697337627
3881,1,1,1.349844296782976e-05,0.9999821186065674,4.308888946980005e-06,1.7683701969417598e-07
3882,0,2,0.0029579647816717625,8.891610923456028e-05,0.9947388768196106,0.002214250387623906
3883,3,3,2.852905936379102e-06,8.537314499790227e-08,0.000276028091320768,0.9997209906578064
3884,1,1,1.598145354364533e-05,0.9999818801879883,1.4437895288210711e-06,6.932539236004231e-07
3885,1,1,1.3463521781886811e-06,0.9999985694885254,4.735910863473691e-08,1.7559715903558981e-09
3886,0,0,0.9999994039535522,1.416818662391961e-09,1.8077716390507703e-07,3.705750089011417e-07
3887,3,3,2.4664141164976172e-05,2.791876174690344e-10,0.40543195605278015,0.5945433974266052
3888,3,3,0.39730343222618103,2.3061464162310585e-05,0.0007507248083129525,0.6019228100776672
3889,2,2,0.00013905047671869397,1.5244155292748474e-05,0.9994707703590393,0.00037495826836675406
3890,2,2,0.00898122601211071,8.540797716705129e-05,0.9852633476257324,0.0056699528358876705
3891,3,3,6.008695436321432e-06,1.5659063379303007e-08,0.0012028369819745421,0.9987911581993103
3892,1,1,1.0131282124348218e-06,0.9999985694885254,1.5575618306229444e-07,2.579617444098403e-07
3893,0,0,0.9999392032623291,7.211049535271741e-08,5.245908323558979e-05,8.250787686847616e-06
3894,1,1,0.00016141912783496082,0.9998311996459961,5.801129645988112e-06,1.5099533356988104e-06
3895,3,0,0.9848847389221191,0.0033184823114424944,0.006416619289666414,0.005380129441618919
3896,1,1,3.923028543795226e-06,0.9999923706054688,3.6029891816724557e-06,8.40404723589927e-08
3897,0,0,0.9995425939559937,2.1265541363391094e-05,0.00024211789423134178,0.00019406947831157595
3898,1,1,0.0008464702987112105,0.9985312223434448,0.000618967053014785,3.3286337384197395e-06
3899,0,1,0.10720919817686081,0.8919461369514465,8.463835547445342e-05,0.0007600645767524838
3900,0,1,0.0026197941042482853,0.9972805976867676,8.794324821792543e-05,1.1704191820172127e-05
3901,1,1,5.856571760887164e-08,0.9999998807907104,2.0273267509196558e-08,1.438977270673547e-09
3902,2,2,0.00012953518307767808,4.616998921846971e-06,0.9995872378349304,0.00027867010794579983
3903,0,0,0.9998804330825806,4.611181907421269e-07,0.00011557165998965502,3.4829524793167366e-06
3904,0,0,0.9992973804473877,1.026915469992673e-06,4.917045953334309e-05,0.0006524099153466523
3905,1,1,2.1943469619145617e-06,0.9999759197235107,1.67235812114086e-05,5.169771611690521e-06
3906,0,0,0.9999984502792358,1.9347137225622646e-09,1.2687819435086567e-06,1.827839781753937e-07
3907,2,2,0.0004134255868848413,1.973567833601919e-07,0.9989359974861145,0.0006503272452391684
3908,1,1,0.0029303256887942553,0.9970535039901733,1.1460499990789685e-05,4.70634586235974e-06
3909,0,3,0.43105655908584595,0.0001811717520467937,0.009715939871966839,0.5590462684631348
3910,0,0,0.963729739189148,1.0596624633762985e-05,0.0002000208623940125,0.03605971485376358
3911,0,0,0.9961249232292175,1.0142962914017062e-08,0.0017961104167625308,0.002079055644571781
3912,0,0,0.9971179962158203,6.122198101365939e-05,0.001262195874005556,0.001558516058139503
3913,3,3,0.046827271580696106,5.916937766414776e-07,0.04589755833148956,0.9072746634483337
3914,0,0,0.9999938011169434,8.347067481651038e-10,1.2991273479201482e-07,6.094203399698017e-06
3915,0,0,0.9999955892562866,2.7178634898206155e-09,2.08411984203849e-06,2.418294570816215e-06
3916,0,2,0.2051878422498703,5.487402532367014e-08,0.42806896567344666,0.36674314737319946
3917,1,1,7.904839003458619e-05,0.9998868703842163,2.2702243640537745e-08,3.414284219616093e-05
3918,0,0,0.9999294281005859,5.0802180339815095e-05,1.587660335644614e-05,3.851482233585557e-06
3919,1,1,4.462878223421285e-06,0.9999949932098389,4.0714465399105393e-07,9.204589446198952e-08
3920,0,0,0.9998819828033447,2.8624601355886625e-08,9.993756248150021e-05,1.8069289581035264e-05
3921,1,1,0.00035927732824347913,0.9996261596679688,1.1678918781399261e-05,2.8173719783808338e-06
3922,3,3,0.0015948006184771657,9.02875552100113e-09,1.692509977146983e-05,0.9983882904052734
3923,1,1,1.5422960132127628e-05,0.999982476234436,1.0712668085943733e-07,2.0607119495252846e-06
3924,1,1,2.5754541184142e-06,0.9999973773956299,3.955163307978182e-08,2.1491588952926577e-08
3925,0,0,0.9998860359191895,3.3348733268212527e-06,0.00010329380165785551,7.256548542500241e-06
3926,1,1,0.00039430137258023024,0.9985753297805786,0.0007291877409443259,0.00030115648405626416
3927,1,1,0.0009167419048026204,0.9990350008010864,6.358508471748792e-06,4.193835411570035e-05
3928,0,0,0.9999440908432007,4.366022039903328e-06,9.935688467521686e-06,4.1697821870911866e-05
3929,0,0,0.9992470741271973,7.7839456480433e-07,0.0002014192141359672,0.0005507724126800895
3930,0,0,0.9999991655349731,2.770019769116061e-09,4.115765364076651e-07,4.4898274609295186e-07
3931,0,0,0.9999980926513672,2.389001441116534e-09,1.4560225736204302e-06,4.963750370734488e-07
3932,1,1,1.4065581588340592e-08,0.9999994039535522,6.314288043540728e-07,1.9245732119088643e-08
3933,1,1,2.67769814854546e-06,0.9999961853027344,7.881282044763793e-07,3.198627780420793e-07
3934,2,2,9.00475151865976e-06,7.874956509112963e-08,0.9999061822891235,8.464842539979145e-05
3935,1,1,0.00018092067330144346,0.9993495345115662,0.00040012269164435565,6.947475776541978e-05
3936,1,1,0.0009789466857910156,0.9981096982955933,0.0007265890599228442,0.00018476600234862417
3937,1,1,0.06667453050613403,0.9332536458969116,2.825340925483033e-05,4.365453060017899e-05
3938,1,1,1.2903382412332576e-05,0.9999582767486572,1.9802278984570876e-05,9.018146556627471e-06
3939,1,1,0.00025854649720713496,0.9996634721755981,4.2971129005309194e-05,3.5087035939795896e-05
3940,2,2,0.003376784734427929,0.007195924408733845,0.9878972768783569,0.001529937726445496
3941,1,1,2.55929165859925e-07,0.9999995231628418,2.1791153415051667e-07,1.5755671212147604e-09
3942,1,1,0.14478589594364166,0.8528704643249512,0.0019016676815226674,0.0004419892793521285
3943,0,0,0.9992145299911499,0.00010971732990583405,0.0005177376442588866,0.00015796492516528815
3944,1,1,4.327997942255024e-07,0.9999921321868896,7.054342404444469e-06,3.8818720327071787e-07
3945,3,2,0.00041166855953633785,4.76114873890765e-05,0.904825747013092,0.09471488744020462
3946,1,1,3.345304503454827e-05,0.9999558925628662,8.892565347196069e-06,1.8036645315078204e-06
3947,1,3,0.005361262243241072,0.07729637622833252,0.07454850524663925,0.8427937626838684
3948,0,0,0.9987360835075378,1.1282428431513836e-06,0.0006014507380314171,0.0006612861179746687
3949,2,2,0.2957620322704315,0.027008162811398506,0.513891875743866,0.16333793103694916
3950,3,3,2.087366192426998e-05,1.9033899789633324e-08,0.002976807067170739,0.9970023036003113
3951,1,1,8.482734119752422e-05,0.999881386756897,2.7459445846034214e-05,6.286065854510525e-06
3952,1,1,0.02989571914076805,0.9691369533538818,0.0007606730214320123,0.00020672690880019218
3953,3,1,0.004802191164344549,0.9925757646560669,0.0005883287522010505,0.002033805940300226
3954,3,3,0.00013452357961796224,4.632742189869532e-08,0.14719359576702118,0.8526718616485596
3955,1,1,0.0001677838445175439,0.999818742275238,2.3544792782104196e-07,1.3194100574764889e-05
3956,0,0,0.9999853372573853,4.2436608964635525e-06,2.399060292646027e-07,1.0126970664714463e-05
3957,0,0,0.9997947812080383,1.7354319425066933e-05,4.5963934098836035e-06,0.00018320613889954984
3958,0,0,0.9999954700469971,1.5312362222630327e-07,3.5018993003177457e-06,9.035505854626535e-07
3959,1,1,0.0019650408066809177,0.9978187084197998,0.00017918972298502922,3.705434937728569e-05
3960,0,0,0.9999998807907104,1.005119078245631e-11,5.1898791930682364e-09,6.646701677937017e-08
3961,1,1,2.504531221347861e-05,0.999964714050293,1.308543915001792e-06,8.917423656384926e-06
3962,1,0,0.8652426600456238,0.13465122878551483,8.960296690929681e-05,1.64907341968501e-05
3963,1,1,1.4866916899336502e-05,0.9999828338623047,1.4186985026753973e-06,8.354530791621073e-07
3964,3,3,0.00224610255099833,1.2223607654959778e-06,0.054030679166316986,0.9437220096588135
3965,1,1,0.018622996285557747,0.9805753231048584,0.0006629979470744729,0.00013873052375856787
3966,1,1,2.223721367045073e-06,0.9999974966049194,9.13502020694068e-08,2.6170388878199446e-07
3967,0,0,0.9962018132209778,2.372982635279186e-06,0.0033811924513429403,0.00041453848825767636
3968,2,3,0.00018612295389175415,1.2979955954506295e-07,0.018026459962129593,0.9817873239517212
3969,3,3,0.0001498156343586743,1.0816457916007494e-06,0.009324045851826668,0.9905250668525696
3970,2,3,1.16157380034565e-05,3.0998688060890345e-08,0.004226121120154858,0.995762288570404
3971,0,0,0.9995042085647583,1.945339590747608e-06,6.177846807986498e-05,0.0004321692977100611
3972,1,1,0.1756501942873001,0.6807096004486084,0.10275449603796005,0.04088564217090607
3973,1,3,0.0015263977693393826,0.012171476148068905,0.21893662214279175,0.7673655152320862
3974,2,2,0.013053612783551216,0.046576838940382004,0.8738139867782593,0.06655552238225937
3975,2,2,0.0008286130614578724,9.144580872089136e-06,0.9900602102279663,0.00910195428878069
3976,2,2,0.0013070943532511592,5.409973802272816e-09,0.9985906481742859,0.00010230028419755399
3977,2,2,0.015901165083050728,3.945032221963629e-05,0.9779640436172485,0.006095376331359148
3978,1,1,1.1983707963736379e-06,0.9999986886978149,1.5922951490665582e-07,5.0302862319995256e-08
3979,0,0,0.9999988079071045,2.2447898118116427e-07,2.680775139651814e-07,6.765232001271215e-07
3980,0,1,0.13775961101055145,0.8411822319030762,0.005460016895085573,0.015598160214722157
3981,0,0,0.5093914270401001,8.548367986804806e-06,0.003336808178573847,0.48726320266723633
3982,1,1,5.312324719852768e-05,0.9999356269836426,2.9272923711687326e-06,8.362948392459657e-06
3983,3,3,0.011506854556500912,0.00034426452475599945,0.2308589667081833,0.7572900056838989
3984,3,3,0.019789062440395355,0.00013899049372412264,0.0069390153512358665,0.9731329083442688
3985,3,3,0.00019945779058616608,5.568526830757037e-06,0.012599234469234943,0.9871957302093506
3986,3,3,0.11942584812641144,0.006407745648175478,0.09403211623430252,0.7801343202590942
3987,3,3,0.007679384667426348,7.293140242836671e-06,0.06416284292936325,0.928150475025177
3988,2,2,2.1928761270828545e-05,1.0315824994222567e-07,0.9997617602348328,0.00021616216690745205
3989,3,3,4.7586723894710303e-07,5.168941386024528e-10,0.00016015033179428428,0.9998393058776855
3990,2,2,0.0001720458676572889,0.0003308301093056798,0.9991114735603333,0.0003855697577819228
3991,3,3,1.7317109950454324e-06,9.56875689794856e-10,8.635815174784511e-05,0.999911904335022
3992,0,0,0.6695771217346191,3.482589454506524e-05,0.18932688236236572,0.1410612165927887
3993,3,3,0.004591179080307484,0.001123070833273232,0.013569170609116554,0.9807166457176208
3994,3,3,0.00020203027816023678,0.0008111390052363276,0.12737949192523956,0.87160724401474
3995,1,1,1.5683425544921192e-06,0.9999967813491821,1.9452060939784133e-07,1.432249973731814e-06
3996,1,1,2.0045954443048686e-06,0.9999936819076538,1.032552745527937e-06,3.2941884455794934e-06
3997,1,1,5.3112220484763384e-05,0.9999130964279175,1.8953219296236057e-06,3.196715624653734e-05
3998,3,0,0.7517753839492798,2.8758556709362892e-06,0.00018546399951446801,0.24803636968135834
3999,0,0,0.9968361854553223,0.0008913439814932644,0.0012191690038889647,0.0010531870648264885
4000,2,3,3.595226735342294e-05,6.406172587958281e-07,0.002719541545957327,0.9972438812255859
4001,0,0,0.9999603033065796,1.1073764127900176e-08,8.9819959612214e-06,3.077958172070794e-05
4002,2,2,1.964524471986806e-06,7.386217193428024e-10,0.999996542930603,1.5010892866484937e-06
4003,2,2,0.0052544423379004,1.4336269487102982e-06,0.9940166473388672,0.0007274686940945685
4004,3,3,0.14790770411491394,2.8835193006671034e-06,0.03201346471905708,0.8200759887695312
4005,3,3,1.5014802556834184e-05,6.95965240993246e-09,0.0072237723506987095,0.9927612543106079
4006,2,2,5.8556175645207986e-05,1.070770736077975e-06,0.9999345541000366,5.799991868116194e-06
4007,0,0,0.8531019687652588,0.018675770610570908,0.05086611583828926,0.07735618203878403
4008,2,2,0.003782047191634774,7.82968015755614e-07,0.9961289167404175,8.831981540424749e-05
4009,3,3,4.331121544964844e-06,1.629759935894981e-07,0.0016881754854694009,0.9983073472976685
4010,0,0,0.9966804385185242,5.879130185348913e-05,0.003173819277435541,8.692777919350192e-05
4011,1,1,6.974968869144504e-07,0.9999991655349731,9.382360133258771e-08,5.781219769573909e-08
4012,3,3,1.636373963265214e-05,2.296139278712417e-08,4.3509189708856866e-05,0.9999401569366455
4013,2,2,0.025397121906280518,0.0015800967812538147,0.9512737989425659,0.02174900285899639
4014,2,2,2.804559244395932e-06,3.0787621341232807e-09,0.9999898672103882,7.309584361792076e-06
4015,0,0,0.9999966621398926,9.807057921307205e-08,4.3604237021099834e-07,2.806108795994078e-06
4016,3,3,9.37126785061082e-08,7.225177967029595e-08,4.3106476368848234e-05,0.9999567270278931
4017,3,3,0.00263001536950469,3.161265453854867e-07,0.0009464596514590085,0.9964231848716736
4018,1,1,0.001099169603548944,0.9987840056419373,3.63505823770538e-05,8.050206088228151e-05
4019,1,1,0.00018533556431066245,0.9434642791748047,0.05619287118315697,0.00015750645252410322
4020,2,2,5.494940705830231e-05,1.376907334815769e-06,0.9828318953514099,0.017111727967858315
4021,3,3,6.761911777175555e-07,9.56081969150091e-09,0.001300239935517311,0.9986990690231323
4022,2,2,0.03851550444960594,6.431256770156324e-05,0.8362407088279724,0.12517952919006348
4023,3,3,0.0002198393049184233,2.9823573299836426e-07,0.0031602533999830484,0.9966195821762085
4024,2,2,0.0002361628139624372,9.714879922739783e-08,0.9997428059577942,2.0848223357461393e-05
4025,2,2,3.221642327844165e-05,2.9226796538495137e-09,0.999967098236084,7.473402092728065e-07
4026,2,2,1.010293544823071e-05,1.1885596951088928e-09,0.9999886751174927,1.1435134865678265e-06
4027,0,1,0.03053971752524376,0.9639814496040344,0.005362119060009718,0.0001167893351521343
4028,0,0,0.9891816973686218,1.8085366093600896e-08,0.010805658996105194,1.2549627172120381e-05
4029,0,1,0.0022153486497700214,0.9977836012840271,2.7713707595466985e-07,8.072616992649273e-07
4030,3,2,0.0008122253348119557,2.951154272068379e-07,0.9405667185783386,0.05862079933285713
4031,1,1,0.007368645165115595,0.9924045205116272,0.00020723762281704694,1.9512401195243e-05
4032,0,0,0.9995520710945129,2.4796968034479505e-08,1.6362599126296118e-05,0.0004315256664995104
4033,2,2,3.3949654607567936e-05,8.664788765599951e-06,0.9998257756233215,0.00013166131975594908
4034,1,1,1.5804661188667524e-06,0.9999897480010986,8.098460966721177e-06,5.651315291288483e-07
4035,2,2,0.050253648310899734,1.1738077773770783e-05,0.9187182784080505,0.031016316264867783
4036,2,2,0.14078369736671448,1.6000713003450073e-05,0.6991491317749023,0.16005121171474457
4037,1,1,0.00025587488198652864,0.9997373223304749,2.1804032712680055e-06,4.64466893390636e-06
4038,0,0,0.9989913105964661,0.0003117297310382128,2.582844217613456e-06,0.0006942840409465134
4039,0,0,0.9997487664222717,2.765363660728326e-06,4.948512710711839e-08,0.0002484417927917093
4040,1,1,1.8129147960621594e-08,0.9999998807907104,5.060432783920987e-08,2.53107779180084e-09
4041,1,1,4.053041266161017e-05,0.9999558925628662,3.211009925507824e-06,4.093088818990509e-07
4042,1,1,4.8018730325338765e-08,0.9999984502792358,2.1681635653525433e-11,1.5980338048393605e-06
4043,1,1,2.0920234433674523e-09,1.0,1.0644284932637138e-13,1.2244804996341951e-11
4044,0,0,0.999981164932251,1.8902827747524498e-08,4.132732101425063e-06,1.4675902093586046e-05
4045,2,2,0.014546655118465424,2.7309135475661606e-05,0.49525976181030273,0.4901663064956665
4046,1,1,0.10667424649000168,0.8694801330566406,0.015527662821114063,0.008317884989082813
4047,3,3,0.029449153691530228,8.287277523777448e-06,0.00037394746323116124,0.9701685309410095
4048,3,3,0.03589572012424469,4.676853222917998e-06,0.0009953546104952693,0.963104248046875
4049,2,2,1.4597518429582124e-06,5.190191032511393e-08,0.9966166615486145,0.0033818716183304787
4050,1,1,0.04984003305435181,0.9378212094306946,0.002136307768523693,0.01020248606801033
4051,3,3,0.00032135689980350435,3.87069012504071e-05,0.00027684151427820325,0.999363124370575
4052,2,2,0.0002318518963875249,3.1519348340225406e-06,0.9757816791534424,0.02398330718278885
4053,0,0,0.9994484782218933,2.7519532523001544e-05,0.00026422517839819193,0.0002597851271275431
4054,1,1,0.0085327522829175,0.9913177490234375,0.00010362707689637318,4.585561327985488e-05
4055,2,2,0.026663972064852715,0.00030129594961181283,0.9584371447563171,0.014597593806684017
4056,2,2,0.0013710242928937078,3.813504747540719e-07,0.9973415732383728,0.0012869777856394649
4057,3,3,0.022861072793602943,1.617169618839398e-05,0.042009469121694565,0.9351133108139038
4058,3,2,0.01944892480969429,9.666278799613792e-08,0.9748929738998413,0.0056580244563519955
4059,2,2,0.007634578738361597,0.004682380706071854,0.8360934257507324,0.15158966183662415
4060,2,2,6.1208456827444024e-06,9.085889729476548e-08,0.9998175501823425,0.00017636475968174636
4061,1,1,4.235811866237782e-05,0.9998501539230347,5.84079816690064e-06,0.00010169523011427373
4062,0,0,0.9991835951805115,8.572623073632712e-07,0.0005894539062865078,0.0002260811597807333
4063,2,2,0.0018192058196291327,7.110573642421514e-05,0.9976809024810791,0.0004287513147573918
4064,1,1,0.007360399235039949,0.9915804266929626,0.001046902732923627,1.2277268069738057e-05
4065,2,0,0.9160380363464355,2.142276116501307e-06,0.08346516638994217,0.0004946786211803555
4066,1,1,0.00019373772374819964,0.9997981190681458,4.463297500478802e-06,3.641374860308133e-06
4067,0,0,0.9997808337211609,8.467232959219473e-08,0.00014667610230389982,7.239041588036343e-05
4068,0,0,0.9999995231628418,6.335470459362114e-08,1.9527428207766206e-07,1.936057856255502e-07
4069,3,3,1.4171580005495343e-05,6.236470007081607e-09,0.010438975878059864,0.9895468354225159
4070,3,3,3.985537205153378e-06,2.877433846748545e-10,7.613985508214682e-05,0.9999198913574219
4071,1,1,0.0031487157102674246,0.9953162670135498,0.0013753928942605853,0.0001595807116245851
4072,3,3,0.000221529757254757,1.8401567558612442e-07,0.08642791211605072,0.9133503437042236
4073,3,3,4.667011808123789e-07,1.352000039700485e-10,0.014123735018074512,0.9858757853507996
4074,2,2,0.0021910013165324926,1.1275951692368835e-05,0.9975913763046265,0.000206374388653785
4075,3,3,2.0014731205719727e-08,5.047488121912025e-11,8.404370601056144e-05,0.9999159574508667
4076,0,0,0.9999992847442627,5.677313827390229e-11,1.3002562582187238e-07,5.542865437746514e-07
4077,0,0,0.999981164932251,8.952732777345318e-09,1.6898273315746337e-05,1.909384764076094e-06
4078,2,2,6.804340955568478e-05,3.470140654826537e-07,0.9996746778488159,0.0002568920608609915
4079,2,2,0.000784034316893667,2.5747499421413522e-06,0.9976704716682434,0.0015429897466674447
4080,0,0,0.9998801946640015,2.5778686563171505e-07,7.982458191690966e-05,3.970858233515173e-05
4081,3,3,0.004783911630511284,0.000759041344281286,0.0009962102631106973,0.9934608936309814
4082,3,3,8.113102012430318e-08,1.0885244137170957e-06,0.008173059672117233,0.9918258190155029
4083,3,3,3.4555640127109655e-07,4.401885522753446e-09,0.000635578588116914,0.9993640780448914
4084,3,3,2.0490484530455433e-05,4.4819863376233116e-09,0.0009780722903087735,0.9990014433860779
4085,3,3,0.00045957264956086874,5.914099801884731e-06,0.0017917566001415253,0.997742772102356
4086,3,3,0.001327630947344005,1.523399077996146e-05,0.0012844160664826632,0.9973727464675903
4087,0,0,0.9999946355819702,2.524921853819251e-07,2.126988363215787e-07,4.904934030491859e-06
4088,0,2,0.009539230726659298,0.17442598938941956,0.8001829981803894,0.01585184410214424
4089,2,0,0.5336486101150513,0.004966136999428272,0.4361018240451813,0.02528342418372631
4090,3,3,0.00020902695541735739,1.5704965790064307e-06,0.06486479192972183,0.9349246025085449
4091,1,1,0.0015763898845762014,0.9984164237976074,5.341220003174385e-06,1.7497151247880538e-06
4092,1,1,8.572257502237335e-05,0.9999005794525146,3.7841039102204377e-06,9.938564289768692e-06
4093,2,2,3.782412750297226e-05,2.74177837127354e-05,0.9996676445007324,0.0002671320107765496
4094,1,1,2.4064358512987383e-05,0.9998314380645752,3.91612047678791e-05,0.00010539426148170605
4095,0,0,0.9999213218688965,1.7309008399024606e-05,4.0132810681825504e-05,2.1205276425462216e-05
4096,2,2,5.2934439736418426e-05,0.00010373452823841944,0.9994184970855713,0.00042484697769396007
4097,3,2,0.00011686354991979897,4.090792572242208e-06,0.9998711347579956,7.93469553173054e-06
4098,2,2,1.2896923180960584e-05,2.061022241761634e-09,0.999985933303833,1.1694775139403646e-06
4099,1,1,2.5053876015590504e-05,0.9999412298202515,8.013428669073619e-06,2.575416692707222e-05
4100,3,3,0.00033766444539651275,1.0397271665851804e-07,0.003089197911322117,0.9965730905532837
4101,2,2,0.042612139135599136,3.6150370306131663e-06,0.9447871446609497,0.01259716134518385
4102,0,3,0.005034718196839094,9.070857913684449e-07,0.006827823352068663,0.9881365299224854
4103,3,3,0.009638012386858463,1.5509414197367732e-06,0.0005833152681589127,0.989777147769928
4104,0,0,0.9999997615814209,1.739982309345578e-07,4.88865623538004e-08,1.0519502069428199e-07
4105,3,3,3.7473557767953025e-07,1.644044367310471e-08,0.0028131920844316483,0.9971863627433777
4106,0,0,0.9932709336280823,7.0147643782547675e-06,0.004144189413636923,0.002577918814495206
4107,3,3,8.562476239148964e-08,2.161446488457841e-08,0.0005192449898459017,0.999480664730072
4108,0,0,0.9998897314071655,1.309878427946387e-07,1.978542422875762e-05,9.039584256242961e-05
4109,2,2,0.0003853147791232914,7.648434802831616e-06,0.9995425939559937,6.440471770474687e-05
4110,2,2,0.0004086889966856688,1.1853668411276885e-06,0.9993354678153992,0.00025453444686718285
4111,3,3,2.159419182135025e-06,2.5791491164994795e-09,0.007198593113571405,0.9927992820739746
4112,1,1,5.853020866197767e-06,0.9999302625656128,1.67238376889145e-05,4.7253361117327586e-05
4113,1,1,0.07470854371786118,0.9134121537208557,0.009697864763438702,0.0021814920473843813
4114,3,3,0.40681126713752747,1.3042555337960948e-06,6.073365057090996e-06,0.5931814312934875
4115,3,3,2.959906453270378e-07,4.973748496395203e-11,1.5005655768618453e-05,0.9999847412109375
4116,2,2,7.79284346208442e-06,1.8643378396632215e-08,0.9999909400939941,1.3354799648368498e-06
4117,0,3,0.005808230023831129,8.437443170805636e-07,2.7390135528548853e-06,0.9941881895065308
4118,0,0,0.9986617565155029,5.770543339167489e-06,0.0005034914938732982,0.0008290151017718017
4119,2,2,0.0003659428912214935,4.351518612111249e-07,0.9584318995475769,0.04120169207453728
4120,3,3,0.0037314340006560087,0.006996218580752611,0.001066207536496222,0.9882060885429382
4121,3,3,0.0007381265750154853,4.232410901749972e-06,0.01332832407206297,0.9859293103218079
4122,3,3,1.8439701534589403e-06,9.972970227423161e-10,3.144431957480265e-06,0.9999949932098389
4123,2,2,0.00016332649101968855,1.0828397535078693e-05,0.999345600605011,0.000480220012832433
4124,1,1,0.0019309447379782796,0.9942145943641663,0.00017251510871574283,0.003681965172290802
4125,1,1,6.747470706613967e-07,0.9999992847442627,2.8831312448573954e-08,2.2518225506473755e-08
4126,1,1,2.4221071726060472e-06,0.9999945163726807,2.4843541268637637e-07,2.8223073513800045e-06
4127,0,0,0.9999452829360962,2.0929466700181365e-05,3.17221310979221e-05,2.0751142528752098e-06
4128,2,2,0.0017090609762817621,2.5419967641937546e-07,0.9981521964073181,0.00013850702089257538
4129,1,1,0.00012596602027770132,0.9997945427894592,5.590273576672189e-05,2.358609162911307e-05
4130,2,2,0.0013825376518070698,1.9956232790718786e-05,0.9969082474708557,0.0016892703715711832
4131,3,3,0.0014117818791419268,0.00010778177966130897,0.05913287773728371,0.939347505569458
4132,2,2,0.014872713014483452,1.1596966032811906e-05,0.9831013083457947,0.002014315687119961
4133,2,2,0.0018354607746005058,1.9454423849651903e-08,0.9966111779212952,0.0015533167170360684
4134,0,0,0.9999929666519165,1.7209289993047605e-08,1.7737022517394507e-08,7.034610007394804e-06
4135,1,1,0.00542560825124383,0.9944061040878296,6.266115815378726e-05,0.00010559041402302682
4136,2,2,0.020560167729854584,1.9318964405101724e-05,0.7354759573936462,0.24394457042217255
4137,0,1,0.3700542449951172,0.6185137629508972,0.007875310257077217,0.003556652460247278
4138,2,3,0.00011836898192996159,3.402913353056647e-05,0.019224610179662704,0.9806230068206787
4139,0,0,0.9939433932304382,0.00045118809794075787,0.005293743684887886,0.00031163435778580606
4140,3,3,2.886573929572478e-05,1.6335302461811807e-06,0.0029681436717510223,0.9970013499259949
4141,1,1,4.238148540025577e-05,0.9999171495437622,6.248420504562091e-06,3.4213244362035766e-05
4142,1,1,0.001754223951138556,0.9945210218429565,0.0007803792250342667,0.0029443649109452963
4143,0,0,0.8687893152236938,0.0002536465472076088,0.0931825116276741,0.03777454048395157
4144,1,1,0.00091625313507393,0.9605461359024048,0.0036932292860001326,0.034844376146793365
4145,3,3,0.0007588578155264258,4.332389025307748e-08,0.2932538688182831,0.7059871554374695
4146,0,0,0.9986107349395752,4.818683123630763e-07,7.543791434727609e-05,0.0013133095344528556
4147,0,0,0.9998329877853394,6.169203174977156e-07,4.214207365293987e-05,0.0001242016878677532
4148,3,2,4.193264612695202e-05,1.0598370892012099e-07,0.9612980484962463,0.038659870624542236
4149,2,2,0.05350484699010849,0.000159630217240192,0.9231749176979065,0.02316061407327652
4150,3,3,0.015321245416998863,0.00016469515685457736,0.0256147850304842,0.9588992595672607
4151,2,2,0.00011551316129043698,0.0045375400222837925,0.9952343106269836,0.00011254982382524759
4152,3,3,0.00012861943105235696,2.607909621588078e-08,0.000899077916983515,0.9989722967147827
4153,3,3,0.0003340543480589986,1.854550646385178e-07,0.0081942705437541,0.9914714694023132
4154,0,0,0.9999454021453857,2.6835441531147808e-06,1.692233354333439e-06,5.0278391427127644e-05
4155,0,0,0.9999080896377563,1.575854469137994e-07,5.82098109589424e-05,3.36267585225869e-05
4156,0,0,0.9995693564414978,7.337224087677896e-05,0.00014146121975500137,0.00021584024943877012
4157,2,2,0.0009036642732098699,3.046871097467374e-05,0.9932357668876648,0.0058300732634961605
4158,2,2,3.0558887829101877e-06,5.927943691474979e-10,0.999996542930603,3.937376220619626e-07
4159,3,3,2.2769756924390094e-06,6.463535129341835e-08,7.597301009809598e-05,0.9999216794967651
4160,2,2,5.3384152124635875e-05,3.532804981887239e-08,0.999927282333374,1.9282897483208217e-05
4161,2,2,2.069809283966606e-07,1.9821007057885254e-08,0.9998008608818054,0.0001989414740819484
4162,0,0,0.9995359182357788,0.0002554863749537617,0.00012683123350143433,8.178117423085496e-05
4163,3,2,0.41063225269317627,4.6945984877311275e-08,0.4972917139530182,0.09207596629858017
4164,2,2,8.50250853545731e-06,6.512536621094966e-10,0.9989940524101257,0.000997536932118237
4165,2,0,0.5005629062652588,0.00014546226884704083,0.4750368595123291,0.02425474487245083
4166,2,2,0.0007819218444637954,2.602244649096974e-06,0.9990509152412415,0.00016460854385513812
4167,1,1,1.6191590930247912e-06,0.9999983310699463,7.177595051643948e-08,7.319240324932252e-09
4168,2,2,0.15225975215435028,0.0006914313999004662,0.8268854022026062,0.02016344852745533
4169,0,0,0.9304882884025574,0.00013951533765066415,0.06191309168934822,0.0074590458534657955
4170,1,1,0.0009557066368870437,0.9986439347267151,1.590691681485623e-05,0.0003844195161946118
4171,0,0,0.9863193035125732,0.004893399775028229,0.008575040847063065,0.00021231616847217083
4172,2,2,0.00016708798648323864,1.319628609053325e-06,0.999695897102356,0.00013574898184742779
4173,3,3,0.0005064431461505592,0.0007782888133078814,0.0011042214464396238,0.9976110458374023
4174,3,3,0.22991281747817993,0.0005421601235866547,0.03803981468081474,0.7315052151679993
4175,1,1,0.00011693254054989666,0.9997003078460693,6.522076000692323e-05,0.00011759882909245789
4176,0,0,0.999725878238678,3.752337215701118e-05,0.00020647031487897038,3.0143030016915873e-05
4177,3,3,4.991998866898939e-05,1.725631193494337e-07,0.009052741341292858,0.9908972382545471
4178,0,0,0.9043471813201904,5.87780206728894e-08,0.035280290991067886,0.06037253141403198
4179,1,1,0.0011203406611457467,0.9988388419151306,1.2273693755560089e-05,2.853637488442473e-05
4180,1,1,5.551315211960173e-07,0.999997615814209,9.140266854501533e-08,1.7824092992668739e-06
4181,2,2,5.372957730287453e-06,9.676249845824714e-08,0.999987006187439,7.569703484477941e-06
4182,0,0,0.9683380722999573,1.4187025954015553e-06,0.011536926962435246,0.02012362889945507
4183,0,0,0.9999597072601318,9.468153194802653e-08,3.332047981530195e-06,3.683159957290627e-05
4184,3,3,0.000737144669983536,2.4887031031539664e-06,0.0015097721479833126,0.9977505803108215
4185,2,2,0.0063166264444589615,1.788888994269655e-06,0.9903002977371216,0.0033812483306974173
4186,3,3,0.1204708069562912,1.705080285319127e-05,0.004732823930680752,0.874779224395752
4187,3,3,0.006772188935428858,6.573853897862136e-05,0.0033406042493879795,0.9898214340209961
4188,0,0,0.9868786931037903,0.0033402920234948397,0.00889625959098339,0.0008848647121340036
4189,2,2,0.0002943681029137224,4.349075879872544e-06,0.9993951320648193,0.00030612124828621745
4190,1,1,0.147071972489357,0.8525726199150085,0.00027312804013490677,8.225331112043932e-05
4191,2,2,5.171590146346716e-06,2.1162375105632236e-06,0.9998879432678223,0.00010478225158294663
4192,1,1,4.206728590361308e-06,0.9999876022338867,5.535734999284614e-06,2.678773398656631e-06
4193,1,1,3.583864599931985e-05,0.999963641166687,2.474854170486651e-07,2.037371586993686e-07
4194,3,3,2.148688963643508e-06,2.916491048665648e-09,0.03952910751104355,0.9604687094688416
4195,3,3,2.9713768867623003e-07,2.4486990213290483e-08,0.00019081785285379738,0.9998089671134949
4196,1,1,0.0005858406657353044,0.9988112449645996,0.0005740048363804817,2.8953405490028672e-05
4197,0,0,0.9880235195159912,6.514502274512779e-06,0.010163124650716782,0.0018068836070597172
4198,2,2,7.973757601575926e-05,2.300318556081038e-06,0.9997863173484802,0.00013170260353945196
4199,1,1,3.120676694834401e-07,0.9999651908874512,2.0303319615777582e-05,1.4156615179672372e-05
4200,3,3,0.16342788934707642,0.00016041028720792383,0.00010228301107417792,0.8363093733787537
4201,3,3,0.0015024426393210888,3.246916821808554e-05,0.4425376057624817,0.5559274554252625
4202,1,1,5.184703866234486e-08,0.9999915361404419,7.781552085361909e-06,5.986473752273014e-07
4203,3,3,0.03719255328178406,8.189188520191237e-06,7.886563253123313e-05,0.9627204537391663
4204,1,1,3.1581774237565696e-05,0.999813973903656,9.612191206542775e-05,5.836736090714112e-05
4205,2,2,0.00012170529953436926,8.448428707197309e-05,0.9992853999137878,0.0005084070726297796
4206,1,1,0.0007365181809291244,0.9974138140678406,0.0008625020855106413,0.0009872154332697392
4207,1,1,4.759921012009727e-06,0.9999943971633911,6.523956699311384e-07,1.9839191622850194e-07
4208,0,0,0.9978501796722412,8.290739060612395e-06,0.00019710908236447722,0.0019444427452981472
4209,0,0,1.0,1.8701020731981544e-09,3.1955982304765485e-10,2.525138675935068e-08
4210,2,2,0.00011743704817490652,1.136173864324519e-06,0.9980508089065552,0.0018305976409465075
4211,0,0,0.8381869196891785,0.007784076035022736,4.012025965494104e-05,0.15398889780044556
4212,0,0,0.9971854090690613,1.4925076357030775e-06,0.0024918760173022747,0.0003212611482013017
4213,1,1,4.4992624737005826e-08,0.9999998807907104,2.4747301097249874e-08,2.413877098206285e-09
4214,2,2,0.0008996863616630435,2.4940002276707673e-06,0.9984744191169739,0.0006233719177544117
4215,1,1,1.6172597270269762e-06,0.999997615814209,7.778842459060797e-09,6.698329571008799e-07
4216,2,2,1.2317094615355018e-06,1.7503733573676072e-08,0.9993246793746948,0.0006741179968230426
4217,0,0,0.9998539686203003,3.352049316163175e-05,2.1056463083368726e-05,9.139971371041611e-05
4218,3,3,0.0065803988836705685,0.0005207028589211404,0.022499078884720802,0.9703998565673828
4219,2,2,0.0005884594283998013,9.734108061820734e-07,0.9649878740310669,0.034422677010297775
4220,1,1,7.337997521972284e-05,0.9999034404754639,2.2295544113148935e-05,8.311694159601757e-07
4221,2,2,0.0009139988687820733,2.328222080905107e-06,0.9625108242034912,0.03657287359237671
4222,3,2,0.0001962202659342438,6.669294089078903e-05,0.9847812652587891,0.014955852180719376
4223,2,2,5.333128001439036e-07,1.3297005807544338e-06,0.9999474287033081,5.078923641121946e-05
4224,1,1,2.653257797646802e-05,0.9999730587005615,1.273872527463027e-07,1.9630597591913101e-07
4225,3,3,0.07161717116832733,0.0005634013214148581,0.1436460018157959,0.7841734290122986
4226,3,3,0.0022955103777348995,7.430781988659874e-05,0.02111816219985485,0.97651207447052
4227,0,0,0.9384714961051941,0.009697088971734047,5.124373274156824e-05,0.051780182868242264
4228,2,2,0.0012607777025550604,0.00014328282850328833,0.9745356440544128,0.024060213938355446
4229,0,0,1.0,1.3463938408619924e-08,2.015904776442312e-09,4.6793480201756665e-09
4230,3,3,0.0024624927900731564,9.23382776818471e-06,0.09893257915973663,0.8985957503318787
4231,3,3,0.00013775378465652466,1.2537739735307696e-09,7.887236279202625e-05,0.9997833371162415
4232,3,3,0.00039296498289331794,2.53769030678086e-07,0.008918111212551594,0.990688681602478
4233,2,2,0.010178761556744576,0.00016057649918366224,0.9892323017120361,0.00042834447231143713
4234,0,0,0.9997761845588684,0.00010031092097051442,8.9367909822613e-05,3.4080414479831234e-05
4235,2,2,5.550256901187822e-05,1.6927035328961892e-09,0.9999262094497681,1.8187287423643284e-05
4236,2,2,0.003910580184310675,0.00016084850358311087,0.9957497119903564,0.00017882976680994034
4237,1,1,1.9055871234741062e-05,0.9999657869338989,4.24942572863074e-06,1.087990040105069e-05
4238,1,1,0.00034658185904845595,0.997657060623169,0.001932627521455288,6.380353443091735e-05
4239,1,1,2.1114859919180162e-05,0.9999761581420898,2.7743171813199297e-06,2.076898475422695e-08
4240,1,1,1.9835180864902213e-05,0.999980092048645,2.9864992256989353e-08,8.100245807440842e-09
4241,2,2,0.0995771586894989,0.016105929389595985,0.746127188205719,0.1381896585226059
4242,2,2,0.00011989486665697768,1.1934553185710683e-05,0.9743369817733765,0.025531165301799774
4243,0,0,0.9990598559379578,1.966622676263796e-06,0.0008556440589018166,8.264971256721765e-05
4244,3,3,3.281961369339115e-07,1.504207203240071e-09,0.0022775714751333,0.9977220892906189
4245,3,3,0.00017034966731444,0.00015140640607569367,0.0026466466952115297,0.997031569480896
4246,0,0,0.9991940855979919,2.430698771149764e-07,7.509891293011606e-05,0.0007305850740522146
4247,0,0,0.9996047616004944,4.48065762270744e-09,5.815082840854302e-05,0.0003371310012880713
4248,3,3,1.2754070439768839e-06,4.1842559972415927e-10,2.2986741896602325e-05,0.9999756813049316
4249,2,2,3.027133789146319e-05,5.730960765504278e-06,0.9992263317108154,0.0007376786088570952
4250,0,0,0.9994297623634338,1.8884902885929478e-07,4.165388247656665e-07,0.0005697134765796363
4251,0,0,0.9999784231185913,1.449419251287054e-09,2.081004458887037e-05,7.464356031050556e-07
4252,3,3,4.570505188894458e-05,2.634423935887753e-06,0.000171372463228181,0.9997803568840027
4253,2,2,0.0010880244662985206,1.4282237316365354e-05,0.998786985874176,0.00011068243475165218
4254,2,2,7.692490908084437e-05,0.0013239783002063632,0.9872353672981262,0.011363675817847252
4255,2,2,7.438801503667491e-07,1.917689047559179e-07,0.9999345541000366,6.456000119214877e-05
4256,2,2,1.1210851880605333e-05,2.5270716630387824e-09,0.9999874830245972,1.3091989785607439e-06
4257,3,3,0.0007596822688356042,3.1306872187997214e-06,0.0021919063292443752,0.9970453381538391
4258,3,3,0.2211335450410843,0.005136440508067608,0.0034056615550071,0.7703243494033813
4259,3,3,3.447343388529589e-08,8.749682402220404e-12,9.447879165236373e-06,0.9999904632568359
4260,1,1,0.00025395635748282075,0.9967445135116577,0.0005979263805784285,0.002403619699180126
4261,0,0,0.9998499155044556,6.104220574343344e-06,1.845133738243021e-05,0.0001254445523954928
4262,0,0,0.9999970197677612,2.0075400186669867e-07,6.335916395983077e-07,2.17110004996357e-06
4263,2,2,4.4571643798008154e-07,3.9428078857373094e-11,0.999908447265625,9.103088814299554e-05
4264,3,3,1.1506724149512593e-05,1.6351420129012695e-07,0.028316769748926163,0.9716715812683105
4265,1,1,2.5963418011087924e-06,0.9999973773956299,3.165027351315075e-08,2.002686372293283e-08
4266,3,3,1.8925557014881633e-06,1.047559927691566e-09,2.3554754079668783e-05,0.9999746084213257
4267,3,3,4.198232636554167e-05,4.6261648094514385e-06,0.00032276532147079706,0.9996305704116821
4268,3,3,1.8563776393420994e-05,7.636990484449768e-10,0.20439043641090393,0.7955909967422485
4269,2,2,0.00027236080495640635,3.3013600386766484e-06,0.9941347241401672,0.005589702166616917
4270,3,3,0.00133576022926718,4.784037810168229e-05,0.23313556611537933,0.7654808759689331
4271,1,1,0.020640140399336815,0.7545284628868103,0.2030748426914215,0.021756602451205254
4272,3,3,0.0007636519731022418,0.0005321510834619403,0.009747134521603584,0.9889571070671082
4273,1,2,0.24166543781757355,0.09401102364063263,0.6390286684036255,0.025294888764619827
4274,1,1,0.004750870168209076,0.9951017498970032,2.5185556296491995e-05,0.0001222220598720014
4275,2,0,0.9123027324676514,0.01665184460580349,0.04644200578331947,0.024603448808193207
4276,1,1,0.010254992172122002,0.9872166514396667,0.0014380946522578597,0.001090251374989748
4277,3,3,0.0022236586082726717,2.0748191218444845e-06,0.0002369979047216475,0.99753737449646
4278,3,3,0.00019572496239561588,2.7375813260732684e-07,0.026395710185170174,0.9734083414077759
4279,1,1,1.5149224054766819e-05,0.999982476234436,1.5414807421620935e-06,8.336619430338033e-07
4280,1,1,3.14535791403614e-05,0.9998082518577576,6.433422822738066e-05,9.597498137736693e-05
4281,1,1,1.5690766304032877e-06,0.9999974966049194,7.449634722433984e-07,2.794646718484728e-07
4282,0,0,0.9999970197677612,3.664262635538762e-07,2.4711880541872233e-06,1.0004207950942146e-07
4283,1,1,7.900775500502277e-08,0.9999998807907104,1.6960028048629283e-08,2.1241341130462388e-08
4284,2,2,8.085656736511737e-05,2.0734759687002224e-08,0.9220391511917114,0.0778798833489418
4285,3,3,0.008112983778119087,0.00028364011086523533,0.017921729013323784,0.973681628704071
4286,0,0,0.9647039175033569,0.00047337214346043766,0.026504911482334137,0.008317789994180202
4287,2,2,0.000554331112653017,1.623272146389354e-05,0.998904824256897,0.0005245794309303164
4288,2,2,8.29463533591479e-05,4.050518143117188e-08,0.9830473065376282,0.01686972938477993
4289,2,2,0.00016234697250183672,0.00015743989206384867,0.993599534034729,0.0060807038098573685
4290,0,0,0.9979315996170044,4.6719810598006006e-07,0.00018324179109185934,0.0018847084138542414
4291,0,0,0.9316668510437012,0.00014160177670419216,0.06561797112226486,0.002573584672063589
4292,2,2,7.235698376462096e-06,2.1271829098168382e-07,0.9995703101158142,0.0004222186398692429
4293,2,2,0.021741099655628204,0.0008887603180482984,0.9732406139373779,0.004129520617425442
4294,3,3,0.004770033061504364,5.286482337396592e-05,0.00024617050075903535,0.9949309229850769
4295,0,0,0.9958814382553101,8.43619454826694e-06,0.0038889821153134108,0.0002211896498920396
4296,1,1,0.00023272252292372286,0.9997623562812805,2.104137365677161e-06,2.8355013910186244e-06
4297,2,2,9.67570158536546e-05,1.3827199836669024e-05,0.9932265877723694,0.006662826519459486
4298,1,1,1.9795035768765956e-05,0.9999682903289795,6.001742804073729e-06,6.017406121827662e-06
4299,0,0,0.6145327091217041,0.0009942838223651052,0.38096049427986145,0.0035125052090734243
4300,1,2,0.028409115970134735,0.4064062833786011,0.5621340274810791,0.0030505952890962362
4301,1,1,0.0010535118635743856,0.998488187789917,0.0003238799690734595,0.00013433012645691633
4302,0,1,0.42462390661239624,0.532359778881073,0.004280352499336004,0.038736000657081604
4303,0,0,0.9990990161895752,1.6075580788310617e-05,0.0006774009671062231,0.00020745821529999375
4304,2,2,0.0003157860483042896,1.6115533298943774e-06,0.9995224475860596,0.00016018649330362678
4305,3,3,0.00017563185247126967,0.016184478998184204,0.006279438268393278,0.9773604869842529
4306,3,3,3.141042270726757e-07,1.4073414655868532e-10,0.0020457592327147722,0.9979538917541504
4307,0,0,0.9999788999557495,2.506215027175962e-11,3.499545764285017e-09,2.1091613234602846e-05
4308,2,2,9.664943263487658e-07,5.455192964021194e-10,0.9999979734420776,1.0892547379626194e-06
4309,2,2,0.0018604898359626532,2.2622482447332004e-06,0.994804322719574,0.0033329157158732414
4310,2,2,0.014100941829383373,0.0053016687743365765,0.9794853329658508,0.0011120365234091878
4311,2,2,7.886550520197488e-06,1.0811758954787365e-07,0.999868631362915,0.00012338923988863826
4312,3,3,0.0020313835702836514,3.5689958167495206e-05,0.13539181649684906,0.8625410795211792
4313,0,0,0.9236754775047302,2.321156216567033e-06,0.021259116008877754,0.055063191801309586
4314,1,1,4.6458852011710405e-05,0.9970635771751404,0.002758203772827983,0.00013175065396353602
4315,0,0,0.9999983310699463,1.3668189913218498e-09,4.978325023330399e-07,1.2436445331331925e-06
4316,3,3,1.0521906688154559e-06,1.5202680003767455e-08,0.004728592932224274,0.995270311832428
4317,2,2,0.0005316527676768601,6.253470701267361e-07,0.9992095232009888,0.0002582349698059261
4318,3,3,1.2133205927966628e-05,1.731248602254709e-07,0.0004994520568288863,0.9994882345199585
4319,3,2,0.006262128707021475,1.3642702469951473e-05,0.8006402850151062,0.19308391213417053
4320,3,3,0.004195003770291805,0.00039527975604869425,0.03779016062617302,0.9576194882392883
4321,1,1,0.0009489606600254774,0.9960129261016846,0.0017311458941549063,0.0013070683926343918
4322,3,3,7.74210911913542e-06,2.85066960259428e-07,5.4351148719433695e-05,0.9999376535415649
4323,3,2,9.605779632693157e-05,4.0718487070989795e-07,0.810874342918396,0.18902917206287384
4324,3,3,0.03719834238290787,0.00043293522321619093,0.010121309198439121,0.9522473812103271
4325,0,0,0.5744982361793518,0.0011266313958913088,0.1258474886417389,0.29852768778800964
4326,2,2,0.014591393060982227,1.2153914212831296e-06,0.6975401043891907,0.28786730766296387
4327,2,2,0.053369466215372086,1.4002641819388373e-06,0.9132973551750183,0.03333178907632828
4328,1,1,6.885168113512918e-05,0.9996150732040405,0.00030120048904791474,1.4926005860615987e-05
4329,1,1,6.070687504688976e-06,0.9999918937683105,1.915113216455211e-06,6.076595582271693e-08
4330,1,1,0.0013892368879169226,0.9984488487243652,6.324960963866033e-07,0.0001612196210771799
4331,0,0,0.7040798664093018,0.009979749098420143,0.0004998097429051995,0.2854405641555786
4332,3,3,0.007730086799710989,3.7710076867369935e-05,0.00453744363039732,0.9876947402954102
4333,1,1,8.25544266263023e-05,0.9999161958694458,1.1926605338885565e-06,3.390022129678982e-08
4334,0,0,0.9997289776802063,4.7614587828093136e-08,0.00015893348609097302,0.00011195279512321576
4335,2,2,2.572220728325192e-05,2.6376625328339287e-09,0.9999727010726929,1.5366425714091747e-06
4336,0,0,0.9999827146530151,3.7555446397163905e-06,5.219247896093293e-07,1.3061368917988148e-05
4337,2,2,0.0005568382912315428,1.1979049304500222e-05,0.9990814924240112,0.0003497252764645964
4338,0,0,0.9968493580818176,3.933636980946176e-05,0.0007023426587693393,0.0024089773651212454
4339,0,0,0.9956547021865845,0.00013926532119512558,0.0005044498248025775,0.0037015818525105715
4340,2,2,0.0055278269574046135,3.8676293456774147e-07,0.9937893748283386,0.0006823035655543208
4341,1,1,0.0007217909442260861,0.9991812109947205,7.110991282388568e-05,2.5884119168040343e-05
4342,3,3,0.0030354380141943693,3.5927573094340914e-07,0.003961958456784487,0.9930022358894348
4343,1,1,9.934482659446076e-05,0.999782145023346,0.00011693932174239308,1.5267974049493205e-06
4344,0,0,0.9999692440032959,5.999951468993459e-08,7.313341825465614e-07,2.9923467081971467e-05
4345,1,1,0.0009398853871971369,0.9990254640579224,2.6305617211619392e-05,8.312981663038954e-06
4346,3,3,1.477754267398268e-06,1.336819366315467e-08,0.03868318349123001,0.9613153338432312
4347,1,1,0.017149578779935837,0.9827938079833984,2.343035703233909e-05,3.3158612495753914e-05
4348,1,1,0.0029004844836890697,0.9475541710853577,0.03302299603819847,0.016522405669093132
4349,2,2,0.00029566179728135467,4.96829397889087e-06,0.9996556043624878,4.375947537482716e-05
4350,1,1,2.051207411568612e-05,0.999976634979248,2.1023076897108695e-06,7.010449394329044e-07
4351,3,3,2.0843008314841427e-05,2.485012657871266e-07,0.00014004770491737872,0.9998388290405273
4352,1,1,1.3891414596400864e-07,0.9999998807907104,4.173055512257662e-10,1.6140544456533235e-09
4353,0,0,0.9999997615814209,8.71946848057803e-10,3.338824550169761e-09,1.9720908994713682e-07
4354,2,2,3.6285375244915485e-05,6.56343672744697e-07,0.9997125267982483,0.00025060700136236846
4355,1,1,0.014612228609621525,0.9852749109268188,4.159455784247257e-06,0.00010864452633541077
4356,2,2,0.00014540573465637863,6.361166015267372e-06,0.9994553923606873,0.000392938032746315
4357,0,0,0.9927555918693542,9.952305845217779e-05,0.005372431129217148,0.0017724509816616774
4358,0,0,0.999902606010437,2.42679956130587e-08,2.421453973511234e-05,7.317103882087395e-05
4359,2,3,0.06057063117623329,2.8419188311090693e-05,0.3598778247833252,0.5795231461524963
4360,0,0,0.9999213218688965,2.9471115681189985e-07,3.892648237524554e-05,3.9404647395713255e-05
4361,1,1,0.0034570200368762016,0.9862340688705444,0.004985499661415815,0.005323393736034632
4362,1,1,0.0004366249486338347,0.9995279312133789,2.005525129789021e-05,1.5339281162596308e-05
4363,2,2,0.0010074246674776077,1.7049210043751373e-07,0.9978819489479065,0.001110400422476232
4364,1,1,6.255318567127688e-06,0.9999914169311523,8.67204846599634e-07,1.441805238755478e-06
4365,2,2,0.014754999428987503,2.669666855581454e-06,0.9839035272598267,0.0013387954095378518
4366,2,2,0.0002956910466309637,0.006305134389549494,0.9931603670120239,0.0002387847052887082
4367,1,1,0.10778483003377914,0.8831638097763062,0.0067740739323198795,0.0022772164084017277
4368,1,1,0.007794434670358896,0.9921426773071289,8.972484266678293e-08,6.283880793489516e-05
4369,3,0,0.8947698473930359,0.00019315583631396294,0.008299757726490498,0.09673712402582169
4370,1,1,0.006184631027281284,0.9937787652015686,1.6911990314838476e-05,1.9652223272714764e-05
4371,0,0,0.9980868101119995,1.1422451962062041e-07,0.001823154278099537,9.000320278573781e-05
4372,0,0,0.9999799728393555,4.865545477628075e-08,1.5334222553065047e-05,4.637956863007275e-06
4373,1,1,2.9467111744452268e-05,0.999968409538269,7.488773157149353e-09,2.116209998348495e-06
4374,0,0,0.9999986886978149,3.1878249728833907e-07,7.959517347444489e-07,1.752493830053936e-07
4375,0,0,0.8709620237350464,0.012308130972087383,0.0013638684758916497,0.11536598205566406
4376,0,0,0.9999982118606567,6.705452637589815e-09,5.780552925216398e-08,1.7549172071085195e-06
4377,1,1,3.344577271491289e-05,0.9999654293060303,2.188201904118614e-07,9.688380941952346e-07
4378,0,0,0.9995278120040894,0.0004254333325661719,7.1737877078703605e-06,3.961290349252522e-05
4379,1,1,0.07823210954666138,0.9095945954322815,0.010370617732405663,0.001802707789465785
4380,0,0,0.9999997615814209,2.849150693151614e-09,1.5763438554472486e-08,2.0496412389547913e-07
4381,3,3,1.669150879024528e-05,2.6339696646004995e-08,0.0001798987213987857,0.9998034834861755
4382,3,3,9.397809481015429e-05,0.0003860836732201278,0.0006517020519822836,0.9988683462142944
4383,2,2,0.014361306093633175,0.004161891993135214,0.9199483394622803,0.061528485268354416
4384,1,1,0.004689622670412064,0.9952398538589478,6.890216172905639e-05,1.6514869685124722e-06
4385,0,0,0.9999938011169434,8.610258062091702e-10,5.401368980528787e-06,8.184852617887373e-07
4386,0,0,0.9998303651809692,2.4494536774000153e-05,4.153029294684529e-05,0.00010358211147831753
4387,1,1,4.602425906341523e-05,0.9988081455230713,0.0010852691484615207,6.060053419787437e-05
4388,2,2,0.002471032552421093,5.619448984361952e-06,0.994952917098999,0.00257041584700346
4389,0,0,0.9996030926704407,3.4560147810225317e-07,0.0003348188183736056,6.17089681327343e-05
4390,2,2,3.933508196496405e-05,1.034287106449483e-05,0.995908260345459,0.004042146261781454
4391,1,1,1.098245434150158e-06,0.9999983310699463,1.9730663325390196e-07,4.1390683236386394e-07
4392,2,2,3.785139415413141e-05,1.6847404538111732e-07,0.9984554052352905,0.001506518805399537
4393,1,1,0.00013384429621510208,0.99978107213974,1.8538826225267258e-06,8.323995280079544e-05
4394,2,2,0.0020273649133741856,0.00015021958097349852,0.7893897294998169,0.20843274891376495
4395,3,3,0.00044103924301452935,3.6561479532792873e-07,0.10826849192380905,0.8912901282310486
4396,0,2,0.034537795931100845,9.653006600274239e-06,0.9343839883804321,0.03106846660375595
4397,1,1,7.077105237840442e-06,0.99998939037323,3.334333769089426e-06,2.650215549238055e-07
4398,0,0,0.9994087219238281,0.00016254244837909937,0.0002049364848062396,0.00022387708304449916
4399,0,0,0.9955517649650574,0.0002013015327975154,2.876629696402233e-05,0.004218242131173611
4400,2,2,0.00030343851540237665,1.646628362550473e-07,0.9996660947799683,3.028564060514327e-05
4401,0,0,0.9957258701324463,2.0151824173808564e-06,0.0006480299634858966,0.003624197794124484
4402,2,2,0.20111605525016785,0.0030708499252796173,0.4807541072368622,0.31505900621414185
4403,0,0,0.9999866485595703,3.5503958883964515e-08,1.1576898941711988e-05,1.7027174408212886e-06
4404,1,1,1.782958520379907e-06,0.999997615814209,6.071230984616705e-08,6.011511572978634e-07
4405,1,1,0.0005729803815484047,0.9978957176208496,0.0015203225193545222,1.0893169019254856e-05
4406,0,0,0.9976488947868347,2.3667418645345606e-05,3.268693035352044e-05,0.0022947497200220823
4407,1,1,3.821333666564897e-05,0.999944806098938,1.2615717423614115e-05,4.4066009650123306e-06
4408,2,2,0.0018512991955503821,2.759412927844096e-05,0.9843162894248962,0.01380491629242897
4409,0,0,0.9998946189880371,1.0502774330234388e-06,5.809788854094222e-05,4.626060763257556e-05
4410,1,1,0.11084132641553879,0.8265644907951355,0.004724027588963509,0.05787019431591034
4411,1,1,9.612989379093051e-05,0.9998444318771362,8.735776646062732e-06,5.066790254204534e-05
4412,2,2,0.007744851987808943,0.012952955439686775,0.9766016602516174,0.002700568875297904
4413,2,2,0.01817198283970356,4.486580110096838e-06,0.9809378981590271,0.0008856698404997587
4414,0,0,0.9999996423721313,4.917271212434571e-08,2.7792149026595325e-08,2.5926451030500175e-07
4415,0,0,0.9992960691452026,2.4892228793760296e-06,0.000371364236343652,0.0003301013493910432
4416,0,0,0.9999854564666748,1.7719162315188441e-07,1.1064605587307597e-06,1.3258237231639214e-05
4417,0,0,0.999734103679657,6.40861107967794e-05,4.4005977883898595e-07,0.00020133376528974622
4418,1,1,0.010092077776789665,0.9881672263145447,0.0004129663575440645,0.0013277607504278421
4419,0,0,0.9999834299087524,1.5339943502112874e-06,1.4914655366737861e-05,1.6792938595244777e-07
4420,1,1,6.753800296799284e-10,1.0,7.94103061085849e-10,3.422093497462697e-09
4421,1,1,0.00016632703773211688,0.9955189228057861,0.0023927052970975637,0.001922111609019339
4422,0,0,0.9999997615814209,1.167374752419903e-09,1.542196201853585e-07,1.4604536602291773e-07
4423,0,0,0.9999849796295166,1.1899321528119344e-09,5.924561037318199e-07,1.4451446077146102e-05
4424,1,1,0.00017779148765839636,0.9997931122779846,2.6802417778526433e-05,2.3207717276818585e-06
4425,0,0,0.9999432563781738,1.2709596148852143e-06,5.713601694878889e-06,4.970845111529343e-05
4426,0,0,0.9993060827255249,2.8597641588135048e-08,0.0001587732695043087,0.0005351371946744621
4427,1,1,3.3521107525302796e-06,0.9999966621398926,1.2697393358962472e-08,2.823425226949894e-08
4428,1,1,9.073616092791781e-05,0.9998985528945923,7.426310276059667e-06,3.180605517627555e-06
4429,1,1,5.01046827139362e-07,0.9999988079071045,1.0394816030157017e-07,6.023759056006384e-07
4430,0,0,0.9994564652442932,1.5852017895667814e-05,0.00020042546384502202,0.0003272968460805714
4431,1,1,3.306638518552063e-07,0.9999995231628418,1.5092233240920905e-07,5.31945474335771e-08
4432,1,1,1.6930606534515391e-06,0.9999887943267822,5.172822056920268e-06,4.329562216298655e-06
4433,1,1,0.00018254619499202818,0.9998111128807068,3.357541572768241e-06,2.9734028430539183e-06
4434,1,1,0.0012049288488924503,0.9987882971763611,4.052681106259115e-07,6.453936748584965e-06
4435,2,2,0.07187923043966293,3.7423723142637755e-07,0.9271026253700256,0.0010176778305321932
4436,2,2,0.0023606084287166595,3.971825321968936e-07,0.9976289868354797,1.0113045391335618e-05
4437,2,2,0.04796356335282326,9.77659656200558e-05,0.8406617641448975,0.11127690225839615
4438,1,1,1.8296779558113485e-07,0.9999984502792358,9.900148825181532e-07,3.7207718150966684e-07
4439,0,0,0.9998801946640015,4.98530498589389e-05,2.617722930153832e-05,4.371361501398496e-05
4440,2,2,0.06669101864099503,0.053468335419893265,0.789722204208374,0.09011847525835037
4441,3,2,1.14315105292917e-06,2.2282766565240308e-07,0.9972425699234009,0.0027560058515518904
4442,3,3,0.0003381279530003667,1.790264742007608e-10,0.00012934602273162454,0.9995325803756714
4443,1,1,0.0010489284759387374,0.9989369511604309,1.3218947970017325e-05,9.46015120462107e-07
4444,0,0,0.9843136072158813,2.588618599475012e-06,0.0021587770897895098,0.013525048270821571
4445,1,1,0.0010664148721843958,0.9987735152244568,4.540470035863109e-05,0.00011464106501080096
4446,1,1,0.001778250327333808,0.9979344606399536,0.00017615570686757565,0.00011109354818472639
4447,0,0,0.9503271579742432,0.04806479439139366,0.0003960700414609164,0.0012120454339310527
4448,2,2,0.10371886938810349,0.00047435861779376864,0.8698545694351196,0.025952138006687164
4449,1,1,4.743798399431398e-06,0.9999526739120483,3.980883411713876e-05,2.7705609682016075e-06
4450,1,1,1.4540763686454738e-06,0.9999985694885254,7.57349116753403e-09,9.180259330499041e-10
4451,3,2,4.3125524484821653e-08,4.577433543317966e-08,0.9953298568725586,0.0046701449900865555
4452,0,0,0.9999985694885254,2.4110968430135493e-11,4.0544257728925004e-08,1.428862447028223e-06
4453,0,0,0.9995054006576538,1.1958964023506269e-06,1.4093851859797724e-05,0.0004793367406819016
4454,1,1,0.035473573952913284,0.9642221331596375,0.00015693942259531468,0.00014734044088982046
4455,0,0,0.9950573444366455,0.002592177363112569,0.0019242698326706886,0.0004261925641912967
4456,0,0,0.9925923943519592,8.262421943072695e-06,0.004806486889719963,0.0025927394162863493
4457,1,1,4.0745652540863375e-07,0.9999996423721313,7.538937474294016e-09,6.898446258674085e-09
4458,1,1,1.790029273252003e-06,0.9999977350234985,2.6582821988085925e-07,2.3164112405993365e-07
4459,0,0,0.9995321035385132,1.30414150589786e-06,4.677580363932066e-06,0.00046191317960619926
4460,1,1,7.267248292919248e-05,0.9921799898147583,0.007742024026811123,5.343786597222788e-06
4461,1,1,1.473494921810925e-05,0.9999843835830688,6.366958018588775e-07,1.8832830050996563e-07
4462,0,0,0.9974055886268616,2.0922171017900837e-07,0.002082015387713909,0.0005121551803313196
4463,0,0,0.9999890327453613,8.14388897651952e-07,8.56340102473041e-06,1.51292329064745e-06
4464,3,3,0.025887291878461838,0.02542121894657612,0.03531844913959503,0.9133730530738831
4465,1,3,0.068279929459095,0.08231755346059799,0.0028047352097928524,0.8465977907180786
4466,0,0,0.999967098236084,1.2359322454358335e-08,5.703682290914003e-06,2.719564872677438e-05
4467,3,3,0.0054045491851866245,0.0007282447186298668,0.000579416926484555,0.9932878613471985
4468,0,0,0.9423840641975403,6.391742772393627e-06,0.05323426425457001,0.004375334829092026
4469,0,0,0.9509297609329224,0.003655834821984172,0.0071798632852733135,0.03823455795645714
4470,3,3,0.005176972132176161,8.697500561538618e-06,0.01697763241827488,0.9778366088867188
4471,0,0,0.9977231621742249,0.0005818399367853999,1.2781301848008297e-06,0.001693705446086824
4472,2,2,0.004411034286022186,0.00011568625632207841,0.9953586459159851,0.00011464508133940399
4473,2,2,0.00019909022375941277,2.347330685381621e-08,0.99969482421875,0.00010600753012113273
4474,2,2,0.025891656056046486,0.0007921931683085859,0.957863450050354,0.015452712774276733
4475,1,1,0.008288205601274967,0.9894305467605591,0.001827036147005856,0.00045422741095535457
4476,1,1,0.0021623773500323296,0.9284198880195618,0.0053421445190906525,0.0640755370259285
4477,2,2,0.00017198229033965617,5.209241180637036e-07,0.9998087286949158,1.8844253645511344e-05
4478,2,2,9.652058906794991e-06,9.849620008495208e-10,0.9999890327453613,1.3525113899959251e-06
4479,2,2,0.00028662258409895003,2.5305776944151148e-05,0.9732834100723267,0.026404710486531258
4480,3,3,6.862300324428361e-06,2.5631260314185056e-07,0.00047593645285815,0.9995169639587402
4481,0,3,0.05350947380065918,8.930618059821427e-05,0.07295900583267212,0.8734422326087952
4482,3,3,0.0019002641784027219,3.917419235222042e-06,0.0003672778548207134,0.9977285265922546
4483,3,3,5.261085789243225e-07,2.7545670633344344e-08,0.0005136413383297622,0.9994858503341675
4484,0,0,0.9999980926513672,3.418360317031244e-10,1.149295343338963e-07,1.7370292653140496e-06
4485,0,0,0.9996324777603149,1.1567866749828681e-05,1.5779056411702186e-05,0.0003402438887860626
4486,2,2,7.422469025186729e-06,2.5215112486876023e-07,0.999893307685852,9.909413347486407e-05
4487,2,2,0.0018095390405505896,0.009851926937699318,0.9388092756271362,0.04952932894229889
4488,3,3,0.0005400984082370996,2.1638946634539025e-07,0.00035034562461078167,0.9991093277931213
4489,3,3,0.00016406177019234747,3.3445016200950306e-10,0.00844309851527214,0.9913928508758545
4490,2,2,2.469608443789184e-05,1.9062653677792696e-08,0.9999512434005737,2.406150451861322e-05
4491,3,3,0.0020409191492944956,7.766205271764193e-06,0.0033127751667052507,0.9946386218070984
4492,1,1,0.00019516804604791105,0.9997923970222473,9.843984116741922e-06,2.5809792987274705e-06
4493,3,3,6.229108748811996e-06,2.0551383511646648e-11,2.0149485862930305e-05,0.9999736547470093
4494,3,3,0.0005643382901325822,5.923990329392836e-07,0.0002974969975184649,0.9991375207901001
4495,0,0,0.9999853372573853,5.989704843223365e-10,1.5067363392518018e-06,1.3078142728772946e-05
4496,2,2,7.014446509856498e-06,3.9854715083720293e-08,0.9999730587005615,1.9906503439415246e-05
4497,0,0,0.9999680519104004,4.238228967778923e-08,6.180499440233689e-06,2.5706978703965433e-05
4498,3,3,2.0377094188006595e-05,2.8197741031021906e-08,0.00040893862023949623,0.9995706677436829
4499,3,3,0.15714704990386963,1.2593596920851269e-06,7.914094749139622e-05,0.8427724242210388
4500,1,1,1.5619840269209817e-05,0.9999755620956421,5.396909273258643e-06,3.4460924780432833e-06
4501,2,2,5.631011390505591e-07,1.8551685743162238e-09,0.6787195205688477,0.321279913187027
4502,3,3,8.888157026376575e-06,1.033209628964471e-09,4.458226976566948e-05,0.9999464750289917
4503,3,3,0.0005018495721742511,7.284951530905914e-10,0.0020309160463511944,0.9974672794342041
4504,2,2,0.0008516779053024948,4.585168881021673e-06,0.9955106973648071,0.003632990410551429
4505,1,1,0.026038512587547302,0.8938055038452148,9.302618855144829e-05,0.08006292581558228
4506,3,3,5.324894232217048e-07,1.162044771518822e-08,0.003156095277518034,0.9968433380126953
4507,3,3,9.35984371608356e-06,0.023981409147381783,0.0016123619861900806,0.9743968844413757
4508,2,3,0.00029870198341086507,8.58915541357419e-07,0.008742198348045349,0.9909582138061523
4509,1,1,0.005553236231207848,0.994378387928009,5.3362513426691294e-05,1.5063261344039347e-05
4510,2,2,0.0004982958780601621,5.068234258942539e-07,0.9993771910667419,0.0001239910052390769
4511,1,1,0.018002746626734734,0.9799148440361023,0.0008026320720091462,0.0012798336101695895
4512,0,0,0.9856855869293213,0.0005560989957302809,1.4244632438931148e-05,0.013744169846177101
4513,1,1,2.437372472741117e-07,0.9999996423721313,7.472060303825856e-08,1.2606552246552383e-08
4514,3,3,2.904042162299447e-07,3.652997696002025e-11,0.00016136671183630824,0.9998383522033691
4515,3,3,1.2283907381060999e-05,3.60636695404537e-05,0.03287332132458687,0.9670782685279846
4516,1,1,0.00013918193872086704,0.9998375177383423,1.2377155144349672e-05,1.0798264156619553e-05
4517,2,2,0.0003290882450528443,5.189048692955112e-07,0.9439311027526855,0.05573926493525505
4518,2,2,1.648151192057412e-05,5.226926441537216e-05,0.9877354502677917,0.012195752933621407
4519,0,0,0.9966103434562683,4.882109806203516e-06,0.0030940675642341375,0.0002906818117480725
4520,0,0,0.7104818224906921,0.05183619260787964,0.027136757969856262,0.210545152425766
4521,2,2,2.622305601107655e-06,1.2387513947942352e-07,0.9998722076416016,0.0001249738852493465
4522,1,1,0.013964178040623665,0.9766829609870911,0.00030732559389434755,0.009045490063726902
4523,2,2,8.846337732393295e-05,6.932714313734323e-06,0.9962248802185059,0.0036797046195715666
4524,1,1,0.0012403897708281875,0.9948883652687073,0.001791496528312564,0.002079748548567295
4525,3,3,7.126217496988829e-06,1.0317769749690342e-08,0.00942912045866251,0.9905637502670288
4526,1,1,0.00010884108633035794,0.9996939897537231,0.00015380306285806,4.336469282861799e-05
4527,3,3,0.0010432134149596095,0.00016620376845821738,0.013515236787497997,0.985275387763977
4528,0,0,0.9722106456756592,0.0007543097017332911,0.012890215963125229,0.014144805260002613
4529,1,1,0.0002874062629416585,0.9981998205184937,0.0011575504904612899,0.00035525255952961743
4530,0,0,0.986510694026947,1.0864818023037515e-06,0.010867565870285034,0.002620769664645195
4531,2,2,0.00727209635078907,2.0963335600754363e-07,0.9913715124130249,0.0013561365194618702
4532,1,1,7.576410553156165e-06,0.9999915361404419,5.387130386225181e-07,3.6595835695152346e-07
4533,2,2,0.036933936178684235,0.001541577628813684,0.9598268270492554,0.001697664032690227
4534,0,0,0.9759307503700256,7.289202130777994e-07,0.023299159482121468,0.0007692946819588542
4535,1,1,0.0043910411186516285,0.9955096244812012,8.522566349711269e-05,1.4170209396979772e-05
4536,2,2,0.010016190819442272,1.3368056897888891e-05,0.9721449613571167,0.017825448885560036
4537,1,1,8.600957698945422e-06,0.9999715089797974,1.4534824686052161e-06,1.8419292246107943e-05
4538,0,0,0.9997950196266174,7.023632520031242e-08,6.36324239167152e-06,0.0001985782728297636
4539,1,0,0.8792126774787903,0.05230818688869476,0.06666764616966248,0.0018114257836714387
4540,1,0,0.9708983302116394,0.0280594602227211,0.0005469400202855468,0.0004951840383000672
4541,0,0,0.999993085861206,3.264505892275338e-07,5.055753263150109e-06,1.5791487157912343e-06
4542,2,2,0.00018686067778617144,1.8175938976128236e-08,0.9655674695968628,0.03424571454524994
4543,1,1,1.4769907465961296e-05,0.9999812841415405,1.9410260847507743e-06,2.00502199732e-06
4544,0,0,0.9982613921165466,2.317953118335936e-07,9.714349289424717e-05,0.0016413379926234484
4545,0,0,0.9999538660049438,7.586583592456009e-07,1.997108483919874e-06,4.3301941332174465e-05
4546,3,3,0.00044718795106746256,0.00020977333770133555,0.040708426386117935,0.9586344957351685
4547,3,3,1.4431618922117195e-07,6.401036500847113e-08,0.0013687006430700421,0.9986310601234436
4548,0,0,0.9999998807907104,1.2570869900585535e-09,2.82603096479761e-08,8.805348983287331e-08
4549,0,1,0.01496102288365364,0.9850010871887207,1.6750309441704303e-05,2.1152294721105136e-05
4550,3,2,0.00689199473708868,7.26829654240646e-08,0.8945767283439636,0.09853124618530273
4551,3,3,3.938463851227425e-05,3.301946449596471e-08,0.04844832420349121,0.9515122175216675
4552,2,2,6.950368515390437e-06,2.4857783387233212e-08,0.9991313815116882,0.0008616886916570365
4553,3,3,0.00018807474407367408,8.635433914605528e-05,0.0021598099265247583,0.997565746307373
4554,2,2,8.44762907945551e-05,2.424886247354152e-07,0.9988640546798706,0.0010513386223465204
4555,3,3,0.00014046300202608109,2.4351946237288757e-08,0.0015510028460994363,0.998308539390564
4556,2,2,1.2809416148229502e-05,4.4222345785271955e-09,0.999985933303833,1.3513700878320378e-06
4557,3,3,1.9355647395968845e-07,8.347926239160586e-10,0.002299851505085826,0.9976999163627625
4558,0,0,0.9999980926513672,7.735314055956621e-10,1.5559436405965243e-06,3.5853554436471313e-07
4559,3,3,4.0430080616715713e-07,9.762889163766886e-09,0.0005088215111754835,0.9994907379150391
4560,2,2,3.014144795088214e-06,1.951488037832405e-08,0.9994851350784302,0.0005118456319905818
4561,0,0,0.9961100220680237,8.15212715110647e-08,0.0032367834355682135,0.0006531346007250249
4562,2,2,0.0020820777863264084,6.784870976161983e-08,0.9977136850357056,0.00020411613513715565
4563,0,0,0.9466548562049866,0.04710187390446663,0.00016570193110965192,0.006077635567635298
4564,3,3,1.8051294318865985e-05,7.272992624818286e-11,0.4276118874549866,0.5723700523376465
4565,2,2,0.0005038862582296133,1.8596368889234327e-09,0.9994485974311829,4.758750583278015e-05
4566,2,2,0.00236848508939147,0.00031061662593856454,0.995017945766449,0.0023029360454529524
4567,0,0,0.8782504200935364,6.4682226366130635e-06,0.044553399085998535,0.07718972861766815
4568,2,2,0.0026837496552616358,0.0005149193457327783,0.9937582015991211,0.003043137723580003
4569,3,3,0.08905082195997238,3.4581509680720046e-05,0.14105162024497986,0.7698630094528198
4570,0,0,0.9998830556869507,3.419694805106843e-10,0.00010594764171401039,1.100613644666737e-05
4571,2,3,1.274801775252854e-07,1.8717936089984732e-09,0.004435966722667217,0.9955639839172363
4572,2,2,0.0008078396203927696,1.1333748261677101e-05,0.9397537112236023,0.05942710489034653
4573,1,1,0.003985710442066193,0.9756144285202026,0.010911581106483936,0.009488308802247047
4574,0,0,0.9999988079071045,1.300224483635759e-09,8.205166182051471e-07,3.68501133607424e-07
4575,0,0,0.9950785636901855,1.4195148651197087e-05,0.00046556268353015184,0.004441642202436924
4576,3,3,1.527248059574049e-05,7.347059181483928e-06,1.7012644093483686e-05,0.9999603033065796
4577,0,0,0.9999786615371704,5.289416193932084e-08,2.550837734816014e-06,1.8772096154862083e-05
4578,0,0,0.9999576807022095,3.44004102981188e-10,3.623313023126684e-05,6.02691079620854e-06
4579,2,2,0.016488099470734596,2.43829845203436e-07,0.983111560344696,0.0004000853805337101
4580,2,3,3.3045544967080787e-08,1.9774925874571636e-07,0.004829940851777792,0.9951698184013367
4581,1,1,0.0003916329878848046,0.999600350856781,7.579704288218636e-06,5.018071647100442e-07
4582,3,3,4.348872244008817e-05,4.147004517562891e-07,3.6324890970718116e-05,0.9999197721481323
4583,1,1,0.0008204542682506144,0.9989890456199646,0.00018340081442147493,7.129392088245368e-06
4584,3,2,0.006143637467175722,0.0010192377958446741,0.8056809306144714,0.18715621531009674
4585,3,3,7.353127875830978e-05,1.5940448960805043e-08,0.00468656187877059,0.9952398538589478
4586,1,1,0.010224846191704273,0.9887731671333313,0.0006871455116197467,0.00031482893973588943
4587,2,2,0.001182333449833095,2.865257192752324e-05,0.899051308631897,0.09973766654729843
4588,3,3,0.0012239491334185004,4.152858764427947e-06,0.03606400266289711,0.9627078771591187
4589,0,0,0.9943951368331909,2.1485218439920573e-06,0.005567710846662521,3.49059519066941e-05
4590,0,0,0.9999518394470215,1.4941887727104586e-09,1.0392712283646688e-05,3.7817455449840054e-05
4591,2,3,1.256942778127268e-05,5.2753659218751636e-08,0.21011899411678314,0.7898683547973633
4592,2,2,0.0002574845857452601,5.315916382642172e-07,0.9991071820259094,0.000634798954706639
4593,3,3,6.222147931111977e-05,2.447328784072056e-09,0.007279328070580959,0.9926584362983704
4594,3,3,1.974042262986586e-08,7.575678750981751e-09,5.919095542594732e-07,0.9999994039535522
4595,1,1,7.109764510460082e-07,0.9999991655349731,1.0495126900877949e-07,1.079513278767763e-08
4596,3,3,0.002661271719262004,1.2371943739708513e-05,0.07463675737380981,0.9226896166801453
4597,3,3,1.5544670532108285e-05,3.4424337513883074e-07,2.886664844936604e-07,0.9999837875366211
4598,0,0,0.9999666213989258,5.744539777197133e-08,7.535950885539933e-07,3.263865437475033e-05
4599,2,2,0.00012343311391305178,1.4814438031862665e-07,0.9998761415481567,2.488461063876457e-07
4600,3,3,0.00013402584590949118,2.9447255300851793e-08,0.0005783953820355237,0.9992876648902893
4601,1,1,0.0002857617801055312,0.999683141708374,2.520022462704219e-05,6.01103374719969e-06
4602,0,0,0.9998949766159058,2.1758524149095848e-10,2.0824370949412696e-05,8.409727161051705e-05
4603,2,2,0.0004797778674401343,4.6978002501418814e-05,0.7274264693260193,0.2720467448234558
4604,3,3,1.8916520048151142e-06,6.608549263376062e-10,0.0022704657167196274,0.9977276921272278
4605,3,3,0.0027793352492153645,1.6763182429713197e-05,0.008788416162133217,0.9884154796600342
4606,1,1,5.881742254132405e-06,0.9999911785125732,1.9816293388430495e-06,9.098130249185488e-07
4607,0,0,0.9999914169311523,2.424629030883807e-07,1.8481358665667358e-06,6.379271326295566e-06
4608,3,3,0.003420037915930152,7.636516238562763e-05,0.005963596515357494,0.9905400276184082
4609,3,3,2.2397743382196467e-10,3.632249394921322e-13,2.01132661459269e-05,0.9999798536300659
4610,3,3,9.744266208144836e-06,2.9648929977810212e-09,1.5996131423889892e-06,0.9999886751174927
4611,2,2,0.0002506081073079258,1.4800916687818244e-06,0.9936668276786804,0.006081013940274715
4612,0,0,0.9948962330818176,1.9331200746819377e-06,0.0031731631606817245,0.0019286408787593246
4613,2,2,0.00018647656543180346,4.1915992454732987e-08,0.9995556473731995,0.0002578427374828607
4614,1,1,0.0002700032200664282,0.9985597729682922,0.00064604461658746,0.0005242002662271261
4615,1,1,3.8205553209991194e-07,0.9999996423721313,1.6228789145866784e-10,1.2710468233478878e-08
4616,0,0,0.9999927282333374,1.1685499679003897e-08,5.480387699208222e-06,1.7886995919980109e-06
4617,3,3,3.425320301175816e-06,8.994817335405969e-07,0.000648977467790246,0.9993466734886169
4618,2,2,0.0006858924753032625,2.3416435457335183e-09,0.9991600513458252,0.00015401485143229365
4619,1,1,0.002292853780090809,0.9971601963043213,0.0002206299832323566,0.0003263356629759073
4620,0,1,0.017680734395980835,0.9787858724594116,0.001802947255782783,0.0017305247019976377
4621,0,0,0.9999816417694092,7.897151022007165e-08,1.2455948308343068e-05,5.891330147278495e-06
4622,3,3,0.0014311933191493154,4.155287751927972e-05,0.30593931674957275,0.6925880312919617
4623,3,3,0.008099887520074844,0.01344665139913559,0.15485186874866486,0.8236016035079956
4624,0,0,0.9997255206108093,3.635522318745643e-07,0.0002608943323139101,1.3192783626436722e-05
4625,1,1,0.04510757327079773,0.846189022064209,0.04270680993795395,0.06599652022123337
4626,1,1,1.3379381925915368e-05,0.9999841451644897,2.2754015560622065e-07,2.3233501451613847e-06
4627,2,2,0.00033473275834694505,2.439892341499217e-05,0.9991897940635681,0.00045110020437277853
4628,1,1,3.073056723223999e-05,0.9999688863754272,3.3865188697745907e-07,1.336238941718193e-08
4629,2,2,0.0004277958651073277,5.97508324062801e-06,0.9987939596176147,0.0007721920846961439
4630,1,1,3.667119381134398e-05,0.9999629259109497,4.1808624473560485e-07,1.4975126916283443e-08
4631,1,1,1.4749653928447515e-05,0.9999709129333496,9.07629328139592e-06,5.238242465566145e-06
4632,1,1,5.071473424322903e-05,0.9999490976333618,4.7354937748878e-09,1.9360341241281276e-07
4633,2,2,0.0018814672948792577,1.6296349713229574e-05,0.989508867263794,0.008593444712460041
4634,1,1,3.561217454262078e-07,0.9999996423721313,2.9063048856414753e-08,1.1445472125615197e-08
4635,2,2,3.346433175011043e-07,1.4385543181560934e-05,0.9596306085586548,0.0403546504676342
4636,1,1,3.019086943822913e-05,0.999869704246521,9.424597374163568e-05,5.844511633767979e-06
4637,0,0,0.9997559189796448,8.510389307048172e-06,3.166628448525444e-05,0.00020386306277941912
4638,2,2,0.0011832991149276495,0.002312410157173872,0.9945605397224426,0.0019436507718637586
4639,0,0,0.9999914169311523,1.7116540220740717e-06,1.934843339768122e-06,4.963274932379136e-06
4640,1,1,0.11037975549697876,0.8620307445526123,0.023503359407186508,0.004086160566657782
4641,3,3,0.0014310620026662946,3.376181894054753e-07,0.0028101950883865356,0.9957583546638489
4642,0,0,0.9995006322860718,6.861141173430951e-06,4.88747245981358e-05,0.0004436494200490415
4643,3,3,3.6735349567607045e-05,9.19636544693958e-09,3.761740663321689e-05,0.9999256134033203
4644,0,0,0.9816858768463135,2.358316066874977e-07,4.312364762881771e-05,0.018270794302225113
4645,2,2,0.00016358561697416008,1.5696133459641715e-06,0.999824583530426,1.0332955753256101e-05
4646,1,1,5.434924241853878e-05,0.9998053908348083,2.259002940263599e-05,0.00011765753151848912
4647,0,0,0.9999289512634277,2.9811548301950097e-05,2.6792078642756678e-05,1.4359693523147143e-05
4648,3,0,0.6339958310127258,5.345656859390147e-07,0.032142430543899536,0.33386126160621643
4649,1,1,5.127878011990106e-06,0.9999922513961792,1.5394375623145606e-06,1.0625559525578865e-06
4650,0,0,0.9139546751976013,1.1079583472906052e-08,0.07160242646932602,0.014442870393395424
4651,0,0,0.999916672706604,9.541119005973542e-10,7.319740689126775e-05,1.0171872418140993e-05
4652,2,2,4.6331912017194554e-05,2.2834100832369586e-07,0.9932361245155334,0.006717357784509659
4653,2,2,0.001339126843959093,7.182812566952634e-08,0.9868201613426208,0.011840639635920525
4654,0,0,0.9998648166656494,2.8756614483427256e-05,9.173410944640636e-05,1.4616985936299898e-05
4655,3,3,0.09632166475057602,2.630390270041971e-07,0.04649009183049202,0.8571879267692566
4656,0,0,0.9937232136726379,5.8168800023850054e-05,0.00025800056755542755,0.005960545502603054
4657,0,0,0.9987704157829285,0.00014114852820057422,0.0007453740108758211,0.0003430637007113546
4658,1,1,5.551222329813754e-06,0.9999890327453613,4.420509412739193e-06,9.044275657288381e-07
4659,1,1,0.0017544119618833065,0.7536028623580933,0.21003355085849762,0.03460909426212311
4660,1,1,6.282884896791074e-07,0.9999994039535522,2.452736858060689e-08,5.793095336770193e-09
4661,2,2,0.0033205559011548758,4.752398126584012e-06,0.9946902990341187,0.001984325237572193
4662,3,3,0.00040883116889744997,7.095133813805887e-09,0.0008299471810460091,0.9987611770629883
4663,3,3,1.6860245523275807e-05,6.034710509084107e-08,0.12306948751211166,0.8769136071205139
4664,0,0,0.8304928541183472,0.0013958823401480913,0.04507908597588539,0.12303220480680466
4665,3,3,2.7437654352979735e-06,1.0591950649896376e-09,6.060880332370289e-05,0.9999366998672485
4666,0,0,0.9999613761901855,5.155992854888325e-10,7.480644399038283e-06,3.114789797109552e-05
4667,2,2,0.001844022306613624,0.015887873247265816,0.9553547501564026,0.026913320645689964
4668,0,0,0.9999736547470093,6.600475721540988e-09,1.130840064433869e-05,1.5034438547445461e-05
4669,0,1,0.2971762418746948,0.7004673480987549,0.0006210008868947625,0.0017353033181279898
4670,2,2,0.0004921388463117182,2.4671396658959566e-06,0.9993646740913391,0.0001406908850185573
4671,3,3,5.93447512073908e-05,2.757078731985274e-10,4.234301286487607e-06,0.9999364614486694
4672,0,0,0.977530300617218,4.830555553780869e-06,3.481384919723496e-05,0.022430062294006348
4673,2,2,0.006922681350260973,5.529004738491494e-07,0.9929826259613037,9.408786718267947e-05
4674,3,3,4.782971885219922e-08,1.1837436586503713e-09,0.00042641040636226535,0.9995735287666321
4675,0,0,0.8416801691055298,2.6798339604283683e-05,0.0037374396342784166,0.1545555591583252
4676,3,3,7.25832287571393e-05,4.971348488425065e-08,0.04833226650953293,0.95159512758255
4677,0,3,0.004052719566971064,3.2831551379786106e-06,0.014130583964288235,0.9818134307861328
4678,3,3,1.1021612635886413e-06,9.830150915490776e-09,0.0017166330944746733,0.9982823133468628
4679,0,0,0.9999998807907104,2.2669551999476845e-11,7.918966815623207e-09,8.909618998131918e-08
4680,2,2,0.0009769003372639418,0.0037842870224267244,0.9865178465843201,0.008720897138118744
4681,2,3,0.0007359915180131793,2.1262827942791773e-07,0.23999004065990448,0.7592737078666687
4682,3,3,0.00045929313637316227,2.931209337475593e-06,0.06825491786003113,0.9312828779220581
4683,0,3,0.15690892934799194,0.000833903148304671,0.26949018239974976,0.5727669596672058
4684,2,0,0.998248815536499,3.5805278457701206e-05,0.0010328982025384903,0.0006824453012086451
4685,2,2,0.004922963213175535,9.828031579672825e-07,0.9948843121528625,0.0001917844929266721
4686,2,2,5.862380021426361e-06,2.859120995513109e-10,0.9999783039093018,1.5867512047407217e-05
4687,2,2,0.0008865167037583888,0.0006434714887291193,0.903045654296875,0.09542439132928848
4688,2,2,3.82480830012355e-05,4.971454359292693e-09,0.9999228715896606,3.879889482050203e-05
4689,2,3,1.7493039194960147e-05,4.6265224227681756e-05,0.003345417557284236,0.9965908527374268
4690,1,1,0.08243401348590851,0.8497584462165833,0.006675181910395622,0.061132386326789856
4691,2,3,0.00032303898478858173,6.549323643412208e-07,0.045761458575725555,0.9539148807525635
4692,0,0,0.9999481439590454,2.234857902294607e-06,2.6679943402996287e-05,2.2886866645421833e-05
4693,1,1,3.048711732844822e-05,0.9999278783798218,2.550270437495783e-06,3.903998003806919e-05
4694,3,3,2.503375526430318e-06,8.262900053068734e-08,0.000476538494694978,0.9995208978652954
4695,1,1,0.014556209556758404,0.8897663950920105,0.024389248341321945,0.07128813117742538
4696,1,1,4.693042683356907e-07,0.9999994039535522,1.2258095694051008e-07,4.542666243168014e-09
4697,0,0,0.9984709620475769,5.29377075508819e-06,0.00010842330812010914,0.0014153254451230168
4698,1,1,2.354825301154051e-05,0.9983457326889038,3.0896542284608586e-06,0.0016275894595310092
4699,0,0,0.9998645782470703,1.1806526345026214e-05,4.224944132147357e-05,8.145680476445705e-05
4700,0,0,0.9999821186065674,1.6665680391270143e-07,1.1805802841990953e-06,1.6504794984939508e-05
4701,3,3,0.001567623927257955,9.034401955432259e-06,0.03387848287820816,0.9645448327064514
4702,1,1,7.126442937988031e-07,0.9999991655349731,1.5051391244469414e-07,4.5635967893531415e-08
4703,2,2,2.269999276904855e-05,1.2962072105437983e-05,0.999896764755249,6.758268136763945e-05
4704,3,3,0.00022043562785256654,2.5462126629349768e-08,5.782977495982777e-06,0.9997738003730774
4705,1,1,7.795805140631273e-05,0.9999098777770996,1.3147689514880767e-06,1.0823255252034869e-05
4706,3,3,1.7798685121306335e-06,4.089230003501143e-07,0.0006016705883666873,0.9993962049484253
4707,1,1,0.0012285474222153425,0.9974784255027771,0.0012067508650943637,8.633030665805563e-05
4708,0,0,0.9987426400184631,4.1168317693518475e-05,2.2523618099512532e-05,0.0011936808004975319
4709,0,0,0.9678485989570618,3.944090349250473e-05,0.022675445303320885,0.00943659245967865
4710,1,1,6.205295358086005e-05,0.9999337196350098,1.0855779919438646e-06,3.0869400688970927e-06
4711,0,0,0.9999818801879883,5.565863716583408e-07,6.950933311600238e-06,1.0595774256216828e-05
4712,0,0,0.5292455554008484,0.0011805245885625482,0.0823984444141388,0.38717547059059143
4713,2,2,0.0003752014017663896,2.9203552003309596e-06,0.9995571970939636,6.469932122854516e-05
4714,3,3,2.964802843052894e-05,6.489894417427422e-07,0.00014982929860707372,0.9998199343681335
4715,0,0,0.9991138577461243,6.072003770896117e-07,7.869704131735489e-05,0.0008067500311881304
4716,0,0,0.9986165761947632,3.195514636900043e-06,0.0011526073794811964,0.00022761472791898996
4717,2,2,2.5750097847776487e-05,6.059054147300458e-09,0.9999396800994873,3.451733209658414e-05
4718,0,1,0.27583709359169006,0.6394047737121582,0.025958364829421043,0.058799732476472855
4719,2,2,0.005704775918275118,2.1528076104004867e-06,0.981025755405426,0.013267310336232185
4720,0,3,0.018044888973236084,0.006234564818441868,0.07968723028898239,0.8960332870483398
4721,3,3,0.00011553128570085391,4.817511278787379e-09,0.013797910884022713,0.9860866069793701
4722,2,2,0.013566888868808746,1.1028065273421817e-05,0.9711453914642334,0.015276709571480751
4723,1,1,6.639561433985364e-07,0.9999992847442627,5.782168699397516e-08,1.085484591101249e-08
4724,1,1,0.00013623316772282124,0.9998307228088379,1.8093693142873235e-05,1.4894299965817481e-05
4725,1,1,7.39388560759835e-05,0.9997413754463196,0.0001033795706462115,8.124166197376326e-05
4726,0,0,0.9998805522918701,8.594378414272796e-06,6.845717143733054e-05,4.238110705045983e-05
4727,2,2,0.00019315702957101166,3.4551016142359003e-05,0.9993322491645813,0.00044008708209730685
4728,1,1,0.002671632682904601,0.994429886341095,0.002171772299334407,0.0007266264874488115
4729,1,1,0.00014626936172135174,0.9998096823692322,2.177210626541637e-05,2.2341384465107694e-05
4730,1,1,1.0538811920923763e-06,0.9999600648880005,3.716986975632608e-05,1.6866480336830136e-06
4731,1,1,1.0497716829149795e-07,0.9999998807907104,1.4927373115369846e-08,1.35440847426338e-09
4732,1,1,0.3228672742843628,0.6672205924987793,0.0028843889012932777,0.007027736399322748
4733,1,1,6.97729683452053e-06,0.9999861717224121,1.4471399936155649e-06,5.340524239727529e-06
4734,0,0,0.9950396418571472,0.004941864404827356,5.25506084159133e-06,1.3312249393493403e-05
4735,2,2,0.0012619388289749622,3.248890607210342e-06,0.994461715221405,0.004273043014109135
4736,0,0,0.9999096393585205,5.318210241966881e-06,2.2766582333133556e-05,6.228344864211977e-05
4737,3,3,0.0067749121226370335,7.254976935655577e-06,0.0018773195333778858,0.9913405776023865
4738,3,3,0.10395321249961853,3.6829288063700005e-08,0.019834866747260094,0.876211941242218
4739,2,2,0.003926342353224754,4.6317763917613775e-05,0.9933704137802124,0.0026569117326289415
4740,3,3,7.201326757133586e-10,5.737106900660649e-10,5.4781285143690184e-05,0.9999451637268066
4741,3,3,0.00018927259952761233,1.595834220324832e-07,0.0008928390452638268,0.998917818069458
4742,3,3,1.8984794223797508e-05,3.4395938541820215e-07,0.003624984296038747,0.9963556528091431
4743,1,1,5.3776384447701275e-06,0.9999879598617554,5.193548531678971e-06,1.4632155398430768e-06
4744,3,2,0.0005966827156953514,3.067509169341065e-05,0.7267573475837708,0.27261537313461304
4745,1,1,0.012907617725431919,0.9772835373878479,0.009804106317460537,4.7197331696224865e-06
4746,2,2,0.0011071026092395186,2.305299130966887e-05,0.9981508851051331,0.0007189667667262256
4747,1,1,2.025978119490901e-06,0.9999961853027344,9.984293001252809e-07,7.858735102672654e-07
4748,0,0,0.9999974966049194,1.0638289040798554e-06,2.7469471319818695e-07,1.1754889328585705e-06
4749,3,3,0.00011644529149634764,1.0262567878838169e-10,0.0009756495128385723,0.9989079236984253
4750,2,2,0.00016751819930505008,2.135797814162288e-07,0.9997209906578064,0.00011120840645162389
4751,2,2,0.001420695916749537,1.6717145001621248e-07,0.9974609613418579,0.001118137501180172
4752,0,0,0.9998132586479187,8.241134491981938e-05,1.330150496414717e-07,0.00010428624955238774
4753,2,2,0.002099589677527547,0.0007715528481639922,0.9686038494110107,0.0285249762237072
4754,3,3,0.00016789301298558712,1.7658231543649094e-09,0.006963974796235561,0.9928681254386902
4755,1,1,1.8847646060748957e-05,0.9998924732208252,7.294560055015609e-05,1.576173963258043e-05
4756,2,2,0.00174619909375906,5.077923106000526e-06,0.9982142448425293,3.455174737609923e-05
4757,0,0,0.9998520612716675,4.8031074584287126e-06,3.699821263580816e-06,0.00013940792996436357
4758,2,2,1.1475581231934484e-05,1.3368578493100358e-06,0.9997137188911438,0.00027353010955266654
4759,2,2,3.713806563609978e-06,7.563142389699351e-06,0.9998713731765747,0.00011740782065317035
4760,3,3,4.929205260850722e-06,1.4027099837221613e-07,0.00016057088214438409,0.9998342990875244
4761,0,0,0.9999997615814209,1.97013854119632e-08,2.2139881039606735e-08,2.3979239927029994e-07
4762,3,3,9.41705729928799e-05,3.572181697109045e-07,0.0014682956971228123,0.998437225818634
4763,3,3,0.05575556308031082,0.00024357814982067794,0.0001007087339530699,0.9439000487327576
4764,0,2,0.3647938072681427,0.003608142025768757,0.6271846890449524,0.004413407761603594
4765,2,2,0.005930751096457243,2.4997399350468186e-07,0.950115978717804,0.043953072279691696
4766,2,3,0.014843033626675606,0.03381938487291336,0.29232943058013916,0.6590081453323364
4767,3,3,1.1320797739244881e-06,6.593614543248805e-09,0.00024509470677003264,0.9997537732124329
4768,2,2,0.0040534245781600475,1.0240923984383699e-05,0.9958257675170898,0.00011060218821512535
4769,2,2,0.00025470589753240347,9.840795246418566e-05,0.9988409876823425,0.0008058976964093745
4770,1,1,1.0225893465332092e-09,0.9999998807907104,4.799334263339006e-08,6.27745819770098e-08
4771,3,3,0.002441680757328868,9.797530765354168e-06,0.03624187037348747,0.961306631565094
4772,1,1,0.0001624474534764886,0.9994869232177734,0.00025831724633462727,9.238858910975978e-05
4773,2,3,9.19376325327903e-05,2.3275451894733123e-06,0.11293097585439682,0.8869747519493103
4774,0,0,0.999874472618103,2.32499015595522e-08,1.645117845328059e-05,0.00010905224189627916
4775,3,3,7.131061011023121e-06,2.9919247079845945e-09,7.2590846684761345e-06,0.9999855756759644
4776,3,3,0.0024968928191810846,3.1142519674176583e-07,0.011163895018398762,0.9863388538360596
4777,1,1,1.4251372704165988e-07,0.999998927116394,9.585351108398754e-07,1.1285778978020744e-09
4778,3,3,0.0032636504620313644,7.861448381163427e-08,4.434673610376194e-05,0.9966918230056763
4779,3,3,4.050503775943071e-06,2.9214328178817084e-10,0.002840983448550105,0.997154951095581
4780,1,1,5.34099162905477e-05,0.9998977184295654,4.4348020310280845e-05,4.5757415136904456e-06
4781,1,1,0.00047836595331318676,0.9904168844223022,4.5949498598929495e-05,0.009058781899511814
4782,2,2,0.004894070327281952,0.2917812466621399,0.5995774865150452,0.10374719649553299
4783,2,3,5.024299298383994e-06,2.5747869614178853e-08,0.0009322226396761835,0.999062716960907
4784,3,3,0.009882794693112373,0.012722039595246315,0.043494708836078644,0.9339004158973694
4785,1,1,6.778094530091039e-08,0.9999904632568359,6.419764758902602e-06,3.1294746349885827e-06
4786,1,1,3.9853581256465986e-05,0.993830144405365,0.005553321447223425,0.0005767520633526146
4787,3,3,2.0604727978934534e-05,1.0160090823774226e-05,0.009099231101572514,0.99086993932724
4788,0,0,0.9999983310699463,2.478187210996907e-09,1.5499829260079423e-06,9.771821396498126e-08
4789,3,2,0.00015072371752467006,1.310821608058177e-05,0.9640249013900757,0.03581121936440468
4790,0,0,0.9946046471595764,2.0592053260770626e-05,0.0007075765752233565,0.004667104687541723
4791,3,3,2.790918733808212e-05,2.459078132233117e-07,0.002445944817736745,0.9975258708000183
4792,3,3,6.844531412752985e-07,1.1636900580924703e-06,0.000792008766438812,0.9992061257362366
4793,3,3,6.867014599265531e-05,6.798837404176084e-08,0.0006366933812387288,0.9992945194244385
4794,2,2,0.0006987837259657681,0.0012783105485141277,0.7565701603889465,0.24145269393920898
4795,2,2,9.507259528618306e-05,3.7095483094162773e-06,0.9995176792144775,0.00038348781527020037
4796,3,3,1.0324925824534148e-05,6.293363412623876e-07,0.0018938846187666059,0.9980952143669128
4797,0,0,0.9997867941856384,9.737933396536391e-06,0.00019412057008594275,9.342327757622115e-06
4798,2,2,6.172275789140258e-06,8.909797770684236e-07,0.9998553991317749,0.0001375468709738925
4799,0,0,0.9995431900024414,2.938729630841408e-05,2.0042552932864055e-05,0.0004074210883118212
4800,0,0,0.9921504259109497,0.0006447591003961861,0.0005013479385524988,0.006703472230583429
4801,3,3,8.286649244837463e-05,3.837159965769388e-06,0.0012291033053770661,0.9986842274665833
4802,0,0,0.9988219141960144,3.995340193796437e-06,0.001086123287677765,8.790194260654971e-05
4803,3,3,9.71658209891757e-06,1.4675757483928464e-05,0.00022078194888308644,0.9997548460960388
4804,0,0,0.99994957447052,7.857922668108586e-08,5.870687346032355e-06,4.444830119609833e-05
4805,1,1,0.0010503152152523398,0.9987509250640869,0.0001813566341297701,1.743836037348956e-05
4806,3,3,0.00019284723384771496,0.00015942956088110805,8.690092272445327e-07,0.999646782875061
4807,2,2,0.00108135468326509,3.735587961273268e-05,0.9979084730148315,0.0009728671284392476
4808,1,1,0.00011413112952141091,0.9996964931488037,2.6938967494061217e-05,0.00016239166143350303
4809,1,1,0.00015661018551327288,0.9961464405059814,0.003622711170464754,7.427608943544328e-05
4810,2,2,0.010111025534570217,3.8290130760287866e-05,0.91861492395401,0.07123567163944244
4811,0,0,0.986756443977356,1.4267890037444886e-05,0.006031699012964964,0.007197530008852482
4812,0,0,1.0,2.6862163604590705e-09,9.725119598513743e-10,3.718902519267431e-08
4813,0,0,0.9999803304672241,8.236135727202054e-06,6.779170689696912e-06,4.6741965888941195e-06
4814,0,0,0.9992651343345642,4.367414294392802e-05,0.00016662718553561717,0.0005245074862614274
4815,3,1,0.0012570774415507913,0.8761653900146484,0.02285076677799225,0.09972679615020752
4816,0,0,0.9999721050262451,8.935346045291226e-07,1.657417305978015e-05,1.0427969755255617e-05
4817,1,1,1.7589185290489695e-06,0.9999972581863403,5.60592923193326e-07,5.329971486389695e-07
4818,3,3,0.001972065307199955,0.00015634344890713692,0.009712300263345242,0.9881592988967896
4819,1,1,0.00023466294805984944,0.9997602105140686,3.064042402911582e-06,2.022404032686609e-06
4820,0,0,0.9807883501052856,0.009622327983379364,7.529594586230814e-05,0.00951402634382248
4821,0,0,0.9071502685546875,1.0791856766445562e-05,0.0042425780557096004,0.088596411049366
4822,2,2,0.002509014680981636,8.853741746861488e-06,0.9899701476097107,0.0075120097026228905
4823,1,1,0.0048606800846755505,0.9947336912155151,0.0002068861504085362,0.00019877460727002472
4824,2,1,0.008447187952697277,0.8537746071815491,0.12544316053390503,0.012335076928138733
4825,1,1,0.0006031844532117248,0.9980370402336121,0.0006080114981159568,0.0007517598569393158
4826,3,3,0.00031375783146359026,2.6032703104306165e-08,0.07559850811958313,0.9240877628326416
4827,1,1,1.4901009990353487e-06,0.9999984502792358,9.120352473246385e-08,1.3272356547133768e-08
4828,2,2,0.08411968499422073,2.3389695343212225e-05,0.9117709398269653,0.004086012486368418
4829,3,3,1.1748735232686158e-05,6.447719691493603e-09,0.017656659707427025,0.9823316335678101
4830,1,1,1.618512033019215e-05,0.999398946762085,0.00029172960785217583,0.0002930949267465621
4831,3,3,0.09157336503267288,0.019028551876544952,0.16165228188037872,0.7277458310127258
4832,2,2,1.0387484508100897e-06,1.4123206710792147e-06,0.9999747276306152,2.2823414838057943e-05
4833,1,1,0.0009136636508628726,0.974556028842926,0.0024649917613714933,0.022065384313464165
4834,0,0,0.9999102354049683,1.2612586942850612e-05,5.4482719860970974e-05,2.267779564135708e-05
4835,2,2,0.21646882593631744,0.0003443185705691576,0.6384403109550476,0.14474643766880035
4836,2,2,1.9732302462216467e-05,6.462987922617458e-10,0.9999793767929077,8.098441526271927e-07
4837,2,2,0.012801953591406345,1.2072066965629347e-05,0.9819704294204712,0.005215613171458244
4838,0,0,0.9999916553497314,1.4357739246406709e-06,4.57594387626159e-06,2.4368753201997606e-06
4839,2,2,0.0010544302640482783,2.6964478365698596e-06,0.9834067225456238,0.015536237508058548
4840,2,2,3.479336010059342e-05,7.616992661496624e-06,0.9998061060905457,0.00015149392129387707
4841,0,0,0.9999858140945435,8.920048699678773e-09,3.821478003374068e-06,1.0304634997737594e-05
4842,1,1,3.9902191929286346e-05,0.9998117089271545,6.206898979144171e-05,8.63135137478821e-05
4843,0,0,0.9971396923065186,0.0006133408169262111,0.002160098636522889,8.687457739142701e-05
4844,3,3,0.37217089533805847,0.0023573478683829308,0.0054757315665483475,0.6199960708618164
4845,1,1,0.00023783025972079486,0.9994592070579529,0.000271913391770795,3.108935197815299e-05
4846,0,3,0.09028854966163635,2.5141347578028217e-05,0.08533470332622528,0.8243515491485596
4847,3,3,0.018284393474459648,0.04076940938830376,0.13313458859920502,0.8078116178512573
4848,1,1,6.664387183263898e-05,0.9999308586120605,1.3633026583192986e-06,1.0306698641215917e-06
4849,2,2,0.045934613794088364,6.977144221309572e-05,0.947510838508606,0.0064848181791603565
4850,3,2,4.116891432204284e-05,1.9508170634452426e-09,0.591494619846344,0.4084641933441162
4851,1,1,8.07812739367364e-06,0.9999916553497314,1.5847849965666683e-07,7.436526772153229e-08
4852,0,0,0.9999961853027344,1.1430511648313768e-08,9.87393150353455e-07,2.826754098350648e-06
4853,3,3,0.0001554871123516932,1.162701792623011e-07,0.00625457800924778,0.9935898780822754
4854,1,3,0.019226588308811188,1.6645471987430938e-05,0.005729346536099911,0.9750275015830994
4855,3,3,0.0005465944996103644,1.0187295629293658e-05,0.04412182420492172,0.9553214311599731
4856,2,2,0.0011544529115781188,0.0002009579329751432,0.997936487197876,0.0007081357180140913
4857,3,3,2.062404519165284e-06,1.0875353950723365e-08,0.004543733317404985,0.9954541921615601
4858,0,0,0.9750369787216187,9.437383710064751e-07,0.00515638617798686,0.019805680960416794
4859,0,0,0.9986955523490906,2.0833444978052285e-06,0.0007552065653726459,0.0005472308257594705
4860,3,3,2.9580365890069515e-07,6.920993726039493e-13,4.136604729865212e-06,0.9999955892562866
4861,0,0,0.9966626763343811,0.00013286876492202282,0.0025838264264166355,0.000620591570623219
4862,2,3,3.958026354666799e-06,1.2520668235538324e-07,0.03183891251683235,0.9681569933891296
4863,0,0,0.9308720231056213,0.018158627673983574,0.0017619561403989792,0.04920744523406029
4864,2,2,0.0003019430732820183,0.005600410979241133,0.9917565584182739,0.002341135637834668
4865,2,2,4.761250238516368e-05,2.6270907937941956e-07,0.9997361302375793,0.00021589953394141048
4866,3,3,8.349090057890862e-05,1.1352540241205133e-06,0.03603865206241608,0.9638766646385193
4867,3,3,0.07895083725452423,0.0009115775465033948,0.034098099917173386,0.8860395550727844
4868,1,1,0.0016989110736176372,0.9981846213340759,9.350312757305801e-05,2.2987711417954415e-05
4869,3,3,1.786522929592138e-08,1.566207233349992e-11,8.320393681060523e-05,0.9999167919158936
4870,3,3,0.042132169008255005,1.84669659120118e-07,0.00024084467440843582,0.9576267004013062
4871,0,0,0.9998816251754761,4.217696982777852e-07,6.612845027120784e-06,0.00011135468957945704
4872,3,3,2.2516551325679757e-06,8.959518682516432e-10,2.269895276185707e-06,0.9999954700469971
4873,0,0,0.9999912977218628,1.4440783291380654e-10,3.4389599932183046e-06,5.1946954044979066e-06
4874,0,0,0.9998531341552734,5.136852792020363e-07,5.7301909691886976e-05,8.898195665096864e-05
4875,1,1,9.762163244886324e-05,0.9998729228973389,8.046440598263871e-07,2.8615326300496235e-05
4876,1,1,5.7010500313481316e-05,0.9997863173484802,9.448648779653013e-05,6.222958472790197e-05
4877,3,3,0.12812840938568115,0.003266311949118972,0.014522911049425602,0.8540824055671692
4878,1,1,6.950761871848954e-06,0.9991878867149353,0.0007542390958406031,5.0859722250606865e-05
4879,1,1,0.004756759386509657,0.9838518500328064,0.008504476398229599,0.0028869081288576126
4880,0,2,0.09423945099115372,0.003497169353067875,0.8501296043395996,0.05213378369808197
4881,0,0,0.9988692402839661,1.2606187738128938e-05,0.00010971990559482947,0.0010084829991683364
4882,1,1,0.009714264422655106,0.9744791388511658,0.004261804278939962,0.011544828303158283
4883,3,3,0.00019060101476497948,7.924279088911135e-06,0.0005760369240306318,0.999225378036499
4884,1,1,4.763893173276301e-07,0.9999878406524658,5.503306510945549e-06,6.155914434202714e-06
4885,3,3,7.90318790677702e-06,9.873629913670356e-09,2.6454042654222576e-06,0.9999895095825195
4886,0,0,0.9983963370323181,8.155069508575252e-07,6.775966176064685e-05,0.0015350650064647198
4887,1,1,0.025991439819335938,0.9739194512367249,6.164673686726019e-05,2.7379013772588223e-05
4888,3,3,0.004736984148621559,1.8304782543054898e-06,0.0008337465696968138,0.9944274425506592
4889,1,1,0.00014257733710110188,0.9993793964385986,0.00042327604023739696,5.464846617542207e-05
4890,0,0,0.9999998807907104,9.745558526841336e-11,7.44832417964858e-09,1.0171708453299289e-07
4891,3,3,1.1268037269474007e-05,1.4388610907190014e-05,0.01736229471862316,0.9826120138168335
4892,1,1,3.1784056773176417e-06,0.9999926090240479,4.105595053260913e-06,1.4659451608167728e-07
4893,0,0,0.9999946355819702,1.859540645909874e-07,1.3723658867093036e-06,3.7767299545521382e-06
4894,1,1,0.1889818161725998,0.7218079566955566,0.04815204069018364,0.041058167815208435
4895,1,0,0.8938334584236145,0.09737657755613327,0.005892178975045681,0.0028977703768759966
4896,1,1,1.3155175793144736e-06,0.999996542930603,2.1294065390975447e-06,5.49738956578949e-08
4897,0,0,0.9999988079071045,1.354596346203607e-08,1.1732842040146352e-06,7.907019039521401e-09
4898,3,3,4.067561349074822e-06,9.476019613430253e-07,0.004688360262662172,0.9953065514564514
4899,1,3,0.07438543438911438,0.18805254995822906,0.16117127239704132,0.5763907432556152
4900,0,1,0.023188741877675056,0.9765874743461609,9.46768413996324e-05,0.00012907512427773327
4901,1,1,1.0206134675172507e-06,0.9999659061431885,1.2390672964102123e-05,2.0578116163960658e-05
4902,2,2,0.013783923350274563,0.0006440487341023982,0.9372915029525757,0.048280514776706696
4903,1,1,6.260145255509997e-06,0.9999932050704956,5.535515583687811e-07,3.5954986543629275e-08
4904,3,3,7.40021641831845e-05,2.1436815131892217e-06,0.00731471786275506,0.9926090836524963
4905,1,1,0.0004577816871460527,0.9897260069847107,0.006940900348126888,0.0028753308579325676
4906,2,2,0.0006213243468664587,8.305730716529069e-07,0.9993452429771423,3.265721898060292e-05
4907,1,1,2.4626879167044535e-05,0.9995474219322205,0.0003372637729626149,9.068544750334695e-05
4908,2,2,0.001385276671499014,0.0001169404131360352,0.9555329084396362,0.04296493902802467
4909,0,0,0.9933195114135742,0.004550476558506489,5.727275856770575e-05,0.0020727445371448994
4910,0,0,0.9999954700469971,8.938021522908457e-08,2.8956167170690605e-06,1.545512077427702e-06
4911,1,1,1.5953348793118494e-06,0.9999884366989136,6.708492946927436e-06,3.2678935895091854e-06
4912,1,0,0.9780375957489014,0.001243075355887413,0.01852751150727272,0.002191831823438406
4913,1,1,0.0003270857559982687,0.9994636178016663,0.0001668137265369296,4.253479346516542e-05
4914,1,1,7.804118240528624e-07,0.999975323677063,2.3631451767869294e-05,2.393939553257951e-07
4915,3,3,1.3398990631685592e-05,8.917576366229696e-08,1.699035351521161e-06,0.9999847412109375
4916,2,0,0.5777351260185242,8.799478479204481e-08,0.42211389541625977,0.0001509032881585881
4917,3,3,0.00011646466009551659,0.0002038470411207527,0.005607606843113899,0.9940721392631531
4918,0,0,0.9956039190292358,0.0003984329814556986,0.003670967184007168,0.00032671625376679003
4919,1,1,4.351112465883489e-07,0.9999990463256836,4.206494281788764e-07,1.6142332981416985e-07
4920,1,1,9.857044642558321e-05,0.999873161315918,7.893741894804407e-06,2.0336428860900924e-05
4921,3,0,0.4096573293209076,0.05918952822685242,0.23328576982021332,0.29786738753318787
4922,0,0,0.9992460012435913,5.538259273407675e-08,2.652378134371247e-05,0.0007273583323694766
4923,0,0,0.999996542930603,9.746660225573578e-07,1.3712159443457494e-06,1.089303054868651e-06
4924,0,0,0.999997615814209,1.3102564366818115e-08,1.6193556575672119e-06,7.36548543045501e-07
4925,1,1,5.9180393918722984e-08,0.9999998807907104,7.563640380681136e-09,6.438586330759222e-10
4926,0,0,0.9971812963485718,0.00019767286721616983,0.00234905700199306,0.0002719656331464648
4927,1,1,4.064898348588031e-06,0.9999860525131226,1.8958362488774583e-06,7.946292498672847e-06
4928,3,3,1.5229039490805008e-05,3.533608037287195e-07,0.008600137196481228,0.9913842678070068
4929,2,2,0.20030641555786133,0.019553296267986298,0.7613273859024048,0.018812894821166992
4930,1,1,5.689269499953298e-09,1.0,5.294442662062693e-09,7.736553064852103e-10
4931,2,2,0.18095993995666504,0.02373235486447811,0.7891577482223511,0.006150000263005495
4932,3,3,0.0017498563975095749,8.831161721900571e-06,0.14842641353607178,0.8498148918151855
4933,1,1,0.0101482467725873,0.9807001352310181,0.00912682618945837,2.4820492399157956e-05
4934,2,2,0.0025020274333655834,3.4046618111460702e-06,0.992728590965271,0.0047660828568041325
4935,1,1,2.208107162005035e-06,0.9999958276748657,1.4665771459476673e-06,5.071396458333766e-07
4936,3,3,5.065010554972105e-05,1.1589253290367196e-07,0.0012983068590983748,0.9986509680747986
4937,0,0,0.9999994039535522,1.1770106000952296e-09,4.875819854532892e-07,5.847806505698827e-08
4938,1,1,0.0023211457300931215,0.9976033568382263,7.040005584713072e-05,5.133309059601743e-06
4939,0,0,0.995911717414856,1.3799020962323993e-05,0.002415640279650688,0.0016589158913120627
4940,2,3,0.007390149403363466,0.07981886714696884,0.1705469936132431,0.7422439455986023
4941,2,2,0.0009312418987974524,2.3961126771609997e-06,0.9990476965904236,1.8697706764214672e-05
4942,3,3,3.4248741940245964e-06,2.553430800134038e-10,0.01543427910655737,0.984562337398529
4943,2,2,0.012514382600784302,0.0002767393598333001,0.9580206274986267,0.029188262298703194
4944,3,3,0.028548624366521835,0.0011795774335041642,0.02044801227748394,0.949823796749115
4945,0,0,0.9996639490127563,6.603172550967429e-07,9.922391473082826e-05,0.00023615904501639307
4946,1,1,0.006790616549551487,0.9903897643089294,0.0007185804424807429,0.002101024379953742
4947,3,3,0.0010314543033018708,0.00012747726577799767,0.1465974897146225,0.8522436022758484
4948,0,0,0.999580442905426,5.880587650608504e-06,0.0001346481149084866,0.00027903332374989986
4949,3,3,5.195392077439465e-06,1.1942062616565607e-10,0.005178383551537991,0.9948163628578186
4950,2,2,1.1335959015923436e-06,1.7668833152129082e-07,0.9826309084892273,0.01736774481832981
4951,1,1,0.0010265863966196775,0.9972541928291321,0.0015803836286067963,0.00013882550410926342
4952,2,0,0.6544862389564514,1.4825060645762278e-07,0.3443406820297241,0.001172929652966559
4953,1,1,0.0002538863627705723,0.999742329120636,3.5586019748734543e-06,2.4253316155409266e-07
4954,1,1,9.717625653138384e-05,0.9998655319213867,1.5966326827765442e-05,2.1344430933822878e-05
4955,2,2,0.010416153818368912,0.0010273660300299525,0.9791651964187622,0.0093912985175848
4956,1,1,6.4376672526123e-06,0.9996949434280396,0.00029017726774327457,8.468839041597676e-06
4957,3,3,4.271009311196394e-05,3.7290565160219558e-06,0.01298658736050129,0.9869669079780579
4958,3,0,0.8546050786972046,0.000815787585452199,0.011278490535914898,0.13330066204071045
4959,2,2,1.070803773473017e-05,7.564098609691428e-07,0.9994472861289978,0.0005412567988969386
4960,3,3,1.5614509720762726e-06,1.0524762927843767e-07,0.007331829518079758,0.9926665425300598
4961,2,2,1.4408214155992027e-05,6.1129471760068554e-06,0.9997336268424988,0.00024585973005741835
4962,2,2,5.104566298541613e-05,9.298263492496517e-09,0.9999414682388306,7.502578682760941e-06
4963,2,2,0.0012772007612511516,0.0014453346375375986,0.9303787350654602,0.06689870357513428
4964,1,0,0.45373907685279846,0.1577383577823639,0.2077600508928299,0.18076255917549133
4965,3,3,0.0013854512944817543,8.491337212035432e-05,0.0013109504943713546,0.9972187280654907
4966,2,2,0.0008833413012325764,0.00011949321196880192,0.9773609638214111,0.021636221557855606
4967,0,0,0.9847500324249268,5.1390532462392e-05,0.014529219828546047,0.0006694427574984729
4968,1,1,0.016870569437742233,0.8553028702735901,0.02512478269636631,0.1027018129825592
4969,2,2,0.008153972215950489,0.00010745695180958137,0.9904649257659912,0.0012736129574477673
4970,1,1,0.0013232723576948047,0.9986675977706909,7.377471320069162e-06,1.769546429386537e-06
4971,0,0,0.9997202754020691,6.99079123478441e-08,0.00018343355623073876,9.621672506909817e-05
4972,2,2,0.0015736857894808054,2.3576028524985304e-06,0.9980635046958923,0.0003603736695367843
4973,1,1,1.8771193310840317e-07,0.9999983310699463,1.079635921996669e-06,3.4576319762891217e-07
4974,1,1,0.004072392359375954,0.9935740828514099,0.0014091151533648372,0.0009443279122933745
4975,2,2,0.0007133648032322526,0.00018223488586954772,0.9968370199203491,0.002267340198159218
4976,2,2,0.0006167785031720996,2.3592876630118553e-07,0.9980803728103638,0.0013025610242038965
4977,1,1,0.00014239593292586505,0.9998522996902466,4.939745849696919e-06,3.685926515117899e-07
4978,3,3,0.0012550128158181906,0.0020997633691877127,0.018039299175143242,0.9786059260368347
4979,2,3,0.0005958378897048533,2.0299021343817003e-06,0.19630713760852814,0.8030950427055359
4980,2,2,0.005311718210577965,0.0014732255367562175,0.9909311532974243,0.002283857436850667
4981,2,2,0.00023016786144580692,5.821461002142314e-08,0.9997259974479675,4.374698983156122e-05
4982,0,2,0.12993916869163513,0.044967856258153915,0.6432866454124451,0.18180634081363678
4983,3,3,0.0006276859203353524,0.0010983595857396722,0.01151253841817379,0.9867614507675171
4984,2,2,0.0005790846189484,0.00020004567340947688,0.9943541288375854,0.004866783507168293
4985,1,1,0.00016443936328869313,0.9998266100883484,7.448819815181196e-06,1.5511227502429392e-06
4986,2,2,2.9271675884956494e-05,2.487840689013865e-08,0.587456226348877,0.41251447796821594
4987,2,2,0.0004138130752835423,3.678266011775122e-07,0.9992064833641052,0.0003794095537159592
4988,3,3,2.0817417123453197e-07,9.854029769940098e-08,0.02160140499472618,0.978398323059082
4989,2,2,0.004488919861614704,0.02051858976483345,0.971913754940033,0.0030786909628659487
4990,0,0,0.9999998807907104,6.037326638619334e-09,5.365913935406752e-08,6.00469221012645e-08
4991,2,2,0.004439911339432001,0.00010519884381210431,0.9739896059036255,0.02146533690392971
4992,0,0,0.9999680519104004,7.071994900798018e-08,2.4708491764613427e-05,7.163046120695071e-06
4993,1,1,3.085149202775028e-08,1.0,2.5308862561246315e-08,1.0851727516580922e-08
4994,2,2,0.10141971707344055,0.00010946494148811325,0.8975765705108643,0.0008941791020333767
4995,1,1,0.00023838842753320932,0.9997538924217224,4.224260464980034e-06,3.4899992442660732e-06
4996,1,1,0.0008663710905238986,0.9986593723297119,0.00018662144429981709,0.00028762550209648907
4997,0,0,0.4928261637687683,0.00048797836643643677,0.4595911204814911,0.04709475487470627
4998,1,1,0.03983868658542633,0.953045129776001,0.003921992145478725,0.003194193821400404
4999,2,2,0.001982077956199646,0.002760048257187009,0.9073857665061951,0.08787214010953903
5000,2,2,3.2994244975270703e-05,1.258696192962816e-05,0.9998962879180908,5.8139114116784185e-05
5001,2,2,0.05526725575327873,0.008815139532089233,0.8619819283485413,0.07393573969602585
5002,1,1,2.7934916602134763e-07,0.9999969005584717,2.544098606449552e-06,2.14996475733642e-07
5003,3,3,0.0018637884641066194,0.06455373764038086,0.04337388649582863,0.8902086615562439
5004,2,2,0.007527492940425873,5.34208957105875e-05,0.9892826080322266,0.0031365561299026012
5005,1,1,0.0001573460758663714,0.9998264908790588,3.3526143852213863e-06,1.2905581570521463e-05
5006,3,3,4.8155376134673133e-05,4.33830706469962e-07,0.07257265597581863,0.9273787140846252
5007,2,2,8.562896255170926e-06,6.903764226962039e-09,0.9919905066490173,0.008000916801393032
5008,0,0,0.9999649524688721,1.6869680763420547e-08,3.0289667847682722e-05,4.713534508482553e-06
5009,1,1,5.405448246165179e-05,0.9998688697814941,7.103403186192736e-05,6.135215699032415e-06
5010,0,0,0.7393360137939453,4.024160807603039e-05,0.2600601315498352,0.0005635462584905326
5011,0,0,0.9999195337295532,1.7200503862113692e-05,1.7835853213910013e-05,4.538627763395198e-05
5012,0,0,0.9999998807907104,1.825195272697755e-10,1.6094128341137548e-07,5.575964934223521e-08
5013,3,3,8.599363354733214e-05,1.5588573660352267e-05,0.02865413762629032,0.971244215965271
5014,0,0,0.9999946355819702,5.708235550905272e-10,3.7764634726045188e-06,1.5091562772795442e-06
5015,1,1,5.467166275252566e-08,0.9999996423721313,7.237390775571839e-08,2.136177243983184e-07
5016,1,1,1.7299782939517172e-06,0.9999980926513672,2.2127380816527875e-07,3.355692834716706e-09
5017,1,1,0.0036894085351377726,0.9925349950790405,0.0003179845225531608,0.003457618411630392
5018,2,2,1.4104769434197806e-05,2.3568063625134528e-06,0.9988250136375427,0.0011586046312004328
5019,2,2,0.007764845620840788,0.00011351139255566522,0.9794164896011353,0.012705160304903984
5020,2,2,0.0004974565235897899,3.616392163507953e-08,0.6607961058616638,0.33870643377304077
5021,1,1,9.760935171243545e-09,1.0,5.5006749155595e-10,3.541236637261136e-09
5022,1,1,1.6708261682651937e-05,0.9999216794967651,2.9041158995823935e-05,3.251928137615323e-05
5023,3,3,3.7290138266143913e-07,4.5626938338649836e-10,0.00018205397645942867,0.9998175501823425
5024,1,1,0.45563727617263794,0.5225110650062561,0.015749065205454826,0.0061025312170386314
5025,2,2,0.002991124987602234,3.9210513591569907e-07,0.9969660639762878,4.237917164573446e-05
5026,1,1,5.961633178230841e-06,0.9999929666519165,6.999080142122693e-07,4.101696333691507e-07
5027,1,1,4.701636044046609e-06,0.9999351501464844,4.474293746170588e-05,1.5337351214839146e-05
5028,2,2,0.0011558553669601679,4.2799641960300505e-05,0.9423059225082397,0.05649542063474655
5029,1,1,0.002083609811961651,0.997812032699585,9.559783211443573e-05,8.688188245287165e-06
5030,1,1,1.5525024599227777e-09,1.0,4.6488055072124723e-10,2.556404199438589e-09
5031,2,2,2.1970719899400137e-05,1.5556017842754954e-06,0.9999270439147949,4.941559018334374e-05
5032,2,2,0.00040873241960071027,7.321752491407096e-06,0.9979301691055298,0.0016537813935428858
5033,0,0,0.9993189573287964,4.214441105432343e-06,0.0005788527778349817,9.804622823139653e-05
5034,2,2,0.000801837828475982,4.2451629269635305e-06,0.9983863830566406,0.0008075353689491749
5035,2,2,0.14818741381168365,0.18556971848011017,0.6651135087013245,0.0011293495772406459
5036,3,3,9.981878974940628e-06,7.183512593655905e-07,0.00014025469135958701,0.9998490810394287
5037,1,0,0.601405143737793,0.3525084853172302,0.04365270957350731,0.0024337228387594223
5038,3,3,2.621150815684814e-05,9.200183370694504e-08,0.0001713977981125936,0.99980229139328
5039,0,0,0.9998859167098999,9.588500233803643e-07,0.00011245406494708732,6.66956680106523e-07
5040,2,2,0.08678678423166275,2.342948022260316e-07,0.912956953048706,0.00025606926647014916
5041,0,0,0.9963078498840332,8.117804100038484e-05,0.0010516821639612317,0.0025592802558094263
5042,0,0,0.999985933303833,2.0452731064324325e-08,1.2620642337424215e-05,1.4357683539856225e-06
5043,3,2,0.00030082667944952846,1.647784301894717e-06,0.6415215730667114,0.35817593336105347
5044,2,2,0.00013374505215324461,2.406463863735553e-07,0.9935241937637329,0.006341851316392422
5045,3,1,0.03338291123509407,0.6922951936721802,0.20819403231143951,0.06612789630889893
5046,1,1,0.024189751595258713,0.9699379205703735,0.005292691756039858,0.0005796750774607062
5047,2,2,0.04831954836845398,1.603170676389709e-05,0.9508266448974609,0.0008377881604246795
5048,3,3,7.123248906282242e-07,2.5339147446956645e-10,0.004309147596359253,0.9956901669502258
5049,1,1,0.00345701165497303,0.9818476438522339,0.003734600031748414,0.0109607158228755
5050,2,2,0.001843643607571721,6.557083452207735e-06,0.6750305891036987,0.323119193315506
5051,2,2,0.050457097589969635,0.011514969170093536,0.8470439314842224,0.09098400175571442
5052,1,1,3.8977267990958353e-07,0.9999978542327881,9.951999118129606e-07,6.885105108267453e-07
5053,3,3,1.178098773380043e-05,1.3344323690489546e-07,0.0025290416087955236,0.9974591135978699
5054,2,2,7.052659202599898e-05,2.0922108888044022e-05,0.9991267323493958,0.0007818842423148453
5055,0,0,0.9200394749641418,0.030905108898878098,0.038454875349998474,0.010600521229207516
5056,3,3,4.1632415559433866e-07,2.0136524826047664e-12,0.0010735145770013332,0.9989261031150818
5057,1,1,8.136351425491739e-06,0.9999914169311523,3.7086866200297663e-07,8.021101649546836e-08
5058,1,1,1.5794308865224593e-06,0.9999924898147583,5.2165405577397905e-06,7.147665996853902e-07
5059,2,2,0.009738047607243061,7.471765428590516e-08,0.9902217388153076,4.016806633444503e-05
5060,3,2,4.617442357357504e-07,3.4428605799607936e-11,0.5964404344558716,0.4035590887069702
5061,1,1,3.13274358632043e-06,0.9999940395355225,2.20947663365223e-06,5.818495196763251e-07
5062,2,2,0.0007674298831261694,1.7894759366754442e-05,0.9970746040344238,0.0021399594843387604
5063,2,2,6.685733387712389e-05,0.0004759557486977428,0.9983265995979309,0.0011305122170597315
5064,2,3,7.432555867126212e-05,0.00044047361006960273,0.40334251523017883,0.5961426496505737
5065,3,3,2.726834964050795e-06,1.445482382678165e-07,0.045907534658908844,0.9540896415710449
5066,1,1,2.4034374291659333e-05,0.9999752044677734,7.046063501547906e-07,2.8716630851022273e-08
5067,2,0,0.9957836866378784,1.733307544782292e-05,0.0038810702972114086,0.000317846133839339
5068,0,0,0.9999983310699463,1.2245183711456775e-07,5.257542738945631e-07,1.1042201322197798e-06
5069,0,0,0.9999206066131592,3.2100926361522397e-09,7.36156216589734e-05,5.746812348661479e-06
5070,2,2,0.00030776773928664625,4.646712841349654e-05,0.9926667809486389,0.00697891553863883
5071,1,1,0.0187448188662529,0.9802618026733398,0.0006605818052776158,0.00033285358222201467
5072,3,3,1.2493673295921326e-07,7.921941325150783e-09,0.0005511014023795724,0.9994487166404724
5073,1,1,0.01614518091082573,0.9758245944976807,0.005355257540941238,0.0026749579701572657
5074,2,2,0.0003269102599006146,2.1323356122593395e-05,0.9525946974754333,0.04705704748630524
5075,2,2,0.013746974989771843,0.004067607689648867,0.7893502116203308,0.19283519685268402
5076,2,2,0.0005943352007307112,1.8527606115981143e-08,0.9987198114395142,0.0006858580745756626
5077,2,2,4.8934773076325655e-05,8.096323966810814e-08,0.9999053478240967,4.553125108941458e-05
5078,0,0,0.9998923540115356,1.969868890228099e-06,0.0001017440517898649,3.821076461463235e-06
5079,1,1,0.00237756734713912,0.9737071394920349,0.02349700964987278,0.000418270705267787
5080,3,3,0.0026480364613234997,7.744016329525039e-05,0.007811727933585644,0.9894627928733826
5081,3,3,0.00021435803500935435,2.411373714039655e-07,0.013638180680572987,0.9861472249031067
5082,0,0,0.9999985694885254,2.8726490075570155e-09,9.247877130746929e-08,1.2557786703837337e-06
5083,2,2,0.00033645128132775426,6.308293450274505e-06,0.9962559938430786,0.0034012668766081333
5084,2,2,7.269831257872283e-05,1.9023711956833722e-06,0.9992293119430542,0.0006960954633541405
5085,1,1,0.03610271215438843,0.9594793319702148,0.0020122157875448465,0.002405724488198757
5086,0,0,0.999525785446167,1.9032804630114697e-06,2.1984471459290944e-05,0.00045023008715361357
5087,2,2,1.3921450772613753e-05,0.00029156109667383134,0.9939242005348206,0.005770364310592413
5088,3,3,2.269458718728856e-06,4.276834175698241e-08,0.11668693274259567,0.8833107352256775
5089,0,0,0.999000608921051,2.3144702936406247e-05,0.0009213033481501043,5.503504871740006e-05
5090,2,2,0.0021973461844027042,2.134627357008867e-05,0.9972034692764282,0.0005778984050266445
5091,3,3,4.4082440581405535e-05,4.244439537615108e-07,0.006842432543635368,0.9931129813194275
5092,2,2,0.00022860197350382805,7.549107294835267e-08,0.9870973825454712,0.01267390325665474
5093,3,3,1.9796763808699325e-05,4.6641602580166364e-07,0.00025413790717720985,0.9997255206108093
5094,3,3,0.000404223392251879,4.125530722376425e-06,0.0019154604524374008,0.9976761937141418
5095,1,1,9.193238383886637e-07,0.9999983310699463,6.150953026917705e-07,7.444112526400204e-08
5096,0,0,0.9890497922897339,0.0027600801549851894,0.0011564309243112803,0.007033717818558216
5097,1,1,7.781284512020648e-05,0.9998612403869629,5.8838930272031575e-05,2.1618141090584686e-06
5098,1,0,0.764474093914032,0.2153944969177246,0.008768969215452671,0.011362475343048573
5099,1,1,6.028666348356637e-07,0.9999986886978149,3.5964976063951326e-07,4.0138132817446603e-07
5100,3,3,2.21659456656198e-06,1.9434432729781292e-08,6.91921604811796e-06,0.9999908208847046
5101,3,3,0.00010975404438795522,1.1908065289389924e-06,0.0817989706993103,0.9180900454521179
5102,2,2,0.02018526755273342,0.010580581612884998,0.8511345982551575,0.11809952557086945
5103,3,3,0.000153161003254354,0.0037468629889190197,0.0004455452144611627,0.9956544637680054
5104,1,1,0.07403921335935593,0.9197608232498169,0.003444888861849904,0.002754993736743927
5105,2,2,0.05885814130306244,0.0002061545819742605,0.9290041923522949,0.011931460350751877
5106,2,2,8.41793735162355e-05,2.819509070661752e-08,0.9998999834060669,1.587026235938538e-05
5107,0,0,0.7501620054244995,0.004309854004532099,0.24422305822372437,0.001305058249272406
5108,2,2,0.0010807414073497057,0.0002987076004501432,0.9968118071556091,0.0018087485805153847
5109,2,2,2.236469845229294e-05,1.777975012373645e-05,0.9998226761817932,0.00013721664436161518
5110,1,1,8.345464448211715e-05,0.9999079704284668,8.398146746912971e-06,1.0529356586630456e-07
5111,3,3,0.00017458882939536124,1.0802091310324613e-05,0.0006522965850308537,0.9991623163223267
5112,0,0,0.9269187450408936,0.00010333811223972589,0.06758397817611694,0.005393963307142258
5113,2,2,3.6591882235370576e-05,2.2760774243124615e-07,0.9998328685760498,0.00013024220243096352
5114,3,0,0.40649232268333435,2.30681398534216e-05,0.2623820900917053,0.3311024606227875
5115,3,3,0.09670113772153854,3.5521036352292867e-06,0.2331468015909195,0.6701485514640808
5116,0,0,0.9931725859642029,2.6192037694272585e-07,0.0008236858993768692,0.006003498565405607
5117,2,2,0.00011422114766901359,7.739659579897307e-09,0.9998840093612671,1.7910107317220536e-06
5118,0,0,0.9999878406524658,3.7792315765727835e-07,1.1394103239581455e-05,3.222501447908144e-07
5119,2,2,0.0004278243868611753,7.210184094219585e-08,0.9995694756507874,2.7128105557494564e-06
5120,1,1,5.990581485093571e-05,0.999900221824646,3.1941846827976406e-05,7.920016287243925e-06
5121,0,0,0.9987232089042664,0.00027361346292309463,0.0001370426471112296,0.0008661146857775748
5122,0,0,0.9576206803321838,0.0005942220450378954,0.005415396299213171,0.03636971861124039
5123,3,3,1.7619448044570163e-05,2.3765448986523552e-07,1.352821215050426e-07,0.9999819993972778
5124,0,0,0.9990641474723816,1.1764195839703007e-08,0.0007556849741376936,0.0001802219485398382
5125,0,0,0.999620795249939,1.7788200068480364e-07,4.7814715799177065e-05,0.0003312548797111958
5126,2,2,0.17211532592773438,0.0008446181891486049,0.6866331100463867,0.14040692150592804
5127,3,0,0.7082036733627319,0.18835464119911194,0.002989195054396987,0.1004524901509285
5128,0,1,3.284491185695515e-07,0.9999996423721313,2.2972132640575182e-08,1.3989197356067962e-08
5129,2,3,2.7974980184808373e-05,3.1787385523784906e-07,0.009850805625319481,0.9901208877563477
5130,3,3,0.024926617741584778,3.413264550999884e-07,0.10732032358646393,0.8677527904510498
5131,3,3,9.79042670223862e-06,7.213578356868311e-08,0.22375352680683136,0.7762365937232971
5132,3,0,0.8292332291603088,0.00015167931269388646,0.0043136561289429665,0.1663014143705368
5133,2,2,0.0008829045691527426,3.732896857400192e-06,0.9988670349121094,0.00024626890080980957
5134,3,0,0.6685261130332947,0.008740033023059368,0.0728619173169136,0.24987195432186127
5135,3,3,4.009924305137247e-05,2.0901629316227854e-09,0.000492837221827358,0.9994670748710632
5136,3,3,0.006182035896927118,7.115567314031068e-06,0.051552481949329376,0.9422584176063538
5137,2,2,1.1076726877945475e-05,2.080550075334031e-05,0.9522669315338135,0.04770110920071602
5138,3,3,0.009906156919896603,0.00027680816128849983,0.07588990032672882,0.9139271378517151
5139,3,3,0.10867559909820557,0.07011786848306656,0.168069988489151,0.6531365513801575
5140,3,3,0.00026029208675026894,1.1246819031640598e-09,0.016070332378149033,0.9836694598197937
5141,3,3,0.0008956821402534842,1.3829408089804929e-06,0.002575506456196308,0.996527373790741
5142,0,0,0.7757541537284851,7.657983951503411e-05,0.20747621357440948,0.016693048179149628
5143,2,2,0.000618427584413439,5.276055890135467e-05,0.9971135854721069,0.002215207787230611
5144,3,3,0.0017618327401578426,7.4132782401648e-07,0.08455956727266312,0.9136778712272644
5145,3,0,0.9174743294715881,0.06692836433649063,0.0004978803335689008,0.015099432319402695
5146,2,2,0.0991111695766449,0.0005003730766475201,0.9001272320747375,0.00026121563860215247
5147,3,3,0.03580649197101593,6.986927481023031e-09,0.00020413220045156777,0.9639894366264343
5148,3,3,1.6420948668383062e-05,2.2189972082031773e-09,2.3696713469689712e-05,0.9999598264694214
5149,2,2,0.015207304619252682,0.00035620032576844096,0.9813528656959534,0.003083655145019293
5150,0,0,0.9983495473861694,1.833362694014795e-05,0.0015722914831712842,5.988996781525202e-05
5151,3,0,0.46692144870758057,0.005702998489141464,0.16536343097686768,0.36201217770576477
5152,3,0,0.7353781461715698,0.019474374130368233,0.19032150506973267,0.05482596904039383
5153,2,2,5.803229328193993e-07,1.2463963194875305e-10,0.9999990463256836,3.1188542948257236e-07
5154,3,3,0.0007443309877999127,1.2559339666040614e-05,0.05064047873020172,0.9486026763916016
5155,0,0,0.9977008700370789,1.9570988385453347e-08,0.0001918516936711967,0.002107303822413087
5156,0,0,0.9980471134185791,9.733515753396205e-07,1.838339926507615e-06,0.0019500766647979617
5157,1,1,6.683807441731915e-05,0.9997956156730652,4.5215369027573615e-05,9.236725600203499e-05
5158,2,2,0.00014157930854707956,1.2117167898395564e-05,0.9992709755897522,0.0005752391880378127
5159,3,3,0.0033062705770134926,0.005400358233600855,0.4408589005470276,0.5504345297813416
5160,2,2,5.6009368563536555e-05,3.805739012818776e-08,0.9997623562812805,0.00018161803018301725
5161,3,3,0.0015355437062680721,4.684351395667363e-08,0.0005603174213320017,0.9979041814804077
5162,2,2,2.2507629182655364e-07,5.78191626521285e-11,0.9999991655349731,6.512611889775144e-07
5163,0,0,0.993500292301178,0.005788890644907951,2.3255435735336505e-05,0.0006875405088067055
5164,0,3,0.4097766578197479,3.6453882785281166e-05,0.013574008829891682,0.5766129493713379
5165,2,2,0.00019348610658198595,6.010600191075355e-05,0.9937724471092224,0.005974040366709232
5166,3,3,3.2359021133743227e-06,9.16902997971647e-10,8.52841476444155e-05,0.9999114274978638
5167,3,3,0.0001331687963102013,2.0577155979140116e-08,0.005615293048322201,0.9942516088485718
5168,1,1,2.2509075279231183e-06,0.9999923706054688,7.262190706569527e-07,4.68755524707376e-06
5169,0,0,0.9245151877403259,0.01410120539367199,7.387696678051725e-05,0.061309728771448135
5170,3,3,3.139281034236774e-06,7.55247753225774e-10,0.0013847454683855176,0.9986120462417603
5171,3,3,6.5302051552862395e-06,6.410622727104354e-11,7.634295116076828e-07,0.9999927282333374
5172,2,2,0.00016658891399856657,1.3922893060680508e-07,0.9972546696662903,0.002578659448772669
5173,2,2,0.0019958375487476587,3.4654399314604234e-06,0.9917353987693787,0.0062652891501784325
5174,0,0,0.9976223111152649,0.0002507405006326735,0.0005291691632010043,0.0015977338189259171
5175,2,2,7.475436802906188e-08,7.747942021296694e-08,0.9999040365219116,9.572373528499156e-05
5176,2,2,0.0005031300825066864,5.3366996155546076e-08,0.9965853691101074,0.002911491086706519
5177,3,3,1.6271340427920222e-05,4.861344677919988e-07,0.043560318648815155,0.9564229846000671
5178,1,1,0.0012256162008270621,0.9987402558326721,1.7166590623673983e-05,1.7014281183946878e-05
5179,3,3,2.486235075593868e-07,1.5752353865750024e-09,5.810333095723763e-05,0.9999415874481201
5180,3,3,0.03005184233188629,0.0006776171503588557,0.015187281183898449,0.954083263874054
5181,3,3,0.015869824215769768,8.990827637944676e-08,0.14779846370220184,0.8363316655158997
5182,3,3,0.011087466031312943,0.00072496198117733,0.021555492654442787,0.9666321873664856
5183,1,1,0.003315059235319495,0.9960436820983887,4.714566239272244e-05,0.0005941527779214084
5184,0,0,0.9414665102958679,0.0008454427006654441,0.0014223171165212989,0.056265689432621
5185,3,3,0.00010392106196377426,5.614713245449821e-07,0.18341733515262604,0.8164781332015991
5186,3,3,0.016910163685679436,0.0017482326366007328,0.012761401012539864,0.9685802459716797
5187,3,3,5.56498389414628e-06,2.7957927528632354e-08,0.0020430705044418573,0.9979514479637146
5188,0,0,0.9990108013153076,3.453219324001111e-05,0.0005652348045259714,0.00038937406498007476
5189,3,3,0.0038530640304088593,6.663766725978348e-06,1.6725249224691652e-05,0.9961236119270325
5190,3,3,5.203918044571765e-05,7.575909677370873e-09,3.059602022403851e-05,0.9999173879623413
5191,0,0,0.9977768063545227,5.599758878815919e-05,0.0011092934291809797,0.001057918881997466
5192,3,3,0.0010500899516046047,8.389421964238863e-06,0.4869208037853241,0.5120207667350769
5193,0,2,0.4856709837913513,0.001202267361804843,0.4948881268501282,0.018238656222820282
5194,1,1,5.981015783618204e-05,0.9999338388442993,2.1886305603402434e-06,4.119138793612365e-06
5195,1,1,0.004443570040166378,0.9925286769866943,0.0025888162199407816,0.00043891044333577156
5196,3,3,7.26051894162083e-07,1.8504648480188735e-08,0.010573911480605602,0.9894253015518188
5197,2,2,0.00038990628672763705,0.0004766274068970233,0.992581844329834,0.006551620550453663
5198,1,1,0.0035627579782158136,0.9962510466575623,0.00011066452134400606,7.558779179817066e-05
5199,2,2,1.119835451390827e-05,3.9903344628555715e-08,0.9999755620956421,1.3182095244701486e-05
5200,1,1,0.00015270020230673254,0.9997921586036682,5.014681300963275e-05,5.0342623580945656e-06
5201,0,0,0.9998867511749268,7.236636520246975e-06,7.535406621173024e-05,3.0696177418576553e-05
5202,1,1,0.26397767663002014,0.7056419253349304,0.02632882632315159,0.004051563795655966
5203,0,0,0.9999505281448364,2.561018163760309e-06,4.5240925828693435e-05,1.5672382005504915e-06
5204,2,2,4.238448127580341e-06,1.6744275965763222e-09,0.9999940395355225,1.6620368796793628e-06
5205,1,1,9.434943422093056e-06,0.9999887943267822,1.170337782241404e-06,5.879263653696398e-07
5206,0,0,0.9998290538787842,2.9204181828390574e-07,5.157177724868234e-07,0.00017012706666719168
5207,0,0,0.9999992847442627,7.04837702869554e-07,1.0291284269214884e-08,2.163664580834279e-09
5208,0,0,0.9999697208404541,2.9438624551403336e-06,1.8317710782866925e-05,8.919603715185076e-06
5209,1,1,4.649773927667411e-06,0.9999936819076538,5.03380981342616e-09,1.619848148948222e-06
5210,1,1,2.9049972454231465e-06,0.9999967813491821,2.8048498279531486e-07,1.533831728295354e-08
5211,1,1,0.0003587547689676285,0.999369204044342,3.76945223479197e-07,0.0002716035523917526
5212,1,1,1.4434246509154036e-07,0.9999996423721313,1.0241497960805646e-07,1.049543172371159e-07
5213,1,3,0.12534821033477783,0.22901873290538788,0.037923023104667664,0.6077100038528442
5214,1,1,1.1814876415883191e-05,0.9999878406524658,3.217146229417267e-07,2.315366920413453e-08
5215,1,1,0.002932775765657425,0.9951345324516296,0.0013327887281775475,0.0005999159766361117
5216,2,2,0.003619808005169034,0.0006594835431315005,0.9846173524856567,0.011103348806500435
5217,2,2,0.024039242416620255,0.0004161355609539896,0.6372764110565186,0.3382682204246521
5218,1,1,3.6267108498577727e-06,0.9999963045120239,5.505300038066707e-08,1.7687183273551454e-08
5219,0,2,0.37750279903411865,0.0003192649455741048,0.45846983790397644,0.16370819509029388
5220,1,1,1.2649749692172918e-07,0.9999998807907104,3.3038201507906706e-08,2.1517568171702806e-08
5221,0,0,0.9999874830245972,9.7793728670581e-09,5.49225205759285e-06,7.036510851321509e-06
5222,2,2,0.015281260013580322,0.00026205682661384344,0.9193860292434692,0.06507068127393723
5223,2,2,0.3811863958835602,5.10981919887854e-07,0.6178680062294006,0.0009451076039113104
5224,2,0,0.6977756023406982,0.00045948076876811683,0.30069899559020996,0.0010658781975507736
5225,2,2,0.02298707328736782,5.851839546267001e-07,0.9769744277000427,3.7989091651979834e-05
5226,1,1,0.0020879535004496574,0.9978854060173035,2.324370689166244e-05,3.329070523250266e-06
5227,0,0,0.9970502853393555,1.233903162756178e-06,0.002356883604079485,0.0005916384398005903
5228,1,1,1.6908107909330283e-06,0.9999960660934448,3.7578942735372323e-10,2.223436240456067e-06
5229,1,1,1.47536255212799e-07,0.9999998807907104,5.853506013231424e-10,2.1138630845740636e-09
5230,0,0,0.9999997615814209,6.171756883333046e-09,8.348845170758068e-08,1.1531947308185408e-07
5231,0,0,0.9994895458221436,1.1115021152363624e-06,1.158021859737346e-05,0.0004977484932169318
5232,2,2,0.003637485671788454,0.0015370713081210852,0.8488672375679016,0.14595817029476166
5233,3,2,0.004035803955048323,0.0001186079898616299,0.766761302947998,0.22908428311347961
5234,1,1,2.590976691863034e-06,0.9999972581863403,3.51032163337095e-08,8.817426078167045e-08
5235,0,0,0.9999992847442627,5.4340287825027644e-09,3.7131502494958113e-07,3.854101180422731e-07
5236,0,0,0.9998565912246704,7.515400852753373e-07,2.05978358280845e-05,0.0001220737030962482
5237,0,0,0.9999996423721313,2.227045392544369e-08,1.9815016116808692e-07,1.0879645628847356e-07
5238,3,3,0.00035919001675210893,1.53187063728355e-11,0.0003799577825702727,0.9992608428001404
5239,1,1,0.035384759306907654,0.915652334690094,0.04853943735361099,0.00042341896914877
5240,1,1,6.369125912897289e-05,0.9999299049377441,6.383096206263872e-06,3.676138859987077e-08
5241,1,1,0.000673109432682395,0.999261200428009,3.9952090446604416e-05,2.568160925875418e-05
5242,1,1,3.847783591481857e-05,0.9995251893997192,2.9147957320674323e-05,0.000407085579354316
5243,0,0,0.9999997615814209,8.865737588514833e-10,2.1902665992001857e-07,5.178718254228443e-08
5244,2,0,0.9246183037757874,2.7772583166552067e-07,0.057607583701610565,0.017773892730474472
5245,0,0,0.9999853372573853,1.3572626578195468e-08,7.736233783361968e-06,6.879896318423562e-06
5246,0,0,0.7209154367446899,0.00013300303544383496,0.009718362241983414,0.26923322677612305
5247,0,0,0.999996542930603,2.3173366514583904e-07,3.0765299925405998e-06,1.7818831565818982e-07
5248,1,1,6.429897621273994e-05,0.9998704195022583,6.505138298962265e-05,1.9985890276075224e-07
5249,0,0,0.999993085861206,1.7526000206657955e-08,5.487727776198881e-06,1.4517336239805445e-06
5250,0,0,0.9757331013679504,2.777042254820117e-06,0.0006199715426191688,0.023644093424081802
5251,0,0,0.9999939203262329,1.9043225663040175e-08,4.895891834166832e-06,1.2112162721678033e-06
5252,2,2,0.0002757745096459985,4.455662576674513e-07,0.997923731803894,0.0018000240670517087
5253,1,1,1.6112747402985406e-07,0.9999994039535522,3.100711012393731e-07,1.197148833398387e-07
5254,0,0,0.9994882345199585,2.829855247910018e-07,0.00023614140809513628,0.0002752512809820473
5255,0,0,0.9999945163726807,3.4921828273581923e-07,3.967441443819553e-06,1.2363635732981493e-06
5256,0,0,0.800273597240448,0.006331188604235649,0.11939439922571182,0.074000783264637
5257,0,0,0.9592320322990417,0.000794687308371067,0.0312914177775383,0.00868174247443676
5258,2,2,0.0018683918751776218,4.499003989621997e-05,0.945496141910553,0.052590470761060715
5259,2,2,0.0005179736181162298,2.8327096515567973e-05,0.999396800994873,5.682065602741204e-05
5260,3,3,0.0997670367360115,7.981723683769815e-06,2.68019393843133e-05,0.900198221206665
5261,1,1,7.240651029860601e-07,0.9999992847442627,1.8018205594216852e-08,1.3933644460450978e-08
5262,1,1,0.19941949844360352,0.7987745404243469,0.0010461915517225862,0.0007597571238875389
5263,0,0,0.9997276663780212,1.798989224255365e-08,0.00011652707325993106,0.000155718982568942
5264,3,3,5.392234925238881e-07,1.0978424143104348e-06,0.0016046427190303802,0.998393714427948
5265,3,2,3.6536217521643266e-05,6.647608756793488e-07,0.9937638640403748,0.006198990624397993
5266,2,2,0.005597252864390612,6.409336492652074e-05,0.9915942549705505,0.002744421362876892
5267,1,1,0.02219672128558159,0.9714069366455078,0.004390934947878122,0.0020054050255566835
5268,1,1,0.13036301732063293,0.8369160294532776,0.02342870645225048,0.009292182512581348
5269,1,1,6.999484867264982e-06,0.9999929666519165,3.0048028509810365e-09,5.119169443901228e-08
5270,2,2,0.010371366515755653,7.346513302763924e-05,0.988849401473999,0.0007058554328978062
5271,0,0,0.9963306784629822,1.2882466648989066e-07,0.003516073804348707,0.00015308678848668933
5272,0,2,0.08704447001218796,0.004123074933886528,0.8080394864082336,0.10079300403594971
5273,2,2,0.00010513767483644187,3.064117493067897e-08,0.9996008276939392,0.00029411379364319146
5274,0,0,0.9910757541656494,0.00010630641918396577,0.007597895339131355,0.0012199714547023177
5275,3,3,0.00023845785472076386,5.697833694284782e-05,0.003291432512924075,0.9964131712913513
5276,0,0,0.9987540245056152,7.99465396994492e-06,0.0008496632799506187,0.0003883940225932747
5277,2,2,0.03873405605554581,0.0027365281712263823,0.9529659152030945,0.005563452839851379
5278,1,1,2.051041337836068e-05,0.9999768733978271,6.256195774767548e-07,2.0500017399172066e-06
5279,1,1,1.004152750283538e-06,0.9999977350234985,1.7698826582090987e-07,1.132362399403064e-06
5280,2,3,0.001077145105227828,0.000515343330334872,0.2701086103916168,0.7282989025115967
5281,2,3,0.039417799562215805,4.7346253268187866e-05,0.21067441999912262,0.749860405921936
5282,2,2,1.1986860044999048e-05,1.6381831301259808e-05,0.9998987913131714,7.283511513378471e-05
5283,2,2,0.04231187701225281,0.0008266508812084794,0.8908846378326416,0.06597693264484406
5284,1,1,0.0002138060372089967,0.9997768998146057,4.7245251266758714e-07,8.766865903453436e-06
5285,2,3,0.005423138849437237,0.0018123132176697254,0.4359103739261627,0.5568541288375854
5286,0,0,0.9999997615814209,7.568373483479718e-09,2.2645954800282198e-07,1.295063523087947e-08
5287,0,0,0.9999144077301025,1.32888455794955e-08,7.543258834630251e-05,1.0100894542119931e-05
5288,3,3,0.11558464169502258,0.0005668502417393029,0.16296030580997467,0.7208882570266724
5289,1,1,1.1077354429289699e-05,0.9997450709342957,6.362205749610439e-05,0.00018021633150056005
5290,1,1,3.917627509508748e-06,0.9991986155509949,0.0007942126248963177,3.201370873284759e-06
5291,0,0,0.9664508700370789,4.286290732125053e-06,0.0007773255347274244,0.03276756778359413
5292,2,2,0.00024351064348593354,1.484894028180861e-06,0.9956329464912415,0.0041219438426196575
5293,3,2,3.2801490306155756e-05,6.64324261379079e-07,0.5970956683158875,0.40287086367607117
5294,1,1,0.0005321319913491607,0.9920291900634766,0.006591917015612125,0.0008467595907859504
5295,2,0,0.8628060221672058,6.129797111498192e-05,0.13517658412456512,0.0019560831133276224
5296,0,0,0.9998764991760254,8.226555655710399e-05,3.824226223514415e-05,2.947773737105308e-06
5297,3,3,0.004800169728696346,2.5815401386353187e-05,0.023616358637809753,0.9715576171875
5298,3,3,6.447215855587274e-05,1.6274714909059185e-08,0.0014509600587189198,0.9984845519065857
5299,2,2,0.0003205004904884845,1.1435068927312386e-06,0.998588502407074,0.0010898414766415954
5300,2,2,0.002909890143200755,4.478488904169353e-07,0.9969326257705688,0.00015701849770266563
5301,2,2,0.0034932971466332674,0.00046825502067804337,0.9868791699409485,0.009159219451248646
5302,2,2,0.0015577359590679407,7.835007272660732e-05,0.9974256157875061,0.0009382155840285122
5303,2,2,0.21147634088993073,0.00017354816372971982,0.7452137470245361,0.04313645884394646
5304,0,0,0.991814136505127,1.7040480315699824e-06,0.0016457578167319298,0.00653839809820056
5305,3,2,0.00030641580815427005,3.6698074836749583e-06,0.8627966046333313,0.1368933618068695
5306,3,3,0.00013567274436354637,8.490109166814364e-07,0.0009892693487927318,0.9988742470741272
5307,3,3,7.3373889790673275e-06,1.3298234735614756e-09,7.715554966125637e-05,0.9999154806137085
5308,2,2,0.0017712098779156804,1.6443445716163296e-08,0.9382984042167664,0.05993037298321724
5309,2,2,4.163683115621097e-06,8.514633442757713e-10,0.9999876022338867,8.279445864900481e-06
5310,0,0,0.9998181462287903,0.000141405631438829,7.842374543542974e-06,3.2617095712339506e-05
5311,3,3,0.0009620549390092492,6.457985000452027e-05,0.015729863196611404,0.9832435250282288
5312,3,2,0.00020217576820869,4.61882798674651e-08,0.872008740901947,0.12778903543949127
5313,2,2,0.00011162480222992599,1.6970114202763398e-08,0.9997819066047668,0.00010635692160576582
5314,2,2,7.27246078895405e-05,1.9869384004778112e-07,0.9997108578681946,0.00021626788657158613
5315,2,2,0.008155654184520245,0.0043685720302164555,0.9484248161315918,0.03905096650123596
5316,2,2,0.0015171929262578487,0.0003412196529097855,0.6786659955978394,0.3194756507873535
5317,3,2,0.000347185879945755,0.0014600164722651243,0.6514222621917725,0.3467704951763153
5318,3,3,4.6505692807841115e-06,4.254768555256305e-06,4.811698090634309e-06,0.9999862909317017
5319,1,1,1.8473519958206452e-05,0.9999786615371704,4.510889652920014e-07,2.364493184359162e-06
5320,0,0,0.9997941851615906,4.7271374370438934e-08,0.00016827022773213685,3.748627204913646e-05
5321,2,2,0.0004269474884495139,1.3060086345717536e-10,0.8987804055213928,0.10079266130924225
5322,3,3,0.25897905230522156,3.3880843375300174e-07,0.013090145774185658,0.72793048620224
5323,3,3,0.4758211374282837,5.680400136043318e-06,0.000513940816745162,0.5236592292785645
5324,3,3,0.0018335076747462153,6.810071795371186e-07,0.010897882282733917,0.9872679114341736
5325,3,2,1.7464974007452838e-05,0.00016865860379766673,0.9461649656295776,0.05364881083369255
5326,3,3,0.0024357978254556656,1.197943311126437e-05,0.04898635670542717,0.9485658407211304
5327,1,1,8.741571946302429e-07,0.9999979734420776,1.970504399650963e-07,9.666352980275406e-07
5328,3,3,0.0009559829486533999,0.013794844038784504,0.45140987634658813,0.533839225769043
5329,3,2,0.049662116914987564,9.541770850773901e-05,0.6490084528923035,0.30123403668403625
5330,3,3,4.1721516026882455e-05,8.649957972117761e-10,0.00410845410078764,0.9958498477935791
5331,3,3,8.53176285176005e-09,1.1781273734357e-09,0.0003148468385916203,0.9996851682662964
5332,1,1,0.00010763190221041441,0.9998918771743774,3.549208145159355e-07,6.403033836477334e-08
5333,2,2,3.2067237043520436e-07,2.353202077642891e-10,0.9999815225601196,1.8099632143275812e-05
5334,1,1,3.3014755445037736e-06,0.9999908208847046,3.4354721378804243e-07,5.525610049517127e-06
5335,2,2,0.0002299716288689524,8.48316403789795e-08,0.9457840323448181,0.053985845297575
5336,2,2,4.135011477046646e-05,2.4722024249967944e-07,0.9163256883621216,0.083632692694664
5337,0,2,0.023860830813646317,7.18600077220799e-08,0.9573472738265991,0.018791763111948967
5338,3,3,0.0004034315061289817,9.12942414288409e-05,0.0018815554212778807,0.99762362241745
5339,3,3,0.171081081032753,1.8844473743229173e-05,0.00015657348558306694,0.8287435173988342
5340,3,3,1.1051271940232255e-05,7.74964178162918e-07,0.0003725137503352016,0.9996155500411987
5341,3,3,3.724645036840002e-09,3.9416847607068317e-13,4.354684642748907e-05,0.999956488609314
5342,3,3,0.00024275848409160972,1.0090020623465534e-05,0.003739967243745923,0.9960072636604309
5343,2,2,0.0018052374944090843,2.6350321604695637e-06,0.9968908429145813,0.0013012679992243648
5344,2,2,4.4701635488308966e-05,7.961463666106283e-08,0.978581964969635,0.021373325958848
5345,3,3,7.952981104608625e-05,9.725521010750526e-08,0.00014523671416100115,0.9997751116752625
5346,2,2,0.002660932717844844,0.0003950350801460445,0.9916640520095825,0.00527998199686408
5347,3,3,5.308300023898482e-05,1.2685120054811705e-05,0.00016050924023147672,0.9997738003730774
5348,1,1,0.0003933828847948462,0.9993419051170349,0.00016121046792250127,0.00010356695565860718
5349,0,0,0.9999812841415405,1.4063347464343678e-07,1.507192246208433e-05,3.499686499708332e-06
5350,2,2,0.025255955755710602,0.11544431746006012,0.8571127653121948,0.0021870206110179424
5351,3,3,2.5042281777132303e-05,8.17509793193949e-09,1.2958775187144056e-05,0.9999619722366333
5352,1,1,8.88397844391875e-05,0.9998829364776611,4.492055438731768e-07,2.7805863282992505e-05
5353,2,0,0.48708024621009827,0.000573521014302969,0.41448402404785156,0.09786225855350494
5354,3,3,0.00015144169447012246,3.6460896524204145e-08,0.0005158138810656965,0.9993327260017395
5355,1,1,0.102298803627491,0.897624671459198,4.145318962400779e-05,3.4965589293278754e-05
5356,0,0,0.9907612204551697,0.0002240119647467509,0.006805737502872944,0.0022090428974479437
5357,3,0,0.7606742978096008,0.00024668395053595304,0.01311042346060276,0.22596856951713562
5358,0,0,0.9997965693473816,4.313906387665156e-08,2.5010673198266886e-05,0.00017837803170550615
5359,0,0,0.9990097284317017,2.971426340536709e-07,0.0004567494324874133,0.0005331840366125107
5360,0,0,0.9999938011169434,5.3047120474047915e-08,2.1000632841605693e-06,4.0416366573481355e-06
5361,3,3,9.477439562033396e-06,1.5502467931582942e-06,0.0007928991108201444,0.9991961121559143
5362,1,1,5.427338692243211e-05,0.9995083808898926,0.0002722610079217702,0.00016506364045199007
5363,2,2,0.0009070720407180488,2.21503626107733e-07,0.654910683631897,0.3441821038722992
5364,2,2,0.047964341938495636,9.159758337773383e-05,0.9497938752174377,0.002150194486603141
5365,2,2,0.01374826580286026,6.459469545916363e-07,0.9861668944358826,8.415212505497038e-05
5366,2,2,0.04336189478635788,3.0932278605178e-05,0.9147721529006958,0.04183494299650192
5367,3,3,0.0026108671445399523,0.00027228923863731325,0.01580451987683773,0.9813123345375061
5368,1,1,0.00010190237662754953,0.9969573020935059,0.002310178242623806,0.0006305495626293123
5369,0,0,0.6891887187957764,1.277085459605587e-07,0.2973794937133789,0.013431662693619728
5370,2,2,6.247503847589542e-07,4.2372561015469046e-10,0.999998927116394,5.073743523098528e-07
5371,2,2,0.002287857234477997,0.00019878165039699525,0.9970760345458984,0.00043731657206080854
5372,3,3,2.9959985567984404e-06,6.343231495620216e-11,0.0003220481157768518,0.999674916267395
5373,3,3,0.002813623519614339,3.8710797525709495e-05,0.002331444760784507,0.994816243648529
5374,2,2,0.00011795182217611,2.7523463359102607e-05,0.9948979020118713,0.004956589546054602
5375,2,2,0.0002772728621494025,3.276753704994917e-05,0.8635649681091309,0.13612507283687592
5376,3,2,0.13242299854755402,0.0009745082934387028,0.7449822425842285,0.1216202899813652
5377,1,1,0.3261886239051819,0.6711175441741943,0.0015569663373753428,0.0011369292624294758
5378,0,0,0.9995924830436707,7.577964424854144e-07,0.00034242324181832373,6.431905057979748e-05
5379,0,2,0.2116207629442215,5.787636473542079e-05,0.756219208240509,0.03210217133164406
5380,2,2,0.023443305864930153,3.3938812293854426e-07,0.7733560800552368,0.2032002955675125
5381,2,0,0.7450438737869263,2.5655396029833355e-07,0.2309458702802658,0.024009965360164642
5382,3,3,1.9261478882981464e-05,8.310003067890648e-07,0.008207199163734913,0.9917727112770081
5383,0,0,0.9999861717224121,8.445629617881423e-08,3.6294561596150743e-06,1.0169067536480725e-05
5384,0,1,0.00738467276096344,0.9070776700973511,0.028130507096648216,0.057407114654779434
5385,3,3,3.3459230053267675e-08,6.94718282900908e-10,9.335623326478526e-05,0.9999066591262817
5386,3,3,1.761641033226624e-05,3.425618331220903e-07,4.842191992793232e-05,0.9999336004257202
5387,3,3,6.061877866159193e-05,1.3185881719834924e-08,0.014631303027272224,0.9853081107139587
5388,3,3,1.3621875950775575e-05,0.00012053906539222226,0.0025430212263017893,0.9973228573799133
5389,1,1,3.342493437230587e-05,0.9936517477035522,0.004902590531855822,0.0014121897984296083
5390,3,3,1.715747544039914e-06,5.823763249424019e-09,3.66964413842652e-05,0.9999616146087646
5391,3,3,0.0001434755977243185,1.0288937346558669e-07,0.12585851550102234,0.8739978671073914
5392,2,2,7.345883659581887e-06,1.4072426557376616e-10,0.9185925126075745,0.08140013366937637
5393,3,3,4.380396785563789e-05,1.4689843510495848e-06,5.073857755633071e-05,0.9999040365219116
5394,3,3,6.557995948242024e-05,3.3860799248941476e-06,0.020709328353405,0.979221761226654
5395,3,3,2.6698606347963505e-07,3.432305550887804e-10,8.301441084768157e-06,0.9999914169311523
5396,2,2,0.00041372724808752537,7.014599304966396e-06,0.9965408444404602,0.003038404043763876
5397,3,3,7.245107553899288e-05,6.26026235295285e-08,0.08728237450122833,0.9126450419425964
5398,3,3,5.1762349357886706e-06,1.6094595594040584e-06,0.030934711918234825,0.9690584540367126
5399,2,2,0.0006159680779092014,2.0912825675623026e-06,0.9993288516998291,5.300722841639072e-05
5400,1,1,2.8252010451979004e-05,0.9999258518218994,4.526440898189321e-05,5.580762945101014e-07
5401,1,1,3.14330350192904e-06,0.9999393224716187,1.183350036626507e-06,5.6328499340452254e-05
5402,3,0,0.91560959815979,0.00012273188622202724,0.0026402215007692575,0.08162745088338852
5403,2,2,3.307362931082025e-05,1.5656812735187486e-08,0.9999608993530273,6.057117843738524e-06
5404,2,2,5.688197234121617e-06,5.1272294513182715e-05,0.9999129772186279,3.007954546774272e-05
5405,2,2,6.895548722241074e-05,3.3343152239240226e-08,0.9996606111526489,0.00027039527776651084
5406,1,1,0.015165463089942932,0.9699774980545044,0.003821865189820528,0.011035165749490261
5407,1,1,0.00012645823881030083,0.9996500015258789,0.0002002691908273846,2.3191529180621728e-05
5408,3,3,8.068740498856641e-06,2.082721106688723e-09,0.00038950867019593716,0.9996024966239929
5409,3,3,0.06675627082586288,8.865163545124233e-05,0.03516838699579239,0.897986650466919
5410,3,2,2.2024382815288845e-06,2.8595134153874824e-06,0.9887872338294983,0.011207648552954197
5411,3,3,3.905610356014222e-05,1.8719423678703606e-05,0.02354184351861477,0.9764003753662109
5412,0,0,0.9999998807907104,2.8529083540007605e-09,1.6981432793272688e-07,2.5207738119092937e-08
5413,2,2,0.004368847701698542,0.0001652956270845607,0.6962881684303284,0.2991776764392853
5414,3,3,3.816345497398288e-07,2.054584280486438e-09,0.0023024720139801502,0.9976971745491028
5415,0,0,0.9999728202819824,7.861688544608114e-08,3.705836704170906e-08,2.7122092433273792e-05
5416,3,3,2.4510598450433463e-05,3.05361500068102e-05,0.00011427618301240727,0.9998307228088379
5417,3,3,9.16835488169454e-05,0.0003389279590919614,0.0387173593044281,0.9608520269393921
5418,2,2,8.169268403435126e-05,1.7888964976009447e-06,0.991430938243866,0.00848560594022274
5419,2,2,1.5613974255757057e-06,1.186269173558685e-06,0.9941738247871399,0.005823434330523014
5420,0,0,0.9637849926948547,0.01979675516486168,0.006480435840785503,0.009937829338014126
5421,3,2,0.0008216116111725569,0.000128902931464836,0.6228442788124084,0.3762052059173584
5422,3,3,0.014732331968843937,3.193017982994206e-05,0.014404617249965668,0.9708310961723328
5423,2,2,0.00022322747099678963,2.7545373086468317e-05,0.9993038177490234,0.0004453660803847015
5424,1,1,0.04037894308567047,0.9554070830345154,0.0026368414983153343,0.0015770712634548545
5425,1,1,0.061527661979198456,0.9023635387420654,0.029439494013786316,0.006669395137578249
5426,2,2,0.07387860864400864,0.0007708588382229209,0.9108904600143433,0.014460021629929543
5427,3,3,0.0001482433726778254,6.1502564676629845e-06,0.0007807591464370489,0.9990648627281189
5428,3,3,5.1221355533925816e-05,1.8476115428711637e-06,0.0001944257237482816,0.9997524619102478
5429,0,0,0.9999680519104004,1.0505163405838402e-09,2.0748617316712625e-05,1.121495461120503e-05
5430,1,1,1.0704312103371194e-07,0.9999899864196777,9.666511687100865e-06,2.467076569701021e-07
5431,2,3,1.6879195072760922e-06,1.477027007645848e-11,0.01324665080755949,0.9867516756057739
5432,2,2,2.4072289306786843e-05,1.130843702412676e-05,0.9907671809196472,0.009197347797453403
5433,2,3,0.0028820731677114964,0.0007174963830038905,0.3059915602207184,0.6904088258743286
5434,3,3,3.880895746988244e-06,9.810840140289656e-09,0.018544968217611313,0.9814510941505432
5435,3,3,0.0016890978440642357,0.0005775221507064998,0.0020220500882714987,0.9957114458084106
5436,3,3,5.9206691105373466e-08,5.665301006096968e-10,0.015623953193426132,0.9843759536743164
5437,1,1,1.0927930134130293e-06,0.9999985694885254,2.625681361223542e-07,1.2320518294473004e-07
5438,3,3,7.573103357572109e-05,9.962989322431781e-10,0.0026435062754899263,0.9972807168960571
5439,3,3,0.010631104931235313,3.3958947653900395e-08,0.22159963846206665,0.7677692174911499
5440,0,0,0.9999896287918091,9.914120937537518e-07,5.246715318207862e-06,4.181697931926465e-06
5441,0,0,0.999669075012207,1.6065345334936865e-05,7.01627868693322e-05,0.00024469118216075003
5442,3,3,0.00021818246750626713,0.009336725808680058,0.20081596076488495,0.7896291613578796
5443,1,1,7.379144790320424e-06,0.9999892711639404,7.976113920449279e-07,2.5010112949530594e-06
5444,0,0,0.9316705465316772,0.00010031088459072635,0.06710343062877655,0.0011256933212280273
5445,0,0,0.999891996383667,7.855174288806666e-09,8.411562885157764e-05,2.3874708858784288e-05
5446,3,3,1.4923746675776783e-05,1.2217374205647502e-06,0.0004962684470228851,0.9994876384735107
5447,2,2,0.00024073870736174285,1.5956280208229146e-07,0.9997569918632507,2.148523662981461e-06
5448,2,2,0.00030755973421037197,0.00012999038153793663,0.5108379125595093,0.4887245297431946
5449,1,1,0.09582601487636566,0.8564156293869019,0.039687588810920715,0.008070684038102627
5450,2,2,0.00137053441721946,0.00011009171430487186,0.9979279041290283,0.000591454328969121
5451,0,0,0.9288919568061829,0.029113605618476868,0.0021258562337607145,0.03986857086420059
5452,3,3,5.967518882243894e-05,1.792162009905951e-07,0.00048562692245468497,0.9994544386863708
5453,3,3,0.003981127869337797,0.0002538803091738373,0.00963468849658966,0.9861302971839905
5454,0,0,0.9998750686645508,1.8424005432393642e-08,4.89719895995222e-05,7.585104322060943e-05
5455,3,3,0.0004387270601000637,0.0037549776025116444,0.002601718995720148,0.9932044744491577
5456,1,1,0.012262625619769096,0.9849463701248169,0.0006561829359270632,0.002134781563654542
5457,3,3,1.3190501704229973e-05,1.3146213007075858e-08,0.0017278265440836549,0.9982590079307556
5458,1,1,0.00035997299710288644,0.9991810917854309,0.0004411993722897023,1.7741263945936225e-05
5459,1,1,0.0005028489977121353,0.9994865655899048,9.518344086245634e-06,1.0131572025784408e-06
5460,2,2,7.548441089966218e-07,3.899664757778254e-10,0.9999985694885254,7.25389497802098e-07
5461,3,3,1.1918369636987336e-05,7.543395241782491e-09,0.002025639871135354,0.997962474822998
5462,3,3,0.0038602587301284075,9.095578570850194e-05,0.0026429486460983753,0.993405818939209
5463,0,0,0.9999587535858154,3.18989776815215e-08,3.84979603040847e-06,3.734036363312043e-05
5464,3,3,1.1534635632415302e-05,1.9922069549593857e-10,2.7904927719646366e-06,0.9999856948852539
5465,2,3,0.024530094116926193,2.1275560357025824e-05,0.17303557693958282,0.8024131059646606
5466,3,3,4.8232504923362285e-06,5.776672473700728e-10,0.0003698738873936236,0.9996253252029419
5467,1,3,0.013461778871715069,0.16474652290344238,0.0001031543652061373,0.8216885924339294
5468,3,3,0.0002526461030356586,4.521656137512764e-06,0.008662769570946693,0.991080105304718
5469,3,3,1.522277948140527e-08,2.6843803221932028e-11,4.3773932702606544e-05,0.9999562501907349
5470,2,2,0.028013024479150772,0.0030556260608136654,0.7246921062469482,0.24423927068710327
5471,0,0,0.999991774559021,9.096894473259454e-07,4.882211214862764e-06,2.3793768377800006e-06
5472,2,2,0.10797426849603653,0.0019353533862158656,0.8872629404067993,0.0028274289797991514
5473,1,1,0.00038430443964898586,0.9996135830879211,1.2677336371780257e-06,8.118231562548317e-07
5474,2,2,0.0032606818713247776,6.260382861000835e-07,0.9960606694221497,0.0006779443938285112
5475,2,2,0.0007506359834223986,7.322125384234823e-06,0.8612788319587708,0.1379631608724594
5476,2,2,7.261181599460542e-05,3.993802238255739e-06,0.9919171929359436,0.008006163872778416
5477,3,3,9.644775855122134e-05,2.9141241952856944e-07,0.008084210567176342,0.9918191432952881
5478,1,1,1.0878864486585371e-05,0.9999630451202393,1.9499957488733344e-05,6.614234280277742e-06
5479,2,3,5.3919113270239905e-05,1.1642850950011052e-06,0.13985836505889893,0.8600865602493286
5480,3,3,1.675881867413409e-05,2.8620395369216567e-06,0.00039704973460175097,0.9995833039283752
5481,2,2,0.00020817475160583854,5.047552917858411e-07,0.9997255206108093,6.57767741358839e-05
5482,3,3,7.433194696204737e-05,7.384001188270872e-10,0.004686819389462471,0.9952389001846313
5483,2,2,0.014342039823532104,1.3922896187068545e-06,0.9855974316596985,5.906935621169396e-05
5484,1,1,6.394908158569024e-09,0.9999997615814209,1.7761492188128614e-07,3.0169677867064593e-10
5485,3,3,0.00018844428996089846,4.9877250773988635e-08,0.001644002622924745,0.9981675148010254
5486,3,3,2.2609943073348404e-07,2.26428121044564e-12,0.0010225787991657853,0.9989771842956543
5487,0,0,0.9999992847442627,7.159800219369572e-08,8.395017125906179e-09,6.569998163286073e-07
5488,0,0,0.9974864721298218,1.7812897567637265e-05,1.1864352018164936e-05,0.0024838459212332964
5489,2,2,6.560353358509019e-05,2.8522419597720727e-05,0.9998557567596436,5.019331001676619e-05
5490,1,1,1.11847498374118e-06,0.9999963045120239,2.553097601776244e-06,5.096855559827418e-08
5491,1,1,1.0375732927059289e-05,0.999974250793457,1.5306608474929817e-05,1.3989317437790305e-07
5492,2,2,0.002518541645258665,0.0014658558648079634,0.9950790405273438,0.0009364350698888302
5493,2,2,2.10076382245461e-06,2.1335795352683817e-08,0.9998476505279541,0.0001501369843026623
5494,1,1,0.03696618974208832,0.9546604156494141,0.0072242445312440395,0.001149070798419416
5495,2,2,0.0005414937622845173,7.796056161168963e-05,0.9988288283348083,0.00055167474783957
5496,1,1,3.2398173743786174e-07,0.9999996423721313,2.3170891871870936e-09,4.755823165836226e-11
5497,0,0,0.999618649482727,3.0067822081036866e-05,4.456816895981319e-05,0.0003066409262828529
5498,2,2,2.0695857529062778e-05,1.1755651740941175e-07,0.9999779462814331,1.2482830697990721e-06
5499,1,1,0.0001230505877174437,0.9996446371078491,2.568455420259852e-05,0.00020658450375776738
5500,0,0,0.9994625449180603,0.0001425358932465315,1.5264002286130562e-05,0.0003797123790718615
5501,2,3,0.22254592180252075,0.0015239937929436564,0.18720325827598572,0.588726818561554
5502,2,2,7.053093668218935e-06,3.4419958439002585e-08,0.9997922778129578,0.00020071184553671628
5503,1,1,1.7799966371967457e-05,0.9999557733535767,4.506850018515252e-06,2.1900286810705438e-05
5504,2,2,0.0015146521618589759,8.598963177064434e-05,0.9911006093025208,0.007298730313777924
5505,2,2,0.0027860107365995646,0.0001213121649925597,0.9818006753921509,0.015291951596736908
5506,2,2,0.0020748982205986977,1.0773323083412834e-05,0.9971534013748169,0.000760957773309201
5507,1,1,0.006449936889111996,0.986668586730957,0.006006563547998667,0.0008748015970923007
5508,3,3,0.026507442817091942,0.015369419008493423,0.0002855938801076263,0.9578375220298767
5509,1,1,9.480368134973105e-06,0.9999872446060181,1.262850105376856e-06,2.0615373159671435e-06
5510,0,0,0.9997377991676331,9.183527436107397e-05,0.00014114085934124887,2.9271111998241395e-05
5511,3,3,0.004575146362185478,0.0003009264182765037,0.021295351907610893,0.9738285541534424
5512,3,3,0.00033870895276777446,3.2285745987792325e-07,0.0079750781878829,0.9916858077049255
5513,0,0,0.9998084902763367,2.7970355631623534e-07,7.310530492077305e-08,0.0001911756698973477
5514,3,3,4.3913183617405593e-05,5.068192876933608e-06,0.057344451546669006,0.9426066279411316
5515,3,3,1.0628461950545898e-06,4.65421062800786e-10,0.0010317377746105194,0.998967170715332
5516,0,0,0.9999656677246094,1.2911878002341837e-06,1.4915115571056958e-05,1.8140766769647598e-05
5517,0,0,0.9999953508377075,5.550979835788894e-07,3.4903908385786053e-07,3.7446195619850187e-06
5518,2,2,8.636910934001207e-06,5.870596169188502e-07,0.9999411106109619,4.977010394213721e-05
5519,2,2,0.0002636945864651352,0.00032620644196867943,0.999030351638794,0.0003798389807343483
5520,0,0,0.9999964237213135,1.997731313707618e-09,2.3990915565264004e-07,3.278176791354781e-06
5521,0,0,0.970633864402771,0.0003193174779880792,0.020342549309134483,0.008704336360096931
5522,1,1,0.039251815527677536,0.9383901953697205,0.013018272817134857,0.00933973491191864
5523,2,2,0.014939584769308567,4.693498704000376e-05,0.9505637288093567,0.03444979712367058
5524,2,2,6.560736801475286e-05,0.00010542239033384249,0.9988695979118347,0.0009593981667421758
5525,3,3,1.8425347434458672e-06,7.154090653216372e-09,0.0018548861844465137,0.9981433153152466
5526,3,3,9.248732908417878e-07,2.5520234885334503e-06,0.009826072491705418,0.990170419216156
5527,0,0,0.9999910593032837,3.0626115403720178e-06,3.441784201640985e-06,2.381118520133896e-06
5528,2,2,5.858726581209339e-05,2.042434743998456e-06,0.9997177720069885,0.00022155183251015842
5529,1,1,0.00019257862004451454,0.9983029365539551,0.001386766554787755,0.00011764328519348055
5530,2,2,3.0852074814902153e-06,1.1624196076809312e-06,0.9999425411224365,5.322798097040504e-05
5531,3,3,6.691247835988179e-05,0.00015753785555716604,0.15809400379657745,0.8416815996170044
5532,2,3,0.00022029226238373667,0.0003211625153198838,0.0019543503876775503,0.9975041747093201
5533,3,3,0.0006386844324879348,6.528081826218113e-07,0.32601433992385864,0.6733463406562805
5534,0,1,0.09970088303089142,0.8974453806877136,0.00011460124369477853,0.0027390550822019577
5535,2,2,2.3228707505040802e-05,1.300992096275877e-07,0.9711192846298218,0.02885730005800724
5536,1,1,0.01393734198063612,0.9019665122032166,0.03686477243900299,0.04723130166530609
5537,3,0,0.9141876697540283,8.424392035522033e-06,0.017420146614313126,0.06838372349739075
5538,1,1,0.00012120167230023071,0.999546468257904,2.0203794974804623e-06,0.00033028170582838356
5539,0,0,0.8292280435562134,2.1817544620716944e-05,0.03035709075629711,0.14039306342601776
5540,2,2,9.275745469494723e-06,2.860517933633844e-10,0.9999899864196777,7.656147431589488e-07
5541,2,2,0.003971687518060207,3.627899616276409e-07,0.9958394765853882,0.0001885072997538373
5542,2,2,1.411927405570168e-05,1.5737838054974418e-07,0.9808835983276367,0.01910211332142353
5543,1,1,1.0556840607023332e-05,0.99998939037323,3.037141382833397e-08,2.221672623647919e-08
5544,0,0,0.9999926090240479,6.779699646131121e-08,4.7315133997472e-06,2.530194478822523e-06
5545,3,3,3.9780879887985066e-06,4.008265594435123e-11,0.018893184140324593,0.9811028838157654
5546,3,3,0.0007082897936925292,7.620927499374375e-05,0.10498692095279694,0.8942285776138306
5547,1,1,6.367508262883348e-07,0.9999992847442627,2.488568995318019e-08,2.3447965347145328e-08
5548,2,2,0.0012382700806483626,3.22038644640088e-08,0.9958803653717041,0.002881397493183613
5549,0,0,0.99973064661026,1.2631733170564985e-07,2.3539534595329314e-05,0.00024562605540268123
5550,0,0,0.999984860420227,5.5852268587841536e-08,2.68095249111866e-07,1.4792572073929477e-05
5551,3,3,0.00042336646583862603,1.523454358220988e-07,1.935369618877303e-05,0.9995571970939636
5552,1,1,0.000286962982499972,0.999645471572876,6.40197831671685e-05,3.5668053897097707e-06
5553,0,0,0.9995229244232178,7.4611730269680265e-06,0.000388505490263924,8.102553692879155e-05
5554,2,2,0.00012859229173045605,1.0021325635989342e-07,0.99979168176651,7.95901651144959e-05
5555,3,3,0.005394912324845791,5.931472060183296e-07,0.14962582290172577,0.8449786305427551
5556,3,3,4.680016019165123e-08,2.88177890439556e-08,1.018459352053469e-05,0.9999897480010986
5557,1,1,4.014584931155696e-07,0.9999982118606567,7.848258292142418e-07,6.546461577272567e-07
5558,3,3,2.0596307592768426e-07,3.474392542557325e-07,0.00013214582577347755,0.99986732006073
5559,2,2,0.004469593986868858,9.523894732410554e-06,0.8058615922927856,0.18965929746627808
5560,1,1,6.482250319095328e-05,0.997495174407959,0.002418655203655362,2.1463192751980387e-05
5561,0,0,0.999237060546875,0.00017791932623367757,0.000405431492254138,0.00017950126493815333
5562,2,2,3.827402542810887e-05,4.049215476698009e-06,0.934943437576294,0.0650143176317215
5563,1,1,0.00023863581009209156,0.999514102935791,0.00019099167548120022,5.6294447858817875e-05
5564,0,0,1.0,5.088399146480072e-10,7.296672155376882e-09,4.2251834031503677e-08
5565,3,3,0.0005718125612474978,4.515778709901497e-05,0.0037885643541812897,0.9955945611000061
5566,0,0,0.999944806098938,2.254729558615054e-08,3.849597487715073e-05,1.669775156187825e-05
5567,3,3,0.0001056523178704083,8.67876224219799e-05,0.080910325050354,0.9188973307609558
5568,0,0,0.9999972581863403,1.0718243004248507e-07,1.4625134099333081e-06,1.1711593970176182e-06
5569,1,1,6.781986172654797e-08,0.9999998807907104,1.1070692140791039e-09,2.622619010850258e-09
5570,1,1,0.0034398273564875126,0.9864810705184937,0.00030581140890717506,0.009773281402885914
5571,1,1,0.40212368965148926,0.5428955554962158,0.04991689696907997,0.005063849501311779
5572,1,1,0.000386762956622988,0.9944629073143005,0.0036087126936763525,0.001541650970466435
5573,2,2,0.005119081120938063,1.785403327403401e-07,0.9785561561584473,0.01632455736398697
5574,2,2,0.00183192640542984,4.3153399928996805e-06,0.8990259766578674,0.09913785010576248
5575,0,0,0.999873161315918,9.9218411264701e-10,7.787687354721129e-05,4.902788350591436e-05
5576,1,1,7.544714208052028e-06,0.9999915361404419,3.746382333247311e-07,6.395270588654967e-07
5577,1,1,5.197564314585179e-05,0.9997542500495911,0.0001120146771427244,8.175567927537486e-05
5578,0,0,0.9999785423278809,1.7579121447397483e-07,2.766202442217036e-06,1.854244328569621e-05
5579,0,0,0.9999388456344604,1.9037810488953255e-05,2.613229298731312e-05,1.6031566701713018e-05
5580,2,2,2.1028210994700203e-06,3.988565566714897e-08,0.9999728202819824,2.499736365280114e-05
5581,3,3,0.0008058715611696243,0.0034189282450824976,0.06816203147172928,0.9276131391525269
5582,2,2,0.0025790503714233637,5.228563964010391e-07,0.9938883185386658,0.0035321179311722517
5583,1,1,0.06278150528669357,0.9092609882354736,0.008476058952510357,0.019481509923934937
5584,0,0,0.9993916749954224,8.053766578086652e-07,0.0004077083431184292,0.00019982960657216609
5585,1,1,1.0492548163654192e-08,1.0,1.680678513027445e-11,3.685997895797044e-10
5586,2,2,0.175087571144104,5.8285413615521975e-06,0.6996222138404846,0.12528441846370697
5587,3,3,0.0013477348256856203,0.005112244747579098,0.026443131268024445,0.9670968651771545
5588,0,0,0.49710169434547424,5.5922971142763345e-08,0.471415251493454,0.03148305416107178
5589,0,0,0.9578489065170288,0.01835276558995247,0.019585147500038147,0.004213217180222273
5590,2,2,0.010569753125309944,0.00023263889306690544,0.5869839787483215,0.4022136330604553
5591,2,2,0.0003120744659099728,1.6613956177025102e-05,0.9960944056510925,0.0035769345704466105
5592,2,0,0.5387939810752869,9.860979162112926e-07,0.46028953790664673,0.0009155090083368123
5593,2,2,3.851888322969899e-06,4.040536225602409e-07,0.9982749223709106,0.0017208075150847435
5594,1,1,1.1865897420193505e-07,0.9999997615814209,7.744531416165046e-08,1.3018221167726551e-08
5595,0,0,0.9993307590484619,2.626218702062033e-05,0.00045869912719354033,0.00018430229101795703
5596,0,0,0.9999309778213501,4.092826078050393e-09,4.672548129747156e-06,6.43912935629487e-05
5597,0,0,0.48326537013053894,8.779257321123168e-09,0.47478896379470825,0.041945576667785645
5598,3,3,7.542793173342943e-05,1.7188589254146791e-06,0.00011405136319808662,0.9998088479042053
5599,1,1,0.0009215126046910882,0.9900582432746887,0.007807410322129726,0.0012127732625231147
5600,2,2,0.008813994936645031,6.268781476137519e-07,0.9597545266151428,0.03143082186579704
5601,2,2,8.287752280011773e-06,3.7740966263299924e-07,0.7611688375473022,0.23882250487804413
5602,2,0,0.9985252022743225,0.00043139714398421347,0.0008651475654914975,0.00017826863040681928
5603,3,3,1.2713313424228545e-07,8.061152440008712e-12,0.00018318340880796313,0.9998167157173157
5604,3,3,1.4495519735646667e-06,5.6087859690023834e-08,1.0219605428574141e-05,0.999988317489624
5605,3,3,2.8410211598384194e-05,8.69087024568671e-11,0.006439829245209694,0.9935317635536194
5606,1,1,0.0002841702662408352,0.9745502471923828,0.02241487056016922,0.002750636078417301
5607,0,0,0.9998937845230103,2.295172862432082e-06,0.00010097079939441755,2.9841914965800242e-06
5608,0,0,0.9999470710754395,1.0036236375299268e-07,2.2658958187093958e-05,3.01951640722109e-05
5609,3,3,0.03990091010928154,0.2750221788883209,0.11358293145895004,0.571493923664093
5610,0,0,0.9963819980621338,0.0003378343244548887,0.003158701816573739,0.00012148555106250569
5611,3,3,0.006048215553164482,0.00012293214967940003,0.0009921669261530042,0.9928366541862488
5612,0,0,0.8479903340339661,0.004836529493331909,0.11692091822624207,0.030252229422330856
5613,0,0,0.9993789196014404,2.2315900423564017e-05,8.005994459381327e-05,0.0005186445196159184
5614,0,0,0.9488916397094727,1.3769143833997077e-06,0.0019416281720623374,0.049165330827236176
5615,0,0,0.7382108569145203,0.03236465901136398,0.002234172075986862,0.2271903157234192
5616,3,3,2.7187263640371384e-07,3.3202901539297613e-10,1.0012535312853288e-05,0.9999897480010986
5617,0,0,0.9658088088035583,0.02418125607073307,0.0002815805491991341,0.009728292934596539
5618,2,2,4.379043821245432e-05,8.248643098340835e-06,0.9997630715370178,0.00018492828530725092
5619,3,3,0.00011739367619156837,3.2602848420992814e-08,0.0010771324159577489,0.9988055229187012
5620,3,3,0.0006731808534823358,2.103199392422539e-07,0.0011561466380953789,0.9981703758239746
5621,2,2,4.12901135860011e-06,3.8329308615914215e-09,0.9999949932098389,8.76999479260121e-07
5622,3,3,0.0003496325225569308,2.431105895084329e-05,0.24148710072040558,0.7581389546394348
5623,2,2,1.2470253750507254e-05,5.000044112080104e-08,0.9997648596763611,0.000222625516471453
5624,1,1,9.890924523858757e-09,1.0,7.570161719705482e-10,2.01418964840272e-10
5625,3,3,0.06065665930509567,1.5419129084648375e-08,0.06397408246994019,0.8753693103790283
5626,3,3,0.0001636360102565959,6.525738172058482e-06,0.04090416431427002,0.9589256644248962
5627,3,3,0.138223797082901,7.7778946433682e-05,0.175641268491745,0.6860572099685669
5628,2,2,0.0014572738436982036,4.392288610688411e-05,0.9982908368110657,0.0002080340636894107
5629,3,3,9.250690709450282e-06,3.930244130145866e-09,0.020752694457769394,0.9792380928993225
5630,0,0,0.9999990463256836,6.633265048350268e-10,8.654573662170151e-07,1.4184148255935725e-07
5631,1,1,6.229985501704505e-06,0.9999874830245972,8.493954872790255e-09,6.284455139393685e-06
5632,0,0,0.9999920129776001,1.4356476185639622e-07,1.1368963441782398e-06,6.681745617242996e-06
5633,0,0,0.9998338222503662,9.320896765530051e-07,3.1063198093761457e-06,0.00016207557928282768
5634,3,0,0.9059883952140808,0.022733934223651886,0.055893465876579285,0.015384259633719921
5635,2,2,5.1111252105329186e-05,1.950969135577907e-06,0.9996091723442078,0.0003377640387043357
5636,1,1,2.6860384139126836e-08,1.0,1.69629412738459e-08,1.6031351801615301e-09
5637,0,0,0.9985378980636597,2.736134410952218e-05,0.0013453123392537236,8.939795952755958e-05
5638,2,2,0.002967440290376544,3.1796977850717667e-07,0.9968948364257812,0.0001374721759930253
5639,3,3,1.0386227586423047e-05,1.6499761557042802e-08,0.021297061815857887,0.9786925911903381
5640,2,3,0.003075260203331709,0.0011446601711213589,0.19392140209674835,0.8018586039543152
5641,0,0,0.9999966621398926,3.432392503555093e-08,1.5774550092828576e-06,1.7669538010522956e-06
5642,0,0,0.9998338222503662,3.3289049383711244e-07,2.862801920855418e-05,0.0001371852122247219
5643,1,1,4.708121559815481e-05,0.9999512434005737,1.4777233445784077e-06,2.9686950142604474e-07
5644,0,0,0.9987524747848511,0.0001342095638392493,0.0010678655235096812,4.547233766061254e-05
5645,1,1,0.0005351045983843505,0.987561821937561,0.0027197396848350763,0.009183399379253387
5646,0,0,0.9552373886108398,0.018145930022001266,0.01498787384480238,0.011628813110291958
5647,0,0,0.9995713829994202,1.5178499097601161e-06,0.00040815502870827913,1.8977349100168794e-05
5648,1,1,0.033524513244628906,0.7979482412338257,0.14723065495491028,0.02129654958844185
5649,0,0,0.9997510313987732,7.425642820635403e-07,7.637059752596542e-05,0.00017188889614772052
5650,2,2,0.0003978954046033323,5.369165592128411e-05,0.9965227842330933,0.003025663550943136
5651,3,3,0.0598064586520195,0.12025327980518341,0.12296203523874283,0.6969782710075378
5652,3,3,7.45638040200447e-09,2.4613225235725622e-08,0.0003438493295107037,0.9996562004089355
5653,1,1,1.946419070009142e-05,0.9999802112579346,2.0587457072451798e-07,1.7029003629431827e-07
5654,1,1,3.054234548471868e-05,0.9999686479568481,7.150562737479049e-07,7.506525889766635e-08
5655,0,0,0.9999953508377075,1.8485485497876653e-06,2.3372258510789834e-06,4.423284849508491e-07
5656,1,1,0.040136661380529404,0.938723623752594,0.018015174195170403,0.0031245145946741104
5657,2,2,0.004744832869619131,3.363417272339575e-05,0.9937187433242798,0.0015028369380161166
5658,1,1,5.368182883103145e-06,0.9999896287918091,1.1211373021069448e-06,3.874597041431116e-06
5659,3,3,0.041307512670755386,0.03587467968463898,0.013623369857668877,0.9091944694519043
5660,0,0,0.9999959468841553,4.542349785197075e-08,1.3336766642169096e-06,2.704545067899744e-06
5661,1,1,7.328216922175557e-10,1.0,2.0077879636648532e-10,2.629757078764783e-09
5662,3,3,3.2006045103116776e-07,5.903695754483351e-09,0.0009168229880742729,0.9990828037261963
5663,1,1,1.972393147298135e-05,0.9955244064331055,0.003208534326404333,0.0012474204413592815
5664,1,1,3.953576378989965e-05,0.9999598264694214,3.6059395469578703e-09,5.526806603484147e-07
5665,1,1,2.5892052235576557e-07,0.9999994039535522,5.148499937490669e-08,2.55683715977284e-07
5666,2,0,0.68650883436203,0.00016606329882051796,0.3111998438835144,0.0021252278238534927
5667,3,3,0.0023253080435097218,2.377147666265955e-06,0.018760865554213524,0.9789115190505981
5668,1,1,7.688965411034587e-07,0.9999948740005493,2.515295818739105e-06,1.7429941863156273e-06
5669,1,1,8.862788547503442e-08,0.9999997615814209,9.770661790753365e-08,2.0173130721445887e-08
5670,1,1,7.951814768603072e-05,0.9999202489852905,1.1924826992526505e-07,1.1875323480126099e-07
5671,1,1,0.040373072028160095,0.9576107859611511,0.0011366194812580943,0.0008795893518254161
5672,0,0,0.9996886253356934,2.208734485975583e-06,0.00015344080748036504,0.0001557448267703876
5673,1,1,3.454098077781964e-06,0.9999632835388184,2.2673893909086473e-05,1.0651207958289888e-05
5674,2,1,0.02371104434132576,0.9660821557044983,0.00600753678008914,0.00419926131144166
5675,1,1,0.01732035167515278,0.9399148225784302,0.037026550620794296,0.0057383328676223755
5676,1,1,0.0034577862825244665,0.9944939017295837,0.0020435466431081295,4.7876028475002386e-06
5677,1,1,3.8747537473682314e-05,0.9999610185623169,2.3685984729127085e-07,5.0676828067253155e-08
5678,2,2,7.873074537201319e-06,7.309824923140695e-08,0.9932554960250854,0.006736597511917353
5679,1,1,2.3267139681593108e-07,0.9999991655349731,3.565426140994532e-07,2.197925681457491e-07
5680,1,1,0.00010537290654610842,0.9998939037322998,8.544395768694812e-08,5.533445346372901e-07
5681,3,3,8.769080523052253e-06,9.230307185248421e-09,0.004012475721538067,0.9959787130355835
5682,0,0,0.9946637153625488,1.1706478289852384e-05,0.0015010301722213626,0.0038235920947045088
5683,3,0,0.5734119415283203,0.0010678990511223674,0.08612076938152313,0.3393993675708771
5684,3,3,0.011047367937862873,2.2253736460697837e-05,0.02426300384104252,0.9646673202514648
5685,0,2,0.009271309711039066,1.1861825441883411e-06,0.9607585668563843,0.02996893785893917
5686,3,0,0.9344077110290527,0.01177368126809597,0.0005294471047818661,0.05328914523124695
5687,3,3,0.013155505992472172,0.23568233847618103,0.2587369680404663,0.4924251437187195
5688,1,1,2.911165211116895e-05,0.999862790107727,9.191134449793026e-05,1.618605529074557e-05
5689,0,0,0.9987949132919312,3.287557774456218e-06,0.00022005413484293967,0.0009817873360589147
5690,2,2,0.10423243045806885,0.00023141522251535207,0.5925210118293762,0.3030151426792145
5691,3,3,1.6835693941175123e-06,1.1934826391057918e-11,0.13980743288993835,0.8601908683776855
5692,1,1,0.008789632469415665,0.6978083252906799,0.2931221127510071,0.0002798787027131766
5693,1,1,0.03658435493707657,0.7801674604415894,0.024496344849467278,0.15875187516212463
5694,1,1,0.03211930766701698,0.5203195810317993,0.06971965730190277,0.3778414726257324
5695,0,0,0.9976953864097595,2.9297240189407603e-07,0.0021508128847926855,0.00015344582789111882
5696,1,1,0.0017235421109944582,0.9921648502349854,0.006053456105291843,5.8132547565037385e-05
5697,3,3,5.7664259657030925e-05,6.047621354809962e-06,0.0015821118140593171,0.9983541965484619
5698,3,3,0.0017473071347922087,9.061967284651473e-05,0.0014899445232003927,0.9966720342636108
5699,1,1,1.3403414413915016e-06,0.9999986886978149,1.1279649214657184e-08,9.084671681591772e-09
5700,0,0,0.9978917241096497,1.2892258382635191e-05,0.0016099795466288924,0.00048547834740020335
5701,2,2,0.006972161121666431,0.007582318503409624,0.9596748352050781,0.025770749896764755
5702,1,1,2.7364518246031366e-05,0.9998192191123962,0.00012786441948264837,2.56425810221117e-05
5703,0,0,0.9992538094520569,8.924036620783227e-08,0.0003366639430169016,0.00040946880471892655
5704,3,3,1.618605529074557e-05,7.462211328856938e-07,0.0005149125354364514,0.9994681477546692
5705,1,1,0.0011497277300804853,0.9987236857414246,0.0001106549461837858,1.5949932276271284e-05
5706,1,1,1.5443756637978368e-05,0.999976634979248,1.520088499518124e-09,7.812144758645445e-06
5707,1,1,3.845570972771384e-06,0.9999898672103882,5.59876389161218e-06,7.228094318634248e-07
5708,2,2,0.00439760647714138,2.461594021951896e-06,0.9486961960792542,0.046903740614652634
5709,1,1,7.260603524628095e-06,0.9999774694442749,1.5175247426668648e-05,1.6283863146782096e-07
5710,0,0,0.9998235106468201,1.9515671738190576e-05,2.6069241698678525e-07,0.00015680034994147718
5711,0,0,0.9167658090591431,1.4082485904509667e-05,0.00014715909492224455,0.08307284116744995
5712,1,1,6.563327019648568e-07,0.9999990463256836,1.1575793479323693e-07,2.1170470176912204e-07
5713,1,1,1.8471136797870713e-07,0.9999994039535522,1.6368187516491162e-07,1.8759170927751256e-07
5714,1,1,2.4136107867889223e-07,0.9999991655349731,7.594864825932746e-08,4.943894964526407e-07
5715,0,0,0.9869899153709412,0.0008502904674969614,0.011171183548867702,0.000988552113994956
5716,0,0,0.9999980926513672,1.729565042296599e-07,6.331133395320876e-09,1.6871595107659232e-06
5717,0,0,0.9999868869781494,9.8279679150437e-07,7.6191108746570535e-06,4.5569090616481844e-06
5718,3,3,1.2739841622533277e-05,1.9489057194732595e-06,0.00015091823297552764,0.999834418296814
5719,3,3,4.541911039268598e-06,2.7030452875997923e-10,1.722008846627432e-06,0.9999936819076538
5720,1,1,0.002153140725567937,0.9964229464530945,2.125073478964623e-06,0.0014217229327186942
5721,1,1,1.0319605507902452e-06,0.999998927116394,2.892284456379457e-08,4.324986591086599e-09
5722,0,0,0.9998564720153809,3.4439999581081793e-06,5.396156120696105e-05,8.601366425864398e-05
5723,1,1,0.003972351085394621,0.986221194267273,0.0003089838137384504,0.009497524239122868
5724,1,1,0.0021098838187754154,0.9973816275596619,0.00036322863888926804,0.0001452707510907203
5725,0,0,0.8878567218780518,0.0006601106142625213,0.10803589224815369,0.0034472376573830843
5726,0,0,0.9538727402687073,2.685983599803876e-05,0.03963030129671097,0.006470159627497196
5727,3,3,3.9114976857490547e-07,4.6132608844118295e-10,1.6746939763834234e-06,0.9999979734420776
5728,1,1,0.04930168390274048,0.9306238293647766,0.004808640107512474,0.015265904366970062
5729,2,2,0.00013320657308213413,1.4780262972635683e-05,0.9996999502182007,0.0001520055957371369
5730,3,3,3.868701242026873e-06,2.2323921200495533e-07,0.0008514359360560775,0.999144434928894
5731,1,1,1.4483725863101427e-05,0.999891996383667,3.2860191367944935e-06,9.019979188451543e-05
5732,0,0,0.5538932681083679,3.6948595152352937e-06,0.15594686567783356,0.29015612602233887
5733,3,3,0.0002357790945097804,0.00011119130067527294,0.007522931322455406,0.9921301007270813
5734,1,1,0.00106377515476197,0.7317259907722473,0.2263275533914566,0.040882714092731476
5735,1,1,1.4119214029051363e-06,0.9999953508377075,2.735956513788551e-06,4.25413162474797e-07
5736,3,3,7.300612651306437e-06,9.39060296190064e-09,0.013524025678634644,0.9864686727523804
5737,3,3,8.30413591756951e-06,2.693112435281364e-07,0.04630029574036598,0.9536911249160767
5738,3,1,0.026007771492004395,0.6997824311256409,0.014181874692440033,0.2600279748439789
5739,2,2,3.890090738423169e-06,1.3051791869500562e-09,0.9999951124191284,9.302923444920452e-07
5740,0,2,5.8213154261466116e-06,3.238989876308551e-08,0.9962755441665649,0.003718647174537182
5741,2,2,0.14462432265281677,0.00035654849489219487,0.8003718852996826,0.054647285491228104
5742,3,3,0.004203311633318663,4.957418059348129e-05,0.2411247193813324,0.7546224594116211
5743,0,0,0.9999048709869385,1.5136112097025034e-06,9.102355761569925e-06,8.450160385109484e-05
5744,0,0,0.99998939037323,1.0116029791618075e-08,1.015020734485006e-05,4.3490669554557826e-07
5745,1,0,0.7641016244888306,0.19866564869880676,0.03604952245950699,0.0011831916635856032
5746,0,0,0.9985281229019165,7.130810217859107e-07,0.001416333601810038,5.4751413699705154e-05
5747,3,3,6.543251947732642e-05,0.00024321542878169566,0.004740921780467033,0.9949504137039185
5748,2,2,0.0002173312532249838,7.421610348501417e-08,0.6660279035568237,0.33375468850135803
5749,1,1,0.022292843088507652,0.9642717838287354,0.0018971654353663325,0.011538274586200714
5750,2,2,1.1055479262722656e-05,0.00011150910722790286,0.9998358488082886,4.1525174310663715e-05
5751,2,2,0.0022074191365391016,7.851132249925286e-05,0.995488703250885,0.0022253859788179398
5752,3,3,4.563123366096988e-05,1.1082357787017827e-06,0.14264090359210968,0.8573123812675476
5753,3,3,3.285718412371352e-05,2.993280290297662e-08,0.01332457922399044,0.986642599105835
5754,3,3,0.00011177515989402309,5.484533176058903e-05,0.009239175356924534,0.9905942678451538
5755,2,2,0.0002732887805905193,1.7699025534057e-07,0.9994959831237793,0.0002304700465174392
5756,2,2,0.022753752768039703,3.969351382693276e-06,0.976428747177124,0.0008135086391121149
5757,3,3,4.3086711229989305e-06,5.947426302554959e-07,0.11427285522222519,0.8857222199440002
5758,2,2,0.025556163862347603,2.4904632027755724e-06,0.9714097380638123,0.0030315793119370937
5759,3,3,4.6780283469161077e-07,1.7980427173824864e-06,0.0012488606153056026,0.9987488985061646
5760,2,2,0.004935380537062883,2.033257987932302e-05,0.9882351160049438,0.006809171289205551
5761,1,1,0.00011181618174305186,0.9998726844787598,1.1019707017112523e-05,4.37858625446097e-06
5762,3,3,7.547733815727042e-08,1.6636754474053106e-11,9.648250852478668e-06,0.9999902248382568
5763,2,2,0.0009455176768824458,3.925201212950924e-07,0.9954262375831604,0.003627864643931389
5764,1,1,0.016186734661459923,0.9513903856277466,0.026356922462582588,0.006065940484404564
5765,1,1,5.671974940923974e-05,0.9999213218688965,2.9554469094250635e-08,2.1888214178034104e-05
5766,2,2,0.002503432333469391,4.538688881439157e-05,0.7731932401657104,0.2242579609155655
5767,3,3,0.0023342594504356384,9.921353694153368e-07,0.07387909293174744,0.9237856268882751
5768,3,3,2.9874111078243004e-06,9.643137850734451e-12,0.0018394897924736142,0.9981575608253479
5769,3,3,0.0015711045125499368,0.00027361983666196465,0.4403749704360962,0.5577802658081055
5770,0,0,0.999996542930603,6.255529427789952e-08,1.465276568524132e-06,1.999682808673242e-06
5771,2,2,0.00017421161464881152,4.731765784526942e-06,0.9995816349983215,0.00023945166321936995
5772,3,3,1.4509943184748408e-06,6.280896636123856e-11,4.086208718945272e-05,0.9999576807022095
5773,2,2,5.459484600578435e-05,1.2239636859590064e-08,0.7327200770378113,0.26722532510757446
5774,3,3,6.1020688008284196e-05,7.562023256468819e-07,0.002819485031068325,0.9971188306808472
5775,2,2,8.608022653788794e-06,1.121065018594436e-09,0.9999896287918091,1.7326203760603676e-06
5776,2,2,6.482304161181673e-05,6.201919404702494e-07,0.9999245405197144,9.932292414305266e-06
5777,2,2,0.0006344965077005327,1.0122075764229521e-05,0.9759408831596375,0.02341446839272976
5778,0,0,0.9999672174453735,1.8130140233552083e-07,3.0212106139515527e-05,2.4079345166683197e-06
5779,3,3,0.0035148204769939184,1.9296856407891028e-05,0.03822345286607742,0.9582423567771912
5780,0,0,0.9725306630134583,4.031630851386581e-06,6.413711525965482e-05,0.027401242405176163
5781,1,1,9.808205732042552e-07,0.9999988079071045,2.040320907781279e-07,2.440723179120141e-08
5782,3,3,5.847335614816984e-06,1.7478174640928046e-07,0.0009083622135221958,0.9990856647491455
5783,3,3,0.00016921527276281267,3.1096138286557107e-07,0.0007124677649699152,0.999117910861969
5784,1,1,0.3141753673553467,0.45502224564552307,0.0047133369371294975,0.22608906030654907
5785,2,2,2.8394160835887305e-06,8.598052048114369e-09,0.9985737800598145,0.0014233244583010674
5786,0,0,0.9999974966049194,5.772361755251865e-12,7.253603371282225e-07,1.8139344319934025e-06
5787,3,3,4.610552934991574e-07,2.4036022949758262e-08,2.86667091131676e-06,0.9999966621398926
5788,3,3,4.115924093639478e-05,1.2709983820968773e-06,0.0038632526993751526,0.996094286441803
5789,1,1,1.4298342648544349e-05,0.9999856948852539,5.190627483386834e-09,4.4149036426688326e-08
5790,1,1,3.1896419727672765e-07,0.9999983310699463,3.486814819098072e-07,9.374057867717056e-07
5791,2,2,3.71403330063913e-05,1.472634281185492e-08,0.9993637204170227,0.0005990963545627892
5792,3,3,0.0035172731149941683,1.601289477548562e-05,0.050736188888549805,0.9457305073738098
5793,3,3,1.2490809240262024e-06,8.725527322894777e-08,0.00029509200248867273,0.9997034668922424
5794,3,3,1.4417026932278532e-06,2.2850860093015513e-10,1.0732350119724288e-07,0.9999984502792358
5795,0,0,0.9984670281410217,0.0001341172173852101,0.000981150078587234,0.0004176769289188087
5796,0,0,0.9033058881759644,0.0004302601737435907,0.05197018384933472,0.04429375380277634
5797,0,3,0.03681161254644394,4.228357594615595e-11,0.0559292808175087,0.9072590470314026
5798,1,1,2.995491558976937e-05,0.9999696016311646,1.8922169431334623e-07,2.301766102164038e-07
5799,0,0,0.9978110194206238,0.00010402064071968198,0.000964280916377902,0.0011207236675545573
5800,3,3,5.071659643363091e-07,1.38050182396654e-09,0.0014546181773766875,0.9985449314117432
5801,1,1,3.778367272389005e-07,0.9999994039535522,1.8286119995991612e-07,5.2020197927049594e-08
5802,1,1,2.3373797375825234e-05,0.9999749660491943,4.404542508495979e-09,1.6773454944996047e-06
5803,1,1,3.961865786550334e-06,0.999982476234436,8.594122846261598e-06,5.031908585806377e-06
5804,2,2,0.00010186273721046746,3.536048893693078e-07,0.9995152950286865,0.0003824928717222065
5805,0,0,0.999955415725708,7.104092105691961e-07,3.499874583212659e-05,8.772713954385836e-06
5806,0,0,0.9889843463897705,0.0033337802160531282,0.0020023093093186617,0.005679543595761061
5807,2,2,3.5100617878924822e-06,1.261999386770185e-05,0.9998717308044434,0.00011222320608794689
5808,0,0,0.9995879530906677,8.350087910002912e-08,0.00025000388268381357,0.00016195599164348096
5809,0,0,0.9906988739967346,0.00012245624384377152,0.002965196967124939,0.006213485263288021
5810,3,3,0.0031690741889178753,7.654876732487992e-09,0.00013798964209854603,0.9966928958892822
5811,1,1,3.06380788970273e-05,0.9999616146087646,6.445934559451416e-06,1.3569316479333793e-06
5812,0,0,0.9582418203353882,4.130559318582527e-06,0.0017948956228792667,0.03995915874838829
5813,2,2,7.92772916611284e-05,5.0996142419990065e-08,0.8709000945091248,0.12902051210403442
5814,2,2,0.0020119543187320232,1.4204705394149642e-06,0.9953502416610718,0.002636404475197196
5815,0,0,0.9972988963127136,1.3503195077646524e-06,0.00017753119755070657,0.002522257622331381
5816,3,3,0.00011641160381259397,2.472203050274402e-05,0.06160623952746391,0.9382526278495789
5817,1,1,0.0003086278447881341,0.9995753169059753,0.00010874775762204081,7.231333711388288e-06
5818,0,0,0.9921647310256958,0.0019029839895665646,0.0023863406386226416,0.003545942483469844
5819,3,3,0.013050895184278488,0.00017774201114661992,0.41451022028923035,0.5722612142562866
5820,1,1,5.584140671999194e-05,0.999942421913147,1.4015880651641055e-06,3.083558226535388e-07
5821,1,1,1.2581000419231714e-07,0.9999996423721313,1.2876391508598317e-07,8.288930075650569e-08
5822,0,0,0.992975115776062,1.1170510333613493e-05,0.002650225767865777,0.0043634711764752865
5823,0,3,0.21970586478710175,0.00011369104322511703,0.28572696447372437,0.494453489780426
5824,0,0,0.9952948689460754,6.989778739807662e-06,0.00039084901800379157,0.004307259805500507
5825,3,3,0.00010384024790255353,1.510148558736546e-05,0.0067048887722194195,0.9931761622428894
5826,3,3,7.397356966976076e-05,9.539385104062603e-08,0.00046262002433650196,0.9994632601737976
5827,0,0,0.9999985694885254,3.872065779120248e-09,9.00194720543368e-07,5.229400699136022e-07
5828,2,2,0.3051203489303589,0.08755302429199219,0.545952558517456,0.06137412413954735
5829,3,3,0.013772454112768173,1.6755471961005242e-06,0.0011519300751388073,0.9850739240646362
5830,2,2,0.002794278087094426,7.668875241506612e-07,0.8009009957313538,0.19630396366119385
5831,3,3,2.0076440705452114e-05,4.2028840852026406e-08,2.4529275833629072e-05,0.999955415725708
5832,1,1,9.360849799122661e-05,0.9997698664665222,0.00010017205204349011,3.63030303560663e-05
5833,0,0,0.9998408555984497,1.1058539683972413e-07,0.00013528333511203527,2.37822732742643e-05
5834,2,2,0.0009056273847818375,0.0003387789474800229,0.8218382000923157,0.17691738903522491
5835,2,2,8.914929640013725e-05,6.287086762313265e-08,0.8835706114768982,0.11634019017219543
5836,2,2,1.0359885891375598e-05,1.5716972612267455e-08,0.9995425939559937,0.0004470780258998275
5837,2,2,0.0032023764215409756,2.1746034690295346e-05,0.9936544895172119,0.0031213737092912197
5838,1,1,1.2371258684140685e-08,0.9999996423721313,4.337257220043966e-09,3.3003445309987e-07
5839,2,3,0.00072794797597453,1.401588889393679e-07,0.4866134822368622,0.5126584768295288
5840,2,2,0.00032723593176342547,1.8554865164333023e-05,0.9988969564437866,0.0007572425529360771
5841,1,1,0.012319465167820454,0.43593916296958923,0.340865820646286,0.21087563037872314
5842,2,2,0.00011052050831494853,1.1336882010937188e-07,0.9998561143875122,3.321238546050154e-05
5843,2,2,0.0009431409416720271,2.533028418838512e-05,0.9988376498222351,0.00019383533799555153
5844,1,1,1.1581352055145544e-06,0.9999988079071045,7.567384940898592e-09,2.723924730219096e-08
5845,3,3,0.01452508196234703,4.6991509350391425e-08,0.40121594071388245,0.5842589139938354
5846,3,3,0.00019474051077850163,5.250569756753976e-07,0.0006381518323905766,0.9991666078567505
5847,3,3,0.00013150883023627102,1.051996264322952e-06,0.009378626011312008,0.9904887676239014
5848,3,3,0.00016931878053583205,2.0711901527192822e-08,0.015639400109648705,0.9841912984848022
5849,3,3,0.0066641997545957565,0.0001279054704355076,0.0007069774437695742,0.9925009608268738
5850,2,2,0.0010208938037976623,0.00034022959880530834,0.9932958483695984,0.005342967342585325
5851,2,2,3.095675492659211e-05,2.7700311875378247e-06,0.7136692404747009,0.2862970530986786
5852,3,3,8.210599276026187e-07,2.864473458430439e-07,3.8785401557106525e-06,0.9999951124191284
5853,3,3,0.0001277370611205697,6.204377314134035e-07,0.01987682841718197,0.9799948334693909
5854,3,3,7.940762714042648e-08,2.7179056782955513e-09,4.1428988879488315e-06,0.9999958276748657
5855,0,0,0.8914502859115601,0.004616060294210911,0.06236964836716652,0.0415639653801918
5856,2,2,0.013838015496730804,1.82227940968005e-05,0.7754979729652405,0.21064582467079163
5857,3,3,6.006782314216252e-06,3.072706249440671e-07,6.249464786378667e-05,0.9999310970306396
5858,3,3,0.0006100832833908498,5.031915497966111e-05,0.0016233907081186771,0.9977161884307861
5859,1,1,0.1563461273908615,0.49367403984069824,0.32523271441459656,0.02474704198539257
5860,3,3,4.797428232450329e-07,1.0869171118699228e-09,1.9747389160329476e-05,0.9999797344207764
5861,3,3,2.320114447229571e-07,4.261721642251359e-08,0.006173158064484596,0.9938265681266785
5862,2,3,0.0002299025363754481,1.4370961309850827e-07,0.02234962210059166,0.9774203896522522
5863,3,3,0.0009345119469799101,1.3813165367082547e-07,2.368258901697118e-05,0.9990416169166565
5864,3,3,0.00010871248377952725,0.017067773267626762,0.24485377967357635,0.737969696521759
5865,2,2,3.0454273655777797e-05,8.961646926763933e-06,0.9999219179153442,3.873445893987082e-05
5866,3,3,0.05098939314484596,0.00026345759397372603,0.13625361025333405,0.812493622303009
5867,2,2,0.0007774115656502545,2.004922947662635e-07,0.7854152321815491,0.2138071358203888
5868,3,3,3.954919066018192e-06,1.2124515613720632e-08,1.0825328899954911e-05,0.9999852180480957
5869,2,2,0.00042221308103762567,1.2771447472914588e-06,0.7244436144828796,0.27513283491134644
5870,0,0,0.9556812644004822,2.556490471761208e-05,0.000602440326474607,0.04369070753455162
5871,2,3,5.159066859050654e-05,5.550569337486877e-09,0.2343297004699707,0.7656187415122986
5872,1,1,5.098409474157961e-06,0.9999948740005493,1.317304221259974e-08,5.529211577481874e-08
5873,0,0,0.5736414790153503,0.3424699604511261,0.06677240878343582,0.017116127535700798
5874,0,0,0.951007604598999,0.0004346684436313808,0.0006193581502884626,0.04793844372034073
5875,3,3,0.00010445513908052817,0.015542476437985897,0.0031271029729396105,0.9812259674072266
5876,3,3,6.242132076295093e-05,6.282041553618001e-09,0.004672074690461159,0.9952654838562012
5877,1,1,8.013440674403682e-05,0.9947298765182495,0.004748014733195305,0.00044192190398462117
5878,0,0,0.9999972581863403,2.189154457710174e-07,7.124071430553158e-07,1.8671628367883386e-06
5879,0,0,0.9991525411605835,3.940177073502582e-09,0.0004460043855942786,0.0004013710131403059
5880,3,3,5.599963969871169e-06,1.0547663853444078e-09,3.449757812745702e-08,0.9999943971633911
5881,1,1,0.008052682504057884,0.9919015765190125,7.24889969205833e-06,3.840347926598042e-05
5882,1,1,0.0003401773574296385,0.9996520280838013,1.075047293852549e-06,6.684800609946251e-06
5883,2,2,0.00029123600688762963,2.1579462554655038e-06,0.9996155500411987,9.100621537072584e-05
5884,0,2,0.003293839283287525,5.747790783061646e-05,0.9752076268196106,0.021441131830215454
5885,0,0,0.9999072551727295,8.907736628316343e-07,7.370518142124638e-05,1.8196902601630427e-05
5886,0,2,0.0015135600697249174,2.4791057512629777e-05,0.9953783750534058,0.0030832632910460234
5887,1,1,8.803619522268491e-08,0.9999998807907104,1.3095392548123641e-09,1.9952393903732712e-10
5888,0,0,0.998634397983551,0.0011703651398420334,0.00017110096814576536,2.4146032956195995e-05
5889,0,0,0.999968409538269,1.1330864246872352e-08,4.979731329513015e-06,2.6551058908808045e-05
5890,3,2,0.012767313048243523,0.00012720799713861197,0.9253900647163391,0.06171547248959541
5891,0,0,0.997783362865448,1.136384184974304e-06,0.00028529163682833314,0.00193022598978132
5892,0,0,0.9441021084785461,0.0541793517768383,0.000131384571432136,0.0015871275682002306
5893,2,2,0.01968800649046898,1.2817376045859419e-05,0.9669119715690613,0.01338715385645628
5894,0,0,0.9995999932289124,1.9181857169314753e-06,0.0002471003099344671,0.00015094096306711435
5895,3,3,0.0012494035763666034,8.561955588959336e-10,4.042694854433648e-05,0.9987101554870605
5896,3,3,0.00020592202781699598,6.39451798178925e-08,0.02995852194726467,0.9698354005813599
5897,0,0,0.9999611377716064,2.4967383183138736e-07,3.399740671738982e-05,4.676273420045618e-06
5898,1,1,1.4336389540403616e-05,0.9999852180480957,4.787842158293643e-07,2.9807438295392785e-08
5899,3,3,4.73278532808763e-07,2.4771973361481514e-10,0.14565549790859222,0.8543440103530884
5900,2,0,0.9968660473823547,6.0482816479634494e-05,0.002743783872574568,0.00032961630495265126
5901,2,3,2.3206472178571858e-05,2.7805741709130416e-08,0.19443458318710327,0.8055422306060791
5902,3,1,0.29030975699424744,0.5851541757583618,0.048335179686546326,0.07620082050561905
5903,3,3,0.002075762255117297,0.01492803730070591,0.009789565578103065,0.973206639289856
5904,1,2,0.11515044420957565,0.367141455411911,0.4777058959007263,0.040002234280109406
5905,1,1,0.00014076210209168494,0.9996695518493652,6.366010347846895e-05,0.000126136583276093
5906,3,3,3.5985451631859178e-06,3.0294049224721675e-07,0.031779125332832336,0.9682168960571289
5907,2,2,0.01158759742975235,3.436390034039505e-05,0.9869241118431091,0.001453961944207549
5908,1,1,0.0024733522441238165,0.9949731826782227,0.0005334112211130559,0.002020016312599182
5909,0,0,0.9999905824661255,4.41954277619061e-08,3.59403975380701e-06,5.835961019329261e-06
5910,0,0,0.9988571405410767,3.3300823361059884e-06,0.00032734242267906666,0.0008122090948745608
5911,3,3,8.769553261345209e-08,2.821481537296222e-08,0.0006991488626226783,0.9993007183074951
5912,3,3,7.979406655067578e-05,3.640222757894662e-06,0.00018887981423176825,0.9997276663780212
5913,0,0,0.9999994039535522,5.514657175353932e-09,3.3777035923776566e-07,2.8988290523557225e-07
5914,1,1,9.500722057964595e-07,0.9999618530273438,2.0707213479909115e-05,1.6416912330896594e-05
5915,2,2,0.0075660948641598225,4.439268195710611e-06,0.9920210242271423,0.000408479681937024
5916,0,0,0.7378079295158386,5.5122691264841706e-06,0.26043298840522766,0.0017536141676828265
5917,3,3,0.0015383079880848527,0.00017706330982036889,0.013887200504541397,0.9843974709510803
5918,3,3,9.459839202463627e-05,0.00018037149857264012,0.00011398356582503766,0.9996110796928406
5919,2,2,0.007985304109752178,1.8745742735859494e-08,0.9915823340415955,0.00043238699436187744
5920,0,0,0.918083906173706,1.3394190645499293e-08,0.0035237225238233805,0.07839233428239822
5921,2,2,3.408592237974517e-05,5.984741733300325e-07,0.9998986721038818,6.659077916992828e-05
5922,0,3,0.35176289081573486,0.00014325289521366358,0.2505486309528351,0.3975452184677124
5923,2,2,1.8212143913842738e-05,8.588154742028564e-05,0.9962910413742065,0.0036048684269189835
5924,3,3,1.501431825090549e-06,2.3787725123014525e-09,0.024103214964270592,0.9758952260017395
5925,2,2,3.0868812928019906e-07,6.28876009045598e-08,0.9999542236328125,4.533628816716373e-05
5926,3,3,1.8939048459287733e-05,9.484663314651698e-05,0.0004429416439961642,0.9994432330131531
5927,0,0,0.9999861717224121,2.16514422390901e-06,2.349851691008098e-08,1.1638552678050473e-05
5928,0,0,0.9671028852462769,0.0005579717690125108,0.030526509508490562,0.001812553615309298
5929,0,0,0.9026035666465759,1.662871909502428e-06,0.008621146902441978,0.08877366781234741
5930,3,3,2.7134979973197915e-05,2.5250994184489173e-08,7.81302951509133e-05,0.9998947381973267
5931,3,3,0.003431587712839246,0.0008282387861981988,0.0014141511637717485,0.9943260550498962
5932,2,2,0.00041388487443327904,1.55340603669174e-05,0.9991820454597473,0.00038850176497362554
5933,2,2,0.019430147483944893,2.3279192191694165e-06,0.9734299778938293,0.00713754678145051
5934,2,2,1.1557664038264193e-05,1.4347276078297e-07,0.9999146461486816,7.360795279964805e-05
5935,0,3,0.03590773418545723,1.2780576071236283e-05,0.006779449060559273,0.957300066947937
5936,2,2,0.0004049235431011766,5.8979632740374655e-05,0.9360738396644592,0.06346223503351212
5937,2,0,0.43143153190612793,0.286858469247818,0.06511279940605164,0.21659721434116364
5938,0,0,0.9983125925064087,0.001595066743902862,6.948926056793425e-06,8.543677540728822e-05
5939,0,0,0.9035511612892151,4.491393701755442e-05,0.09097658842802048,0.005427252966910601
5940,2,2,0.0026986096054315567,0.000610628689173609,0.9906376004219055,0.006053145043551922
5941,0,1,0.41173818707466125,0.5187147259712219,0.06908697634935379,0.00046009139623492956
5942,2,2,2.485758727743814e-07,6.598769863863652e-10,0.999984622001648,1.5133069609873928e-05
5943,2,2,8.073189746937715e-06,1.7420560993741674e-08,0.999985933303833,5.91342723055277e-06
5944,3,3,2.0665147815179807e-07,5.661371718646002e-11,0.0006835992680862546,0.9993162155151367
5945,0,0,0.977967381477356,2.4901740403038275e-07,0.001025963923893869,0.02100645937025547
5946,2,2,1.0426208064018283e-05,1.0934594456557534e-06,0.9998451471328735,0.00014338491018861532
5947,3,3,3.1577659683534876e-05,4.042874934384599e-05,0.00022232400078792125,0.9997056126594543
5948,1,1,8.118390724121127e-06,0.9999910593032837,6.970822141738608e-07,7.742736585214516e-08
5949,1,1,0.00014381094661075622,0.9997249245643616,0.00012175407755421475,9.508537004876416e-06
5950,2,2,0.00010203936108155176,4.3227162677794695e-05,0.999039351940155,0.0008152925875037909
5951,0,0,0.999983549118042,1.007410599385139e-09,3.3314825031993678e-06,1.3151097846275661e-05
5952,2,2,3.8499501897604205e-06,8.983236376991499e-11,0.9999903440475464,5.890432476007845e-06
5953,0,0,0.9948930740356445,1.1089056215496385e-06,0.004523092415183783,0.0005828030989505351
5954,1,1,4.386170530779054e-06,0.9999954700469971,3.7874250402580856e-09,1.685264692241617e-07
5955,2,2,0.039147600531578064,3.485399065539241e-05,0.9167221188545227,0.04409543797373772
5956,0,0,0.7882618308067322,1.1437938155722804e-05,0.20792682468891144,0.0037999236956238747
5957,1,1,8.196286671591224e-08,0.9999998807907104,1.4674292891925234e-08,1.784051684161625e-09
5958,0,0,0.9996507167816162,3.8963160475802283e-10,0.00034749042242765427,1.7885414536067401e-06
5959,1,1,7.265472959261388e-05,0.9999263286590576,3.164236375141627e-07,7.38961261959048e-07
5960,3,3,0.03246041387319565,0.013322168961167336,0.019950445741415024,0.9342670440673828
5961,0,0,0.9999991655349731,1.2799161730470132e-08,1.0100344383090487e-07,7.595947977279138e-07
5962,2,2,2.7046100512961857e-05,6.449741931646713e-07,0.986877977848053,0.013094286434352398
5963,1,1,8.792307926341891e-05,0.9994489550590515,0.0004294183454476297,3.369907062733546e-05
5964,3,3,0.0009931570384651423,5.748486364609562e-05,0.011166535317897797,0.987782895565033
5965,0,0,0.9942399263381958,1.9567940512388304e-07,0.0057398430071771145,2.002661676669959e-05
5966,1,1,0.0018750210292637348,0.9979762434959412,4.799226758223085e-07,0.00014828774146735668
5967,1,1,1.1171304770130064e-08,1.0,3.051038532930761e-08,1.2854255160288375e-10
5968,3,3,0.4082225561141968,3.421853034524247e-05,0.0012145014479756355,0.5905287265777588
5969,2,2,0.020250065252184868,0.00021210574777796865,0.8835679888725281,0.09596987068653107
5970,1,1,1.0776610679386067e-06,0.9999985694885254,2.9832193604306667e-07,1.3036343560202113e-08
5971,2,2,0.007533670403063297,9.09244263311848e-05,0.95378178358078,0.038593705743551254
5972,0,0,0.8725120425224304,5.678025445376989e-07,0.12679514288902283,0.000692299276124686
5973,0,0,0.7837051153182983,1.603200325916987e-05,0.006463116966187954,0.20981572568416595
5974,0,0,0.956378161907196,0.00016417742881458253,0.03767131641507149,0.005786275491118431
5975,1,0,0.6791307330131531,0.1005428358912468,0.1369275003671646,0.08339888602495193
5976,1,1,0.00016681487613823265,0.9998308420181274,2.5881638521241257e-07,1.990182227018522e-06
5977,1,1,5.899123061681166e-05,0.9999382495880127,1.2357364767012768e-06,1.540101834507368e-06
5978,2,2,2.813362414144649e-07,6.30507451804263e-11,0.9999983310699463,1.4558979728462873e-06
5979,2,2,0.0005582410376518965,7.131971506169066e-05,0.9987144470214844,0.0006559539469890296
5980,1,1,5.449858804240648e-07,0.9999955892562866,2.5128495053650113e-06,1.2956213595316513e-06
5981,0,2,0.4204121232032776,1.2364115287155641e-09,0.5415650010108948,0.03802287206053734
5982,0,0,0.9836627244949341,2.2970420104684308e-05,0.016090642660856247,0.00022367901692632586
5983,3,3,9.3347072834149e-05,2.5736616393601253e-08,0.0018919672584161162,0.9980146884918213
5984,0,0,0.9996190071105957,2.888545395762776e-06,1.53785083512048e-06,0.00037657536449842155
5985,0,0,0.9902433753013611,2.5974513846449554e-06,0.002555857878178358,0.00719817029312253
5986,2,2,0.00018945732153952122,5.558336852118373e-06,0.9993245601654053,0.00048046090523712337
5987,2,2,0.0006732080946676433,4.2782752984749095e-07,0.9946123361587524,0.004714067559689283
5988,3,3,0.006116986274719238,0.003769725328311324,0.011475138366222382,0.9786381125450134
5989,0,0,0.9999998807907104,2.8672296537024522e-08,5.044529682862731e-09,1.3473037085987016e-07
5990,1,1,9.333277262157935e-09,0.9999997615814209,1.9154890651407186e-07,1.0281184792404474e-08
5991,0,0,0.9999992847442627,3.805731729755735e-09,1.1389284182428128e-08,7.05349407326139e-07
5992,0,0,0.9999995231628418,3.9682249153294435e-10,2.023695628849964e-07,2.8350774528007605e-07
5993,0,0,0.9999885559082031,3.983372298677068e-09,7.516518053307664e-06,3.931467290385626e-06
5994,2,2,0.0018728157738223672,1.6860781215655152e-08,0.998119056224823,8.025340321182739e-06
5995,2,2,0.013467304408550262,2.3062086256686598e-05,0.9804880023002625,0.006021659355610609
5996,2,2,0.0005750865093432367,0.0021932634990662336,0.997007429599762,0.000224237228394486
5997,1,1,8.045743743423373e-05,0.9999120235443115,6.612693141505588e-06,9.034458798851119e-07
5998,2,2,3.225015461794101e-05,3.0588773370254785e-05,0.999893069267273,4.40359472122509e-05
5999,1,1,1.2520295058493502e-06,0.9999974966049194,1.2730786238535075e-06,5.294762406293785e-09
6000,2,2,2.1430985725601204e-05,8.780817495335214e-08,0.9999699592590332,8.493057976011187e-06
6001,2,2,0.0011607053456827998,0.0004624493885785341,0.8934695720672607,0.10490726679563522
6002,0,0,0.9999977350234985,3.523645730751923e-08,1.7236523035535356e-06,5.413139660959132e-07
6003,3,3,0.001066437573172152,7.0923342754269925e-09,0.00541994022205472,0.9935135841369629
6004,1,1,0.000661685480736196,0.9852613806724548,0.004859492182731628,0.00921742245554924
6005,2,2,5.8599409385351464e-05,1.8555965652922168e-06,0.9972014427185059,0.002738079521805048
6006,2,0,0.9754534363746643,8.530357445124537e-05,0.023956429213285446,0.0005048392340540886
6007,1,1,0.0007344522164203227,0.961503803730011,0.010319290682673454,0.02744244784116745
6008,3,3,2.447500628477428e-05,1.6880804309948871e-07,0.007506888825446367,0.992468535900116
6009,3,3,0.008500708267092705,0.0002740587806329131,0.017008576542139053,0.9742165803909302
6010,2,2,0.00020668118668254465,1.6413239336543484e-06,0.9994745850563049,0.0003170180134475231
6011,3,3,0.0018577578011900187,2.484629169074992e-09,0.00348906428553164,0.9946531057357788
6012,0,0,0.960479736328125,0.000314466655254364,0.03433273360133171,0.004873103462159634
6013,2,2,5.97033322264906e-05,8.690793720234069e-07,0.8120520114898682,0.18788737058639526
6014,3,3,0.00014951468619983643,4.761541731568286e-06,0.06775478273630142,0.9320909380912781
6015,2,2,3.4701082768151537e-05,5.4673638949509495e-09,0.9999638795852661,1.383276867272798e-06
6016,3,3,3.2621275749988854e-05,4.238554254243354e-07,0.035345662385225296,0.9646212458610535
6017,3,3,0.000146255231811665,2.4735175019330313e-10,0.0002513471699785441,0.9996023774147034
6018,3,3,1.5150912986428011e-05,8.34116686831976e-09,0.0007003387436270714,0.999284565448761
6019,1,1,8.002365211723372e-05,0.9999104738235474,2.153995026787925e-08,9.465286893828306e-06
6020,3,3,1.3850377399649005e-05,2.010221329673545e-11,0.00018006996833719313,0.9998061060905457
6021,2,2,0.00032015415490604937,1.0894336099909196e-08,0.9986153841018677,0.00106453662738204
6022,2,3,2.2710362657107908e-07,5.010635959479259e-07,0.021911639720201492,0.9780876636505127
6023,2,2,0.00011678192095132545,0.00013796091661788523,0.9956780076026917,0.00406719371676445
6024,2,3,0.006639200262725353,3.8957750803092495e-06,0.4785769581794739,0.5147799253463745
6025,2,2,0.0160464346408844,0.0015794802457094193,0.9806220531463623,0.001751994015648961
6026,3,3,1.2455344631234766e-06,9.962197733415223e-12,1.923583658935968e-05,0.9999794960021973
6027,2,2,5.171167686057743e-06,2.1952176187944872e-10,0.9999932050704956,1.6900418131626793e-06
6028,2,3,0.043327245861291885,4.3271251115584164e-07,0.07178270071744919,0.8848896622657776
6029,1,1,3.9234703308466123e-07,0.9999871253967285,8.793790584604722e-06,3.676829692267347e-06
6030,3,3,0.00029124761931598186,1.8815131625160575e-05,0.30224913358688354,0.6974408626556396
6031,3,3,1.2147545476182131e-06,2.2184838410765906e-09,0.007065931335091591,0.992932915687561
6032,0,0,0.9999911785125732,1.006483518750656e-08,1.638307622897628e-07,8.707635970495176e-06
6033,1,1,6.88202703713614e-07,0.9999836683273315,3.194218152202666e-06,1.2419854101608507e-05
6034,3,3,1.0341565939597785e-05,1.5474626025024918e-07,0.0002417835930828005,0.9997476935386658
6035,3,2,0.00014893872139509767,2.2288486434263177e-07,0.5931983590126038,0.4066525399684906
6036,3,3,2.4593349735368975e-05,4.635180346213019e-07,0.002174882683902979,0.9978000521659851
6037,2,2,0.0007154961349442601,0.002166411140933633,0.9948940277099609,0.002224068157374859
6038,3,3,1.0601529538689647e-05,2.529832499931217e-06,0.0007321084849536419,0.9992547631263733
6039,1,1,4.638303380488651e-06,0.9999946355819702,5.306794150783389e-07,2.0319025395565404e-07
6040,1,1,1.4147321092394805e-09,1.0,1.2248538183712299e-08,9.278695034531381e-10
6041,0,0,0.9587098956108093,0.0010204337304458022,0.016550280153751373,0.023719364777207375
6042,2,2,0.10165099054574966,3.655563705251552e-05,0.8963801860809326,0.001932235318236053
6043,2,3,0.2503892183303833,0.0014366862596943974,0.2927476465702057,0.4554264545440674
6044,0,0,0.701454222202301,0.001002983539365232,0.015871429815888405,0.281671404838562
6045,0,0,0.9754996299743652,8.06494335847674e-06,0.006159346550703049,0.01833297125995159
6046,0,0,0.9856480360031128,1.6048959878389724e-05,0.014044578187167645,0.00029128434835001826
6047,0,0,0.9998739957809448,5.883243261450843e-07,8.719540574020357e-07,0.0001245952007593587
6048,0,0,0.9999977350234985,5.1370516729321025e-09,1.0825830258909264e-06,1.2043755077684182e-06
6049,2,2,0.004514326807111502,1.4888790246914141e-05,0.9129045605659485,0.08256614953279495
6050,2,2,0.01690611056983471,0.0004503191157709807,0.971034049987793,0.011609482578933239
6051,2,2,0.23897913098335266,0.003185119479894638,0.6104894280433655,0.14734631776809692
6052,1,1,3.531317270244472e-05,0.9999586343765259,1.042225079572745e-07,5.988546490698354e-06
6053,2,2,2.8307373213465326e-05,5.049475504392831e-08,0.9999628067016602,8.943272405304015e-06
6054,2,2,0.0002456181973684579,8.35112189179199e-07,0.9989449381828308,0.0008085818262770772
6055,3,3,2.897333843066008e-06,2.3224392009524308e-07,0.020037170499563217,0.9799597263336182
6056,1,1,8.53153414936969e-06,0.9999905824661255,3.709337761392817e-07,4.4135720145277446e-07
6057,1,1,0.010132130235433578,0.9873950481414795,0.0010154069168493152,0.0014574378728866577
6058,0,2,0.17027346789836884,0.0030135796405375004,0.817435622215271,0.009277298115193844
6059,3,3,8.205175845432677e-07,4.965151553792957e-11,0.00018608894606586546,0.9998131394386292
6060,1,1,2.0062821931787767e-05,0.9999549388885498,2.133711677743122e-05,3.734561460078112e-06
6061,0,0,0.9999725818634033,4.03191279474413e-07,1.4210352674126625e-05,1.2811602573492564e-05
6062,3,3,5.290007538860664e-05,2.985094215546269e-05,0.00442154984921217,0.9954956769943237
6063,3,3,0.18815450370311737,8.01343921921216e-05,0.02770092897117138,0.7840644121170044
6064,2,2,0.1806519478559494,0.0809749960899353,0.7231917381286621,0.015181299299001694
6065,0,0,0.9884039163589478,0.0029198445845395327,0.005251030903309584,0.0034251781180500984
6066,2,2,9.897225083932426e-08,3.887013488856894e-10,0.9999802112579346,1.9635006538010202e-05
6067,2,2,0.11746922880411148,8.380235158256255e-06,0.8720073699951172,0.010514986701309681
6068,3,2,0.0034111044369637966,3.439011777572887e-07,0.8582724332809448,0.1383161097764969
6069,2,2,0.1895424872636795,2.8818132705055177e-05,0.809456467628479,0.0009722572867758572
6070,2,2,0.004219993017613888,5.880599019292276e-06,0.9647715091705322,0.0310027115046978
6071,3,3,0.025006989017128944,0.0019351013470441103,0.0022756322287023067,0.9707823395729065
6072,2,2,0.10698850452899933,0.07542251795530319,0.7386882901191711,0.07890059798955917
6073,1,1,1.2082591638318263e-06,0.9997974038124084,0.00016483585932292044,3.6643385101342574e-05
6074,2,2,0.0320773608982563,0.0006083815824240446,0.9669109582901001,0.0004033104341942817
6075,0,0,0.9999933242797852,4.440869815880433e-06,5.0711630450450684e-08,2.21012828660605e-06
6076,1,1,2.1439631382236257e-05,0.9999775886535645,9.343250439997064e-07,6.399891283592751e-09
6077,1,1,3.0393653105420526e-06,0.9999687671661377,1.8718246792559512e-05,9.401027455169242e-06
6078,3,3,6.100231530581368e-06,2.4789708064076876e-08,0.03462667018175125,0.9653672575950623
6079,2,2,0.0011476174695417285,2.5213956178049557e-05,0.97004234790802,0.028784826397895813
6080,3,3,0.007838754914700985,0.00015771780454088002,0.049527399241924286,0.9424761533737183
6081,3,3,0.0011055328650400043,0.005206448957324028,0.4162970781326294,0.5773909091949463
6082,3,3,0.0004558284126687795,1.4795750757912174e-05,0.37237513065338135,0.6271542310714722
6083,2,2,0.00029835678287781775,3.5457866033539176e-05,0.9983689188957214,0.0012972442200407386
6084,2,3,1.4875199667585548e-06,7.976743745530257e-07,0.007787747774273157,0.9922099113464355
6085,3,3,3.5511930036591366e-05,2.9306452233868185e-06,0.011551790870726109,0.9884097576141357
6086,3,3,0.005944528616964817,6.094408036005916e-07,0.043310754001140594,0.9507442116737366
6087,1,1,4.09744206990581e-05,0.9995455145835876,0.00018022178846877068,0.0002333150914637372
6088,3,3,6.290395685937256e-05,6.954388709345949e-08,0.271769642829895,0.7281673550605774
6089,0,0,0.8024343848228455,0.11240876466035843,0.08160889893770218,0.003547981148585677
6090,1,1,6.603497126889124e-08,0.9999996423721313,3.0491804636767483e-07,4.584817148156617e-08
6091,2,2,2.4402332201134413e-05,2.2795833501731977e-05,0.9988168478012085,0.0011359367053955793
6092,1,1,0.00040164549136534333,0.9995893836021423,5.506025445356499e-06,3.5020132145291427e-06
6093,0,0,0.9080690145492554,0.017592374235391617,0.07364485412836075,0.0006938536535017192
6094,3,3,0.0004120779631193727,1.3082151895105198e-07,0.19624210894107819,0.8033456802368164
6095,3,3,0.0186258964240551,9.892340312944725e-05,0.26235681772232056,0.7189183235168457
6096,2,2,0.0021854809019714594,2.3847134798415937e-05,0.9946963787078857,0.003094199812039733
6097,3,3,0.0016586128622293472,9.861925498455548e-09,0.026660021394491196,0.9716813564300537
6098,0,0,0.9999417066574097,1.5627372818016738e-07,4.062691459694179e-06,5.407852222560905e-05
6099,0,0,0.7046855092048645,0.0002685854269657284,0.20022696256637573,0.09481892734766006
6100,2,3,0.0008139865822158754,1.261293789411866e-07,0.0008190343505702913,0.9983668923377991
6101,2,2,3.821563950623386e-06,4.643985960228747e-07,0.9989732503890991,0.0010224407305940986
6102,1,1,2.7496729671838693e-05,0.9999698400497437,1.1020583770005032e-06,1.4915781321178656e-06
6103,2,2,0.0005592423258349299,1.482391439822095e-06,0.8781096935272217,0.12132960557937622
6104,2,0,0.7970594167709351,2.237494953760688e-07,0.20097433030605316,0.001966060372069478
6105,2,2,0.00024879767443053424,7.537155397585593e-07,0.7152408361434937,0.284509539604187
6106,1,1,1.1746044947358314e-05,0.999946117401123,9.187644536723383e-06,3.2895473850658163e-05
6107,0,0,1.0,1.099131311139978e-12,2.35788366609313e-09,2.0684877810595026e-08
6108,0,0,0.9375105500221252,1.7413601227644904e-08,0.060080382972955704,0.0024091294035315514
6109,2,2,0.00036058371188119054,1.25726701298845e-05,0.999610960483551,1.593965498614125e-05
6110,3,3,0.3192950189113617,3.579161784728058e-05,0.3099716007709503,0.3706975281238556
6111,1,1,1.1341309800627641e-05,0.9999852180480957,3.1875890726951184e-06,1.8890946762439853e-07
6112,3,3,7.277933036675677e-05,1.0089912194644057e-07,0.0023773564025759697,0.9975497126579285
6113,2,2,0.015739116817712784,0.00016668722673784941,0.915779709815979,0.06831451505422592
6114,0,0,0.9051781296730042,4.943325257045217e-05,0.002202819800004363,0.09256964921951294
6115,3,3,0.03473164513707161,2.995307397668512e-07,0.24939167499542236,0.7158763408660889
6116,2,2,0.029634373262524605,0.00019118623458780348,0.6713489890098572,0.29882538318634033
6117,2,2,0.0069824219681322575,6.961676717764931e-06,0.9925523996353149,0.0004582211549859494
6118,1,1,5.391932518250542e-07,0.9999690055847168,2.00392423721496e-05,1.037515357893426e-05
6119,0,0,0.9085936546325684,0.0017444496043026447,0.08482889086008072,0.004833112470805645
6120,0,0,0.9996600151062012,2.045875407929998e-05,2.4945611585280858e-05,0.00029456490301527083
6121,1,1,3.865505604494501e-08,1.0,2.0180833004701526e-08,5.400730085369787e-09
6122,2,2,0.00027434740331955254,1.9385700511520554e-07,0.9898337125778198,0.009891764260828495
6123,0,0,0.9937129616737366,0.0002156664850190282,0.003021882614120841,0.0030494574457406998
6124,2,2,0.003072550520300865,8.296529813378584e-06,0.9958017468452454,0.0011174120008945465
6125,3,3,0.0004169020685367286,1.2354295904515311e-05,0.012737127020955086,0.9868336319923401
6126,3,3,0.00017788205877877772,1.2058085303578991e-05,0.22962582111358643,0.7701842188835144
6127,1,1,0.006511020474135876,0.9857513308525085,0.0008552116923965514,0.0068823788315057755
6128,1,1,0.0005833723698742688,0.997877836227417,0.00021236736210994422,0.0013264399021863937
6129,3,3,5.0892445869976655e-05,2.0183164451736957e-05,0.0008521402487531304,0.9990768432617188
6130,0,0,0.6653510928153992,0.0018649850971996784,0.00019523310766089708,0.33258870244026184
6131,2,2,0.0009309935267083347,1.970963057829067e-05,0.9983807802200317,0.0006685621337965131
6132,3,3,5.7791490689851344e-05,1.3747425420262971e-08,0.00025409081717953086,0.9996881484985352
6133,0,0,0.6908982396125793,0.08422175794839859,0.052256010472774506,0.17262405157089233
6134,0,0,0.9977903366088867,1.2740473721351009e-05,0.00034488626988604665,0.0018519600853323936
6135,1,1,3.6904393141412584e-07,0.9999991655349731,1.4080224763901583e-09,4.2341574157944706e-07
6136,0,0,0.9998980760574341,3.0326600608532317e-07,8.419936784775928e-05,1.739953222568147e-05
6137,2,2,0.00022667506709694862,5.782369044027291e-06,0.8015880584716797,0.1981794685125351
6138,2,3,0.00020192557713016868,0.00012012352817691863,0.3456912636756897,0.6539866328239441
6139,3,3,0.002453642664477229,9.383456199429929e-05,0.04999423027038574,0.9474582672119141
6140,3,3,0.003537475597113371,4.223916766932234e-05,0.0022767684422433376,0.994143545627594
6141,3,3,0.001859991461969912,7.356738365160709e-07,0.3567636013031006,0.6413756012916565
6142,2,2,0.006037686951458454,0.006979075726121664,0.986283540725708,0.0006997356540523469
6143,0,0,0.9999494552612305,2.1482784973159141e-07,4.079983409610577e-05,9.59582939685788e-06
6144,3,3,4.319184427004075e-06,2.2401436581276357e-06,0.002635776298120618,0.9973576664924622
6145,0,0,0.8318294882774353,0.040204644203186035,0.0003624940582085401,0.12760333716869354
6146,1,1,2.7765752292907564e-06,0.9999810457229614,5.700820111087523e-06,1.0477616342541296e-05
6147,1,1,8.32644036563579e-06,0.9999903440475464,1.22110222378069e-07,1.2206743349452154e-06
6148,1,1,1.0216913324256893e-05,0.9999680519104004,1.9517861801432446e-05,2.2962560706218937e-06
6149,0,0,0.999988317489624,1.0403300620964728e-06,3.809955373412777e-08,1.0599734196148347e-05
6150,0,1,0.003524425672367215,0.9921239018440247,0.003797960001975298,0.0005537063698284328
6151,1,1,4.6478427975671366e-05,0.9999505281448364,2.6251309463987127e-06,3.0200794753909577e-07
6152,1,1,0.0001042418007273227,0.9998866319656372,1.6369301647500833e-06,7.465012458851561e-06
6153,1,1,0.027275770902633667,0.9576898217201233,0.012997151352465153,0.0020372692961245775
6154,3,3,6.727994332322851e-06,1.4622671129504994e-10,3.5623725125333294e-05,0.9999576807022095
6155,1,1,0.028967777267098427,0.9705308675765991,0.0003190583665855229,0.00018238490156363696
6156,1,1,9.615659735118243e-08,0.9999998807907104,7.600692519815766e-09,1.1126493060231724e-09
6157,1,1,1.5742694813525304e-05,0.9999793767929077,1.3633272146762465e-06,3.528463594193454e-06
6158,0,0,0.9915018081665039,3.4727265301626176e-05,0.0029591175261884928,0.005504273343831301
6159,0,0,0.9998401403427124,4.733156444558517e-08,0.00013866863446310163,2.1165695216041058e-05
6160,0,0,0.9999440908432007,2.4765226044110022e-05,1.0459788427397143e-05,2.069636138912756e-05
6161,2,0,0.6515344977378845,3.783545480473549e-06,0.3429957628250122,0.005465922877192497
6162,1,1,4.7154102503554896e-05,0.9999494552612305,3.0655637601739727e-06,3.4110121305275243e-07
6163,1,1,0.0008500851690769196,0.999085545539856,6.00202038185671e-05,4.342258762335405e-06
6164,1,1,4.2200284951832145e-05,0.9999544620513916,2.771073241092381e-06,6.162948693599901e-07
6165,2,2,0.0056900386698544025,0.06789110600948334,0.898585855960846,0.027833012863993645
6166,0,0,0.9999995231628418,1.019563011794844e-08,1.971827003899307e-07,2.0908137798869575e-07
6167,3,3,5.570516805164516e-05,5.0436621990002095e-08,3.4820859582396224e-05,0.999909520149231
6168,3,3,0.02615552954375744,0.01122135017067194,0.022791774943470955,0.9398313164710999
6169,2,2,0.00034627123386599123,1.0897813318422322e-08,0.9992333650588989,0.00042032694909721613
6170,1,1,1.5145215002121404e-05,0.9999657869338989,1.9836288629448973e-06,1.702599911368452e-05
6171,1,1,6.360475168776247e-08,0.9999998807907104,5.2940146710867e-10,8.77632011508922e-09
6172,1,1,1.4504848433460893e-09,1.0,6.568085186842154e-09,4.163168032533804e-09
6173,2,2,4.073071977472864e-05,2.57672176928736e-08,0.9997733235359192,0.00018588980310596526
6174,1,1,4.822448431696102e-07,0.9999973773956299,7.227212108773529e-07,1.3906510503147729e-06
6175,0,0,0.4720931351184845,0.04205581173300743,0.24535810947418213,0.24049289524555206
6176,0,0,0.9978637099266052,9.892127117439031e-09,0.0010565510019659996,0.0010797717841342092
6177,0,0,0.998151957988739,3.908505823346786e-05,0.00011354637535987422,0.0016953910235315561
6178,1,1,0.00298018055036664,0.9918438792228699,0.002732731169089675,0.0024432092905044556
6179,1,1,2.671244487828517e-07,0.9999994039535522,2.515704125016782e-07,1.6462210794543353e-07
6180,2,2,0.026061005890369415,0.009069841355085373,0.6725708842277527,0.292298287153244
6181,2,2,0.18069182336330414,0.013497509062290192,0.7872787714004517,0.01853197067975998
6182,1,1,4.100318983546458e-05,0.9999277591705322,1.3393487279245164e-05,1.7840338841779158e-05
6183,2,2,0.006020319182425737,6.541500852108584e-07,0.9938005805015564,0.00017848906281869859
6184,1,1,3.925351848010905e-06,0.9999959468841553,7.419868808256069e-08,2.533648313374215e-08
6185,2,1,0.0012096300488337874,0.9888615012168884,0.0046613784506917,0.005267513450235128
6186,1,1,0.003390349680557847,0.9965490102767944,4.6453835238935426e-05,1.4184463907440659e-05
6187,1,1,0.0003613174776546657,0.9992221593856812,0.000276167003903538,0.00014036311767995358
6188,1,1,1.3020234668204012e-08,1.0,1.396618820592721e-09,3.734544062883316e-10
6189,0,0,0.9933534860610962,1.4340723282657564e-05,0.0032838783226907253,0.0033483917359262705
6190,1,1,3.534313145792112e-05,0.999896764755249,1.9911061826860532e-05,4.7929010179359466e-05
6191,0,0,0.9995508790016174,1.5785752793817664e-06,3.3777283533709124e-05,0.0004137609212193638
6192,2,2,0.0001338445144938305,4.951758455717936e-06,0.9887503981590271,0.011110678315162659
6193,2,2,0.008064595982432365,9.65619051385147e-07,0.9886115193367004,0.003322888631373644
6194,1,1,4.0168066561818705e-07,0.9999973773956299,1.3886300394005957e-06,7.874289167375537e-07
6195,1,1,0.0001846343366196379,0.9857999086380005,1.0067928087664768e-05,0.014005430042743683
6196,2,2,0.011180009692907333,0.00020346100791357458,0.9701321125030518,0.018484489992260933
6197,0,0,0.994539201259613,0.0010134411277249455,0.0005681377369910479,0.0038791929837316275
6198,1,1,0.006889138370752335,0.9928485155105591,8.85168046806939e-05,0.0001739124854793772
6199,1,1,2.517735538276611e-06,0.9999973773956299,5.5914974872450784e-09,7.201050067351389e-08
6200,3,3,4.851191892640827e-09,2.836232117220394e-11,1.367558888887288e-05,0.9999862909317017
6201,1,1,0.004345451015979052,0.9949483871459961,0.0005157381528988481,0.00019040047482121736
6202,0,0,0.7565442323684692,3.7406227875180775e-06,0.022391745820641518,0.22106024622917175
6203,2,2,0.0645892322063446,0.0064195566810667515,0.9206616878509521,0.008329550735652447
6204,0,0,0.9430120587348938,4.942275700159371e-05,0.0553429089486599,0.0015956958523020148
6205,0,0,0.9296018481254578,9.053341614162491e-07,0.06787382066249847,0.0025234033819288015
6206,0,0,0.9887729287147522,7.071482832543552e-05,0.007098154630511999,0.004058161284774542
6207,2,2,1.9397646610741504e-05,9.85122241559111e-08,0.9940991401672363,0.005881329998373985
6208,2,2,3.728349111042917e-05,6.927191975591995e-08,0.8296725153923035,0.17029014229774475
6209,1,1,0.012859603390097618,0.969147264957428,0.001704355818219483,0.01628876104950905
6210,0,0,0.9858705401420593,4.4653064833255485e-05,0.013788383454084396,0.00029637484112754464
6211,0,0,0.9999969005584717,2.4652253571844085e-08,3.4044305152747256e-07,2.6958409762301017e-06
6212,0,0,0.9962255954742432,1.724421963444911e-06,0.0032083364203572273,0.0005643837503157556
6213,0,0,0.9999998807907104,6.554228271227203e-10,8.707473853064585e-09,1.249650978252248e-07
6214,1,1,5.2203376981196925e-05,0.9999452829360962,4.907407369358907e-09,2.5093274871323956e-06
6215,0,0,0.9879739284515381,3.514609758781262e-08,0.010691197589039803,0.0013348297215998173
6216,2,0,0.6448040008544922,0.0001057413246599026,0.35030055046081543,0.004789665341377258
6217,1,1,7.82048346081865e-07,0.9999986886978149,4.534668391897867e-07,1.0906853020742346e-07
6218,0,0,0.8898728489875793,0.03516653552651405,0.05525629222393036,0.019704394042491913
6219,3,3,7.015914434305159e-06,0.0002438949013594538,0.2696995139122009,0.7300496101379395
6220,3,3,0.0007233502110466361,2.513934305170551e-05,0.08150245249271393,0.9177490472793579
6221,0,0,0.912121593952179,0.0002795079199131578,0.07570845633745193,0.011890455149114132
6222,2,3,0.0047161472029984,1.5326353604905307e-05,0.38538482785224915,0.6098836660385132
6223,1,1,0.00017010858573485166,0.9998233914375305,5.310656433721306e-06,1.1862475730595179e-06
6224,2,2,0.00026295773568563163,2.6274481569998898e-05,0.9992867112159729,0.00042410645983181894
6225,1,1,0.0007884452934376895,0.9981993436813354,0.0008151144720613956,0.000197113593458198
6226,2,3,0.0006246243137866259,1.0669895544879182e-07,0.1684150993824005,0.830960214138031
6227,1,1,0.00047678465489298105,0.999339759349823,0.00014426326379179955,3.917241338058375e-05
6228,0,0,0.9991940855979919,1.1405369093608897e-07,0.00020066389697603881,0.0006050580414012074
6229,2,2,0.37014153599739075,0.00010646173177519813,0.5975728631019592,0.03217913582921028
6230,2,2,2.0896591479413473e-07,1.0704528818905601e-08,0.9999897480010986,9.974641216103919e-06
6231,3,3,6.658314077867544e-07,5.6991123625893536e-11,5.457523911900353e-06,0.9999939203262329
6232,1,1,0.000991931650787592,0.998935878276825,6.490245141321793e-05,7.27056294635986e-06
6233,0,0,0.9999979734420776,1.313473357855699e-10,4.474356956052361e-07,1.5079915556270862e-06
6234,2,3,0.05974404886364937,0.00017531342746224254,0.09351907670497894,0.8465615510940552
6235,2,2,2.1516409105970524e-05,6.20553874952634e-09,0.9879574179649353,0.0120210787281394
6236,1,1,0.002714762696996331,0.8719861507415771,0.07517673075199127,0.050122372806072235
6237,1,1,4.40915537183173e-05,0.9999544620513916,1.2728853562293807e-06,8.92447005185204e-08
6238,0,0,0.9996989965438843,4.238297151459847e-06,8.602185698691756e-05,0.0002107950858771801
6239,0,0,0.9999912977218628,1.4906296197381153e-09,5.439686901809182e-06,3.2142763757292414e-06
6240,3,2,3.793884388869628e-05,2.195821524608732e-09,0.8192852735519409,0.18067678809165955
6241,2,2,0.0011511767515912652,0.0011570233618840575,0.8794648051261902,0.11822698265314102
6242,2,2,0.00016397220315411687,6.743658559571486e-06,0.9910699129104614,0.008759316056966782
6243,2,2,0.007668986450880766,4.877705919170694e-07,0.9901392459869385,0.0021912974771112204
6244,2,2,0.10242528468370438,0.009138467721641064,0.8267751932144165,0.06166110187768936
6245,2,2,0.006928298622369766,0.0009392148349434137,0.9897090792655945,0.0024234061129391193
6246,3,3,8.194006362316486e-09,8.077138263784533e-11,1.2594896361406427e-06,0.9999986886978149
6247,3,2,5.4905583965592086e-05,2.596225954221154e-07,0.9960832595825195,0.0038616538513451815
6248,2,2,0.008615677244961262,0.0043954369612038136,0.8896677494049072,0.09732108563184738
6249,2,2,0.00032648362684994936,2.1322075838270393e-07,0.9974514842033386,0.0022217235527932644
6250,3,3,5.548762516127681e-08,1.6727024387819256e-07,5.1567254558904096e-05,0.999948263168335
6251,0,0,0.9998276233673096,0.0001149922318290919,2.2613725377595983e-05,3.469351213425398e-05
6252,0,0,0.981410801410675,1.950268391226473e-08,0.0016675995429977775,0.01692153327167034
6253,0,0,0.9998611211776733,6.036595578962078e-08,8.763312507653609e-05,5.11858488607686e-05
6254,0,0,0.9999011754989624,2.9294978887151046e-08,4.563450147543335e-06,9.428031626157463e-05
6255,0,0,0.999721348285675,4.5850060814700555e-06,2.565800241427496e-05,0.00024836722877807915
6256,2,2,0.0011378718772903085,0.00017338109319098294,0.996907651424408,0.0017811128636822104
6257,1,1,0.0039451890625059605,0.9900919795036316,0.0052167088724672794,0.0007460278575308621
6258,2,2,0.001994409831240773,1.3746479453402571e-05,0.9909064769744873,0.00708537083119154
6259,3,3,0.005081222392618656,2.84014561202639e-07,0.17107275128364563,0.8238457441329956
6260,3,2,4.3127354729222134e-05,3.111702895353119e-08,0.6299757957458496,0.3699810802936554
6261,3,3,0.0001262795994989574,2.7565025447984226e-05,0.0003175604506395757,0.9995286464691162
6262,3,3,0.001277871779166162,9.994365655074944e-07,0.24148979783058167,0.7572313547134399
6263,0,0,0.9999938011169434,5.875637612007267e-07,5.828167672916607e-07,5.007880645280238e-06
6264,1,1,3.0849219001538586e-07,0.9999982118606567,1.5090191709532519e-06,6.6831336020811705e-09
6265,2,2,0.00039712555008009076,8.075272148744261e-07,0.9959087371826172,0.003693305654451251
6266,0,2,0.12319895625114441,6.378905226256393e-08,0.8757845163345337,0.0010165334679186344
6267,2,1,0.017982065677642822,0.922278106212616,0.05943353474140167,0.0003063013427890837
6268,3,3,1.3185820534999948e-05,8.527258343882238e-10,5.493301068781875e-05,0.9999319314956665
6269,3,3,0.003478648141026497,2.1197415662754793e-06,0.020500600337982178,0.9760186672210693
6270,1,1,0.0001799537130864337,0.9998077750205994,4.1107335846390924e-07,1.1964549230469856e-05
6271,2,2,0.0024568140506744385,1.7863289031083696e-05,0.9602135419845581,0.03731174394488335
6272,2,2,6.493482374025916e-07,4.90096643823712e-11,0.9999376535415649,6.173727888381109e-05
6273,2,2,1.6761647202656604e-05,1.3027978695845377e-07,0.9751474261283875,0.02483576536178589
6274,3,3,0.0009705342235974967,0.00155459507368505,0.04838037118315697,0.9490945339202881
6275,3,3,9.313816008216236e-06,3.1931989497024915e-08,1.2247847735125106e-05,0.9999784231185913
6276,2,3,0.03898847848176956,0.00011408216232666746,0.4357006847858429,0.5251967906951904
6277,1,1,1.566125501994975e-05,0.9999806880950928,1.3113800889641425e-07,3.6030639876116766e-06
6278,3,2,0.00045269099064171314,5.319774118106579e-06,0.8179196119308472,0.18162241578102112
6279,1,1,1.274280592156174e-08,1.0,7.423122116989589e-09,1.6514494660668788e-08
6280,3,3,0.00011022720718756318,6.783812409594248e-07,0.11170688271522522,0.8881822824478149
6281,0,0,0.9764866232872009,0.008934641256928444,0.006780558731406927,0.007798121776431799
6282,3,3,4.0652528809914656e-07,4.708998121993879e-11,0.19933143258094788,0.8006681203842163
6283,2,2,0.0011452179169282317,0.00012716387573163956,0.9948782920837402,0.0038493131287395954
6284,2,2,0.0030551960226148367,0.00018637400353327394,0.9964976906776428,0.00026073638582602143
6285,2,2,0.006814073771238327,0.08628319948911667,0.7951529026031494,0.1117498129606247
6286,0,0,0.995002806186676,6.647111877100542e-05,0.001142933964729309,0.0037877499125897884
6287,3,3,0.012416599318385124,1.0435138619868667e-07,0.003264842787757516,0.9843184351921082
6288,3,3,7.839173485990614e-05,3.778947939281352e-05,0.00518500292673707,0.9946987628936768
6289,1,1,1.1624187834513577e-07,0.9999805688858032,1.7770351405488327e-05,1.5764414911245694e-06
6290,2,2,9.690436854725704e-06,4.2851198145399394e-07,0.9999098777770996,7.998156070243567e-05
6291,2,2,0.001288935192860663,0.0648336410522461,0.8107314109802246,0.12314597517251968
6292,0,0,0.998392641544342,3.0946145646026935e-10,0.0016032016137614846,4.166766302660108e-06
6293,2,2,0.0018429186893627048,0.001511000213213265,0.6020259857177734,0.3946201801300049
6294,3,3,1.5435043243527957e-09,1.1451167271359086e-11,4.933835953124799e-06,0.9999951124191284
6295,1,1,7.273667142726481e-05,0.9999091625213623,8.650335075799376e-06,9.43214945436921e-06
6296,2,2,3.4141168725909665e-05,1.1840464964052444e-07,0.9997939467430115,0.0001718187559163198
6297,3,3,5.641890311380848e-06,4.4011971844781783e-10,0.00046208821004256606,0.9995323419570923
6298,1,1,0.0049063777551054955,0.995087206363678,3.6293638459028443e-06,2.803421239150339e-06
6299,3,3,0.0001299134164582938,8.671228897583205e-06,0.008664603345096111,0.991196870803833
6300,2,2,1.5688847270212136e-05,6.593433710122554e-08,0.9999699592590332,1.418613192072371e-05
6301,1,1,3.569429509298061e-06,0.9999765157699585,1.861414421000518e-05,1.312322183366632e-06
6302,1,1,5.621198215521872e-05,0.9997531771659851,0.0001785472995834425,1.2073425750713795e-05
6303,1,1,4.258362969267182e-05,0.9998955726623535,4.441789133124985e-05,1.7352411305182613e-05
6304,1,1,1.651043930905871e-05,0.9999827146530151,1.1549118994480523e-07,6.973729682613339e-07
6305,0,0,0.9999996423721313,1.5607217562774167e-07,3.486268695951367e-08,2.603301254566759e-07
6306,3,3,1.854809670476243e-05,5.236093329585856e-06,0.00017636283882893622,0.999799907207489
6307,1,1,4.3232037683083036e-07,0.9999986886978149,7.170369258346909e-07,1.2342876232196431e-07
6308,0,0,0.9915863275527954,3.5363766528462293e-06,0.0003732718760147691,0.0080369021743536
6309,3,3,0.005760182160884142,0.168760746717453,0.0022338356357067823,0.8232452273368835
6310,2,2,0.00014371125143952668,3.4094654211003217e-07,0.9979521632194519,0.0019037713063880801
6311,3,3,0.02245020866394043,2.5767532861209475e-05,2.8803937311749905e-05,0.9774952530860901
6312,3,3,0.00040852167876437306,1.257377988395092e-07,1.1292291674180888e-05,0.9995800852775574
6313,3,3,2.7386124202166684e-05,5.075157218925597e-07,0.03376413881778717,0.9662079811096191
6314,3,3,2.0113905918606179e-07,1.1692605772495313e-09,4.723675374407321e-05,0.9999525547027588
6315,3,3,7.085192009981256e-06,2.60907651039588e-09,0.0017372544389218092,0.9982556700706482
6316,0,0,0.999911904335022,1.1727912152537101e-07,1.3129973694958608e-06,8.665779751027003e-05
6317,3,3,0.013109502382576466,1.133233467953687e-06,0.00025751907378435135,0.9866318106651306
6318,3,3,0.09010783582925797,4.003701405963511e-07,0.0006390150520019233,0.9092527031898499
6319,1,1,0.23139885067939758,0.5216264724731445,0.018943527713418007,0.22803115844726562
6320,3,3,1.6678321117069572e-05,1.3402537888396182e-06,0.371309369802475,0.6286726593971252
6321,0,0,1.0,1.8493600748015204e-11,5.4829051521210204e-08,2.229915274654104e-08
6322,3,3,9.49608329392504e-06,7.025376817182405e-06,0.16197893023490906,0.8380045890808105
6323,3,3,0.025479324162006378,0.0028366451151669025,0.07029111683368683,0.9013928771018982
6324,0,0,0.9995736479759216,0.00017476767243351787,0.0002261711488245055,2.540943205531221e-05
6325,3,0,0.6542001962661743,0.004089720081537962,0.045418668538331985,0.29629138112068176
6326,1,1,3.036552982393914e-07,0.9999972581863403,6.363185320878983e-07,1.8106156858266331e-06
6327,0,3,0.1384456604719162,3.481629562429589e-08,0.34222984313964844,0.5193244218826294
6328,1,1,8.347110997419804e-05,0.9996894598007202,6.339757237583399e-05,0.00016370396770071238
6329,1,1,1.4527687426379998e-06,0.9999982118606567,2.5870446052067564e-07,1.0549445050855866e-07
6330,1,1,4.850539880862925e-06,0.9999896287918091,2.4547546217945637e-07,5.191264790482819e-06
6331,1,1,0.00033036433160305023,0.9996364116668701,2.898816455854103e-05,4.149569576838985e-06
6332,0,0,0.9986727237701416,7.740305107972745e-08,0.000195728920516558,0.0011315018637105823
6333,1,1,7.864998042350635e-05,0.9984801411628723,0.00020769008551724255,0.0012334422208368778
6334,0,0,0.9998667240142822,3.3781205388550006e-08,2.4494725948898122e-05,0.0001087264608941041
6335,2,2,0.0012331362813711166,0.0013243885478004813,0.9532806873321533,0.044161781668663025
6336,2,2,3.711124008987099e-06,7.10777259271822e-09,0.9173544049263,0.08264187723398209
6337,0,0,0.9999632835388184,5.464686978484679e-07,8.369850547751412e-06,2.7801732358057052e-05
6338,0,0,0.8689247965812683,2.7583508199313655e-05,0.024915622547268867,0.1061318963766098
6339,0,0,0.9065778851509094,0.0002512203063815832,6.314030179055408e-05,0.09310778230428696
6340,1,1,8.736555901123211e-05,0.9805412888526917,0.017943644896149635,0.001427748124115169
6341,0,0,0.9999973773956299,2.45385951558319e-08,1.3539874998969026e-06,1.2800725244233035e-06
6342,2,2,0.0035519765224307775,4.881946097157197e-06,0.9803165793418884,0.016126619651913643
6343,0,0,0.9999536275863647,6.5564881879254244e-06,4.749094273392984e-08,3.979498433182016e-05
6344,3,2,0.0621095672249794,2.7028265847661714e-08,0.7321540117263794,0.2057364135980606
6345,2,2,0.0013115877518430352,6.62701677356381e-06,0.9938001036643982,0.004881735425442457
6346,3,3,0.0001204310028697364,1.2700594425041345e-06,8.454524504486471e-05,0.9997937083244324
6347,2,2,0.0011098501272499561,1.159130889050175e-07,0.9698503613471985,0.029039636254310608
6348,2,2,0.003349021775647998,1.1517197435750859e-06,0.9654381275177002,0.031211722642183304
6349,2,2,0.015295851975679398,0.0016692152712494135,0.9729230999946594,0.010111840441823006
6350,3,3,1.3236375707492698e-05,2.9418469438269312e-08,0.0017140769632533193,0.9982726573944092
6351,3,3,0.00021783060219604522,2.2671165424981155e-05,0.11582789570093155,0.883931577205658
6352,0,0,0.9996080994606018,4.093035022378899e-05,0.00031828033388592303,3.2740812457632273e-05
6353,0,0,0.98600172996521,0.0009622543002478778,0.0027148399967700243,0.010321158915758133
6354,2,2,0.013403457589447498,0.00016433304699603468,0.6533701419830322,0.3330620527267456
6355,3,3,3.702763933688402e-05,5.288886768539669e-07,0.011716455221176147,0.9882460236549377
6356,1,1,0.05881819874048233,0.7956444025039673,9.569710528012365e-05,0.1454416960477829
6357,2,2,6.999875949986745e-06,1.0146615068151732e-06,0.9978177547454834,0.0021742212120443583
6358,1,1,4.577361778501654e-06,0.9999953508377075,3.569159545691036e-08,1.0074671763504739e-08
6359,2,2,0.4531010687351227,0.00579584576189518,0.5264171957969666,0.014685931615531445
6360,1,1,1.2590887443764132e-08,0.9999998807907104,1.0698357044702789e-07,1.3130939002792275e-08
6361,0,0,0.9998887777328491,1.0512935411099988e-08,3.728476440301165e-05,7.385136996163055e-05
6362,2,2,0.20382611453533173,0.0012443941086530685,0.7559691667556763,0.03896031901240349
6363,2,2,0.0002921720442827791,1.680680611571006e-06,0.9978609681129456,0.0018452234799042344
6364,2,2,8.1568410678301e-05,5.832432179886382e-06,0.9832764863967896,0.016636133193969727
6365,3,3,0.004171871580183506,8.044997957767919e-05,0.02864854224026203,0.967099130153656
6366,1,1,9.720830576043227e-07,0.9999949932098389,1.5122125205380144e-06,2.538650278438581e-06
6367,1,1,0.00032553699566051364,0.9996410608291626,1.096560822588799e-06,3.224694592063315e-05
6368,3,3,8.665556379128247e-06,9.799160034162924e-05,0.0026835391763597727,0.9972098469734192
6369,2,2,0.025692369788885117,6.087568181101233e-05,0.5104392170906067,0.46380749344825745
6370,3,3,2.0297073206165805e-05,1.737857324712877e-08,0.0006404861342161894,0.9993391633033752
6371,3,3,0.004249790217727423,0.01163299847394228,0.10502617806196213,0.8790910840034485
6372,3,3,0.0034181184601038694,0.00010198973177466542,0.049095433205366135,0.9473844170570374
6373,2,2,0.18935957551002502,0.00014386534166987985,0.8094171285629272,0.0010794461704790592
6374,1,1,0.0011861651437357068,0.9980818033218384,3.0671493732370436e-05,0.0007013430586084723
6375,1,1,0.00819146167486906,0.9914988875389099,4.0759383409749717e-05,0.00026892474852502346
6376,1,1,2.5996603653766215e-05,0.9999618530273438,4.1709081415319815e-06,8.030562639760319e-06
6377,0,0,0.998932421207428,0.00020366172248031944,0.0002141051518265158,0.0006497626309283078
6378,2,2,0.0011612308444455266,2.5896022748383984e-07,0.9833182096481323,0.015520356595516205
6379,2,2,0.01404883898794651,4.741778525385598e-08,0.9602012634277344,0.02574985660612583
6380,2,0,0.9564878344535828,1.5587503412461956e-06,0.018016215413808823,0.025494424626231194
6381,2,3,0.013555682264268398,9.233918945028563e-07,0.4195277690887451,0.5669155716896057
6382,2,2,0.005639461800456047,0.001187015208415687,0.8822785019874573,0.11089504510164261
6383,0,0,0.9999459981918335,1.3196044790220185e-07,2.440756361465901e-05,2.9488772270269692e-05
6384,0,0,0.9999990463256836,1.3693209760523573e-11,2.996942498612043e-07,6.068065090403252e-07
6385,2,2,0.0050946506671607494,3.920848712368752e-07,0.9869515895843506,0.007953365333378315
6386,0,0,0.9999397993087769,1.7962379672553652e-07,1.051374783855863e-05,4.9566551751922816e-05
6387,1,1,6.59861780150095e-06,0.9999804496765137,9.103756383410655e-06,3.7835764032934094e-06
6388,3,3,7.260888992277614e-07,1.089740450654908e-11,1.6458485333714634e-05,0.9999828338623047
6389,3,3,4.871517944593506e-07,2.2530910470663912e-10,8.26839004730573e-06,0.9999912977218628
6390,1,1,2.0132576537434943e-05,0.9999790191650391,8.760041509958683e-07,3.8799317536586386e-08
6391,3,3,0.050870928913354874,0.0032996954396367073,0.03090216964483261,0.9149271845817566
6392,0,0,0.9985566735267639,2.239722185493065e-08,0.00012072410754626617,0.0013226107694208622
6393,3,3,0.00020978307293262333,3.921350071323104e-06,0.005203577224165201,0.9945827126502991
6394,0,0,0.9999887943267822,1.5183418327069376e-06,4.592789537127828e-06,5.076400157122407e-06
6395,1,1,0.0006657753838226199,0.9991503953933716,0.000100214674603194,8.362317021237686e-05
6396,1,1,0.0009168811375275254,0.9821303486824036,0.0019314335659146309,0.015021413564682007
6397,2,2,0.08460597693920135,0.00535184983164072,0.6853707432746887,0.22467151284217834
6398,2,2,0.05833087116479874,1.6323109548466164e-06,0.9394578337669373,0.0022096175234764814
6399,1,1,0.0013562135864049196,0.9986269474029541,1.5344159692176618e-05,1.544331894365314e-06
6400,3,3,0.0017543456051498652,0.006819780450314283,0.03809391334652901,0.9533319473266602
6401,0,0,0.9995854496955872,2.0834130509683746e-07,6.406907050404698e-05,0.00035021614166907966
6402,1,1,0.0006998939206823707,0.9984151124954224,6.375973043759586e-06,0.0008785855607129633
6403,0,0,0.9999997615814209,4.446534251911771e-10,5.440692163460881e-08,2.139792343314184e-07
6404,1,1,6.31374423392117e-05,0.9998941421508789,3.500185385973964e-08,4.265213283360936e-05
6405,1,0,0.4855703115463257,0.02508167363703251,0.4731893539428711,0.0161586944013834
6406,2,2,0.0006145837833173573,4.6457252267373406e-08,0.9967683553695679,0.002617022953927517
6407,1,1,1.41664756370119e-07,0.9999996423721313,2.0072043582786137e-07,1.1177459846578586e-08
6408,1,1,7.122899660316762e-06,0.9999657869338989,1.7475796994403936e-05,9.65886010817485e-06
6409,1,1,0.0004079926002305001,0.998946487903595,0.00048127869376912713,0.0001641987619223073
6410,3,3,0.009758350439369678,0.00025153043679893017,0.00965072587132454,0.9803394675254822
6411,1,1,0.0002688320819288492,0.9994493126869202,9.190110858980916e-07,0.0002809289435390383
6412,0,0,0.9882649183273315,8.815025154262912e-09,0.0001025843812385574,0.011632496491074562
6413,0,0,0.9999905824661255,2.0984108672905677e-08,6.292751095315907e-06,3.1286783723771805e-06
6414,0,0,0.985027551651001,9.543739906803239e-06,0.008742882870137691,0.006220028270035982
6415,2,2,0.031077014282345772,0.00995608326047659,0.9528517127037048,0.006115293595939875
6416,0,0,0.9999024868011475,3.5895986183476225e-10,2.7967091227765195e-05,6.94452173775062e-05
6417,0,0,0.9999129772186279,1.1848918290979782e-08,7.613757770741358e-05,1.0855674190679565e-05
6418,0,0,0.999972939491272,1.807512830964697e-06,1.3562774256570265e-05,1.166361016657902e-05
6419,1,1,6.708579348924104e-06,0.9999927282333374,2.6694877419686236e-07,1.8662811385183886e-07
6420,0,0,0.9992973804473877,8.023684495128691e-05,0.0004433646681718528,0.00017902860417962074
6421,1,1,0.06992557644844055,0.9280142784118652,0.0018117658328264952,0.00024833265342749655
6422,1,1,0.36056020855903625,0.6337007880210876,0.0008497593807987869,0.004889230243861675
6423,1,1,0.0024495539255440235,0.98512864112854,0.011899169534444809,0.0005225733038969338
6424,1,1,0.11637794226408005,0.8800222277641296,0.002876143204048276,0.0007236893870867789
6425,1,1,0.025237631052732468,0.9641373157501221,0.008971979841589928,0.0016530411085113883
6426,1,1,0.020524686202406883,0.9710784554481506,0.00597428809851408,0.0024225686211138964
6427,2,1,3.815938180196099e-05,0.9836570024490356,0.007722476497292519,0.008582345210015774
6428,1,1,3.549660323187709e-05,0.9999516010284424,5.640285962726921e-06,7.3276119110232685e-06
6429,0,0,0.9965740442276001,3.873524838127196e-05,0.0008871484315022826,0.002499982947483659
6430,0,0,0.9992362260818481,8.608179768998525e-07,0.0006188953993842006,0.00014394517347682267
6431,1,1,0.0001532072201371193,0.998449444770813,0.0008422710234299302,0.0005550631904043257
6432,0,0,0.9819223880767822,0.017265712842345238,5.470345172398083e-07,0.0008113047806546092
6433,1,1,2.3958111938782167e-08,1.0,1.748543670965219e-10,6.43499342700693e-09
6434,0,0,0.999974250793457,1.046701783025128e-07,9.72350790107157e-06,1.5812369383638725e-05
6435,2,2,0.00895881187170744,0.0001450129202567041,0.9907222986221313,0.00017382774967700243
6436,3,3,1.3692461209302564e-07,2.098498486091671e-09,0.0022418310400098562,0.9977580904960632
6437,2,2,6.061591921024956e-05,1.0754694130810094e-06,0.9995278120040894,0.00041051802691072226
6438,2,3,0.22206953167915344,0.19717220962047577,0.027871783822774887,0.5528864860534668
6439,2,2,0.00010465939703863114,3.4544254390311835e-07,0.9947622418403625,0.005132775753736496
6440,3,3,2.23610859393375e-05,1.153789412455808e-06,0.03383421525359154,0.9661422967910767
6441,0,0,0.9999525547027588,2.655704349763255e-07,1.594499553903006e-05,3.124461363768205e-05
6442,2,2,0.017949873581528664,6.397661763912765e-06,0.9700530171394348,0.011990762315690517
6443,0,0,0.9999979734420776,4.983866208618792e-09,2.6341268721807864e-07,1.7757404293661239e-06
6444,1,1,3.6038996768184006e-05,0.9999613761901855,2.8225539949744416e-07,2.3208942820929224e-06
6445,2,2,0.009661790914833546,0.0002660437021404505,0.9884644150733948,0.0016077689360827208
6446,3,3,0.05888960883021355,0.0018103552283719182,0.2446182817220688,0.694681704044342
6447,0,0,0.9911690950393677,2.3649495233257767e-06,0.0034315402153879404,0.005397051572799683
6448,0,0,0.999799907207489,1.8378442234734393e-07,0.00016385842172894627,3.6058685509487987e-05
6449,0,0,0.998638927936554,3.4658462482184405e-06,0.0008490615291520953,0.0005085968878120184
6450,3,3,0.00044068085844628513,8.105987035378348e-06,0.015281644649803638,0.9842696189880371
6451,0,0,0.9999774694442749,4.770179202751024e-06,4.402710089834727e-07,1.7248250514967367e-05
6452,1,1,5.206259743317787e-07,0.9999991655349731,3.2247271519736387e-07,5.856221463318434e-08
6453,3,3,1.8765324057312682e-05,3.0896152303228064e-09,0.0012057009153068066,0.9987755417823792
6454,2,2,0.019739240407943726,0.014096911996603012,0.9353240132331848,0.030839793384075165
6455,1,1,0.128915473818779,0.8537256717681885,0.016655633226037025,0.0007031726418063045
6456,0,0,0.9997119307518005,8.142898877849802e-05,7.837524026399478e-05,0.00012823792349081486
6457,2,2,0.001944884890690446,9.853310984908603e-06,0.9641712307929993,0.03387398645281792
6458,2,2,0.01526709645986557,3.934235792257823e-05,0.9845196008682251,0.0001740001462167129
6459,1,1,2.6465315272616863e-08,0.9999969005584717,2.734844201768283e-06,3.5754626992456906e-07
6460,2,2,0.0019404087215662003,1.2730316711895284e-07,0.9898109436035156,0.008248561061918736
6461,2,2,0.055557817220687866,1.997411709453445e-05,0.9165856242179871,0.02783665992319584
6462,2,3,0.017345106229186058,0.003447065595537424,0.2196340411901474,0.759573757648468
6463,3,3,0.0019495903979986906,0.00011515068763401359,0.2702822685241699,0.7276530265808105
6464,2,2,0.0003015458059962839,8.758342460168933e-07,0.9980827569961548,0.0016149237053468823
6465,0,0,0.9281669855117798,4.573939440888353e-05,0.06059623509645462,0.011191085912287235
6466,3,3,0.0009915835689753294,2.697991519085008e-08,0.00031596404733136296,0.9986924529075623
6467,0,0,0.9791709184646606,0.004136820323765278,0.007002778351306915,0.009689572267234325
6468,0,0,0.9989196062088013,0.0003435635007917881,3.5322733310749754e-05,0.0007015038281679153
6469,2,2,0.2705328166484833,3.020568101419485e-06,0.7283980250358582,0.001066105323843658
6470,1,1,0.00019049292313866317,0.999782145023346,2.207354555139318e-05,5.188865543459542e-06
6471,1,1,0.0005536081152968109,0.9990615248680115,0.00033907932811416686,4.5867651351727545e-05
6472,1,1,0.00015524699119850993,0.9998363256454468,1.362664193038654e-06,7.0677269832231104e-06
6473,0,0,0.9993579983711243,3.5890092675572305e-08,5.300947805153555e-07,0.0006415427196770906
6474,3,3,4.137146788707469e-06,1.1325877835588471e-07,0.00033161090686917305,0.9996641874313354
6475,2,2,0.00014595963875763118,4.5266099846230645e-07,0.9996238946914673,0.00022969047131482512
6476,2,2,0.00038951533497311175,1.0748874046839774e-05,0.9995600581169128,3.965571886510588e-05
6477,2,2,0.0049795168451964855,0.00013731779472436756,0.9938265681266785,0.0010564976837486029
6478,1,1,3.8486574339913204e-05,0.9999600648880005,2.2254710074776085e-08,1.4669514030174469e-06
6479,0,0,0.9746391177177429,1.1137389265059028e-05,0.001025916775688529,0.024323787540197372
6480,0,0,0.991686999797821,1.7108621932493406e-06,0.005519792903214693,0.0027914547827094793
6481,0,0,0.9998674392700195,1.3002113519178238e-07,7.377580914180726e-05,5.8652785810409114e-05
6482,1,1,0.03911493346095085,0.9603559970855713,4.190070467302576e-05,0.0004870856646448374
6483,0,0,0.998725950717926,3.5088712024844426e-07,0.0008413300383836031,0.00043224648106843233
6484,2,2,0.0008919784449972212,5.024601819059171e-07,0.9980149269104004,0.001092565362341702
6485,3,3,0.0012062621535733342,0.000447398197138682,0.018155237659811974,0.9801911115646362
6486,1,1,0.0068330466747283936,0.9923450350761414,0.0006152282585389912,0.00020670097728725523
6487,0,0,0.9973256587982178,9.284188854508102e-05,0.0008642533211968839,0.0017173244850710034
6488,0,0,0.9996984004974365,8.299202249872906e-07,0.00026225249166600406,3.8486487028421834e-05
6489,0,0,0.9998747110366821,1.0266659955959767e-05,2.2259700926952064e-05,9.273982868762687e-05
6490,1,1,0.0005143439630046487,0.9728848338127136,0.0257217176258564,0.0008791423751972616
6491,2,2,0.040346819907426834,0.00011270555842202157,0.49027687311172485,0.46926358342170715
6492,3,3,0.023627057671546936,0.00565681466832757,0.017072679474949837,0.9536435008049011
6493,2,2,8.057081868173555e-05,2.3904614863567986e-05,0.8936222195625305,0.1062733456492424
6494,1,1,0.0015116790309548378,0.9979895353317261,9.705527918413281e-05,0.00040175655158236623
6495,1,1,0.00032615926465950906,0.9996082186698914,5.305006561684422e-05,1.2591257473104633e-05
6496,3,3,8.590569632360712e-05,1.4331324109662091e-06,7.445694063790143e-05,0.9998382329940796
6497,0,0,0.9998124241828918,8.511255487064773e-07,4.491083382163197e-05,0.00014176683907862753
6498,1,1,5.9208723541814834e-05,0.9994557499885559,0.00040012114914134145,8.49805073812604e-05
6499,1,1,1.5963931218720973e-05,0.9999568462371826,2.4304208636749536e-05,2.855901357179391e-06
6500,3,0,0.6182986497879028,0.0023205631878226995,0.007020671386271715,0.37236014008522034
6501,0,0,0.9995874762535095,1.701297719591821e-06,0.00026442322996445,0.00014645082410424948
6502,1,1,3.883663157466799e-05,0.9999594688415527,1.0338198990211822e-06,7.679532814108825e-07
6503,2,2,0.02275807037949562,0.06396917998790741,0.8921657204627991,0.02110701985657215
6504,3,3,2.1410955014289357e-05,1.773948869743247e-11,1.4714277085658978e-06,0.9999771118164062
6505,1,1,1.835832154029049e-05,0.9999812841415405,1.3898404649381746e-09,3.5664126585288614e-07
6506,3,3,3.4395416150800884e-05,1.1178904468778228e-09,9.80027107289061e-06,0.9999557733535767
6507,1,1,0.0012319170637056231,0.9843609929084778,0.0009593968861736357,0.013447685167193413
6508,2,2,0.010628306306898594,2.081007551169023e-05,0.9881110191345215,0.0012399154948070645
6509,0,0,0.982835054397583,1.953423662826026e-07,0.01648719608783722,0.0006775390938855708
6510,2,2,0.010086825117468834,0.42870357632637024,0.5587489008903503,0.0024606601800769567
6511,2,2,0.000291338685201481,1.2310958481975831e-05,0.9976162910461426,0.0020801089704036713
6512,0,3,0.3855971097946167,0.00022315033129416406,0.02759404480457306,0.5865857005119324
6513,3,3,0.0013834094861522317,0.001801207079552114,0.015608037821948528,0.9812074303627014
6514,0,0,0.9921493530273438,5.0326736527495086e-05,0.004604026209563017,0.0031962557695806026
6515,1,1,9.121137054535211e-07,0.9999990463256836,4.9763897891352826e-08,1.4536248649221761e-08
6516,0,2,0.05584171786904335,1.511576442680962e-06,0.5707343816757202,0.37342244386672974
6517,0,0,0.9994460940361023,1.5795739045643131e-06,2.231959115306381e-05,0.0005300968769006431
6518,0,0,0.9997240900993347,3.9195010685944e-06,0.000116310256998986,0.00015564358909614384
6519,1,1,2.156261143682059e-05,0.9999781847000122,1.7331727164560107e-09,2.2284859824139858e-07
6520,1,1,0.0016725555760785937,0.9977390766143799,0.0005350876599550247,5.3334628319134936e-05
6521,2,2,0.00015712471213191748,6.92838682425645e-07,0.9784794449806213,0.021362703293561935
6522,1,1,1.386269900649495e-06,0.9999947547912598,1.5140390132728498e-06,2.3582076664752094e-06
6523,0,0,0.9494463205337524,0.0003392560174688697,0.025446930900216103,0.024767516180872917
6524,2,2,0.010275608859956264,4.6415570977842435e-05,0.8602349758148193,0.1294430047273636
6525,1,1,4.597120550897671e-06,0.9999949932098389,2.8280516062295646e-07,6.900628335415604e-08
6526,0,0,0.9999077320098877,5.305938657329534e-07,4.6489512897096574e-05,4.529977741185576e-05
6527,1,1,4.861083652940579e-05,0.9993921518325806,1.6859409015523852e-06,0.0005575501127168536
6528,1,1,5.422760750661837e-06,0.9999924898147583,5.405332785812789e-07,1.5775281099195126e-06
6529,1,1,1.407868057867745e-05,0.9999828338623047,1.1871136393892812e-06,1.867907144514902e-06
6530,1,1,3.3341411835863255e-06,0.9999964237213135,2.2177010805535247e-07,4.587295521218948e-08
6531,3,3,0.0006915986305102706,3.003347956109792e-05,0.012116948142647743,0.9871614575386047
6532,2,2,0.030981095507740974,0.00016240107652265579,0.7353001236915588,0.23355638980865479
6533,1,1,1.2194171006285615e-07,0.9999998807907104,3.077628707437441e-10,5.026331351132285e-08
6534,1,1,1.8717468265094794e-05,0.999972939491272,2.985922264997498e-06,5.3700646276411135e-06
6535,2,2,0.04052920266985893,1.7613872842048295e-05,0.9071970582008362,0.05225614085793495
6536,1,1,1.0448414400343609e-07,0.9999996423721313,5.5771977258700645e-08,2.1275141648402496e-07
6537,1,1,0.1970827430486679,0.7734712958335876,0.02194341830909252,0.007502516265958548
6538,1,1,2.9635986720677465e-05,0.9999581575393677,1.2126436558901332e-05,1.5117610985271313e-07
6539,3,2,0.004594492260366678,2.5923629436874762e-05,0.6665951013565063,0.3287845253944397
6540,2,2,0.00017719322931952775,1.5439267372130416e-05,0.9934939742088318,0.006313418038189411
6541,1,1,2.7008267352357507e-05,0.9999691247940063,2.8049530556018e-06,1.0952147704301751e-06
6542,2,2,0.02007896639406681,0.0002413717156741768,0.8905996680259705,0.08908000588417053
6543,0,0,0.792106568813324,0.00020511397451628,0.13704431056976318,0.07064398378133774
6544,0,0,0.9343515038490295,0.0002497136883903295,0.029905417934060097,0.03549329191446304
6545,0,0,0.9950950145721436,0.00038200090057216585,0.0009122625342570245,0.0036107308696955442
6546,1,1,5.04114905197639e-05,0.9999455213546753,1.5460303757208749e-06,2.543948312450084e-06
6547,1,1,2.1803662093589082e-05,0.9999047517776489,4.6955046855146065e-05,2.6446568881510757e-05
6548,1,1,2.1074904452689225e-06,0.9999889135360718,7.989620826265309e-06,9.542013685859274e-07
6549,0,0,0.999693751335144,3.5656751151691424e-06,0.0002611399395391345,4.1599891119403765e-05
6550,1,1,0.0004503723466768861,0.999359667301178,5.9895592130487785e-05,0.00013006178778596222
6551,0,0,0.9999768733978271,6.50317533157363e-09,1.2393337783578318e-05,1.0663641660357825e-05
6552,3,3,2.8918907446495723e-06,2.90091204391274e-08,1.2219530617585406e-05,0.999984860420227
6553,1,1,5.559708733926527e-05,0.9999433755874634,8.388017818106164e-07,2.410748152215092e-07
6554,2,2,0.00011003963300026953,8.592736300272463e-09,0.9998177886009216,7.218104292405769e-05
6555,2,2,0.29377225041389465,2.1186131959893828e-08,0.7060041427612305,0.00022363639436662197
6556,0,0,0.9964931607246399,0.0002119141718139872,0.003223027801141143,7.190329779405147e-05
6557,3,3,4.228291345498292e-06,5.3752895468051065e-09,0.0005993471131660044,0.9993964433670044
6558,3,3,2.632985524542164e-05,4.64498040031458e-09,0.00815087091177702,0.9918227791786194
6559,0,0,0.9079912304878235,0.02402433380484581,0.06105569377541542,0.0069286697544157505
6560,3,3,2.6927058570436202e-05,2.2454681170014368e-10,0.0017195256659761071,0.9982535243034363
6561,2,2,1.4728530913998839e-05,4.0428883949061856e-05,0.9999301433563232,1.4664535228803288e-05
6562,3,3,0.00033988739596679807,0.0002698698081076145,0.4772181510925293,0.5221720933914185
6563,3,3,0.007983427494764328,0.00015152044943533838,0.021986128762364388,0.9698787927627563
6564,0,0,0.9999955892562866,3.9839957111098556e-08,1.2573759704537224e-06,3.011031594724045e-06
6565,2,3,0.00017132052744273096,2.007914190471638e-06,0.23141655325889587,0.7684101462364197
6566,2,2,0.13453058898448944,0.0047311135567724705,0.8504317998886108,0.010306470096111298
6567,3,3,0.00020424545800779015,1.260272370018356e-06,0.0018284207908436656,0.9979660511016846
6568,3,3,0.00187336013186723,0.01057587843388319,0.02928774431347847,0.9582630395889282
6569,1,1,3.880301665049046e-05,0.9999527931213379,4.947497927787481e-06,3.4717763810476754e-06
6570,1,1,0.0043683177791535854,0.9956003427505493,1.4205355000740383e-05,1.705120666883886e-05
6571,3,3,5.378482092055492e-05,1.0938622097000916e-07,0.00039763154927641153,0.9995484948158264
6572,2,3,2.4504412067472003e-05,2.390810095675988e-06,0.04142506793141365,0.9585479497909546
6573,1,1,5.844894076290075e-06,0.9999760389328003,2.3431705358234467e-06,1.577674447617028e-05
6574,2,3,0.0007390076061710715,2.508288510227885e-08,0.0015249435091391206,0.9977360963821411
6575,3,3,0.0002662702463567257,7.500625542888884e-07,0.38671186566352844,0.6130211353302002
6576,0,3,0.013020986691117287,7.452415573538929e-09,0.0004055860626976937,0.9865734577178955
6577,1,1,9.862800652626902e-05,0.9990012049674988,0.0008648454677313566,3.534590723575093e-05
6578,0,0,0.9996297359466553,0.00012955405691172928,2.0518140445346944e-05,0.00022021433687768877
6579,0,0,0.9999966621398926,7.710049487741344e-08,1.7569726651345263e-06,1.4561217085429234e-06
6580,0,0,0.9999314546585083,1.5077353054948617e-07,6.444372411351651e-05,3.8952221075305715e-06
6581,3,3,0.0011850281152874231,6.80245420880965e-07,0.0006006240728311241,0.9982136487960815
6582,2,3,0.008113523945212364,2.921337727457285e-05,0.48321980237960815,0.5086374282836914
6583,2,2,7.815643766662106e-05,4.887372597295325e-06,0.9996647834777832,0.0002521183923818171
6584,1,1,0.00021447573089972138,0.9997485280036926,1.8564151105238125e-05,1.8442797227180563e-05
6585,2,2,0.0004750464577227831,0.0005237080622464418,0.9958769083023071,0.0031243390403687954
6586,2,2,0.0022795384284108877,2.2349875905547378e-07,0.9788566827774048,0.01886351965367794
6587,0,0,0.7401398420333862,8.970307681011036e-05,0.07991234958171844,0.17985810339450836
6588,0,0,0.999984860420227,9.492386254805751e-08,1.7729386172504746e-06,1.330812847299967e-05
6589,3,3,0.18664804100990295,9.597452844900545e-06,0.06378995627164841,0.7495523691177368
6590,1,1,5.599179985438241e-06,0.9999898672103882,4.184387762506958e-06,3.4681241345424496e-07
6591,2,2,0.008236942812800407,7.445613300660625e-05,0.9686946272850037,0.02299395389854908
6592,2,3,2.5270010155509226e-05,1.816829908740658e-09,0.00010219519026577473,0.9998725652694702
6593,2,2,0.012524052523076534,0.0002866286667995155,0.9668216705322266,0.020367594435811043
6594,3,3,5.147442720954132e-07,3.533248360554353e-08,3.7233689909044188e-06,0.9999957084655762
6595,0,0,0.9999134540557861,5.523796886564014e-08,7.649716280866414e-05,9.901210432872176e-06
6596,2,2,0.20761419832706451,8.135306416079402e-06,0.7919439077377319,0.00043374148663133383
6597,0,0,0.8875075578689575,0.054690491408109665,0.04350735992193222,0.014294544234871864
6598,2,2,0.00013130180013831705,3.93703012377955e-05,0.9973019361495972,0.0025274145882576704
6599,3,3,1.5177603927440941e-05,1.2545585832413053e-06,0.007591285277158022,0.9923921823501587
6600,1,1,7.208580063888803e-05,0.9993226528167725,6.5096737671410665e-06,0.0005986841861158609
6601,1,1,1.0051892331830459e-06,0.999991774559021,7.178157829912379e-06,1.5180900092559568e-08
6602,0,0,0.9999531507492065,4.502672901196547e-09,2.0558200048981234e-05,2.6327810701332055e-05
6603,1,1,1.7913512238010298e-06,0.9999978542327881,1.0134850292331521e-08,3.2539219319005497e-07
6604,3,3,0.0010449805995449424,1.6743999367463402e-05,0.0050249891355633736,0.9939133524894714
6605,2,2,0.0006981553742662072,5.036131867086624e-08,0.9926763772964478,0.006625350099056959
6606,1,1,4.9422083066019695e-06,0.9999949932098389,3.911480028762071e-10,6.518160944324336e-08
6607,0,0,0.9998602867126465,6.698766696899838e-08,9.54559218371287e-05,4.420516052050516e-05
6608,1,1,1.6428129967493987e-08,0.9999998807907104,4.0194416683903e-09,1.0865193900144732e-07
6609,1,1,0.0011217084247618914,0.9973033666610718,0.0011770592536777258,0.0003977907181251794
6610,3,3,0.0002607892674859613,4.0507129597244784e-06,0.01323527842760086,0.9864999055862427
6611,1,1,9.439394489163533e-06,0.9998778104782104,4.023284782306291e-05,7.251028000609949e-05
6612,2,2,0.0016245173756033182,2.332546046091011e-06,0.9981511235237122,0.0002219154266640544
6613,3,3,0.005703870672732592,3.027295406354824e-06,0.0027854759246110916,0.9915075302124023
6614,3,3,0.007885370403528214,2.5949766779831407e-08,0.15493817627429962,0.837176501750946
6615,0,0,0.9984490871429443,0.00017931884212885052,2.389097744526225e-06,0.0013691862113773823
6616,1,1,0.00033462847932241857,0.981685221195221,0.014892504550516605,0.0030876370146870613
6617,3,3,1.612181222299114e-05,7.794807999061959e-08,0.0022176424972712994,0.9977661371231079
6618,0,0,0.8685927987098694,0.12693840265274048,0.003629362443462014,0.0008394061587750912
6619,0,0,0.9403171539306641,0.00021656692842952907,0.035003911703825,0.024462418630719185
6620,1,1,1.4623155948356725e-05,0.9992838501930237,0.0006707488209940493,3.083261981373653e-05
6621,2,2,0.4570082724094391,4.389485911815427e-05,0.5229349136352539,0.020012954249978065
6622,1,1,0.0001472710573580116,0.9998272061347961,8.44231453811517e-06,1.7125199519796297e-05
6623,2,1,0.26459312438964844,0.6631351709365845,0.01727128215134144,0.05500045418739319
6624,1,1,0.0001081400114344433,0.9995710253715515,0.00026845483807846904,5.2469880756689236e-05
6625,0,0,0.9981155395507812,0.00029451341833919287,2.850289092748426e-06,0.0015870726201683283
6626,0,0,0.9871116280555725,0.011555299162864685,0.0008194711408577859,0.000513601116836071
6627,1,1,7.254359661601484e-05,0.9998737573623657,5.205751222092658e-05,1.6721830888855038e-06
6628,1,1,0.0004081680963281542,0.9995619654655457,1.2568685633596033e-05,1.7305561414104886e-05
6629,2,2,0.00011614623508648947,3.7619718114001444e-06,0.9998025298118591,7.770134106976911e-05
6630,2,2,0.03175805136561394,0.03119998425245285,0.9360102415084839,0.0010317260166630149
6631,1,1,4.393902202082245e-07,0.9999995231628418,5.605359287841338e-09,3.9252068262385365e-09
6632,0,0,0.9999890327453613,3.196596765064896e-08,3.324020553918672e-06,7.63550906413002e-06
6633,0,0,0.9999979734420776,9.713111204234792e-09,1.7347377934129327e-06,2.068354660877958e-07
6634,2,1,0.005651166662573814,0.6630010604858398,0.2432785928249359,0.08806919306516647
6635,2,2,0.0003093478153459728,1.2704261109774961e-07,0.9975263476371765,0.0021642360370606184
6636,2,2,0.04186725616455078,2.3428938220604323e-06,0.9332275390625,0.024902814999222755
6637,2,0,0.6598646640777588,4.6022754496277685e-09,0.33862435817718506,0.0015110090607777238
6638,0,0,0.7915258407592773,0.005377187393605709,0.16490472853183746,0.03819224238395691
6639,2,2,0.0015273106982931495,3.2865757475519786e-06,0.997593343257904,0.0008760154014453292
6640,0,0,0.7847272753715515,4.5860286945753614e-07,0.167464479804039,0.047807831317186356
6641,2,2,4.701478701463202e-06,4.0644684418111865e-07,0.9999294281005859,6.545406358782202e-05
6642,3,3,2.2376832930603996e-05,1.339384603227245e-08,0.00012931396486237645,0.9998482465744019
6643,0,0,0.9997155070304871,1.479492766520707e-06,6.7917585511168e-06,0.0002761548093985766
6644,2,2,0.005739456508308649,4.70161612611264e-05,0.9913392663002014,0.0028741718269884586
6645,1,1,1.7853217286756262e-05,0.9998968839645386,1.0451994967297651e-05,7.479687337763608e-05
6646,2,2,0.00830396730452776,9.457062688511542e-09,0.9811366200447083,0.010559453628957272
6647,3,3,0.00047971459571272135,0.0005636361893266439,0.07564525306224823,0.9233114123344421
6648,3,3,0.0008748742402531207,1.4153114307191572e-06,0.0014826410915702581,0.9976410865783691
6649,3,3,0.0001959573128260672,2.0698405478469795e-07,0.00037863291800022125,0.9994251728057861
6650,0,0,0.997738242149353,0.00014677693252451718,2.5778510917007225e-06,0.0021123806945979595
6651,3,3,0.0005400577210821211,1.2952666850196692e-07,0.013902083970606327,0.9855577349662781
6652,1,1,0.0005570613429881632,0.9575557708740234,0.04160021245479584,0.0002869560557883233
6653,3,3,4.3555635784287006e-05,2.7902476773533635e-08,0.0004064986133016646,0.999549925327301
6654,1,1,0.0015001669526100159,0.9977173805236816,0.0006439361022785306,0.00013858513557352126
6655,3,3,0.0005489742616191506,2.8606809792108834e-05,0.013281873427331448,0.9861406087875366
6656,3,3,3.719642904798093e-07,4.388674146316163e-11,0.0005961328279227018,0.9994034767150879
6657,1,1,0.00011064917634939775,0.9997437596321106,8.282333874376491e-05,6.284976552706212e-05
6658,0,3,0.3727260231971741,0.0008111571660265326,0.08390605449676514,0.5425567626953125
6659,3,3,8.13037161151442e-07,2.9628154152305797e-08,0.0013556890189647675,0.9986434578895569
6660,1,1,2.235216470580781e-06,0.9999969005584717,6.084798886973886e-09,8.697340945218457e-07
6661,2,2,0.005529709160327911,0.0012948013609275222,0.9911708235740662,0.0020045784767717123
6662,0,0,0.9972081780433655,2.0978832893092658e-08,0.002611149800941348,0.00018072851526085287
6663,2,2,6.027968083799351e-06,1.2720727227133466e-06,0.9993475079536438,0.0006451539229601622
6664,1,1,0.00010316709813196212,0.9998965263366699,2.588659526736592e-07,5.133517433364432e-08
6665,2,2,5.3730200306745246e-05,6.68052990704382e-08,0.9999322891235352,1.3827287148160394e-05
6666,2,2,0.00011862068640766665,0.0002942277933470905,0.9980713725090027,0.0015158605528995395
6667,0,0,0.855746328830719,0.10218556225299835,0.00515711260959506,0.03691096231341362
6668,1,1,0.0030700683128088713,0.9966834187507629,0.00021400197874754667,3.2506464776815847e-05
6669,0,0,0.715502142906189,0.0009094289853237569,0.2826600670814514,0.0009284171392209828
6670,3,3,0.10202489793300629,9.764540300238878e-05,0.013338878750801086,0.8845385313034058
6671,2,2,0.009431736543774605,0.005245355423539877,0.9807310104370117,0.004591839388012886
6672,3,3,0.0006843126029707491,0.009483377449214458,0.02357335574924946,0.9662589430809021
6673,3,3,4.0832976083038375e-05,2.1160306840073417e-09,3.312989792902954e-05,0.9999260902404785
6674,2,2,1.4926277799531817e-05,2.359951167818508e-06,0.9623432755470276,0.037639401853084564
6675,1,1,7.623347755725263e-06,0.9999886751174927,3.3061030535463942e-06,3.496391229873552e-07
6676,1,1,0.00011383510718587786,0.9996399879455566,0.0002453069610055536,8.580915391576127e-07
6677,2,2,0.00022325996542349458,3.120801557088271e-05,0.9679062366485596,0.031839288771152496
6678,0,0,0.9998677968978882,3.8471061998279765e-05,8.499722025590017e-05,8.787686965661123e-06
6679,3,3,1.989629708987195e-06,1.57958055524432e-08,3.38139507221058e-05,0.9999642372131348
6680,2,2,0.00010310008656233549,8.695403153069492e-07,0.9996302127838135,0.0002657856675796211
6681,1,1,0.0003723498957697302,0.9996258020401001,8.904150945454603e-07,8.9999053898282e-07
6682,0,3,0.3918400704860687,0.00017878615472000092,0.002126294421032071,0.605854868888855
6683,2,2,0.05801058188080788,0.0018544390331953764,0.9109441637992859,0.02919079177081585
6684,1,1,2.815089374053059e-06,0.9999971389770508,5.816343850995054e-09,9.065387329698638e-10
6685,3,3,1.8040279883280164e-06,1.1953812872889102e-07,4.384545172797516e-05,0.9999542236328125
6686,3,3,2.146281076420564e-06,4.0396867007075343e-07,0.0016030928818508983,0.9983944296836853
6687,1,1,2.0684021365013905e-05,0.9999790191650391,2.2285153988832462e-07,6.971932009491866e-08
6688,1,1,6.923909040779108e-06,0.999985933303833,3.4349129691690905e-06,3.670193564175861e-06
6689,0,0,0.9990717172622681,0.00011610053479671478,0.0006062811007723212,0.00020579675037879497
6690,2,2,0.00030992721440270543,4.322448887705832e-08,0.957578718662262,0.04211129620671272
6691,2,2,0.0006968869129195809,2.0073900941497413e-06,0.9909375905990601,0.008363516069948673
6692,1,1,1.6408741430495866e-05,0.9999514818191528,2.248053533548955e-05,9.708294783195015e-06
6693,2,2,2.100092387991026e-05,1.3423250955213462e-08,0.9999756813049316,3.33276875608135e-06
6694,2,2,0.0028537255711853504,5.435292678157566e-06,0.9955443739891052,0.0015965132042765617
6695,2,2,0.0004834105202462524,2.402473455731524e-06,0.9956812858581543,0.003832867369055748
6696,1,1,0.01663193292915821,0.9721794724464417,0.00562220299616456,0.005566409323364496
6697,0,0,0.9995368719100952,8.206786333175842e-06,0.00014663164620287716,0.00030823389533907175
6698,0,1,0.009490632452070713,0.9895395636558533,0.0005093042855150998,0.0004605638387147337
6699,0,0,0.9995997548103333,2.3397658424073597e-06,5.673912710335571e-06,0.00039223599014803767
6700,0,0,0.9997517466545105,5.9219173635938205e-06,4.069129136041738e-05,0.00020163571753073484
6701,3,3,3.0428673198912293e-06,7.608401908498763e-09,0.001621806062757969,0.9983751773834229
6702,2,2,0.025116000324487686,0.0009976992150768638,0.9439151883125305,0.02997114323079586
6703,1,1,5.159334648396907e-08,0.9999768733978271,2.29202451009769e-05,7.323891537680538e-08
6704,0,0,0.9998868703842163,2.73076966550434e-06,0.00010836251749424264,1.9778547084570164e-06
6705,2,2,0.004644430708140135,3.2581554023636272e-06,0.9936425685882568,0.0017096736701205373
6706,3,3,0.00013060422497801483,7.1438080340158194e-06,0.004625537898391485,0.9952367544174194
6707,2,2,6.746344638486335e-07,1.6019977011616504e-10,0.9999773502349854,2.1950902009848505e-05
6708,3,3,4.29702095061657e-06,7.507914688176243e-06,0.00018834338698070496,0.999799907207489
6709,1,1,0.0022365811746567488,0.9795158505439758,0.011321138590574265,0.006926432251930237
6710,0,2,0.21575988829135895,0.005075764376670122,0.5356297492980957,0.2435346394777298
6711,2,3,0.0077033881098032,4.647788500733441e-06,0.0012953937985002995,0.9909965991973877
6712,2,2,2.2056350644561462e-05,3.706001336922782e-07,0.8720205426216125,0.12795709073543549
6713,2,2,0.0003120264154858887,0.00032546953298151493,0.9650774002075195,0.03428509831428528
6714,3,3,1.3739851965510752e-05,0.0002174194814870134,0.00016209177556447685,0.9996066689491272
6715,0,0,0.9467124342918396,3.4745127777568996e-05,0.004531660582870245,0.04872108995914459
6716,0,0,0.9601197838783264,0.0045568207278847694,0.0028454719576984644,0.032477933913469315
6717,3,3,4.164665369899012e-05,1.0966938468470744e-08,0.0014660481829196215,0.9984922409057617
6718,0,3,4.048552455060417e-06,1.9583805624279194e-05,3.991280391346663e-05,0.9999364614486694
6719,3,3,0.06462746113538742,4.464709491003305e-08,0.0260476004332304,0.9093249440193176
6720,3,3,8.135708048939705e-05,5.558686666518042e-08,0.0953889787197113,0.9045295715332031
6721,2,2,0.0011428960133343935,1.807785884011537e-05,0.9833887815475464,0.01545028667896986
6722,1,1,0.0031052599661052227,0.9968582391738892,2.0622283045668155e-05,1.5916602933430113e-05
6723,3,3,6.568444223375991e-05,0.00036684019141830504,0.16867420077323914,0.8308932185173035
6724,2,2,9.125415090238675e-06,1.5603730219027057e-07,0.999985933303833,4.690637524618069e-06
6725,2,2,3.736296639544889e-05,1.461130683111378e-08,0.999961256980896,1.3746058584729326e-06
6726,2,2,3.2056053896667436e-05,1.6066821899585193e-06,0.9975538849830627,0.0024123829789459705
6727,1,1,0.0006601451896131039,0.9993390440940857,1.2102515256628976e-07,6.822370437475911e-07
6728,2,2,3.4522376068935046e-08,2.7043651584790496e-07,0.9909712076187134,0.009028533473610878
6729,2,2,0.00038082868559286,3.253843533457257e-05,0.9989614486694336,0.0006252088351175189
6730,3,3,1.2216662526043365e-06,9.461776917518705e-10,0.0003491757670417428,0.9996496438980103
6731,3,3,1.609874925634358e-05,1.8523245159940416e-08,0.10318287461996078,0.8968010544776917
6732,1,1,3.685776661654927e-08,1.0,6.4824337009383726e-09,1.2058084530863766e-09
6733,0,0,0.995267391204834,7.697389082750306e-05,0.0026597988326102495,0.0019958207849413157
6734,0,2,0.0007908739498816431,9.714347015687963e-07,0.9950931072235107,0.004115039948374033
6735,1,1,3.0378324300528448e-09,1.0,4.381315310553191e-10,4.64338845151957e-11
6736,1,1,0.0003187321708537638,0.9996743202209473,6.816155291744508e-06,1.3750286598224193e-07
6737,2,2,0.002075975062325597,2.071652670565527e-05,0.9932475090026855,0.004655761178582907
6738,0,0,0.999293327331543,6.639150342380162e-06,1.674582927080337e-05,0.0006832486251369119
6739,2,3,5.3509993449551985e-05,3.317843220429495e-05,0.19175539910793304,0.8081579208374023
6740,1,1,2.1711502995458432e-07,0.9999997615814209,2.3132624704658156e-08,7.2608169476851e-11
6741,1,1,4.532158982328838e-06,0.9999920129776001,2.656126980582485e-06,8.665414839015284e-07
6742,2,2,0.0001661782298469916,2.4678752197360154e-06,0.9982545971870422,0.001576820737682283
6743,0,0,0.9999091625213623,3.38618119712919e-05,3.101886250078678e-05,2.5991812435677275e-05
6744,0,0,0.9991902709007263,5.87665590501274e-06,0.0007361505413427949,6.770059553673491e-05
6745,0,0,0.9999963045120239,3.3683292599562265e-07,8.17694143506742e-08,3.289983851573197e-06
6746,1,1,0.06280730664730072,0.9347589612007141,3.754920544452034e-05,0.0023962047416716814
6747,1,1,0.05445995181798935,0.5112323760986328,0.43155503273010254,0.0027526512276381254
6748,2,3,2.563896487117745e-05,1.2794755832601368e-07,0.021932560950517654,0.9780417084693909
6749,1,1,1.4760890962861595e-06,0.999947190284729,1.4881359220453305e-06,4.978464494342916e-05
6750,3,3,0.02130020409822464,7.758403080515563e-05,0.0003099805617239326,0.9783122539520264
6751,2,2,0.009485633112490177,9.005962908759102e-08,0.9898208379745483,0.0006933579570613801
6752,3,3,6.6420734583516605e-06,9.39060207372222e-09,0.006383159197866917,0.9936102032661438
6753,3,3,4.95709537062794e-05,9.132735812045212e-08,0.010922644287347794,0.9890276193618774
6754,1,1,0.00011500473192427307,0.9994596838951111,0.00038377451710402966,4.154230555286631e-05
6755,3,3,5.7528774050297216e-05,1.027803955366835e-05,0.00011599462595768273,0.9998162388801575
6756,0,0,0.9988417029380798,3.998186457465636e-06,0.0001635194494156167,0.000990784028545022
6757,3,3,0.0011228619841858745,1.686403265921399e-05,0.003546761116012931,0.9953135251998901
6758,3,3,0.0010447129607200623,0.00014037633081898093,0.002192135900259018,0.9966226816177368
6759,3,3,6.516968369396636e-06,1.1583125342440326e-05,0.0030881178099662066,0.9968937635421753
6760,3,3,0.06779344379901886,0.000999549520201981,0.0017568456241860986,0.9294502139091492
6761,3,3,0.107249416410923,1.9118160707876086e-05,0.00538773974403739,0.8873436450958252
6762,3,3,0.005053831730037928,8.311858423759588e-10,0.002944786101579666,0.9920014142990112
6763,3,3,0.008509199135005474,2.9304903364391066e-05,6.070232302590739e-06,0.9914553761482239
6764,3,3,0.000505743024405092,1.9450813852017745e-05,0.0808219388127327,0.9186527729034424
6765,3,3,5.418250657385215e-05,6.339286873213723e-10,0.0039392742328345776,0.9960065484046936
6766,0,2,0.01651562564074993,4.458533453544078e-08,0.9690396189689636,0.014444666914641857
6767,2,2,9.48271990637295e-05,9.84278267424088e-06,0.9971318244934082,0.002763431752100587
6768,3,3,0.0014144944725558162,1.8016123704001075e-07,0.0001808683737181127,0.9984044432640076
6769,1,1,4.3175412429263815e-05,0.9999325275421143,2.0632902305806056e-05,3.7094605431775562e-06
6770,0,0,0.9999396800994873,2.8341844426904572e-08,4.7836219891905785e-05,1.2513037290773354e-05
6771,0,0,0.9952746629714966,2.138178206223529e-05,0.0014623430324718356,0.003241628408432007
6772,3,2,4.805331627721898e-05,9.145786316366866e-05,0.7149948477745056,0.2848656177520752
6773,3,3,4.652719667319616e-07,4.183367963150886e-08,4.424294274940621e-06,0.9999951124191284
6774,3,3,2.1603314962703735e-05,4.583702306604209e-08,0.03294209763407707,0.9670363664627075
6775,1,1,2.3366142443137505e-07,0.9999994039535522,3.737693248240248e-07,5.440036687787142e-08
6776,0,0,0.677086591720581,0.0027046024333685637,0.07724839448928833,0.24296043813228607
6777,0,0,0.9994661211967468,4.25891084887553e-06,0.0001651796483201906,0.0003644593234639615
6778,2,2,0.000962539401371032,2.7390686227590777e-05,0.8747367262840271,0.12427329272031784
6779,3,3,0.006814721971750259,1.246530558773884e-07,0.0002398905489826575,0.9929452538490295
6780,3,3,1.6127678463817574e-05,8.421902464306186e-08,0.026125634089112282,0.9738580584526062
6781,3,3,4.189680112176575e-06,1.9822550711978693e-08,0.0011653817491605878,0.9988303780555725
6782,3,3,0.0008718058816157281,7.733599431958282e-07,0.04962471127510071,0.9495026469230652
6783,3,3,2.7731375666917302e-05,1.8877754470736363e-08,8.428970613749698e-05,0.9998879432678223
6784,2,2,0.0012656486360356212,7.831903531041462e-06,0.9982450008392334,0.0004814698186237365
6785,3,3,0.00026708623045124114,0.0010764171602204442,0.006064980290830135,0.9925915002822876
6786,1,1,3.6851442786201005e-08,1.0,1.2580518848892552e-08,1.261947613073744e-08
6787,3,3,0.0001178759484901093,4.046673893753905e-06,0.14291712641716003,0.8569609522819519
6788,1,1,7.5527182730184e-08,0.9999998807907104,5.791366319840563e-08,1.8789581002209843e-09
6789,2,2,0.0033306272234767675,2.09575955523178e-06,0.9917293190956116,0.00493801012635231
6790,2,2,4.583560269111331e-07,1.802945813478285e-11,0.9998621940612793,0.00013731791113968939
6791,2,2,7.018058568064589e-06,5.2477000522799244e-09,0.9999918937683105,1.0553167157922871e-06
6792,0,0,0.9999994039535522,1.0156460561461245e-08,2.480720073805287e-09,6.135896910564043e-07
6793,2,2,0.0008805395918898284,0.000389838736737147,0.9976474642753601,0.0010821291944012046
6794,0,2,0.005585175938904285,0.030760878697037697,0.7535046935081482,0.21014927327632904
6795,0,0,0.9725773334503174,4.9876248340297025e-06,0.0015041506849229336,0.025913629680871964
6796,2,2,0.21642838418483734,0.11959750950336456,0.6123597025871277,0.05161445960402489
6797,2,2,0.0005485627334564924,0.00016673607751727104,0.997585654258728,0.0016990521689876914
6798,1,1,0.00026503269327804446,0.9997265934944153,4.888248440693133e-06,3.402976517463685e-06
6799,1,1,7.510992145398632e-05,0.9999067783355713,8.584446732129436e-06,9.52974096435355e-06
6800,3,3,0.014065210707485676,5.841394923322696e-08,0.0013998427893966436,0.9845349788665771
6801,3,3,2.0635759938159026e-05,3.458391120148008e-07,8.154179522534832e-05,0.9998974800109863
6802,1,1,9.429910363678573e-08,0.9999998807907104,3.159586814405202e-09,5.437298167265681e-09
6803,0,0,0.9998940229415894,7.417970095957571e-07,4.3560863559832796e-05,6.166574894450605e-05
6804,0,0,0.9970863461494446,1.0282823836860189e-07,0.002847205149009824,6.63337268633768e-05
6805,0,0,0.9929090738296509,1.9335329852765426e-05,0.005613998044282198,0.0014575524255633354
6806,2,2,0.00028266230947338045,1.2750130053973407e-06,0.9983737468719482,0.001342308591119945
6807,3,2,0.0281025730073452,0.0009176507010124624,0.7639738917350769,0.20700590312480927
6808,3,3,8.354837518709246e-06,3.0430724606844706e-09,0.0014734037686139345,0.9985182881355286
6809,3,3,0.003979742992669344,1.9799428230271587e-07,0.06599584221839905,0.9300242066383362
6810,2,2,0.0008458064403384924,3.2339819426852046e-06,0.9990178346633911,0.0001331149396719411
6811,1,1,1.3909565495850984e-05,0.9999523162841797,1.4824124150436546e-08,3.370912600075826e-05
6812,0,0,0.9978887438774109,2.0756459662152338e-07,0.00019054330186918378,0.0019204920390620828
6813,3,3,0.04993896558880806,2.0986619347240776e-05,0.08240649104118347,0.8676335215568542
6814,2,2,0.00026203138986602426,6.704821134917438e-05,0.9995225667953491,0.0001483637752244249
6815,3,3,5.389335274230689e-05,2.0430563836271176e-06,0.0021453758236020803,0.9977986216545105
6816,0,0,0.9522703886032104,0.0002037200320046395,0.03628500923514366,0.01124081015586853
6817,2,2,0.002585514448583126,0.000908021698705852,0.9959490299224854,0.0005574773531407118
6818,0,0,0.9659308195114136,0.02192813530564308,0.005204716697335243,0.00693633034825325
6819,2,2,0.00010860616021091118,1.0744926015604506e-07,0.9998382329940796,5.311001950758509e-05
6820,3,3,0.0001550414744997397,8.484713589496096e-07,0.001772150513716042,0.9980719089508057
6821,3,3,6.079731974750757e-06,4.025451403322222e-07,0.02404540777206421,0.9759481549263
6822,1,1,5.5522705224575475e-06,0.9999918937683105,1.7084111050280626e-06,8.467893053420994e-07
6823,3,3,0.030226415023207664,1.626985613256693e-05,0.06799659878015518,0.9017607569694519
6824,0,0,0.9985590577125549,2.0696440117262682e-08,0.0007185392314568162,0.0007224050932563841
6825,1,1,2.6322004487155937e-07,0.9999988079071045,1.7481106340255792e-07,6.824258207416278e-07
6826,2,2,0.025253092870116234,0.0024929053615778685,0.7949433326721191,0.17731069028377533
6827,2,2,0.036339666694402695,0.0009209270356222987,0.909458339214325,0.053281091153621674
6828,3,3,1.322685056948103e-05,1.2288914330582656e-09,0.00012086036440450698,0.9998658895492554
6829,2,2,0.015577971003949642,1.4560936506313737e-05,0.9825180172920227,0.0018893906380981207
6830,1,1,0.006797407753765583,0.984828770160675,0.0008010239689610898,0.007572841364890337
6831,3,3,0.10896695405244827,2.5105664462898858e-05,0.09274803847074509,0.7982598543167114
6832,0,0,0.9852266907691956,8.559878187952563e-05,0.011754931882023811,0.002932832110673189
6833,0,0,0.9999734163284302,5.858193219410168e-08,1.1953922012253315e-06,2.5279668989242055e-05
6834,3,2,9.696043707663193e-05,7.99183226263267e-08,0.5230424404144287,0.47686049342155457
6835,3,3,0.29521381855010986,0.0003423540329094976,0.0030265673995018005,0.7014173269271851
6836,2,2,0.1879434734582901,0.0001760334416758269,0.810602605342865,0.0012778389500454068
6837,0,0,0.9999998807907104,9.500018549601918e-10,4.7156451188357096e-08,1.2616364131190494e-07
6838,3,3,8.141582839016337e-06,9.48594625072019e-09,0.009792082943022251,0.9901997447013855
6839,0,0,0.8715139627456665,0.0006265213014557958,0.0852731466293335,0.042586375027894974
6840,3,3,0.00043459649896249175,3.0588211075155414e-07,0.000449049606686458,0.9991160035133362
6841,3,3,1.7158216678581084e-06,2.177739100162057e-09,0.00211311224848032,0.9978851675987244
6842,3,3,0.019613023847341537,3.7368015910033137e-05,0.23506784439086914,0.7452817559242249
6843,3,3,0.00779950525611639,0.0003208624548278749,0.17504283785820007,0.8168368339538574
6844,3,3,1.734257602947764e-05,1.2693570283772715e-07,0.004645491950213909,0.9953370094299316
6845,2,2,0.022820573300123215,2.117032272508368e-05,0.97632896900177,0.0008292149868793786
6846,2,2,0.05582164227962494,2.149812871721224e-06,0.9433931708335876,0.0007831083494238555
6847,2,2,5.048143975727726e-06,1.6304817336276756e-06,0.6223180890083313,0.37767520546913147
6848,2,2,0.0005813919706270099,1.9235162653785665e-06,0.9978986978530884,0.0015180045738816261
6849,2,3,0.002720526186749339,0.0008250342798419297,0.3345359265804291,0.6619184613227844
6850,2,2,5.984095992062066e-07,2.6397126151600503e-10,0.9999986886978149,7.193129363258777e-07
6851,0,0,0.9856158494949341,1.1575767530302983e-05,0.012721731327474117,0.0016509122215211391
6852,0,0,0.9999674558639526,3.0825769499642774e-05,7.05166883108177e-07,1.026346581056714e-06
6853,2,2,4.2197440052405e-05,4.2327178562118206e-07,0.9905440807342529,0.009413309395313263
6854,0,0,0.9976949095726013,1.2513292858784553e-05,0.002131696091964841,0.00016093204612843692
6855,0,0,0.9965634942054749,7.521565567003563e-05,0.0003904608602169901,0.0029707713983953
6856,0,0,0.981988251209259,0.00234245415776968,4.184377030469477e-05,0.015627512708306313
6857,1,1,0.12837445735931396,0.7596399784088135,0.0001816468866309151,0.11180384457111359
6858,1,1,4.6627246774733067e-07,0.9999727010726929,2.462478914821986e-05,2.2626875306741567e-06
6859,1,1,1.6004250369405781e-07,0.9999997615814209,6.827971787970455e-08,7.3437225189820765e-09
6860,2,2,0.009226091206073761,0.020713578909635544,0.9288557767868042,0.0412045419216156
6861,1,1,0.00014035157801117748,0.9998557567596436,2.740222498687217e-06,1.041877794705215e-06
6862,2,2,0.4684703052043915,2.3695308755122824e-06,0.5301331877708435,0.0013941670767962933
6863,1,1,6.045834197720978e-07,0.9999631643295288,2.7858819521497935e-05,8.357589649676811e-06
6864,3,3,1.0388997907284647e-05,7.540484681101134e-09,0.0004217493406031281,0.9995678067207336
6865,3,3,0.32604822516441345,0.008402913808822632,0.002907338785007596,0.6626415252685547
6866,3,3,5.159472857485525e-05,1.0032267461212996e-08,5.434881586552365e-06,0.9999430179595947
6867,2,2,0.00016948705888353288,2.726363277361088e-07,0.9799463152885437,0.019883859902620316
6868,2,2,6.824968750152038e-07,1.7482220755482558e-06,0.6989292502403259,0.30106836557388306
6869,1,1,0.0001046898469212465,0.9988357424736023,0.0010085208341479301,5.108778350404464e-05
6870,3,2,0.018431250005960464,4.3716300979212974e-07,0.7074229121208191,0.2741454243659973
6871,1,1,5.205358206694655e-07,0.9999995231628418,2.6082558335360773e-09,2.7853971573676972e-08
6872,1,1,8.011704630916938e-05,0.9999037981033325,3.639211627159966e-06,1.242260532308137e-05
6873,3,3,5.870095076687676e-09,1.4843433149280827e-08,0.0007694147643633187,0.9992306232452393
6874,1,1,1.7051270617685077e-08,1.0,3.4867018126882865e-12,5.821518267445924e-10
6875,1,1,4.195101723780681e-07,0.9999994039535522,1.2558940909457306e-07,1.0581029386003138e-08
6876,1,1,0.00013799370208289474,0.9998466968536377,9.351863639039948e-08,1.5078964679560158e-05
6877,2,2,1.561847739139921e-06,5.916261258676059e-09,0.9121767282485962,0.08782174438238144
6878,2,2,0.0031863327603787184,5.6714100082899677e-08,0.9965047836303711,0.0003087559016421437
6879,0,0,0.9037559032440186,0.0007371659157797694,0.0906371995806694,0.004869732540100813
6880,0,0,0.9999563694000244,7.565389203989525e-09,1.4869940969219897e-05,2.8763359296135604e-05
6881,1,1,0.00033933803206309676,0.9989849925041199,0.0006699551013298333,5.749434876634041e-06
6882,1,1,3.340767307236092e-07,0.9999996423721313,1.3994855940779871e-08,5.38429496543813e-08
6883,1,1,9.461452350478794e-07,0.999998927116394,9.254621602394764e-08,5.024723748192628e-09
6884,1,1,0.03173355758190155,0.9642682075500488,0.00118356104940176,0.002814630977809429
6885,0,0,0.9991971850395203,1.4340189409267623e-06,1.3814453723171027e-06,0.000799970468506217
6886,0,0,0.9984230995178223,3.369266323716147e-06,3.89480082958471e-05,0.0015346544096246362
6887,2,2,1.697379775578156e-05,3.2822106732055545e-05,0.8990373015403748,0.10091297328472137
6888,1,1,3.1713000225863652e-06,0.999996542930603,3.060149111888677e-08,2.744504001839232e-07
6889,1,1,1.6790866084193112e-06,0.9999977350234985,2.3532932402758888e-07,3.809840336543857e-07
6890,1,1,0.005700737237930298,0.9939295053482056,0.00023201281146612018,0.00013781417510472238
6891,0,0,0.9991714954376221,0.0003964289790019393,0.000253086443990469,0.00017900655802804977
6892,1,1,2.2377207642421126e-07,0.9999995231628418,1.5354876836681797e-07,1.0935607974715822e-07
6893,2,2,0.019523860886693,1.9045715816901065e-05,0.950645387172699,0.029811665415763855
6894,0,0,0.9833032488822937,0.0006778769893571734,0.013246525079011917,0.0027723649982362986
6895,0,0,0.999951958656311,8.523365067958366e-06,1.8921438822872005e-05,2.05771630135132e-05
6896,0,0,0.9996147155761719,7.216912649710139e-07,0.0002604274486657232,0.00012418723781593144
6897,1,1,0.08879279345273972,0.8296047449111938,0.028305279091000557,0.053297195583581924
6898,3,1,0.008286403492093086,0.8700751662254333,0.09811951965093613,0.023518800735473633
6899,0,0,0.9961020946502686,2.8291389753576368e-05,0.0006526777287945151,0.0032170102931559086
6900,2,2,0.029410485178232193,2.6693831500779197e-07,0.9703572988510132,0.00023186068574432284
6901,1,1,4.019627158413641e-05,0.9998695850372314,2.134866917913314e-05,6.886586925247684e-05
6902,0,0,0.9998281002044678,1.1397869457141496e-05,0.00012989786046091467,3.0505598260788247e-05
6903,3,3,4.3696687498595566e-05,1.0698450836343909e-07,0.0022564963437616825,0.9976996779441833
6904,3,3,0.0015226500108838081,2.427516188063805e-09,0.013075565919280052,0.9854017496109009
6905,2,2,0.0006452047382481396,3.995117765498435e-07,0.9692683815956116,0.030086025595664978
6906,2,2,0.012838682159781456,0.0003063261683564633,0.9846581220626831,0.002196787390857935
6907,1,1,0.13835565745830536,0.8207249641418457,0.03638516739010811,0.004534219857305288
6908,3,3,0.0005910987965762615,7.885902959969826e-06,9.118685557041317e-05,0.9993098974227905
6909,1,1,2.7705091270036064e-06,0.9999778270721436,1.682480979070533e-05,2.628772790558287e-06
6910,3,2,0.020294995978474617,0.00011244312190683559,0.906008243560791,0.07358422875404358
6911,3,3,0.00020172051154077053,0.000147108337841928,0.019853509962558746,0.9797977209091187
6912,3,3,0.00010422377818031237,1.3087634087582956e-08,4.0827508200891316e-05,0.9998549222946167
6913,0,2,0.08897165954113007,2.5698329864098923e-06,0.8258805871009827,0.08514518290758133
6914,0,0,0.9143938422203064,0.007563761901110411,0.07060395926237106,0.007438344415277243
6915,1,1,3.0202105705257054e-08,0.9999954700469971,1.933097109940718e-06,2.6335264919907786e-06
6916,2,2,0.0036230310797691345,1.1962325743297697e-06,0.9904670119285583,0.005908752791583538
6917,2,2,0.1908300668001175,4.137884752708487e-05,0.8081259727478027,0.0010024908697232604
6918,1,1,4.1401227690585074e-07,0.9999994039535522,1.2673470450863533e-07,2.5490809463235564e-08
6919,0,3,0.08138619363307953,0.0010013427818194032,0.37741923332214355,0.5401932001113892
6920,2,3,0.14187060296535492,0.0004189480096101761,0.37651097774505615,0.4811994731426239
6921,2,2,1.747571150190197e-05,3.7114003248461813e-07,0.9999599456787109,2.221332943008747e-05
6922,1,1,1.2783554666384589e-05,0.9999858140945435,4.513501750125215e-08,1.2573036656249315e-06
6923,1,1,2.981396676204895e-07,0.9999996423721313,3.8248551548214493e-10,1.4430373340701408e-08
6924,1,1,4.742149485537084e-06,0.9999922513961792,7.92432274465682e-07,2.3229058569995686e-06
6925,2,2,2.3295382561627775e-05,1.1519338158905157e-06,0.9985685348510742,0.0014069810276851058
6926,3,3,2.309719171478264e-08,3.430222494937851e-10,0.000807920761872083,0.9991920590400696
6927,1,1,3.668722911243094e-06,0.9998655319213867,0.00012866704491898417,2.2048359369364334e-06
6928,1,1,0.0005952357896603644,0.9984379410743713,0.0008239406743086874,0.0001428064570063725
6929,0,0,0.9977086782455444,2.9876815460738726e-05,0.00019022662308998406,0.0020712893456220627
6930,1,1,0.0029836567118763924,0.9967932105064392,0.00017110959743149579,5.207700087339617e-05
6931,2,2,0.03889620676636696,1.1315052717009166e-07,0.8657737970352173,0.0953298881649971
6932,1,1,5.131220746079634e-07,0.9999988079071045,1.5145612053402147e-07,4.4735543269780464e-07
6933,1,1,7.695071690250188e-05,0.999913215637207,2.5537083274684846e-06,7.224746241263347e-06
6934,2,2,0.0005727971438318491,1.534925468149595e-05,0.9993739724159241,3.79262346541509e-05
6935,0,0,0.999998927116394,2.1265388738811453e-07,3.8144474956425256e-07,5.295022447171505e-07
6936,3,3,0.0003180139174219221,1.5361533201030397e-07,0.45262831449508667,0.5470535159111023
6937,2,2,0.0005290082772262394,1.535730973500904e-07,0.7588082551956177,0.2406625747680664
6938,2,2,0.001351135433651507,0.0009280489757657051,0.7457033395767212,0.25201743841171265
6939,1,1,6.941921242287208e-07,0.9999991655349731,6.4382050801725654e-09,8.63943014905999e-08
6940,2,2,0.0010120923398062587,6.670600782854308e-07,0.9932089447975159,0.005778355058282614
6941,1,1,1.816862823034171e-05,0.9999563694000244,1.7354310330119915e-05,8.06365642347373e-06
6942,0,0,0.9958256483078003,3.010738146258518e-05,3.6692970752483234e-05,0.004107617773115635
6943,3,3,1.3852742085873615e-05,1.3318290825736767e-07,0.08998389542102814,0.9100021123886108
6944,1,1,2.092778231599368e-06,0.9999978542327881,1.7572316865499538e-11,2.0554889346158234e-08
6945,0,0,0.9999998807907104,2.550146094293382e-09,1.4316466234731706e-08,1.601439123533055e-07
6946,0,0,0.999646782875061,4.873244918712771e-09,0.0002833543985616416,6.988615496084094e-05
6947,2,2,4.061156687384937e-06,2.8574631549815876e-09,0.9827110171318054,0.017284920439124107
6948,0,0,0.9999996423721313,2.703915136237356e-08,1.9251508831530373e-07,9.035952075464593e-08
6949,0,0,0.9994810223579407,6.939926242921501e-05,0.0004164334968663752,3.320283940411173e-05
6950,2,2,0.025053124874830246,0.20642264187335968,0.7354023456573486,0.03312182426452637
6951,3,0,0.725203812122345,0.25805172324180603,0.0010931275319308043,0.01565135456621647
6952,0,0,0.999826967716217,1.0882062184691677e-07,0.00016560226504225284,7.449575605278369e-06
6953,3,3,4.3133906729053706e-05,8.127682349368115e-07,0.0006637484766542912,0.999292254447937
6954,2,2,5.984295785310678e-05,1.1420972896303283e-06,0.999609649181366,0.00032943717087619007
6955,1,1,0.0014609480276703835,0.9958174824714661,0.00251663732342422,0.00020492385374382138
6956,3,3,3.7676363717764616e-06,3.012661977663811e-07,0.02543908916413784,0.9745568037033081
6957,3,3,0.00012436289398465306,1.918774694686931e-09,0.007413540501147509,0.9924620985984802
6958,3,3,1.3780445442534983e-06,9.210724272179505e-08,0.026892641559243202,0.9731059074401855
6959,2,0,0.8017595410346985,0.006090158596634865,0.1901681274175644,0.0019821494352072477
6960,0,0,0.9994361996650696,6.393771400325932e-06,0.0005188283394090831,3.8498306821566075e-05
6961,2,2,8.838441135594621e-05,3.8411386071857123e-07,0.9999004602432251,1.080889705917798e-05
6962,0,0,0.9540687203407288,0.0068823592737317085,0.03384972736239433,0.005199200939387083
6963,1,1,3.521231519698631e-06,0.9999961853027344,2.0555337698624498e-07,9.569500036832324e-08
6964,0,0,0.9999245405197144,3.8958933856747535e-08,6.949769158381969e-05,5.90923082199879e-06
6965,0,2,0.1708374172449112,1.94061085494468e-05,0.6968230605125427,0.13232013583183289
6966,2,2,0.0011448758887127042,1.0688813745218795e-05,0.995686411857605,0.00315802451223135
6967,0,0,0.9997313618659973,7.632321441519707e-09,0.00023522104311268777,3.3370437449775636e-05
6968,3,3,0.0019050672417506576,1.615373093954986e-06,4.976432683179155e-05,0.9980435371398926
6969,2,2,0.00020858099742326885,1.4042434770544787e-08,0.9973716735839844,0.0024197250604629517
6970,2,2,0.15518832206726074,3.506262873997912e-05,0.8042343258857727,0.04054223373532295
6971,3,3,3.405918391763407e-08,4.9288765069377405e-08,0.003619794500991702,0.9963801503181458
6972,3,3,0.0006714321207255125,1.8450712957474025e-08,0.005248659290373325,0.9940798878669739
6973,0,2,0.053446829319000244,7.957427442306653e-05,0.8876661062240601,0.05880752578377724
6974,2,2,8.697733733242785e-07,1.8231446907712723e-10,0.9999934434890747,5.675670763594098e-06
6975,3,3,0.0020038196817040443,2.4557400593039347e-06,0.0011098956456407905,0.9968838095664978
6976,0,0,0.9990062117576599,0.00041901585063897073,2.396736636001151e-05,0.0005508037284016609
6977,1,1,0.0009608064428903162,0.9983606934547424,1.4589604688808322e-06,0.0006771121989004314
6978,1,1,2.3732077636395843e-07,0.9999988079071045,1.0488354185156368e-08,9.961951263903757e-07
6979,1,1,0.006047931034117937,0.9922802448272705,0.0015774111961945891,9.441802103538066e-05
6980,2,0,0.5020418763160706,0.014874196611344814,0.4509240388870239,0.03215993940830231
6981,2,3,0.1892016977071762,2.96424677799223e-05,0.10575656592845917,0.7050120830535889
6982,2,2,2.5433241717109922e-06,3.749133611563593e-06,0.9979159235954285,0.002077851677313447
6983,0,0,0.9989068508148193,2.5656336219981313e-06,7.119171641534194e-06,0.0010834445711225271
6984,3,3,0.0016006407095119357,0.00016304748714901507,0.0010447432287037373,0.9971914887428284
6985,0,0,0.9960665106773376,1.232970021192159e-06,0.003590384731069207,0.00034188522840850055
6986,2,2,1.6026322100515245e-06,1.669729243758411e-09,0.9999784231185913,2.002093788178172e-05
6987,0,0,0.9616619348526001,5.36168045073282e-07,0.00044807090307585895,0.03788944333791733
6988,1,1,0.00030515799880959094,0.9996765851974487,1.338431320618838e-05,4.833836101170164e-06
6989,2,2,0.0026644221507012844,1.9304560794353165e-07,0.995858371257782,0.0014769404660910368
6990,0,0,0.9573528170585632,0.00019994983449578285,0.002822211943566799,0.03962496295571327
6991,3,2,0.00021347019355744123,2.6444775258482878e-08,0.8479808568954468,0.15180563926696777
6992,3,2,0.00021675963944289833,3.865248800138943e-06,0.6208136677742004,0.3789657652378082
6993,2,2,0.003573482856154442,1.1034354656658252e-06,0.8770891427993774,0.11933628469705582
6994,1,1,3.0497096759063425e-06,0.9999943971633911,1.7935150253833854e-07,2.340615992579842e-06
6995,1,1,0.22280283272266388,0.7582887411117554,0.0034798081032931805,0.01542860921472311
6996,2,2,0.00019284090376459062,1.5497639651584905e-06,0.992396891117096,0.0074087572284042835
6997,2,2,0.0018689187709242105,2.5633846234995872e-05,0.9862200021743774,0.011885412968695164
6998,0,0,0.9989134073257446,4.471561609875607e-08,0.00012075848644599319,0.0009658155031502247
6999,3,3,9.375911247389013e-08,2.1252387349957047e-10,5.892515764571726e-05,0.9999409914016724
7000,3,3,3.3445507142459974e-05,5.872480869584251e-06,0.06059212237596512,0.9393686652183533
7001,2,2,0.06860477477312088,0.00020819024939555675,0.699307382106781,0.23187969624996185
7002,3,3,6.769739115952689e-07,2.4062654802037287e-07,0.03339843079447746,0.9666006565093994
7003,3,3,9.096155736187939e-06,3.6653975410416706e-09,9.13267649593763e-05,0.9998996257781982
7004,3,3,0.04862077906727791,2.2073959371482488e-06,2.006280374189373e-05,0.9513569474220276
7005,2,2,0.000527774216607213,8.624932888778858e-06,0.9993584752082825,0.00010511559230508283
7006,1,1,4.2536739783827215e-06,0.9999769926071167,7.970423212100286e-06,1.0746735824795906e-05
7007,1,1,0.17663134634494781,0.822475790977478,9.235422112396918e-06,0.0008835496264509857
7008,2,2,0.034877654165029526,0.08211944997310638,0.8720602989196777,0.010942582972347736
7009,1,1,3.1026368105813162e-06,0.9999959468841553,2.1289493190579378e-07,6.829004064456967e-07
7010,1,1,9.624550330045167e-06,0.9999808073043823,1.4513697124129976e-06,8.088391950877849e-06
7011,1,1,0.0020990909542888403,0.9978073239326477,1.8339098915021168e-06,9.170453995466232e-05
7012,1,1,0.0007095886394381523,0.9991999268531799,3.287691288278438e-05,5.765468449681066e-05
7013,2,3,0.002829186385497451,0.0007164738490246236,0.38776975870132446,0.6086846590042114
7014,3,3,0.0026208385825157166,0.0004616121295839548,0.00276404176838696,0.9941535592079163
7015,3,3,0.12731586396694183,1.9008830065558868e-08,0.030120834708213806,0.842563271522522
7016,1,1,0.3195857107639313,0.6685271859169006,0.007626210805028677,0.004260864574462175
7017,0,3,0.32335856556892395,6.339913670672104e-05,0.0007153924088925123,0.6758626699447632
7018,0,0,0.9893252849578857,1.1061277291446459e-05,0.005773344077169895,0.004890311509370804
7019,1,1,3.058173092540528e-07,0.9999995231628418,1.2800931870060595e-07,2.5670265912935974e-08
7020,2,2,1.5854773209866835e-06,2.527083324821433e-07,0.9997374415397644,0.00026078251539729536
7021,0,0,0.9999046325683594,1.5832553117434145e-06,5.005903949495405e-05,4.37621129094623e-05
7022,0,0,0.9833782911300659,8.776801792009792e-07,0.010496197268366814,0.006124610546976328
7023,3,3,0.0005150188808329403,3.6890894534735708e-06,0.043371617794036865,0.9561097025871277
7024,0,0,0.984891414642334,0.00010649011528585106,0.014787347055971622,0.0002147598861483857
7025,0,0,0.9896551370620728,3.912256215699017e-05,0.0010049863485619426,0.0093007180839777
7026,2,2,3.42717939929571e-05,3.6442713735596044e-08,0.9999572038650513,8.40177290228894e-06
7027,3,3,0.0013751358492299914,6.660050712525845e-05,6.728831976943184e-06,0.9985515475273132
7028,2,2,5.811924438603455e-06,1.2302792811169638e-06,0.9998525381088257,0.00014031030877958983
7029,0,0,0.9999969005584717,1.5927533922877046e-06,7.110900810403109e-07,8.314968340528139e-07
7030,2,1,0.07827521860599518,0.7768019437789917,0.09764953702688217,0.04727332666516304
7031,3,3,0.2499324232339859,0.02630966156721115,0.00023977080127224326,0.7235181927680969
7032,0,0,0.4606499671936035,0.00044799584429711103,0.19177570939064026,0.3471262753009796
7033,2,2,0.00146737159229815,5.545312160393223e-05,0.8874644637107849,0.11101271957159042
7034,0,0,0.9991697072982788,3.9427780507139687e-07,0.0005564612220041454,0.00027343808324076235
7035,3,3,0.0003338166861794889,2.5916337108355947e-05,0.0027173275593668222,0.9969229102134705
7036,3,3,0.0665300115942955,1.2899255885656657e-08,0.0514228418469429,0.882047176361084
7037,0,0,0.9935848116874695,1.4089426940699923e-06,0.00048001896357163787,0.005933757871389389
7038,3,3,0.0003169807605445385,1.1843967646918419e-12,0.0004754394176416099,0.9992075562477112
7039,2,2,0.0005461911205202341,1.5114627785806078e-05,0.9984526634216309,0.0009860290447250009
7040,3,3,0.0058907270431518555,0.0008441517711617053,0.0022484827786684036,0.9910166263580322
7041,0,0,0.9574325084686279,0.00014811306027695537,0.03852866590023041,0.0038907364942133427
7042,2,2,0.007600490935146809,4.527578767010709e-06,0.9915278553962708,0.0008671610848978162
7043,2,2,0.11300739645957947,6.995763328632165e-07,0.8862226605415344,0.0007692138315178454
7044,3,3,0.03924332931637764,1.258981410501292e-05,3.7240788515191525e-05,0.960706889629364
7045,2,2,6.608181865885854e-05,6.24400058768515e-07,0.9986740350723267,0.0012593066785484552
7046,2,2,6.178140756674111e-05,2.0777868485311046e-05,0.9781604409217834,0.021756963804364204
7047,1,1,2.905585915868869e-06,0.9999963045120239,8.908211412972378e-08,6.890986696816981e-07
7048,3,3,3.2175041297932694e-08,3.7025486843145217e-11,0.0013281488791108131,0.9986718893051147
7049,3,3,0.0057696145959198475,2.4489318906084634e-10,0.05690205469727516,0.9373283386230469
7050,2,2,1.7172291336464696e-05,1.1277021094713291e-08,0.999981164932251,1.640836103433685e-06
7051,2,3,0.0023881574161350727,0.0003623784868977964,0.1062287911772728,0.8910205960273743
7052,3,3,3.930197635781951e-06,2.4474164916910013e-08,0.00012545242498163134,0.9998706579208374
7053,0,0,0.9999065399169922,5.805321112717365e-09,8.869534212863073e-05,4.772092779603554e-06
7054,3,3,3.8100904475868447e-07,1.0626770574617694e-08,1.8203407307737507e-05,0.9999814033508301
7055,3,3,1.168433527709567e-06,3.4231402157303137e-09,4.9670365115161985e-05,0.9999492168426514
7056,2,2,0.0010109069989994168,9.882886615741882e-07,0.9982035160064697,0.0007846103399060667
7057,2,2,0.0003442657762207091,1.6699185323432175e-07,0.9995052814483643,0.00015029656060505658
7058,0,0,0.9999258518218994,1.8482737118574732e-08,1.5530125892837532e-05,5.867736035725102e-05
7059,3,0,0.7673528790473938,0.001339320675469935,0.0008189277141354978,0.23048889636993408
7060,3,3,0.00028226961148902774,3.313473644084297e-05,5.692177001037635e-05,0.9996277093887329
7061,2,3,0.13524703681468964,0.007431438192725182,0.19873282313346863,0.658588707447052
7062,3,3,4.969510337105021e-05,5.567991401278505e-09,8.200419688364491e-05,0.9998682737350464
7063,0,0,0.9969184398651123,2.1216366974385892e-07,0.0009805930312722921,0.0021008262410759926
7064,1,1,7.279390410985798e-05,0.9999097585678101,2.2534480592639738e-07,1.7147400285466574e-05
7065,0,0,0.9041506052017212,2.0701854452909174e-08,0.08245144784450531,0.013397927395999432
7066,1,1,4.280300800019177e-06,0.9999953508377075,3.3132441235039778e-09,3.8539315028174315e-07
7067,3,3,0.00016662097186781466,1.0434467734299346e-09,5.8315803471487015e-05,0.9997751116752625
7068,3,2,4.727405951143737e-07,2.0836256226175465e-05,0.9992308616638184,0.0007478317129425704
7069,1,1,3.684307012008503e-05,0.9995635151863098,1.9854702770771837e-08,0.00039959928835742176
7070,2,2,0.05763135105371475,0.009520481340587139,0.9317638278007507,0.0010844336356967688
7071,0,0,0.999488115310669,1.0134095646208152e-05,4.6332203851306986e-07,0.0005012972396798432
7072,1,3,0.009124665521085262,0.17094190418720245,0.01786869578063488,0.8020647764205933
7073,0,2,0.4029483199119568,6.784066499676555e-05,0.5886572003364563,0.008326630108058453
7074,2,2,0.06044783443212509,6.632173153775511e-06,0.9017231464385986,0.037822384387254715
7075,2,2,0.05663396045565605,1.2624698229046771e-06,0.942479133605957,0.000885642773937434
7076,0,2,0.130328968167305,0.0004302140441723168,0.8563767075538635,0.012864088639616966
7077,0,0,0.9919562339782715,0.008004290983080864,2.1603311324724928e-05,1.776160570443608e-05
7078,1,1,7.691077189520001e-05,0.9998679161071777,9.944886187440716e-06,4.52059211966116e-05
7079,0,0,0.9993645548820496,6.686769893349265e-07,0.0005822954117320478,5.240604150458239e-05
7080,2,2,0.004722937475889921,0.00015293060278054327,0.9819515943527222,0.013172592036426067
7081,2,3,0.016003381460905075,0.002513538347557187,0.1367361843585968,0.8447468876838684
7082,2,2,3.952760380343534e-05,0.00011822255328297615,0.9945147037506104,0.005327676422894001
7083,3,2,0.002364044776186347,0.0016857204027473927,0.6908995509147644,0.30505067110061646
7084,3,3,0.00013770759687758982,8.784540739270597e-08,3.667528653750196e-05,0.9998255372047424
7085,1,1,7.366637146333233e-05,0.9998106360435486,5.1382612582528964e-05,6.432977534132078e-05
7086,0,0,0.9999653100967407,1.194577237129124e-07,2.682559897948522e-05,7.717524567851797e-06
7087,0,0,0.9997902512550354,1.5515790437348187e-05,0.00019115523900836706,3.0452513328782516e-06
7088,1,1,0.00043378298869356513,0.9995409250259399,9.340689757664222e-06,1.6026195226004347e-05
7089,3,3,0.0020699703600257635,1.6129055438796058e-05,0.007708319462835789,0.9902054667472839
7090,1,1,0.0083881551399827,0.98687344789505,0.002714499831199646,0.0020238214638084173
7091,0,0,0.9993873834609985,0.00010138289508176968,0.00024395406944677234,0.0002671725524123758
7092,3,3,0.0290199127048254,2.1888188257435104e-06,0.000513673759996891,0.9704641699790955
7093,3,3,0.004529763478785753,3.882623332174262e-06,0.0014905058778822422,0.993975818157196
7094,1,1,1.714707764222112e-06,0.9999982118606567,6.306056832272589e-08,3.6257477020740225e-09
7095,1,1,0.23335620760917664,0.7663838863372803,5.728651012759656e-05,0.00020266415958758444
7096,3,3,0.00011662905308185145,2.796599574139691e-07,0.0006441998993977904,0.9992389678955078
7097,3,3,0.0011139351408928633,9.89153195405379e-05,0.005002579186111689,0.9937845468521118
7098,2,2,7.173776248237118e-05,1.8618950434756698e-06,0.999721109867096,0.00020521727856248617
7099,0,0,0.9997007846832275,9.747792546477285e-07,0.00012876256369054317,0.00016952111036516726
7100,2,2,0.006172697525471449,0.0006764663266949356,0.918446958065033,0.07470390945672989
7101,0,0,0.9999955892562866,2.3166980156474892e-07,2.902692585848854e-06,1.2771913588949246e-06
7102,3,3,0.00039332936285063624,0.00018615977023728192,0.07519324123859406,0.924227237701416
7103,2,2,0.0004410661931615323,0.0015870626084506512,0.8925989270210266,0.10537301003932953
7104,2,2,6.825744640082121e-05,3.010643240486388e-06,0.9998427629470825,8.59294377733022e-05
7105,1,1,1.2139801583543885e-05,0.999984860420227,6.136433512438089e-07,2.4069781829894055e-06
7106,2,2,9.658785529609304e-06,1.7402400942501117e-07,0.9997702240943909,0.00021992939582560211
7107,1,1,4.7112428092077607e-07,0.9999970197677612,2.402588279437623e-06,9.161608716112823e-08
7108,2,2,0.029268503189086914,0.002652048133313656,0.704541027545929,0.2635383903980255
7109,2,2,0.0011868898291140795,4.3330342691660917e-07,0.9959391355514526,0.0028735885862261057
7110,0,0,0.9661673307418823,4.024180270789657e-06,0.02552894502878189,0.008299758657813072
7111,3,3,0.009480340406298637,1.4166993196340627e-06,0.030646108090877533,0.9598721861839294
7112,3,3,0.01764124073088169,0.0004893479635939002,0.36509236693382263,0.6167771220207214
7113,1,1,0.025862742215394974,0.9694986939430237,0.0036114270333200693,0.001027128892019391
7114,2,2,6.762828888895456e-06,3.646863433459657e-08,0.9999223947525024,7.082502997945994e-05
7115,2,2,0.034698933362960815,0.00013931735884398222,0.7733420133590698,0.1918196678161621
7116,2,2,0.006075655575841665,7.148719760152744e-06,0.9935324192047119,0.0003847665211651474
7117,2,2,0.00012696273915935308,4.62015850644093e-05,0.9991952776908875,0.0006315252394415438
7118,0,0,0.9997316002845764,3.077320116062765e-06,9.807886817725375e-05,0.00016726614558137953
7119,2,2,0.00018135721620637923,1.0800629297591513e-06,0.9996641874313354,0.00015337708464358002
7120,3,3,2.8923816444148542e-06,2.157318101936312e-09,0.013573098927736282,0.9864240288734436
7121,2,2,2.5053246645256877e-05,2.932670213340316e-06,0.9897569417953491,0.010215092450380325
7122,3,3,0.05728764086961746,3.0538336432073265e-05,0.10407193750143051,0.8386098742485046
7123,1,1,0.00010841474431799725,0.9906944036483765,0.008777312003076077,0.0004197895177640021
7124,2,2,0.000663291197270155,0.0012294033076614141,0.9892510771751404,0.008856133557856083
7125,3,3,8.755262570048217e-06,6.18125781670642e-08,0.018604645505547523,0.9813864827156067
7126,3,3,0.0031928501557558775,7.947684252940235e-07,0.0025570036377757788,0.9942493438720703
7127,1,1,0.004841333720833063,0.9928818941116333,5.043349347033654e-07,0.0022762755397707224
7128,1,1,2.037143758570892e-06,0.9999924898147583,5.342483291315148e-06,6.181469558441677e-08
7129,3,3,6.115412247709173e-07,6.987915801559552e-11,0.006939997430890799,0.9930593967437744
7130,2,2,0.00046212837332859635,6.260845566430362e-06,0.9994986057281494,3.2894171454245225e-05
7131,2,2,0.1415908932685852,0.007380716968327761,0.8470055460929871,0.004022790119051933
7132,0,0,0.9458270072937012,1.4028026953383232e-06,0.004430846311151981,0.049740832298994064
7133,0,0,0.9910148978233337,1.6348632925655693e-05,0.0009282823884859681,0.008040409535169601
7134,2,2,0.00014976222882978618,9.672097576185479e-07,0.9227500557899475,0.07709923386573792
7135,2,2,0.0009173794533126056,0.0031075491569936275,0.9944000840187073,0.0015750214224681258
7136,3,3,0.0011434364132583141,2.2819654986960813e-05,0.0012932957615703344,0.9975404739379883
7137,0,0,0.9469466209411621,1.2121671488785069e-06,6.344342546071857e-05,0.052988748997449875
7138,1,1,1.0564169315330219e-05,0.9998698234558105,1.987673567782622e-05,9.975305147236213e-05
7139,3,3,8.207512291846797e-05,2.825539446860148e-08,8.084572073130403e-06,0.9999098777770996
7140,0,0,0.9980809688568115,0.00014872978499624878,0.0003356475499458611,0.001434614765457809
7141,1,1,0.0027329856529831886,0.9966213703155518,0.0005241235485300422,0.00012157918536104262
7142,1,1,6.397383458534023e-07,0.9999966621398926,1.4646243471361231e-06,1.1846170764329145e-06
7143,1,1,4.836277867070748e-07,0.9999960660934448,1.1527144749834406e-07,3.279419843238429e-06
7144,0,0,0.68541020154953,0.0038945802953094244,0.05558827519416809,0.25510692596435547
7145,0,0,0.9966775178909302,0.0004946487606503069,0.0011712429113686085,0.0016566028352826834
7146,2,2,0.0007032405119389296,2.9650461641494985e-08,0.9685696363449097,0.03072703815996647
7147,3,3,2.0870140360784717e-05,1.717561133318668e-07,0.005989874713122845,0.993989109992981
7148,3,2,6.510211824206635e-05,4.1247184867643227e-07,0.9958339929580688,0.004100521560758352
7149,1,1,0.0025484769139438868,0.9968731999397278,0.0002812006860040128,0.0002971181529574096
7150,1,1,4.130383786105085e-07,0.9999778270721436,2.1503114112420008e-05,2.463649479977903e-07
7151,1,1,1.0762438250822015e-05,0.999394416809082,0.0005728427786380053,2.1892103177378885e-05
7152,1,1,0.00013770986697636545,0.9998581409454346,1.8650862330105156e-06,2.220333044533618e-06
7153,1,1,5.734128762924229e-07,0.9999927282333374,3.183101853210246e-06,3.419098675294663e-06
7154,3,3,1.90616205486549e-07,1.3788978847628641e-08,2.865021428988257e-07,0.9999995231628418
7155,1,1,8.111965144053102e-08,0.9999985694885254,1.295460947403626e-06,3.3280009859026904e-08
7156,1,1,6.4294713411072735e-06,0.9999935626983643,6.144775710481554e-08,2.3959236372661508e-08
7157,3,0,0.577022135257721,0.00023657044221181422,0.11006816476583481,0.3126731812953949
7158,2,2,0.00039651093538850546,4.85844748254749e-06,0.9944736361503601,0.005124950781464577
7159,0,0,0.9999878406524658,3.464601604719064e-06,1.639866979985527e-07,8.631222044641618e-06
7160,1,1,2.483618573023705e-06,0.9999972581863403,2.7134524316352326e-07,3.491617661666169e-08
7161,1,1,1.1612030903052073e-05,0.9999706745147705,1.3490991477738135e-05,4.140831606491702e-06
7162,1,1,1.7291176845901646e-07,0.9999997615814209,4.796771690962487e-08,4.1383891868918e-08
7163,0,0,0.9705029129981995,5.257441898720572e-06,0.003794660558924079,0.02569720707833767
7164,1,2,0.005941217765212059,0.09719192981719971,0.8935502767562866,0.003316520946100354
7165,1,1,0.00017327249224763364,0.9991015195846558,2.2805244952905923e-05,0.0007024480146355927
7166,1,1,0.00015001723659224808,0.999735414981842,0.00010148050205316395,1.3056956049695145e-05
7167,0,0,0.9999960660934448,7.503495424998619e-08,2.378302724537207e-06,1.4386228031071369e-06
7168,1,0,0.5648706555366516,0.41743212938308716,4.71609782835003e-05,0.017650045454502106
7169,1,1,5.8301433455199e-05,0.9999158382415771,2.3943202904774807e-05,1.9015734551430796e-06
7170,0,0,0.9999990463256836,4.094106387242391e-08,4.412044063428766e-07,4.1014007479134307e-07
7171,0,0,0.998028576374054,0.00032807275420054793,6.269336881814525e-05,0.0015806661685928702
7172,0,0,0.9999852180480957,9.305023240813171e-07,5.1767759856602424e-08,1.384043298457982e-05
7173,2,2,0.0026821650099009275,0.0023621325381100178,0.9503839015960693,0.044571876525878906
7174,1,1,4.964683830621652e-05,0.999908447265625,2.8116643079556525e-05,1.3860597391612828e-05
7175,1,1,0.011188331991434097,0.9878943562507629,0.0007300782017409801,0.00018722497043199837
7176,0,0,0.9999923706054688,2.172920593457306e-10,9.817397312872345e-07,6.62397997075459e-06
7177,3,3,4.3386040488258004e-05,5.300715656630928e-06,0.06355065852403641,0.9364007115364075
7178,0,0,0.9797263145446777,0.0004458030452951789,0.007197816390544176,0.012630080804228783
7179,0,0,0.9993340373039246,7.973454557941295e-06,1.550360866531264e-05,0.0006425243918783963
7180,0,0,0.9995706677436829,1.3885472753827344e-06,0.000315600453177467,0.00011229741357965395
7181,2,2,0.017167838290333748,0.0011318487813696265,0.9768026471138,0.004897760692983866
7182,1,1,0.0015877685509622097,0.9972147345542908,0.0004952903254888952,0.0007022015051916242
7183,1,1,4.0718609852774534e-06,0.9999818801879883,5.607717866951134e-06,8.487313607474789e-06
7184,1,1,3.911104329290538e-07,0.9999995231628418,4.134269815381231e-08,3.726462693975918e-08
7185,1,1,2.454371781368536e-07,0.9999995231628418,2.324811987364228e-07,8.944584628522989e-09
7186,1,1,0.004612949211150408,0.9925068020820618,0.001810599584132433,0.001069661695510149
7187,0,0,0.9998461008071899,3.141576598864049e-05,9.054987458512187e-05,3.182643195032142e-05
7188,1,1,0.0001936754706548527,0.9995740056037903,0.00021852365171071142,1.3822173968947027e-05
7189,2,2,0.02469649538397789,0.001471599331125617,0.9465324878692627,0.027299443259835243
7190,1,1,1.3664601965501788e-06,0.9999983310699463,3.155748515837331e-07,3.209957810668129e-08
7191,1,1,0.00028589440626092255,0.9989946484565735,0.0007143207476474345,5.122859874973074e-06
7192,1,1,4.0518187915949966e-07,0.9999995231628418,3.808290571782891e-08,1.5978715017794798e-09
7193,1,1,2.462055226359894e-09,1.0,8.345436341983259e-09,6.779371286569358e-09
7194,3,3,0.0036426237784326077,1.1679971656519683e-08,0.0007781171007081866,0.995579183101654
7195,0,0,0.9999912977218628,3.5197689385313424e-07,6.411057711375179e-06,1.954520030267304e-06
7196,1,1,1.8484097585869108e-09,1.0,3.3558207324091427e-09,1.4839740991590133e-08
7197,0,0,1.0,8.485511848732585e-09,3.342459109489937e-08,4.190735580777982e-08
7198,0,0,0.8193845152854919,0.07542306929826736,0.001964474795386195,0.10322786122560501
7199,1,1,1.7987211322179064e-05,0.9999812841415405,3.777288171136206e-08,7.371654078269785e-07
7200,0,0,0.9999815225601196,7.400267509893865e-09,1.635575608815998e-05,2.0790143935300875e-06
7201,1,1,0.00026792543940246105,0.9996531009674072,6.952834519324824e-05,9.43967552302638e-06
7202,3,3,8.865933341439813e-05,1.3524433484235487e-07,0.09484785050153732,0.9050633907318115
7203,0,0,0.9695368409156799,0.00010122811363544315,0.02727033570408821,0.0030915639363229275
7204,2,2,1.132377519752481e-06,2.2352956818849634e-07,0.9999384880065918,6.021817171131261e-05
7205,3,3,1.1799847925431095e-05,2.4921218422235825e-09,0.011608747765421867,0.9883794784545898
7206,3,3,3.1172330636763945e-05,4.842207204092119e-07,9.900203679080732e-08,0.9999682903289795
7207,3,3,0.007991857826709747,0.0003628393169492483,0.32790637016296387,0.6637388467788696
7208,0,0,0.9975384473800659,1.5249147509166505e-06,0.0002797094639390707,0.0021803395356982946
7209,2,2,0.0019072596915066242,3.680608278955333e-05,0.5556678771972656,0.4423880875110626
7210,2,3,0.005367306061089039,0.000633325194939971,0.49574902653694153,0.4982503056526184
7211,1,1,3.6707692743220832e-06,0.999993085861206,3.882612897854187e-09,3.1695446978119435e-06
7212,1,1,5.005655111745e-05,0.9999493360519409,1.653226178177647e-07,5.344660394257517e-07
7213,1,1,3.697885767905973e-05,0.9999606609344482,1.135618845182762e-06,1.1793194971687626e-06
7214,2,2,0.0053657363168895245,2.7613277779892087e-06,0.9945029020309448,0.00012855115346610546
7215,3,1,0.020336640998721123,0.5372689366340637,0.383725106716156,0.0586693175137043
7216,2,2,0.04757317528128624,9.107188816415146e-05,0.9176973104476929,0.034638412296772
7217,2,2,0.010577533394098282,0.0003814408555626869,0.8401052355766296,0.1489357203245163
7218,1,1,0.0004843731294386089,0.9989439845085144,5.3248204494593665e-05,0.0005184175679460168
7219,0,0,0.8711887001991272,0.02041454240679741,0.023562852293252945,0.08483383804559708
7220,0,0,0.9742051959037781,0.0074140336364507675,0.01692879945039749,0.0014520370168611407
7221,1,1,5.2821360441157594e-05,0.9999167919158936,1.004085333988769e-05,2.037616286543198e-05
7222,1,1,0.001011230400763452,0.9733606576919556,0.002310611540451646,0.02331751398742199
7223,2,2,0.012715008109807968,0.0012782783014699817,0.9849564433097839,0.001050289487466216
7224,0,0,0.961421012878418,0.0006362966960296035,0.03595521301031113,0.0019875059369951487
7225,0,0,0.968122124671936,0.010192547924816608,0.0033882700372487307,0.01829700358211994
7226,0,0,0.9999961853027344,3.261035175228244e-08,2.8768029096681857e-06,9.398851830155763e-07
7227,2,2,0.08103590458631516,9.731309091876028e-07,0.9177141189575195,0.0012490095105022192
7228,2,0,0.9999252557754517,2.9119107125552546e-07,1.3768711141892709e-05,6.061088424758054e-05
7229,0,0,0.9493879675865173,0.00029470090521499515,0.028983717784285545,0.02133355848491192
7230,2,2,0.0019563520327210426,0.0002481475530657917,0.996865451335907,0.0009299750672653317
7231,3,3,4.93282095703762e-06,1.1844201175392755e-08,0.00680845882743597,0.9931865930557251
7232,1,1,0.00016830366803333163,0.9997993111610413,1.4081924746278673e-05,1.8317050489713438e-05
7233,2,2,0.0004586630966514349,7.919999916339293e-06,0.999381422996521,0.0001520102086942643
7234,1,1,1.4498886002911604e-06,0.9999983310699463,1.9460606459631435e-09,2.3033827289964393e-07
7235,1,1,1.7206615154918836e-07,0.9999991655349731,7.098057608345698e-07,2.9460636596922996e-08
7236,2,2,0.0040058265440166,0.09409662336111069,0.8861122131347656,0.01578536257147789
7237,0,0,0.9998617172241211,2.0244153020598787e-08,0.0001249993802048266,1.3259555998956785e-05
7238,0,1,0.0003259824006818235,0.9996665716171265,5.203181444812799e-06,2.2935657852940494e-06
7239,0,0,0.5012110471725464,2.267719537485391e-05,0.13115209341049194,0.36761417984962463
7240,2,2,0.06137247383594513,0.0004697246477007866,0.903696596622467,0.03446114808320999
7241,2,3,3.143138201266993e-06,4.239108974957162e-08,0.23741067945957184,0.7625861763954163
7242,2,2,2.1933741663815454e-05,7.999512308742851e-05,0.9877157807350159,0.012182310223579407
7243,1,1,3.525626743794419e-05,0.999962329864502,1.5427762036779313e-06,7.877520715737774e-07
7244,0,0,0.9999806880950928,5.924917445554456e-08,1.7137665054178797e-05,2.0755023797391914e-06
7245,0,0,0.9999940395355225,1.0893854778259993e-06,3.66131551743365e-08,4.825112227990758e-06
7246,3,3,5.689998943125829e-06,4.97911822883168e-10,0.0003042185853701085,0.999690055847168
7247,3,3,0.04394960030913353,0.0001738565188134089,0.08679816871881485,0.8690783977508545
7248,0,0,0.9967505931854248,0.0008597325650043786,1.1235471902182326e-05,0.0023784099612385035
7249,2,2,0.0007964835385791957,3.292118708486669e-05,0.9978896975517273,0.0012808928731828928
7250,2,2,3.911380917998031e-05,1.5450207513367786e-07,0.9996180534362793,0.0003426644834689796
7251,2,2,0.0003220558864995837,2.296440834470559e-05,0.9995511174201965,0.00010383214248577133
7252,0,0,0.9990052580833435,1.748852082528174e-05,0.0007782483007758856,0.0001990656164707616
7253,0,0,0.9999438524246216,1.8570796100902953e-06,4.496555629884824e-05,9.372434760734905e-06
7254,1,1,0.10166581720113754,0.8937769532203674,0.0013792543904855847,0.0031779338605701923
7255,3,3,1.0192598892899696e-05,1.4319221008918248e-07,0.01952316425740719,0.9804665446281433
7256,0,0,0.9682503342628479,1.913975938805379e-05,0.03157588467001915,0.00015464465832337737
7257,0,0,0.9998785257339478,2.2755649808914313e-07,0.00011507926683407277,6.246892098715762e-06
7258,2,2,0.030984042212367058,2.714688889682293e-05,0.5930511951446533,0.3759375810623169
7259,2,2,0.000193372048670426,0.0002815033367369324,0.9775369167327881,0.02198825217783451
7260,3,3,4.7022732019286195e-07,2.7423485704503037e-09,0.0009988562669605017,0.9990007281303406
7261,1,1,0.0031078269239515066,0.9936254024505615,0.0017966005252674222,0.0014701372710987926
7262,3,3,0.0018190561095252633,0.06912562996149063,0.35079699754714966,0.5782583951950073
7263,2,2,0.011289257556200027,0.3623563349246979,0.546639084815979,0.0797152891755104
7264,0,0,1.0,3.8833150028949603e-08,6.099273086590529e-09,1.1542683253651376e-08
7265,2,2,0.0008124632877297699,3.4138992077714647e-07,0.9977776408195496,0.001409532967954874
7266,2,2,0.0037243771366775036,2.7737954951589927e-05,0.992287278175354,0.0039606522768735886
7267,0,0,0.9999257326126099,1.8019920278167234e-10,1.1099736184405629e-05,6.318334635579959e-05
7268,3,3,4.2413237679284066e-05,2.0065769490429375e-08,0.024555809795856476,0.9754016995429993
7269,1,1,3.363666323252801e-08,1.0,1.6090168086790868e-09,1.1748894079843808e-09
7270,3,2,3.958791421609931e-05,4.1844398879220535e-07,0.5999991297721863,0.3999609053134918
7271,3,3,0.004930405877530575,2.7790295007434906e-06,0.019272232428193092,0.9757945537567139
7272,3,3,0.00013396602298598737,1.0679026551940751e-09,1.803498344088439e-05,0.9998480081558228
7273,3,3,6.944690539967269e-05,2.0353207119683248e-08,0.01896151900291443,0.9809690713882446
7274,3,3,0.030430292710661888,0.0021132391411811113,0.028400752693414688,0.9390556812286377
7275,3,3,0.0001338580623269081,1.1581482795008924e-07,0.0007427905802614987,0.9991232752799988
7276,1,1,0.0001239394478034228,0.999871015548706,1.0678346740178313e-07,4.901363354292698e-06
7277,0,0,0.9996545314788818,2.9736875148955733e-05,0.0002947330358438194,2.0984491129638627e-05
7278,1,1,0.09764609485864639,0.3583153486251831,0.32672569155693054,0.21731285750865936
7279,1,1,0.04094488173723221,0.942987322807312,0.010661017149686813,0.0054067401215434074
7280,0,0,0.9993246793746948,0.0005896661896258593,6.129084795247763e-05,2.4393119019805454e-05
7281,1,1,3.308549878511258e-08,0.9999998807907104,1.0831569596803092e-07,6.471422286935535e-10
7282,2,2,0.0008124383166432381,0.001797405770048499,0.9960522651672363,0.0013378680450841784
7283,1,1,2.0024870082124835e-06,0.9999979734420776,4.5241751678304354e-08,2.09072670287469e-09
7284,0,0,0.999992847442627,1.0147022777573511e-08,6.560826477652881e-07,6.447924988606246e-06
7285,0,0,0.9994409680366516,1.228792712026916e-06,0.0004869569092988968,7.088029815349728e-05
7286,2,2,0.0017091066110879183,0.01914176717400551,0.9406266212463379,0.038522522896528244
7287,1,1,3.70753878087271e-06,0.9998606443405151,0.00011880581587320194,1.679196793702431e-05
7288,1,1,0.02592107281088829,0.9704437255859375,0.0028070127591490746,0.0008281427435576916
7289,1,1,7.179853867000929e-08,0.9999886751174927,2.1483024283952545e-06,9.012075679493137e-06
7290,2,3,0.004671207629144192,2.6801777494256385e-05,0.4747994840145111,0.5205024480819702
7291,3,3,0.010053839534521103,3.311847831355408e-05,0.0007976713823154569,0.9891153573989868
7292,0,0,0.9898185133934021,0.00030163885094225407,0.008518105372786522,0.0013617047807201743
7293,3,3,4.550296944216825e-05,2.0132694771746174e-05,0.060478176921606064,0.9394561648368835
7294,2,2,2.1773259504698217e-05,1.2779498348436391e-08,0.986230194568634,0.01374796126037836
7295,0,0,0.9999772310256958,1.6929772028717593e-09,1.9445749785518274e-05,3.3703008739394136e-06
7296,3,3,8.239081807914772e-07,1.0686971446682847e-10,9.692242201708723e-06,0.9999895095825195
7297,3,3,2.8113258849771228e-06,2.5984226326158932e-08,0.00011709708633134142,0.9998800754547119
7298,1,1,0.003612937405705452,0.9961997866630554,5.202594547881745e-05,0.00013526160910259932
7299,0,0,0.9795358777046204,6.3725715335749555e-06,0.0018853903748095036,0.01857236586511135
7300,2,2,0.009668093174695969,0.13186417520046234,0.8259711265563965,0.0324966125190258
7301,2,2,0.0012391406344249845,2.0250678062438965e-05,0.9975094795227051,0.0012310639722272754
7302,3,3,1.7461785546402098e-06,3.739170324479346e-07,1.258714655705262e-05,0.9999853372573853
7303,2,2,0.00026133490609936416,0.0001155056306743063,0.9595994353294373,0.04002368077635765
7304,3,3,0.018963713198900223,1.3450235201162286e-05,0.08653916418552399,0.8944836258888245
7305,3,2,0.18002848327159882,0.05962131544947624,0.6601814031600952,0.10016880929470062
7306,3,3,0.0013787357602268457,4.412856355884287e-07,0.11434874683618546,0.884272038936615
7307,3,3,6.0599260905291885e-05,4.637279857888643e-07,0.4939104914665222,0.5060284733772278
7308,1,1,2.4213536562456284e-06,0.9999113082885742,7.936266774777323e-05,6.865289378765738e-06
7309,2,2,9.332929380434507e-07,1.825467954574833e-08,0.999370276927948,0.0006288173608481884
7310,1,1,2.2840127712697722e-05,0.9999724626541138,4.193263066554209e-06,4.968260327586904e-07
7311,3,3,0.0001696174731478095,1.348465339390259e-08,0.008132648654282093,0.9916976690292358
7312,0,0,0.9998884201049805,1.6480867998325266e-05,6.154942093417048e-05,3.362244024174288e-05
7313,0,0,0.9968907237052917,9.856932592811063e-06,7.57791326577717e-07,0.0030987050849944353
7314,0,0,0.9316222667694092,0.0012887398479506373,0.04616686329245567,0.020922185853123665
7315,1,1,0.00014307747187558562,0.9998310804367065,2.1931266019237228e-05,3.920923063560622e-06
7316,1,1,0.0036379885859787464,0.9912546873092651,0.004616172052919865,0.0004911314463242888
7317,1,1,1.4823494609572663e-07,0.9999933242797852,5.701950613001827e-06,8.505021469318308e-07
7318,2,2,0.009448339231312275,0.0004449936095625162,0.9345368146896362,0.05556989833712578
7319,3,3,1.4212835139915114e-06,1.4597762998391772e-08,0.06105771288275719,0.9389409422874451
7320,0,0,0.999970555305481,4.327415581428795e-08,2.5926514354068786e-05,3.4791198686434655e-06
7321,2,2,0.030070964246988297,6.84452672317093e-08,0.9697000980377197,0.00022881886980030686
7322,3,3,0.09547976404428482,3.934143933292944e-06,0.06206019967794418,0.8424561619758606
7323,3,3,0.002947075990960002,1.425760387974151e-06,0.0020536838565021753,0.9949978590011597
7324,3,3,0.01072785910218954,0.0006400712300091982,0.4051917791366577,0.5834403038024902
7325,3,2,0.000436753558460623,1.0457864796364902e-08,0.7992413640022278,0.20032191276550293
7326,1,1,0.0001571405737195164,0.8840321898460388,0.0017994524678215384,0.11401127278804779
7327,0,0,0.9999802112579346,1.9671038131718888e-08,9.58736018219497e-06,1.0260333510814235e-05
7328,2,2,0.0006030735676176846,4.245238415023778e-06,0.9992357492446899,0.00015688940766267478
7329,2,2,1.7207814835273894e-06,1.4849823060103517e-07,0.6161864995956421,0.3838116526603699
7330,2,2,0.01095519308000803,0.000242067631916143,0.7176429033279419,0.27115991711616516
7331,0,0,0.94573575258255,0.0002012359764194116,0.04170169308781624,0.012361332774162292
7332,3,3,9.549568494549021e-05,1.8291682124527142e-07,0.28380095958709717,0.7161033749580383
7333,2,2,0.003583092475309968,0.00025026893126778305,0.9960860013961792,8.063241693889722e-05
7334,2,2,0.0062377178110182285,0.0004132941539864987,0.991354763507843,0.0019942314829677343
7335,3,3,0.00011549497139640152,2.853572027561313e-07,0.0008120912243612111,0.9990721940994263
7336,0,0,0.9998863935470581,4.615891384673887e-07,0.00010096226469613612,1.2155728654761333e-05
7337,2,2,0.020782887935638428,0.00023594775120727718,0.9779572486877441,0.001023971475660801
7338,3,3,2.0015529571537627e-06,2.0653231902478808e-10,0.0036823393311351538,0.9963156580924988
7339,2,2,0.002483115531504154,6.323726893242565e-07,0.9954040050506592,0.002112308284267783
7340,3,3,4.333558081270894e-06,3.686134730784829e-11,6.863575254101306e-05,0.9999270439147949
7341,0,0,0.9981876015663147,0.00047641462879255414,0.0011939997784793377,0.0001420130574842915
7342,1,1,0.00375575409270823,0.9953670501708984,0.0006472008535638452,0.00023001580848358572
7343,1,1,8.438858640147373e-05,0.9998949766159058,1.3856260011380073e-05,6.84181122778682e-06
7344,0,0,0.664003312587738,0.00030558250728063285,0.23073485493659973,0.1049562320113182
7345,1,1,1.5455573247891152e-06,0.9999942779541016,5.466805532705621e-07,3.6116687169851502e-06
7346,3,3,6.089322823754628e-07,1.1267591162322788e-06,0.0006561640766449273,0.999342143535614
7347,1,1,0.00014444305270444602,0.9990843534469604,0.0007649385370314121,6.277078682614956e-06
7348,3,3,1.8721190997439408e-07,3.796763348162813e-09,2.3642603537155082e-06,0.9999974966049194
7349,2,2,0.00048549610073678195,3.9535291307402076e-07,0.9990537762641907,0.00046044099144637585
7350,1,1,0.005750569514930248,0.7701345086097717,0.00344963395036757,0.22066529095172882
7351,2,2,0.06403785198926926,0.0009320065728388727,0.9309241771697998,0.004105955362319946
7352,1,1,5.789869987893326e-07,0.9999984502792358,6.85673626321659e-07,2.7778881417361845e-07
7353,0,0,0.9968727231025696,0.00031075786682777107,6.734481576131657e-05,0.0027491862419992685
7354,1,1,2.8551028663059697e-05,0.9999618530273438,6.810415015934268e-06,2.684271748876199e-06
7355,1,1,1.4398023267858662e-05,0.9999616146087646,9.415307431481779e-06,1.4584158634534106e-05
7356,0,0,0.9999827146530151,8.507673214808165e-07,1.2550374776765238e-05,3.938979716622271e-06
7357,0,0,0.9974517226219177,3.5283599117974518e-06,0.0004035343590658158,0.0021411986090242863
7358,3,3,1.593391019127921e-08,1.676071933152945e-12,3.7527745007537305e-05,0.9999624490737915
7359,1,1,2.4649747842886427e-07,0.9999996423721313,1.1647824749161373e-07,1.508375113701277e-08
7360,3,3,0.0001908933772938326,1.0586513781163376e-06,0.0031901185866445303,0.9966179728507996
7361,2,2,0.22915786504745483,0.0006706556887365878,0.7077850699424744,0.06238645687699318
7362,0,0,0.8790240287780762,0.00030050589703023434,0.03149552643299103,0.08917996287345886
7363,0,0,0.9997915625572205,9.334682545159012e-05,4.446908860700205e-05,7.06915307091549e-05
7364,0,0,0.9982455968856812,9.54787992668571e-07,0.001726898131892085,2.653642513905652e-05
7365,3,3,0.003474688623100519,0.00014835441834293306,0.061547596007585526,0.9348293542861938
7366,3,3,0.0004716175317298621,9.899342330754735e-06,0.01103641465306282,0.9884821176528931
7367,1,1,8.470554035966416e-08,0.9999995231628418,2.67955783783691e-07,8.542153295820754e-08
7368,0,0,0.9999760389328003,1.026634890877176e-05,7.781053682265338e-06,5.9377302932261955e-06
7369,2,3,0.4130440950393677,6.186041900946293e-08,0.07421578466892242,0.5127400755882263
7370,2,2,0.06897972524166107,8.96829351404449e-06,0.9274079203605652,0.003603360615670681
7371,0,0,0.9996956586837769,5.9141748351976275e-06,0.0002692891575861722,2.9113363780197687e-05
7372,3,3,0.010180763900279999,6.819324335083365e-05,0.01824289746582508,0.9715080857276917
7373,1,1,1.6119432757477625e-06,0.9999959468841553,1.6914090110731195e-06,6.81869551044656e-07
7374,3,3,2.8916096539433056e-07,7.589068817814848e-10,0.0009493388934060931,0.9990503191947937
7375,0,0,0.9999531507492065,1.2309524208831135e-06,4.028801777167246e-05,5.375881755753653e-06
7376,2,2,0.00026883455575443804,3.6740226505571627e-07,0.999675989151001,5.4842166719026864e-05
7377,2,2,0.00016750309441704303,7.864844633331813e-07,0.9997547268867493,7.707379700150341e-05
7378,3,3,2.3325371785176685e-06,4.56021176375998e-09,0.0008979419362731278,0.9990997314453125
7379,1,1,0.00038449233397841454,0.954045832157135,0.04274509474635124,0.0028246433939784765
7380,1,1,1.6681178749422543e-05,0.9999569654464722,5.917340331507148e-06,2.0379799025249667e-05
7381,1,1,4.3897471186937764e-06,0.9999951124191284,4.2580313674989156e-07,6.626277837540329e-08
7382,0,0,0.9999066591262817,1.9602504064408777e-09,6.669381400570273e-05,2.65532926277956e-05
7383,1,1,6.046406269888394e-06,0.999754011631012,0.00023121846606954932,8.644795343570877e-06
7384,1,1,0.0004629077448043972,0.9502336978912354,0.04311663284897804,0.006186709273606539
7385,0,0,0.9996380805969238,2.0281082470319234e-05,1.140224185292027e-06,0.000340482743922621
7386,2,2,0.11953632533550262,0.00047972044558264315,0.8543330430984497,0.02565092220902443
7387,2,2,2.4104501790134236e-05,8.237368456320837e-05,0.8056495189666748,0.19424404203891754
7388,3,3,9.683662938186899e-07,1.2399007154328956e-08,0.000631182745564729,0.999367892742157
7389,3,3,0.0057366094551980495,8.247351797763258e-05,0.019184140488505363,0.9749967455863953
7390,0,0,0.9999415874481201,4.783722147294611e-07,2.642332674440695e-06,5.5349817557726055e-05
7391,2,2,3.066006684093736e-06,0.00012150526163168252,0.9699512720108032,0.029924120754003525
7392,3,3,2.568164018157404e-05,3.319417146485648e-06,0.0013239342952147126,0.9986470341682434
7393,3,3,3.87602012779098e-05,0.0001234233204741031,0.0009122141054831445,0.9989256262779236
7394,1,1,3.1222366487781983e-06,0.9999933242797852,2.2840920337330317e-06,1.3432696732706972e-06
7395,1,1,5.762543423770694e-06,0.9979004859924316,0.0019698101095855236,0.00012391895870678127
7396,0,0,0.9998750686645508,2.8668503091466846e-06,0.00010161273530684412,2.054922515526414e-05
7397,1,1,0.0015657023759558797,0.9865946769714355,0.0060637700371444225,0.005775942467153072
7398,3,3,0.0002230118989245966,4.058167178300209e-06,0.026399411261081696,0.973373532295227
7399,0,0,0.9999783039093018,3.98812380808522e-06,1.4887720681144856e-05,2.7992227842332795e-06
7400,2,2,1.330123450316023e-05,2.178515501327638e-07,0.9733021259307861,0.02668430283665657
7401,3,3,5.769883273387677e-07,3.478763457853695e-11,0.0001468924165237695,0.9998525381088257
7402,1,1,3.176974985308334e-07,0.9999996423721313,1.5647081408332042e-09,1.8567164472571562e-09
7403,1,1,8.29041800898267e-06,0.9999892711639404,1.9951157810282893e-06,5.186598741602211e-07
7404,2,2,2.4135199510055827e-06,3.469047626936117e-08,0.9893955588340759,0.01060204766690731
7405,2,2,0.00031371047953143716,1.2142768923695257e-07,0.9996676445007324,1.8557213479653e-05
7406,3,3,5.934361070103478e-06,6.759153620805591e-06,0.0014161055441945791,0.9985711574554443
7407,0,0,0.9825791120529175,1.9347663737789844e-07,0.0011935990769416094,0.01622716337442398
7408,0,0,0.9029579758644104,6.000746725476347e-05,0.006901181302964687,0.0900808572769165
7409,3,3,5.360288923839107e-06,4.4093900214647874e-05,0.00043581417412497103,0.9995146989822388
7410,3,3,0.0009588780230842531,1.3933939158050634e-07,0.013070385903120041,0.9859705567359924
7411,3,3,2.624800117700943e-06,7.860085027289188e-09,1.0680201739887707e-05,0.9999866485595703
7412,3,3,0.00016871505067683756,0.00014000233204569668,0.01281620655208826,0.9868751168251038
7413,2,0,0.9982935786247253,3.944030518843178e-11,0.0016942551592364907,1.2162723578512669e-05
7414,1,1,0.00014950566401239485,0.9998452663421631,7.237519525915559e-07,4.514335614658194e-06
7415,2,2,1.3695261259272229e-05,1.7213502845336848e-09,0.9997557997703552,0.00023043720284476876
7416,3,3,0.00614025816321373,6.064728719223922e-10,2.3458949726773426e-05,0.9938362240791321
7417,3,3,0.00024930411018431187,6.995117018959718e-07,0.0004500959475990385,0.9992998838424683
7418,3,2,0.004610865376889706,0.0003112347621936351,0.9668130874633789,0.028264882043004036
7419,0,0,0.9999951124191284,7.19132708937309e-09,2.0521440546872327e-06,2.8872825623693643e-06
7420,2,2,8.804327808320522e-05,4.787412308360217e-06,0.9979409575462341,0.0019661991391330957
7421,3,3,2.9006105251028202e-05,6.543568247252551e-07,0.15534959733486176,0.8446207642555237
7422,2,2,3.5734978155232966e-05,6.62289156849738e-09,0.9992709755897522,0.000693296839017421
7423,1,1,1.516022649639126e-07,0.999995231628418,8.171939498424763e-07,3.861232016788563e-06
7424,1,1,1.749115519089628e-08,0.9999998807907104,1.0582079656984433e-09,7.318013217627595e-08
7425,2,2,0.0003785480803344399,2.6252323550579604e-06,0.9995867609977722,3.208066482329741e-05
7426,3,0,0.6875548362731934,0.20841796696186066,0.012604877352714539,0.09142229706048965
7427,3,3,7.231090876302915e-06,2.592020109659643e-08,2.76464743365068e-05,0.9999650716781616
7428,1,1,7.657650513692715e-08,0.9999998807907104,2.0350953561232288e-11,8.521203742617445e-10
7429,3,3,6.32250594208017e-05,4.459385763766477e-06,0.0014400272630155087,0.9984923601150513
7430,2,2,5.236202196101658e-05,2.392001761108986e-06,0.9998173117637634,0.00012800618424080312
7431,2,2,0.0029145334847271442,4.1710595866106814e-08,0.9968493580818176,0.00023608756600879133
7432,1,1,8.017526852199808e-06,0.9999909400939941,2.133859879904776e-07,8.028870297493995e-07
7433,1,1,6.724154673065641e-07,0.9999899864196777,8.321253517351579e-06,1.060172849065566e-06
7434,1,1,5.313254973771109e-07,0.9999992847442627,2.014195104038663e-07,7.82815146038729e-09
7435,1,1,0.0001558285002829507,0.9998231530189514,1.6585998309892602e-05,4.418579464982031e-06
7436,0,0,0.9999092817306519,3.474007996828732e-07,5.201881094762939e-07,8.993550727609545e-05
7437,3,3,0.08309207856655121,0.005000142380595207,0.008554222993552685,0.9033535718917847
7438,2,2,3.7807989428984e-05,1.88188842287218e-09,0.9997310042381287,0.00023124777362681925
7439,3,3,7.697411092522088e-06,2.713773596951796e-07,3.087394361500628e-05,0.9999611377716064
7440,3,1,0.37901726365089417,0.6012038588523865,0.014894512481987476,0.004884285852313042
7441,2,2,0.0004982553073205054,5.7539121911531765e-08,0.9994874000549316,1.4211708730726968e-05
7442,1,1,0.0010333608370274305,0.9988897442817688,7.325721526285633e-05,3.7505096770473756e-06
7443,0,0,0.9999998807907104,5.817050308110083e-08,5.858638374434122e-08,7.720154115986588e-08
7444,2,2,8.402719686273485e-06,2.9353568464784985e-08,0.9968172311782837,0.003174283541738987
7445,1,1,0.00010968292190227658,0.9996635913848877,0.00019745845929719508,2.9292423278093338e-05
7446,2,0,0.5869724750518799,2.515314534434765e-08,0.4107174873352051,0.00231003575026989
7447,1,1,2.107219870595145e-06,0.9999970197677612,6.062118131922034e-07,2.708870283640863e-07
7448,2,2,6.149457931314828e-06,6.345548531072609e-09,0.9989579916000366,0.0010358227882534266
7449,2,2,4.856812665821053e-05,0.0015982683980837464,0.9970400929450989,0.0013130396837368608
7450,2,2,0.0028133715968579054,6.676339398836717e-05,0.9970321655273438,8.764541416894644e-05
7451,2,2,0.08340232819318771,2.901222444506857e-07,0.9158504009246826,0.0007470594136975706
7452,2,2,1.1528634331625653e-06,2.6551083465164993e-07,0.9918299317359924,0.008168581873178482
7453,3,3,2.692405018933641e-07,1.0647099202287791e-07,0.0002514953666832298,0.999748170375824
7454,1,1,1.0669693892850773e-06,0.9999935626983643,1.0222373703072662e-06,4.23389747084002e-06
7455,2,3,0.04312223941087723,5.318262992659584e-06,0.19650082290172577,0.7603715658187866
7456,3,3,5.066384574092808e-07,1.393558046736132e-10,0.3890089988708496,0.6109904646873474
7457,1,1,0.0006731605972163379,0.9947251677513123,0.004318822640925646,0.0002828648139256984
7458,0,0,0.9999309778213501,6.140405517385261e-09,3.427521005505696e-05,3.465721238171682e-05
7459,0,0,0.6609339714050293,0.2601858973503113,0.06606880575418472,0.012811324559152126
7460,0,0,0.9976111650466919,0.00012269854778423905,0.001712120370939374,0.0005539554404094815
7461,3,3,0.012917418032884598,5.049975516158156e-05,0.014972610399127007,0.9720594882965088
7462,2,2,0.005286949221044779,1.2325092484388733e-06,0.9943609833717346,0.0003508776135277003
7463,2,2,4.799946691491641e-05,7.034284266183022e-08,0.9954612851142883,0.00449067959561944
7464,2,2,0.06508512049913406,7.247876396831998e-07,0.9336889386177063,0.0012251475127413869
7465,2,2,0.00031649027368985116,2.961153086289414e-06,0.9995642304420471,0.00011627825006144121
7466,3,3,5.81442009206512e-06,6.4512071240585556e-09,0.01159672625362873,0.9883974194526672
7467,0,0,0.9019269347190857,0.04609674587845802,0.04600877687335014,0.0059674447402358055
7468,2,2,9.376862180943135e-06,4.4137160593038516e-09,0.9837319850921631,0.016258612275123596
7469,3,3,0.005847583524882793,2.8023799814036465e-07,0.00496259517967701,0.989189624786377
7470,2,3,0.00026049112784676254,2.0787567223123915e-09,0.009684943594038486,0.9900546073913574
7471,0,0,0.9326130151748657,0.0666843056678772,0.0003794549556914717,0.00032323060440830886
7472,3,3,1.1784201888076495e-05,9.714161919305297e-09,1.5543151675956324e-05,0.9999727010726929
7473,0,0,0.9855334162712097,0.00029521185206249356,0.006538356188684702,0.007632981985807419
7474,0,0,0.9990436434745789,2.10293387681304e-06,0.0008399334619753063,0.00011419580550864339
7475,1,1,0.03482389822602272,0.9620668292045593,0.002206063363701105,0.0009031189256347716
7476,0,3,0.47042715549468994,2.4955731987574836e-06,0.004386716987937689,0.5251835584640503
7477,0,0,0.9933319687843323,0.0017037834040820599,0.0029453535098582506,0.0020189685747027397
7478,3,3,0.00022999581415206194,8.490851541864686e-07,0.025304367765784264,0.9744647741317749
7479,1,1,0.00041928354767151177,0.9995643496513367,1.0872079656110145e-05,5.513433734449791e-06
7480,2,2,0.0005756723112426698,8.350116695510224e-05,0.995376706123352,0.003964072559028864
7481,3,3,0.004609082359820604,1.7978782125283033e-05,0.00029795459704473615,0.9950749278068542
7482,0,0,0.9999891519546509,8.412423824211146e-08,7.997246029844973e-06,2.7228416001889855e-06
7483,0,0,0.9964924454689026,5.249743253443739e-07,0.00015759741654619575,0.003349422477185726
7484,1,1,0.004158904310315847,0.6458436250686646,0.2005118578672409,0.14948561787605286
7485,3,3,8.08769473223947e-05,2.7344833064546492e-09,3.367805038578808e-05,0.9998854398727417
7486,1,1,6.538100727482288e-09,1.0,2.0898786701195604e-08,1.561483742307246e-08
7487,1,1,2.9519780582631938e-05,0.9983443021774292,0.001621210714802146,4.983862709195819e-06
7488,2,2,0.0018256332259625196,8.253470582531008e-07,0.9734886288642883,0.024684885516762733
7489,1,1,2.0908640863126493e-07,0.9999996423721313,5.676729131209868e-08,1.0963532304231194e-07
7490,0,0,0.9982037544250488,0.0002857762447092682,0.000906679721083492,0.0006038076244294643
7491,3,3,2.0964130271750037e-06,7.827057402209903e-08,0.00011962477583438158,0.9998781681060791
7492,2,3,8.45613976707682e-05,3.7499848986044526e-05,0.038917168974876404,0.9609607458114624
7493,3,3,4.5486928001992055e-07,1.1701744608016984e-11,0.00011736051237676293,0.9998822212219238
7494,3,3,0.001101240050047636,1.2731667311527417e-06,0.03497748076915741,0.963919997215271
7495,0,0,0.968349814414978,0.00014312549319583923,0.029647937044501305,0.001859105541370809
7496,2,2,0.0030933115631341934,0.0026822411455214024,0.9903460144996643,0.0038784185890108347
7497,3,3,5.1766519391094334e-06,3.752118615807376e-09,0.0023548882454633713,0.9976400136947632
7498,3,3,0.027353229001164436,0.0019570563454180956,0.0008928586612455547,0.9697968363761902
7499,3,3,0.0008565204334445298,1.2752077793720673e-07,0.0004688269691541791,0.9986745119094849
7500,1,1,1.0341526603951934e-06,0.999846339225769,5.188709565118188e-06,0.00014743955398444086
7501,2,2,6.799914262956008e-05,3.970735207303733e-08,0.9989491105079651,0.000982853234745562
7502,0,0,0.9999841451644897,1.9286339920654427e-06,9.415511158294976e-06,4.527423243416706e-06
7503,2,2,5.1265815272927284e-05,2.4229910195572302e-05,0.9734176993370056,0.0265068169683218
7504,3,3,4.206698122288799e-06,5.107423817207746e-07,0.002099298406392336,0.9978959560394287
7505,0,0,0.8950490355491638,0.00027744582621380687,0.036285195499658585,0.06838832795619965
7506,1,1,2.3953385607455857e-05,0.9998718500137329,2.867113107640762e-05,7.545397966168821e-05
7507,2,2,0.00032599212136119604,1.2966414715265273e-06,0.9994370341300964,0.00023573556973133236
7508,2,2,5.526801487576449e-06,1.7210806618095376e-05,0.9995208978652954,0.00045643647899851203
7509,0,0,0.9997621178627014,2.1557151796969265e-07,0.00015452044317498803,8.31317447591573e-05
7510,0,3,0.3348482847213745,3.104820052612922e-06,0.00012131767289247364,0.6650273203849792
7511,2,2,0.04990752041339874,7.4288051109761e-05,0.9469753503799438,0.003042751457542181
7512,0,0,0.9999840259552002,1.5024662388896104e-05,2.861601728909591e-07,7.456976049979858e-07
7513,3,3,5.163324749446474e-05,1.9769283987614017e-09,9.73952846834436e-05,0.9998509883880615
7514,3,3,8.891320612747222e-05,8.469039585179416e-07,0.0006600701017305255,0.9992501139640808
7515,2,2,0.45836740732192993,7.11495231371373e-05,0.4973887801170349,0.04417264461517334
7516,0,0,0.999535083770752,2.2269812234299025e-06,0.0003892079694196582,7.35949506633915e-05
7517,1,1,9.321108336735051e-06,0.9998970031738281,1.5720410374342464e-05,7.792643009452149e-05
7518,3,3,5.0073990678356495e-06,9.805624722503126e-05,0.0023603627923876047,0.9975365400314331
7519,0,0,0.9998070597648621,1.8800115867634304e-05,0.00012658104242291301,4.763459219248034e-05
7520,3,3,7.125457341317087e-05,2.7935865176687003e-08,0.003150766948238015,0.9967779517173767
7521,3,3,7.021895726211369e-06,1.851095832172689e-09,4.576026913127862e-05,0.999947190284729
7522,3,3,0.002420647768303752,8.129333764372859e-06,0.09316716343164444,0.9044041633605957
7523,2,2,5.496064113685861e-05,1.1271384892097558e-06,0.9995337724685669,0.00041023045196197927
7524,2,2,0.00027836565277539194,4.732518391392659e-06,0.9995632767677307,0.00015362846897915006
7525,1,1,0.0022172059398144484,0.9977166652679443,6.093581032473594e-05,5.2253726607887074e-06
7526,0,0,0.9960423707962036,0.00016537315968889743,0.003232414834201336,0.0005599239375442266
7527,3,3,4.381874896353111e-05,0.001368928700685501,0.08963213860988617,0.9089550375938416
7528,1,1,0.0001278220588574186,0.9998722076416016,1.0121135929352931e-08,3.159311745548621e-08
7529,0,0,0.9999767541885376,4.1484042867523385e-07,2.20871497731423e-05,7.434434223796416e-07
7530,2,2,0.00984466727823019,1.643049927224638e-06,0.9899986386299133,0.00015507973148487508
7531,1,1,2.1945936168776825e-05,0.9999562501907349,5.343244993127882e-07,2.118954034813214e-05
7532,1,1,3.0108367354841903e-06,0.9999967813491821,2.6371648687018023e-07,6.4777037067642596e-09
7533,0,0,0.9999860525131226,9.380233478850641e-08,9.000439604278654e-06,4.8190036068263e-06
7534,0,0,0.999902606010437,5.12605353719664e-08,9.442262671655044e-05,2.9155694392102305e-06
7535,2,2,0.008997086435556412,1.0868533308894257e-06,0.9908483028411865,0.00015348913439083844
7536,0,0,0.9284225702285767,0.004117646254599094,0.06121981889009476,0.0062399618327617645
7537,2,2,0.0015278523787856102,1.0847726343854447e-06,0.9982327222824097,0.00023828964913263917
7538,0,0,0.910462498664856,9.266655251849443e-05,0.08877056837081909,0.0006742911646142602
7539,0,3,7.976467168191448e-05,3.7782527329000004e-08,0.0001832940906751901,0.9997369647026062
7540,0,0,0.9983837604522705,0.0003455153782851994,0.0009738392545841634,0.0002968940243590623
7541,3,3,0.00012733628682326525,0.0003220740472897887,0.0588281974196434,0.9407224059104919
7542,3,2,0.00010008358367485926,3.6237804579286603e-07,0.6099612712860107,0.3899383544921875
7543,2,2,0.05676690489053726,7.036406259430805e-06,0.9420374631881714,0.0011886280262842774
7544,0,0,0.9979370832443237,6.123808589109103e-07,0.00017712732369545847,0.0018852257635444403
7545,0,0,0.9991753697395325,6.038401445529473e-10,0.0007527695270255208,7.184514834079891e-05
7546,3,3,7.593951158924028e-05,1.7365748306019668e-07,0.003914505708962679,0.9960094690322876
7547,2,2,1.0396918696642388e-05,3.59545593298094e-09,0.99998939037323,1.794188619896886e-07
7548,2,2,0.0006772956694476306,3.348201062181033e-05,0.9990289211273193,0.0002602748281788081
7549,2,2,2.7365082132746466e-05,1.0108689821208827e-05,0.9980850219726562,0.001877550850622356
7550,1,1,0.02126462571322918,0.9771241545677185,0.00121926493011415,0.00039195053977891803
7551,1,1,0.0006972838891670108,0.9991832375526428,5.19148088642396e-05,6.75577757647261e-05
7552,0,0,0.9999983310699463,1.150893602641645e-09,3.3110506336697654e-08,1.6819499251141679e-06
7553,2,2,0.0001927279372466728,1.2220852108058011e-09,0.9997155070304871,9.180643974104896e-05
7554,2,2,0.0003504402411635965,1.967226307897363e-05,0.9991381168365479,0.0004918168997392058
7555,2,2,0.00024239598133135587,0.00011506502778502181,0.9992163181304932,0.0004262383154127747
7556,2,2,4.900230123894289e-05,2.3742855148611852e-07,0.999835729598999,0.0001149842792074196
7557,2,2,0.02630658820271492,1.4173434692565934e-07,0.9618892073631287,0.011804063804447651
7558,2,2,0.00014761525380890816,5.0034554277544885e-08,0.9989616870880127,0.0008906102157197893
7559,3,3,0.0001726386690279469,8.392363815801218e-05,0.00019666228035930544,0.9995468258857727
7560,0,0,0.9999419450759888,1.1300128477387261e-07,1.3552074960898608e-05,4.432304922374897e-05
7561,2,3,0.00017743617354426533,1.0641779226716608e-06,0.48467013239860535,0.5151513814926147
7562,1,1,7.1072990976972505e-06,0.9999799728393555,6.055575340724317e-06,6.885898528707912e-06
7563,1,1,0.000432638538768515,0.9992910623550415,0.00021554013073910028,6.079299419070594e-05
7564,2,2,0.05395632982254028,1.8009573068411555e-06,0.9456562995910645,0.0003855880640912801
7565,3,3,4.1990697354776785e-06,6.873088409520278e-07,2.714333504627575e-06,0.9999923706054688
7566,3,2,0.0001188358073704876,8.459020136797335e-06,0.5789176821708679,0.42095503211021423
7567,3,2,5.578875970968511e-06,4.59650635775688e-07,0.576917290687561,0.42307668924331665
7568,0,0,0.5983819961547852,0.3994009792804718,3.0260414860094897e-05,0.00218682992272079
7569,3,3,1.0850852731891791e-06,5.458232607211122e-13,9.47802109294571e-05,0.9999041557312012
7570,0,0,0.9999822378158569,7.938096047155341e-08,1.6877804227988236e-05,7.549693350483722e-07
7571,1,1,5.604406965176167e-07,0.9999994039535522,3.453728414370971e-10,1.4477365972709322e-09
7572,1,1,0.009114224463701248,0.990746021270752,5.1759783673333004e-05,8.793205779511482e-05
7573,3,3,9.997266715799924e-06,8.912211768574707e-08,0.0693964883685112,0.9305933713912964
7574,3,3,0.021751102060079575,6.865108844067436e-06,0.09017246961593628,0.8880695104598999
7575,1,1,8.17723631030276e-08,0.9999998807907104,6.400863838962323e-09,2.0679985723859318e-08
7576,1,1,1.3037708868068876e-07,0.9999997615814209,7.513906297162976e-08,6.689568343709595e-10
7577,1,1,0.0027946606278419495,0.8806858062744141,0.07837747037410736,0.03814211115241051
7578,0,0,0.9999959468841553,9.421279401067295e-08,3.2427406040369533e-06,7.333596272474097e-07
7579,2,2,0.015496967360377312,0.000131697190226987,0.9827562570571899,0.0016151174204424024
7580,1,1,0.00041637287358753383,0.9961588382720947,0.0002734476001933217,0.0031513080466538668
7581,2,2,1.919549504236784e-05,7.525441247935305e-08,0.7658848166465759,0.23409587144851685
7582,3,3,0.00012919778237119317,5.355951998353703e-06,0.0014251781394705176,0.9984403252601624
7583,1,1,0.00013439996109809726,0.9998641014099121,1.3208416476118146e-06,7.515682654002376e-08
7584,1,1,1.720276827654743e-06,0.9999963045120239,1.263950707652839e-06,7.582066814393329e-07
7585,0,2,0.00020624986791517586,2.5163663508465106e-07,0.9973546266555786,0.002438885858282447
7586,1,1,9.786020882529556e-10,1.0,1.8719148453527623e-09,9.403540168761992e-09
7587,3,3,0.0007195714279077947,1.4006726445359163e-08,5.470710675581358e-07,0.9992799162864685
7588,3,3,7.774936966598034e-05,1.309541008964743e-08,0.019910188391804695,0.980012059211731
7589,1,1,0.25170716643333435,0.675062358379364,0.06442399322986603,0.0088064419105649
7590,1,1,0.0002476801455486566,0.9996852874755859,1.5482604794669896e-05,5.1629314839374274e-05
7591,0,0,0.9999985694885254,2.344037852708425e-09,1.7951841124741463e-09,1.3878413938073209e-06
7592,0,0,0.9992399215698242,3.3634041756158695e-05,8.974638330982998e-05,0.0006367462920024991
7593,1,1,0.00029349906253628433,0.9995779395103455,0.0001002050848910585,2.841383684426546e-05
7594,0,0,0.9993926286697388,2.7189926754545013e-07,0.0001879778428701684,0.00041904562385752797
7595,0,0,0.9913073182106018,0.00011289946269243956,0.000677618954796344,0.007902135141193867
7596,1,1,0.0012628709664568305,0.998325526714325,0.00022409130178857595,0.0001875963353086263
7597,1,1,0.0068541052751243114,0.9912459254264832,0.0016717682592570782,0.0002281330234836787
7598,2,2,0.0893176943063736,0.002795908832922578,0.8996301889419556,0.008256249129772186
7599,2,3,0.0008416019263677299,8.322658686665818e-06,0.489250510931015,0.5098996162414551
