index,true_label,pred_label,prob_0,prob_1,prob_2,prob_3
0,2,2,0.03879857063293457,4.696379619417712e-06,0.9596009850502014,0.001595793990418315
1,3,3,1.1856942364829592e-05,1.5667166053390247e-06,7.631217158632353e-06,0.9999790191650391
2,3,3,0.0013404443161562085,0.0017689326778054237,0.0010280979331582785,0.9958624839782715
3,3,3,0.037067536264657974,0.3236537277698517,0.014351535588502884,0.624927282333374
4,3,3,0.044713813811540604,0.0006837909459136426,0.002479631919413805,0.9521228671073914
5,3,3,0.011644680984318256,0.007428402546793222,0.03906097263097763,0.9418659806251526
6,3,3,0.00019151576270814985,3.3170133519888623e-06,4.372926923679188e-05,0.9997614026069641
7,3,3,0.00023461849195882678,6.490110536105931e-05,0.0006928378716111183,0.9990076422691345
8,3,3,0.07049737870693207,1.9325213997944957e-06,0.010024390183389187,0.9194762706756592
9,3,2,0.08850638568401337,0.005203745327889919,0.5965446829795837,0.30974525213241577
10,3,3,0.008750325068831444,0.00018382153939455748,0.06683330237865448,0.9242326021194458
11,3,3,4.348406037024688e-06,7.419389902452167e-08,0.0006780281546525657,0.9993175268173218
12,3,3,0.00035628594923764467,1.075792823712618e-07,0.11538050323724747,0.8842630982398987
13,3,3,0.12889184057712555,0.0010581816313788295,0.009952041320502758,0.8600978851318359
14,3,3,0.049002908170223236,1.0971747542498633e-05,0.00031282007694244385,0.9506732821464539
15,3,3,0.0010583469411358237,2.4337023205589503e-05,0.015640243887901306,0.9832770824432373
16,3,3,0.011828452348709106,1.6389687971241074e-06,0.0006971373804844916,0.9874727725982666
17,3,3,0.0001652394130360335,3.0176565246620157e-07,6.74749244353734e-05,0.9997668862342834
18,3,3,0.02760918438434601,0.004715439397841692,0.011733578518033028,0.9559417963027954
19,3,3,0.0010376748396083713,5.1160432121832855e-06,0.09358060359954834,0.905376672744751
20,3,2,0.0014155734097585082,6.0346515965647995e-05,0.8108680248260498,0.18765610456466675
21,3,3,0.0025852767284959555,1.2641373359656427e-05,0.005290750414133072,0.992111325263977
22,3,3,8.485269063385203e-06,6.519003648008947e-08,0.0006774708162993193,0.9993139505386353
23,3,2,0.021475307643413544,0.0003370718040969223,0.8123988509178162,0.16578882932662964
24,3,3,0.14057569205760956,0.00041147370939143,0.15685172379016876,0.7021611332893372
25,3,3,8.209438237827271e-05,4.017236321374185e-09,1.664302180870436e-05,0.999901294708252
26,1,1,0.23295389115810394,0.7112244367599487,0.027798689901828766,0.028022916987538338
27,1,1,0.0010378105798736215,0.9930213093757629,0.0007434598519466817,0.005197501741349697
28,1,1,0.029084859415888786,0.9568883776664734,0.00689648138359189,0.007130289450287819
29,1,1,0.006515983026474714,0.9912292957305908,0.0016578567447140813,0.000596788537222892
30,1,1,0.001830319524742663,0.995798647403717,0.00047502637607976794,0.0018959981389343739
31,1,1,0.0017130307387560606,0.9982110261917114,4.18422450820799e-06,7.177648512879387e-05
32,0,0,0.9993174076080322,0.0002639791928231716,1.3889468391425908e-05,0.00040467141661792994
33,0,0,0.9598109722137451,0.014174254611134529,0.0010587053839117289,0.02495606243610382
34,0,0,0.9942559599876404,0.0003294572525192052,0.002336422447115183,0.0030781319364905357
35,0,0,0.9420905709266663,0.0008598618442192674,0.0009882481535896659,0.05606132000684738
36,0,0,0.7021256685256958,7.583274509670446e-06,0.2969544231891632,0.0009122434421442449
37,0,0,0.969483494758606,0.0018070004880428314,0.0016761781880632043,0.027033383026719093
38,0,0,0.9999780654907227,4.785954388353275e-07,1.0871446647797711e-05,1.0655561709427275e-05
39,0,0,0.9999793767929077,2.881810701182985e-07,1.296045957133174e-05,7.316391474887496e-06
40,1,1,0.00022753347002435476,0.9997597336769104,3.4909583064290928e-06,9.355519978271332e-06
41,2,3,0.035750821232795715,0.001762009458616376,0.3927667438983917,0.569720447063446
42,0,0,0.933358907699585,0.009603794664144516,0.005220601335167885,0.051816701889038086
43,3,3,0.001655580592341721,1.628335303394124e-05,0.007703733630478382,0.9906243681907654
44,1,1,0.008297952823340893,0.9916302561759949,1.00085399026284e-05,6.178111652843654e-05
45,1,1,8.901170076569542e-05,0.9999078512191772,1.8722932537684756e-08,3.158463414365542e-06
46,0,0,0.9980173110961914,5.434059494291432e-05,0.001663042465224862,0.0002653907286003232
47,3,2,0.0008078745449893177,6.640155334025621e-06,0.5632582306861877,0.43592721223831177
48,0,0,0.9750999212265015,0.002835283987224102,0.006752734538167715,0.015312016010284424
49,1,1,0.010101604275405407,0.9896100759506226,0.00022869199165143073,5.954930020379834e-05
50,0,0,0.8597155809402466,0.00010966500121867284,0.03377135470509529,0.10640335828065872
51,1,1,4.273819286026992e-05,0.9999300241470337,2.6872125090449117e-05,3.002620303504955e-07
52,0,0,0.9998261332511902,3.7683946629840648e-06,1.2552741281979252e-05,0.00015761439863126725
53,3,3,0.0009206776157952845,1.8465339962858707e-05,0.009633089415729046,0.9894277453422546
54,2,2,0.0024410339538007975,1.76779485627776e-05,0.9971211552619934,0.00042016367660835385
55,3,3,0.011101038195192814,0.11932233721017838,0.14211556315422058,0.727461040019989
56,0,0,0.558027446269989,1.9858214272971964e-07,0.4129152297973633,0.029057173058390617
57,0,0,0.9999991655349731,6.546855058076062e-09,5.671723783962079e-07,1.784648020475288e-07
58,2,2,0.0008661700412631035,1.8217020624433644e-05,0.9991043210029602,1.1350766726536676e-05
59,2,2,0.0029224068857729435,3.7599973438773304e-05,0.9964280724525452,0.0006119044264778495
60,1,1,4.7802368499105796e-05,0.9999518394470215,2.2823303424956976e-07,8.3743763923394e-08
61,1,1,0.09614470601081848,0.9032071828842163,0.0005912210908718407,5.6896795285865664e-05
62,1,1,0.005306093022227287,0.9934868812561035,9.382044663652778e-05,0.001113122096285224
63,3,3,1.9340593553351937e-06,3.009465899594943e-06,0.008108261041343212,0.9918867945671082
64,0,0,0.9961668848991394,5.113561769576336e-07,0.0013441207120195031,0.002488443162292242
65,3,3,0.001459929859265685,6.32740993751213e-05,0.07112935185432434,0.9273474812507629
66,0,0,0.9941219687461853,1.1409881153667811e-05,0.003606006968766451,0.0022606104612350464
67,0,0,0.9758386015892029,0.020718125626444817,0.0018930179066956043,0.001550224144011736
68,1,1,2.0000918084406294e-05,0.9999592304229736,2.1880651956962538e-07,2.0542214770102873e-05
69,0,0,0.9936621189117432,0.0059997825883328915,3.977194137405604e-05,0.0002983026497531682
70,3,3,2.1856953026144765e-05,1.864801424389384e-09,0.000247211690293625,0.9997308850288391
71,3,3,0.0017605838365852833,8.30674161989009e-06,0.027401823550462723,0.9708293080329895
72,3,3,3.7853431422263384e-05,1.6176054487004876e-06,3.153695971036541e-08,0.9999604225158691
73,0,0,0.9983121156692505,3.526240789142321e-06,0.0013501907233148813,0.0003342697164043784
74,3,3,0.0303229708224535,0.00011936409282498062,0.0003441036387812346,0.9692135453224182
75,1,1,0.008446146734058857,0.9915086030960083,8.450585369246255e-07,4.447242463356815e-05
76,0,0,0.9937360286712646,7.902424113126472e-05,0.002353670774027705,0.0038312592078000307
77,1,1,0.0010278690606355667,0.9979189038276672,0.0009179027983918786,0.00013532816956285387
78,0,0,0.99962317943573,7.002086204010993e-05,0.0001871011045295745,0.00011974742665188387
79,0,1,0.002582976594567299,0.9953734278678894,0.0008439224911853671,0.0011996038956567645
80,0,0,0.5779665112495422,0.0007708386983722448,0.04650022089481354,0.3747624456882477
81,1,1,0.008600769564509392,0.9475809335708618,0.02859562635421753,0.0152227021753788
82,2,2,0.01785445772111416,0.00011601491860346869,0.980761706829071,0.001267789863049984
83,2,3,0.0014133527874946594,1.6179470549104735e-05,0.014418205246329308,0.9841522574424744
84,0,0,0.9949030876159668,4.3892803660128266e-05,0.004823585972189903,0.0002294678706675768
85,0,0,0.9999885559082031,5.704753789359529e-07,4.330114734329982e-06,6.614731773879612e-06
86,2,2,0.00552597688511014,0.0009559749159961939,0.9869832992553711,0.0065347254276275635
87,0,0,0.9848672747612,0.014336992055177689,5.4860251111676916e-05,0.0007408529054373503
88,0,0,0.5731168389320374,0.4232349097728729,0.0018207160755991936,0.001827546744607389
89,3,3,0.0018908611964434385,7.205411384347826e-05,0.09413796663284302,0.903899073600769
90,0,0,0.9997889399528503,1.8670266399567481e-06,0.00018149595416616648,2.765046519925818e-05
91,2,2,0.011490413919091225,0.000270178250502795,0.9109751582145691,0.07726424932479858
92,3,3,2.167026286770124e-05,4.235315884670854e-07,0.000695748021826148,0.99928218126297
93,2,2,8.378974598599598e-05,3.677556605907739e-07,0.9998582601547241,5.7576809922466055e-05
94,1,1,0.40031877160072327,0.5963095426559448,0.0022246891167014837,0.0011470649624243379
95,1,1,0.00042632679105736315,0.9995099306106567,4.8015124775702134e-05,1.5777768567204475e-05
96,1,1,0.0015208955155685544,0.9984751343727112,8.247318987741892e-07,3.0589367270295043e-06
97,2,2,6.883763853693381e-05,1.096307642001193e-06,0.9998726844787598,5.736192179028876e-05
98,0,0,0.9984385371208191,9.45062784012407e-05,0.001181030529551208,0.00028590919100679457
99,2,2,0.005177671555429697,3.216397453797981e-05,0.9828267097473145,0.01196346990764141
100,1,1,0.09569425135850906,0.8995063304901123,0.004317415878176689,0.00048203952610492706
101,2,2,0.0010253186337649822,5.515892098628683e-06,0.9954200983047485,0.0035489951260387897
102,3,3,0.10167301446199417,0.00020865010446868837,0.026633109897375107,0.8714852929115295
103,2,2,0.0005828666035085917,0.0046509262174367905,0.9312100410461426,0.06355617195367813
104,0,0,0.8861591815948486,0.08466919511556625,0.026773525401949883,0.002398074371740222
105,1,1,0.004594370722770691,0.9952625036239624,4.020778578706086e-05,0.00010289728379575536
106,0,2,0.17242874205112457,9.37363256525714e-06,0.8271543979644775,0.00040740196709521115
107,1,1,0.2515665888786316,0.7444808483123779,0.0019000479951500893,0.0020524971187114716
108,0,0,0.9999995231628418,2.276827837377482e-09,2.6600252667208224e-08,5.022159257350722e-07
109,3,3,0.010131780989468098,0.00708703463897109,0.05857466533780098,0.9242064356803894
110,2,3,0.00027405162109062076,2.4291275622090325e-06,0.08692297339439392,0.9128005504608154
111,3,3,0.003137202002108097,0.00019165345293004066,0.2820828855037689,0.7145882844924927
112,3,3,4.010636985185556e-06,4.03046078645275e-06,0.004966409876942635,0.9950255751609802
113,3,3,0.0017865144181996584,5.319904175848933e-06,0.004024696070700884,0.9941834807395935
114,3,3,1.3833837329002563e-06,2.4727302871951906e-08,2.330510596948443e-06,0.9999963045120239
115,1,1,0.000599206832703203,0.9490020871162415,0.01771143637597561,0.032687265425920486
116,3,3,2.6859905119636096e-05,1.293821151193697e-05,0.0017327034147456288,0.9982275366783142
117,3,3,0.0057715605944395065,0.018182171508669853,0.05326519533991814,0.9227811098098755
118,2,2,0.0012337336083874106,8.302144124172628e-06,0.993330180644989,0.005427786149084568
119,1,1,0.006558594759553671,0.9744880199432373,0.015316560864448547,0.0036368160508573055
120,0,2,0.028239311650395393,0.007128075696527958,0.9623146057128906,0.0023180015850812197
121,1,1,0.10948320478200912,0.793723464012146,0.02058354578912258,0.07620971649885178
122,3,3,0.004319333005696535,0.024896671995520592,0.1566770076751709,0.8141070008277893
123,0,0,0.8333303928375244,0.0009165799128822982,0.030948199331760406,0.13480481505393982
124,3,3,1.7969531427297625e-06,3.478446615190478e-07,0.00032716256100684404,0.9996707439422607
125,2,3,0.09388969838619232,0.017411796376109123,0.387938916683197,0.5007596015930176
126,1,0,0.9560337066650391,0.04222635552287102,0.00011727966193575412,0.001622591051273048
127,1,1,6.343081622617319e-05,0.9988200068473816,0.000906186702195555,0.0002103540173266083
128,1,1,0.02000882476568222,0.9643534421920776,0.012860927730798721,0.0027767561841756105
129,0,0,0.9990869760513306,0.000511038233526051,0.00037905172212049365,2.2867177904117852e-05
130,0,0,0.9557211399078369,0.0018433894729241729,0.005712443962693214,0.03672299534082413
131,0,0,0.9785346984863281,0.00010945092071779072,0.0005594072863459587,0.020796358585357666
132,1,1,0.00041059323120862246,0.9987579584121704,0.000709390442352742,0.00012209164560772479
133,0,0,0.9713543057441711,0.015843408182263374,4.345905108493753e-05,0.012758880853652954
134,1,1,0.001858903095126152,0.997972309589386,5.460905754262058e-07,0.00016825860075186938
135,1,1,0.11213008314371109,0.8826075792312622,0.0022418787702918053,0.003020382020622492
136,0,0,0.7834486961364746,0.1721280813217163,0.015880011022090912,0.02854315936565399
137,1,1,0.0032662786543369293,0.9967161417007446,4.169543444731971e-06,1.3452996427076869e-05
138,1,1,0.04145767539739609,0.9584341645240784,7.160904351621866e-05,3.6580877349479124e-05
139,0,0,0.5201982259750366,0.00048293767031282187,0.47270873188972473,0.0066101388074457645
140,1,1,0.03346838057041168,0.9644392728805542,6.444945029215887e-06,0.002085935091599822
141,0,0,0.9815816879272461,7.62411332289048e-07,0.002261495916172862,0.016156019642949104
142,1,1,0.05052494257688522,0.9478868246078491,0.0006456684786826372,0.0009425489115528762
143,0,0,0.9604788422584534,0.0001856796006904915,0.03708004578948021,0.0022553952876478434
144,0,0,0.9944974780082703,0.0004748673236463219,0.0009253248572349548,0.004102362785488367
145,0,0,0.9999488592147827,2.430047061352525e-05,2.1704521714127623e-05,5.0869848564616404e-06
146,1,1,0.0010635302169248462,0.9975499510765076,0.0005963858566246927,0.0007900847704149783
147,2,2,0.08363381773233414,2.226754259027075e-05,0.915788471698761,0.0005554815288633108
148,1,1,0.030057208612561226,0.9697110056877136,6.0682319599436596e-05,0.00017107381427194923
149,1,1,0.005948025267571211,0.9938517808914185,9.747711010277271e-05,0.00010275329987052828
150,1,1,9.29866437218152e-05,0.9998985528945923,7.3524929575796705e-06,1.1273874633843661e-06
151,0,0,0.7118721008300781,0.005697113461792469,0.04601389542222023,0.23641693592071533
152,1,1,0.0029488150030374527,0.9970030188560486,2.4842700440785848e-05,2.3353344658971764e-05
153,0,0,0.9999260902404785,5.842870631767028e-09,4.640011866285931e-06,6.920045416336507e-05
154,0,2,0.03490738943219185,3.752147313207388e-05,0.6359274983406067,0.32912760972976685
155,0,3,0.1777624487876892,2.6438744953338755e-06,0.09688060730695724,0.7253542542457581
156,2,2,0.07524006068706512,6.0728216340066865e-05,0.9245371222496033,0.0001620719995116815
157,1,1,0.002403123304247856,0.9971633553504944,0.000254890852374956,0.00017864441906567663
158,1,1,0.04071171209216118,0.9590284824371338,0.00015439713024534285,0.00010538693459238857
159,0,0,0.9999971389770508,2.6509326289669843e-06,6.287195475351837e-08,1.3490898709278554e-07
160,1,1,0.03733096644282341,0.9501584768295288,0.008357001468539238,0.004153504502028227
161,2,2,0.007037511561065912,6.697131084365537e-06,0.986711323261261,0.0062445420771837234
162,3,3,0.0017991299973800778,8.831422019284219e-05,0.03219696506857872,0.9659156203269958
163,0,0,0.9997039437294006,2.0944789866916835e-06,0.00022081745555624366,7.308676867978647e-05
164,0,0,0.9931046366691589,0.0015166521770879626,0.0015781210968270898,0.0038005472160875797
165,2,2,0.03984815254807472,0.001776237040758133,0.7195383310317993,0.23883724212646484
166,2,2,8.54489699122496e-05,1.1555815035535488e-05,0.9998461008071899,5.6879394833231345e-05
167,2,2,0.000107998785097152,0.0003029469808097929,0.979592502117157,0.019996559247374535
168,1,1,0.013670564629137516,0.9860380291938782,1.936408989422489e-05,0.0002719470940064639
169,0,0,0.9993244409561157,2.5220797397196293e-05,0.0005153628881089389,0.00013495929306373
170,3,3,0.00449275691062212,0.21393325924873352,0.04062732681632042,0.7409466505050659
171,3,3,0.00011342682410031557,0.0001846321247285232,0.010779252275824547,0.9889227151870728
172,2,3,0.014710167422890663,5.240129030426033e-05,0.42910492420196533,0.5561325550079346
173,3,3,0.009711107239127159,0.007265404332429171,0.3570927679538727,0.625930666923523
174,0,0,0.9987421631813049,1.931635051732883e-05,0.0007691254722885787,0.0004694444069173187
175,0,0,0.941352128982544,0.0009455561521463096,0.038678113371133804,0.01902415044605732
176,3,3,5.7820161600830033e-05,0.000491732731461525,0.05327781289815903,0.9461725950241089
177,1,1,0.0076992264948785305,0.9922713041305542,3.0613227863796055e-06,2.639849844854325e-05
178,3,3,0.0017506465082988143,0.006621536798775196,0.09549712389707565,0.8961306214332581
179,1,1,2.5284525690949522e-05,0.9999738931655884,5.045538955528173e-07,3.430549213589984e-07
180,2,2,0.0003958555171266198,8.285076091851806e-07,0.9994854927062988,0.0001178939055535011
181,1,1,8.320333222400222e-07,0.9999943971633911,3.312708713565371e-06,1.4007910067448393e-06
182,1,1,1.7364822269883007e-05,0.999981164932251,2.7061648477655353e-09,1.4183930261424393e-06
183,3,2,0.012333584018051624,0.0021019845735281706,0.5200105905532837,0.46555379033088684
184,2,2,0.020618557929992676,0.00018219553749077022,0.9769353866577148,0.0022639089729636908
185,0,0,0.9902516603469849,1.2299732588871848e-05,0.008845253847539425,0.0008907768642529845
186,3,3,8.685876309755258e-06,1.9193801108485786e-06,3.5570831187214935e-06,0.9999858140945435
187,0,0,0.9978075623512268,0.0017988767940551043,0.00017579332052264363,0.00021782584371976554
188,1,1,0.01713142916560173,0.9184637665748596,0.03159088268876076,0.03281383216381073
189,3,3,6.087516521802172e-05,3.121024150232188e-08,0.00809514056891203,0.9918439984321594
190,3,3,7.204326539067551e-05,7.95655432739295e-06,0.0012594141298905015,0.9986605644226074
191,0,0,0.9996134638786316,2.559289350756444e-05,0.00022906660160515457,0.0001319397852057591
192,0,0,0.9999980926513672,2.0499670017049e-10,5.941976723988773e-07,1.3398766895988956e-06
193,0,0,1.0,1.8956516911750043e-11,5.789334878159025e-08,5.527336366384361e-10
194,2,2,7.916919457784388e-06,1.23371944482642e-06,0.9999754428863525,1.5506238923990168e-05
195,2,2,0.08219871670007706,2.5862427719403058e-05,0.9096894264221191,0.008086038753390312
196,0,2,0.08554954826831818,0.0001820930337999016,0.9100803136825562,0.004188040271401405
197,1,1,0.004105481319129467,0.9957238435745239,0.00011466569412732497,5.600096847047098e-05
198,2,2,7.26577172827092e-06,2.36556161326007e-06,0.9999593496322632,3.096946238656528e-05
199,1,1,0.012044751085340977,0.9869356751441956,0.0002529841149225831,0.0007666697492823005
200,3,3,0.04047815129160881,0.0012949752854183316,0.04353966563940048,0.9146872758865356
201,3,3,8.015760977286845e-05,2.7713185772881843e-06,0.01505710743367672,0.9848598837852478
202,3,3,0.0007999467197805643,1.8103836509908433e-06,0.000660319288726896,0.9985378980636597
203,0,0,0.999963641166687,2.400844039129879e-07,2.805862095556222e-05,8.147943844960537e-06
204,1,1,0.001221633399836719,0.9987670183181763,3.8149637475726195e-06,7.5873085734201595e-06
205,1,1,0.003698511514812708,0.9869565963745117,0.005468026269227266,0.0038768381346017122
206,1,1,0.05671991780400276,0.9150142073631287,0.022982502356171608,0.005283311475068331
207,3,3,0.0026972065679728985,0.0006463039899244905,0.44500958919525146,0.551646888256073
208,1,1,0.011615266092121601,0.9866839051246643,0.0003424731257837266,0.0013582800747826695
209,3,3,0.02786152996122837,0.0006741024553775787,0.012285067699849606,0.9591794013977051
210,1,1,0.00028144847601652145,0.9996497631072998,1.9900598999811336e-05,4.8868736485019326e-05
211,0,0,0.9560703635215759,0.00156624976079911,0.02095077745616436,0.02141265757381916
212,1,1,0.00038354145362973213,0.9988675117492676,4.08266259910306e-06,0.0007449091644957662
213,1,1,0.16158798336982727,0.8295720815658569,0.0034720036201179028,0.005367880687117577
214,1,1,0.0037594169843941927,0.9932148456573486,0.0028375715482980013,0.0001881604257505387
215,3,2,0.06855927407741547,0.05116618052124977,0.47619351744651794,0.4040810465812683
216,2,2,2.0665616830228828e-05,1.7547992001709645e-06,0.9998326301574707,0.00014497882511932403
217,2,2,0.007037434261292219,0.0023659849539399147,0.9348745942115784,0.05572199821472168
218,3,3,0.00016712045180611312,4.4995736971031874e-05,0.008290043100714684,0.991497814655304
219,1,1,1.8056268800137332e-06,0.9999980926513672,1.4746536214360617e-09,1.553251962604918e-07
220,1,1,0.0010043162619695067,0.9985964894294739,0.0002655163989402354,0.0001337123685516417
221,0,0,0.9999182224273682,8.01420355855953e-07,7.395595457637683e-05,7.123376235540491e-06
222,2,2,0.054794877767562866,0.02539866976439953,0.6810795664787292,0.2387269139289856
223,1,1,0.34509599208831787,0.653971254825592,0.0006939569720998406,0.00023887326824478805
224,2,2,1.7858430510386825e-05,5.344355713532423e-07,0.999754011631012,0.0002275649458169937
225,2,2,0.005493002478033304,0.002950050635263324,0.904495894908905,0.08706101775169373
226,0,0,0.9998489618301392,1.075530803973379e-06,1.0378558727097698e-05,0.00013956284965388477
227,1,1,0.010388247668743134,0.9895931482315063,1.6876454537850805e-05,1.7643219507590402e-06
228,2,2,0.0007816333672963083,2.282163904965273e-06,0.9989424347877502,0.0002735952439252287
229,0,0,0.9957256317138672,5.472345037560444e-06,0.0033138205762952566,0.0009550421964377165
230,1,1,0.006961367093026638,0.9928730726242065,0.00014495538198389113,2.0544581275316887e-05
231,1,1,0.2286088764667511,0.7686583995819092,0.001372013590298593,0.0013607166474685073
232,2,2,0.005749935284256935,5.397161544351547e-07,0.9936097860336304,0.0006398054538294673
233,3,3,2.58154017274137e-07,5.506289824097621e-08,0.0003899893199559301,0.9996097683906555
234,2,2,0.024913964793086052,0.010578198358416557,0.6984444856643677,0.266063392162323
235,1,1,0.002497596899047494,0.9974955916404724,3.186486097206398e-08,6.756884886272019e-06
236,2,2,0.017287833616137505,2.151832995878067e-05,0.9821513891220093,0.0005392683087848127
237,1,1,0.005149315111339092,0.9489073157310486,0.010894158855080605,0.03504925221204758
238,0,0,0.9995883107185364,0.00032001282670535147,2.1616971935145557e-05,7.014446600805968e-05
239,2,2,0.005131098907440901,0.00011123946023872122,0.9406530857086182,0.054104600101709366
240,3,3,0.002177662216126919,1.2486895073493542e-08,0.4463028311729431,0.5515194535255432
241,1,1,0.009766620583832264,0.9818887114524841,0.007277696393430233,0.0010670392075553536
242,1,1,0.003932665567845106,0.9960662722587585,9.632747151044896e-07,8.845623966635685e-08
243,3,3,0.00016310118371620774,6.121113642620912e-07,0.004908294882625341,0.9949280023574829
244,2,2,0.00232177646830678,2.3598375264555216e-05,0.9969513416290283,0.0007033180445432663
245,2,2,0.2017226666212082,0.01419876143336296,0.615229070186615,0.16884946823120117
246,3,3,0.00018142416956834495,8.335111488122493e-05,0.006522375624626875,0.9932128190994263
247,3,3,0.0011389352148398757,5.985453412904462e-07,0.0007265495369210839,0.9981339573860168
248,3,3,0.007923944853246212,0.0009272051975131035,0.15768219530582428,0.8334667086601257
249,0,0,0.9998058676719666,1.2145890195824904e-06,0.00015738951333332807,3.544312858139165e-05
250,2,2,0.012443221174180508,0.0009275867487303913,0.9796522259712219,0.006977026350796223
251,0,0,0.9999994039535522,5.455672358323227e-09,1.965376128509888e-07,3.963487813507527e-07
252,1,1,0.19582481682300568,0.703309178352356,0.051485925912857056,0.049380090087652206
253,2,2,0.06373987346887589,3.107166321569821e-06,0.935901939868927,0.00035497176577337086
254,2,2,5.310876076691784e-05,2.2004319362167735e-06,0.9999260902404785,1.858089308370836e-05
255,3,3,0.0010968351271003485,2.5017463485710323e-05,0.0008643611799925566,0.9980138540267944
256,2,2,2.3000173314358108e-05,2.219663201685762e-06,0.999913215637207,6.150728586362675e-05
257,3,3,0.0013148820726200938,1.6401765606133267e-05,0.016067907214164734,0.9826008677482605
258,3,2,0.14606443047523499,0.006501154508441687,0.5090605020523071,0.33837392926216125
259,3,3,0.00352930068038404,0.0013701383722946048,0.006732544396072626,0.9883679747581482
260,1,1,0.0003387645701877773,0.9996597766876221,9.632876754039899e-07,4.798029635821877e-07
261,0,0,0.9997844099998474,3.881226348312339e-06,3.206178689652006e-06,0.00020846814732067287
262,3,3,0.0375758558511734,0.0010594307677820325,0.335035502910614,0.6263291835784912
263,3,3,0.002087198430672288,0.00021127110812813044,0.029985342174768448,0.9677162766456604
264,3,0,0.5948408246040344,0.06585310399532318,0.10164445638656616,0.237661674618721
265,3,3,0.07607410848140717,0.0004944516695104539,0.00014227513747755438,0.9232892394065857
266,1,1,1.0692522664612625e-05,0.9999884366989136,6.463894806074677e-07,1.92550203337305e-07
267,3,2,0.0013019300531595945,9.292782488046214e-05,0.6932184100151062,0.3053867518901825
268,1,1,0.0030443083960562944,0.9960518479347229,0.0008173440000973642,8.656761201564223e-05
269,1,1,0.05789467692375183,0.9356590509414673,2.4901448341552168e-05,0.006421387195587158
270,1,1,0.011016149073839188,0.9871187210083008,2.3691252863500267e-05,0.0018414888763800263
271,0,0,0.9982569813728333,8.774478919804096e-05,0.00010382584878243506,0.0015514494152739644
272,2,3,0.052075743675231934,0.0015225124079734087,0.14654213190078735,0.7998595833778381
273,3,3,0.0008216204587370157,1.037231186273857e-06,0.0017471968894824386,0.997430145740509
274,1,3,0.12808427214622498,0.2685266435146332,0.05680610239505768,0.5465829968452454
275,3,3,0.00021688731794711202,2.2235071810428053e-05,4.044361503474647e-07,0.9997604489326477
276,3,3,7.661104609724134e-05,0.00011192091187695041,1.098528059628734e-06,0.9998103976249695
277,1,1,0.00016481499187648296,0.9998185038566589,4.953175221089623e-07,1.6187559594982304e-05
278,2,2,0.1755182147026062,2.2458540115621872e-05,0.8236393928527832,0.0008199401199817657
279,3,3,0.00053886923706159,1.7251923054573126e-05,0.03692056983709335,0.9625232815742493
280,2,2,8.815927139949054e-05,3.6936333344783634e-05,0.9924120306968689,0.007462927605956793
281,1,1,0.00042454624781385064,0.9994951486587524,3.8147267332533374e-05,4.212048224871978e-05
282,1,1,0.0006068653892725706,0.9993419051170349,3.1218740332406014e-05,2.0058307200088166e-05
283,3,3,0.005154774058610201,2.7317660169501323e-06,7.507093687308952e-05,0.994767427444458
284,1,1,0.001458110404200852,0.997401237487793,0.0003612597065512091,0.0007794032571837306
285,0,0,0.9999638795852661,1.30739834958149e-07,3.5278790164738894e-05,6.84367591929913e-07
286,0,2,0.4782009422779083,0.0002833866165019572,0.5182560682296753,0.003259603399783373
287,2,2,0.003549975110217929,0.00015975719725247473,0.9727095365524292,0.02358067035675049
288,2,0,0.5613124370574951,0.0004548072465695441,0.43622487783432007,0.002007948700338602
289,1,1,0.0004400982288643718,0.9995348453521729,1.249432079930557e-05,1.2623397196875885e-05
290,1,1,0.015837550163269043,0.9836787581443787,0.0003460858715698123,0.0001374936691718176
291,3,3,0.004527622368186712,0.01936458982527256,0.025532955303788185,0.9505748152732849
292,3,3,0.0018127455841749907,6.124201172497123e-05,0.0413416363298893,0.9567843675613403
293,3,3,0.057763341814279556,6.570915866177529e-05,0.07705608755350113,0.8651148676872253
294,1,1,0.002013455843552947,0.9971204996109009,0.0007261892315000296,0.00013990809384267777
295,0,2,0.001551027875393629,0.0003768580500036478,0.9890410304069519,0.009031100198626518
296,0,0,0.9976328611373901,3.416110121179372e-05,0.0011527147144079208,0.0011801855871453881
297,3,3,0.014546370133757591,6.0637077694991603e-05,0.050677310675382614,0.9347156882286072
298,1,1,1.7767411918612197e-05,0.9999819993972778,2.2304546121176827e-07,4.180808588216678e-08
299,2,2,0.02921624667942524,8.683733540237881e-06,0.9686764478683472,0.0020986427552998066
300,1,1,0.0003227108099963516,0.9996620416641235,6.045244390406879e-06,9.127786142926197e-06
301,2,2,6.364439286699053e-07,2.973438029130193e-07,0.9999959468841553,3.1838376344239805e-06
302,2,0,0.5168893337249756,0.00012146116932854056,0.4761412441730499,0.006848003249615431
303,2,2,0.014779888093471527,0.002866435097530484,0.8829705715179443,0.09938312321901321
304,2,2,0.1550862044095993,1.6261235941783525e-05,0.8436586260795593,0.0012389646144583821
305,1,1,0.03302479535341263,0.7811967730522156,0.12273048609495163,0.06304802000522614
306,3,3,0.0002185806370107457,2.151201385913737e-07,0.0009166973759420216,0.9988645315170288
307,3,3,0.0062783886678516865,2.73351415671641e-05,0.01226307637989521,0.9814311265945435
308,1,1,0.03414253517985344,0.9648023247718811,0.00019801572489086539,0.0008571171201765537
309,2,2,0.019938046112656593,0.002751935739070177,0.9704840779304504,0.006826023571193218
310,2,3,0.016239168122410774,0.0002597055572550744,0.13147477805614471,0.8520262837409973
311,1,1,0.03987690433859825,0.9598085880279541,0.00017748450045473874,0.0001370794343529269
312,3,0,0.5989372134208679,0.008445607498288155,0.0037664384581148624,0.38885074853897095
313,2,2,0.06730527430772781,0.00022790036746300757,0.8750519156455994,0.05741497874259949
314,2,2,0.022032422944903374,0.0021146798972040415,0.9527102708816528,0.023142734542489052
315,0,0,0.9999936819076538,5.805489422527899e-07,5.365834567783168e-06,4.103456490156532e-07
316,0,0,0.7711400389671326,0.0003505776694510132,0.159448504447937,0.06906083226203918
317,2,3,0.00040566251846030354,2.2494759832625277e-07,0.0064119393937289715,0.9931821227073669
318,1,1,0.01004796102643013,0.9898859262466431,3.820872734650038e-05,2.792705527099315e-05
319,2,2,0.08953993767499924,0.0002160820149583742,0.6684844493865967,0.2417595237493515
320,2,2,0.003057911992073059,0.0003394227533135563,0.9938827753067017,0.002719890559092164
321,0,0,0.9999923706054688,1.0998959396602004e-06,6.3196212067850865e-06,2.694393117508298e-07
322,1,1,2.551778561610263e-05,0.9999730587005615,3.1466097283328054e-08,1.4544955320161534e-06
323,3,3,0.0016769717913120985,1.6567470083828084e-05,0.22368739545345306,0.7746191024780273
324,1,1,0.0758441835641861,0.9191620945930481,0.0008193019311875105,0.004174402449280024
325,3,3,0.0001064169846358709,0.00013760037836618721,0.003965830896049738,0.9957901835441589
326,0,0,0.9629953503608704,0.004282822832465172,0.00022280652774497867,0.03249906376004219
327,0,2,0.3307902216911316,0.044700540602207184,0.42868292331695557,0.19582624733448029
328,3,3,0.0017220578156411648,0.0004416035662870854,0.0182049423456192,0.9796314835548401
329,2,2,0.000332425202941522,0.00011183242895640433,0.52711421251297,0.4724416136741638
330,3,3,0.006075206678360701,8.855488704284653e-05,0.00015125246136449277,0.9936849474906921
331,1,1,0.006041525863111019,0.9938693046569824,5.1745635573752224e-05,3.7428311770781875e-05
332,0,0,1.0,1.7091613457864696e-08,1.6235783550921923e-11,9.35832078496901e-10
333,0,0,0.9999774694442749,1.6442376704617345e-07,2.2015179638401605e-05,3.21214031373529e-07
334,1,1,0.08494793623685837,0.9137288928031921,0.0001913250598590821,0.0011317909229546785
335,0,0,0.9994580149650574,0.0003124761860817671,2.21409118239535e-06,0.00022727811301592737
336,2,2,0.2685029208660126,0.0011747300159186125,0.7293845415115356,0.0009377735550515354
337,2,2,0.03781447932124138,0.4404201805591583,0.5180659890174866,0.003699422115460038
338,1,1,0.013191432692110538,0.9865784049034119,4.1326072164338257e-07,0.00022968754637986422
339,1,1,0.00011392179294489324,0.9996353387832642,1.0313096026948188e-05,0.00024041003780439496
340,3,3,0.03275838866829872,0.003801133716478944,0.18761567771434784,0.775824785232544
341,1,1,0.01527845673263073,0.9841750264167786,0.0003855255199596286,0.00016095099272206426
342,0,0,1.0,2.2287117928954103e-08,2.4174310553348732e-08,1.3332103421248576e-08
343,1,1,0.0011305930092930794,0.9974718689918518,0.0012904576724395156,0.00010707556793931872
344,1,0,0.5825088620185852,0.026343779638409615,0.017995135858654976,0.3731522262096405
345,3,3,0.0032942595425993204,4.3106301745865494e-05,0.43528082966804504,0.5613818168640137
346,3,2,0.000796761829406023,1.1643438483588398e-05,0.8224110007286072,0.1767806112766266
347,1,1,0.002099642064422369,0.9941629767417908,0.0023511084727942944,0.0013861965853720903
348,0,1,0.00034457375295460224,0.999485969543457,2.0642914023483172e-05,0.0001488326524849981
349,2,2,0.0023830437567085028,1.2153898751421366e-05,0.9792106747627258,0.018394144251942635
350,1,1,0.007737674750387669,0.992260754108429,1.5179334695858415e-06,1.5823927412839112e-07
351,0,0,0.9999977350234985,4.726848601421807e-07,1.7031358083841042e-06,8.791786854089878e-08
352,0,0,0.9981092214584351,0.00186008564196527,1.3016871889703907e-05,1.768370930221863e-05
353,1,1,0.00012032018275931478,0.9998581409454346,4.8784354476083536e-06,1.6689491530996747e-05
354,0,0,0.9999755620956421,2.69746124104131e-07,1.2807621715182904e-05,1.1393506611057092e-05
355,0,1,3.641083458205685e-05,0.999958872795105,1.959634118975373e-06,2.6887446438195184e-06
356,1,1,0.016676342114806175,0.9794301986694336,0.0015344084240496159,0.002359058242291212
357,2,2,0.04033921658992767,5.6870427215471864e-05,0.7340725064277649,0.22553133964538574
358,1,1,2.422336910967715e-05,0.999944806098938,2.3808142941561528e-05,7.192073098849505e-06
359,1,1,0.0020697813015431166,0.9977815747261047,0.0001290639047510922,1.962343776540365e-05
360,1,1,0.010928519070148468,0.9709038138389587,0.00026077311486005783,0.017906948924064636
361,0,0,0.9999728202819824,1.0102255032506946e-07,5.821049398946343e-06,2.121626130247023e-05
362,2,2,0.002844636095687747,2.419272277620621e-05,0.995406985282898,0.0017241605091840029
363,0,2,0.13507197797298431,0.06959767639636993,0.7597614526748657,0.035568997263908386
364,0,0,0.9999548196792603,8.242981493822299e-06,7.551570888608694e-06,2.9369442927418277e-05
365,3,1,0.06718616187572479,0.6292318105697632,0.22619834542274475,0.07738365978002548
366,1,1,0.0011694668792188168,0.9985743761062622,0.00011386210098862648,0.0001422397035639733
367,2,2,0.21219182014465332,0.0006672819727100432,0.7820367813110352,0.0051041883416473866
368,0,0,0.99997878074646,1.9761168914556038e-06,3.828191438515205e-06,1.5440122297150083e-05
369,0,1,0.2675390839576721,0.7276928424835205,0.002531194593757391,0.0022369062062352896
370,1,1,0.00010850902617676184,0.9997865557670593,8.612609008196159e-07,0.00010401994950370863
371,0,0,0.9995779395103455,3.370342582798003e-08,1.4430081591854105e-06,0.0004206373414490372
372,0,1,0.09051457792520523,0.9081586599349976,0.00021300380467437208,0.0011138389818370342
373,1,1,0.0700051560997963,0.8737898468971252,0.03365599364042282,0.02254902943968773
374,1,1,0.3107096552848816,0.6818277835845947,0.0021733029279857874,0.005289294291287661
375,3,3,0.24039745330810547,7.680730959691573e-06,0.001441963599063456,0.7581528425216675
376,1,1,0.06344083696603775,0.8832350373268127,0.029627056792378426,0.02369709312915802
377,1,1,0.0002359966019866988,0.9997606873512268,1.5332168459281093e-06,1.759827796377067e-06
378,2,0,0.6323686838150024,0.001708547119051218,0.33316469192504883,0.03275812789797783
379,0,0,0.9549010396003723,0.01704048365354538,0.025918953120708466,0.002139441668987274
380,1,1,0.12950566411018372,0.8689833879470825,5.904863792238757e-05,0.001451867283321917
381,1,1,0.01527684461325407,0.9739838242530823,0.00020814671006519347,0.010531255044043064
382,3,3,0.00018975636339746416,0.002075635362416506,0.005362039431929588,0.9923725128173828
383,1,1,0.0008800917421467602,0.9991123080253601,2.122364321621717e-06,5.421125024440698e-06
384,2,2,0.32483023405075073,0.08462409675121307,0.5489252209663391,0.04162043333053589
385,1,1,0.03272010013461113,0.966869056224823,0.0003583703364711255,5.245317515800707e-05
386,1,1,0.004321435932070017,0.9949986934661865,0.0005096430541016161,0.00017024780390784144
387,1,1,0.030006103217601776,0.9684056639671326,6.408270564861596e-05,0.001524049905128777
388,0,0,0.9999849796295166,7.651646228623576e-06,3.7067834455228876e-06,3.6464346067077713e-06
389,0,0,1.0,2.4549509092253174e-09,2.6096120819829594e-08,5.225476717996003e-10
390,0,0,0.9946649074554443,0.00012303830590099096,0.00356793194077909,0.0016440723557025194
391,1,1,7.926757098175585e-05,0.9999130964279175,6.812505944253644e-06,8.593939924139704e-07
392,0,0,0.9999821186065674,4.504769094637595e-06,4.707640073320363e-06,8.73335466167191e-06
393,0,0,0.9989911913871765,1.1032179827452637e-05,0.0007866577943786979,0.00021107033535372466
394,0,0,0.9998918771743774,3.1549794243801443e-07,3.9312911326305766e-07,0.0001074731262633577
395,1,1,0.04637574031949043,0.9074411392211914,0.03167779743671417,0.014505349099636078
396,1,1,0.00037405561306513846,0.9977237582206726,0.0016766453627496958,0.00022547866683453321
397,3,2,0.01005646027624607,0.01486347708851099,0.6180073618888855,0.3570726811885834
398,1,1,0.012727580964565277,0.9872716069221497,5.321847993400297e-07,1.8950548508200882e-07
399,2,3,0.002937758108600974,0.0006129701505415142,0.3023380935192108,0.694111168384552
400,3,2,0.028077535331249237,0.23708702623844147,0.5488989353179932,0.18593651056289673
401,1,1,0.040432993322610855,0.9591150283813477,0.00038504358963109553,6.687398854410276e-05
402,0,0,0.9994345307350159,0.00021873167133890092,0.0002176994748879224,0.00012909773795399815
403,0,0,0.9999860525131226,6.625179072017318e-09,1.170347513834713e-05,2.256890411445056e-06
404,0,0,0.9939897060394287,2.4471924916724674e-05,0.005254756193608046,0.0007310633664019406
405,2,2,0.016009217128157616,0.0003749779425561428,0.9812105894088745,0.0024051456712186337
406,2,2,0.044494517147541046,0.002739054849371314,0.9437252879142761,0.009041174314916134
407,2,2,0.0002589197247289121,3.476320853224024e-05,0.999626874923706,7.944602111820132e-05
408,2,0,0.8781178593635559,9.865432366495952e-05,0.10846006870269775,0.01332335826009512
409,1,1,0.0071770497597754,0.9922812581062317,0.00010040487541118637,0.00044119602534919977
410,2,0,0.5736722946166992,0.020263636484742165,0.29125648736953735,0.11480758339166641
411,1,1,0.000247114134253934,0.9923900961875916,0.0008778402698226273,0.006484988145530224
412,0,0,0.9999885559082031,5.957404027867597e-07,2.145865437341854e-06,8.70070743985707e-06
413,0,0,0.992402195930481,0.0023210567887872458,0.0034381644800305367,0.001838665921241045
414,0,0,0.9998897314071655,5.817421993015159e-07,5.79422885493841e-05,5.1778995839413255e-05
415,1,3,0.13731704652309418,0.33979177474975586,0.06366021931171417,0.4592309296131134
416,1,1,0.03633302077651024,0.9624192714691162,0.0007895302842371166,0.0004582617257256061
417,2,2,0.0002765831886790693,1.2803523929960647e-07,0.9997090697288513,1.4193404240359087e-05
418,2,2,0.0013495114399120212,0.0007137495558708906,0.8130861520767212,0.1848505586385727
419,0,0,0.9961501359939575,8.373294258490205e-05,0.0005912390188314021,0.003174878191202879
420,0,0,0.9871687889099121,0.0018607057863846421,0.009860387071967125,0.0011100884294137359
421,1,1,0.0017535340739414096,0.9982045888900757,3.44564177794382e-05,7.370493221969809e-06
422,2,2,0.002022155560553074,1.8723312678048387e-05,0.9960720539093018,0.0018870487110689282
423,3,3,0.0007046408136375248,1.992677789530717e-05,0.00246695289388299,0.9968084692955017
424,3,3,2.143573328794446e-05,2.073768143873167e-07,0.00023699479061178863,0.9997413754463196
425,0,0,0.9431807398796082,1.2698546925093979e-05,0.055560220032930374,0.001246389001607895
426,2,2,3.234412702113332e-07,7.582083583201893e-08,0.9999990463256836,5.124429094394145e-07
427,2,2,0.0007271000067703426,0.00031013478292152286,0.9979907274246216,0.0009719855152070522
428,3,3,0.00013735692482441664,5.4346023716789205e-06,0.006463044788688421,0.9933941960334778
429,3,3,0.004660869017243385,0.00040745860314927995,0.0056472355499863625,0.9892844557762146
430,0,0,0.9974914789199829,6.83129474055022e-05,0.0014549397164955735,0.000985192134976387
431,1,1,0.002503368305042386,0.9957004189491272,0.0016504119848832488,0.00014577744877897203
432,1,1,0.00042794656474143267,0.998790442943573,0.000475813023513183,0.00030587270157411695
433,2,2,0.0008634062833152711,6.05809555054293e-06,0.9670905470848083,0.032040055841207504
434,2,2,0.0014042677357792854,0.0017443366814404726,0.9452025294303894,0.05164886638522148
435,3,3,0.003960350062698126,0.00010048082185676321,0.2461635172367096,0.7497757077217102
436,2,2,0.3310864567756653,0.004099336452782154,0.6156383752822876,0.04917590320110321
437,2,2,0.06987746804952621,0.17153505980968475,0.7494524717330933,0.009135011583566666
438,3,3,0.0010678471298888326,3.236892735003494e-05,0.1207788735628128,0.8781208992004395
439,3,3,0.00027282958035357296,8.897190127754584e-06,0.09141521900892258,0.9083031415939331
440,2,3,0.03677387908101082,0.003995717968791723,0.2880603075027466,0.6711701154708862
441,3,3,0.07013639807701111,0.0009187492541968822,0.08630116283893585,0.842643678188324
442,0,0,0.9933967590332031,0.0034925921354442835,0.00056883180513978,0.0025418938603252172
443,2,2,0.052602093666791916,6.640017886638816e-07,0.9471985101699829,0.00019874940335284919
444,0,0,0.9109837412834167,0.0006250402075238526,0.06056396663188934,0.027827206999063492
445,3,3,0.0033956533297896385,9.598174983693752e-06,0.007996958680450916,0.9885978698730469
446,3,3,0.0002069247857434675,3.705094968609046e-07,0.2112530916929245,0.7885395884513855
447,3,3,2.7901720386580564e-05,1.5338891046212666e-08,0.003226673463359475,0.9967454671859741
448,2,0,0.8321344256401062,0.0005817214259877801,0.08759006857872009,0.07969377189874649
449,2,0,0.5185124278068542,3.731293691089377e-05,0.0798427015542984,0.40160754323005676
450,0,1,0.24945206940174103,0.7484689354896545,0.000509516044985503,0.0015694887842983007
451,0,0,0.971232533454895,8.919689571484923e-05,0.022891247645020485,0.005787129048258066
452,2,2,1.4097026905801613e-05,5.180601760912396e-07,0.9999814033508301,4.0109798646881245e-06
453,3,3,0.005484187509864569,0.0002503428258933127,0.08923040330410004,0.905035138130188
454,3,3,1.1378885744761646e-07,1.9273146634191107e-08,0.0001487146073486656,0.9998511075973511
455,1,1,0.0017120883567258716,0.9982181191444397,6.311173638096079e-05,6.715713880112162e-06
456,2,2,0.09357134997844696,0.0012649687705561519,0.8777078986167908,0.02745579183101654
457,3,3,1.4283718883234542e-05,4.039295617985772e-06,0.0022308926563709974,0.9977508187294006
458,1,1,0.0001857242314144969,0.9998120665550232,6.308736146820593e-07,1.5355168443420553e-06
459,2,2,0.044806696474552155,2.6273874027538113e-05,0.9547587633132935,0.00040830724174156785
460,1,1,0.00011445830023149028,0.999879002571106,4.693034952651942e-06,1.7672144849711913e-06
461,1,1,5.159732268111838e-07,0.9999885559082031,2.5082877073145937e-06,8.514951332472265e-06
462,3,3,0.17736662924289703,0.0004433530557435006,0.006279502529650927,0.8159105181694031
463,1,1,0.0006763078854419291,0.9993025064468384,8.438656550424639e-06,1.26876311696833e-05
464,0,0,0.9998366832733154,5.0401242333464324e-05,4.830095576835447e-07,0.00011243126209592447
465,3,3,0.09375277161598206,0.0019032841082662344,0.011528725735843182,0.8928152322769165
466,2,2,0.005923720076680183,0.0005192307871766388,0.9738572835922241,0.01969974674284458
467,2,2,0.00020470474555622786,2.9782557248836383e-05,0.702661395072937,0.2971040904521942
468,3,3,3.674635081551969e-05,8.263183985945943e-07,0.003911396022886038,0.996051013469696
469,1,1,0.051325488835573196,0.930142879486084,0.008738299831748009,0.00979334581643343
470,0,0,0.9999665021896362,6.507994385174243e-06,1.5073021131684072e-05,1.1974143490078859e-05
471,3,3,4.269213604857214e-05,3.2262275340144697e-07,0.022211460396647453,0.977745532989502
472,0,0,0.9999997615814209,1.0503677927431454e-08,1.2459231868433562e-08,2.3700118845226825e-07
473,2,2,0.004965545609593391,9.948651859303936e-05,0.99436354637146,0.0005714938160963356
474,1,1,0.046645715832710266,0.952006459236145,0.0008149114437401295,0.0005329435225576162
475,3,3,0.0035767413210123777,0.0009550036047585309,0.22495603561401367,0.7705122232437134
476,1,1,0.001420068321749568,0.998150110244751,0.0003837035910692066,4.6126726374495775e-05
477,3,3,0.00038462557131424546,1.50840651258477e-06,0.4726521670818329,0.5269616842269897
478,0,0,0.998123824596405,4.226772944093682e-05,0.000978289172053337,0.0008555499371141195
479,2,2,0.0055304463021457195,2.076268174278084e-06,0.9927135109901428,0.001753952819854021
480,3,3,0.007599736098200083,0.0010893912985920906,0.2567366361618042,0.7345741987228394
481,2,2,0.3818151354789734,0.03238087520003319,0.5190947651863098,0.06670915335416794
482,2,2,0.0016921400092542171,5.2125484216958284e-05,0.9977935552597046,0.0004621452244464308
483,3,3,0.004697181284427643,0.006165370345115662,0.004458793438971043,0.9846786260604858
484,2,2,0.006141281221061945,0.0004528397985268384,0.8470386862754822,0.1463671773672104
485,2,2,0.062250539660453796,0.00017654082330409437,0.8884975910186768,0.04907534644007683
486,1,1,0.040786273777484894,0.9566940069198608,0.00020094026695005596,0.0023188265040516853
487,2,2,0.000845864531584084,1.4245705415305565e-06,0.9985353946685791,0.0006173154688440263
488,2,2,0.19915662705898285,0.0014755558222532272,0.7856767177581787,0.013691105879843235
489,1,1,0.002026449190452695,0.9937058091163635,0.002699401695281267,0.0015684413956478238
490,1,1,3.5603097785497084e-05,0.9999439716339111,1.54037606989732e-05,4.964322215528227e-06
491,3,3,5.335346941137686e-06,0.00013450933329295367,0.0005250096437521279,0.9993351101875305
492,1,1,0.0025284048169851303,0.9971908926963806,0.00023499142844229937,4.5777800551149994e-05
493,2,2,0.001658427296206355,0.0022518166806548834,0.9812573194503784,0.014832397922873497
494,2,2,0.0006787559832446277,3.321010240142641e-07,0.9992861151695251,3.484424451016821e-05
495,1,1,0.01350879855453968,0.9835262894630432,0.0009508715593256056,0.002013999270275235
496,2,2,0.05285678431391716,0.0016365540213882923,0.93714439868927,0.00836225226521492
497,0,0,0.9999991655349731,9.992039196049518e-09,5.538130380955408e-07,2.702492167827586e-07
498,1,0,0.6704362034797668,0.16174465417861938,0.07410451024770737,0.09371460229158401
499,3,3,3.6477966204984114e-05,0.0004273731028661132,0.0004937874036841094,0.9990423321723938
500,3,0,0.987800121307373,1.7135900634457357e-05,8.488813909934834e-05,0.012097862549126148
501,1,1,0.00131113245151937,0.998672604560852,1.2176848940725904e-05,4.123936378164217e-06
502,1,1,0.0033646344672888517,0.9958047270774841,0.0005127595504745841,0.00031789709464646876
503,0,0,0.6305093765258789,0.0012834701919928193,0.006642491091042757,0.36156466603279114
504,0,0,0.9986720085144043,0.0006532810511998832,0.00018562287732493132,0.0004891682183369994
505,0,0,0.9996606111526489,3.23136082442943e-05,7.715059473412111e-05,0.00022999591601546854
506,0,0,0.9991827607154846,0.0005126239266246557,0.00011407258716644719,0.00019049894763156772
507,3,3,0.0005224272608757019,0.0031916354782879353,9.51302790781483e-05,0.9961907863616943
508,2,2,6.700673839077353e-05,0.00032049178844317794,0.9988414645195007,0.0007710549980401993
509,3,3,2.9965351586724864e-06,1.2847501693613594e-06,2.919268808909692e-05,0.9999665021896362
510,3,3,1.6680413637004676e-06,7.121449812075298e-07,3.854534588754177e-05,0.9999591112136841
511,0,0,0.9056359529495239,0.060150355100631714,0.006675257347524166,0.0275383573025465
512,3,3,0.0009793317876756191,3.5492405004333705e-05,0.22505229711532593,0.7739328742027283
513,0,0,0.9999979734420776,3.7774645633703585e-09,4.248499294590147e-07,1.5549615000054473e-06
514,0,0,0.999998927116394,3.421404812797846e-07,6.440727702283766e-07,1.5628742744411284e-07
515,1,1,0.13253553211688995,0.47731223702430725,0.1338253617286682,0.25632694363594055
516,0,0,0.9999450445175171,2.402673999313265e-06,7.8290185001606e-07,5.174137186259031e-05
517,2,2,0.21464930474758148,0.0002927111927419901,0.781636655330658,0.0034213345497846603
518,3,3,0.005352984648197889,0.0016045934753492475,0.012495341710746288,0.9805471301078796
519,1,1,5.0126100177294575e-06,0.9998716115951538,5.048493039794266e-05,7.287620974238962e-05
520,2,2,0.017669249325990677,0.0008430226589553058,0.9780927896499634,0.003394981613382697
521,0,0,0.9621320366859436,6.860192570457002e-06,0.014378971420228481,0.023482060059905052
522,2,2,0.0005464175483211875,7.937982445582747e-05,0.9990046620368958,0.00036953494418412447
523,0,0,0.9867885112762451,0.004251779057085514,0.008036274462938309,0.0009234839235432446
524,0,0,0.9580413103103638,0.0002978186821565032,0.0021780768875032663,0.03948281332850456
525,0,0,0.9997751116752625,7.691283826716244e-06,3.533158451318741e-05,0.00018191886192653328
526,3,3,0.009773565456271172,0.0006498508155345917,0.37112197279930115,0.61845463514328
527,0,1,0.06110311672091484,0.9018286466598511,0.023354429751634598,0.013713788241147995
528,0,0,0.5495645999908447,0.0009246459230780602,0.4463447630405426,0.0031660080421715975
529,0,0,0.9988927245140076,1.8711678421823308e-05,0.0003974716819357127,0.0006910758675076067
530,1,1,8.40945212985389e-05,0.9999128580093384,6.061001727175608e-07,2.40393069361744e-06
531,3,3,0.00351180462166667,5.335028163244715e-06,0.025678053498268127,0.9708048105239868
532,3,3,1.9977372289758932e-07,1.982824073820666e-07,0.0039445883594453335,0.996055006980896
533,3,3,2.780610157060437e-05,9.936641163221793e-07,0.002060197526589036,0.9979110360145569
534,2,2,0.001533074420876801,0.0499839149415493,0.9233295917510986,0.025153428316116333
535,2,2,0.013289902359247208,0.0013487227261066437,0.9573152661323547,0.028046032413840294
536,3,3,3.7849710565751593e-07,1.326801793766208e-06,7.084864819262293e-07,0.999997615814209
537,3,3,3.239733268856071e-05,7.792060330302775e-08,8.197939678211696e-06,0.9999592304229736
538,1,1,0.0015098457224667072,0.9982494115829468,0.00011199549771845341,0.00012876192340627313
539,3,3,3.1977149774320424e-05,1.6280412182823056e-06,0.00427936902269721,0.995686948299408
540,1,1,0.0002630540984682739,0.999565064907074,2.182071330025792e-05,0.0001499849313404411
541,0,0,0.9918109178543091,8.407356290263124e-06,0.002256004838272929,0.005924686323851347
542,0,0,0.9997013211250305,2.9344504582695663e-05,5.607791536021978e-06,0.000263676221948117
543,3,3,0.008722490631043911,0.0029496648348867893,0.00029636663384735584,0.9880315065383911
544,1,1,0.003831590060144663,0.9955881834030151,0.0005347321275621653,4.5507764298236e-05
545,3,3,0.022074831649661064,1.75005043274723e-05,0.044291459023952484,0.9336162209510803
546,2,2,0.0021470021456480026,0.0005684189964085817,0.9502243399620056,0.04706026613712311
547,1,1,0.46106618642807007,0.5195304155349731,0.006952967029064894,0.012450448237359524
548,3,3,0.1277574747800827,0.019792737439274788,0.09295929968357086,0.7594904899597168
549,2,2,0.001617640140466392,3.0913238333596382e-06,0.5669785141944885,0.4314008355140686
550,0,0,0.9996932744979858,6.813220534240827e-05,6.382434366969392e-05,0.00017471893806941807
551,0,0,0.9992141723632812,2.0769823095179163e-05,0.0007410665857605636,2.3970596885192208e-05
552,0,0,0.9997331500053406,0.00013745138130616397,6.159141776151955e-05,6.779871182516217e-05
553,1,0,0.8974499106407166,0.09871742129325867,0.0036766272969543934,0.0001560592500027269
554,3,2,0.027910681441426277,7.643505341548007e-06,0.576813817024231,0.39526790380477905
555,3,3,0.013679123483598232,6.803263090660039e-07,0.00013426394434645772,0.9861859083175659
556,3,0,0.8074792623519897,8.472742047160864e-05,0.0032689825166016817,0.1891671121120453
557,3,3,1.0552834282862023e-05,2.447039832986775e-06,0.004125072155147791,0.9958618879318237
558,3,3,0.0002331120485905558,2.5084034405153943e-06,0.03026166372001171,0.9695026278495789
559,3,3,0.000577382801566273,0.00018368838937021792,0.00398988788947463,0.9952490329742432
560,3,3,5.54529506189283e-05,2.5209565137629397e-06,0.022610504180192947,0.9773314595222473
561,0,0,0.999325156211853,9.629350097384304e-05,0.0001900874194689095,0.00038842199137434363
562,2,2,0.00010839597962331027,7.088763231877238e-05,0.999439537525177,0.00038119812961667776
563,3,3,0.06052710488438606,0.0013774906983599067,0.4464820921421051,0.4916132986545563
564,1,1,0.06561118364334106,0.9300109148025513,0.0009895764524117112,0.003388376906514168
565,0,2,0.0057016704231500626,1.3204214610595955e-06,0.9557822346687317,0.03851475566625595
566,0,0,0.9992509484291077,3.916355854016729e-05,0.0006181827047839761,9.164422226604074e-05
567,3,3,5.9208658058196306e-05,3.2892960462049814e-06,0.0010308215860277414,0.9989066123962402
568,3,2,0.0007742847083136439,1.2408579095790628e-05,0.6917809247970581,0.3074323832988739
569,1,1,0.00014611464575864375,0.9997878670692444,4.656988676288165e-05,1.938448622240685e-05
570,3,3,0.00045036812662146986,0.00039317074697464705,0.003123437287285924,0.9960330128669739
571,2,2,0.09905844926834106,0.06845340877771378,0.7486826777458191,0.08380542695522308
572,3,3,2.5261586415581405e-05,3.843076228804421e-06,0.00021528548677451909,0.9997556805610657
573,3,3,0.03153021261096001,0.0008648817311041057,0.03026563674211502,0.9373392462730408
574,0,1,0.2560257911682129,0.5331422686576843,0.01101615559309721,0.1998157501220703
575,2,2,0.020540229976177216,7.545620974269696e-06,0.9742979407310486,0.005154318176209927
576,1,1,0.02705547772347927,0.9728378653526306,8.259256719611585e-05,2.402831523795612e-05
577,3,3,0.004217079374939203,0.00011614195682341233,0.01377684436738491,0.9818899631500244
578,3,3,0.00010802500764839351,0.0005822254461236298,0.3502785861492157,0.6490312218666077
579,0,0,0.9999973773956299,1.4296169803529324e-10,8.894298986206195e-08,2.454707100696396e-06
580,1,1,0.0041311089880764484,0.9902859330177307,0.002036609221249819,0.0035463650710880756
581,3,3,2.082925129798241e-05,6.169981588755036e-06,0.001076097832992673,0.9988968372344971
582,2,3,1.2223870726302266e-05,1.748795693856664e-05,0.14668579399585724,0.853284478187561
583,1,1,0.004798928741365671,0.9940734505653381,0.0007353473920375109,0.00039225543150678277
584,0,1,0.07713785767555237,0.9222818613052368,0.0004993749898858368,8.087784954113886e-05
585,2,2,0.001549763255752623,0.0062120757065713406,0.9909300208091736,0.0013081467477604747
586,3,3,4.09066473139319e-07,1.500860591363562e-08,0.006112387869507074,0.9938872456550598
587,3,3,0.02455921843647957,1.0331853445677552e-05,0.0520700104534626,0.9233604669570923
588,3,3,0.0002771811850834638,4.51271858992186e-07,0.15343651175498962,0.846285879611969
589,2,2,0.002812572056427598,0.00025709407054819167,0.9867070913314819,0.01022322941571474
590,0,0,0.996476948261261,9.772325938683935e-06,0.0010398246813565493,0.002473375992849469
591,2,2,0.002914160955697298,0.0024187241215258837,0.9885424375534058,0.006124658510088921
592,3,3,0.021171802654862404,0.00021892835502512753,0.0008820036891847849,0.9777272939682007
593,0,0,0.9983127117156982,0.000865847454406321,0.0006318923551589251,0.00018950407684314996
594,3,3,3.2580232073087245e-05,1.2497648071985168e-07,0.00028447448858059943,0.9996829032897949
595,0,0,0.9993694424629211,2.3698017685092054e-05,0.00024391105398535728,0.0003629695565905422
596,3,3,7.183807610999793e-07,6.728669288413869e-10,0.0009878900600597262,0.9990113973617554
597,3,3,0.00013367940846364945,4.7512958190054633e-07,0.006452282890677452,0.9934136271476746
598,2,2,0.002152262954041362,1.768072252161801e-05,0.9969846606254578,0.0008454034687019885
599,0,0,0.9992200136184692,0.00013408339873421937,3.634387758211233e-05,0.0006095211138017476
600,2,0,0.9641469717025757,0.0018884363817051053,0.032073624432086945,0.001890926156193018
601,2,2,0.0075861564837396145,1.9144696125295013e-05,0.9898650050163269,0.002529735444113612
602,3,3,0.001710834912955761,1.428545488124655e-06,0.38349512219429016,0.6147926449775696
603,2,2,0.045400239527225494,6.826863682363182e-05,0.9524555802345276,0.0020758812315762043
604,1,1,5.615720510832034e-06,0.9999887943267822,1.2423098496583407e-06,4.310134045226732e-06
605,0,0,0.9998937845230103,4.490686478675343e-05,6.69212067805347e-06,5.4664549679728225e-05
606,0,0,0.8433972001075745,0.001817324198782444,0.1040121465921402,0.05077333748340607
607,3,3,0.012619639746844769,0.02383124642074108,0.31804972887039185,0.6454994082450867
608,1,1,0.0001732626697048545,0.9998264908790588,3.039101841295633e-07,1.6215601306157623e-08
609,1,1,0.0007268441841006279,0.9991917014122009,7.748883217573166e-05,3.967615157307591e-06
610,1,1,0.00010157378710573539,0.9998750686645508,2.321704596397467e-05,1.760488146373973e-07
611,0,0,0.9986371397972107,7.975207154231612e-06,0.0001699166459729895,0.0011850340524688363
612,0,0,0.9988227486610413,0.0001635714143048972,0.0009033292881213129,0.00011030850873794407
613,0,0,0.7448505163192749,0.25365257263183594,0.0003723218687810004,0.0011245914502069354
614,0,0,0.9956502318382263,0.0042916107922792435,2.6543821149971336e-05,3.162589928251691e-05
615,2,2,0.0002328122645849362,2.910564944613725e-07,0.9997292160987854,3.7726338632637635e-05
616,3,3,0.08941306918859482,4.159413947490975e-05,0.002804340096190572,0.9077410101890564
617,0,0,0.9526451230049133,0.0025711299385875463,0.0016988542629405856,0.04308490455150604
618,0,0,0.9996730089187622,0.000227469063247554,6.868325726827607e-05,3.091491817031056e-05
619,2,2,0.003953462466597557,0.00020702909387182444,0.9471734166145325,0.04866613820195198
620,2,2,0.012091748416423798,0.00012593792052939534,0.9812996983528137,0.006482621189206839
621,2,2,0.0004405764921102673,4.2682957428041846e-05,0.9968345761299133,0.002682098187506199
622,3,3,4.171084947302006e-05,6.536678120028228e-05,0.00030683595105074346,0.9995860457420349
623,3,3,0.0241377092897892,8.42616573208943e-05,0.005548282526433468,0.9702296853065491
624,3,3,0.00048489164328202605,0.00011707365047186613,0.011373186483979225,0.988024890422821
625,0,0,0.9997954964637756,2.585657057352364e-05,0.00015476894623134285,2.3785594748915173e-05
626,0,1,0.057392019778490067,0.9422484636306763,4.253283987054601e-05,0.0003170300042256713
627,3,3,0.00010299325367668644,4.558346944349978e-08,0.005041155032813549,0.9948558807373047
628,2,2,1.4691057003801689e-05,4.868948053626809e-07,0.9998677968978882,0.00011705031647579744
629,1,1,0.051241204142570496,0.9302715063095093,0.016809076070785522,0.0016782351303845644
630,3,3,0.000262244459008798,6.11448228937661e-07,0.02198830619454384,0.9777488708496094
631,1,1,0.13140064477920532,0.8681552410125732,0.00023366959067061543,0.00021047827613074332
632,3,3,6.372915231622756e-05,8.280525776171999e-07,0.001337038935162127,0.9985983967781067
633,3,3,0.06246839836239815,1.4572360669262707e-05,0.0014011164894327521,0.9361158609390259
634,2,2,1.1173706297995523e-05,2.24378300117678e-06,0.9999463558197021,4.024162990390323e-05
635,3,3,0.0007682456052862108,1.1320647672619089e-06,0.0023366506211459637,0.9968938827514648
636,3,3,0.00011644462210824713,8.649395226711931e-07,0.163045734167099,0.8368369340896606
637,1,1,0.00011041868128813803,0.9998880624771118,1.2244411209394457e-06,2.3280003347281308e-07
638,1,1,0.0808505117893219,0.8958125114440918,0.006249665282666683,0.017087304964661598
639,0,0,0.9491009712219238,1.1400396942917723e-05,0.04655147343873978,0.004336207639425993
640,2,2,4.940614871884463e-06,8.098586334881475e-08,0.9984788298606873,0.0015161418123170733
641,3,3,0.0010237540118396282,1.6430676623713225e-05,0.0010788127547129989,0.9978809952735901
642,3,3,0.3085886836051941,0.00448484905064106,0.000990191358141601,0.6859362721443176
643,2,0,0.9999823570251465,1.4638617429341139e-08,9.304992090619635e-06,8.331615390488878e-06
644,1,1,6.166159437270835e-05,0.9999382495880127,1.3958681677195273e-07,2.7728443541263914e-08
645,3,3,6.580497938557528e-06,3.3273206412332e-08,0.0009998976020142436,0.9989935755729675
646,0,0,0.99993896484375,5.503569582288037e-07,5.657818110194057e-05,3.8402890822908375e-06
647,0,0,0.9970532655715942,2.3607586626894772e-05,0.0023968080058693886,0.0005263260682113469
648,1,1,0.0008384355460293591,0.9990983009338379,4.0180125893130025e-07,6.293569458648562e-05
649,2,2,0.00019821089517790824,8.205088306567632e-06,0.9997285008430481,6.513942207675427e-05
650,0,0,0.8657852411270142,0.0046255579218268394,0.006648976355791092,0.12294023483991623
651,2,2,6.118389137554914e-05,3.1139432365989705e-08,0.9998942613601685,4.453812653082423e-05
652,0,0,0.9987479448318481,9.12286268430762e-05,0.001059883157722652,0.00010096730693476275
653,0,0,0.9999978542327881,1.173675823196163e-08,1.0631897850998939e-07,2.052719310086104e-06
654,3,3,0.037179626524448395,0.07590045779943466,0.0056319329887628555,0.8812880516052246
655,0,3,0.24269454181194305,0.0003566452651284635,0.2546892762184143,0.5022594928741455
656,2,2,0.3514849841594696,3.161041604471393e-05,0.6378651261329651,0.010618227533996105
657,3,3,0.0007022288045845926,0.00023208050697576255,0.0009624132071621716,0.998103141784668
658,3,3,6.452546949731186e-05,0.0015392799396067858,0.013215635903179646,0.9851804971694946
659,3,0,0.5547757148742676,5.056458121543983e-06,0.02363346517086029,0.4215857684612274
660,3,3,1.745647023199126e-05,2.402384097877075e-06,0.000350256625097245,0.9996298551559448
661,3,3,8.526216177529022e-09,2.0511528031619264e-09,2.4934632165241055e-05,0.9999750852584839
662,1,1,0.00433401158079505,0.9956331849098206,1.75775039679138e-05,1.5222729416564107e-05
663,2,2,0.008278803899884224,0.0006978355813771486,0.9893819093704224,0.0016414863057434559
664,3,2,9.533674892736599e-05,9.656488145992626e-06,0.9796707630157471,0.020224284380674362
665,1,1,0.0011265078792348504,0.9988277554512024,2.1742678654845804e-05,2.3901233362266794e-05
666,1,1,0.0033340274821966887,0.9959839582443237,0.00048098943079821765,0.00020102625421714038
667,2,2,0.004293340723961592,1.4143466842142516e-06,0.9956232905387878,8.201105811167508e-05
668,3,3,0.0056907301768660545,7.168496085796505e-05,0.000649957568384707,0.9935876131057739
669,0,0,0.9007111191749573,0.003094363957643509,0.04681776463985443,0.04937678575515747
670,1,1,2.5175877453875728e-05,0.9999686479568481,3.88847047361196e-06,2.2831013666291256e-06
671,3,3,0.0018919163849204779,3.7360456190072e-05,0.0034625069238245487,0.9946081638336182
672,0,0,1.0,1.880404099097177e-08,9.779888010541526e-09,1.2253514647397878e-08
673,2,0,0.8476211428642273,0.0009114218992181122,0.14653804898262024,0.004929384682327509
674,1,1,0.0004511154838837683,0.9995367527008057,7.838582860131282e-06,4.233125764585566e-06
675,1,1,1.911401795950951e-06,0.999997615814209,4.928521661895502e-07,4.3465920640528566e-08
676,0,1,0.10223093628883362,0.8968605995178223,0.000751486630178988,0.0001569756423123181
677,0,3,0.0485289990901947,0.00030479038832709193,0.006656990386545658,0.9445092678070068
678,0,0,0.9995366334915161,0.00020884563855361193,0.0001907800615299493,6.37677512713708e-05
679,1,1,0.0003897316346410662,0.998719334602356,0.0003912211977876723,0.0004997099749743938
680,3,2,0.13455629348754883,3.610498970374465e-05,0.5905875563621521,0.2748200297355652
681,0,0,0.9990289211273193,0.0005348460981622338,1.9848164811264724e-05,0.00041629551560617983
682,0,0,0.9917114973068237,0.007361747790127993,0.0004325128102209419,0.0004941692459397018
683,0,0,0.9385011792182922,0.00010625841241562739,0.04724579304456711,0.01414677407592535
684,0,0,0.9970179796218872,0.0008994287927635014,0.0005015140050090849,0.0015810213517397642
685,2,2,0.0005356181063689291,1.0761645171442069e-05,0.8715184330940247,0.1279352605342865
686,1,1,0.00036541797453537583,0.9983868598937988,0.00013393467816058546,0.0011137856636196375
687,2,2,0.28874045610427856,0.00534184230491519,0.6948225498199463,0.011095123365521431
688,2,2,0.01097448356449604,0.0004097025375813246,0.9860866069793701,0.002529199467971921
689,0,3,0.3555498421192169,0.008575075305998325,0.250846803188324,0.3850283622741699
690,1,1,2.4545448695789673e-07,0.9999995231628418,2.72670348522297e-07,7.219308484351927e-10
691,1,1,0.0957081988453865,0.8994984030723572,0.0008154265233315527,0.003977940883487463
692,1,1,0.04507124051451683,0.9544435143470764,0.00034772130311466753,0.00013755996769759804
693,1,1,0.005721304100006819,0.9909691214561462,0.0029980416875332594,0.0003115590079687536
694,0,0,0.9947263598442078,1.7503883782410412e-06,0.0035911528393626213,0.001680784160271287
695,0,0,0.9999996423721313,2.051607239650366e-08,2.181136693479857e-07,8.914275184679354e-08
696,1,1,0.002566041424870491,0.9917618036270142,0.0017477970104664564,0.003924265503883362
697,0,0,0.9973549842834473,6.271489837672561e-05,0.000868947827257216,0.001713343313895166
698,1,1,0.28105685114860535,0.7070711255073547,0.0033920302521437407,0.008479971438646317
699,0,0,0.9999856948852539,6.5522986005817074e-06,4.712036115961382e-06,2.9781342618662165e-06
700,2,2,0.009159876964986324,0.0011682696640491486,0.9794754981994629,0.010196322575211525
701,1,1,0.006406393367797136,0.9919039607048035,0.0008263090858235955,0.0008633584366180003
702,3,3,0.00016994551697280258,8.468883834211738e-07,0.0020848349668085575,0.9977444410324097
703,0,0,0.9252009391784668,0.014897200278937817,0.0008084731525741518,0.059093400835990906
704,1,1,0.3338393270969391,0.4738936722278595,0.1380990743637085,0.054167937487363815
705,1,1,0.28340426087379456,0.3467535078525543,0.08640601485967636,0.2834361791610718
706,3,3,0.01104678213596344,6.640225183218718e-05,0.033882614225149155,0.9550042152404785
707,2,2,0.31208664178848267,0.17234504222869873,0.41083359718322754,0.10473474115133286
708,3,3,0.0003191323485225439,3.315385583846364e-06,0.14759361743927002,0.8520838618278503
709,3,3,3.6017188449477544e-06,6.864217283464313e-08,0.18287518620491028,0.817121148109436
710,2,2,0.0011085791047662497,3.3730520954122767e-06,0.9987674951553345,0.00012062863243045285
711,2,2,0.0003184358647558838,8.898765372578055e-05,0.998883068561554,0.0007095598266460001
712,2,2,0.0010021025082096457,1.6679241525707766e-05,0.9986953139305115,0.00028596498304978013
713,1,1,0.0012218761257827282,0.9987072944641113,5.968161713099107e-05,1.1163948329340201e-05
714,1,1,0.07587026059627533,0.8948231339454651,0.028841489925980568,0.0004650968767236918
715,3,3,9.906369814416394e-05,0.0002239888272015378,7.342534809140489e-05,0.9996034502983093
716,3,3,0.0010477614123374224,1.147386046795873e-05,0.00048124854220077395,0.9984595775604248
717,1,1,0.3784066140651703,0.6082819104194641,0.010783703066408634,0.002527800854295492
718,1,1,0.0003263707912992686,0.9995679259300232,8.227303624153137e-05,2.3514006898039952e-05
719,0,2,0.0003792438074015081,6.492583679573727e-07,0.9993769526481628,0.00024320212833117694
720,0,0,0.9981231093406677,4.338815051596612e-05,0.0004526289412751794,0.0013809024821966887
721,0,0,0.9905256032943726,9.523329208604991e-05,0.004438996780663729,0.004940221551805735
722,3,3,0.0037094198632985353,0.00016670873446855694,0.001749707036651671,0.99437415599823
723,2,2,0.002130070235580206,0.0001058109337463975,0.9973289966583252,0.0004351691750343889
724,0,0,0.999842643737793,1.660852831264492e-05,0.00010807329817907885,3.262256723246537e-05
725,0,0,0.9999839067459106,3.4968243767252716e-07,1.2006381439277902e-05,3.7209608763077995e-06
726,1,1,0.0037635331973433495,0.9786844849586487,0.012331750243902206,0.005220150109380484
727,0,2,0.08214856684207916,0.0009366387384943664,0.7091303467750549,0.20778441429138184
728,2,2,0.000740187824703753,1.3562960702984128e-05,0.9977310299873352,0.00151528581045568
729,2,2,0.0003529073146637529,1.633665851841215e-05,0.999055802822113,0.0005749738193117082
730,2,2,0.0009677466587163508,1.4759410987608135e-05,0.9952781200408936,0.003739279229193926
731,3,3,6.426619074773043e-05,7.349203315243358e-06,1.8525790437706746e-05,0.9999097585678101
732,3,3,0.006470727268606424,0.01024562492966652,6.557218148373067e-05,0.9832180738449097
733,2,2,0.00011188356438651681,3.2647591297063627e-07,0.999538779258728,0.0003489797527436167
734,2,3,0.0053987279534339905,0.024604180827736855,0.22198885679244995,0.7480082511901855
735,1,0,0.4712119698524475,0.4010058343410492,0.013305103406310081,0.11447702348232269
736,2,2,0.03445795178413391,0.00085277552716434,0.9570519328117371,0.007637279108166695
737,0,0,0.9997488856315613,0.00018845056183636189,3.641558578237891e-05,2.6192617951892316e-05
738,3,3,0.03909052535891533,0.00713864853605628,0.10371910780668259,0.8500516414642334
739,1,1,0.0008261243929155171,0.9937816262245178,0.0036570774391293526,0.0017351910937577486
740,1,1,0.0002972223737742752,0.9996222257614136,1.7853522876976058e-05,6.266276614041999e-05
741,3,3,4.883849760517478e-05,3.5736100016947603e-06,3.656020635389723e-05,0.9999110698699951
742,0,0,0.9967954754829407,0.00012730715388897806,1.5699171854066662e-05,0.00306160026229918
743,3,3,0.06684991717338562,0.02247796021401882,0.020151255652308464,0.8905208110809326
744,2,3,0.0007805617642588913,2.553665399318561e-05,0.09120010584592819,0.9079937934875488
745,2,2,0.009162452071905136,7.503635970351752e-06,0.989740252494812,0.0010897223837673664
746,2,2,5.429381872090744e-06,2.6097904992639087e-06,0.9999767541885376,1.5176004126260523e-05
747,0,1,0.0026120783295482397,0.9973835349082947,2.2952212930249516e-06,2.1839459805050865e-06
748,3,3,6.776002919650637e-06,2.4492072370208007e-08,6.445965118473396e-05,0.9999287128448486
749,1,1,0.002117602387443185,0.9977987408638,5.9585367125691846e-05,2.406773273833096e-05
750,0,0,0.9882475733757019,9.70798464550171e-06,0.0008295709267258644,0.010913118720054626
751,2,3,0.2136259377002716,0.08085053414106369,0.21056567132472992,0.49495789408683777
752,1,1,5.719364821743511e-07,0.9999991655349731,1.1327815485628889e-07,7.280959835043177e-08
753,1,1,0.006554421503096819,0.9930900931358337,0.00022959163470659405,0.00012593585415743291
754,0,0,0.8296514749526978,0.00040262730908580124,0.06241840124130249,0.10752742737531662
755,3,3,0.003232513787224889,0.0016715809470042586,0.049523334950208664,0.9455726146697998
756,0,0,0.9149097204208374,0.009710829704999924,0.012231688015162945,0.06314768642187119
757,0,0,0.9994074106216431,0.00030358604271896183,0.0002442289551254362,4.4828764657722786e-05
758,3,3,0.0027821073308587074,0.00013093094457872212,0.009256355464458466,0.9878305792808533
759,1,1,1.4875039596518036e-05,0.9969335794448853,0.00300344149582088,4.813477426068857e-05
760,2,2,0.052995722740888596,0.00010547606507316232,0.9236331582069397,0.023265695199370384
761,3,3,0.0008459560922347009,4.217275545670418e-06,0.0006369566544890404,0.9985129237174988
762,2,3,0.0004741148732136935,3.27492898577475e-06,0.4082852303981781,0.5912374258041382
763,3,3,4.869880649494007e-05,9.932234661391703e-07,0.003119773231446743,0.9968305230140686
764,0,0,0.9989522695541382,0.0002914051874540746,1.7204460164066404e-05,0.0007391514373011887
765,1,1,0.0005755809834226966,0.9994046688079834,1.8679749700822867e-05,1.1117862186438288e-06
766,1,1,0.00026797421742230654,0.9993394017219543,0.00034931983100250363,4.3193900637561455e-05
767,1,1,0.0008884678245522082,0.9977673292160034,0.0012893357779830694,5.484080975293182e-05
768,0,0,0.9996082186698914,1.325896192838627e-07,7.620392716489732e-05,0.0003154883161187172
769,1,1,0.004798881709575653,0.9950762391090393,8.194879774237052e-05,4.296634142519906e-05
770,2,2,0.00474911741912365,0.0011990084312856197,0.988240122795105,0.00581172714009881
771,1,1,0.00043115715379826725,0.9991486072540283,7.251339411595836e-05,0.0003476954880170524
772,0,0,0.9665096402168274,0.001454859972000122,0.03109278343617916,0.000942674174439162
773,1,1,2.4713136781429057e-07,0.9999997615814209,3.1206401018835095e-08,5.3411309153261755e-08
774,1,1,0.001972241559997201,0.9664851427078247,0.029442038387060165,0.0021005847956985235
775,0,0,0.9999922513961792,2.188159442084725e-06,1.1032218480977463e-06,4.470175099413609e-06
776,3,3,0.0388934463262558,1.4958209249016363e-05,0.025893978774547577,0.935197651386261
777,1,1,0.02434302493929863,0.9685002565383911,0.0032879048958420753,0.0038688075728714466
778,3,3,1.243921542481985e-05,5.880261255697405e-07,0.005136611871421337,0.9948503375053406
779,1,1,0.0001865359372459352,0.9994572997093201,0.00025246592122130096,0.00010362376633565873
780,0,0,0.9999939203262329,3.1121073789108777e-06,1.0349575632062624e-06,1.9045060071221087e-06
781,0,0,0.9988850951194763,0.00023455639893654734,0.0003783911233767867,0.0005019857198931277
782,1,1,0.031283337622880936,0.9330416321754456,0.02678394317626953,0.008891104720532894
783,3,3,0.0016756776021793485,0.0004195251385681331,0.012076056562364101,0.9858287572860718
784,1,1,0.014144958928227425,0.985831618309021,1.2002305993519258e-05,1.136014088842785e-05
785,0,0,0.9999394416809082,1.128151507145958e-05,3.0229941330617294e-05,1.9009592506336048e-05
786,0,0,0.9999836683273315,8.826010002849216e-07,1.0340367225580849e-05,5.025493464927422e-06
787,1,1,0.0001887511753011495,0.9998101592063904,8.529046908734017e-07,2.758262382940302e-07
788,2,2,0.314657062292099,0.0001383585768053308,0.38125455379486084,0.30395007133483887
789,3,0,0.6844717264175415,0.03150685876607895,0.06520695984363556,0.21881446242332458
790,0,0,0.9967431426048279,0.0013263969449326396,2.7064120331488084e-06,0.001927733886986971
791,3,3,0.00023062976833898574,0.00019061165221501142,0.010879519395530224,0.9886992573738098
792,0,0,0.9999998807907104,4.722075508389878e-10,4.4333624771297764e-08,1.047407636178832e-07
793,1,1,0.009543655440211296,0.9903230667114258,8.123676525428891e-05,5.206316927797161e-05
794,3,3,0.004066489636898041,0.15343698859214783,0.11408257484436035,0.7284139394760132
795,0,0,0.9998286962509155,3.345116965647321e-06,5.5147997045423836e-05,0.00011276517761871219
796,2,2,0.1559753268957138,0.015487270429730415,0.6228673458099365,0.20567011833190918
797,0,0,0.9999946355819702,3.702817821249482e-07,4.259091383573832e-06,7.239926276270126e-07
798,1,1,0.35847264528274536,0.6269804239273071,0.00033226553932763636,0.014214604161679745
799,0,0,0.9999346733093262,7.92173153740805e-08,4.364374035503715e-06,6.0817819758085534e-05
800,1,1,3.373358049429953e-05,0.9999650716781616,9.581590347806923e-07,1.9036873766253848e-07
801,1,1,3.847062180284411e-05,0.9999489784240723,6.907981969561661e-06,5.563184004131472e-06
802,0,0,0.853315532207489,0.04419597238302231,0.06610098481178284,0.03638743981719017
803,0,0,0.9965751767158508,0.001301565789617598,2.7674970624502748e-05,0.0020954906940460205
804,2,2,0.13249580562114716,0.08336124569177628,0.7682368755340576,0.015906140208244324
805,3,3,3.9853970520198345e-05,0.00030770094599574804,0.0066804843954741955,0.9929720759391785
806,2,2,0.03691888600587845,0.004385945852845907,0.4869338572025299,0.4717613458633423
807,1,1,0.0004292233206797391,0.99956876039505,1.0475539511389798e-06,9.846189641393721e-07
808,0,0,0.9998445510864258,2.8959821065654978e-05,3.4238601074321195e-05,9.223207598552108e-05
809,1,1,0.0005991038051433861,0.9992256164550781,0.00012689348659478128,4.838085442315787e-05
810,0,0,0.999994158744812,1.3156536624592263e-06,3.485280899440113e-07,4.216906745568849e-06
811,3,3,0.012045576237142086,0.0069955564104020596,0.25630223751068115,0.7246566414833069
812,3,3,0.0007090414292179048,1.6769161447882652e-05,0.027194594964385033,0.9720795154571533
813,0,0,0.9999033212661743,7.5381080932857e-06,2.5766994440346025e-05,6.339335959637538e-05
814,1,1,5.921965930610895e-05,0.9999377727508545,2.5229528546333313e-06,4.79916764106747e-07
815,0,0,0.9866532683372498,0.00042066237074323,0.0014277424197643995,0.011498257517814636
816,2,2,0.022802693769335747,0.23341798782348633,0.4418960511684418,0.30188336968421936
817,1,1,3.846527306450298e-06,0.9999953508377075,5.976622219350247e-07,1.8399541090730054e-07
818,0,0,0.9998070597648621,3.562779966159724e-05,0.00014686193026136607,1.052266361512011e-05
819,0,3,0.18405675888061523,0.01629641093313694,0.2449854165315628,0.5546613931655884
820,0,0,0.9995241165161133,4.412950602272758e-06,0.00045112872612662613,2.0369090634630993e-05
821,1,1,0.0010932901641353965,0.9984856247901917,7.002360507613048e-05,0.0003511760733090341
822,1,1,0.02015288919210434,0.978783369064331,0.000544777256436646,0.0005189630319364369
823,1,1,0.0020659519359469414,0.9943075776100159,0.0034840654116123915,0.00014244671911001205
824,2,2,0.006526914890855551,0.009588303975760937,0.9164021611213684,0.06748268008232117
825,1,1,0.01700288988649845,0.9767309427261353,0.005302129779011011,0.0009640051866881549
826,0,0,0.9997287392616272,6.058080089133e-06,2.5046354494406842e-05,0.00024012429639697075
827,1,1,0.0012767475564032793,0.9985970854759216,3.53829309460707e-05,9.08863585209474e-05
828,0,0,0.9969455599784851,4.142401667195372e-05,0.00042461094562895596,0.0025883556809276342
829,0,0,0.9993467926979065,1.1397141861380078e-05,0.0005418680957518518,9.994019637815654e-05
830,0,0,0.9702085852622986,0.0012292881729081273,0.0027672809083014727,0.025794832035899162
831,0,0,0.9999985694885254,1.5826874744107045e-07,9.609684639144689e-07,3.337747784826206e-07
832,0,0,0.9587675333023071,0.0004798315349034965,0.04045673459768295,0.00029589541372843087
833,0,1,0.1289442628622055,0.8314275741577148,0.01279662735760212,0.02683154307305813
834,1,1,4.587490184349008e-05,0.9999533891677856,8.203240042803372e-08,5.649466174872941e-07
835,2,3,0.00020957292872481048,9.266142114938702e-06,0.09331397712230682,0.9064671397209167
836,2,2,5.487083763000555e-05,0.00011531398922670633,0.9972098469734192,0.002619876991957426
837,1,1,0.007545182481408119,0.9677255749702454,0.0044002290815114975,0.020329078659415245
838,0,0,0.95342618227005,0.0023521804250776768,0.018462564796209335,0.02575896680355072
839,3,2,0.0007074001478031278,1.0400809514976572e-05,0.9902065396308899,0.00907557737082243
840,1,1,0.0007571459864266217,0.9991707801818848,7.07686849636957e-05,1.3372177818382625e-06
841,0,0,0.9992035031318665,0.0005993270315229893,1.0399056918686256e-05,0.0001868579856818542
842,1,1,0.001962664071470499,0.998035728931427,1.399527945977752e-06,2.069945850280419e-07
843,1,1,0.0006635226309299469,0.9983479976654053,0.00046427466440945864,0.0005242285551503301
844,0,0,0.9951980710029602,0.00022524016094394028,0.004102430772036314,0.0004742379824165255
845,3,3,0.012578727677464485,0.026884421706199646,0.08648233115673065,0.874054491519928
846,0,0,0.9999998807907104,2.5640316536623686e-09,1.189344089880251e-07,2.7408495029135338e-08
847,0,0,0.8949605226516724,0.04834010452032089,0.043971311300992966,0.012728125788271427
848,0,0,0.9967603087425232,5.2005275392730255e-06,6.247352575883269e-05,0.0031719522085040808
849,1,1,0.015523090958595276,0.9814499616622925,6.495084380730987e-05,0.002962042111903429
850,3,3,0.02442951314151287,3.451011434663087e-05,0.014839433133602142,0.9606965184211731
851,1,1,9.325152495875955e-05,0.9998878240585327,1.8639777408679947e-05,2.34170286717017e-07
852,0,0,0.9857714176177979,6.4437422224727925e-06,0.004270763602107763,0.009951408952474594
853,1,1,0.09918810427188873,0.8912378549575806,0.00551870372146368,0.004055358469486237
854,1,1,0.008375122211873531,0.9899888038635254,0.0014950643526390195,0.00014107163588050753
855,1,2,0.20973370969295502,0.029238922521471977,0.45507729053497314,0.3059501051902771
856,1,1,9.864324965747073e-06,0.9999901056289673,4.576796541755357e-08,2.6084764570555308e-08
857,1,1,0.05549333989620209,0.8066331148147583,0.05241850018501282,0.08545500040054321
858,1,1,0.003061349503695965,0.9965730905532837,6.829178005318681e-07,0.00036487934994511306
859,3,3,6.409866182366386e-05,1.2086704828107031e-06,0.0032466589473187923,0.9966880679130554
860,0,0,0.9999998807907104,1.0952457785151637e-07,6.644734096283855e-09,6.397742424724129e-08
861,2,0,0.8204686045646667,6.0181173466844484e-05,0.1780843436717987,0.0013868717942386866
862,1,1,3.4222302929265425e-06,0.9999955892562866,7.6273076743405e-09,9.972801535695908e-07
863,1,1,0.0035612161736935377,0.9956034421920776,0.00030178745510056615,0.0005336015019565821
864,2,0,0.44153881072998047,0.00012189300468889996,0.23681356012821198,0.3215257227420807
865,2,2,0.0019350324291735888,1.3356518138607498e-05,0.9976813793182373,0.00037019443698227406
866,3,3,0.013300537131726742,0.0001207969689858146,9.24050182220526e-05,0.9864863157272339
867,2,2,4.039997747895541e-06,7.49610293837577e-08,0.9995006322860718,0.0004952574381604791
868,0,0,0.9999996423721313,1.4607417142542545e-07,1.6626160004307167e-07,1.0553404905522257e-07
869,0,0,0.99998939037323,2.9647904398188984e-07,4.7579637794115115e-06,5.528353540285025e-06
870,1,1,0.0003039029543288052,0.9996715784072876,1.7332085917587392e-05,7.19735953680356e-06
871,1,1,0.14029033482074738,0.8039688467979431,0.010690482333302498,0.04505035653710365
872,1,1,1.934800820890814e-05,0.9998630285263062,0.0001040864663082175,1.3419993592833634e-05
873,1,0,0.4184069037437439,0.2856898307800293,0.12173517048358917,0.17416812479496002
874,1,3,0.24823352694511414,0.24300901591777802,0.1764421910047531,0.33231526613235474
875,1,1,0.017247967422008514,0.9746952056884766,0.007538223173469305,0.0005185348563827574
876,2,2,0.18213044106960297,0.0073468005284667015,0.8017592430114746,0.008763488382101059
877,2,3,0.0014852191088721156,4.998370059183799e-05,0.05110232159495354,0.9473624229431152
878,1,1,0.00048372367746196687,0.9993100166320801,6.292437319643795e-05,0.00014333604485727847
879,0,0,0.9998844861984253,1.0953691344184335e-05,9.269616566598415e-05,1.1856465789605863e-05
880,3,3,1.7656020645517856e-05,6.303805093921255e-06,0.007361100986599922,0.9926149845123291
881,2,0,0.9649421572685242,0.0218921210616827,0.011200722306966782,0.0019649977330118418
882,0,0,0.9997201561927795,4.863755407313874e-07,0.00015445709868799895,0.00012487386993598193
883,2,2,2.0512045466603013e-06,9.88996795570074e-09,0.9999948740005493,3.067601028305944e-06
884,1,1,0.034738171845674515,0.9617629647254944,0.0033326095435768366,0.00016620702808722854
885,1,1,5.982438233331777e-05,0.999842643737793,8.722013444639742e-05,1.0267074685543776e-05
886,1,1,0.0010192235931754112,0.9983198046684265,0.0005522672436200082,0.00010861862392630428
887,2,3,5.549703200813383e-05,6.854592356830835e-06,0.022259168326854706,0.9776784181594849
888,1,1,6.960580503800884e-05,0.9998672008514404,5.40736218681559e-05,9.00036593520781e-06
889,2,2,0.0009993931744247675,0.000386719882953912,0.9416824579238892,0.05693138390779495
890,2,2,0.0006970658432692289,1.8232807406093343e-06,0.9975066781044006,0.001794495852664113
891,1,1,2.636836507008411e-05,0.9998940229415894,7.759856089251116e-05,2.0828906599490438e-06
892,2,3,8.69842460815562e-06,4.493863337007298e-10,0.0006759548559784889,0.9993153810501099
893,0,0,0.8606211543083191,0.004868717864155769,0.021080845966935158,0.11342930048704147
894,0,0,0.999984622001648,3.101519929771257e-09,1.379193008688162e-06,1.3894025869376492e-05
895,2,2,0.0005014102207496762,0.00047617091331630945,0.9986841082572937,0.000338266312610358
896,0,0,0.6294273734092712,0.32026341557502747,0.012170552276074886,0.03813864663243294
897,0,0,0.9999020099639893,5.560164481721586e-06,4.354837699338532e-07,9.188470721710473e-05
898,0,0,0.9926815629005432,0.00042890236363746226,0.003375540254637599,0.003513941541314125
899,2,2,0.028932176530361176,0.005516625940799713,0.9365760087966919,0.028975142166018486
900,2,2,0.10541591048240662,0.0002300345222465694,0.8802719712257385,0.014082067646086216
901,1,1,0.00042772392043843865,0.9979915618896484,4.1149367461912334e-05,0.0015396183589473367
902,2,2,1.204275667987531e-05,9.071452211628639e-08,0.9925521612167358,0.007435736246407032
903,0,0,0.9999895095825195,2.376765451117535e-08,9.268286703445483e-06,1.1236825230298564e-06
904,3,3,0.0001708312629489228,4.659514161176048e-05,0.017643727362155914,0.9821388721466064
905,1,1,0.2608116865158081,0.7390791773796082,8.199246803997084e-05,2.7138477889820933e-05
906,2,2,0.030577460303902626,0.00035115136415697634,0.9608966708183289,0.008174599148333073
907,2,2,0.00010755201947176829,9.71216559264576e-06,0.9992927312850952,0.0005899412208236754
908,0,0,0.9631848335266113,0.002046380192041397,1.2229739695612807e-05,0.03475653752684593
909,2,2,0.014065183699131012,2.939435034932103e-06,0.9688470363616943,0.017084913328289986
910,3,3,2.2293977963272482e-05,1.0614283382892609e-05,0.0010059542255476117,0.9989610910415649
911,2,2,0.0010536005720496178,1.0949940588034224e-05,0.9943775534629822,0.004557894077152014
912,3,1,2.5139264835161157e-05,0.9999743700027466,2.548306232696973e-09,4.234266270941589e-07
913,1,1,0.003096827305853367,0.9965379238128662,0.0002696120645850897,9.561554179526865e-05
914,2,2,0.003883873112499714,2.79246178251924e-05,0.9960054755210876,8.278786845039576e-05
915,0,0,0.9999990463256836,1.709909724922909e-08,5.707202603844053e-07,2.8211590574755974e-07
916,2,2,0.01195982750505209,2.6634797904989682e-06,0.9806922674179077,0.007345261983573437
917,1,1,0.00023043155670166016,0.9997513890266418,1.0307704542356078e-05,7.841103979444597e-06
918,0,0,0.9991849064826965,4.0590839489595965e-05,0.00013300775026436895,0.0006414070958271623
919,0,0,0.9997233748435974,6.002785994496662e-06,0.00012756267096847296,0.00014307747187558562
920,3,3,0.00017793333972804248,6.133657848295115e-08,0.083387590944767,0.9164344072341919
921,3,3,0.00013940986536908895,3.894406290783081e-06,0.003546791849657893,0.9963098168373108
922,2,0,0.5415160655975342,5.0300408474868163e-05,0.44124075770378113,0.017192885279655457
923,2,2,2.7649477488012053e-05,8.515903573425021e-06,0.999924898147583,3.890079096890986e-05
924,0,0,0.9994267225265503,0.00010071825818158686,0.00012832108768634498,0.00034424904151819646
925,0,3,0.21744927763938904,0.04378501698374748,0.011788309551775455,0.7269774079322815
926,0,0,0.9805395603179932,0.006097046658396721,0.0037505615036934614,0.009612835012376308
927,3,3,0.008846329525113106,7.509397255489603e-05,0.1574045717716217,0.8336740136146545
928,3,3,7.370478851953521e-05,0.00012123922351747751,0.01576188951730728,0.9840430617332458
929,1,1,0.00199770275503397,0.997934103012085,4.959130455972627e-05,1.850426815508399e-05
930,0,2,0.18584482371807098,0.0002628554357215762,0.8130296468734741,0.0008626946364529431
931,2,2,0.016722673550248146,0.005827684421092272,0.9696671366691589,0.007782560307532549
932,2,2,0.009188616648316383,0.0034966361708939075,0.9504616260528564,0.03685314580798149
933,3,3,0.00036007585003972054,5.460717511596158e-05,0.006880440749228001,0.9927049279212952
934,3,3,9.181057066598441e-06,3.284088052168954e-06,0.036380548030138016,0.9636069536209106
935,1,1,0.03560201823711395,0.9553074240684509,0.008685283362865448,0.00040531542617827654
936,2,2,0.02000296488404274,0.0028821234591305256,0.8937897086143494,0.08332513272762299
937,0,0,0.9693883657455444,0.0008873424958437681,0.0075937374494969845,0.022130625322461128
938,0,0,0.5812262892723083,0.04603466019034386,0.12714441120624542,0.2455945611000061
939,1,1,0.01331858430057764,0.9866601228713989,9.05659703676065e-07,2.040512117673643e-05
940,1,1,0.00883428379893303,0.9886793494224548,3.270102388341911e-05,0.002453670371323824
941,3,3,0.0013646080624312162,0.0002088940527755767,0.05220066383481026,0.9462258219718933
942,0,2,0.011950038373470306,4.204826836939901e-06,0.8863419890403748,0.10170373320579529
943,1,1,0.0003219830396119505,0.9996625185012817,5.881362540094415e-06,9.644343663239852e-06
944,3,3,0.135991632938385,0.12426593154668808,0.3406344950199127,0.3991079032421112
945,1,1,0.0003575049340724945,0.9996252059936523,1.566254286444746e-05,1.5169879361565108e-06
946,3,3,0.20586536824703217,6.519497401313856e-05,0.0009063544566743076,0.793163001537323
947,1,1,1.8492264644009992e-05,0.9998084902763367,0.0001395726576447487,3.3451433409936726e-05
948,0,0,0.9989508390426636,0.0007698946865275502,0.0002043006243184209,7.484800153179094e-05
949,1,1,2.2442262093136378e-07,0.9999995231628418,1.2343215871624125e-07,1.250033250244087e-07
950,2,2,0.012775137089192867,0.0003940810274798423,0.9742215871810913,0.012609179131686687
951,3,2,0.19021645188331604,0.007479329593479633,0.6807228326797485,0.12158139795064926
952,1,1,0.006504056043922901,0.9711453914642334,0.014972924254834652,0.0073776631616055965
953,2,2,0.04091775789856911,2.3265321942744777e-05,0.958981454372406,7.742455636616796e-05
954,3,3,0.005604920908808708,0.00021569796081166714,0.08434353023767471,0.9098358154296875
955,2,2,0.0030702389776706696,4.7227993491105735e-05,0.9929637312889099,0.003918767906725407
956,3,3,3.836383257294074e-06,2.7537384994502645e-06,4.485445606405847e-05,0.9999486207962036
957,3,3,1.9974386304966174e-05,1.7369130489441886e-07,0.0038344094064086676,0.996145486831665
958,0,0,0.9995865225791931,1.830855126172537e-06,0.00019742175936698914,0.0002142283774446696
959,1,1,3.5168445720046293e-06,0.9999940395355225,1.718729691901899e-08,2.36017012866796e-06
960,3,3,5.9168905863771215e-06,5.746642273152247e-09,1.9553366655600257e-05,0.9999744892120361
961,0,0,0.9974116683006287,8.811948646325618e-06,4.142678517382592e-05,0.0025381643790751696
962,0,0,0.9999899864196777,2.7828482416225597e-06,6.201062660693424e-06,1.0180093568123993e-06
963,2,2,0.00937974639236927,1.1078739589720499e-05,0.9903421401977539,0.0002670538960956037
964,2,3,0.0003068132500629872,2.3351472918875515e-05,0.4701831638813019,0.5294866561889648
965,2,2,3.8745511119486764e-05,3.104423512922949e-06,0.9998630285263062,9.515306737739593e-05
966,1,1,8.122631697915494e-05,0.9998986721038818,3.4992372093256563e-06,1.6607842553639784e-05
967,0,1,0.02232927642762661,0.9774583578109741,0.00016107939882203937,5.127767872181721e-05
968,3,3,1.3741128896072041e-05,7.013119898147124e-07,0.00014013078180141747,0.9998453855514526
969,3,3,8.596831321483478e-05,7.203374025266385e-06,0.0013567849528044462,0.9985499978065491
970,2,2,2.9993665521033108e-05,2.3593286186951445e-06,0.9997184872627258,0.00024909450439736247
971,3,3,4.636084122466855e-05,1.992652687476948e-05,0.01598171330988407,0.983951985836029
972,0,0,0.999778687953949,2.866959221137222e-06,0.00020842796948272735,1.003780107566854e-05
973,0,0,0.8849765062332153,0.07074952125549316,0.00026182676083408296,0.044012174010276794
974,1,1,1.1578183602978243e-06,0.999995231628418,7.074107202242885e-07,2.89250010609976e-06
975,1,1,1.7532185665913858e-05,0.9999810457229614,1.0153738685403368e-06,3.764946256978874e-07
976,3,3,4.784336488228291e-05,1.4396602637134492e-05,0.03344656527042389,0.966491162776947
977,3,3,6.580264653166523e-06,2.3203110544045558e-08,0.00044725515181198716,0.9995461106300354
978,0,0,0.9999932050704956,2.069251081593393e-08,5.364282060327241e-06,1.382055415888317e-06
979,3,3,0.002581712557002902,0.0001837249583331868,0.001787396497093141,0.9954472184181213
980,2,2,1.7470872535341186e-06,7.134933355246176e-08,0.9998427629470825,0.00015538767911493778
981,3,3,0.0008590196375735104,1.744847963891516e-06,0.004293523263186216,0.9948456287384033
982,3,3,2.0716099413675693e-07,5.595595453655733e-08,1.2251498446858022e-05,0.9999874830245972
983,1,1,0.035063207149505615,0.8501671552658081,0.00047714324318803847,0.11429251730442047
984,1,1,0.10366944968700409,0.8956019282341003,0.0001493291201768443,0.0005792913725599647
985,3,3,7.626453246700748e-09,3.0314419863231024e-09,9.69225979474686e-08,0.9999998807907104
986,0,0,0.9998459815979004,1.0770114386104979e-05,1.8495677068131045e-05,0.0001247939799213782
987,0,0,0.9988446235656738,4.186499063507654e-05,0.0007325601181946695,0.0003809577610809356
988,3,3,3.2902128168643685e-06,1.8657379996511736e-07,6.020867294864729e-05,0.9999362230300903
989,3,3,0.006372249685227871,7.075487519614398e-05,0.17357221245765686,0.8199847340583801
990,1,1,0.0001668061304371804,0.9998242259025574,7.862508027756121e-06,1.2147363577241777e-06
991,2,2,0.004187860991805792,3.628320337156765e-05,0.9955275654792786,0.00024824836873449385
992,0,0,0.9796090722084045,3.431497680139728e-05,0.004774419590830803,0.015582284890115261
993,0,0,0.9911776185035706,0.0073713576421141624,0.0013899217592552304,6.116177246440202e-05
994,3,3,1.917474492074689e-06,1.7876805941341445e-05,0.000680481200106442,0.9992997646331787
995,1,1,0.0013766533229500055,0.9983487129211426,0.00022149732103571296,5.3231957281241193e-05
996,1,1,0.018394438549876213,0.963850736618042,0.0003486917703412473,0.017406117171049118
997,1,1,0.030814412981271744,0.9690780639648438,2.8412234314600937e-05,7.916809408925474e-05
998,3,3,3.375597589183599e-05,1.0460958037583623e-06,0.00329240458086133,0.9966727495193481
999,0,0,0.9996894598007202,0.00029187591280788183,1.8431877833791077e-05,2.609230875805224e-07
1000,2,2,6.968159595999168e-06,7.476594987565477e-07,0.9999593496322632,3.301681863376871e-05
1001,2,2,0.01233186386525631,0.0017507257871329784,0.9381677508354187,0.04774967208504677
1002,3,3,1.3331899708646233e-06,3.470410803174673e-08,3.590714550227858e-05,0.9999628067016602
1003,0,0,0.9995502829551697,0.00018646685930434614,0.00015933788381516933,0.00010394668788649142
1004,3,0,0.8492024540901184,0.00019547482952475548,0.0006392546347342432,0.14996276795864105
1005,3,3,0.008278809487819672,0.0007155220955610275,0.012867219746112823,0.9781385064125061
1006,2,2,0.010059625841677189,0.028727110475301743,0.8179954290390015,0.14321786165237427
1007,1,1,4.897427061223425e-06,0.9999946355819702,5.182122322366922e-07,1.8661094003391554e-08
1008,1,1,0.030703524127602577,0.969015896320343,6.340570689644665e-05,0.0002171779196942225
1009,3,3,2.0913046228088206e-06,3.294592943348107e-06,1.0686785572033841e-05,0.9999839067459106
1010,2,2,2.163149656553287e-05,1.0340645530959591e-06,0.9999518394470215,2.5573812308721244e-05
1011,3,3,0.13304336369037628,2.4035168166847143e-07,0.28464725613594055,0.5823092460632324
1012,2,2,0.0003104955540038645,5.946580131421797e-05,0.9966440200805664,0.0029861130751669407
1013,3,3,0.0011327099055051804,5.006227183912415e-06,0.0011445027776062489,0.9977178573608398
1014,3,3,8.938831160776317e-05,3.854117312585004e-05,0.0013847446534782648,0.9984872341156006
1015,3,3,0.0003407388867344707,2.2312138753477484e-05,0.026147253811359406,0.9734897613525391
1016,1,1,0.00032872078008949757,0.9969111084938049,0.0011855235788971186,0.0015746548306196928
1017,0,3,0.08267926424741745,0.0004158430965617299,0.001064399373717606,0.9158405065536499
1018,2,2,0.005113763734698296,1.1374115274520591e-05,0.9848535060882568,0.010021314956247807
1019,3,0,0.834712028503418,0.011384754441678524,0.0006462850142270327,0.15325692296028137
1020,1,1,0.00038589228643104434,0.999474823474884,9.544669592287391e-05,4.3858042772626504e-05
1021,0,0,0.9999996423721313,1.6854501438956504e-07,1.5991187751751568e-07,3.4119985059533064e-08
1022,3,0,0.5089288949966431,8.381333464058116e-05,0.0005628512008115649,0.4904244542121887
1023,2,2,0.002411525696516037,0.00022303455625660717,0.9872570633888245,0.010108450427651405
1024,3,3,2.0378536646603607e-05,7.023098991254528e-09,0.00022574662580154836,0.9997538924217224
1025,2,2,1.746534871926997e-05,3.737887155352837e-08,0.9999819993972778,4.197221699087095e-07
1026,3,3,0.41281265020370483,0.00016289616178255528,0.06631738692522049,0.5207070112228394
1027,3,3,4.3414060201030225e-05,1.1029032975784503e-06,0.013162634335458279,0.9867929220199585
1028,0,0,0.9344162344932556,0.05903669074177742,0.004953424446284771,0.0015936224954202771
1029,2,2,0.0003993361897300929,2.004901944019366e-06,0.9492143988609314,0.050384338945150375
1030,2,2,0.05573883280158043,0.01503173727542162,0.9108020663261414,0.018427424132823944
1031,3,3,0.003795824246481061,0.001214005402289331,0.11790183931589127,0.8770883679389954
1032,3,3,0.0051707923412323,6.923310138517991e-05,7.852796989027411e-05,0.9946814179420471
1033,0,0,0.9957923889160156,0.00043196315527893603,0.0012701087398454547,0.002505548531189561
1034,1,1,6.254915206227452e-05,0.9999121427536011,2.338891863473691e-05,1.941317805176368e-06
1035,3,3,0.2732364237308502,0.001245712162926793,0.1498100459575653,0.5757078528404236
1036,2,3,0.005574020557105541,4.694928520621033e-06,0.4168092608451843,0.577612042427063
1037,3,3,0.00020027799473609775,2.3674410840612836e-06,0.07297425717115402,0.9268231987953186
1038,3,3,1.3680816664418671e-05,8.455179340671748e-06,0.008568229153752327,0.9914095997810364
1039,0,0,0.9992992877960205,1.550597630739503e-06,0.00033607054501771927,0.0003630545106716454
1040,1,1,0.00015680653450544924,0.9997523427009583,3.118614404229447e-05,5.97527832724154e-05
1041,0,0,0.7638096809387207,0.00010710504284361377,0.18078413605690002,0.0552990585565567
1042,3,2,0.007745896000415087,8.45629838295281e-05,0.5704019069671631,0.42176759243011475
1043,3,0,0.6608771681785583,0.0007493326556868851,0.009579670615494251,0.32879379391670227
1044,2,2,0.0019253639038652182,7.807806468917988e-06,0.9978222846984863,0.0002445670834276825
1045,3,3,1.0569021924311528e-07,1.2473122978917672e-08,6.262951501412317e-05,0.9999372959136963
1046,3,3,0.0003437988634686917,3.9186934372992255e-06,0.007402562536299229,0.9922497272491455
1047,0,0,0.9998624324798584,1.7293824612352182e-06,0.00013400922762230039,1.8900601617133361e-06
1048,1,1,0.04242638126015663,0.9519380927085876,0.0033843296114355326,0.0022511861752718687
1049,0,0,0.999997615814209,1.0059501009962446e-09,2.1921271127212094e-06,2.731385961851629e-07
1050,2,2,0.0010414447169750929,0.011071457527577877,0.9666131138801575,0.02127394638955593
1051,2,3,5.091199909657007e-06,1.2729942433509223e-08,0.0004784567281603813,0.999516487121582
1052,0,0,0.8939483761787415,0.01761692576110363,0.06970208883285522,0.01873265579342842
1053,0,0,0.9457875490188599,0.0011013264302164316,0.008099649101495743,0.04501154273748398
1054,1,1,0.06170126050710678,0.8919695615768433,0.039561208337545395,0.00676801148802042
1055,1,1,0.0016101228538900614,0.9983422756195068,1.9180217350367457e-05,2.8425520213204436e-05
1056,1,1,0.005742388311773539,0.9924598336219788,0.000689605949446559,0.0011082299752160907
1057,3,3,0.29436418414115906,0.0008783524972386658,0.08173485845327377,0.6230226159095764
1058,0,0,0.9999996423721313,2.875565883186937e-07,5.0868987244712116e-08,3.8308677119403e-08
1059,3,3,8.627331453681109e-07,1.510020219974706e-09,0.0010598879307508469,0.9989392161369324
1060,1,1,0.053536463528871536,0.9431961178779602,0.001078984932973981,0.0021884816233068705
1061,0,0,0.9576898217201233,0.00023006625997368246,0.027719877660274506,0.014360244385898113
1062,2,3,0.06171656772494316,0.028191789984703064,0.19860434532165527,0.7114872932434082
1063,2,2,0.0008196564158424735,1.0969667528115679e-05,0.9906873106956482,0.008482100442051888
1064,0,0,0.9999691247940063,2.005718670261558e-06,1.577428702148609e-05,1.316900579695357e-05
1065,0,0,0.9646586775779724,8.979883568827063e-05,0.0027194528374820948,0.03253205865621567
1066,3,3,0.00393635081127286,1.89089188751268e-08,0.015816621482372284,0.9802470207214355
1067,3,3,0.152902752161026,0.005256596952676773,0.09198932349681854,0.7498513460159302
1068,2,2,0.0005897684022784233,0.00013763118477072567,0.5415022373199463,0.45777037739753723
1069,1,1,0.001151702250353992,0.9987481832504272,5.2003151722601615e-06,9.493836114415899e-05
1070,3,3,0.010241204872727394,0.00010622258560033515,0.34793516993522644,0.6417173743247986
1071,3,3,0.0001176791192847304,6.221895091584884e-06,0.0008814259781502187,0.9989946484565735
1072,3,3,0.0011345624225214124,4.829619683732744e-06,0.0007520356448367238,0.9981085062026978
1073,3,3,0.042067911475896835,0.01619613543152809,0.3946570158004761,0.5470789074897766
1074,3,2,0.026223545894026756,1.935912951012142e-05,0.9072166681289673,0.06654040515422821
1075,3,3,0.0005814448231831193,5.088259968033526e-06,0.003924489486962557,0.9954889416694641
1076,3,3,1.1763403563236352e-05,2.747052349150181e-06,0.03597254306077957,0.9640129208564758
1077,2,2,0.0006864226306788623,3.701559592172998e-07,0.9992296695709229,8.345261448994279e-05
1078,3,3,9.387275099470571e-07,2.8341480273752495e-09,2.5979345082305372e-05,0.9999730587005615
1079,3,3,0.0005478152888827026,0.0008234833949245512,0.21258512139320374,0.786043643951416
1080,0,1,0.0203996691852808,0.973215639591217,0.0031236966606229544,0.0032609584741294384
1081,1,1,0.0013426091754809022,0.9985502362251282,7.084786193445325e-05,3.629261118476279e-05
1082,1,1,0.0015679331263527274,0.9984069466590881,2.2582325982511975e-05,2.5969138732762076e-06
1083,2,2,0.005072524305433035,3.824022496701218e-05,0.9946980476379395,0.00019119110947940499
1084,2,0,0.975104808807373,0.0003011605003848672,0.02427014149725437,0.00032387362443841994
1085,3,3,5.2704432818018176e-08,5.886614751204888e-09,8.042965782806277e-05,0.9999195337295532
1086,3,3,0.0034174651373177767,0.001491901814006269,0.005014433991163969,0.9900762438774109
1087,3,2,0.010812047868967056,0.00014071846089791507,0.5129261612892151,0.47612103819847107
1088,3,3,0.0003302245168015361,8.762291145103518e-06,0.059784043580293655,0.9398769736289978
1089,3,3,9.32344701141119e-05,5.71047785342671e-05,0.008466477505862713,0.9913832545280457
1090,0,0,0.9997795224189758,4.699895271187415e-06,8.015957746465574e-07,0.00021489594655577093
1091,0,0,0.9985598921775818,0.00021477077098097652,0.0007120596710592508,0.0005132072838023305
1092,0,0,0.9975905418395996,0.00012938941654283553,0.00010421469050925225,0.002175915287807584
1093,2,2,0.1138291135430336,3.142240166198462e-05,0.8776014447212219,0.008537927642464638
1094,2,2,0.02751319669187069,0.013256082311272621,0.9428215026855469,0.01640932261943817
1095,0,0,0.997990608215332,2.069005677185487e-05,3.964317875215784e-05,0.0019490767735987902
1096,0,0,0.9994317889213562,2.0444840629352257e-05,0.0004449870903044939,0.00010271947394357994
1097,2,2,0.0011746053351089358,1.5859340862789395e-07,0.9987908005714417,3.446895789238624e-05
1098,3,1,0.0002056763623841107,0.999579131603241,3.993270638602553e-06,0.00021109587396495044
1099,2,2,7.00155069353059e-05,7.960922084748745e-05,0.9995467066764832,0.000303647480905056
1100,0,0,0.9970033764839172,4.431761681189528e-06,2.0181721538392594e-06,0.002990172943100333
1101,2,2,0.01837903819978237,8.635320409666747e-05,0.8764735460281372,0.1050611287355423
1102,1,1,3.4637152566574514e-05,0.9999470710754395,3.507154133330914e-06,1.4825058315182105e-05
1103,2,2,0.029973378404974937,0.0011834255419671535,0.9348850846290588,0.033958133310079575
1104,3,3,0.0009902346646413207,0.0014367112889885902,0.0023836803156882524,0.9951894283294678
1105,0,0,0.993419349193573,0.0012424808228388429,0.0016232102643698454,0.0037149523850530386
1106,3,3,0.002977819414809346,0.00010884803486987948,0.017005741596221924,0.9799076318740845
1107,3,3,2.318801534784143e-06,2.2784322482038988e-06,0.0004983245162293315,0.9994970560073853
1108,3,3,0.00012908084318041801,0.0006931966636329889,0.11977861821651459,0.8793991804122925
1109,0,0,0.9996057152748108,0.00026273433468304574,7.443159120157361e-05,5.708065873477608e-05
1110,2,0,0.9872263073921204,2.3763805074850097e-05,0.012183264829218388,0.0005666960496455431
1111,2,2,0.00017562444554641843,5.6877281167544425e-05,0.9871860146522522,0.01258159801363945
1112,1,1,0.0002549247001297772,0.9997133612632751,2.531257996452041e-05,6.481833679572446e-06
1113,1,1,0.01194054912775755,0.9873018264770508,0.0007077145855873823,4.996078132535331e-05
1114,1,1,0.008850876241922379,0.9885988235473633,0.0013521546497941017,0.0011982157593593001
1115,2,2,0.06865192949771881,1.8111860526914825e-06,0.9259249567985535,0.005421292036771774
1116,2,2,0.0013184749986976385,2.2805918433732586e-06,0.9986542463302612,2.498035792086739e-05
1117,0,0,0.9996381998062134,1.4644533621321898e-05,0.00027524452889338136,7.185423601185903e-05
1118,3,3,1.3486283023667056e-05,5.012838755646953e-06,0.08582895249128342,0.9141526222229004
1119,3,3,3.826414285867941e-06,7.177073257480515e-06,0.004731056280434132,0.9952580332756042
1120,1,1,2.7044693524658214e-06,0.9999651908874512,2.4395443688263185e-05,7.791371899656951e-06
1121,0,0,0.9964932799339294,1.9339531718287617e-06,0.002131823915988207,0.0013730055652558804
1122,2,2,1.0394389391876757e-05,4.1444695852987934e-07,0.9995830655097961,0.0004061301879119128
1123,2,2,0.01546440552920103,1.0506259968678933e-06,0.9835808277130127,0.00095369789050892
1124,2,3,0.00031344222952611744,6.700205972265394e-07,0.40646353363990784,0.5932223796844482
1125,3,3,8.765856182435527e-05,1.685560391706531e-06,0.07720813900232315,0.9227025508880615
1126,2,0,0.5896570682525635,0.001348881865851581,0.3535846769809723,0.05540935695171356
1127,3,3,0.33099156618118286,0.0008139198180288076,0.043538205325603485,0.6246562600135803
1128,1,1,1.3453470160129655e-07,0.9999998807907104,8.309867238764923e-10,1.3613365990039483e-09
1129,1,1,9.46763320825994e-05,0.9999022483825684,2.390765985182952e-06,6.566799015672586e-07
1130,0,0,0.9999997615814209,1.7079683445331284e-08,1.3439821304472854e-11,2.1672859418231383e-07
1131,2,2,0.0024819415993988514,0.0009302250109612942,0.9932700991630554,0.0033177512232214212
1132,3,3,0.0006702311220578849,0.00021369924070313573,0.1281208097934723,0.870995283126831
1133,1,1,9.349842002848163e-05,0.9998501539230347,2.7731386580853723e-05,2.861489338101819e-05
1134,0,0,0.9999594688415527,7.569497597614827e-07,1.3486030184139963e-05,2.6297511794837192e-05
1135,1,1,0.00018430085037834942,0.9998014569282532,1.2785500075551681e-05,1.44798650580924e-06
1136,0,0,0.9999709129333496,5.712596475859755e-07,5.811492428620113e-06,2.265865623485297e-05
1137,1,1,7.693770021433011e-05,0.999870777130127,5.043157216277905e-05,1.806316731745028e-06
1138,1,1,0.000228732344112359,0.9996294975280762,0.00012625356612261385,1.5462339433724992e-05
1139,0,0,0.9991310238838196,0.00043357015238143504,0.0003422553709242493,9.315224451711401e-05
1140,3,3,0.0003074342093896121,0.010633495636284351,0.0063981241546571255,0.9826609492301941
1141,1,1,0.01003892533481121,0.9887288808822632,0.0011754883453249931,5.67343995498959e-05
1142,0,0,0.9589008092880249,6.710824527544901e-05,0.02975105680525303,0.011280965059995651
1143,2,2,1.8790885292219173e-07,2.9273945756358444e-07,0.9774609804153442,0.02253851108253002
1144,1,1,0.010268398560583591,0.9880071878433228,0.0009760603425092995,0.0007483150693587959
1145,1,1,0.006403203587979078,0.966032862663269,0.008880521170794964,0.01868344470858574
1146,0,0,0.9999674558639526,2.2783777239965275e-05,1.5620452131770435e-06,8.197045644919854e-06
1147,1,1,0.08667073398828506,0.9070935845375061,0.00015956131392158568,0.006076148245483637
1148,0,0,0.9898259043693542,0.0008216304122470319,0.0076661063358187675,0.001686341711319983
1149,0,0,0.9892798066139221,1.0776298040582333e-05,0.0015098091680556536,0.009199712425470352
1150,0,0,0.9958388805389404,7.557093340437859e-05,0.001478874241001904,0.0026066305581480265
1151,2,2,0.008457713760435581,5.6344470067415386e-05,0.9887245297431946,0.0027612994890660048
1152,1,1,0.0007626367150805891,0.9992343187332153,2.893466444220394e-07,2.727473201957764e-06
1153,1,1,0.0003313724300824106,0.9996028542518616,2.3634725948795676e-05,4.216066372464411e-05
1154,3,3,2.2757003534934483e-05,6.664288230240345e-05,0.03090840019285679,0.9690021276473999
1155,2,2,0.00048130794311873615,1.5158095720835263e-06,0.9593949913978577,0.040122225880622864
1156,0,0,0.999958872795105,1.0099566907229018e-06,2.70734144578455e-05,1.3003425920032896e-05
1157,1,1,5.982459242659388e-06,0.9999344348907471,4.680666097556241e-05,1.2733911717077717e-05
1158,1,1,0.0005806969129480422,0.9991790652275085,0.00023773864086251706,2.527446440581116e-06
1159,1,1,4.5242495616548695e-07,0.9999986886978149,1.3124120812335605e-07,7.255452487697767e-07
1160,2,2,0.00016003048222046345,5.2328978199511766e-05,0.9619725942611694,0.03781496733427048
1161,1,1,0.00019664427964016795,0.999117910861969,0.0005301155615597963,0.0001553099718876183
1162,3,3,2.0072990082553588e-05,1.112212339648977e-05,0.0014059635577723384,0.9985628724098206
1163,2,2,0.02238520234823227,0.00011071970220655203,0.9702498912811279,0.007254178635776043
1164,2,2,0.06520022451877594,0.0005817175260744989,0.773792564868927,0.16042549908161163
1165,2,2,0.009032697416841984,0.00013039630721323192,0.9803213477134705,0.010515562258660793
1166,2,2,0.0025598639622330666,0.0018162716878578067,0.9851594567298889,0.010464497841894627
1167,3,3,1.592741500644479e-05,4.207033634884283e-05,0.0038868170231580734,0.9960552453994751
1168,0,2,0.3194960653781891,0.0015816132072359324,0.42176011204719543,0.25716230273246765
1169,1,1,0.0001762983447406441,0.9995248317718506,0.0002057609090115875,9.31945614865981e-05
1170,1,1,0.0002755093155428767,0.9995269775390625,9.233706805389374e-05,0.00010518526687519625
1171,1,1,0.000346571730915457,0.9993649125099182,0.000262100511463359,2.65044564002892e-05
1172,1,1,0.0035812046844512224,0.9930534958839417,0.0005168741336092353,0.002848339732736349
1173,0,0,0.9256042838096619,0.009116869419813156,0.04996262490749359,0.015316168777644634
1174,1,1,0.0038897953927516937,0.9956356883049011,9.785511792870238e-05,0.00037666523712687194
1175,1,1,0.15846098959445953,0.6173993945121765,0.040236946195364,0.18390272557735443
1176,1,1,0.05584777146577835,0.9330967664718628,0.006889399141073227,0.0041660042479634285
1177,2,2,0.015060670673847198,0.00720380200073123,0.8652015328407288,0.11253398656845093
1178,2,2,0.0048441593535244465,0.022005166858434677,0.8094959259033203,0.16365472972393036
1179,1,1,0.0031212386675179005,0.9908559322357178,0.0008825575932860374,0.005140369758009911
1180,0,0,0.9998936653137207,8.18710816474777e-07,1.0688848306017462e-05,9.477235289523378e-05
1181,1,1,3.53172181348782e-05,0.9999605417251587,1.1949573490710463e-06,2.9920768156443955e-06
1182,3,3,0.00022243727289605886,2.009349009313155e-05,0.029909895732998848,0.969847559928894
1183,3,3,9.611339191906154e-05,4.981854544894304e-06,0.30823251605033875,0.6916664242744446
1184,1,1,0.002384145511314273,0.996903121471405,0.0006390619673766196,7.367798389168456e-05
1185,0,0,0.9999961853027344,1.8567808979241818e-07,9.171029091703531e-07,2.689771008590469e-06
1186,0,0,0.9999939203262329,2.0184349978080718e-06,2.903745325966156e-06,1.1798987316069542e-06
1187,3,3,0.0051009636372327805,0.00020689293160103261,0.008054879494011402,0.9866372346878052
1188,2,2,7.959692447911948e-05,3.309216845082119e-05,0.9993484616279602,0.0005389103316701949
1189,0,0,0.9997537732124329,0.00014793391164857894,7.85213487688452e-05,1.9710136257344857e-05
1190,3,3,0.00457795849069953,8.233145490521565e-05,6.52503949822858e-05,0.9952744245529175
1191,0,0,0.992106556892395,5.420722300186753e-05,0.005205504130572081,0.0026338319294154644
1192,1,1,0.02051856927573681,0.9767372012138367,0.002557965461164713,0.00018633826402947307
1193,1,1,4.281487053958699e-05,0.9999467134475708,5.450858225231059e-06,4.9935524657485075e-06
1194,1,1,0.006370412185788155,0.986836314201355,0.0050422255881130695,0.0017510532634332776
1195,0,0,0.9999113082885742,3.8865292140144447e-07,6.65461557218805e-05,2.1760202798759565e-05
1196,0,0,0.9933733940124512,0.00134932657238096,0.0016951896250247955,0.003582088043913245
1197,2,0,0.8495495915412903,0.0009498505387455225,0.024069467559456825,0.1254311054944992
1198,1,1,4.08717205573339e-05,0.999937891960144,1.1729481229849625e-05,9.555364158586599e-06
1199,0,0,0.9999622106552124,1.604327371751424e-05,1.939527464855928e-06,1.9804961993941106e-05
1200,0,0,0.9731925129890442,0.009651880711317062,0.011205020360648632,0.005950515624135733
1201,1,1,2.9113034543115646e-05,0.9999350309371948,1.5236894412851143e-08,3.5905053664464504e-05
1202,1,1,5.963790317764506e-05,0.9999192953109741,1.999840242206119e-05,1.0911152230619336e-06
1203,1,1,0.005221973638981581,0.9946310520172119,2.758126356638968e-05,0.00011939851538045332
1204,2,0,0.4993301033973694,0.04045664146542549,0.45090803503990173,0.009305249899625778
1205,0,0,0.9992421865463257,4.518435162026435e-05,0.00044595293002203107,0.00026668014470487833
1206,1,1,3.0787072091698064e-07,0.9999996423721313,1.0285042817415047e-09,4.753001192625561e-08
1207,0,0,0.9999481439590454,3.356145043653669e-06,1.1564463875401998e-06,4.727746272692457e-05
1208,1,1,0.0047399564646184444,0.9936190247535706,5.573260750679765e-07,0.0016404315829277039
1209,2,2,0.03628312796354294,3.577674215193838e-05,0.9559035301208496,0.007777501363307238
1210,2,3,0.01971377246081829,0.0021193663123995066,0.2772164046764374,0.7009505033493042
1211,3,3,0.01365091186016798,3.108888995484449e-05,0.011602594517171383,0.9747153520584106
1212,1,1,0.005446827504783869,0.9934222102165222,0.0009046669001691043,0.00022636103676632047
1213,0,0,0.9950255751609802,0.0029260641895234585,0.001141354558058083,0.0009070742526091635
1214,2,2,0.09979861229658127,0.005714818835258484,0.8904701471328735,0.004016481339931488
1215,0,0,0.9986967444419861,6.161023338790983e-05,0.000936269701924175,0.00030539341969415545
1216,1,1,0.012563223950564861,0.9549971222877502,0.02886073663830757,0.0035789175890386105
1217,1,1,2.8632623070734553e-05,0.9999707937240601,5.920780310475493e-08,4.930938075631275e-07
1218,1,1,0.001522194012068212,0.9961025714874268,0.0018738089129328728,0.0005014503258280456
1219,2,2,0.0031917497981339693,4.441762371243385e-07,0.9964873790740967,0.0003203634114470333
1220,0,0,0.9058828353881836,0.004518141038715839,0.03151191025972366,0.05808715149760246
1221,2,2,0.0015061155427247286,0.00353410467505455,0.9905906319618225,0.004369175527244806
1222,0,0,0.9999262094497681,1.153627090388909e-05,4.886924580205232e-05,1.3352490896068048e-05
1223,2,2,0.021316925063729286,4.862760397372767e-05,0.9775480031967163,0.0010865528602153063
1224,0,0,0.9999791383743286,6.440854605216373e-08,6.779802788514644e-06,1.4005926459503826e-05
1225,0,0,0.8535539507865906,0.005390985403209925,0.00447413045912981,0.1365809589624405
1226,3,3,0.008578646928071976,1.8311437088414095e-05,0.000781974580604583,0.9906210899353027
1227,0,0,0.999977707862854,6.769132454564897e-08,1.3058202057436574e-05,9.15821783564752e-06
1228,1,1,0.036020971834659576,0.9636769890785217,0.00021869676129426807,8.324504597112536e-05
1229,2,2,0.02343781106173992,0.000588783819694072,0.7223517298698425,0.2536216974258423
1230,3,3,0.005377111025154591,0.0024818284437060356,0.02900848165154457,0.9631325602531433
1231,3,3,0.004958145320415497,0.4958932399749756,0.002816930413246155,0.4963316321372986
1232,1,1,0.0623430572450161,0.6935331225395203,0.1960403472185135,0.04808346927165985
1233,2,2,0.021488284692168236,0.0010624330025166273,0.966873049736023,0.010576169937849045
1234,3,3,0.48994043469429016,9.881886398943607e-06,0.0027464115992188454,0.5073032975196838
1235,2,2,0.008658402599394321,1.4487137605101452e-06,0.9907308220863342,0.0006094085983932018
1236,3,3,0.0017991872737184167,0.00030679506016895175,0.1472407877445221,0.8506532311439514
1237,3,3,0.0024366823490709066,0.021859154105186462,0.002935346681624651,0.9727688431739807
1238,1,1,0.00017400769866071641,0.9998237490653992,7.315053949241701e-07,1.5024138519947883e-06
1239,0,0,0.9999991655349731,5.355978771603986e-09,2.653197554991493e-07,5.416710564531968e-07
1240,2,2,0.0008131705108098686,0.0007234109216369689,0.9953729510307312,0.0030904868617653847
1241,2,2,0.018509747460484505,0.0002585348847787827,0.9805414080619812,0.0006903652683831751
1242,3,3,0.001728155999444425,0.0006636216421611607,0.0063740829937160015,0.9912341237068176
1243,2,2,0.006428276188671589,9.547042282065377e-05,0.9926804900169373,0.0007956821355037391
1244,1,1,0.00010869731340790167,0.9998589754104614,3.094855128438212e-05,1.353119955638249e-06
1245,0,0,0.9552770853042603,0.0002493718347977847,0.0033563291653990746,0.041117191314697266
1246,1,1,0.01632729172706604,0.9586701989173889,0.006642660591751337,0.018359851092100143
1247,1,1,6.616963946726173e-05,0.99977046251297,0.00015871530922595412,4.6477653086185455e-06
1248,2,2,0.03210734575986862,0.03177619352936745,0.7741686105728149,0.16194789111614227
1249,1,2,0.0037371886428445578,0.41139358282089233,0.5699473023414612,0.014921912923455238
1250,1,1,0.023701077327132225,0.9761616587638855,0.00013260207197163254,4.646886281989282e-06
1251,0,2,0.49005410075187683,0.0005741924978792667,0.5067426562309265,0.002629025373607874
1252,2,3,0.0280863419175148,0.12970896065235138,0.08523724973201752,0.7569674253463745
1253,2,2,0.00040023302426561713,0.00012355133367236704,0.9989199638366699,0.0005562960868701339
1254,2,2,0.015601096674799919,7.455862942151725e-05,0.9797763228416443,0.00454795453697443
1255,0,0,0.901995837688446,0.00015084438200574368,0.005280804354697466,0.09257248044013977
1256,0,0,0.9993560910224915,5.404618423199281e-05,0.00023921916726976633,0.0003506358480080962
1257,3,3,0.0001817754382500425,4.813949544768548e-06,0.0002242784685222432,0.9995891451835632
1258,2,2,0.353030264377594,0.0036173309199512005,0.6377176642417908,0.005634787492454052
1259,1,1,0.003675548592582345,0.99472576379776,0.0015551316319033504,4.349142182036303e-05
1260,1,1,0.0001403666246915236,0.998040497303009,0.0015498626744374633,0.00026927361614070833
1261,1,1,0.00033324919058941305,0.9996638298034668,2.0906841768919548e-07,2.6991897357220296e-06
1262,3,3,0.004627036862075329,0.0004178366216365248,0.13043656945228577,0.8645185828208923
1263,0,0,0.9999933242797852,3.044403129592865e-08,2.3221773517434485e-06,4.321216692915186e-06
1264,0,0,0.9694187045097351,0.00012329366290941834,0.01375698670744896,0.01670101284980774
1265,3,3,6.47143622245494e-07,3.9407535012969674e-09,1.030084695230471e-05,0.9999890327453613
1266,0,0,0.9864960312843323,0.0014585833996534348,0.010897975414991379,0.0011473970953375101
1267,1,1,0.054490331560373306,0.9449067115783691,0.0005937712849117815,9.134217179962434e-06
1268,3,3,0.0015469931531697512,2.9675918540306157e-06,0.37855327129364014,0.6198967695236206
1269,3,0,0.9981695413589478,0.0007766349008306861,0.0008481823606416583,0.00020563248835969716
1270,2,2,5.03015035064891e-05,0.00016293801309075207,0.9993903636932373,0.0003964617499150336
1271,1,1,0.2243877798318863,0.7586823105812073,0.015881279483437538,0.0010485813254490495
1272,0,0,0.9842826724052429,0.010527939535677433,0.00015172144048847258,0.005037669092416763
1273,2,2,0.06231485679745674,0.001738367835059762,0.6954247355461121,0.24052202701568604
1274,2,2,0.024227306246757507,0.005739076994359493,0.9582247734069824,0.011808834038674831
1275,2,2,0.017458442598581314,0.0016525032697245479,0.9808140993118286,7.490500865969807e-05
1276,1,1,2.861666689568665e-05,0.9997949004173279,0.00013164457050152123,4.4792715925723314e-05
1277,2,2,4.552027894533239e-05,1.5120534044399392e-05,0.9992315769195557,0.0007078142953105271
1278,0,0,0.9918185472488403,7.598728552693501e-05,0.0008989112102426589,0.007206572685390711
1279,2,2,0.07247164100408554,0.005030523985624313,0.9086288809776306,0.013868961483240128
1280,3,2,0.00017673737602308393,2.3696453865795775e-07,0.9117673635482788,0.08805566281080246
1281,1,1,0.00034938615863211453,0.9996496438980103,8.136428846228227e-07,1.455386779980472e-07
1282,1,1,0.00022221601102501154,0.9997462630271912,2.072617644444108e-05,1.080014044418931e-05
1283,1,1,0.0011394411558285356,0.9988577365875244,2.66267784354568e-06,1.5904268479971506e-07
1284,1,1,0.0002634155098348856,0.9995637536048889,3.9180449675768614e-05,0.0001337316498393193
1285,3,3,5.933805732638575e-05,9.022282938531134e-06,0.010988818481564522,0.9889427423477173
1286,2,2,0.005447329021990299,0.0002883188717532903,0.9792208671569824,0.015043484978377819
1287,1,1,0.0012013890082016587,0.9984402060508728,0.0003409149358049035,1.7547241441207007e-05
1288,1,1,2.8150068374088733e-06,0.9999164342880249,5.14263883815147e-05,2.9330081815714948e-05
1289,2,2,0.33298271894454956,0.0020136742386966944,0.451022744178772,0.21398086845874786
1290,0,0,0.9790034890174866,0.0012988768285140395,0.01714049093425274,0.0025570744182914495
1291,2,3,0.003024275181815028,2.588810821180232e-05,0.07711508125066757,0.9198347926139832
1292,3,3,0.05904248356819153,0.00030660777701996267,0.0374622642993927,0.9031885862350464
1293,2,2,1.330935992882587e-05,8.878279778024023e-10,0.9999734163284302,1.3195902283769101e-05
1294,3,3,0.000338627549353987,2.513895879019401e-06,0.003261243924498558,0.9963976740837097
1295,2,2,0.0033859338145703077,7.263133011292666e-05,0.9961536526679993,0.0003877982671838254
1296,2,0,0.9970760345458984,0.0006283692200668156,0.0018403568537905812,0.00045533027150668204
1297,3,2,0.0046830447390675545,9.673320892034099e-05,0.5183744430541992,0.47684580087661743
1298,0,0,0.9999986886978149,6.4056808746215665e-09,1.0796230753840064e-06,2.2133640698029922e-07
1299,0,0,0.9999996423721313,5.553576265526772e-09,3.587139474348078e-07,3.857145358665548e-08
1300,0,0,0.9999957084655762,4.230136710248189e-06,2.9583400618093947e-08,5.13909164112647e-08
1301,3,3,0.06479911506175995,0.10328373312950134,0.05710548907518387,0.7748116254806519
1302,1,1,0.0005311186541803181,0.9993844032287598,5.309284824761562e-05,3.1358140404336154e-05
1303,0,0,0.9985311031341553,0.0005165730253793299,0.000149001061799936,0.0008033271878957748
1304,1,1,0.08769877254962921,0.8930273056030273,0.017565546557307243,0.0017084131250157952
1305,2,2,0.00019152525055687875,6.482670414698077e-06,0.9966683983802795,0.0031336385291069746
1306,0,0,0.9986149072647095,2.2220992832444608e-05,0.0011909358436241746,0.00017188559286296368
1307,3,0,0.48815426230430603,0.0005063835997134447,0.10956830531358719,0.40177100896835327
1308,0,0,0.9002092480659485,0.0024649095721542835,0.07024765759706497,0.02707819826900959
1309,1,1,0.0033595419954508543,0.9952190518379211,0.0008994141826406121,0.0005220032762736082
1310,2,2,0.008897014893591404,7.388076483039185e-05,0.9240471124649048,0.06698203831911087
1311,2,2,0.007981880567967892,0.003839102340862155,0.8708701729774475,0.11730892211198807
1312,2,2,0.10483633726835251,0.03603488951921463,0.6766482591629028,0.18248049914836884
1313,0,0,0.9828251004219055,0.006707406602799892,0.005245118867605925,0.005222353618592024
1314,3,3,4.900747399005922e-07,2.2912304586952814e-07,0.021262405440211296,0.9787368774414062
1315,3,3,1.2959071682416834e-05,1.0684578555242297e-08,3.9338472561212257e-05,0.9999476671218872
1316,0,0,1.0,1.249501474509529e-10,4.0208853135936806e-08,1.0881505696502813e-09
1317,1,3,0.4486992359161377,0.008904189802706242,0.08482801169157028,0.4575684666633606
1318,2,2,0.0004981048405170441,1.159890689450549e-05,0.9992521405220032,0.00023805802629794925
1319,2,2,0.0004072143929079175,6.530372047564015e-05,0.9979028701782227,0.0016246625455096364
1320,1,1,8.104098378680646e-05,0.9997344613075256,0.0001740248699206859,1.0527490303502418e-05
1321,2,2,0.0016266742022708058,0.002574942074716091,0.9955848455429077,0.00021354807540774345
1322,1,1,0.0004118489450775087,0.9995649456977844,6.192341515998123e-06,1.7072836271836422e-05
1323,3,3,0.011170989833772182,0.0009572181734256446,0.00035816928721033037,0.9875137209892273
1324,2,2,0.11363287270069122,0.000720958283636719,0.8806979060173035,0.00494828075170517
1325,3,3,8.03540024207905e-06,0.0007524593966081738,0.0002617831632960588,0.9989776611328125
1326,3,3,0.0016096360050141811,2.0798397599719465e-05,0.1302342414855957,0.8681352734565735
1327,1,1,6.839523848611861e-05,0.9999176263809204,1.3301651051733643e-05,6.846950100225513e-07
1328,1,1,5.47373292647535e-06,0.9999945163726807,2.2809533428702622e-10,5.510416656306916e-08
1329,0,0,0.9999967813491821,5.896976063013426e-07,3.460935316113023e-09,2.613394372019684e-06
1330,2,2,0.009673667140305042,4.38221331933164e-06,0.9902713298797607,5.0625152653083205e-05
1331,3,3,0.0001837186428019777,3.0111368687357754e-06,0.007484587840735912,0.9923287034034729
1332,3,3,6.110826507210732e-05,3.511925797283766e-06,0.07104673981666565,0.9288886189460754
1333,3,3,0.059336867183446884,0.0007724346360191703,0.0037436429411172867,0.9361469745635986
1334,2,2,0.00018512338283471763,3.1943574867909774e-05,0.9994795918464661,0.00030332725145854056
1335,2,2,0.0017516323132440448,0.0002735489106271416,0.9698988795280457,0.028075944632291794
1336,2,2,0.011390692554414272,3.296570139355026e-05,0.9884445667266846,0.00013177267101127654
1337,2,2,0.0002258003514725715,0.0002487340534571558,0.9991586208343506,0.0003668126300908625
1338,0,0,0.9988296627998352,2.0865763872279786e-05,5.659896487486549e-05,0.0010929603595286608
1339,0,0,0.9993662238121033,3.839809778583003e-06,3.0618608434451744e-05,0.0005992880905978382
1340,1,2,0.001189672271721065,0.3916671574115753,0.5642068982124329,0.0429362989962101
1341,2,2,0.07055216282606125,0.0018601877382025123,0.8538726568222046,0.07371498644351959
1342,1,1,0.000200022041099146,0.9994404911994934,0.00034119156771339476,1.8266544429934584e-05
1343,3,3,0.001544105471111834,2.7063371817348525e-05,0.18719664216041565,0.8112321496009827
1344,2,2,0.011957255192101002,0.002059138612821698,0.9832337498664856,0.002749946666881442
1345,3,3,0.004795243497937918,4.930061550112441e-05,0.011567524634301662,0.9835879802703857
1346,3,3,0.00012867945770267397,6.6349388205821924e-09,9.640002929245384e-08,0.9998712539672852
1347,2,2,0.00035345370997674763,1.7587004776942194e-06,0.9993195533752441,0.0003252824244555086
1348,1,1,0.15071281790733337,0.7888000011444092,0.02332637459039688,0.03716083988547325
1349,3,3,0.0021664726082235575,5.3134105115759667e-08,5.976621196168708e-06,0.9978274703025818
1350,3,3,0.06508924067020416,0.04715855047106743,0.33646872639656067,0.5512834787368774
1351,1,1,0.06842708587646484,0.9290226101875305,0.000586863374337554,0.001963416114449501
1352,0,0,0.9996035695075989,6.890764052513987e-05,0.0003245827101636678,2.9049322165519698e-06
1353,1,1,0.00010508558625588194,0.999855637550354,3.598419061745517e-05,3.2776338230178226e-06
1354,3,3,0.0017637839773669839,0.06280035525560379,0.004931990522891283,0.9305039048194885
1355,2,2,0.024826524779200554,0.00017116442904807627,0.9735614061355591,0.001440886058844626
1356,1,1,9.020401193993166e-05,0.9998558759689331,5.217178477323614e-05,1.6632881170153269e-06
1357,2,2,0.002214087639003992,1.956897904165089e-05,0.9951226115226746,0.002643737941980362
1358,2,2,0.0007710515055805445,1.6070260926426272e-06,0.9989336133003235,0.00029371099662967026
1359,2,2,0.00035061698872596025,8.303235517814755e-05,0.9933522939682007,0.006213966757059097
1360,3,3,0.0006587085081264377,1.6622587281744927e-05,0.010765599086880684,0.9885590672492981
1361,2,2,0.003632105654105544,0.0008322972571477294,0.6942809820175171,0.3012545704841614
1362,1,1,0.0011521469568833709,0.9983270764350891,0.0002927878522314131,0.00022801122395321727
1363,3,3,0.011826151050627232,5.900290034333011e-07,6.779502655263059e-06,0.9881665110588074
1364,3,2,0.0164886973798275,7.056464528432116e-05,0.9483104348182678,0.03513041138648987
1365,0,0,0.9996901750564575,9.872271220956463e-06,0.00026810841518454254,3.1822863093111664e-05
1366,2,2,0.002764603355899453,7.7888835221529e-06,0.9971359968185425,9.157749445876107e-05
1367,2,2,0.0020754847209900618,0.00020300033793319017,0.9798433184623718,0.01787819340825081
1368,3,3,5.860806049895473e-05,2.0975296138203703e-05,0.0005381538067013025,0.9993822574615479
1369,2,2,0.013382717035710812,0.00045162622700445354,0.9819516539573669,0.004213937092572451
1370,3,3,4.355983492132509e-06,2.155078959731327e-08,0.0006081695319153368,0.9993875026702881
1371,1,1,0.013360883109271526,0.9453544020652771,0.010479109361767769,0.03080565668642521
1372,2,2,0.0003645615070126951,7.964406904648058e-06,0.9993535876274109,0.0002738900948315859
1373,0,2,0.33883312344551086,0.00014014230691827834,0.6601250767707825,0.0009016804397106171
1374,2,2,0.0911349281668663,1.8758255464490503e-05,0.9054674506187439,0.0033788990695029497
1375,3,3,0.002460787072777748,1.7274069250561297e-05,0.014891576953232288,0.9826304316520691
1376,1,1,0.07049578428268433,0.8169675469398499,0.02951735444366932,0.08301934599876404
1377,3,0,0.8193750977516174,0.13811631500720978,0.012232345528900623,0.030276283621788025
1378,3,3,0.0005842307582497597,0.00013792816025670618,0.005208054091781378,0.9940698146820068
1379,0,0,0.999067485332489,9.65706494753249e-05,0.0004369799862615764,0.00039899343391880393
1380,2,2,2.076929376926273e-05,6.7524360929382965e-06,0.9998779296875,9.457223495701328e-05
1381,1,1,0.00012052326201228425,0.9997068047523499,2.2793276457377942e-06,0.00017045947606675327
1382,1,1,0.0026807007379829884,0.9972153902053833,6.595957529498264e-05,3.795032171183266e-05
1383,3,3,0.00039103793096728623,6.670207221759483e-05,0.000553691468667239,0.9989885687828064
1384,1,1,0.00032448844285681844,0.9994895458221436,0.00016280166164506227,2.3085318389348686e-05
1385,0,0,0.9973111152648926,0.00027635108563117683,0.0020216647535562515,0.00039081319118849933
1386,0,0,0.999942421913147,4.275358151062392e-06,1.2553058468256495e-06,5.197684731683694e-05
1387,2,2,0.011131539940834045,0.00042145123006775975,0.9638071060180664,0.024639882147312164
1388,2,2,0.008465978316962719,0.0008606867049820721,0.5884431004524231,0.40223026275634766
1389,1,1,0.026999853551387787,0.9690172672271729,0.002200201852247119,0.0017826888943091035
1390,3,3,0.1152488961815834,0.0020696823485195637,0.1979099065065384,0.6847715377807617
1391,3,3,0.006097207311540842,0.00014167827612254769,0.15724508464336395,0.8365160226821899
1392,3,3,3.2433949970211984e-10,1.4508956536207762e-10,4.1750948298613366e-07,0.9999995231628418
1393,1,1,0.00022903415083419532,0.9988962411880493,0.0005627862992696464,0.0003118879976682365
1394,0,0,0.999846339225769,5.593432206296711e-07,9.652780136093497e-06,0.0001434738514944911
1395,2,2,0.004563281778246164,1.0817857400979847e-05,0.9953650236129761,6.087979636504315e-05
1396,2,2,0.0005297514144331217,0.0009098597220145166,0.9949374198913574,0.0036229845136404037
1397,1,3,0.32897281646728516,0.22704727947711945,0.042295005172491074,0.40168488025665283
1398,2,2,0.0011429627193138003,1.525301831861725e-05,0.9966956377029419,0.0021461527794599533
1399,0,0,0.9998031258583069,9.507017966825515e-05,7.616592483827844e-06,9.422478615306318e-05
1400,1,1,0.039875101298093796,0.9342278838157654,0.0003647255653049797,0.025532249361276627
1401,3,3,3.104012648691423e-05,1.012959842228156e-06,0.002874084748327732,0.9970937967300415
1402,0,0,0.9977935552597046,0.0002878893865272403,0.00013258258695714176,0.0017859244253486395
1403,0,0,0.9630714058876038,0.0004580673994496465,0.02161809615790844,0.0148524921387434
1404,1,1,0.045611608773469925,0.943604052066803,0.006128348875790834,0.004656059201806784
1405,1,1,0.008929047733545303,0.9899954795837402,0.0009772125631570816,9.834760567173362e-05
1406,1,1,0.0020516542717814445,0.9971625208854675,0.00017916687647812068,0.0006066294736228883
1407,1,1,0.2603294253349304,0.7024065256118774,0.017972536385059357,0.019291512668132782
1408,1,1,0.024273859336972237,0.9675629138946533,0.0018632884602993727,0.006299898494035006
1409,2,2,0.00469091534614563,0.0002233574487036094,0.9930142760276794,0.00207151984795928
1410,2,2,0.004411550238728523,0.00015798246022313833,0.9952852129936218,0.00014529674081131816
1411,2,2,0.31369781494140625,2.8320994260866428e-06,0.6859076023101807,0.0003917435824405402
1412,3,3,0.0026057951617985964,0.00031152015435509384,0.023753691464662552,0.9733288884162903
1413,3,3,2.2482450731331483e-05,4.9964241043198854e-05,0.0012537958100438118,0.9986737966537476
1414,1,1,0.005587842781096697,0.9900570511817932,0.004179845098406076,0.00017524919530842453
1415,2,2,2.2548796550836414e-05,7.933523282765975e-10,0.9999773502349854,1.1285353451739866e-07
1416,2,2,0.4026860296726227,3.765975407077349e-06,0.5967573523521423,0.0005528745823539793
1417,1,1,0.006659712642431259,0.9931573271751404,0.00013321686128620058,4.9768634198699147e-05
1418,1,1,2.0391000816744054e-06,0.9999958276748657,7.792394285388582e-07,1.3126630165061215e-06
1419,2,2,0.0014407532289624214,0.0003097500593867153,0.9940387010574341,0.004210823215544224
1420,2,2,0.0017967823660001159,7.700063179072458e-06,0.997310996055603,0.0008845545235089958
1421,0,3,0.40736711025238037,8.544939919374883e-05,0.09939303994178772,0.493154376745224
1422,1,1,7.485026435460895e-05,0.9984172582626343,0.0012805506121367216,0.00022731030185241252
1423,0,0,0.9890056848526001,0.003930998034775257,0.0017815942410379648,0.0052817086689174175
1424,0,0,0.9999295473098755,7.776752681820653e-06,3.966682561440393e-05,2.299526022397913e-05
1425,3,3,1.4603527915824088e-06,1.412106939824298e-06,0.0032089180313050747,0.9967882633209229
1426,3,3,0.004682932049036026,4.904916568193585e-05,0.0011717387242242694,0.9940962791442871
1427,3,3,0.04538632929325104,0.0030782753601670265,0.002874022349715233,0.9486613273620605
1428,3,3,5.585660801443737e-06,1.1185760939724787e-07,6.2253920987132005e-06,0.9999880790710449
1429,3,3,0.0029726307839155197,1.0804200428538024e-05,0.00047718745190650225,0.9965393543243408
1430,2,2,0.007213474251329899,0.0020526123698800802,0.9902210235595703,0.0005128636839799583
1431,2,2,0.0024353223852813244,0.0006469204090535641,0.9900044798851013,0.006913247052580118
1432,2,2,0.026318645104765892,5.1837691898981575e-06,0.849014401435852,0.12466171383857727
1433,3,3,2.4606847546237987e-06,2.055272148027143e-07,0.009862161241471767,0.990135133266449
1434,3,3,0.0010145242558792233,6.202942131494638e-06,0.00321670388802886,0.9957626461982727
1435,1,1,0.03817090392112732,0.9212765693664551,9.81839039013721e-05,0.04045442119240761
1436,0,0,0.7331807017326355,0.010396745055913925,0.010517934337258339,0.2459045648574829
1437,3,3,0.021533401682972908,0.00497183483093977,0.020213821902871132,0.9532809257507324
1438,2,2,2.610163573990576e-05,1.0395096069260035e-05,0.9957233667373657,0.004240107256919146
1439,3,3,5.282725396682508e-05,1.2595612133736722e-05,0.009914565831422806,0.9900200366973877
1440,1,1,1.4528680367220659e-05,0.998390793800354,2.5626590286265127e-05,0.0015691259177401662
1441,2,2,0.006690685171633959,5.8806704146263655e-06,0.8939855694770813,0.09931784868240356
1442,0,0,0.9965410828590393,4.546311174635775e-06,0.003054316621273756,0.0004001276975031942
1443,3,3,0.00019436825823504478,3.383002194823348e-06,0.006588930729776621,0.9932132959365845
1444,3,3,0.00018759488011710346,2.1490186554729007e-06,0.0004598638042807579,0.999350368976593
1445,0,0,0.9999998807907104,1.1140932620889998e-09,2.3407224603033683e-08,1.5244663131852576e-07
1446,3,3,2.6816658191819442e-06,0.00010190149623667821,0.05725827068090439,0.9426371455192566
1447,3,2,0.2588609457015991,0.000930115464143455,0.6339114904403687,0.10629741102457047
1448,0,0,0.9614352583885193,0.03735523670911789,0.0006185363745316863,0.0005910206818953156
1449,3,3,0.00015561154577881098,0.001400092151015997,0.1320744752883911,0.8663698434829712
1450,2,2,0.005141863599419594,0.00014587979239877313,0.9930526614189148,0.001659579575061798
1451,2,2,0.004253568593412638,0.002011185511946678,0.9936479926109314,8.724078361410648e-05
1452,3,3,0.03738514333963394,0.0002822325914166868,0.008908232674002647,0.9534243941307068
1453,0,0,0.9999949932098389,6.177427014364412e-09,3.599928277253639e-06,1.4829523706794134e-06
1454,1,1,0.027300555258989334,0.9715819954872131,0.0008718424360267818,0.00024557040887884796
1455,0,0,0.9993602633476257,1.933190560521325e-06,9.491819946561009e-05,0.00054283591452986
1456,2,2,0.014314495027065277,4.093123607162852e-06,0.975856602191925,0.009824758395552635
1457,3,3,1.2766886356985196e-06,2.0054797005286673e-06,0.0009940583258867264,0.9990026354789734
1458,1,1,0.0760052353143692,0.9084624648094177,0.008254339918494225,0.007277929224073887
1459,0,0,0.9999955892562866,1.3302274055604357e-06,1.6161231997102732e-06,1.3597187944469624e-06
1460,3,3,0.10967293381690979,0.0009964132914319634,1.2361397239146754e-05,0.8893182277679443
1461,0,0,0.9995920062065125,0.00010873765131691471,2.5057883249246515e-05,0.0002742092474363744
1462,3,3,0.05904002860188484,3.332138294354081e-05,0.22339822351932526,0.7175283432006836
1463,0,0,0.8324834704399109,0.00826185755431652,0.028116727247834206,0.13113799691200256
1464,0,0,0.9947623610496521,0.0010060312924906611,0.0002852672478184104,0.003946289885789156
1465,1,1,0.0004323657776694745,0.9966668486595154,1.6377334759454243e-05,0.002884360495954752
1466,0,1,0.027973631396889687,0.9718592762947083,0.00013715609384234995,2.9969347451697104e-05
1467,1,1,0.0027120416052639484,0.9972668886184692,1.8751958123175427e-05,2.3959212285262765e-06
1468,1,1,5.2372361096786335e-05,0.9996762275695801,0.0002006246504606679,7.082433148752898e-05
1469,2,2,0.0002086634049192071,5.949478691036347e-06,0.9997240900993347,6.128582026576623e-05
1470,1,1,2.64970185526181e-05,0.9999728202819824,4.807479854207486e-07,2.040162883076846e-07
1471,3,3,8.337827317461688e-09,6.27301821598536e-11,5.007085519537213e-07,0.9999995231628418
1472,0,0,0.9999940395355225,5.7000188462552615e-06,1.6307055261677306e-07,1.1321007065134836e-07
1473,1,1,0.06948866695165634,0.9265649914741516,0.003061672206968069,0.0008846729178912938
1474,3,3,0.0019770977087318897,2.9936920327600092e-05,0.01880202628672123,0.97919100522995
1475,0,0,0.9996469020843506,0.0001332885876763612,0.00015582925698254257,6.398709228960797e-05
1476,2,2,0.0024904508609324694,0.0007347951177507639,0.9937645196914673,0.003010294632986188
1477,0,0,0.7462491393089294,0.032793644815683365,0.17296820878982544,0.04798901081085205
1478,1,1,0.1144823506474495,0.6710394620895386,0.18195968866348267,0.03251851350069046
1479,0,0,0.9426287412643433,0.00040109711699187756,0.05517032369971275,0.0017997358227148652
1480,2,2,0.00048339125351049006,1.8332737454329617e-05,0.9990876913070679,0.0004105950356461108
1481,2,2,0.005706732627004385,0.004732888657599688,0.9816116690635681,0.007948684506118298
1482,2,2,0.0228254497051239,3.537345401127823e-05,0.9761412143707275,0.000998005853034556
1483,2,2,0.027569571509957314,3.1457588193006814e-05,0.9610236287117004,0.01137537881731987
1484,1,1,1.2416843674145639e-05,0.9995811581611633,0.00032823137007653713,7.812456897227094e-05
1485,3,3,0.0006867744377814233,7.76273100200342e-06,0.01637590304017067,0.9829295873641968
1486,3,3,8.641875865578186e-06,4.943431122228503e-07,0.0012253058375790715,0.9987655878067017
1487,1,1,0.13656030595302582,0.6992880702018738,0.06873079389333725,0.09542080014944077
1488,1,1,0.00587660213932395,0.9937732815742493,5.562379737966694e-05,0.00029448402347043157
1489,1,1,2.093435341521399e-06,0.9999960660934448,2.209960427990154e-07,1.6641512274873094e-06
1490,0,0,0.9999016523361206,5.9219666582066566e-05,3.554374416125938e-05,3.6181427276460454e-06
1491,0,0,0.6830925941467285,0.0015606728848069906,0.31095024943351746,0.004396464675664902
1492,0,0,0.9878338575363159,0.002510968828573823,0.009209749288856983,0.00044547690777108073
1493,1,1,0.0019013710552826524,0.9977866411209106,8.269913087133318e-05,0.00022924297081772238
1494,0,3,0.23380282521247864,0.00014941695553716272,0.00045556522672995925,0.7655921578407288
1495,2,2,0.003096918109804392,2.575181383690506e-07,0.996780514717102,0.00012220650387462229
1496,1,1,2.1584488422377035e-05,0.9999068975448608,5.188328941585496e-05,1.9720302589121275e-05
1497,3,3,0.012810036540031433,0.00016429732204414904,0.09643332660198212,0.8905922770500183
1498,3,3,0.03149937093257904,0.00021353206830099225,0.0013144700787961483,0.9669727087020874
1499,3,3,0.003969475626945496,5.744499867432751e-05,0.0014224678743630648,0.9945505261421204
1500,2,2,0.003837517462670803,5.0492185437178705e-06,0.9960600733757019,9.73010464804247e-05
1501,3,3,0.002607714617624879,0.0001679227571003139,0.0028725212905555964,0.9943517446517944
1502,1,1,0.006218595430254936,0.9935591816902161,0.00019713168148882687,2.5150113287963904e-05
1503,3,3,0.04179627075791359,2.2468677343567833e-05,0.000518613203894347,0.9576625823974609
1504,0,0,0.999664306640625,4.6944827772676945e-05,0.0002219915040768683,6.669367576250806e-05
1505,0,0,0.9994204044342041,1.927314770000521e-06,4.1269515349995345e-05,0.0005364594981074333
1506,0,0,0.994959831237793,5.626620350085432e-06,0.003920673858374357,0.0011137565597891808
1507,3,3,0.002891532378271222,2.7548725523018902e-09,5.5890392758328744e-08,0.9971083998680115
1508,3,3,0.007382199168205261,1.8417968021822162e-05,0.19740474224090576,0.795194685459137
1509,3,3,0.008345642127096653,9.634355819798657e-07,0.005843432620167732,0.9858099818229675
1510,3,3,0.0006968787056393921,8.23558439151384e-05,0.07993846386671066,0.9192822575569153
1511,2,2,0.001333919819444418,9.012661394081078e-06,0.9939133524894714,0.0047437348403036594
1512,3,3,0.001678959932178259,6.038240371708525e-06,0.017635274678468704,0.9806797504425049
1513,3,3,2.736282795012812e-06,2.9338749300222844e-05,0.007136448752135038,0.9928314685821533
1514,2,2,0.03591332584619522,3.427116826060228e-05,0.9435467720031738,0.020505614578723907
1515,1,1,0.0024182882625609636,0.9912551641464233,0.004403975792229176,0.001922532101161778
1516,3,3,2.248394230264239e-05,4.61563377029961e-06,0.0001998997468035668,0.9997729659080505
1517,0,0,0.9999920129776001,4.33501803343006e-08,1.3782263295070152e-06,6.5194226408493705e-06
1518,1,1,0.000242907801293768,0.9988730549812317,0.0007792591932229698,0.00010484123777132481
1519,0,0,0.999909520149231,2.348615635128226e-05,4.936949835609994e-07,6.646067049587145e-05
1520,3,3,0.001346822828054428,0.00015276869817171246,8.664615961606614e-06,0.9984917640686035
1521,0,0,0.9999481439590454,2.4884702725103125e-06,9.020145625981968e-06,4.0283553971676156e-05
1522,1,1,0.12985385954380035,0.7819527983665466,0.08622369915246964,0.0019696936942636967
1523,0,0,0.9746285080909729,0.00269875954836607,0.015682514756917953,0.006990269757807255
1524,2,2,0.0010429845424368978,0.0001650489866733551,0.9868994951248169,0.011892512440681458
1525,0,0,0.8906185626983643,0.002615121891722083,0.04719887301325798,0.059567470103502274
1526,3,3,0.0024411436170339584,0.013737085275352001,0.008380746468901634,0.9754410982131958
1527,2,2,0.11091011762619019,0.00811015348881483,0.44612252712249756,0.43485718965530396
1528,0,0,0.997892439365387,3.4059048630297184e-05,0.0006346789305098355,0.0014389246935024858
1529,0,0,0.9990384578704834,2.75121747108642e-05,6.680089427391067e-05,0.0008672530530020595
1530,2,2,0.00613726582378149,5.049691753811203e-05,0.9895778894424438,0.00423445925116539
1531,2,0,0.5178169012069702,0.047740187495946884,0.42095205187797546,0.013490933924913406
1532,0,0,0.9990409016609192,1.4563722743332619e-06,0.00010984860273310915,0.0008478066883981228
1533,0,0,0.7745755910873413,0.22528228163719177,1.2224233614688274e-05,0.0001299594296142459
1534,3,3,0.00032873835880309343,2.2797736164648086e-05,0.008839372545480728,0.9908090829849243
1535,0,0,0.9932150840759277,4.287283445592038e-06,0.0064120665192604065,0.00036859375541098416
1536,1,1,0.0006812558858655393,0.998480498790741,8.416884156758897e-06,0.0008298809407278895
1537,0,0,0.9933921694755554,1.906736179080326e-05,0.002992456778883934,0.003596171038225293
1538,0,0,0.9958474040031433,0.0006185423699207604,0.0027350226882845163,0.0007989912410266697
1539,2,2,0.03835395723581314,0.056253984570503235,0.8657671809196472,0.03962484374642372
1540,1,1,0.020125597715377808,0.9797812700271606,7.176289363997057e-05,2.1320118321455084e-05
1541,3,3,0.0036056640092283487,0.023533640429377556,0.2204306274652481,0.7524300813674927
1542,3,3,2.088993824145291e-06,3.363675560308366e-08,0.0004833200655411929,0.9995145797729492
1543,0,0,0.9999610185623169,1.2622578537957452e-07,2.3785457869962556e-06,3.647792254923843e-05
1544,0,0,0.9999940395355225,3.295801676017618e-08,3.148449877699022e-06,2.8158374334452674e-06
1545,0,0,0.9999994039535522,3.1091678920347476e-07,2.2577007996460452e-07,1.8927776679333874e-08
1546,0,0,0.9945780038833618,8.790932042757049e-05,0.00020725105423480272,0.0051268236711621284
1547,1,1,0.0003437791601754725,0.9996376037597656,7.122500846890034e-07,1.7898941223393194e-05
1548,2,2,0.3209954500198364,0.0023732446134090424,0.6482688188552856,0.028362536802887917
1549,0,0,0.9999982118606567,1.9167714526702184e-08,1.1529834864631994e-06,5.379536673899565e-07
1550,3,3,0.000555450445972383,1.0047697287518531e-05,0.009836885146796703,0.9895976185798645
1551,1,1,0.0004240684793330729,0.9994239807128906,0.00015144886856433004,4.429678881479049e-07
1552,2,2,0.27883633971214294,0.0007243867730721831,0.3840712010860443,0.3363680839538574
1553,1,1,9.041531302500516e-05,0.9997112154960632,9.650053834775463e-05,0.00010188347368966788
1554,1,1,8.365461212633818e-09,0.9999991655349731,4.5565627715404844e-07,4.0908111031967564e-07
1555,1,1,0.003304898738861084,0.9965782761573792,7.540811930084601e-05,4.144186095800251e-05
1556,2,2,0.00016787850472610444,3.831383946817368e-05,0.9997380375862122,5.569996574195102e-05
1557,1,1,0.00038268178468570113,0.9995893836021423,2.5776573238545097e-05,2.1921850930084474e-06
1558,1,1,0.0009364020079374313,0.9980675578117371,0.0009446264593861997,5.1379782235017046e-05
1559,0,0,0.9188019037246704,0.0007659387774765491,0.0001627137971809134,0.08026944845914841
1560,1,1,0.0002298434847034514,0.9997300505638123,1.173606051452225e-05,2.8406944693415426e-05
1561,2,2,2.136536750185769e-06,1.309446020059113e-06,0.9999939203262329,2.566177727203467e-06
1562,0,0,0.9597273468971252,0.03899680823087692,0.0004357701982371509,0.000840130087453872
1563,1,1,0.028348326683044434,0.9716191291809082,3.0201830668374896e-05,2.3045986381475814e-06
1564,1,1,0.0935494527220726,0.8774499297142029,0.02253846824169159,0.006462235003709793
1565,1,1,0.013710882514715195,0.9828627705574036,0.0027892745565623045,0.0006370836053974926
1566,1,1,0.0017765312222763896,0.9975740313529968,0.00015543540939688683,0.0004940301296301186
1567,0,0,0.9519014954566956,4.56088746432215e-05,0.007847665809094906,0.04020530730485916
1568,0,0,0.9862098097801208,0.0005139137501828372,0.000729630293790251,0.01254662312567234
1569,1,1,3.7406869523692876e-05,0.9999549388885498,7.885294621701178e-07,6.929698429303244e-06
1570,1,1,0.062194179743528366,0.9346629977226257,0.002788512734696269,0.0003543206548783928
1571,1,1,3.319536699564196e-05,0.9999662637710571,1.5750566717542824e-07,3.9819357766646135e-07
1572,0,0,0.8519362211227417,0.027278821915388107,0.10953818261623383,0.01124678086489439
1573,3,3,0.06745186448097229,0.0013649789616465569,0.027917277067899704,0.9032658338546753
1574,1,1,0.008546525612473488,0.9586833715438843,0.02539290301501751,0.007377089001238346
1575,2,2,0.0005100311827845871,0.0002651624963618815,0.9475096464157104,0.05171520262956619
1576,0,0,0.9998871088027954,1.1589210657803051e-07,4.270323915989138e-05,7.013459980953485e-05
1577,1,1,0.000676429714076221,0.9993152618408203,1.2238686508680985e-07,8.191863344109152e-06
1578,0,0,0.999177873134613,4.4232911022845656e-05,0.0007352230022661388,4.264019662514329e-05
1579,3,3,0.0004747883649542928,0.0017544032307341695,0.07480333000421524,0.9229674935340881
1580,0,0,0.9833313226699829,5.369313294067979e-05,0.013254063203930855,0.0033608220983296633
1581,0,0,0.9999949932098389,2.275859287692583e-06,6.133242322903243e-07,2.166910917367204e-06
1582,0,0,0.9985015392303467,0.0001046280813170597,0.00031283037969842553,0.00108100357465446
1583,1,1,0.0021778906229883432,0.9978183507919312,9.536205425320077e-07,2.8919673695781967e-06
1584,2,2,0.001356977503746748,0.0005384563119150698,0.7738173007965088,0.22428731620311737
1585,1,1,0.0002135042450390756,0.9976118803024292,0.0020583339501172304,0.00011630397057160735
1586,0,0,0.9980975985527039,0.00024002486316021532,0.0008951663039624691,0.000767205492593348
1587,0,0,0.9918803572654724,0.0008973586373031139,0.006472348235547543,0.0007500186911784112
1588,1,1,0.02623659372329712,0.9736461639404297,0.00010667182505130768,1.060031536326278e-05
1589,0,0,0.990142285823822,0.00011162840382894501,0.00020290451357141137,0.009543163701891899
1590,2,2,0.00368134886957705,0.0007161601097323,0.9931934475898743,0.002409122884273529
1591,2,2,0.02542746812105179,0.15470291674137115,0.8171603083610535,0.0027093528769910336
1592,1,1,0.0001824454084271565,0.9998100399971008,7.420753718179185e-06,1.5533494490682642e-07
1593,0,0,0.9998040795326233,1.9272838471806608e-05,0.00015816699306014925,1.845434235292487e-05
1594,1,1,0.03121344745159149,0.9666885137557983,0.0012625710805878043,0.0008354697492904961
1595,0,0,0.9633551836013794,0.0007783555192872882,2.9866183467675e-05,0.03583655133843422
1596,1,1,0.0023809613194316626,0.994858980178833,0.0007527098059654236,0.002007364761084318
1597,2,2,0.0001689890632405877,7.484157777071232e-06,0.9995051622390747,0.0003184452070854604
1598,0,0,0.9991278052330017,1.9271117707830854e-05,0.0007366094505414367,0.00011629633081611246
1599,0,1,0.3616717755794525,0.6186001300811768,0.012303727678954601,0.007424355484545231
1600,3,3,0.0042924219742417336,0.0019825641065835953,0.02715834230184555,0.9665666818618774
1601,1,1,5.9219266404397786e-05,0.9999387264251709,1.6171753713933867e-06,5.139139602761134e-07
1602,2,2,0.0023340540938079357,7.023027137620375e-07,0.9975332021713257,0.00013195432256907225
1603,2,3,0.024670226499438286,2.322723958059214e-06,0.011307477951049805,0.9640200138092041
1604,1,1,8.566329051973298e-05,0.9998154044151306,3.3530392101965845e-05,6.544154894072562e-05
1605,0,0,0.999584972858429,5.507361947820755e-06,0.00011381787771824747,0.00029573735082522035
1606,3,3,0.00016136272461153567,9.395738743478432e-05,0.0008679458405822515,0.9988767504692078
1607,2,2,0.011158350855112076,4.595487916958518e-05,0.9872415065765381,0.0015541674802079797
1608,0,0,0.9269061088562012,1.7961938283406198e-05,0.06949900090694427,0.0035768740344792604
1609,3,2,0.06724220514297485,0.007084814365953207,0.6142463684082031,0.3114265501499176
1610,3,3,3.1549426959820437e-10,2.938896348503306e-10,2.5749965715249346e-08,1.0
1611,2,2,0.003709294367581606,6.883306468807859e-06,0.9961129426956177,0.0001708324416540563
1612,2,3,0.00023148923355620354,3.049861334147863e-05,0.48632022738456726,0.5134177803993225
1613,2,1,0.027906032279133797,0.3807283639907837,0.2356688678264618,0.3556966781616211
1614,1,1,0.04737253487110138,0.9438968896865845,0.0005845777923241258,0.008146014995872974
1615,2,2,3.2337059110432165e-06,4.259453999111429e-05,0.9948654770851135,0.00508872140198946
1616,0,0,0.9996163845062256,9.696548659121618e-06,7.152259058784693e-05,0.000302438042126596
1617,0,1,0.031147008761763573,0.9597848653793335,0.007814751006662846,0.0012534558773040771
1618,3,3,8.934067636801046e-07,3.316580205137143e-06,0.0010645503643900156,0.9989312291145325
1619,3,3,0.002580322092399001,2.2147391064208932e-05,0.002349331509321928,0.9950481057167053
1620,3,3,0.014440706931054592,0.011340511962771416,0.03490426391363144,0.939314603805542
1621,3,3,7.062518852762878e-05,6.760176347597735e-07,0.0008630008669570088,0.9990656971931458
1622,2,2,0.0004957113997079432,1.5433802502684557e-07,0.999494194984436,9.968187441700138e-06
1623,0,0,0.9513812065124512,0.0484730526804924,6.453206151491031e-05,8.116690150927752e-05
1624,1,1,0.004387812688946724,0.995172917842865,0.000359161727828905,8.010497549548745e-05
1625,3,3,0.0001656646782066673,8.870647434378043e-05,0.04398737847805023,0.955758273601532
1626,3,3,0.00036159451701678336,6.187439430505037e-05,0.013448103331029415,0.9861284494400024
1627,1,1,0.048353713005781174,0.9109408855438232,0.001310146413743496,0.03939518705010414
1628,2,2,0.0003946128999814391,1.3281021438160678e-06,0.9996011853218079,2.8582007871591486e-06
1629,3,3,7.815231583663262e-06,0.0029343587812036276,0.014812442474067211,0.9822453260421753
1630,3,3,0.009804671630263329,0.00010895648301811889,0.07802446186542511,0.912061870098114
1631,2,3,0.0023557005915790796,0.0011144268792122602,0.3446294963359833,0.6519004106521606
1632,3,0,0.5825798511505127,0.28630900382995605,0.05161605030298233,0.07949510216712952
1633,3,3,0.2163534164428711,0.05303864926099777,0.019673988223075867,0.7109339237213135
1634,3,3,2.4586522613390116e-06,8.82077699770889e-07,0.0007726623443886638,0.999224066734314
1635,2,2,0.001233916380442679,4.758194336318411e-06,0.9983339905738831,0.0004273375670891255
1636,0,0,0.9999990463256836,2.2285863821025487e-08,6.854772323094949e-07,1.8897171116805112e-07
1637,0,0,0.9565215706825256,0.007966970093548298,0.007011073641479015,0.028500478714704514
1638,2,2,4.459952833713032e-06,3.487956973913242e-06,0.983043372631073,0.016948653385043144
1639,3,3,0.018585320562124252,0.004431245382875204,0.00029153015930205584,0.9766919612884521
1640,3,3,0.0008840414229780436,0.0034770125057548285,0.018254004418849945,0.9773849844932556
1641,3,3,2.9829501727363095e-05,3.8141342884046026e-07,0.0006612330325879157,0.9993085861206055
1642,3,3,2.80855438177241e-05,4.198374426778173e-06,0.00028953139553777874,0.9996782541275024
1643,1,1,0.004663750994950533,0.9239416122436523,0.06738807260990143,0.004006506875157356
1644,0,0,0.9999357461929321,2.2501802959595807e-05,1.4061219189898111e-05,2.7634567231871188e-05
1645,2,2,0.003990315832197666,9.57693628151901e-05,0.9955818057060242,0.0003321347467135638
1646,1,1,5.1586208428489044e-05,0.9999476671218872,1.699833660495642e-07,6.045302143320441e-07
1647,3,3,5.431301542557776e-05,7.587916002194106e-07,0.030426183715462685,0.9695186614990234
1648,0,0,0.993941068649292,0.0035285395570099354,0.0003499695158097893,0.0021804501302540302
1649,0,0,0.9994069337844849,5.869483175047208e-06,9.015302202897146e-05,0.0004969892324879766
1650,1,1,0.36866259574890137,0.5036190748214722,0.09435148537158966,0.033366844058036804
1651,1,1,0.002680228091776371,0.9972991347312927,9.501652129983995e-06,1.1151024409628008e-05
1652,2,2,0.008747024461627007,0.002886468544602394,0.9306405782699585,0.057725876569747925
1653,3,3,2.3239394067786634e-05,3.410887643440219e-07,0.006920862942934036,0.993055522441864
1654,2,2,0.0003022905730176717,3.3847270969999954e-05,0.9974696636199951,0.002194257453083992
1655,3,3,0.07217719405889511,0.02468900941312313,0.06075935810804367,0.8423744440078735
1656,1,1,2.2722517314832658e-05,0.9999635219573975,3.7399429402285023e-06,9.974874956242274e-06
1657,2,2,4.921684649161762e-06,5.64651827517082e-06,0.9999783039093018,1.1115626875835005e-05
1658,0,3,0.12652476131916046,0.003208745736628771,0.42240703105926514,0.447859525680542
1659,3,3,6.547691668856714e-07,1.0375134529283514e-08,0.019518673419952393,0.9804806113243103
1660,3,3,6.901719461893663e-05,8.317927608914033e-07,0.00033923814771696925,0.9995909333229065
1661,2,2,0.0002931776689365506,8.555315957892162e-07,0.9994970560073853,0.0002088907640427351
1662,2,2,0.1508532613515854,9.489808871876448e-05,0.7617934942245483,0.08725837618112564
1663,1,1,6.238523383217398e-06,0.9999932050704956,4.382332274843748e-09,6.06196863373043e-07
1664,0,0,0.9903029799461365,6.881249282741919e-05,8.16230894997716e-05,0.009546679444611073
1665,2,2,0.024606619030237198,2.4438240870949812e-05,0.9717678427696228,0.0036011552438139915
1666,3,3,4.233828803990036e-06,9.939425282823322e-09,0.00027102086460217834,0.9997246861457825
1667,3,3,0.008908403106033802,7.427085074596107e-05,0.0014071299228817225,0.9896101951599121
1668,2,0,0.8760652542114258,5.035686262999661e-05,0.12218568474054337,0.0016986733535304666
1669,3,3,0.0008070804760791361,8.40117791085504e-05,0.0027051889337599277,0.9964038133621216
1670,2,2,0.003906510770320892,2.348377620364772e-06,0.9876377582550049,0.008453447371721268
1671,0,0,0.8404628038406372,0.04278598353266716,0.04473412409424782,0.07201704382896423
1672,0,0,0.9990867376327515,6.6683405748335645e-06,0.00012234330642968416,0.0007842478225938976
1673,2,2,0.06786077469587326,0.17139199376106262,0.5140817165374756,0.24666549265384674
1674,1,1,1.0595224011922255e-05,0.9998326301574707,0.00014616634871345013,1.057003373716725e-05
1675,0,0,0.9199554324150085,0.0001177827434730716,0.032676294445991516,0.047250449657440186
1676,3,3,1.2764983694069088e-05,4.142061271750208e-08,0.002338365651667118,0.9976488947868347
1677,1,1,0.00016987558046821505,0.998939573764801,0.00032650577486492693,0.000564120477065444
1678,2,2,0.016910333186388016,9.450212928641122e-06,0.9776401519775391,0.0054399860091507435
1679,1,1,0.006148103624582291,0.9938329458236694,6.638052582275122e-06,1.2341225556156132e-05
1680,0,0,0.9748440384864807,0.00045135774416849017,0.023084009066224098,0.0016205122228711843
1681,2,2,0.0019133983878418803,0.0006214623572304845,0.9963864088058472,0.0010787708451971412
1682,1,1,0.002473018364980817,0.9972510933876038,0.00021278014173731208,6.316084909485653e-05
1683,3,3,3.470337333055795e-06,5.5904852160892915e-06,0.00026761277695186436,0.9997232556343079
1684,1,1,0.0027522221207618713,0.9970290064811707,0.00018339217058382928,3.537227530614473e-05
1685,0,0,0.9967137575149536,1.086789893633977e-06,0.0031897712033241987,9.54365314100869e-05
1686,3,3,0.00028677345835603774,3.755248911829767e-08,0.003081275150179863,0.996631920337677
1687,2,2,0.00025473834830336273,0.00014422410458792,0.9976993203163147,0.001901730545796454
1688,3,2,9.973321721190587e-05,2.0050401872140355e-06,0.9041253328323364,0.09577292948961258
1689,3,2,4.3544267100514844e-05,7.324872512981528e-06,0.6850115656852722,0.3149375319480896
1690,3,3,0.00022708397591486573,1.1463901046226965e-06,0.05103165656328201,0.9487400650978088
1691,0,2,0.04308762401342392,3.343351181683829e-06,0.956824541091919,8.44784444780089e-05
1692,2,2,1.1042754522350151e-05,2.0783167542504088e-07,0.9999525547027588,3.6204895877745e-05
1693,2,2,0.0120411841198802,3.586992897908203e-05,0.7691571116447449,0.21876585483551025
1694,2,2,2.363637031521648e-05,5.066497692496341e-07,0.9999698400497437,6.013812708260957e-06
1695,3,3,4.311021257308312e-06,3.966111034969799e-05,0.004883837886154652,0.9950721859931946
1696,3,3,0.00022238150995690376,1.6468407011416275e-06,0.036061469465494156,0.9637145400047302
1697,0,0,0.997973620891571,2.1058292986708693e-05,0.0005144616588950157,0.0014909158926457167
1698,1,1,2.2839098164695315e-05,0.9992714524269104,0.0003946477372664958,0.00031098886393010616
1699,2,2,0.00400248309597373,0.00014001868839841336,0.9916832447052002,0.004174279980361462
1700,0,0,0.9978234767913818,3.9647846278967336e-05,0.00035119830863550305,0.0017857454949989915
1701,1,1,0.08428437262773514,0.9146085977554321,0.0004120158264413476,0.0006950875394977629
1702,3,3,0.004671701695770025,0.0002778960333671421,0.03178431838750839,0.963266134262085
1703,3,3,0.029231978580355644,1.4338845630845753e-06,0.1572258025407791,0.8135407567024231
1704,3,2,0.08323607593774796,0.050723444670438766,0.5710923075675964,0.29494819045066833
1705,2,2,6.597024912480265e-05,7.930998981464654e-05,0.999574601650238,0.00028010670212097466
1706,1,1,6.644559107371606e-06,0.9999557733535767,3.603099685278721e-05,1.544741849102138e-06
1707,1,1,0.0002558200212661177,0.9995927214622498,2.8143640520283952e-06,0.0001487073750467971
1708,2,2,0.08266261219978333,0.00736892269924283,0.46964210271835327,0.440326452255249
1709,3,3,9.57082102104323e-06,3.28252021120079e-08,0.034549079835414886,0.9654413461685181
1710,3,3,0.006381841376423836,0.010016524232923985,0.11525727063417435,0.8683443665504456
1711,3,3,5.383042662288062e-06,4.721548521047225e-06,0.007203379645943642,0.9927864670753479
1712,1,0,0.5704528093338013,0.0545499324798584,0.20181851089000702,0.1731787919998169
1713,2,3,0.0001399024185957387,1.5097252799023408e-06,0.4152010977268219,0.5846574902534485
1714,2,2,0.00042846243013627827,0.0007061076466925442,0.9981951117515564,0.000670297013130039
1715,1,1,0.004176271613687277,0.9862436652183533,0.007417595479637384,0.0021624965593218803
1716,0,0,0.9995231628417969,1.5794756791365216e-06,9.157176100416109e-05,0.00038358793244697154
1717,3,3,0.0013475166633725166,2.009056061069714e-06,0.0005427137366496027,0.9981077909469604
1718,2,2,0.004423918202519417,7.6595298992288e-09,0.995567262172699,8.770073691266589e-06
1719,2,2,0.00033755949698388577,3.6716050999530125e-06,0.9895921945571899,0.010066566057503223
1720,2,2,7.533600000897422e-05,1.5466433467281604e-08,0.5302805304527283,0.469644159078598
1721,3,3,3.6255877944313397e-07,1.3513050234337243e-08,0.011991257779300213,0.9880083799362183
1722,1,1,6.0289239627309144e-05,0.999935507774353,2.1598107196041383e-06,2.049143176918733e-06
1723,0,0,0.8984683156013489,0.0183059461414814,0.016399793326854706,0.06682594120502472
1724,3,3,5.475422426570731e-07,2.344899563411218e-08,0.00015068997163325548,0.9998487234115601
1725,3,3,0.0002698952448554337,4.3575441850407515e-06,0.031079059466719627,0.9686466455459595
1726,2,2,0.0006281314417719841,1.4742420262336964e-06,0.9783729910850525,0.020997367799282074
1727,1,1,2.605994779969478e-07,0.9999991655349731,3.177445933033596e-07,1.7909425764628395e-07
1728,3,3,5.722255878026772e-07,3.0348832780191515e-08,6.90807428327389e-05,0.9999303817749023
1729,0,0,0.9987826943397522,1.710298420221079e-05,0.0010541684459894896,0.00014597497647628188
1730,2,2,5.794539447379066e-06,1.447929776077217e-07,0.9958042502403259,0.004189835861325264
1731,1,1,0.005216337274760008,0.9947118759155273,5.3897110774414614e-05,1.789819543773774e-05
1732,1,1,9.023118764162064e-06,0.9999905824661255,3.2947798445093213e-07,9.716379167912237e-08
1733,1,1,0.009306692518293858,0.9905893802642822,8.624949987279251e-05,1.7734626453602687e-05
1734,1,1,0.006441471632570028,0.9934364557266235,0.00010206346632912755,2.0039669834659435e-05
1735,2,2,0.001821451005525887,2.3358081307378598e-05,0.9979920387268066,0.00016319830319844186
1736,1,1,0.0039719343185424805,0.6486565470695496,0.3396483063697815,0.007723196875303984
1737,1,1,0.0031669470481574535,0.9666813015937805,0.018565863370895386,0.011585797183215618
1738,1,1,9.57577685767319e-06,0.9999899864196777,1.9462432021555287e-07,2.0792630550658942e-07
1739,0,0,0.9999914169311523,3.810741191045963e-06,7.713763352512615e-07,4.106796041014604e-06
1740,1,1,0.0010708736954256892,0.9989235997200012,4.996160441805841e-06,4.7359233690258407e-07
1741,1,1,0.001611766405403614,0.995902955532074,0.0010962231317535043,0.0013890148838981986
1742,0,3,0.08694195002317429,0.07400625199079514,0.03619425371289253,0.802857518196106
1743,3,3,0.01822260394692421,2.766459328995552e-05,0.12203776836395264,0.8597118854522705
1744,0,0,0.9950913190841675,0.00014714336430188268,0.0011780145578086376,0.0035834098234772682
1745,0,0,0.9208600521087646,0.00011655557318590581,0.004564367234706879,0.07445905357599258
1746,2,2,0.012431386858224869,1.0705889508244582e-05,0.9678005576133728,0.019757311791181564
1747,0,0,0.899314820766449,0.0033366514835506678,0.056614287197589874,0.04073430225253105
1748,2,2,8.710801921552047e-05,1.7110312455770327e-06,0.9994645714759827,0.00044663474545814097
1749,1,1,3.285546335973777e-05,0.9999574422836304,2.804021505653509e-06,6.8826971073576715e-06
1750,3,3,1.6350260921171866e-05,4.360096681921277e-06,0.0028178661596029997,0.9971613883972168
1751,0,0,0.9617746472358704,0.00018206109234597534,0.03335887938737869,0.0046845306642353535
1752,2,2,0.0037637162022292614,1.169245115306694e-05,0.9960275888442993,0.0001970365410670638
1753,1,1,0.008547564037144184,0.9900740385055542,0.00016187540313694626,0.0012165377847850323
1754,3,3,9.214333113050088e-05,1.0689563168853056e-05,0.001883961260318756,0.9980131387710571
1755,0,0,0.46454373002052307,0.02270139940083027,0.10364934802055359,0.40910547971725464
1756,0,0,0.8844305276870728,0.00016465212684124708,0.008438767865300179,0.10696602612733841
1757,2,2,0.0004094604810234159,0.00024863236467354,0.9973280429840088,0.0020138518884778023
1758,1,1,0.0014361176872625947,0.9985077977180481,2.3128963221097365e-05,3.3018008252838627e-05
1759,1,1,1.6260464690276422e-06,0.9999905824661255,5.71634154766798e-06,1.97581221073051e-06
1760,0,0,0.999968409538269,3.5815328374155797e-06,1.5972233086358756e-05,1.209260881296359e-05
1761,1,1,7.894830196164548e-05,0.9999121427536011,2.319866098332568e-06,6.5894078034034465e-06
1762,3,3,0.00015387033636216074,1.3069713133972982e-07,2.0988691176171415e-05,0.9998250603675842
1763,2,2,0.06826679408550262,8.917809464037418e-05,0.9307663440704346,0.0008777175680734217
1764,0,0,0.9483026266098022,0.000208430559723638,0.0023005816619843245,0.04918830841779709
1765,1,1,5.828740540891886e-05,0.9994864463806152,5.719852197216824e-05,0.000398046599002555
1766,2,2,0.00037229456938803196,1.0919286069110967e-05,0.9973638653755188,0.002252948237583041
1767,1,1,0.004276963882148266,0.9947079420089722,0.000503409537486732,0.0005116336978971958
1768,0,0,0.9608384966850281,0.0001390883553540334,0.0013268125476315618,0.03769555687904358
1769,2,2,0.002722963923588395,8.764890662860125e-05,0.9964397549629211,0.0007496217731386423
1770,2,3,0.00024131180543918163,2.307430622749962e-05,0.2554558515548706,0.7442798018455505
1771,2,2,0.15288780629634857,0.02765072137117386,0.7948145866394043,0.024646854028105736
1772,0,0,0.9993299245834351,1.0788057807076257e-05,0.00010703560110414401,0.0005523854633793235
1773,3,3,0.0007627775776199996,4.0868755490919284e-07,0.026478242129087448,0.9727584719657898
1774,3,0,0.9906036257743835,1.7960019249585457e-06,0.0032020483631640673,0.006192406173795462
1775,2,2,0.041330546140670776,0.0005500786355696619,0.944744348526001,0.013374971225857735
1776,1,1,0.00040057182195596397,0.9963142275810242,0.0023203769233077765,0.0009649302810430527
1777,1,1,9.440498615731485e-06,0.9999881982803345,5.317581326380605e-07,1.7876986930787098e-06
1778,0,0,0.8392811417579651,0.0017478771042078733,0.11970485746860504,0.039266206324100494
1779,0,0,0.7240278124809265,3.589143307181075e-05,0.27592381834983826,1.245377916347934e-05
1780,0,0,0.9999922513961792,4.555659870675299e-06,2.3229213184094988e-06,9.668538041296415e-07
1781,3,0,0.9981755018234253,9.749545824888628e-06,0.0010644849389791489,0.0007503005326725543
1782,1,1,0.028783125802874565,0.9704315066337585,1.3852662050339859e-05,0.0007715375977568328
1783,2,2,0.07920406013727188,0.0665731281042099,0.8323232531547546,0.021899599581956863
1784,3,3,6.335867510642856e-05,0.0008273701532743871,0.008089857175946236,0.9910194277763367
1785,1,1,0.01971946842968464,0.9716235399246216,0.0031240961980074644,0.005532926879823208
1786,1,1,7.259307312779129e-05,0.999915599822998,5.1359415920160245e-06,6.674413725704653e-06
1787,1,1,0.005719443317502737,0.9935216307640076,0.00044399252510629594,0.000314940232783556
1788,2,2,0.00045867738663218915,5.4430415730166715e-06,0.9993853569030762,0.0001505426043877378
1789,1,1,0.023163234815001488,0.9768314957618713,8.393151915697672e-07,4.450389042176539e-06
1790,2,3,3.16310761263594e-05,0.01837962493300438,0.0803149938583374,0.9012738466262817
1791,0,0,0.5590221285820007,0.00016812192916404456,0.17299121618270874,0.26781854033470154
1792,2,2,0.00024350064632017165,1.0803889381350018e-05,0.6680099964141846,0.3317357003688812
1793,1,1,3.656204717117362e-05,0.9999632835388184,2.0437734349343373e-07,3.190161379507117e-08
1794,1,1,2.018249324464705e-05,0.9994543194770813,0.000409667962230742,0.0001158390223281458
1795,3,3,3.543175625964068e-05,7.04956661934375e-08,0.0001725572074064985,0.9997919201850891
1796,2,2,0.04934062063694,0.008842376992106438,0.7364720106124878,0.20534496009349823
1797,3,3,0.07679464668035507,7.498485501855612e-05,0.005645089782774448,0.917485237121582
1798,1,1,0.2273840308189392,0.5325959920883179,0.1103585734963417,0.129661425948143
1799,2,2,0.0003696679777931422,4.162891187320383e-08,0.9996259212493896,4.330320280132582e-06
1800,0,0,0.9999750852584839,2.3829625206417404e-07,2.0536761439871043e-05,4.140873443247983e-06
1801,1,1,1.2044077266182285e-05,0.9999877214431763,1.166332523894198e-07,6.202130720112109e-08
1802,3,3,1.89954098459566e-05,0.00021103235485497862,0.0013891231501474977,0.9983808994293213
1803,1,1,0.00013763272727373987,0.9995973706245422,7.644906145287678e-05,0.00018845542217604816
1804,2,2,0.011480595916509628,0.00017003220273181796,0.988134503364563,0.00021484840544871986
1805,1,1,3.2115822250489146e-06,0.9999958276748657,8.421377515333006e-07,8.041956078841395e-08
1806,3,3,1.884695484477561e-05,3.140805304724381e-08,0.001932605286128819,0.9980485439300537
1807,1,1,0.009002587758004665,0.9897093176841736,0.0010721227154135704,0.00021593418205156922
1808,0,0,0.9999970197677612,1.277231405083512e-07,1.0028456927102525e-06,1.9367205368325813e-06
1809,1,1,1.581582910148427e-05,0.999946117401123,2.9763907150481828e-05,8.3224440459162e-06
1810,1,1,1.851907654781826e-05,0.9998267292976379,0.00010302864393452182,5.168169809621759e-05
1811,3,3,0.001782406005077064,4.7389134124387056e-05,0.3132917284965515,0.6848784685134888
1812,1,1,0.0002581797307357192,0.999725878238678,1.162651642516721e-05,4.249528956279391e-06
1813,0,0,0.9998371601104736,6.83879989082925e-06,0.0001479945203755051,7.98322980699595e-06
1814,3,3,2.9658389394171536e-05,2.75949247452445e-07,0.01468322891741991,0.9852868318557739
1815,1,1,0.030467623844742775,0.9353651404380798,0.033615630120038986,0.0005516488454304636
1816,0,0,0.999622106552124,6.672855334954875e-08,0.0003136501181870699,6.414698873413727e-05
1817,0,0,0.9998488426208496,3.960626145271817e-06,0.0001448419934604317,2.413663651168463e-06
1818,0,0,0.9962587356567383,4.946236913383473e-07,0.003687354503199458,5.347590922610834e-05
1819,2,2,5.042510383646004e-05,2.6213817250209104e-07,0.9997196793556213,0.00022960209753364325
1820,3,3,0.014732415787875652,0.00021842426212970167,0.36604371666908264,0.6190054416656494
1821,1,1,1.2556881301861722e-05,0.9999831914901733,4.003542471764376e-06,2.763682687145774e-07
1822,0,0,0.9945480227470398,0.0006499148439615965,0.004356710705906153,0.0004453753645066172
1823,2,3,0.003353498177602887,8.521083145751618e-06,0.029060885310173035,0.9675770998001099
1824,1,1,0.00519857183098793,0.9944170713424683,0.00034827564377337694,3.60263220500201e-05
1825,2,2,0.0010862683411687613,1.310663378717436e-06,0.9989057779312134,6.620487056352431e-06
1826,2,2,0.004816669505089521,0.005869872402399778,0.9686176776885986,0.02069575898349285
1827,0,0,0.9911551475524902,1.642179995542392e-05,0.006150161847472191,0.0026781840715557337
1828,0,0,0.9991970658302307,1.3109223800711334e-05,0.0005731407436542213,0.00021668075351044536
1829,1,1,0.00016864111239556223,0.997109591960907,0.002569883828982711,0.00015196160529740155
1830,1,1,0.01119877677410841,0.9835478663444519,0.0005725764785893261,0.004680804908275604
1831,3,3,0.0004578478110488504,4.4817144953412935e-05,0.10787872225046158,0.8916186094284058
1832,1,1,0.08271896839141846,0.9164880514144897,0.0003343613934703171,0.0004585272108670324
1833,3,3,7.988975880834914e-08,1.1302861979700651e-09,0.00012892742233816534,0.999871015548706
1834,0,0,0.9984204769134521,9.660571959102526e-05,0.00029227565391920507,0.0011906176805496216
1835,0,3,0.057522960007190704,0.00022746094327885658,0.000331224815454334,0.9419183731079102
1836,0,0,0.987103283405304,0.0010390733368694782,0.01028597354888916,0.0015717620262876153
1837,1,1,0.0002841343230102211,0.9996355772018433,7.764407928334549e-05,2.5992842438427033e-06
1838,2,2,0.15992996096611023,4.278233609511517e-05,0.7415638566017151,0.09846342355012894
1839,0,0,0.7901692986488342,0.013521328568458557,0.0008645198540762067,0.19544482231140137
1840,1,2,0.01073670294135809,0.010591688565909863,0.6256867051124573,0.3529849350452423
1841,0,0,1.0,2.1245442904938017e-11,1.2267515892006031e-09,6.930112483871653e-09
1842,2,0,0.5263100862503052,0.0008588630007579923,0.469673216342926,0.0031578256748616695
1843,0,0,0.9995062351226807,0.00033578480361029506,8.92852694960311e-05,6.868490163469687e-05
1844,0,0,0.9998356103897095,2.5932584435395256e-07,3.0100376534392126e-05,0.00013391685206443071
1845,2,3,0.00016102178778965026,1.1867556395372958e-06,0.13560107350349426,0.8642367124557495
1846,0,0,0.9997237324714661,7.37047969323612e-07,3.593835936044343e-05,0.0002395697811152786
1847,2,2,0.00034569899435155094,1.875181078503374e-05,0.9977784752845764,0.0018571068067103624
1848,0,0,0.9883455038070679,0.005676851607859135,0.0018099830485880375,0.0041677397675812244
1849,1,1,0.004921914543956518,0.9950404763221741,4.1806492845353205e-07,3.7260389945004135e-05
1850,0,0,0.992179274559021,0.002310010837391019,0.004204103257507086,0.00130658398848027
1851,3,3,0.0011128397891297936,1.2064258044119924e-05,0.2216631919145584,0.7772119641304016
1852,0,0,0.9999954700469971,1.6464664298609932e-08,8.464289749099407e-07,3.6401490888238186e-06
1853,2,2,0.022483807057142258,0.00018155467114411294,0.9695686101913452,0.007765904534608126
1854,3,3,2.1716823539463803e-07,1.5903928174409998e-10,0.00026989870821125805,0.9997298121452332
1855,3,3,0.0006959581514820457,0.0008003744296729565,0.3705122768878937,0.6279913783073425
1856,0,0,0.7316375374794006,0.00011351421562721953,0.024735936895012856,0.2435130774974823
1857,0,0,0.9777301549911499,0.01707802712917328,5.300977500155568e-05,0.005138746462762356
1858,1,1,0.01893649995326996,0.979956865310669,1.6375900031562196e-06,0.0011050008470192552
1859,2,2,0.010062668472528458,5.449765012599528e-06,0.9831873774528503,0.006744513288140297
1860,0,0,0.9995488524436951,1.4468346876128635e-07,1.07855148598901e-05,0.00044017471373081207
1861,2,2,0.03289555758237839,3.489978553261608e-05,0.9637206196784973,0.0033489305060356855
1862,2,2,0.00035211475915275514,5.185081590752816e-07,0.9961231350898743,0.003524230094626546
1863,3,3,5.706888259737752e-07,1.3482083893734398e-08,0.00011556169192772359,0.9998838901519775
1864,3,3,0.020893465727567673,0.000577707658521831,0.0003875532711390406,0.9781413674354553
1865,2,2,0.0025710351765155792,3.128237585769966e-05,0.7996886968612671,0.19770897924900055
1866,0,0,0.9933280944824219,0.001023701624944806,9.026672341860831e-05,0.0055579873733222485
1867,0,0,0.9931381344795227,9.684505494078621e-05,0.0006548488163389266,0.0061102136969566345
1868,3,3,0.0014285343931987882,0.0001114205369958654,0.03721078857779503,0.9612492918968201
1869,0,0,0.9120767712593079,0.019232548773288727,0.04147802293300629,0.02721266634762287
1870,2,2,0.4097471833229065,0.00035964211565442383,0.45612743496894836,0.13376568257808685
1871,1,1,0.00043981894850730896,0.999519944190979,1.996279024751857e-05,2.0249060980859213e-05
1872,0,0,0.9916003942489624,3.2460848160553724e-05,0.002930878661572933,0.00543627142906189
1873,3,1,0.007375046610832214,0.8130497932434082,0.0010753828100860119,0.17849981784820557
1874,3,3,5.840732228534762e-06,1.2224917966818794e-08,4.562493631965481e-05,0.9999485015869141
1875,2,2,0.020945899188518524,1.090588284569094e-05,0.9781628251075745,0.0008803687524050474
1876,1,1,0.36568790674209595,0.6172258853912354,0.015650814399123192,0.0014353715814650059
1877,0,0,0.9999946355819702,2.6704310585046187e-06,6.577697604370769e-07,2.0050565581186675e-06
1878,3,3,0.007360081188380718,2.8602107704500668e-05,0.0022092629224061966,0.990402102470398
1879,1,1,0.01988610439002514,0.9216085076332092,0.004880404565483332,0.0536249577999115
1880,0,0,0.9971631169319153,6.064045123821415e-07,0.00040832869126461446,0.0024279477074742317
1881,3,3,0.1494809091091156,0.00019811338279396296,0.20725500583648682,0.6430659890174866
1882,1,1,0.014708278700709343,0.9841803312301636,0.0006588146788999438,0.00045257012243382633
1883,3,3,0.0011958994437009096,0.00036284816451370716,0.045179758220911026,0.9532615542411804
1884,3,2,0.0002147653722204268,0.00011156511754961684,0.7076742649078369,0.2919993996620178
1885,3,2,0.002372500253841281,5.592744128080085e-05,0.5600793957710266,0.4374922513961792
1886,0,0,0.9982518553733826,0.00013045608648099005,0.0005320291384123266,0.0010856322478502989
1887,0,0,0.9972944855690002,2.128266203271778e-07,3.673063110909425e-05,0.002668581437319517
1888,3,3,0.004404881969094276,2.1337089037842816e-06,0.08411235362291336,0.9114806652069092
1889,3,3,0.002941110637038946,1.5090808119566645e-05,0.00048399975639767945,0.9965597987174988
1890,3,3,8.379506471101195e-05,3.091810503974557e-05,0.09574855864048004,0.9041366577148438
1891,0,0,0.8676727414131165,0.0009613199508748949,0.053417328745126724,0.07794857770204544
1892,2,2,0.06990490853786469,0.00013494709855876863,0.918112576007843,0.011847619898617268
1893,3,2,0.0010665322188287973,4.615083526005037e-06,0.6839284300804138,0.31500041484832764
1894,0,0,0.9941641688346863,5.101668648421764e-06,0.00017154382658191025,0.0056592305190861225
1895,3,3,0.0013117099879309535,1.4832990927970968e-05,0.010318653658032417,0.9883548021316528
1896,2,2,0.038161229342222214,2.4112277969834395e-05,0.9574647545814514,0.004349937196820974
1897,2,2,0.0010708338813856244,0.00019439963216427714,0.6787463426589966,0.3199884295463562
1898,3,3,9.889345164992847e-07,1.7218596326529223e-08,0.0037024812772870064,0.9962965846061707
1899,3,3,0.0007898859330452979,0.002422269433736801,0.06700441241264343,0.9297834038734436
1900,2,2,0.0005394700565375388,1.1599843674048316e-05,0.9874924421310425,0.011956456117331982
1901,3,3,0.0002008507144637406,1.5887759218458086e-05,0.027443602681159973,0.9723396897315979
1902,1,1,0.017938176169991493,0.9544578790664673,0.0010923263616859913,0.026511548087000847
1903,0,0,0.9605925679206848,0.0003436492115724832,0.02348884381353855,0.015574917197227478
1904,0,0,0.9997695088386536,0.00015703070675954223,2.4267950720968656e-05,4.917422484140843e-05
1905,3,3,0.00010021760681411251,5.496124504134059e-05,0.022385867312550545,0.9774588942527771
1906,1,1,0.0012947344221174717,0.9986987113952637,4.019366315333173e-06,2.5112833554885583e-06
1907,2,2,0.002929972717538476,2.962018925245502e-06,0.9969372749328613,0.00012983937631361187
1908,1,1,3.8756900266889716e-07,0.9999995231628418,3.033374085248397e-08,2.842306656702931e-08
1909,0,0,0.6519590616226196,0.002522711642086506,0.0008921205881051719,0.3446260988712311
1910,1,1,0.0035668073687702417,0.9906160235404968,0.003006371669471264,0.0028107818216085434
1911,3,3,0.0031910487450659275,6.877840519337042e-08,0.0027341796085238457,0.9940746426582336
1912,0,0,0.9628981351852417,0.01249087043106556,0.009463212452828884,0.015147784724831581
1913,2,2,0.0034419773146510124,0.00017247126379515976,0.9935126900672913,0.0028728204779326916
1914,3,3,0.0032712940592318773,0.00039409546297974885,0.0027220360934734344,0.9936125874519348
1915,1,1,6.225137099136191e-07,0.9999990463256836,4.646199869284828e-08,2.169112320871136e-07
1916,3,3,0.002699756994843483,0.0001072329978342168,0.27172812819480896,0.7254648208618164
1917,1,1,0.003829105058684945,0.9960565567016602,2.5701654067233903e-06,0.00011175118561368436
1918,3,2,0.05991680920124054,0.0014020662056282163,0.47085094451904297,0.4678301513195038
1919,3,2,0.05476155877113342,0.0031860386952757835,0.766455888748169,0.17559653520584106
1920,2,2,0.02578544430434704,8.845801494317129e-05,0.9516933560371399,0.022432729601860046
1921,2,2,0.000245460745645687,3.647674247986288e-06,0.9916622638702393,0.008088676258921623
1922,3,3,0.010595989413559437,0.00013915174349676818,0.0049954988062381744,0.984269380569458
1923,3,3,0.000673905189614743,0.00021441564604174346,0.004824534058570862,0.9942871928215027
1924,2,2,0.024652626365423203,0.0012070710072293878,0.9679531455039978,0.00618712930008769
1925,0,0,0.9998304843902588,3.4593207942634763e-07,3.733005723915994e-05,0.00013187671720515937
1926,2,2,0.0005472841439768672,0.001954286592081189,0.9719601273536682,0.025538315996527672
1927,2,2,0.0015329940943047404,3.086956712650135e-05,0.8766164779663086,0.12181957066059113
1928,2,2,0.01171594113111496,5.689587851520628e-05,0.9830202460289001,0.005206913221627474
1929,2,2,0.00013746209151577204,4.811259259440703e-06,0.9996776580810547,0.00018012136570177972
1930,1,1,0.004473371896892786,0.9948195815086365,0.0006185283418744802,8.863934635883197e-05
1931,1,1,0.0001554015907458961,0.9995508790016174,0.00021502247545868158,7.86555974627845e-05
1932,1,0,0.7269347906112671,0.1550925225019455,0.11486754566431046,0.003105130512267351
1933,0,0,0.9994723200798035,6.193696026457474e-05,0.00039209367241710424,7.365816418314353e-05
1934,0,0,0.9933969974517822,0.003299613716080785,0.0004366921784821898,0.0028665887657552958
1935,3,3,0.005158456042408943,0.0022060179617255926,0.09384401142597198,0.898791491985321
1936,0,0,0.9990429282188416,4.392098276184697e-07,5.808849891764112e-05,0.0008984982850961387
1937,3,3,6.296104402281344e-05,5.2594202770706033e-08,0.00048020039685070515,0.9994568228721619
1938,3,3,0.007602532394230366,5.7667342012734935e-09,0.00321896281093359,0.9891785383224487
1939,0,0,0.999994158744812,1.511534897247202e-08,2.377736620928772e-07,5.609209438262042e-06
1940,3,3,0.004904359579086304,0.08769555389881134,0.032312579452991486,0.8750874996185303
1941,3,3,0.09751121699810028,0.0015844490844756365,0.029993198812007904,0.870911180973053
1942,1,1,0.0019624209962785244,0.9979320764541626,1.4134072443994228e-05,9.140279871644452e-05
1943,0,0,0.999915599822998,3.2669452139089117e-06,1.9870707546942867e-05,6.127763481345028e-05
1944,1,1,5.0342725444352254e-05,0.999942421913147,5.579703611147124e-06,1.6404690086346818e-06
1945,1,1,0.02240002527832985,0.9774959087371826,1.1034510862373281e-05,9.300443343818188e-05
1946,0,0,0.3238397538661957,0.0678248181939125,0.30495813488960266,0.30337730050086975
1947,1,1,0.007855279371142387,0.9913101196289062,0.00012241126387380064,0.0007122894166968763
1948,1,1,1.2546724065032322e-05,0.9999502897262573,4.5549018068413716e-07,3.677239874377847e-05
1949,2,2,0.0017129715997725725,1.7293427845288534e-07,0.9623881578445435,0.03589877486228943
1950,1,1,4.0548363244852226e-07,0.9999972581863403,2.1112647630161518e-07,2.1671266949851997e-06
1951,0,0,0.9614777565002441,4.650564369512722e-05,0.002933255862444639,0.03554249554872513
1952,1,1,0.0002007859875448048,0.9983538389205933,0.001273375004529953,0.00017197770648635924
1953,3,3,0.00015280490333680063,0.00020465583656914532,0.015703754499554634,0.9839387536048889
1954,3,3,4.502551746554673e-06,4.960687149946352e-08,0.0014582162257283926,0.9985373020172119
1955,3,3,1.0483429946361866e-07,3.998449626951839e-10,8.019452798180282e-05,0.9999196529388428
1956,3,1,0.007748767733573914,0.7843290567398071,0.004666242748498917,0.20325589179992676
1957,1,1,0.09847141057252884,0.7854610681533813,0.00014490855392068624,0.11592259258031845
1958,2,2,7.633051950506342e-07,3.0540579132321e-07,0.9999967813491821,2.198923994001234e-06
1959,2,2,0.0009250642033293843,0.00021544187620747834,0.9939418435096741,0.00491760578006506
1960,1,1,0.004526364151388407,0.9789557456970215,0.0048920647241175175,0.011625885963439941
1961,2,1,0.04639572650194168,0.4928363561630249,0.17830529808998108,0.28246259689331055
1962,2,2,0.0018339530797675252,0.007738233543932438,0.7574023604393005,0.23302552103996277
1963,1,1,0.10703390091657639,0.8928117156028748,6.228206621017307e-05,9.201261127600446e-05
1964,3,3,3.163023393426556e-06,0.00012552944826893508,6.092897092457861e-05,0.9998103976249695
1965,0,0,0.9999768733978271,3.2898194604058517e-06,1.8476641344022937e-05,1.4071182476982358e-06
1966,0,0,0.9999401569366455,3.668139470391907e-06,3.3595379136386327e-06,5.285020961309783e-05
1967,3,3,6.504610041702108e-07,9.04270880397462e-09,0.0002721292548812926,0.999727189540863
1968,3,3,3.5872037642548094e-06,6.672394636808576e-09,0.0006067674257792532,0.9993896484375
1969,1,1,0.042452745139598846,0.9567622542381287,0.0004482823715079576,0.0003366589080542326
1970,1,1,0.00010163646948058158,0.9980790615081787,0.0016479270998388529,0.0001713290112093091
1971,0,0,0.9273836612701416,0.03398852050304413,0.0197785422205925,0.018849242478609085
1972,2,2,0.0017820674693211913,7.944275421323255e-05,0.9967340230941772,0.0014044945128262043
1973,3,3,5.083851283416152e-05,1.0585539712337777e-05,0.00611203582957387,0.9938265681266785
1974,2,2,0.004752869252115488,0.018148090690374374,0.8928571343421936,0.08424197882413864
1975,0,0,0.9835222959518433,0.0012646338436752558,0.008557242341339588,0.006655824836343527
1976,0,0,0.656556248664856,0.33982765674591064,0.00017048590234480798,0.0034455768764019012
1977,0,0,0.9993846416473389,8.896911458577961e-05,0.0003626849502325058,0.000163751479703933
1978,3,3,1.0217936505796388e-06,1.9349723601180813e-08,0.0023784846998751163,0.9976205229759216
1979,0,0,0.999974250793457,9.18482641054652e-08,2.683723778318381e-06,2.294310434081126e-05
1980,0,0,0.9999988079071045,9.024387281897361e-08,9.491989771959197e-07,1.0060310273729556e-07
1981,0,0,0.9999598264694214,7.519158771174261e-07,3.553212445694953e-05,3.941456270695198e-06
1982,1,1,0.002454855479300022,0.9966909885406494,0.0008238929440267384,3.032230779353995e-05
1983,3,3,0.00010230894258711487,8.340997010236606e-05,0.04989592730998993,0.9499183297157288
1984,3,3,0.0012055439874529839,5.6520762882428244e-05,0.005881606135517359,0.9928562641143799
1985,1,1,0.005063212942332029,0.9948388934135437,3.830565037787892e-05,5.951499770162627e-05
1986,3,3,6.754842615919188e-06,1.6759355014883681e-09,0.00023005287221167237,0.9997631907463074
1987,0,0,0.9103286862373352,0.003576745744794607,0.012191223911941051,0.07390334457159042
1988,3,3,0.03530688211321831,3.0086800961726112e-06,0.015380029566586018,0.9493100047111511
1989,2,2,0.07531827688217163,0.03712543845176697,0.6796465516090393,0.2079097181558609
1990,3,3,0.0047892015427351,0.0011954696383327246,0.14126625657081604,0.8527491092681885
1991,2,2,0.0029677359852939844,4.0945142245618626e-05,0.587721049785614,0.409270316362381
1992,1,1,0.011491825804114342,0.97959303855896,0.005548510234802961,0.00336653389967978
1993,2,2,0.013841262087225914,1.3388639672484715e-05,0.9845523834228516,0.0015928854700177908
1994,0,0,0.9999997615814209,3.853255847729997e-08,8.775922566428562e-08,2.311978875013665e-08
1995,2,2,0.024632243439555168,9.082919132197276e-05,0.971342146396637,0.003934759180992842
1996,3,3,0.00017313317221123725,0.00030362236429937184,0.005416872911155224,0.9941064119338989
1997,2,2,1.983123001991771e-05,2.4206751731981058e-06,0.9956437349319458,0.0043340944685041904
1998,0,0,0.977660059928894,0.00034250871976837516,0.0027644417714327574,0.019232969731092453
1999,1,1,0.024678928777575493,0.8893230557441711,0.03197741508483887,0.054020654410123825
2000,1,1,0.005671663209795952,0.9297922253608704,0.061343397945165634,0.0031926650553941727
2001,1,1,0.01593310572206974,0.9626810550689697,0.008101802319288254,0.013284147717058659
2002,1,1,3.3252972571062855e-06,0.999984860420227,1.0995872798957862e-05,8.322348890033027e-07
2003,1,1,0.0005800887593068182,0.9993390440940857,1.9912731659132987e-05,6.092254989198409e-05
2004,0,0,0.9990893602371216,1.3178007520764368e-06,0.000877137528732419,3.216687764506787e-05
2005,2,2,0.017787417396903038,0.002306216862052679,0.5663576126098633,0.4135487973690033
2006,3,3,0.00040738005191087723,8.788082050159574e-05,0.43937233090400696,0.5601323843002319
2007,3,3,5.3041443607071415e-05,3.4161089956796786e-07,0.00702286371961236,0.9929237365722656
2008,1,1,0.046649809926748276,0.8841104507446289,0.06374715268611908,0.005492666270583868
2009,3,3,0.00745962280780077,0.00014689742238260806,0.0025108298286795616,0.9898826479911804
2010,2,2,0.0008345666574314237,8.904179412638769e-05,0.9937594532966614,0.005316834896802902
2011,0,0,0.9984732270240784,6.9992520366213284e-06,0.0003422116278670728,0.0011775995371863246
2012,0,0,0.9999078512191772,1.9554067876015324e-06,4.526186967268586e-05,4.483017255552113e-05
2013,0,0,0.9928810596466064,0.0016685869777575135,0.002426490653306246,0.0030238046310842037
2014,0,0,0.9281671643257141,2.7608064556261525e-05,0.019370369613170624,0.052434831857681274
2015,0,0,0.9329184889793396,0.012417992576956749,0.032390229403972626,0.022273343056440353
2016,0,0,0.9964599013328552,1.7784350347938016e-05,0.0001636235974729061,0.0033587408252060413
2017,2,0,0.5355045795440674,0.011308341287076473,0.426237016916275,0.026950059458613396
2018,1,1,0.0007746905903331935,0.9991944432258606,1.597984578438627e-06,2.9361273846006952e-05
2019,1,1,1.825111758080311e-05,0.999981164932251,4.975268552698253e-07,1.366206561215222e-07
2020,0,0,0.9999996423721313,1.1211915840192432e-09,2.078837901819952e-08,3.5539872556000773e-07
2021,0,0,0.9994692206382751,7.927591650513932e-05,0.000383381440769881,6.807328463764861e-05
2022,0,0,0.9970957040786743,0.0007977936184033751,0.00013562399544753134,0.0019708529580384493
2023,1,1,0.10372371226549149,0.895808219909668,0.00012678107304964215,0.00034130780841223896
2024,0,0,0.9996247291564941,1.7861195374280214e-05,0.00017694242706056684,0.00018039823044091463
2025,3,3,0.00012185703235445544,1.1168124729010742e-05,0.002365381456911564,0.99750155210495
2026,1,1,0.02990543656051159,0.9624572396278381,0.006971757393330336,0.0006655993638560176
2027,0,0,0.9999309778213501,1.2871572607764392e-06,2.268181196996011e-05,4.5123702875571325e-05
2028,0,1,0.3059288561344147,0.694061279296875,1.857072788880032e-06,8.037552106543444e-06
2029,0,0,0.9973859190940857,8.141434955177829e-05,4.9337373638991266e-05,0.002483380027115345
2030,0,0,0.9984928369522095,0.00020758481696248055,0.0005810093134641647,0.0007186241564340889
2031,1,1,0.0005901775439269841,0.999325156211853,7.894689042586833e-05,5.717442491004476e-06
2032,1,1,0.29118984937667847,0.708113431930542,6.686353299301118e-05,0.0006297811632975936
2033,2,2,0.06601304560899734,0.0019210167229175568,0.9309841990470886,0.0010817503789439797
2034,3,3,0.0003789141192100942,1.7257600120501593e-05,5.702609269064851e-05,0.9995467066764832
2035,2,2,0.004604775924235582,0.0010052577126771212,0.9124111533164978,0.08197873085737228
2036,1,1,0.001221611863002181,0.743514895439148,0.18556207418441772,0.0697014108300209
2037,0,0,0.9968441724777222,0.00037401498411782086,0.00203515961766243,0.0007466490496881306
2038,2,2,0.0003220688086003065,0.0009309376473538578,0.8848624229431152,0.11388462781906128
2039,1,1,7.773441757308319e-05,0.9998637437820435,5.7002034736797214e-05,1.5888489315329934e-06
2040,1,1,0.023552196100354195,0.9254959225654602,0.04911551997065544,0.0018364223651587963
2041,3,3,0.07900833338499069,0.0005899913376197219,0.02441074326634407,0.8959909081459045
2042,0,0,0.9999821186065674,4.665237085532681e-09,3.944992840843042e-06,1.3919481716584414e-05
2043,0,0,0.8858574032783508,0.0013175767380744219,0.06398777663707733,0.04883719980716705
2044,1,1,0.015471704304218292,0.9824618697166443,0.001153177348896861,0.0009132437407970428
2045,1,1,0.0023089873138815165,0.9975211024284363,0.0001485334214521572,2.1431249479064718e-05
2046,2,1,0.17092859745025635,0.43676072359085083,0.2657149136066437,0.12659575045108795
2047,0,3,0.22914224863052368,0.00609379168599844,0.17913419008255005,0.5856298208236694
2048,1,1,7.702914444962516e-05,0.9979860782623291,0.0018829653272405267,5.3853738791076466e-05
2049,2,2,0.001736345118843019,5.868703283340437e-07,0.9972336888313293,0.001029378385283053
2050,1,1,0.00011132489453302696,0.9995997548103333,0.00022786164481658489,6.11578143434599e-05
2051,1,1,0.0022866905201226473,0.9955255389213562,0.0012349224416539073,0.0009528009104542434
2052,1,1,0.002501655137166381,0.9949811100959778,0.0004971929010935128,0.002020035171881318
2053,0,2,0.051615387201309204,8.799899546829693e-07,0.9473411440849304,0.0010426337830722332
2054,0,0,0.9999479055404663,4.799780484177063e-08,5.6159833548008464e-06,4.638770769815892e-05
2055,0,0,0.9999767541885376,1.0568371067165572e-07,1.7545007722219452e-05,5.659755515807774e-06
2056,0,0,0.9997653365135193,1.9451066691544838e-05,0.00017403537640348077,4.11646360589657e-05
2057,0,0,0.836700439453125,0.0003851593646686524,0.15908092260360718,0.00383345247246325
2058,1,1,0.0011291072005406022,0.998865008354187,1.7481322629464557e-06,4.157545390626183e-06
2059,0,0,0.9999938011169434,7.755927100561166e-08,5.435077241600084e-07,5.5511850405309815e-06
2060,0,0,0.9982067346572876,0.00014773558359593153,0.0015480099245905876,9.756711369846016e-05
2061,3,3,0.0004215307126287371,1.7181264411192387e-05,0.02254737913608551,0.977013885974884
2062,2,3,6.723123078700155e-05,0.0010805088095366955,0.007247669622302055,0.9916046261787415
2063,0,0,0.9768534898757935,2.4499691789969802e-05,0.009415622800588608,0.013706413097679615
2064,1,1,6.338539969874546e-05,0.9998177886009216,9.951981337508187e-05,1.934740794240497e-05
2065,0,0,0.992485761642456,3.3788062410167186e-06,0.00014266764628700912,0.007368117105215788
2066,1,1,8.220315066864714e-06,0.999991774559021,1.8752631447682688e-08,3.0144672535925565e-08
2067,2,2,0.0038956229109317064,1.5583656931994483e-05,0.9960599541664124,2.8771126380888745e-05
2068,2,2,0.0009094440611079335,2.994963688252028e-05,0.9990518689155579,8.75239129527472e-06
2069,1,1,8.02912181825377e-05,0.9998295307159424,6.221992953214794e-05,2.791511724353768e-05
2070,3,3,0.00013255960948299617,6.433629096136428e-06,0.00037758791586384177,0.9994833469390869
2071,0,0,0.9983519315719604,0.000160015988512896,0.0011771578574553132,0.00031088676769286394
2072,1,1,7.468307012459263e-05,0.9999247789382935,2.4435806267320004e-07,2.6421457732794806e-07
2073,0,0,0.9999383687973022,8.334149242728017e-06,4.126893691136502e-05,1.2047422387695406e-05
2074,0,0,0.9999936819076538,8.509027793479618e-08,7.625527018717548e-07,5.576356215897249e-06
2075,1,1,0.0022545750252902508,0.996006429195404,0.00020234662224538624,0.001536682597361505
2076,0,0,0.9998012185096741,6.858948472654447e-05,7.372011168627068e-06,0.00012283370597288013
2077,1,1,0.0005157361156307161,0.9993444085121155,0.00010843942436622456,3.148381438222714e-05
2078,1,1,0.00011502324196044356,0.9998712539672852,4.399684712552698e-06,9.347083505417686e-06
2079,1,1,0.002643460873514414,0.9973121881484985,1.53614892042242e-05,2.9032349630142562e-05
2080,2,2,0.0017453841865062714,0.0001401985646225512,0.9690141081809998,0.029100213199853897
2081,3,3,5.307481478666887e-05,2.7922076242248295e-06,0.00010517596820136532,0.9998389482498169
2082,3,3,3.170631998727913e-06,3.407225834806127e-09,0.0016962791560217738,0.9983006119728088
2083,0,0,0.9993475079536438,0.00036985959741286933,0.0001474901509936899,0.00013509916607290506
2084,2,2,0.0019960803911089897,8.712760063644964e-06,0.9965845346450806,0.0014105582376942039
2085,3,3,0.0140598239377141,0.00034061050973832607,0.0247817300260067,0.960817813873291
2086,2,2,0.003897756338119507,0.00015246891416609287,0.9845203757286072,0.011429395526647568
2087,0,0,0.9998461008071899,3.5460736853565322e-06,0.0001447297545382753,5.601072189165279e-06
2088,0,0,0.7493531107902527,0.00010631882469169796,0.03435638174414635,0.21618416905403137
2089,3,3,0.0022083926014602184,3.5818989999825135e-05,0.009540382772684097,0.988215446472168
2090,1,1,0.0002918767277151346,0.999671220779419,2.2248421373660676e-05,1.4653301150246989e-05
2091,2,3,0.0007116560591384768,0.0013406570069491863,0.28748542070388794,0.7104622721672058
2092,0,0,0.9999943971633911,1.9515059079822095e-07,5.435342487203343e-08,5.359563601814443e-06
2093,3,3,5.697753294953145e-06,5.856137249793392e-06,0.0007674170774407685,0.9992210865020752
2094,3,3,0.08526640385389328,0.0009063923498615623,0.00223038112744689,0.9115967154502869
2095,3,3,0.0013807532377541065,6.637916521867737e-05,0.43146681785583496,0.5670860409736633
2096,1,1,0.003042872529476881,0.9969334602355957,1.2103600056434516e-05,1.1514374818943907e-05
2097,1,1,0.0015680608339607716,0.9978514909744263,0.0001297068374697119,0.0004507166740950197
2098,2,2,0.006167700979858637,0.0001868842518888414,0.9865498542785645,0.007095463573932648
2099,1,1,0.0008496917434968054,0.9987888932228088,0.00021208234829828143,0.00014925074356142431
2100,3,3,0.3052012622356415,4.372700641397387e-05,0.16192473471164703,0.5328302979469299
2101,3,0,0.6176813840866089,0.0014838489005342126,0.22025658190250397,0.1605781614780426
2102,3,3,0.018634647130966187,3.320770645132143e-07,0.0008644473273307085,0.9805005788803101
2103,3,3,7.658607501070946e-05,5.373336080083391e-06,0.008952829986810684,0.9909652471542358
2104,3,3,8.04613797811271e-09,2.2525605825052253e-09,2.343400956306141e-05,0.9999765157699585
2105,0,0,0.4924919903278351,0.016135288402438164,0.39114993810653687,0.1002228707075119
2106,3,3,0.002241103444248438,6.866381681902567e-06,0.009708866477012634,0.9880431890487671
2107,3,3,6.728254811605439e-05,3.3023596301973157e-07,0.0006314878119155765,0.9993008375167847
2108,0,0,0.9999605417251587,8.697148814462707e-07,1.1506926966831088e-08,3.859141361317597e-05
2109,1,1,0.016247384250164032,0.9836462736129761,8.547255856683478e-05,2.0826597392442636e-05
2110,1,1,0.1285560429096222,0.7735405564308167,0.024698449298739433,0.07320497930049896
2111,2,2,0.0032336001750081778,3.8073967516538687e-06,0.9967079162597656,5.4646086937282234e-05
2112,3,3,1.0540630682953633e-05,1.5001886310983537e-07,0.004136288538575172,0.995853066444397
2113,3,3,0.0006038528517819941,7.693516090512276e-05,0.09924497455358505,0.9000742435455322
2114,1,1,0.00012123517080908641,0.9990754127502441,0.00041441278881393373,0.0003890265943482518
2115,3,3,0.029026763513684273,0.0056085847318172455,0.14297805726528168,0.8223865628242493
2116,2,2,0.028752297163009644,9.186397073790431e-05,0.9691071510314941,0.0020487431902438402
2117,2,2,0.004016638267785311,8.349775271199178e-08,0.9958435893058777,0.0001396869629388675
2118,0,0,0.9999884366989136,1.0833899750650744e-06,1.9056429323427437e-07,1.0238453796773683e-05
2119,1,1,4.585724298067362e-07,0.9999995231628418,2.3428478712617107e-08,2.2923634546145877e-08
2120,2,3,0.0006564580835402012,1.8601615010993555e-05,0.04323704168200493,0.9560878872871399
2121,2,2,0.07949323952198029,0.0038011628203094006,0.9106763005256653,0.0060293711721897125
2122,3,2,0.0027747848071157932,0.00032844668021425605,0.9856294989585876,0.011267309077084064
2123,2,2,0.0029842189978808165,5.86720161663834e-05,0.9966863989830017,0.00027063381276093423
2124,2,3,2.400551693426678e-06,6.098349558669725e-08,0.4726451337337494,0.5273524522781372
2125,0,0,0.9999948740005493,1.859114462376965e-08,5.02349166708882e-07,4.57897067462909e-06
2126,3,0,0.9784345626831055,8.557793080399279e-06,0.0038639106787741184,0.017692938446998596
2127,2,2,2.1257621938275406e-06,1.7093299220505287e-06,0.999929666519165,6.651952571701258e-05
2128,3,3,0.10875192284584045,0.0014138236874714494,0.0009202347137033939,0.8889140486717224
2129,3,3,0.0006155669107101858,0.01939690299332142,0.24149416387081146,0.7384933233261108
2130,3,3,6.564910290762782e-05,1.0673194594801316e-07,0.011676161549985409,0.9882580637931824
2131,3,3,0.02531515806913376,0.00046601990470662713,0.17427441477775574,0.7999444007873535
2132,1,1,0.016032569110393524,0.9816064238548279,0.0021023163571953773,0.0002586863993201405
2133,3,3,0.00025110342539846897,4.984799488738645e-06,0.000950084999203682,0.9987938404083252
2134,0,0,0.7834435105323792,0.00022695430379826576,0.16799473762512207,0.04833477362990379
2135,0,2,0.292227566242218,0.035148054361343384,0.3949546217918396,0.277669757604599
2136,1,1,0.005857962649315596,0.9940342307090759,3.689079676405527e-05,7.099923095665872e-05
2137,0,0,0.9999555349349976,8.344663910975214e-06,9.640641110308934e-06,2.6452780730323866e-05
2138,3,0,0.6933533549308777,0.00012923512258566916,0.06316709518432617,0.24335025250911713
2139,3,3,1.4932441061432655e-08,4.825698521337962e-11,1.1974623248534044e-07,0.9999998807907104
2140,0,0,0.9987702965736389,1.1121507668576669e-05,0.00038121745456010103,0.0008373322198167443
2141,3,3,2.871050855901558e-05,2.6807845188159263e-06,0.02251405082643032,0.9774545431137085
2142,3,3,0.0005455714417621493,1.5376768658370565e-07,0.00029383457149378955,0.9991605281829834
2143,3,3,0.0013713791267946362,5.729193799197674e-05,0.008330469019711018,0.9902409315109253
2144,1,1,0.0006127594970166683,0.9993103742599487,7.842852483008755e-07,7.610875036334619e-05
2145,3,2,0.0020930764731019735,0.0016262714052572846,0.5627731680870056,0.43350750207901
2146,1,1,0.004957075696438551,0.9947782754898071,0.00021118683798704296,5.3485789976548404e-05
2147,1,1,0.00011997987166978419,0.9998753070831299,7.835284350221627e-07,3.976286279794294e-06
2148,2,2,0.007549086585640907,0.002372284419834614,0.9879794120788574,0.0020992225036025047
2149,3,3,0.0008054397767409682,7.082142587933049e-07,9.346579645352904e-06,0.9991844296455383
2150,0,0,0.9065710306167603,0.01958863064646721,0.04568949341773987,0.028150854632258415
2151,3,3,0.00020592586952261627,1.281521999629831e-08,0.000259468040894717,0.9995346069335938
2152,2,2,0.04481232538819313,0.0001409347023582086,0.9163750410079956,0.038671743124723434
2153,1,1,0.036700453609228134,0.9617065191268921,0.0003085918724536896,0.0012844904558733106
2154,0,0,0.9965446591377258,1.2959583727933932e-05,0.0009288161527365446,0.002513652201741934
2155,1,1,0.0009560988401062787,0.999042809009552,9.111197982747399e-07,1.656699879504231e-07
2156,2,2,0.0007490124553442001,1.797027107386384e-05,0.9984937906265259,0.0007392237312160432
2157,2,2,0.0012479966972023249,1.2130827599321492e-05,0.9982055425643921,0.0005342623917385936
2158,0,0,0.9719760417938232,5.4612723033642396e-05,0.011530271731317043,0.016439035534858704
2159,0,0,0.9989187717437744,0.0005859945667907596,0.00041532295290380716,7.995930354809389e-05
2160,1,1,0.003350083716213703,0.9944788217544556,0.000724257028196007,0.001446796697564423
2161,0,0,0.99992835521698,6.878788383346546e-08,6.558620953001082e-05,5.964887805021135e-06
2162,3,3,0.08749184757471085,0.0006102417246438563,0.005310102365911007,0.9065877199172974
2163,2,2,0.003628368489444256,7.884418664616533e-06,0.9960981607437134,0.00026556028751656413
2164,0,0,0.9994328618049622,8.279569738078862e-05,0.00024242006475105882,0.00024183403002098203
2165,3,3,1.9070643020313582e-06,4.1291764318884816e-07,0.0019688194151967764,0.9980289340019226
2166,3,3,0.0025754128582775593,0.018455062061548233,0.0290896687656641,0.9498798251152039
2167,0,0,0.9662967920303345,4.832580088987015e-06,0.03325560688972473,0.00044284676550887525
2168,2,3,0.025630906224250793,0.0011872516479343176,0.24920296669006348,0.7239789366722107
2169,2,3,7.749276846880093e-05,1.6097918660307187e-06,0.002785994904115796,0.997134804725647
2170,3,3,0.004104770254343748,3.1549202503811102e-06,0.001171407289803028,0.9947205781936646
2171,1,1,0.0003812059876509011,0.9995793700218201,9.892512935039122e-06,2.959711491712369e-05
2172,0,0,0.9772657752037048,2.7994228730676696e-06,0.0022011410910636187,0.020530281588435173
2173,0,1,0.14235791563987732,0.6568037271499634,0.1989862024784088,0.0018521175952628255
2174,0,0,0.9983702301979065,9.886277439363766e-06,4.77155226690229e-05,0.0015722033567726612
2175,2,2,0.016363272443413734,1.902507574413903e-05,0.9831933975219727,0.00042440404649823904
2176,3,3,0.0006862798472866416,2.2144216927699745e-05,0.05892522260546684,0.940366268157959
2177,3,3,0.00023887038696557283,5.910303002565342e-07,0.22201178967952728,0.7777488231658936
2178,3,3,0.26087474822998047,6.199052586453035e-05,0.01802944391965866,0.7210338711738586
2179,3,2,0.0016813647234812379,1.1474962775537279e-05,0.5228781700134277,0.4754290282726288
2180,3,3,0.001011319924145937,3.68600080946635e-06,0.09179718047380447,0.907187819480896
2181,3,3,1.4234250329536735e-06,9.020059366093847e-08,0.0009043808095157146,0.9990941286087036
2182,2,2,0.0031064413487911224,2.307001341250725e-05,0.99676114320755,0.00010940567153738812
2183,0,3,0.377494752407074,0.0019169360166415572,0.18390001356601715,0.4366883337497711
2184,0,0,0.9997981190681458,4.200031526124803e-06,3.962916889577173e-05,0.0001580059324624017
2185,3,3,0.18424294888973236,0.0034816372208297253,0.013134106062352657,0.7991413474082947
2186,2,2,0.00032281861058436334,5.223881544225151e-06,0.9802306294441223,0.019441239535808563
2187,0,0,0.999955415725708,1.3198063015806838e-06,2.392599299128051e-06,4.092559902346693e-05
2188,2,2,0.018522949889302254,3.24076900142245e-05,0.981213390827179,0.00023119982506614178
2189,2,2,0.0006359312683343887,0.00010805661440826952,0.9988573789596558,0.0003986191877629608
2190,2,2,0.002855010563507676,0.0011423603864386678,0.6490703225135803,0.34693238139152527
2191,3,0,0.535149872303009,0.0015698657371103764,0.033369459211826324,0.4299107491970062
2192,1,1,0.0024084418546408415,0.9975710511207581,8.614714715804439e-06,1.1834664292109665e-05
2193,3,3,0.00019971176516264677,9.100617717194837e-07,0.008142942562699318,0.9916564226150513
2194,3,3,1.837752279243432e-06,4.396123642891325e-08,0.0007350280648097396,0.9992631077766418
2195,0,0,0.9993410706520081,3.3963628084165975e-05,0.0004777604772243649,0.00014725139772053808
2196,3,3,0.004227467346936464,5.4212661780184135e-05,0.0048917848616838455,0.9908265471458435
2197,3,3,0.0002268076641485095,4.0767077734926715e-05,0.008951962925493717,0.9907804131507874
2198,2,2,0.1914885938167572,0.0009252888849005103,0.8008483648300171,0.006737802177667618
2199,3,3,6.839349953224882e-05,1.3661002640219522e-06,3.596870374167338e-05,0.9998942613601685
2200,3,3,0.3963026702404022,0.027084367349743843,0.035334642976522446,0.5412783622741699
2201,1,1,0.009216461330652237,0.9906706809997559,6.560764518326323e-07,0.0001121883251471445
2202,3,3,2.5615040613047313e-06,6.962272180999207e-08,0.03238379955291748,0.9676134586334229
2203,0,0,0.9996668100357056,3.0319301004055887e-05,1.8759648128252593e-06,0.0003009570937138051
2204,2,2,7.304342943825759e-06,2.19077833207848e-06,0.9997484087944031,0.0002420744567643851
2205,0,2,0.08980543911457062,2.6211899239569902e-05,0.9100210070610046,0.00014740039478056133
2206,2,2,0.005685317330062389,1.536505988042336e-05,0.9942162036895752,8.317593164974824e-05
2207,2,3,2.662417864485178e-05,8.317922038258985e-06,0.4587475061416626,0.541217565536499
2208,3,3,0.007113186176866293,7.217833626782522e-06,0.015296082943677902,0.9775835275650024
2209,3,3,0.0058730472810566425,7.230449227790814e-06,0.029537232592701912,0.9645824432373047
2210,3,3,7.264985015353886e-06,5.816789538926059e-08,0.006948557216674089,0.9930441975593567
2211,3,3,4.5104952732799575e-06,1.380116827931488e-05,0.0273609459400177,0.9726207852363586
2212,2,2,0.006381855346262455,6.988348468439654e-05,0.9851976037025452,0.00835072435438633
2213,2,2,0.014794200658798218,0.00012371371849440038,0.9841444492340088,0.0009377181413583457
2214,2,2,0.011337275616824627,0.005139166489243507,0.9465987682342529,0.036924730986356735
2215,0,0,0.7128427624702454,0.25384047627449036,0.017253253608942032,0.016063570976257324
2216,1,1,0.0008256640285253525,0.9991198182106018,4.691389040090144e-05,7.676148015889339e-06
2217,3,3,9.434059757040814e-05,2.5316154506072053e-07,0.00028056243900209665,0.9996248483657837
2218,0,0,0.9879341125488281,3.5288343497086316e-05,0.0013896196614950895,0.010640996508300304
2219,0,3,0.19189441204071045,0.00011286434164503589,0.0008935233927331865,0.8070991635322571
2220,1,1,0.0013958837371319532,0.9981912970542908,0.00034529113327153027,6.754756032023579e-05
2221,1,1,0.01086450181901455,0.9889190793037415,4.3333890062058344e-05,0.00017302292690146714
2222,3,3,0.00037205926491878927,2.3665623302804306e-05,0.0029201400466263294,0.9966841340065002
2223,3,3,3.345244113006629e-05,2.3675520424149e-05,0.010849430225789547,0.9890934228897095
2224,0,0,0.9296232461929321,0.02687784656882286,0.03047487884759903,0.013023979030549526
2225,3,3,7.457095307472628e-06,3.8835541005255436e-08,0.011165475472807884,0.988827109336853
2226,0,0,0.9998114705085754,3.674406798381824e-06,0.00013961034710519016,4.5342309022089466e-05
2227,2,2,0.0008796898764558136,2.222674447693862e-05,0.9039012789726257,0.09519680589437485
2228,0,0,0.9989916682243347,6.0159483837196603e-05,0.0003558992175385356,0.0005922002601437271
2229,1,1,0.003392616054043174,0.9789738655090332,0.014178511686623096,0.0034549892880022526
2230,1,1,4.396118310978636e-05,0.9993632435798645,0.0004002222267445177,0.00019269475887995213
2231,0,0,0.9911835193634033,0.0010271240025758743,0.004015380050987005,0.003773959120735526
2232,2,2,0.015979351475834846,5.1483169954735786e-05,0.9557900428771973,0.02817913331091404
2233,2,3,0.0016664463328197598,1.4643659596913494e-05,0.4885990619659424,0.5097198486328125
2234,2,3,0.26448193192481995,0.0019529100973159075,0.09521643072366714,0.6383487582206726
2235,1,1,0.0689554214477539,0.4310159683227539,0.16046187281608582,0.33956676721572876
2236,0,3,0.0756986141204834,2.2785254714108305e-06,0.024841509759426117,0.8994576334953308
2237,0,0,0.9997674822807312,6.064181889087195e-06,6.70135932523408e-06,0.00021978977019898593
2238,2,2,0.002812823513522744,0.002923256251960993,0.993135929107666,0.001127959811128676
2239,1,1,0.0009354472276754677,0.9989529848098755,8.315379091072828e-05,2.8392067179083824e-05
2240,1,1,0.0005966907483525574,0.9992213249206543,0.0001704568276181817,1.1519763575051911e-05
2241,0,0,0.8902841210365295,0.0016257335664704442,0.005262428428977728,0.10282767564058304
2242,0,0,0.9999574422836304,8.919707397581078e-06,1.4128593193163397e-06,3.219436257495545e-05
2243,1,1,8.696067379787564e-05,0.9998961687088013,6.3207189668901265e-06,1.0521695003262721e-05
2244,1,1,0.14236211776733398,0.7403444051742554,0.033563561737537384,0.08372990041971207
2245,3,3,0.018036767840385437,1.8026487396127777e-06,0.027485331520438194,0.9544761180877686
2246,0,0,0.9857025742530823,0.00028091727290302515,0.012140095233917236,0.0018763842526823282
2247,0,2,0.1298726350069046,0.00010009262769017369,0.7711358666419983,0.09889135509729385
2248,3,3,0.06312689930200577,0.002268943004310131,0.009321661666035652,0.9252825379371643
2249,0,0,0.999954342842102,5.531574629458191e-07,1.6432593838544562e-05,2.8592283342732117e-05
2250,1,1,0.0860900953412056,0.9094934463500977,0.0021947987843304873,0.002221672562882304
2251,3,3,0.0073041245341300964,3.921632924175356e-06,0.011024241335690022,0.9816676378250122
2252,3,3,2.419016254862072e-06,2.6814157649823755e-07,0.00010482850484549999,0.9998924732208252
2253,2,2,0.09230751544237137,0.0003297833609394729,0.7568708658218384,0.15049180388450623
2254,0,0,0.9999765157699585,1.703594953994525e-08,5.210321887716418e-06,1.8205608284915797e-05
2255,3,3,0.08550118654966354,0.002017873339354992,0.3783266544342041,0.5341542363166809
2256,3,2,6.553821731358767e-05,7.861529383035304e-08,0.6975815892219543,0.3023528456687927
2257,2,2,0.007916465401649475,4.965133484802209e-05,0.9864277243614197,0.0056061833165585995
2258,2,2,1.8136526705347933e-05,6.655567267443985e-05,0.6082179546356201,0.39169734716415405
2259,2,2,5.233241608948447e-05,9.669774044596124e-06,0.9998468160629272,9.118105663219467e-05
2260,2,2,0.0006034285761415958,0.0005438156658783555,0.5651475787162781,0.4337051212787628
2261,1,1,0.020961137488484383,0.9789174795150757,4.5509692427003756e-05,7.584741979371756e-05
2262,3,3,0.003878698917105794,0.004428223706781864,0.016042102128267288,0.97565096616745
2263,2,2,1.0747237865871284e-05,1.1791031084840142e-07,0.9999359846115112,5.321529897628352e-05
2264,1,1,0.005658385343849659,0.9939776659011841,0.0003603015502449125,3.7127936138858786e-06
2265,1,1,0.04613669961690903,0.9141588807106018,0.03428172692656517,0.0054226829670369625
2266,3,3,0.00040381195140071213,6.650639261351898e-05,0.001871876185759902,0.9976577758789062
2267,1,1,0.017410656437277794,0.9693794250488281,0.000763173506129533,0.01244676299393177
2268,1,1,1.9580768650939717e-07,0.9999997615814209,8.19411205554843e-12,1.704518659551013e-08
2269,3,3,9.81897464953363e-05,1.3985685427542194e-06,0.00836804136633873,0.9915323853492737
2270,3,3,0.0005779524799436331,2.9219203497632407e-05,0.01669846847653389,0.9826944470405579
2271,0,0,0.926129937171936,0.0003337211674079299,0.005067093297839165,0.06846927106380463
2272,3,3,0.000343065446941182,5.6296350521733984e-05,0.06901273131370544,0.9305879473686218
2273,0,0,0.9998577833175659,5.558002521866001e-05,8.475183790324081e-07,8.572699152864516e-05
2274,3,3,1.9809738660114817e-05,3.360764094395563e-05,0.009043636731803417,0.990902841091156
2275,2,2,0.002102028811350465,1.0906872375926469e-05,0.9973421692848206,0.0005449154414236546
2276,0,0,0.999935507774353,9.458921681471111e-07,5.094301286590053e-06,5.8363999414723366e-05
2277,1,1,0.3541226089000702,0.5891860127449036,0.010836530476808548,0.045854877680540085
2278,2,2,0.00021148390078451484,5.272342150419718e-06,0.9996511936187744,0.0001320498704444617
2279,2,2,0.000801744288764894,3.676694177556783e-05,0.9944795370101929,0.0046819280833005905
2280,0,0,0.9998821020126343,2.293331090186257e-05,2.74850372079527e-05,6.736143404850736e-05
2281,2,0,0.8300405144691467,1.7428717910661362e-05,0.12071623653173447,0.04922584071755409
2282,3,3,2.63681869228094e-07,1.1044303249718723e-08,0.00013421082985587418,0.9998655319213867
2283,3,3,0.010203056037425995,0.000318999111186713,0.4560513496398926,0.5334265232086182
2284,0,3,0.3193763494491577,0.14507222175598145,0.07523363828659058,0.4603177607059479
2285,3,2,0.01864326372742653,6.37829361949116e-05,0.6321980357170105,0.34909486770629883
2286,3,3,2.63194724539062e-05,3.916198693332262e-06,0.004038722719997168,0.995931088924408
2287,3,3,0.0002829169388860464,2.145442158507649e-05,0.04540831968188286,0.9542872905731201
2288,0,0,0.9988504648208618,2.9553624699474312e-05,0.00016549119027331471,0.0009544986533001065
2289,3,3,0.0008503959979861975,8.369440183741972e-05,0.005534093827009201,0.9935317635536194
2290,0,0,0.9870462417602539,0.004550091922283173,0.0072694760747253895,0.0011341925710439682
2291,3,3,0.0037025660276412964,7.973088145263318e-07,0.0008657752186991274,0.9954308271408081
2292,3,3,0.0006799244438298047,4.879993866779841e-07,0.02923036366701126,0.9700892567634583
2293,3,3,0.0035749610979110003,0.00043295908835716546,0.00039838216616772115,0.9955937266349792
2294,3,3,0.0001316310081165284,8.3533777797129e-06,4.2360057705082e-05,0.9998176693916321
2295,1,1,0.42969104647636414,0.5620144009590149,0.002911224262788892,0.005383285228163004
2296,2,3,0.0008824329124763608,0.022125625982880592,0.3208595812320709,0.6561322808265686
2297,1,1,0.0010360281448811293,0.9988817572593689,1.2279723705432843e-05,6.991496775299311e-05
2298,2,2,0.03915933892130852,0.035379525274038315,0.8452487587928772,0.08021239936351776
2299,2,2,0.24810883402824402,0.00014018375077284873,0.7502079606056213,0.001542998943477869
2300,0,0,0.6388469934463501,0.1394510716199875,0.003551550442352891,0.21815036237239838
2301,1,1,0.00035831594141200185,0.9970489144325256,0.002214996377006173,0.0003778468817472458
2302,1,1,0.005355478264391422,0.9880772829055786,0.005815166514366865,0.0007520383223891258
2303,0,0,0.9035434126853943,0.005466158501803875,0.05756966769695282,0.03342081606388092
2304,1,1,0.0018839760450646281,0.9979643821716309,0.00014933788042981178,2.402948894086876e-06
2305,1,1,0.0064422632567584515,0.9921495914459229,0.0013618425000458956,4.628458191291429e-05
2306,0,2,0.13654419779777527,9.600291832612129e-07,0.8633044958114624,0.00015031520160846412
2307,2,2,0.015117475762963295,1.2723931831715163e-05,0.9830873608589172,0.0017823893576860428
2308,2,2,1.9141589291393757e-06,9.280354333895957e-07,0.999994158744812,3.008010935445782e-06
2309,0,0,0.9998383522033691,5.600398367278103e-08,0.00014925163122825325,1.228964356414508e-05
2310,2,2,0.005806754343211651,0.0008964951848611236,0.9787920713424683,0.014504742808640003
2311,2,2,0.004555650986731052,0.00025584051036275923,0.9936370849609375,0.0015515172854065895
2312,2,2,0.0002854948688764125,5.8299105148762465e-05,0.9942324757575989,0.005423721857368946
2313,2,2,0.002992260502651334,0.000346052780514583,0.990581750869751,0.00607982138171792
2314,2,2,0.028941985219717026,0.007076009176671505,0.9639078974723816,7.403657946269959e-05
2315,1,1,0.0012820049887523055,0.9985179305076599,3.267355714342557e-05,0.00016736064571887255
2316,3,3,0.013441147282719612,0.00015618054021615535,0.052156440913677216,0.9342462420463562
2317,2,0,0.6059763431549072,0.00027453925576992333,0.339345246553421,0.054403822869062424
2318,2,2,0.01758394204080105,3.548869926817133e-06,0.9818469882011414,0.0005655006389133632
2319,2,2,0.004707847256213427,9.29693578655133e-06,0.9949139356613159,0.00036892559728585184
2320,1,1,1.9040451661567204e-05,0.9999498128890991,1.9710062133526662e-06,2.9154669391573407e-05
2321,2,2,0.020629966631531715,0.0001289698702748865,0.748344898223877,0.23089613020420074
2322,2,2,0.01786882057785988,1.4182983250066172e-06,0.810928463935852,0.17120128870010376
2323,3,3,0.005317843984812498,0.0005662739858962595,0.004533321131020784,0.9895826578140259
2324,0,0,0.9995355606079102,2.0944655787502597e-08,0.0004548380384221673,9.647792467148975e-06
2325,0,0,0.9999887943267822,1.1528021559570334e-06,3.2537190008952166e-07,9.711609891382977e-06
2326,1,1,0.013545878231525421,0.9864456057548523,1.7809895780374063e-06,6.669078175036702e-06
2327,1,1,0.023225143551826477,0.9519293308258057,0.017520831897854805,0.007324759848415852
2328,1,1,8.666451662975305e-07,0.9999991655349731,1.7483919867444797e-10,7.94748988841576e-11
2329,1,1,0.011013203300535679,0.9888307452201843,2.4681825379957445e-05,0.00013148189464118332
2330,1,1,8.364979294128716e-05,0.9998670816421509,1.0828944141394459e-05,3.8384623621823266e-05
2331,2,2,0.001981088425964117,0.00010680368723114952,0.9971923232078552,0.0007198264356702566
2332,2,2,0.01617632620036602,0.00011624999024206772,0.9825886487960815,0.0011188499629497528
2333,2,3,5.5745189456501976e-05,3.5069005477339488e-09,2.12483082577819e-05,0.9999229907989502
2334,1,1,0.011387258768081665,0.9865043759346008,0.0017350310226902366,0.0003732591576408595
2335,3,3,0.007500654086470604,0.0002546182367950678,0.006286200601607561,0.9859585165977478
2336,3,3,0.03567548468708992,0.001312542357482016,0.020099621266126633,0.9429122805595398
2337,1,1,0.0035224060993641615,0.991151750087738,0.0004938984639011323,0.004831879399716854
2338,2,2,0.0008740531629882753,9.890156798064709e-05,0.9979141354560852,0.0011129085905849934
2339,0,0,0.99741530418396,3.91734138247557e-05,0.000553096120711416,0.001992393983528018
2340,0,0,0.9998354911804199,1.8678358060242317e-07,2.3539329049526714e-05,0.00014087076124269515
2341,1,1,0.0006868265336379409,0.9992844462394714,2.4446584575343877e-05,4.251364316587569e-06
2342,2,2,0.00038396319723688066,3.617785114329308e-05,0.9994171857833862,0.0001626176235731691
2343,2,3,8.583695603192609e-07,3.994512098870473e-07,0.33814018964767456,0.6618584990501404
2344,2,2,3.246571577619761e-05,1.656381573411636e-05,0.9998581409454346,9.289319132221863e-05
2345,3,3,3.9608206861885265e-05,1.2618093023775145e-05,0.0022687988821417093,0.9976790547370911
2346,1,1,0.021094808354973793,0.978864312171936,2.4967215722426772e-05,1.5907689885352738e-05
2347,0,0,0.9993983507156372,1.464497813685739e-06,2.756211870291736e-05,0.0005726584931835532
2348,3,3,8.46375260152854e-05,7.6059814091422595e-06,0.01772228255867958,0.982185423374176
2349,0,0,0.8424305319786072,0.012829010374844074,0.05872499570250511,0.08601544797420502
2350,3,3,0.0006634483579546213,1.482405514252605e-05,0.14888720214366913,0.8504345417022705
2351,2,2,7.706910764682107e-06,3.6626004202844342e-06,0.9999700784683228,1.8565520804258995e-05
2352,2,2,2.137144656444434e-05,5.940029268458602e-07,0.9999736547470093,4.426246505317977e-06
2353,3,3,0.00022563099628314376,1.4887711586197838e-05,0.003155840327963233,0.9966036081314087
2354,2,2,6.7801185650751e-05,5.5312702897936106e-05,0.9835912585258484,0.016285661607980728
2355,3,1,0.01863558404147625,0.8651455044746399,0.00012571594561450183,0.11609319597482681
2356,2,2,0.015446818433701992,0.00011996973626082763,0.8522931933403015,0.13214001059532166
2357,1,0,0.9603103995323181,0.016744330525398254,0.017003191635012627,0.005942056886851788
2358,3,3,3.757559898076579e-05,3.4823341366063687e-07,0.00025103360530920327,0.9997109770774841
2359,2,2,0.12660427391529083,0.0001242159924004227,0.8261237144470215,0.04714782163500786
2360,0,0,0.9999998807907104,1.2453459596883931e-08,3.90168031216831e-09,8.304900234179513e-08
2361,0,0,0.9983110427856445,7.381961768260226e-05,0.0014572638319805264,0.000157832182594575
2362,1,1,0.0035154244396835566,0.9961751699447632,0.0002522077120374888,5.7116340030916035e-05
2363,2,2,0.0010217996314167976,2.6293077098671347e-05,0.9987949132919312,0.0001569485611980781
2364,3,3,0.00016745484026614577,2.2146629419239616e-07,0.002365129766985774,0.9974671602249146
2365,0,0,0.9953244924545288,4.2980998841812834e-05,0.0018432954093441367,0.0027892678044736385
2366,0,0,0.9998277425765991,2.5481988359388197e-06,4.476412505027838e-05,0.00012485039769671857
2367,2,2,5.526733275473816e-06,2.266203580347792e-08,0.9999642372131348,3.0291437724372372e-05
2368,0,0,0.9953340888023376,0.002448451239615679,2.273437894473318e-05,0.0021946593187749386
2369,0,0,0.9999985694885254,3.061165188000814e-08,1.1095447689513094e-06,3.0095000624896784e-07
2370,0,0,0.9999915361404419,2.1909967529154528e-07,6.9450038608920295e-06,1.2887411457995768e-06
2371,1,1,0.00218009389936924,0.9958611130714417,0.0017213532701134682,0.00023738571326248348
2372,0,0,0.9591798186302185,0.0013323219027370214,0.03492048382759094,0.004567292518913746
2373,2,2,0.00423057796433568,1.4899922462063842e-05,0.9956343770027161,0.00012022510054521263
2374,3,3,0.0010953949531540275,0.00013065719394944608,0.02364169806241989,0.9751322269439697
2375,1,1,0.0023491722531616688,0.9952782392501831,0.0017458283109590411,0.0006268033175729215
2376,2,2,0.023957297205924988,0.004498048219829798,0.9380139112472534,0.03353065997362137
2377,2,2,0.000821199209894985,0.0008946331799961627,0.9671447277069092,0.031139370054006577
2378,0,0,0.9988597631454468,2.0219560610712506e-05,0.0002565524773672223,0.0008634321275167167
2379,3,3,0.03040974773466587,0.13175636529922485,0.332610160112381,0.5052236914634705
2380,3,3,0.011323160491883755,0.0007676073000766337,0.048020847141742706,0.9398883581161499
2381,3,3,0.0006830678321421146,0.00014680437743663788,0.00031132446019910276,0.9988588094711304
2382,3,3,0.006329372990876436,0.0024702136870473623,0.14814920723438263,0.8430512547492981
2383,1,1,0.002021522494032979,0.9971785545349121,0.0006765955477021635,0.0001233670045621693
2384,3,3,0.026271870359778404,0.02309371717274189,0.2229253351688385,0.7277090549468994
2385,2,2,0.00011614662071224302,4.845418061449891e-06,0.9981966614723206,0.0016824331833049655
2386,0,0,0.9860427975654602,2.1580277461907826e-05,0.012903297320008278,0.0010323576861992478
2387,3,3,0.0001378756860503927,2.082391620206181e-05,0.0009267629939131439,0.9989144802093506
2388,1,0,0.5977745652198792,0.17767564952373505,0.10284265130758286,0.12170717120170593
2389,1,1,0.00034285226138308644,0.9981539845466614,0.0009487001807428896,0.0005545059102587402
2390,1,1,0.29797500371932983,0.5267137289047241,0.17096874117851257,0.004342533648014069
2391,2,2,0.000473712629172951,6.315360678854631e-06,0.9975110292434692,0.002008926821872592
2392,0,0,0.8729280233383179,0.0013356332201510668,0.03398372232913971,0.09175257384777069
2393,1,1,0.0002002250257646665,0.9997604489326477,2.530229494368541e-06,3.685609408421442e-05
2394,2,2,0.1271919310092926,0.0005481474217958748,0.8701688051223755,0.0020911472383886576
2395,2,2,0.0008043954148888588,0.00013870767725165933,0.9870709776878357,0.011985954828560352
2396,2,2,0.00036182109033688903,5.032678700445103e-07,0.9995105266571045,0.00012713538308162242
2397,3,0,0.9177579879760742,0.005398841574788094,0.012604120187461376,0.06423904746770859
2398,0,0,0.9999984502792358,8.001473474905652e-07,1.3363785456022015e-07,6.181349476719333e-07
2399,0,0,0.8417877554893494,0.017333276569843292,0.0601416751742363,0.08073724806308746
2400,0,3,0.2107737809419632,0.004023569170385599,0.0488257110118866,0.7363770008087158
2401,2,2,0.013190475292503834,0.0016485278028994799,0.9565497040748596,0.028611259534955025
2402,1,1,0.004351923707872629,0.9954996705055237,0.00013047912216279656,1.7939637473318726e-05
2403,1,1,0.03707550838589668,0.7630015015602112,0.1131105050444603,0.08681246638298035
2404,1,1,0.004988895729184151,0.9945652484893799,0.00012723071267828345,0.000318610982503742
2405,2,2,0.00012788811000064015,0.002536893356591463,0.8848250508308411,0.11251020431518555
2406,0,0,0.9623164534568787,0.011388557963073254,0.017445234581828117,0.008849689736962318
2407,2,2,0.0013672587228938937,0.0004095746553502977,0.9979735016822815,0.0002496643865015358
2408,3,3,0.0007849571411497891,2.6818761398317292e-06,0.004029270727187395,0.9951830506324768
2409,1,1,0.040216460824012756,0.9391039609909058,0.0014768557157367468,0.019202733412384987
2410,0,0,0.9984825253486633,0.0002629293885547668,0.0003743329143617302,0.0008802501833997667
2411,1,1,0.011438856832683086,0.9866766929626465,0.0010836104629561305,0.0008007980068214238
2412,3,3,0.001433854573406279,0.0006589955883100629,0.004855941981077194,0.9930511713027954
2413,2,2,0.0022106911055743694,6.363399734254926e-05,0.9708201289176941,0.02690553292632103
2414,3,3,0.04237915575504303,2.4342764390894445e-06,1.3017366029544064e-07,0.9576182961463928
2415,3,3,0.00041553081246092916,8.936697122408077e-05,0.0014347527176141739,0.998060405254364
2416,1,1,0.1635587364435196,0.8061540126800537,0.015164665877819061,0.015122553333640099
2417,3,0,0.7754599452018738,3.373354775249027e-05,0.0022871792316436768,0.2222190946340561
2418,0,0,0.9999966621398926,4.365223205127222e-08,4.1133304762297485e-07,2.9590457870654063e-06
2419,3,3,0.009136291220784187,0.0003520814061630517,0.0046963938511908054,0.985815167427063
2420,2,2,0.00101100979372859,0.00011539945262484252,0.9983306527137756,0.0005429990706034005
2421,2,0,0.5723166465759277,0.00019901730411220342,0.4228438138961792,0.004640513099730015
2422,3,3,0.0922560766339302,1.7592840961810907e-08,0.0006379175465553999,0.9071060419082642
2423,3,3,0.4014986455440521,0.01301195565611124,0.017762381583452225,0.5677269697189331
2424,2,2,2.4948842110461555e-05,1.0034002428938038e-07,0.9893767833709717,0.010598151944577694
2425,2,2,0.00010926839604508132,1.0243747055938002e-05,0.998176097869873,0.001704387366771698
2426,0,0,0.9999971389770508,2.2088671869369136e-07,2.4210767151089385e-06,2.7834801130666165e-07
2427,2,2,0.09650290012359619,0.008809380233287811,0.8872167468070984,0.0074709998443722725
2428,3,3,0.16376666724681854,4.250420170137659e-05,0.0031175012700259686,0.8330733776092529
2429,0,0,0.999975323677063,8.338460588674934e-07,7.4567515184753574e-06,1.6341591617674567e-05
2430,2,2,0.003330225357785821,1.4919020941306371e-05,0.9696154594421387,0.02703944407403469
2431,2,2,0.010454264469444752,7.353711680480046e-06,0.9851646423339844,0.004373747389763594
2432,3,3,0.00010190280590904877,3.717011713888496e-05,0.007377089001238346,0.992483913898468
2433,1,1,6.576875603059307e-05,0.9999268054962158,7.136669410101604e-06,2.910443583914457e-07
2434,3,3,0.0010769183281809092,7.306919724214822e-05,0.00035519793163985014,0.9984947443008423
2435,3,2,0.0049954187124967575,3.678516441141255e-05,0.544324517250061,0.4506432116031647
2436,3,3,0.0026197328697890043,0.00020341057097539306,0.005103675648570061,0.9920732378959656
2437,3,3,9.403839794686064e-05,7.017464440650656e-07,0.007167394272983074,0.9927378296852112
2438,3,0,0.7737216949462891,0.005802998319268227,0.017695048823952675,0.20278024673461914
2439,2,2,0.014005519449710846,0.0002865231945179403,0.9847038984298706,0.0010039668995887041
2440,2,2,1.7557274986756966e-05,2.2963504875406215e-08,0.9998966455459595,8.57858540257439e-05
2441,3,3,1.2668557758388488e-07,1.5486218973848054e-09,3.886615559167694e-06,0.9999959468841553
2442,1,0,0.7344664335250854,0.24903488159179688,0.005746564827859402,0.010752037167549133
2443,0,2,0.15643467009067535,8.10573146736715e-06,0.8335641026496887,0.009993128478527069
2444,2,2,0.4398859739303589,0.01262680534273386,0.5266962647438049,0.02079095132648945
2445,2,2,0.0030015837401151657,7.320342660932511e-07,0.9968302845954895,0.00016739517741370946
2446,3,3,0.4606633186340332,0.001572786713950336,0.04886629059910774,0.4888976216316223
2447,3,3,1.8068778445012867e-05,1.9166518541169353e-06,0.001969698118045926,0.9980103373527527
2448,2,2,0.20842315256595612,0.001703463727608323,0.5952378511428833,0.19463548064231873
2449,0,2,0.06511271744966507,8.989429625216872e-05,0.750565230846405,0.18423214554786682
2450,2,2,0.00037559328484348953,4.263419032213278e-05,0.9499027132987976,0.0496789924800396
2451,2,2,0.00038362015038728714,0.0017377650365233421,0.6159179210662842,0.3819606602191925
2452,3,3,0.036433424800634384,0.12364866584539413,0.02974015660583973,0.810177743434906
2453,1,1,0.00022704046568833292,0.9997344613075256,7.241049843287328e-06,3.1235562346410006e-05
2454,1,1,0.00047710794024169445,0.9995101690292358,1.0657921848178376e-05,2.0405350369401276e-06
2455,1,1,0.051182594150304794,0.9098639488220215,0.022193120792508125,0.016760364174842834
2456,1,1,0.004205238074064255,0.9956461787223816,9.427405893802643e-05,5.423010588856414e-05
2457,3,3,0.00033691435237415135,0.00031419447623193264,0.008254548534750938,0.9910944104194641
2458,2,2,0.006802788935601711,0.08474027365446091,0.8614462018013,0.04701082035899162
2459,1,1,0.0002634523552842438,0.9997321963310242,3.714430249601719e-06,6.042063773747941e-07
2460,0,0,0.9881823658943176,0.00025390880182385445,0.0009813635842874646,0.010582375340163708
2461,0,0,0.9184401631355286,0.0016773431561887264,0.0029571126215159893,0.0769253522157669
2462,2,2,0.4289676547050476,1.1574379641388077e-05,0.5709108114242554,0.00010992289026034996
2463,0,0,1.0,1.0696137725529908e-10,1.887678034717677e-11,1.276065142441496e-09
2464,1,1,0.01776287704706192,0.9430627226829529,0.030787985771894455,0.008386405184864998
2465,1,1,0.15621784329414368,0.8426305055618286,0.0011515129590407014,2.1972961405936076e-07
2466,2,2,0.0045911697670817375,8.135589268931653e-06,0.9951640367507935,0.00023659779981244355
2467,1,1,0.0018985732458531857,0.9969666600227356,0.0010206502629444003,0.00011411282321205363
2468,0,1,0.06235284358263016,0.933407187461853,0.0009461109293624759,0.0032937894575297832
2469,2,2,0.005589233245700598,6.811696380282228e-07,0.9944031238555908,6.91636887495406e-06
2470,2,2,0.00024784525157883763,1.3137924725015182e-05,0.9997367262840271,2.229891606475576e-06
2471,1,1,0.0005086480523459613,0.9994506239891052,1.2916279047203716e-05,2.775493157969322e-05
2472,1,1,0.0037193037569522858,0.9962167143821716,5.542496364796534e-05,8.53703841130482e-06
2473,1,1,0.0002636923745740205,0.9994269609451294,9.45959473028779e-05,0.0002147624036297202
2474,2,2,0.10103379935026169,0.00011277799785602838,0.8980032801628113,0.0008501422125846148
2475,1,1,3.5906603443436325e-05,0.999915361404419,4.4959684601053596e-05,3.835022653220221e-06
2476,0,0,0.9889326095581055,0.002500684931874275,0.007139138411730528,0.0014275608118623495
2477,1,1,0.003518860088661313,0.996310293674469,0.00015121103206183761,1.9618961232481524e-05
2478,1,1,2.1971754904370755e-05,0.9995966553688049,0.00025439707678742707,0.00012699313811026514
2479,2,2,0.06277842074632645,1.9324997992953286e-05,0.9366484880447388,0.0005537834949791431
2480,1,1,0.0001820549659896642,0.9998077750205994,6.659458904323401e-06,3.5653572467708727e-06
2481,2,2,0.0018693585880100727,5.3177142689264656e-08,0.9981252551078796,5.267347205517581e-06
2482,0,0,0.9999940395355225,3.0249657356762327e-06,1.9380024696147302e-06,1.0000987913372228e-06
2483,3,3,4.601818000082858e-05,3.830721766462375e-07,4.228603938827291e-05,0.9999113082885742
2484,1,1,0.005833164788782597,0.9940468072891235,3.926073623006232e-05,8.080363477347419e-05
2485,1,1,0.00023091287584975362,0.9997676014900208,1.1381217746020411e-06,4.1110234860752826e-07
2486,0,0,0.9999819993972778,7.549964493591688e-07,1.6990719814202748e-05,1.836486518413949e-07
2487,0,0,0.9867918491363525,0.0017467531142756343,0.007277627941220999,0.0041838400065898895
2488,2,2,0.12145919352769852,0.00019041514315176755,0.6410208344459534,0.23732949793338776
2489,2,2,0.17170710861682892,2.740074705798179e-06,0.824589192867279,0.003700987435877323
2490,1,1,0.0011803199304267764,0.9723285436630249,0.025733722373843193,0.0007573949988000095
2491,0,3,0.041483696550130844,0.008831275627017021,0.06507223844528198,0.8846127986907959
2492,1,1,0.008693777956068516,0.9891195297241211,0.0016478353645652533,0.0005388319259509444
2493,1,1,0.0007038743933662772,0.9982776641845703,0.0007097454508766532,0.00030864516156725585
2494,1,1,0.0007283916929736733,0.9992305040359497,2.5088938855333254e-05,1.5954223272274248e-05
2495,1,1,0.00030696968315169215,0.9996899366378784,2.408095724604209e-06,6.615408096877218e-07
2496,1,2,0.022264262661337852,0.31555697321891785,0.4271569848060608,0.23502181470394135
2497,2,2,5.477337253978476e-05,0.0003466929483693093,0.9990553259849548,0.0005431786994449794
2498,0,0,0.9883922934532166,0.001682852627709508,0.004703336860984564,0.005221498664468527
2499,1,1,0.05880345404148102,0.9394667744636536,0.00024234605371020734,0.001487374771386385
2500,2,2,0.006009422242641449,0.0006395725649781525,0.9816820025444031,0.011669057421386242
2501,2,2,5.557735676120501e-06,7.716632666188161e-09,0.9997120499610901,0.00028228777227923274
2502,1,1,0.02523737959563732,0.5466300845146179,0.36959460377693176,0.05853787809610367
2503,1,1,0.001215042662806809,0.9861704111099243,0.011681007221341133,0.0009335782378911972
2504,0,0,0.9999626874923706,7.510891464335145e-08,2.7033034712076187e-05,1.0151668902835809e-05
2505,1,1,1.439030165784061e-05,0.9997943043708801,0.00015308355796150863,3.825925159617327e-05
2506,0,0,0.9951956868171692,0.0029505109414458275,0.0010630676988512278,0.0007906518876552582
2507,0,0,0.9999957084655762,8.846027910180965e-09,5.259078079689061e-07,3.857865976897301e-06
2508,3,3,0.005927651654928923,0.003040403826162219,0.005815628916025162,0.9852163791656494
2509,1,1,0.007010967005044222,0.9926692247390747,0.00021644328080583364,0.00010334102989872918
2510,1,1,0.00058844214072451,0.9991708993911743,9.668598067946732e-05,0.00014398958592209965
2511,1,1,0.003952442202717066,0.9954674243927002,8.315886225318536e-05,0.000497013854328543
2512,0,0,0.999406099319458,1.0894394108618144e-05,2.515281448722817e-05,0.0005578413256444037
2513,0,0,0.9993612170219421,1.0874514373426791e-05,0.0004928646958433092,0.00013511507131624967
2514,0,0,0.99980229139328,2.211885004044234e-07,6.818009751441423e-06,0.00019067923130933195
2515,1,1,7.63855132390745e-06,0.9997904896736145,0.00015287041605915874,4.895262827631086e-05
2516,1,1,0.0016529851127415895,0.9983218312263489,2.481422052369453e-05,3.694311772051151e-07
2517,1,1,0.0007540651713497937,0.9990227222442627,8.504532888764516e-05,0.00013811225653626025
2518,1,1,0.001328630605712533,0.9903945326805115,0.00525641767308116,0.0030204057693481445
2519,0,0,0.9145165681838989,0.011319117620587349,0.00433426583185792,0.0698300153017044
2520,3,3,3.5156001558789285e-06,5.05472605993873e-08,4.91468672407791e-05,0.9999473094940186
2521,3,0,0.8778196573257446,6.459630822064355e-05,0.0007623251294717193,0.1213533952832222
2522,3,3,2.816111191350501e-06,9.742481097418931e-07,0.00016825860075186938,0.9998279809951782
2523,1,0,0.7620807886123657,0.23685869574546814,0.0004561200039461255,0.0006043823668733239
2524,0,0,0.999982476234436,1.3774148044376489e-07,1.2235026360940537e-06,1.6188780136872083e-05
2525,0,0,0.9915281534194946,0.0005779711063951254,0.006379876285791397,0.001513908850029111
2526,1,1,0.0006301575340330601,0.999365508556366,3.193879933860444e-07,4.0175527828978375e-06
2527,0,0,0.9998915195465088,6.289667908276897e-06,9.763591515365988e-05,4.534263098321389e-06
2528,0,0,0.999992847442627,3.27748375639203e-06,1.184772827400593e-06,2.6799218630912947e-06
2529,1,1,0.00015481171431019902,0.9998446702957153,4.2938231104017177e-07,9.716018922745207e-08
2530,1,1,0.052603770047426224,0.781938374042511,0.08201300352811813,0.08344493806362152
2531,0,0,0.9999376535415649,3.8245292444116785e-07,5.644299744744785e-05,5.458554824144812e-06
2532,1,1,0.0012793752830475569,0.9976897239685059,0.0002986988110933453,0.0007322561577893794
2533,3,3,0.005802506115287542,0.0034856232814490795,0.0004567843279801309,0.9902551770210266
2534,3,3,0.00018668400298338383,8.412749252784124e-07,0.0004753181419800967,0.9993371367454529
2535,2,2,0.004278154578059912,7.592272481815598e-07,0.9956859350204468,3.523230770952068e-05
2536,1,1,2.663414591097535e-07,0.9999868869781494,4.3160056861779594e-07,1.2349089047347661e-05
2537,1,1,4.604904825100675e-05,0.9993756413459778,0.0005737874307669699,4.509865902946331e-06
2538,1,1,0.000495471409521997,0.9994906187057495,1.0447708518768195e-05,3.415974560994073e-06
2539,0,0,0.9899519085884094,0.0013421211624518037,0.004266735166311264,0.004439274314790964
2540,0,0,0.9987035989761353,3.282137186033651e-05,0.0010441150516271591,0.00021943595493212342
2541,2,2,0.05062459036707878,1.8808329969033366e-06,0.9469888210296631,0.002384688938036561
2542,3,3,0.004600999411195517,0.0033962740562856197,0.19221679866313934,0.7997859120368958
2543,2,2,8.322122084791772e-06,9.281983466280508e-07,0.9999570846557617,3.367057433933951e-05
2544,1,1,1.1001579878211487e-06,0.9999988079071045,1.2607929988917022e-07,9.206271300854496e-09
2545,2,2,0.010188126005232334,0.006194438319653273,0.7835755944252014,0.20004184544086456
2546,2,1,0.03167249634861946,0.8753355145454407,0.08040861040353775,0.012583289295434952
2547,0,0,0.9999668598175049,1.8626598148330231e-06,9.544857675791718e-06,2.1753030523541383e-05
2548,0,0,0.9989797472953796,1.0119661965291016e-05,0.0005466319271363318,0.0004634699143934995
2549,0,0,0.999984860420227,8.721826105784203e-08,1.1078822126364685e-06,1.3999196198710706e-05
2550,2,2,5.7543285947758704e-05,2.9828845526935766e-07,0.9998776912689209,6.440174183808267e-05
2551,1,1,0.0004580238019116223,0.9995243549346924,2.8717677196254954e-06,1.4793939044466242e-05
2552,1,1,0.0002737035683821887,0.9997182488441467,1.1938278987599915e-07,7.888622349128127e-06
2553,0,0,0.9924052357673645,0.00025837268913164735,8.958462422015145e-05,0.007246801164001226
2554,0,0,0.9562990069389343,0.00028307517641223967,0.042857520282268524,0.0005603600293397903
2555,3,3,0.00035943827242590487,0.00015944144979584962,0.042403098195791245,0.9570781588554382
2556,3,3,0.04093078896403313,8.672618423588574e-05,0.37952175736427307,0.5794607996940613
2557,1,1,0.00010033675789600238,0.9915986061096191,0.005603424273431301,0.0026975914370268583
2558,0,0,0.9999542236328125,1.7233875041711144e-05,1.302063901675865e-05,1.5581748812110163e-05
2559,0,0,0.9999237060546875,1.2869692909589503e-05,3.250133158871904e-05,3.0933646485209465e-05
2560,1,1,0.00013789680087938905,0.9997947812080383,2.7029529519495554e-05,4.024957524961792e-05
2561,0,0,0.9963244795799255,0.0005274060531519353,0.0002525275922380388,0.00289554288610816
2562,1,1,0.0011614057002589107,0.9987302422523499,8.32989826449193e-05,2.494338150427211e-05
2563,0,0,0.8864186406135559,0.00017822514928411692,0.0037161908112466335,0.10968693345785141
2564,0,0,0.9998109936714172,0.0001389807293890044,1.7633830793784e-05,3.2419291528640315e-05
2565,2,2,0.008180138655006886,7.770258889649995e-06,0.9914747476577759,0.00033740964136086404
2566,2,3,0.2116980254650116,0.028703074902296066,0.25654086470603943,0.5030580759048462
2567,0,0,0.9981318116188049,0.0007693947409279644,0.0010220721596851945,7.677078247070312e-05
2568,1,1,0.00026935338973999023,0.9994774460792542,4.347019057604484e-05,0.0002096498355967924
2569,1,1,0.0017289636889472604,0.9980727434158325,0.00010268657933920622,9.552893607178703e-05
2570,1,1,0.004584350157529116,0.9927045702934265,0.0014587087789550424,0.0012523418990895152
2571,3,3,0.001945675234310329,0.0005656058201566339,0.005323097575455904,0.9921656847000122
2572,0,0,0.994931161403656,0.00388550478965044,0.0006594465812668204,0.0005238617304712534
2573,2,2,0.003335673827677965,3.0282719308161177e-05,0.9963566064834595,0.0002775202738121152
2574,2,3,0.0005591471563093364,0.0002914532378781587,0.06427407264709473,0.9348753094673157
2575,3,3,0.0007031220593489707,0.00019299885025247931,0.018690096214413643,0.9804138541221619
2576,3,3,0.035920724272727966,0.03418699651956558,0.03973019868135452,0.8901621103286743
2577,3,2,0.0032090796157717705,7.073254528222606e-05,0.9706166982650757,0.026103433221578598
2578,0,0,0.996134877204895,5.302589852362871e-05,0.00044904471724294126,0.0033630726393312216
2579,1,1,0.19562089443206787,0.4854794442653656,0.31487175822257996,0.004027914255857468
2580,2,2,0.025356585159897804,0.00014049197488930076,0.9621705412864685,0.012332413345575333
2581,2,2,0.053332023322582245,2.7017353204428218e-05,0.9459139704704285,0.0007269798661582172
2582,3,3,0.0030164960771799088,0.02350848726928234,0.03564548119902611,0.9378295540809631
2583,3,3,0.0007328690844587982,0.0001366470823995769,0.11145392805337906,0.8876765966415405
2584,1,1,3.739899284482817e-06,0.9999957084655762,4.3874749167116533e-07,1.1694270085627068e-07
2585,3,3,0.0003886879712808877,0.020420879125595093,0.01743566058576107,0.9617547988891602
2586,3,3,0.001340689486823976,1.6582751413807273e-05,0.08352785557508469,0.9151148200035095
2587,0,0,0.9971511960029602,0.0014889059821143746,0.0007986179552972317,0.00056131009478122
2588,2,2,9.446661715628579e-05,2.252965941806906e-06,0.9997524619102478,0.00015080528100952506
2589,3,3,0.002833651378750801,3.202489097020589e-05,0.10536504536867142,0.891769289970398
2590,2,2,0.00015768628509249538,8.946217917582544e-07,0.9226216673851013,0.07721973955631256
2591,0,1,0.002429531654343009,0.9975433945655823,1.1608085515035782e-05,1.5430954590556212e-05
2592,2,2,9.344270074507222e-05,0.00047785372589714825,0.9981400966644287,0.0012886273907497525
2593,0,0,0.9986284971237183,0.0003178777697030455,0.00040655594784766436,0.0006471343222074211
2594,2,3,6.244802352739498e-05,1.129059000959387e-06,0.3039052188396454,0.6960311532020569
2595,0,0,0.9999924898147583,1.0628338031892781e-06,1.4406523405341431e-06,4.957461896992754e-06
2596,2,2,0.008078652434051037,0.0030923455487936735,0.6979730129241943,0.2908559739589691
2597,2,2,0.00013487461546901613,1.3621735888591502e-05,0.9996398687362671,0.0002116287942044437
2598,3,3,0.0008894229540601373,0.00018548208754509687,0.06515801697969437,0.9337671399116516
2599,2,2,0.04987163841724396,2.6396961402497254e-05,0.949890673160553,0.00021127609943505377
2600,2,2,0.0005254032439552248,9.652182052377611e-05,0.9932057857513428,0.0061722383834421635
2601,3,3,0.0001639856054680422,3.6947428725397913e-06,0.0018075993284583092,0.9980247020721436
2602,0,0,0.9901761412620544,1.185953169624554e-05,0.0016773237148299813,0.00813465379178524
2603,0,0,0.9843346476554871,0.002481774426996708,0.0009736987412907183,0.012209909036755562
2604,0,0,0.9130122661590576,0.024274898692965508,0.05947895348072052,0.003233899362385273
2605,3,3,3.261562596890144e-05,1.564197191328276e-05,0.0060870032757520676,0.9938647150993347
2606,1,1,0.029818015173077583,0.9675460457801819,0.00014119768457021564,0.002494713058695197
2607,0,3,0.21936243772506714,0.007538625039160252,0.19816352427005768,0.5749354958534241
2608,3,3,0.00045296232565306127,4.3190852920815814e-06,0.0014789513079449534,0.9980637431144714
2609,2,2,0.0172566045075655,5.012599103793036e-06,0.9775787591934204,0.005159627180546522
2610,2,3,0.00016190997848752886,6.870950892334804e-05,0.31853988766670227,0.6812295317649841
2611,3,3,5.534151569008827e-05,1.5061054909892846e-06,0.10748680680990219,0.8924563527107239
2612,3,0,0.46552541851997375,0.017098134383559227,0.05506310611963272,0.46231329441070557
2613,0,2,0.0012019287096336484,1.6945555216807406e-06,0.9983567595481873,0.0004395537544041872
2614,2,2,0.00016428275557700545,2.3943437099660514e-07,0.9998331069946289,2.383063929300988e-06
2615,1,1,5.186597627471201e-05,0.9999040365219116,2.3012642486719415e-05,2.104065424646251e-05
2616,3,3,4.030636409879662e-05,3.92850864727734e-07,1.045249646836055e-07,0.9999592304229736
2617,2,2,0.1994330883026123,0.002339294645935297,0.7947471737861633,0.003480506595224142
2618,3,3,1.3727593795920257e-05,3.90400373362354e-06,0.010805197060108185,0.9891771674156189
2619,3,3,5.976123793516308e-05,2.048012675004429e-06,0.0008060135296545923,0.9991322159767151
2620,2,2,0.0036554818507283926,2.2856099803902907e-06,0.9957486987113953,0.0005936104571446776
2621,3,3,0.00013806771312374622,4.729475222120527e-06,0.15889109671115875,0.8409660458564758
2622,1,1,0.00768498657271266,0.9909325838088989,0.0008059578249230981,0.000576422899030149
2623,1,1,0.02240084670484066,0.9617884159088135,0.005939119961112738,0.009871632792055607
2624,0,0,0.5417624115943909,0.00041458947816863656,0.45712000131607056,0.0007029816042631865
2625,3,3,0.013135286048054695,2.0800645870622247e-05,0.023652076721191406,0.96319180727005
2626,1,1,0.010530860163271427,0.9860787987709045,0.0029382845386862755,0.0004519424110185355
2627,2,2,0.003120813751593232,5.547662567551015e-06,0.9962181448936462,0.0006555010913871229
2628,2,2,2.2786702174926177e-05,7.739756711089285e-07,0.9999041557312012,7.231198833324015e-05
2629,1,1,1.5759176676510833e-05,0.9999834299087524,4.18292216863847e-07,3.09960881850202e-07
2630,1,1,2.8923480499543075e-08,1.0,2.099852025594373e-08,4.067258174700328e-08
2631,1,1,6.40457437839359e-05,0.9980806112289429,0.001675760606303811,0.00017958306125365198
2632,0,0,0.9998681545257568,9.454340215597767e-06,9.311621397500858e-05,2.931460039690137e-05
2633,3,3,0.03594953194260597,0.00016487014363519847,0.004313528537750244,0.9595720767974854
2634,1,1,0.001914982800371945,0.9979959726333618,3.0110677471384406e-05,5.9061105275759473e-05
2635,3,3,0.002834381302818656,3.7141826396691613e-06,0.011875204741954803,0.9852865934371948
2636,2,2,0.0015018341364338994,2.403436155873351e-06,0.9982819557189941,0.00021380723046604544
2637,0,0,0.9999812841415405,3.829252364084823e-06,5.454151050798828e-06,9.401137504028156e-06
2638,2,2,0.006094159558415413,2.0761211999342777e-05,0.9937206506729126,0.00016437987505923957
2639,1,1,0.0011805591639131308,0.9988123178482056,6.550197667820612e-06,5.811702408209385e-07
2640,1,1,0.009128048084676266,0.9886593818664551,0.000576610560528934,0.0016359789296984673
2641,1,1,0.07547593861818314,0.9239732623100281,0.00038868864066898823,0.00016216497169807553
2642,1,1,0.00045395997585728765,0.999535322189331,5.3469457270693965e-06,5.3926505643175915e-06
2643,2,2,0.09137323498725891,0.0005010880995541811,0.630439817905426,0.2776857912540436
2644,1,1,0.061459802091121674,0.9377555847167969,0.0007386450888589025,4.599792373483069e-05
2645,1,1,0.08671672642230988,0.9132062792778015,2.6795185476657934e-05,5.015595525037497e-05
2646,0,0,0.9878578186035156,0.0010131419403478503,0.00977556873112917,0.0013534986646845937
2647,0,0,0.9995636343955994,1.1186067894186635e-07,3.7667319702450186e-05,0.0003986122028436512
2648,2,2,0.001003671670332551,2.7680725906975567e-05,0.994257926940918,0.004710730165243149
2649,2,2,0.01682443916797638,0.05742195248603821,0.8595839142799377,0.06616970151662827
2650,3,3,0.00012668943963944912,4.558482487482252e-06,0.04013030230998993,0.9597384333610535
2651,1,1,0.006459477357566357,0.9934747815132141,3.548807944753207e-05,3.0154182240949012e-05
2652,2,2,0.00036044142325408757,1.5967515309966984e-06,0.9995753169059753,6.261412636376917e-05
2653,0,3,0.24113959074020386,0.0003086806973442435,0.0030861624982208014,0.755465567111969
2654,2,2,5.059326213086024e-05,3.48527305504831e-06,0.9948681592941284,0.005077696871012449
2655,3,3,3.08325275000243e-06,7.434020517393947e-05,0.0004544004623312503,0.9994681477546692
2656,0,1,0.0047029657289385796,0.9950725436210632,0.00014843301323708147,7.600386015838012e-05
2657,0,0,0.9999719858169556,6.617252893192926e-06,4.1011276152858045e-06,1.7354828742099926e-05
2658,2,2,0.01988709345459938,8.287288073915988e-05,0.9795088768005371,0.0005211245734244585
2659,2,2,1.3711714018427301e-05,1.5988562154234387e-06,0.9999321699142456,5.2459810831351206e-05
2660,3,2,0.027890076860785484,1.3485087038134225e-05,0.9703043103218079,0.0017921620747074485
2661,1,1,0.0010073477169498801,0.9989392161369324,5.0226317398482934e-05,3.259599452576367e-06
2662,2,2,0.01127631962299347,0.0003078373265452683,0.9869512319564819,0.001464631874114275
2663,0,0,0.9998927116394043,2.7908045012736693e-05,6.027211929904297e-05,1.9098615666734986e-05
2664,2,2,0.00022354886459652334,4.0246803109766915e-05,0.9993321299552917,0.0004039705963805318
2665,1,1,8.21418798295781e-05,0.9999169111251831,3.0642548498605038e-09,9.716354725242127e-07
2666,2,2,0.0005067141028121114,9.048990250448696e-06,0.9993293285369873,0.00015496597916353494
2667,2,2,0.00012134149437770247,4.073598574905191e-06,0.9087348580360413,0.09113971889019012
2668,0,0,0.9905807375907898,3.907364953192882e-05,0.008005110546946526,0.0013751552905887365
2669,3,3,1.8858103430829942e-05,1.2434378504622146e-06,0.03170205280184746,0.9682778120040894
2670,0,2,0.2794508934020996,7.305080362129956e-05,0.7176931500434875,0.0027828512247651815
2671,2,2,0.48067373037338257,0.0004019627522211522,0.5168360471725464,0.0020883355755358934
2672,2,2,0.0004651382041629404,2.7550574941415107e-06,0.9982727766036987,0.0012593076098710299
2673,3,3,0.00013054143346380442,3.4511910484980035e-07,0.27459317445755005,0.7252759337425232
2674,3,3,0.05457444116473198,0.06566597521305084,0.2999183237552643,0.5798413157463074
2675,2,2,0.00010348892828915268,1.1760917004721705e-05,0.999666690826416,0.00021815576474182308
2676,3,3,0.0022998673375695944,1.4743523069071784e-09,0.0003594588488340378,0.9973406195640564
2677,3,3,0.0023697365541011095,8.033001358853653e-05,0.001746920170262456,0.9958029389381409
2678,3,3,0.00017406432016287,9.484398105996661e-06,0.031320299953222275,0.9684961438179016
2679,2,2,0.001673069316893816,0.0002560541615821421,0.7013533115386963,0.2967175543308258
2680,2,2,0.03195895254611969,1.315526242251508e-05,0.9680126905441284,1.5277464626706205e-05
2681,3,3,0.02836902067065239,7.669292972423136e-05,0.018371468409895897,0.9531827569007874
2682,3,3,0.003266956890001893,1.112857171392534e-05,6.78489959682338e-05,0.9966540336608887
2683,0,2,0.24619664251804352,0.0003945580974686891,0.7062861323356628,0.04712260887026787
2684,2,2,3.385356831131503e-05,3.698813770824927e-06,0.9997991919517517,0.00016329249774571508
2685,0,0,0.9999988079071045,5.915205547601943e-10,8.009068608316738e-08,1.0862680710488348e-06
2686,0,2,0.3563651442527771,0.0012015171814709902,0.6381049156188965,0.004328412469476461
2687,2,2,0.008636396378278732,2.8489494070527144e-06,0.989532470703125,0.001828245585784316
2688,2,2,0.0029355669394135475,1.6297144611598924e-05,0.9969520568847656,9.597015741746873e-05
2689,1,1,0.0045584519393742085,0.9951505661010742,0.00022647845617029816,6.440019933506846e-05
2690,1,1,0.0010523599339649081,0.9970730543136597,1.3473289072862826e-05,0.0018611360574141145
2691,1,1,0.17743174731731415,0.821251392364502,0.0005326590035110712,0.0007842471241019666
2692,3,3,0.38128337264060974,0.002506355522200465,0.005931776948273182,0.6102785468101501
2693,3,3,6.699745426885784e-05,4.210915903968271e-06,0.00019771431107074022,0.9997311234474182
2694,3,1,0.009487171657383442,0.395989328622818,0.22231507301330566,0.3722083568572998
2695,0,0,0.9999995231628418,5.6163528938668605e-08,2.0232555186794343e-07,1.9450443744517543e-07
2696,2,2,3.239998477511108e-05,6.864144779683556e-06,0.9998980760574341,6.262216629693285e-05
2697,2,2,3.2197895052377135e-06,7.303798156499397e-06,0.9999388456344604,5.05724674439989e-05
2698,3,3,3.4307715850445675e-06,1.6919312884056126e-07,0.00014788712724111974,0.999848484992981
2699,2,0,0.8225702047348022,0.0006262407987378538,0.1733272671699524,0.0034762911964207888
2700,2,0,0.8208251595497131,5.158200656296685e-05,0.1728326976299286,0.006290603894740343
2701,2,2,0.00013801136810798198,6.692062015645206e-08,0.9998583793640137,3.544632591001573e-06
2702,0,0,0.7753257155418396,0.0009455429972149432,0.21546566486358643,0.008263004943728447
2703,2,2,7.619922689627856e-05,1.8580809637569473e-06,0.9998401403427124,8.177782729035243e-05
2704,0,0,0.9085084199905396,9.810407209442928e-05,0.02191997691988945,0.06947345286607742
2705,1,1,4.2305349779780954e-05,0.9999357461929321,1.0082094377139583e-05,1.1966662896156777e-05
2706,2,2,3.622255826485343e-05,2.691383770070388e-06,0.9999080896377563,5.293583308230154e-05
2707,3,3,0.00020765150838997215,8.553361112717539e-06,0.0014481993857771158,0.9983356595039368
2708,3,3,0.00027657364262267947,1.1494445288917632e-06,1.0508362720429432e-05,0.9997116923332214
2709,3,3,0.000147821701830253,3.9213850300257036e-07,0.00036848304443992674,0.9994833469390869
2710,3,2,0.004054373130202293,1.2572049854497891e-05,0.8212154507637024,0.17471759021282196
2711,0,0,0.8384139537811279,0.001992961624637246,0.04683062806725502,0.1127624586224556
2712,3,3,0.0002554006059654057,0.00013197660155128688,0.028854843229055405,0.9707578420639038
2713,1,1,0.00014050168101675808,0.997868537902832,0.0010680286213755608,0.0009228549897670746
2714,2,2,0.0036804024130105972,0.00046356386155821383,0.8664541840553284,0.12940187752246857
2715,1,1,0.015632200986146927,0.9839963316917419,0.00031800250872038305,5.346089892555028e-05
2716,1,1,0.0035047573037445545,0.9963803887367249,9.69935081229778e-06,0.00010526020923862234
2717,1,1,0.16905266046524048,0.8204495906829834,0.00044717721175402403,0.010050560347735882
2718,2,3,0.00010681456478778273,8.633734978502616e-06,0.050091519951820374,0.9497930407524109
2719,3,3,0.0014098618412390351,0.0055376216769218445,0.2255961149930954,0.7674564719200134
2720,0,0,0.9996857643127441,5.899596362723969e-05,1.2808794963348191e-05,0.00024255750759039074
2721,0,0,0.7334896326065063,0.01954568736255169,0.20884108543395996,0.03812362998723984
2722,3,3,0.001576914801262319,0.0006294616032391787,0.001017374568618834,0.996776282787323
2723,1,1,1.4520846889354289e-05,0.9999760389328003,1.2053776643483616e-08,9.396659152116627e-06
2724,2,2,0.0019788756035268307,8.662774780532345e-05,0.9591809511184692,0.03875356912612915
2725,0,0,0.999699592590332,4.061651634401642e-05,0.00024356455833185464,1.6272106222459115e-05
2726,2,2,0.00609244080260396,0.0001219330879393965,0.8360678553581238,0.15771779417991638
2727,3,3,0.02295406349003315,0.008701814338564873,0.04708084836602211,0.9212632775306702
2728,1,1,0.006717676296830177,0.9873954653739929,0.004367019049823284,0.00151988270226866
2729,2,2,0.011645839549601078,0.0017787275137379766,0.9288229942321777,0.05775243416428566
2730,0,0,0.9993983507156372,1.523835635452997e-05,3.6960548186470987e-06,0.0005827557179145515
2731,2,2,0.0007466102251783013,1.3771665180684067e-05,0.9986948370933533,0.0005448464653454721
2732,3,3,0.0002122693113051355,8.172689831553726e-07,0.0002547929179854691,0.9995321035385132
2733,1,1,0.00312826968729496,0.996751070022583,9.56834337557666e-05,2.499991751392372e-05
2734,0,0,0.9921992421150208,7.450287375831977e-05,0.004319592844694853,0.0034066764637827873
2735,2,2,0.004174233414232731,4.638341579266125e-06,0.9956388473510742,0.00018231257854495198
2736,1,1,0.00028114524320699275,0.9992548823356628,0.00042066624155268073,4.327650094637647e-05
2737,1,1,0.00848241988569498,0.9909853935241699,0.00045418081572279334,7.792558608343825e-05
2738,0,1,0.2092411071062088,0.7850260138511658,0.003413297701627016,0.002319587394595146
2739,1,1,0.0005668810335919261,0.99936443567276,5.445500210043974e-05,1.4344401279231533e-05
2740,0,0,0.9978883862495422,0.0004467041580937803,9.240555664291605e-05,0.001572457142174244
2741,2,2,7.817383448127657e-05,5.194885375203739e-07,0.9995993971824646,0.0003219123464077711
2742,3,3,0.007597752381116152,0.00023666115885134786,0.01285731140524149,0.9793083071708679
2743,0,0,0.9677045941352844,0.003558928379788995,0.012497000396251678,0.01623949594795704
2744,1,1,0.01602322794497013,0.8588846921920776,0.10061173141002655,0.024480435997247696
2745,2,2,0.0012027873890474439,3.615907917264849e-05,0.9834176898002625,0.01534338854253292
2746,2,2,0.0006710932357236743,4.4964832568439306e-07,0.9964029788970947,0.0029254350811243057
2747,1,1,0.010841533541679382,0.9886011481285095,0.0004408588574733585,0.00011646367784123868
2748,3,3,0.0027684569358825684,1.2598423381859902e-05,0.0007473134319297969,0.996471643447876
2749,2,2,0.0025956747122108936,1.122540925280191e-05,0.9955653548240662,0.0018276835326105356
2750,2,3,0.041770242154598236,0.10510941594839096,0.1928604245185852,0.6602599620819092
2751,1,1,0.004667392931878567,0.9926111102104187,3.1555130135529907e-06,0.0027184176724404097
2752,2,3,0.0005634205881506205,0.00025969240232370794,0.049556177109479904,0.9496206641197205
2753,3,3,0.00013020065671298653,2.5895099042827496e-06,0.06628500670194626,0.9335822463035583
2754,3,3,0.01921096071600914,0.0007598462398163974,0.003014726098626852,0.9770144820213318
2755,2,2,4.403205093694851e-05,5.554732069867896e-06,0.9999152421951294,3.522936822264455e-05
2756,3,3,0.0020372155122458935,0.00013352546375244856,0.04056511074304581,0.9572641253471375
2757,2,2,0.0017370199784636497,1.3833192724632681e-06,0.9980871677398682,0.00017443555407226086
2758,0,0,0.8559315204620361,0.1367034614086151,2.7327221687301062e-05,0.007337662857025862
2759,2,2,0.026952704414725304,0.001609354978427291,0.6622753143310547,0.3091626763343811
2760,3,3,0.001117074047215283,0.0001951750455191359,0.004873335827142,0.9938144683837891
2761,0,0,0.9995741248130798,4.802239800483221e-06,0.00034699292154982686,7.40973700885661e-05
2762,2,2,0.0006096940487623215,0.0003047948412131518,0.9957606196403503,0.003324923338368535
2763,3,3,0.017003558576107025,5.0481397920520976e-05,0.06853718310594559,0.914408802986145
2764,3,3,0.0003517754084896296,3.613863100326853e-06,0.0015161007177084684,0.9981285929679871
2765,2,2,0.03399880975484848,9.208515621139668e-06,0.9658917784690857,0.00010013042628997937
2766,3,3,0.0604359470307827,0.014837137423455715,0.20421098172664642,0.7205159664154053
2767,3,2,0.15733681619167328,0.0005815226468257606,0.5025400519371033,0.33954158425331116
2768,2,2,0.01679105870425701,1.5594421711284667e-05,0.9321385025978088,0.05105481669306755
2769,0,0,0.999423623085022,6.631159340031445e-05,2.7174623028258793e-05,0.0004829342069569975
2770,3,3,0.0590459369122982,0.1974334567785263,0.021036282181739807,0.7224843502044678
2771,2,2,0.030550573021173477,0.08130637556314468,0.8423438668251038,0.04579917713999748
2772,2,2,0.03159898519515991,4.2324023524997756e-05,0.8982232809066772,0.07013542950153351
2773,3,3,1.17901424800948e-06,7.247400013454808e-09,0.05767204239964485,0.9423267841339111
2774,1,1,1.6997338434521225e-06,0.999995231628418,2.7825260531244567e-06,2.649326518167072e-07
2775,2,2,0.03616393730044365,0.014623279683291912,0.9433435797691345,0.005869266111403704
2776,3,3,6.843533356004627e-06,2.524320734664798e-07,0.001009173458442092,0.9989836812019348
2777,1,1,0.007252459414303303,0.9912181496620178,0.0009329369640909135,0.0005965377786196768
2778,3,2,0.0013877182500436902,2.0451605450944044e-05,0.5644506216049194,0.4341411888599396
2779,3,3,0.0012231160653755069,0.0014498007949441671,0.04506479948759079,0.952262282371521
2780,3,3,0.004202153999358416,2.500097434676718e-05,0.010688446462154388,0.9850843548774719
2781,0,0,0.9992151260375977,8.811294719635043e-06,1.5598745903844247e-06,0.0007744639879092574
2782,1,1,0.0063249655067920685,0.9913382530212402,0.0006379162077791989,0.0016989639261737466
2783,2,2,0.025597628206014633,0.0010501113720238209,0.9537166953086853,0.019635546952486038
2784,1,1,1.1040665413020179e-05,0.9999836683273315,4.401216301630484e-06,7.98861435669096e-07
2785,3,3,2.2696492578688776e-06,3.516402387049311e-07,3.026146805495955e-05,0.999967098236084
2786,2,2,0.36500680446624756,0.0013732969528064132,0.5998003482818604,0.033819492906332016
2787,3,3,0.003013473004102707,0.08540469408035278,0.014300924725830555,0.8972808718681335
2788,3,3,0.0014737076126039028,0.00016836953000165522,0.004062887281179428,0.994295060634613
2789,2,2,0.05677736550569534,5.011504072172102e-06,0.9431059956550598,0.00011165575415361673
2790,3,3,0.002593510551378131,0.0002581051376182586,0.09439846873283386,0.9027499556541443
2791,2,2,0.008160997182130814,0.0026838325429707766,0.9824441075325012,0.006710998713970184
2792,3,3,3.041341642529005e-06,1.2165389762230916e-07,0.0013034474104642868,0.9986934065818787
2793,1,1,5.615176519313536e-07,0.9999964237213135,2.534058012315654e-06,4.394890140702046e-07
2794,1,1,0.035078998655080795,0.9560551047325134,1.7966754967346787e-05,0.00884798914194107
2795,2,2,0.001332892687059939,3.467215719865635e-05,0.9800043702125549,0.018628161400556564
2796,3,3,0.0057989624328911304,2.3105934815248474e-05,0.11397089064121246,0.8802070021629333
2797,3,3,0.0005315511371009052,3.885537807946093e-06,0.0016946771647781134,0.997769832611084
2798,1,1,0.01398618146777153,0.9847601056098938,0.0003843420709017664,0.0008693630807101727
2799,3,3,5.148696136103581e-09,1.17423293310992e-09,1.0785287685166622e-07,0.9999998807907104
2800,3,3,0.03940237686038017,0.0011540675768628716,0.0020101007539778948,0.9574334621429443
2801,3,3,0.0003521928156260401,0.00019131114822812378,7.638616807525977e-05,0.9993801116943359
2802,0,0,0.9999982118606567,9.339744977410191e-09,2.9691783254293114e-08,1.7290680034420802e-06
2803,1,1,0.0009898317512124777,0.9986357092857361,0.00027145291096530855,0.00010295165702700615
2804,3,3,1.3507481071428629e-06,1.8505813841329655e-06,0.0013038404285907745,0.9986929297447205
2805,3,2,0.023501845076680183,0.002762911841273308,0.9197124242782593,0.05402277037501335
2806,3,2,0.01010113675147295,0.0002172657405026257,0.9220454096794128,0.06763625144958496
2807,3,3,2.2580213681067107e-06,8.361634229459014e-08,7.61053456699301e-07,0.9999969005584717
2808,0,0,0.980899453163147,0.001334944972768426,0.011628673411905766,0.006136856973171234
2809,1,1,0.01061949972063303,0.9890861511230469,0.0002150659856852144,7.928725244710222e-05
2810,3,3,0.007825037464499474,0.003902027616277337,0.00011467689910205081,0.9881582856178284
2811,3,3,0.001340825343504548,1.956360165422666e-06,0.31122925877571106,0.6874279975891113
2812,3,3,0.011763080023229122,0.013886387459933758,0.09451737999916077,0.8798331618309021
2813,3,3,0.005120185203850269,0.04129432886838913,0.12910686433315277,0.8244785666465759
2814,0,0,0.9925570487976074,0.001497415592893958,0.0025437059812247753,0.00340179237537086
2815,2,2,0.08898025751113892,0.0011346436804160476,0.9050880670547485,0.004796944558620453
2816,2,2,0.001794534968212247,0.00014128524344414473,0.9961528182029724,0.0019112720619887114
2817,0,0,0.7546069622039795,0.00028609627042897046,0.0047000437043607235,0.24040690064430237
2818,3,3,0.005107973702251911,2.640927050379105e-06,0.0025288015604019165,0.9923606514930725
2819,0,0,0.778797447681427,0.00046632796875201166,0.06632652133703232,0.15440978109836578
2820,1,1,0.0007537083001807332,0.9989914298057556,0.0002503737050574273,4.503749096329557e-06
2821,1,1,0.000108801614260301,0.9989466071128845,6.143617065390572e-05,0.0008831057930365205
2822,0,2,0.005761234555393457,0.003170804353430867,0.9816790223121643,0.009388916194438934
2823,2,2,0.0014708718517795205,1.1029033885279205e-05,0.9938513040542603,0.004666793160140514
2824,0,0,0.9999912977218628,1.2843091781178373e-06,3.3988462746492587e-06,3.981353984272573e-06
2825,1,1,0.01564779132604599,0.9836386442184448,0.000510570767801255,0.0002029861498158425
2826,1,1,3.716442734003067e-05,0.9998995065689087,4.033737423014827e-05,2.3024371330393478e-05
2827,2,2,0.011676931753754616,0.00010878580360440537,0.9578549265861511,0.030359379947185516
2828,2,3,4.485562021727674e-05,9.919484682541224e-07,0.05688280612230301,0.9430713057518005
2829,1,1,0.028647102415561676,0.9565371870994568,0.014271777123212814,0.0005439168307930231
2830,0,0,0.9979865550994873,0.00041937516652978957,0.00012165647785877809,0.0014723404310643673
2831,3,3,0.002607474336400628,0.03555367887020111,0.02802320569753647,0.9338156580924988
2832,1,1,2.6784100555232726e-05,0.9999725818634033,5.493277512869099e-07,1.317913955745098e-07
2833,3,0,0.9584752321243286,0.006985215470194817,0.0017968111205846071,0.03274264559149742
2834,0,0,0.9986881613731384,0.00010579317313386127,0.0009185393573716283,0.0002875707286875695
2835,2,2,0.0011510790791362524,0.00021179784380365163,0.9913359880447388,0.007301160134375095
2836,2,2,0.002301272936165333,9.903747559292242e-05,0.9076471328735352,0.08995253592729568
2837,1,1,0.007785537280142307,0.992194652557373,1.303961926168995e-05,6.702466180286137e-06
2838,0,0,0.9999980926513672,1.1452208070750203e-07,2.2003487032407065e-08,1.7456962950745947e-06
2839,0,0,0.9951926469802856,0.003901097225025296,0.00048576827975921333,0.0004205060249660164
2840,0,0,0.9999998807907104,2.288505607239699e-09,3.0554001995142244e-08,6.213335979055046e-08
2841,2,2,0.0021839230321347713,9.014165698317811e-06,0.9973268508911133,0.00048023840645328164
2842,3,3,8.862857794156298e-05,3.3165502344445486e-08,4.2581596062518656e-05,0.9998687505722046
2843,2,2,9.309784945799038e-05,9.656788506617886e-07,0.9998883008956909,1.761967723723501e-05
2844,3,3,0.0004977220669388771,8.14957638795022e-06,0.04084821417927742,0.9586458802223206
2845,1,1,0.003415370127186179,0.9963651895523071,5.181284359423444e-05,0.00016763490566518158
2846,0,3,0.4853106737136841,0.0007213572971522808,0.014859816990792751,0.49910810589790344
2847,0,0,0.5200936198234558,0.0002669125678949058,0.4759427607059479,0.0036967135965824127
2848,3,2,0.0007613300113007426,0.0003149217227473855,0.7721567749977112,0.22676698863506317
2849,3,3,2.34081468875047e-07,7.923383726904376e-09,8.708158020453993e-06,0.9999910593032837
2850,3,2,0.0019013786222785711,4.478123628359754e-06,0.7020869851112366,0.2960071265697479
2851,2,2,0.00846279226243496,6.3435290940105915e-06,0.9528485536575317,0.03868229314684868
2852,2,2,5.95120363868773e-05,5.7795764405454975e-06,0.9994623064994812,0.000472498795716092
2853,0,0,0.9999581575393677,3.365128577570431e-05,5.531838382921705e-07,7.650528459635098e-06
2854,3,3,0.008731553331017494,0.00011479690874693915,0.31195852160453796,0.6791951060295105
2855,0,0,0.9999661445617676,5.124487870489247e-06,2.3118120225262828e-05,5.561390935326926e-06
2856,3,2,0.000240385634242557,1.0465217883393052e-06,0.698910653591156,0.30084794759750366
2857,2,3,0.026401694864034653,0.008075391873717308,0.06481533497571945,0.9007076025009155
2858,1,1,0.0008901301771402359,0.9984390139579773,0.0005940797855146229,7.677742542000487e-05
2859,1,1,0.005936012137681246,0.989316999912262,0.0027265932876616716,0.002020312240347266
2860,0,0,0.9956474900245667,0.0011649682419374585,0.0007315532420761883,0.002455971436575055
2861,3,3,5.688561577699147e-05,7.559282266811351e-07,0.013404269702732563,0.9865381717681885
2862,3,3,1.2857275244471111e-08,1.3347125626950174e-09,1.3974095054436475e-05,0.9999860525131226
2863,1,1,1.0876757187361363e-05,0.9999886751174927,8.433862497270184e-09,5.168849384062923e-07
2864,3,3,0.0031125943642109632,9.774677164386958e-05,0.011075538583099842,0.9857140779495239
2865,0,0,0.9971213936805725,1.20528575280332e-05,0.001893657841719687,0.0009728418081067502
2866,2,2,0.0008684266940690577,4.367741723854124e-08,0.9990994930267334,3.205637403880246e-05
2867,2,2,0.0019410682143643498,0.014312613755464554,0.9125610589981079,0.07118525356054306
2868,3,2,0.00043673437903635204,2.2571721274289303e-05,0.7922925353050232,0.20724813640117645
2869,2,2,0.00011564109445316717,1.2048980124745867e-06,0.999821126461029,6.208562263054773e-05
2870,1,1,0.0004620259569492191,0.9994238615036011,0.00010703208681661636,7.106531484168954e-06
2871,1,1,0.00012737199722323567,0.9997591376304626,0.00010685051529435441,6.624708930758061e-06
2872,1,1,0.0026039956137537956,0.9960569143295288,0.0008509571198374033,0.00048812819295562804
2873,2,2,0.0026194399688392878,1.387544944009278e-05,0.5467860102653503,0.4505806863307953
2874,1,1,0.0007554197800345719,0.9944562315940857,0.0015929221408441663,0.0031955235172063112
2875,2,2,0.0005258267046883702,5.193176548345946e-06,0.9914982914924622,0.007970605045557022
2876,1,1,0.0005165920010767877,0.9994614720344543,2.836384055626695e-06,1.9027887901756912e-05
2877,3,3,0.005450710188597441,0.0006534495041705668,0.013483446091413498,0.9804123640060425
2878,2,2,0.0013149012811481953,0.0007694976520724595,0.9963374137878418,0.0015782013069838285
2879,3,2,0.011924868449568748,0.014596881344914436,0.7166691422462463,0.2568090856075287
2880,1,1,0.000372160691767931,0.9995296001434326,6.981807382544503e-05,2.8489059332059696e-05
2881,0,0,0.9999547004699707,8.158627906595939e-07,1.674401937634684e-05,2.7778120056609623e-05
2882,3,3,5.6294647947652265e-05,6.841606250418408e-07,0.004492069594562054,0.9954509139060974
2883,0,0,0.9987843632698059,8.49850766826421e-05,0.0007599813980050385,0.00037063320633023977
2884,0,0,0.9986696243286133,8.869868906913325e-06,0.0003796076634898782,0.0009419191046617925
2885,3,3,0.036571286618709564,0.001158970408141613,2.1212630599620752e-05,0.9622485041618347
2886,3,3,2.3417653210344724e-05,6.384206062648445e-05,0.057630907744169235,0.9422819018363953
2887,1,1,0.044257815927267075,0.9538329839706421,0.0013540005311369896,0.0005551861831918359
2888,1,1,0.01132978405803442,0.9880363941192627,0.0003754405479412526,0.0002584332542028278
2889,1,1,9.155980660580099e-05,0.9997082352638245,5.435932962427614e-06,0.0001947873824974522
2890,1,1,0.00017351772112306207,0.9991004467010498,0.0006776626687496901,4.831716069020331e-05
2891,1,1,4.904205525235739e-06,0.9999949932098389,4.8715889988670824e-08,2.0394407940216297e-08
2892,1,1,0.0005990116624161601,0.9993916749954224,3.05253752230783e-06,6.235739419935271e-06
2893,1,1,0.032371774315834045,0.9546765089035034,0.002914904849603772,0.010036862455308437
2894,3,3,0.0023630892392247915,0.00010082166409119964,0.01313107181340456,0.9844051003456116
2895,1,1,0.008799166418612003,0.9909892678260803,4.522429662756622e-05,0.00016637574299238622
2896,1,1,0.0005943788564763963,0.9994014501571655,7.145941367525666e-07,3.4144024994020583e-06
2897,2,2,1.5758452718728222e-05,5.685472359573396e-08,0.9999841451644897,3.775836532327048e-08
2898,1,1,0.0025990402791649103,0.9133950471878052,0.000817069667391479,0.08318883925676346
2899,2,2,7.282882870640606e-05,3.3270393942075316e-06,0.9999164342880249,7.4527579272398725e-06
2900,1,1,0.00021037271653767675,0.9997876286506653,8.21071239442972e-07,1.2089506071788492e-06
2901,0,0,0.9999946355819702,1.465156515223498e-06,1.3994480241308338e-06,2.4810360628180206e-06
2902,3,3,0.003104123054072261,0.0002136899420293048,0.0007133724866434932,0.9959688186645508
2903,0,0,0.8668498396873474,0.01605152152478695,0.07005853205919266,0.04704008996486664
2904,1,1,0.0014574512606486678,0.997955322265625,0.00011460090172477067,0.00047262845328077674
2905,1,1,0.0008859325898811221,0.9991105198860168,1.241236532223411e-06,2.242572236355045e-06
2906,0,0,0.9996204376220703,6.040227162884548e-06,0.00011062762496294454,0.0002629600348882377
2907,1,1,0.00017083398415707052,0.999701201915741,9.377128299092874e-05,3.416901017772034e-05
2908,1,1,0.025450104847550392,0.8824917078018188,0.020680075511336327,0.07137803733348846
2909,2,2,0.031985655426979065,0.00014738875324837863,0.9644997119903564,0.003367222845554352
2910,3,3,0.0012127188965678215,4.168655777903041e-06,0.08361563086509705,0.9151674509048462
2911,0,0,0.999975323677063,8.958223816080135e-07,3.1590950584359234e-06,2.0574934751493856e-05
2912,0,0,0.9762430787086487,0.00016107749252114445,0.01769084297120571,0.0059049385599792
2913,3,3,0.4123857617378235,0.0018658251501619816,0.08986150473356247,0.495886892080307
2914,2,3,0.0005613238317891955,0.0036811691243201494,0.2340032011270523,0.7617542743682861
2915,3,3,0.0020942939445376396,0.00012993787822779268,0.000246662471909076,0.9975290894508362
2916,1,1,0.015655500814318657,0.98405522108078,8.27062685857527e-05,0.00020662383758462965
2917,1,1,0.001581015414558351,0.9983153343200684,2.6156256353715435e-05,7.746851042611524e-05
2918,3,3,0.00011734722647815943,2.417451696601347e-06,0.00018561919569037855,0.9996947050094604
2919,3,2,0.08406347781419754,9.417036380909849e-06,0.6128265261650085,0.3031005263328552
2920,0,0,0.9926702976226807,6.114363350206986e-05,2.1906329493504018e-05,0.007246673107147217
2921,0,0,0.9999514818191528,2.860554104699986e-07,4.687285763793625e-05,1.3823511153532309e-06
2922,2,2,0.07332953810691833,0.0005712481797672808,0.862998902797699,0.06310034543275833
2923,2,2,0.4420262277126312,0.0024011211935430765,0.537196695804596,0.018375925719738007
2924,1,1,0.005397647153586149,0.9892526268959045,0.001177097437903285,0.004172706510871649
2925,0,0,0.9906973838806152,4.7616037335274086e-08,0.00014904557610861957,0.009153526276350021
2926,3,3,0.004888379946351051,0.0040356009267270565,0.027019135653972626,0.9640569090843201
2927,1,1,0.011123375967144966,0.9883207082748413,0.00016963011876214296,0.0003863030578941107
2928,3,3,0.017789002507925034,0.00011547253234311938,0.022120382636785507,0.9599751234054565
2929,3,3,7.320782606257126e-05,7.967453711898997e-06,1.6128315110108815e-05,0.9999027252197266
2930,3,3,2.8631222903641174e-07,4.002645770384561e-09,0.0016395151615142822,0.9983602166175842
2931,3,3,0.00040786463068798184,5.133555532665923e-06,2.7305886760586873e-05,0.9995597004890442
2932,2,3,0.007459943648427725,0.00032275720150209963,0.0884743258357048,0.9037429690361023
2933,1,1,0.029480021446943283,0.970499575138092,7.937068744467979e-07,1.9643450286821462e-05
2934,1,1,0.00013419838796835393,0.9968394041061401,0.0003171966236550361,0.0027090918738394976
2935,2,3,0.0011818790808320045,3.8054848118918017e-05,0.41741055250167847,0.5813694596290588
2936,3,3,8.601625722803874e-07,2.6257366698700935e-06,6.889548239996657e-05,0.9999276399612427
2937,2,2,1.1574667041713838e-05,1.841963967308402e-05,0.9999464750289917,2.3496186258853413e-05
2938,2,2,0.0031116914469748735,0.003049274440854788,0.7122505903244019,0.28158849477767944
2939,2,3,5.567426705965772e-05,2.242864205470596e-08,0.04470391198992729,0.9552404284477234
2940,2,2,0.0007762245950289071,3.9343151001958176e-05,0.7590190768241882,0.24016538262367249
2941,3,3,0.00010117758938577026,8.949908902877723e-08,2.74297872238094e-06,0.9998959302902222
2942,1,1,0.0017666752682998776,0.9973052740097046,0.0005003472906537354,0.0004276920226402581
2943,1,1,5.6442106142640114e-05,0.9999371767044067,4.558173259283649e-06,1.7915517673827708e-06
2944,0,2,0.02560015581548214,6.544759116877685e-07,0.9742675423622131,0.00013167150609660894
2945,2,0,0.7090520858764648,0.008355910889804363,0.2718517482280731,0.010740319266915321
2946,3,3,0.026851711794734,0.0018810727633535862,0.1314609795808792,0.8398061990737915
2947,0,0,0.9980143308639526,0.00060410046717152,3.9315771573456004e-05,0.0013423033524304628
2948,3,3,0.00035406980896368623,1.3289272260408325e-07,3.1583265808876604e-05,0.9996142387390137
2949,3,3,0.012957577593624592,1.7234500546692288e-06,0.017424175515770912,0.9696164727210999
2950,1,1,0.0019346189219504595,0.9980096220970154,4.619969331542961e-05,9.602153113519307e-06
2951,1,1,0.03273940458893776,0.9327335357666016,0.015537324361503124,0.018989814445376396
2952,2,2,0.0002791957522276789,7.89585192251252e-06,0.5091301798820496,0.4905827045440674
2953,3,3,0.005892363842576742,0.0011301421327516437,0.0009857283439487219,0.9919918179512024
2954,1,1,6.530346581712365e-05,0.9966788291931152,0.0009010281064547598,0.0023549324832856655
2955,3,3,6.144411599962041e-06,1.309152963813176e-08,6.064756234991364e-05,0.9999332427978516
2956,0,0,0.9995595812797546,6.12472490502114e-08,0.0003681888338178396,7.219413237180561e-05
2957,2,2,0.026023048907518387,1.817821066651959e-05,0.9665592312812805,0.007399538066238165
2958,3,3,0.00041469139978289604,7.034705049591139e-07,0.27735525369644165,0.7222294211387634
2959,0,0,0.9987941980361938,9.162749279312266e-07,0.0005432154866866767,0.0006616696482524276
2960,1,1,0.00021843373542651534,0.9993686079978943,0.0003598647890612483,5.3116011258680373e-05
2961,1,1,0.007028253749012947,0.9925999641418457,0.00016864543431438506,0.00020317667804192752
2962,3,3,6.862308509880677e-05,8.58783089086046e-09,0.037607625126838684,0.962323784828186
2963,1,1,1.8334445428536128e-07,0.9999997615814209,1.887405787215357e-09,1.1983793957170974e-09
2964,0,0,0.9988709092140198,7.643023127457127e-05,0.0007272018119692802,0.0003254056500736624
2965,3,3,0.0004521486407611519,4.143075784668326e-06,3.428745912970044e-05,0.999509334564209
2966,0,0,0.9972794651985168,8.488902494718786e-06,7.36959555069916e-05,0.0026383569929748774
2967,2,2,0.0009405064629390836,0.00017635681433603168,0.998084306716919,0.0007988165598362684
2968,0,0,0.9725847840309143,0.00042724609375,0.003729672636836767,0.023258306086063385
2969,3,3,8.462317782687023e-05,3.9744893001625314e-05,0.018310945481061935,0.9815647006034851
2970,2,2,0.0004047498223371804,0.0005470278556458652,0.9969778060913086,0.002070395043119788
2971,2,2,0.1273219734430313,0.00030901323771104217,0.8637167811393738,0.008652320131659508
2972,1,1,0.00010334973921999335,0.9998323917388916,5.734155638492666e-05,6.926649803062901e-06
2973,0,0,0.9738661050796509,0.0002515045343898237,0.013915825635194778,0.011966518126428127
2974,2,2,0.00012722515384666622,2.2798262762080412e-06,0.9998511075973511,1.9376711861696094e-05
2975,2,2,0.0005069799371995032,5.044517365604406e-06,0.9985608458518982,0.0009271096787415445
2976,0,3,0.12861154973506927,0.000213123596040532,0.040401995182037354,0.8307732939720154
2977,0,0,0.9999997615814209,2.6498841521060967e-07,4.866882896692459e-09,2.0992347415926815e-08
2978,2,2,0.039429761469364166,0.00052797538228333,0.9546961784362793,0.005346029531210661
2979,3,3,2.343545247640577e-06,1.0817634787940733e-08,0.006398574449121952,0.9935990571975708
2980,1,1,7.018956580395752e-07,0.9999991655349731,1.3304371293543227e-07,3.498623968312131e-08
2981,2,2,0.009488712064921856,0.00021988459047861397,0.9439224600791931,0.046368952840566635
2982,3,3,2.5016777726705186e-05,7.239144395043695e-08,0.23092132806777954,0.76905357837677
2983,0,0,0.9521409869194031,0.04241136461496353,0.00010460872726980597,0.005342988297343254
2984,0,0,0.9765119552612305,0.016064291819930077,0.0027672189753502607,0.0046565942466259
2985,2,2,0.06744837760925293,0.0022498364560306072,0.9201968312263489,0.010105044580996037
2986,2,2,0.00037049895036034286,3.741357068065554e-05,0.995708703994751,0.0038833883590996265
2987,2,2,0.007550181820988655,0.0014241257449612021,0.9705671668052673,0.020458506420254707
2988,2,2,0.0016136846970766783,1.3626251984533155e-06,0.9982395172119141,0.00014544617442879826
2989,0,0,0.9999399185180664,8.232884738390567e-07,4.987245574739063e-06,5.428532313089818e-05
2990,0,0,0.9996248483657837,5.7344440307360856e-08,0.00020216098346281797,0.00017299546743743122
2991,1,1,0.017873167991638184,0.9818877577781677,2.5412400646018796e-06,0.00023654183314647526
2992,1,1,0.002215328859165311,0.997717022895813,4.9565012886887416e-05,1.805384090403095e-05
2993,0,0,0.9495331645011902,0.01745857484638691,0.019001400098204613,0.014006837271153927
2994,1,1,0.00022646627621725202,0.9989269375801086,0.000782969465944916,6.36049298918806e-05
2995,1,1,0.00017231746460311115,0.9989295601844788,0.0008441495592705905,5.399489600677043e-05
2996,0,0,0.9983295798301697,5.811195933347335e-06,5.9970272559439763e-05,0.001604648306965828
2997,0,0,0.9999634027481079,4.3731324694817886e-06,3.2201141948462464e-06,2.8987968107685447e-05
2998,1,1,0.0001745190966175869,0.999821126461029,5.750804277226962e-09,4.454189365787897e-06
2999,0,0,0.9953476786613464,0.0012903537135571241,0.0002654599375091493,0.003096562111750245
3000,1,1,0.0016066461103037,0.9983541965484619,1.0292237675457727e-05,2.889966890506912e-05
3001,2,2,0.0023302033077925444,0.00164828693959862,0.7292414903640747,0.26677998900413513
3002,1,1,0.004183840472251177,0.992016077041626,0.0017535615479573607,0.0020465669222176075
3003,2,2,0.004754425026476383,0.00024734754697419703,0.990757942199707,0.004240254405885935
3004,3,3,3.542363629094325e-05,2.588499969924385e-10,3.221219458282576e-06,0.9999613761901855
3005,2,2,0.04758117347955704,0.015209253877401352,0.6657599210739136,0.2714496850967407
3006,0,0,0.9997872710227966,3.216216282453388e-05,1.5624600564478897e-05,0.00016496976604685187
3007,1,1,0.00767572782933712,0.9919352531433105,0.00027856940869241953,0.00011039694800274447
3008,2,2,0.44186535477638245,0.005553014576435089,0.5308288335800171,0.021752825006842613
3009,1,1,0.04880531132221222,0.9496257305145264,0.0012461142614483833,0.0003228063287679106
3010,2,2,0.0016070832498371601,5.883892299607396e-05,0.9983177185058594,1.6378418877138756e-05
3011,2,2,0.0026290675159543753,1.4629481484007556e-05,0.9963010549545288,0.0010552606545388699
3012,3,3,0.004218185320496559,0.0018221066566184163,0.00329035148024559,0.9906693696975708
3013,0,0,0.9932160973548889,0.0014305919175967574,0.0036340465303510427,0.0017192416125908494
3014,2,2,0.05283844470977783,1.067359607986873e-05,0.9404172301292419,0.006733621936291456
3015,1,1,0.003986947704106569,0.9942207336425781,0.0010150213493034244,0.0007774192490614951
3016,2,2,0.11529965698719025,0.00023049110313877463,0.8843033909797668,0.00016653710918035358
3017,2,2,0.08172153681516647,0.0018689767457544804,0.869303822517395,0.04710574448108673
3018,1,1,0.0019352202070876956,0.9980531930923462,4.645960984817066e-07,1.1196959349035751e-05
3019,0,0,0.9964367151260376,0.0007298346608877182,0.001669420045800507,0.0011641094461083412
3020,2,2,0.002846552524715662,0.0008916276274248958,0.9920863509178162,0.0041755205020308495
3021,0,0,0.9978773593902588,3.051927706110291e-05,0.0017163712764158845,0.0003757350204978138
3022,1,1,3.879869154843618e-07,0.9999157190322876,4.8485562729183584e-05,3.538089731591754e-05
3023,2,2,0.08496116101741791,0.0010442649945616722,0.9016823768615723,0.01231215987354517
3024,1,1,0.0005443362751975656,0.9993128776550293,8.797399641480297e-05,5.473975761560723e-05
3025,2,2,0.0644705519080162,0.0027376562356948853,0.9262339472770691,0.006557948421686888
3026,1,1,1.0077716069645248e-05,0.9998171925544739,0.0001146213908214122,5.819419675390236e-05
3027,3,3,0.0010507241822779179,0.0007831534603610635,0.42723414301872253,0.5709320306777954
3028,1,1,4.3613649722828995e-06,0.9999927282333374,1.9336264358571498e-06,9.167001167043054e-07
3029,1,1,0.07642411440610886,0.9230696558952332,9.454436076339334e-05,0.0004116752534173429
3030,1,1,0.0003059495356865227,0.9996893405914307,1.983694808416203e-08,4.724645350506762e-06
3031,1,1,1.6488440905959578e-06,0.9999983310699463,1.5778266471144775e-09,1.8033651238980042e-09
3032,1,1,8.281640475615859e-05,0.9891685247421265,0.001849832246080041,0.008898819796741009
3033,0,0,0.9995208978652954,1.1818361599580385e-05,0.00021055420802440494,0.00025677517987787724
3034,3,3,0.00012642203364521265,7.526528861490078e-06,0.0018833434442058206,0.9979827404022217
3035,2,3,0.00017578277038410306,0.0001463342778151855,0.020517151802778244,0.979160726070404
3036,1,1,0.01893020235002041,0.9764352440834045,0.0010736541589722037,0.003560858080163598
3037,1,1,0.016702774912118912,0.9832740426063538,1.2195630006317515e-05,1.1040196113754064e-05
3038,3,3,0.001555764232762158,0.0003236567135900259,0.0113180261105299,0.9868026375770569
3039,0,0,0.9198423624038696,0.0005033256020396948,0.06331586092710495,0.016338517889380455
3040,0,0,0.9788699150085449,0.01646222360432148,0.0001111381861846894,0.004556741565465927
3041,0,0,0.9997813105583191,1.825163053581491e-05,5.018877800466726e-06,0.0001954883337020874
3042,0,0,0.9872133135795593,0.00020429720461834222,0.01245502196252346,0.00012729443551506847
3043,1,1,0.033703360706567764,0.9555986523628235,0.005492064636200666,0.005205973982810974
3044,0,0,0.9788495898246765,0.0034707053564488888,0.015928713604807854,0.0017509616445749998
3045,2,2,0.061752863228321075,0.009400160051882267,0.9174887537956238,0.011358218267560005
3046,1,1,0.0014425332192331553,0.9944778680801392,0.0037671909667551517,0.00031235223286785185
3047,1,1,0.005677610635757446,0.8817753791809082,0.0027766090352088213,0.10977037996053696
3048,0,0,0.9982158541679382,3.358711182954721e-05,0.001616193912923336,0.0001342681352980435
3049,1,0,0.9643117785453796,0.03283287584781647,0.0027100055012851954,0.00014526509039569646
3050,1,1,1.796940341591835e-05,0.9999445676803589,2.3820719434297644e-05,1.3590251910500228e-05
3051,2,2,0.006757418159395456,0.0004398389719426632,0.990088939666748,0.0027137012220919132
3052,2,2,0.3991994559764862,0.0253708865493536,0.5111051797866821,0.06432446837425232
3053,1,1,1.479849834140623e-05,0.9999582767486572,2.5365958208567463e-05,1.5490151099584182e-06
3054,0,0,0.9999716281890869,2.271083212690428e-05,1.718794464977691e-06,4.026904207421467e-06
3055,2,2,0.002385656349360943,0.000624984095338732,0.9939665794372559,0.003022767836228013
3056,3,3,0.0005237670266069472,9.509172741672955e-06,2.5589090000721626e-05,0.9994410872459412
3057,3,0,0.6380991339683533,0.00011750683916034177,0.017663128674030304,0.34412017464637756
3058,0,0,0.9998383522033691,9.795981895877048e-06,7.911906141089275e-05,7.26421712897718e-05
3059,3,3,0.0006104097701609135,0.0001401523913955316,0.06434473395347595,0.9349046945571899
3060,3,2,0.005749864969402552,0.05391055718064308,0.8687545657157898,0.07158505916595459
3061,0,0,0.9999984502792358,4.545790854848519e-09,1.1484427204777603e-06,3.0421563224081183e-07
3062,0,2,0.1858035922050476,8.969777991296723e-05,0.7697029113769531,0.0444038026034832
3063,0,1,0.05247154459357262,0.9474197626113892,6.865949399070814e-05,3.993933569290675e-05
3064,0,0,0.9958048462867737,2.480953116901219e-05,0.003961218986660242,0.00020921719260513783
3065,1,1,2.8268847017898224e-05,0.9999569654464722,1.4538958566845395e-05,2.7103121169602673e-07
3066,1,1,0.004794742446392775,0.9948477745056152,0.00030469437479041517,5.277502350509167e-05
3067,2,2,0.030455050989985466,0.0002385854022577405,0.9621940851211548,0.007112340070307255
3068,3,3,0.27224209904670715,0.00042074458906427026,0.025692684575915337,0.7016444802284241
3069,2,2,0.001389792189002037,0.0015079097356647253,0.9953253269195557,0.0017769592814147472
3070,2,2,0.22873373329639435,0.00020088649762328714,0.7676053643226624,0.003459950676187873
3071,1,1,2.0852046873187646e-05,0.9999243021011353,2.69049469352467e-05,2.7885249437531456e-05
3072,1,1,0.0001818538730731234,0.9986900687217712,0.00063981709536165,0.0004882882349193096
3073,3,3,1.9453669665381312e-05,0.0015153667191043496,0.0063578118570148945,0.9921073317527771
3074,1,1,0.13488055765628815,0.8627381324768066,0.0012232481967657804,0.0011580807622522116
3075,0,0,0.999460756778717,2.8653932531597093e-05,0.0004872232093475759,2.339526872674469e-05
3076,2,2,0.003748736111447215,0.0031315097585320473,0.7668491005897522,0.22627060115337372
3077,2,1,0.00265126908197999,0.9966877102851868,0.0006367568275891244,2.419725205982104e-05
3078,2,2,0.0022362852469086647,0.0017253056867048144,0.9908930063247681,0.005145339295268059
3079,1,1,0.0002146867336705327,0.9990596175193787,1.1460090718173888e-05,0.000714178488124162
3080,3,3,0.02068495564162731,0.0013010979164391756,0.00028636876959353685,0.9777275323867798
3081,0,0,0.9939669370651245,0.000177378547959961,0.004344030283391476,0.0015116323484107852
3082,0,0,0.999964714050293,4.984482984582428e-06,1.9059647456742823e-05,1.126771530834958e-05
3083,2,2,0.02144637331366539,6.471848791989032e-06,0.9783676266670227,0.0001795492134988308
3084,2,2,0.007381373085081577,9.125507494900376e-05,0.9888712763786316,0.0036560664884746075
3085,0,0,0.9988135099411011,5.852726644661743e-06,0.000920743856113404,0.00025984947569668293
3086,2,2,0.0012108840746805072,0.00016747842892073095,0.9494767189025879,0.049144864082336426
3087,3,3,6.443247002607677e-06,4.142765988035535e-07,0.00048752050497569144,0.9995056390762329
3088,1,1,0.01369017455726862,0.958159863948822,0.005093628074973822,0.023056261241436005
3089,3,3,0.000463558011688292,4.73458094347734e-05,0.23554083704948425,0.7639482617378235
3090,3,3,9.844826126936823e-05,2.0663591726588493e-08,0.4680917263031006,0.5318098068237305
3091,3,1,0.015353118069469929,0.8850318789482117,0.01854214072227478,0.08107289671897888
3092,1,1,0.06577251851558685,0.933902382850647,2.961560858238954e-05,0.000295416044536978
3093,0,0,0.9832578301429749,0.0006946546491235495,0.011135131120681763,0.0049123987555503845
3094,1,1,1.2357741070445627e-05,0.9999872446060181,1.8781316502014533e-09,4.090415188784391e-07
3095,1,1,0.00026837133918888867,0.9997184872627258,5.8019859352498315e-06,7.238683338073315e-06
3096,2,2,0.00024391103943344206,2.0944020434399135e-05,0.9956430196762085,0.004092079121619463
3097,3,3,0.0007828823290765285,0.0007597709773108363,0.023615065962076187,0.9748422503471375
3098,2,2,0.0007296556141227484,6.393966032192111e-06,0.9962169528007507,0.003047018079087138
3099,3,3,0.00011965711019001901,1.99592409444449e-06,3.891868982464075e-05,0.9998394250869751
3100,3,3,1.1474477332740207e-06,4.924213862977922e-05,0.0003076850262004882,0.9996418952941895
3101,2,2,2.4923258479248034e-07,6.620395254230971e-08,0.999997615814209,2.114359631377738e-06
3102,0,0,0.9924012422561646,0.0001839442120399326,0.004475485533475876,0.0029393008444458246
3103,3,3,0.03665386885404587,0.02857290767133236,0.023666424676775932,0.9111068248748779
3104,2,2,1.355476888420526e-05,6.531243457175151e-07,0.9999128580093384,7.291606743820012e-05
3105,2,2,0.0008835553890094161,2.823374245508603e-07,0.9988000392913818,0.0003160674241371453
3106,0,0,0.9999884366989136,4.897123062619357e-07,3.1334894856627216e-07,1.0732007467595395e-05
3107,3,3,0.015740280970931053,8.516003435943276e-05,0.12445634603500366,0.8597181439399719
3108,0,0,0.9515738487243652,0.00018288614228367805,0.008775505237281322,0.03946763649582863
3109,3,3,0.0036351862363517284,0.04912766069173813,0.06473003327846527,0.8825070261955261
3110,3,3,0.00025981973158195615,6.55450271835889e-09,0.0876765176653862,0.9120636582374573
3111,0,0,0.9975441098213196,8.16375104477629e-05,0.0015378299867734313,0.0008364390232600272
3112,2,2,9.849130037764553e-06,9.731407999424846e-07,0.9999438524246216,4.531459489953704e-05
3113,0,0,0.996060311794281,2.0370800484670326e-05,0.00346929207444191,0.0004499644855968654
3114,3,3,0.00012854058877564967,4.1767370362322254e-07,0.0011796251637861133,0.9986913800239563
3115,2,3,0.0009061858290806413,1.895698187581729e-05,0.24537722766399384,0.7536976337432861
3116,3,2,0.05069686844944954,0.0007840815233066678,0.91547030210495,0.03304872289299965
3117,1,1,0.047724850475788116,0.9489262700080872,0.0017969446489587426,0.0015518845757469535
3118,0,0,0.9997288584709167,2.27709133469034e-05,0.00020689016673713923,4.140957389608957e-05
3119,2,2,0.01384360808879137,0.002611603820696473,0.9463123679161072,0.037232402712106705
3120,3,3,0.00026600458659231663,3.0405603865801822e-06,1.9284785594209097e-05,0.9997115731239319
3121,2,2,0.0015472357627004385,9.561003935232293e-06,0.9948933124542236,0.003549927147105336
3122,0,0,0.9999852180480957,2.4925101982375963e-08,1.1893067721757689e-06,1.3518169907911215e-05
3123,0,0,0.99969482421875,2.532322684878352e-10,2.94930600830412e-07,0.00030493602389469743
3124,0,0,0.9734264016151428,1.749161100406127e-07,0.023946503177285194,0.002626909175887704
3125,3,3,0.004892501048743725,0.10934816300868988,0.3079529404640198,0.5778064727783203
3126,1,1,3.157994069624692e-05,0.9996806383132935,7.956609806569759e-06,0.0002798544301185757
3127,3,3,2.7380496248952113e-05,1.1089957752119517e-06,0.07952525466680527,0.9204462170600891
3128,2,2,0.0038182619027793407,0.00019109340792056173,0.8283026814460754,0.16768799722194672
3129,3,3,0.00048344669630751014,5.864845320502354e-07,0.08439653366804123,0.915119469165802
3130,2,2,0.0036129679065197706,0.07311642915010452,0.8303429484367371,0.09292765706777573
3131,1,1,0.002743150806054473,0.9969159364700317,0.00027938111452385783,6.153123104013503e-05
3132,0,0,0.9999918937683105,1.5742530479201378e-07,1.0128494665195831e-07,7.848280802136287e-06
3133,0,0,0.3937745690345764,0.0004002669302280992,0.38243240118026733,0.2233927845954895
3134,2,2,0.008286025375127792,5.659519956680015e-05,0.9706969857215881,0.02096031978726387
3135,2,2,0.004040223080664873,0.00011141697905259207,0.9941703081130981,0.0016780856531113386
3136,3,3,0.0003321634139865637,4.339172301115468e-05,0.0001580092794029042,0.9994664788246155
3137,3,3,0.24320095777511597,0.0038667593616992235,0.023119883611798286,0.7298124432563782
3138,0,0,0.9997391104698181,1.430490920029115e-05,3.366233431734145e-05,0.00021294534963089973
3139,3,3,0.00027401349507272243,2.484309152350761e-05,0.003062702249735594,0.9966384172439575
3140,3,3,1.366839910588169e-06,4.573426224396826e-07,0.002076340839266777,0.997921884059906
3141,3,3,0.016574688255786896,0.19868893921375275,0.33885642886161804,0.44587990641593933
3142,1,1,6.573244900209829e-05,0.9999039173126221,1.0518666385905817e-05,1.9746890757232904e-05
3143,0,0,0.9999963045120239,2.0683678485511336e-06,1.66056153716454e-07,1.4796994491916848e-06
3144,2,2,0.3059326410293579,0.026510432362556458,0.5747644305229187,0.09279251098632812
3145,3,3,0.0029244667384773493,0.001235234783962369,0.3998452425003052,0.5959950089454651
3146,3,3,0.0061755916103720665,8.108441988952109e-07,0.04431870952248573,0.9495049118995667
3147,0,3,0.41128915548324585,0.0022879145108163357,0.1251848042011261,0.4612380266189575
3148,1,1,0.00012783947749994695,0.9982153177261353,0.001494152587838471,0.00016263907309621572
3149,1,1,0.042384687811136246,0.9568262696266174,8.17045020085061e-07,0.0007881814381107688
3150,1,1,0.0010300016729161143,0.9989448189735413,7.349456154770451e-07,2.4409719117102213e-05
3151,0,0,1.0,1.7457886247740362e-09,4.14977989748877e-08,1.991633347131483e-08
3152,0,0,0.8654268980026245,0.09245769679546356,0.004472120199352503,0.03764329105615616
3153,0,0,0.9220917224884033,0.0013864913489669561,0.019964251667261124,0.056557513773441315
3154,1,1,0.002336328849196434,0.962433397769928,0.02128521539270878,0.013945084996521473
3155,3,2,0.10676540434360504,0.0029172722715884447,0.8470495939254761,0.043267667293548584
3156,2,3,0.0001120836241170764,4.604021341947373e-06,0.005152216646820307,0.994731068611145
3157,0,3,0.039847295731306076,0.00036717343027703464,0.0017671383684501052,0.9580183625221252
3158,2,2,0.00017154861416202039,1.4647891475760844e-05,0.9942032694816589,0.005610534455627203
3159,3,3,0.0033110554795712233,0.0012660638894885778,0.07122991979122162,0.9241929054260254
3160,1,1,0.007689719554036856,0.9913013577461243,0.0008034852216951549,0.00020549506007228047
3161,0,0,0.9982619881629944,0.00038072283496148884,0.0011753966100513935,0.00018193063442595303
3162,3,3,0.010571558028459549,0.00019050466653425246,0.00437699630856514,0.984860897064209
3163,0,2,0.14849673211574554,0.0023704366758465767,0.8455442190170288,0.003588559105992317
3164,0,0,0.8637860417366028,0.006681941449642181,0.08343898504972458,0.04609300568699837
3165,1,1,1.6519084965693764e-05,0.9999778270721436,4.1139765016851015e-06,1.5376898545582662e-06
3166,1,1,0.000529638840816915,0.9993360638618469,6.052273965906352e-05,7.369132799794897e-05
3167,0,0,0.9999988079071045,2.3930565862251285e-10,5.463589332066476e-07,5.965845275568427e-07
3168,3,3,0.005958294030278921,0.0019047483801841736,0.002390824491158128,0.98974609375
3169,0,0,0.9948824644088745,0.0002658001030795276,0.0047180429100990295,0.00013378019502852112
3170,2,3,0.02380734123289585,0.0003432190860621631,0.24975720047950745,0.7260922789573669
3171,2,2,0.0020956082735210657,6.646640395047143e-05,0.9948335886001587,0.0030043073929846287
3172,0,0,0.9756737947463989,0.0002517501707188785,0.02331223525106907,0.0007622320554219186
3173,1,1,1.3804614354739897e-05,0.9994749426841736,0.00039374304469674826,0.00011752569116652012
3174,0,0,0.9073218703269958,0.00883976835757494,0.018957853317260742,0.06488052755594254
3175,3,3,0.009253004565834999,0.0008126608445309103,0.0006186048267409205,0.9893157482147217
3176,0,0,0.998971700668335,1.2541811884148046e-05,0.0009725128766149282,4.325586269260384e-05
3177,2,2,0.02917025424540043,0.0024815695360302925,0.5677739977836609,0.4005741477012634
3178,2,0,0.7563802003860474,0.0036566772032529116,0.14746055006980896,0.09250257909297943
3179,1,1,0.002482668263837695,0.9927009344100952,0.004575763829052448,0.00024063888122327626
3180,3,0,0.7965188026428223,2.3839089408284053e-05,0.002145590726286173,0.20131181180477142
3181,0,0,0.9998026490211487,6.980058969929814e-05,0.00011197813000762835,1.5521016393904574e-05
3182,2,2,0.0004926729598082602,8.93877077032812e-05,0.9796081781387329,0.019809747114777565
3183,2,3,0.001117559033446014,0.02575673535466194,0.046653952449560165,0.9264717698097229
3184,2,2,0.0005729449330829084,3.8462470541844596e-08,0.9941338896751404,0.005293088965117931
3185,3,3,0.05342043936252594,6.838294939370826e-05,0.0006533107371069491,0.9458579421043396
3186,0,1,0.03646855801343918,0.9634885191917419,1.4463858860835899e-05,2.848373151209671e-05
3187,0,0,0.9983371496200562,0.00010763019236037508,0.0004759421572089195,0.0010792770190164447
3188,2,3,0.027560045942664146,1.3641076293424703e-05,0.029719511047005653,0.942706823348999
3189,2,2,0.002303058048710227,1.1217102837690618e-06,0.99755859375,0.0001372034166706726
3190,2,2,0.01009386032819748,0.00040546589298173785,0.9833714365959167,0.0061292811296880245
3191,0,0,0.9999041557312012,2.5161436497000977e-05,2.7725384370569373e-06,6.794916407670826e-05
3192,2,2,0.0004209760809317231,8.949516995926388e-06,0.9993888139724731,0.0001811871479731053
3193,2,2,0.022639386355876923,4.180130417807959e-05,0.954960823059082,0.022357968613505363
3194,0,0,0.895041286945343,0.002211614279076457,0.07849810272455215,0.024248965084552765
3195,0,0,0.8914626240730286,0.00022031526896171272,0.08755180984735489,0.020765282213687897
3196,0,0,0.9996647834777832,0.00022371456725522876,1.7019492588588037e-05,9.442330338060856e-05
3197,3,3,1.0414643156764214e-06,3.089758449092983e-10,0.07868504524230957,0.9213138818740845
3198,3,3,7.617798928549746e-06,2.1421394649223657e-06,0.01401993352919817,0.9859703183174133
3199,3,3,1.8861362605093746e-06,7.016787861857665e-08,0.0036774775944650173,0.9963204860687256
3200,1,0,0.6492205858230591,0.27762654423713684,0.04456809535622597,0.028584768995642662
3201,2,2,3.7259712826198665e-06,1.7322344092463027e-07,0.9999772310256958,1.8910895960289054e-05
3202,2,2,0.004518180154263973,0.0006381500279530883,0.994690477848053,0.0001531303714727983
3203,2,2,0.05942312628030777,0.2991742193698883,0.6076276302337646,0.033775076270103455
3204,3,3,9.866171239991672e-06,2.825391675287392e-05,0.0031562629155814648,0.9968055486679077
3205,0,0,0.9998763799667358,4.4318994696368463e-07,3.155791273456998e-05,9.155398583970964e-05
3206,0,0,0.9993540644645691,1.8521517631597817e-05,8.431277819909155e-05,0.0005430614110082388
3207,2,2,0.0015000312123447657,0.0005525758024305105,0.9975619316101074,0.00038542546099051833
3208,1,1,0.008689659647643566,0.9910988211631775,0.00015012946096248925,6.13462834735401e-05
3209,2,2,6.349269824568182e-05,1.1191127669007983e-05,0.9988728165626526,0.0010525325778871775
3210,0,0,0.9999998807907104,4.95802296995862e-08,1.5804443975753202e-08,1.1521957077320621e-07
3211,0,0,0.9986549615859985,0.0006088291411288083,0.000544368929695338,0.00019181022071279585
3212,2,2,6.0013138863723725e-05,5.604286343441345e-06,0.9998953342437744,3.904895129380748e-05
3213,2,2,0.03308596462011337,5.2795844567299355e-06,0.9664933085441589,0.0004154502821620554
3214,2,2,0.011661465279757977,0.004886314272880554,0.9641298055648804,0.019322426989674568
3215,2,2,0.020642105489969254,0.0019410927779972553,0.9489881992340088,0.02842867560684681
3216,1,1,2.3742790290270932e-05,0.9999655485153198,3.127991249129991e-06,7.586285391880665e-06
3217,3,2,0.00042634602868929505,3.063254553126171e-05,0.9229028224945068,0.07664025574922562
3218,2,2,0.025713425129652023,7.278383236553054e-06,0.9686648845672607,0.0056144362315535545
3219,0,0,0.999794065952301,6.8799054133705795e-06,0.00018541260214988142,1.3641778423334472e-05
3220,2,3,0.0028737138491123915,1.0300574331267853e-06,0.07306262105703354,0.9240627288818359
3221,3,3,0.008040186017751694,0.0042850603349506855,0.014018464833498001,0.9736562967300415
3222,3,3,1.7573552213434596e-06,1.4280670868060952e-08,0.005959216505289078,0.9940390586853027
3223,3,3,0.0015364679275080562,5.200543091632426e-05,0.00017902895342558622,0.9982325434684753
3224,0,0,0.9621275067329407,0.032171282917261124,0.003474052995443344,0.0022270597983151674
3225,3,3,0.0001670529309194535,6.768159011016905e-08,0.45286810398101807,0.5469648241996765
3226,0,0,0.9999908208847046,7.113018000381999e-06,1.6315815400957945e-06,4.43549794226783e-07
3227,3,3,0.0017694978741928935,7.254531624312222e-07,0.0029313003178685904,0.9952985644340515
3228,0,0,0.9999910593032837,2.032645198823957e-07,3.1110359941521892e-06,5.613216217170702e-06
3229,3,3,2.179585317207966e-05,1.0128967176115111e-07,0.0016584810800850391,0.9983195662498474
3230,1,1,1.7471009414293803e-05,0.9999635219573975,1.4893265870341565e-05,4.055920271639479e-06
3231,1,1,0.00024818259407766163,0.9984849095344543,0.0012288913130760193,3.814822775893845e-05
3232,1,1,0.016157247126102448,0.9806433916091919,0.002399525372311473,0.0007997909560799599
3233,0,0,0.9999701976776123,2.955389675207698e-07,1.4637540516559966e-05,1.4823605852143373e-05
3234,1,1,1.4814434052823344e-06,0.9999964237213135,1.8801248415911687e-06,2.719595215694426e-07
3235,1,1,8.879240340320393e-05,0.9999110698699951,1.6707589622910746e-07,1.4399539338683098e-08
3236,1,2,0.27809229493141174,0.3085789084434509,0.32297900319099426,0.0903497189283371
3237,1,1,3.7592366425087675e-05,0.9999568462371826,5.016734576201998e-06,5.640247877636284e-07
3238,1,1,2.9932833058410324e-05,0.9999693632125854,2.4318596913985857e-08,7.276235010067467e-07
3239,0,0,0.9882938861846924,0.001777885016053915,0.00010280099377268925,0.009825349785387516
3240,2,2,0.0004408562963362783,0.000254667189437896,0.9833589196205139,0.015945546329021454
3241,3,3,0.0023003178648650646,8.716955926502123e-05,0.08340343087911606,0.9142090678215027
3242,2,2,0.001666683703660965,0.00038992922054603696,0.9948029518127441,0.0031404600013047457
3243,2,2,0.009004480205476284,4.298673502489692e-06,0.9903304576873779,0.0006607704563066363
3244,1,1,0.010197042487561703,0.9762738943099976,0.008615105412900448,0.004914002027362585
3245,0,0,0.9989504814147949,3.0052899546717526e-06,0.0010363806504756212,1.0099909559357911e-05
3246,2,2,6.068346556276083e-05,3.326985734020127e-06,0.9996582269668579,0.00027776704519055784
3247,0,0,0.9998551607131958,6.204612873261794e-05,7.497201295336708e-05,7.845456821087282e-06
3248,0,0,0.9996010661125183,1.9778484784183092e-05,0.0003368013130966574,4.241045462549664e-05
3249,0,0,0.9851251840591431,0.0018430087948217988,0.007943538948893547,0.005088288802653551
3250,0,0,0.9877299666404724,3.762804044527002e-05,0.0006476353155449033,0.01158474013209343
3251,3,3,0.0002520430425647646,3.854522583424114e-05,0.04374402016401291,0.9559653997421265
3252,2,2,0.16423143446445465,0.012442966923117638,0.8221707344055176,0.0011548629263415933
3253,0,0,0.9999330043792725,5.066606263426365e-07,3.344487777212635e-05,3.301475226180628e-05
3254,0,0,0.999543309211731,7.409324462059885e-05,7.362869655480608e-05,0.00030898343538865447
3255,0,0,0.998353123664856,0.00044240913121029735,0.0010572869796305895,0.00014714736607857049
3256,3,3,0.007804580498486757,3.4495490126573713e-06,0.04165147617459297,0.9505405426025391
3257,3,3,3.623197699198499e-05,7.887991841926123e-07,0.002189849503338337,0.9977731108665466
3258,2,2,0.00022515772434417158,0.0010036423336714506,0.646736741065979,0.3520345091819763
3259,1,1,0.00029908318538218737,0.9996950626373291,4.383084615255939e-06,1.5202368786049192e-06
3260,2,2,0.024202827364206314,0.02917005866765976,0.9166819453239441,0.029945187270641327
3261,1,1,0.004605900030583143,0.9952929615974426,1.639197648728441e-06,9.943384065991268e-05
3262,3,3,0.004027072805911303,3.314409332233481e-05,0.063882015645504,0.932057797908783
3263,3,3,1.8883663415181218e-06,1.6958593107574416e-07,2.408661566732917e-05,0.9999738931655884
3264,2,3,0.0001499305508332327,2.7363867616259085e-07,0.13399378955364227,0.8658559322357178
3265,3,1,0.3399626612663269,0.6094925403594971,0.02062130533158779,0.029923466965556145
3266,2,2,0.00028956044116057456,5.000662781640131e-07,0.9994229078292847,0.0002870512835215777
3267,2,2,0.0030957574490457773,1.4258258715926786e-06,0.9955341815948486,0.001368619967252016
3268,0,0,0.8561936616897583,0.045209839940071106,0.029606634750962257,0.06898985058069229
3269,2,2,0.13714253902435303,0.0006848149350844324,0.8501930832862854,0.011979448609054089
3270,2,3,0.001552647678181529,0.0009149127872660756,0.37256351113319397,0.624968945980072
3271,1,1,0.0826612338423729,0.915501058101654,0.0016155870398506522,0.00022208824520930648
3272,2,2,0.03316059708595276,0.00026248872745782137,0.9494219422340393,0.017154958099126816
3273,1,1,0.0036772936582565308,0.9960474371910095,0.00022776822152081877,4.745478872791864e-05
3274,2,2,0.41905003786087036,4.023311339551583e-05,0.5808494687080383,6.022553861839697e-05
3275,1,1,0.04253349080681801,0.955120325088501,0.00035533891059458256,0.0019908153917640448
3276,2,2,0.000872114032972604,5.107860124553554e-05,0.9979203343391418,0.0011564837768673897
3277,2,2,0.0009869127534329891,8.004508708836511e-05,0.9732326865196228,0.025700289756059647
3278,3,3,0.0003047572390642017,6.5069143602158874e-06,0.0001427202660124749,0.9995459914207458
3279,0,0,0.9838158488273621,7.426102820318192e-05,0.0001905385870486498,0.0159192755818367
3280,3,3,0.004281461704522371,0.0015760429669171572,0.00978037342429161,0.9843621253967285
3281,3,3,0.007673224434256554,0.00032142558484338224,0.0003170071868225932,0.9916883111000061
3282,3,0,0.5620908737182617,0.27303746342658997,0.12364315986633301,0.04122847691178322
3283,1,1,0.008479994721710682,0.9598928093910217,0.006618069484829903,0.02500905841588974
3284,0,0,0.9971803426742554,3.962378286814783e-06,0.00038470394792966545,0.0024310376029461622
3285,3,3,3.2593728974461555e-05,0.00010067225957755,0.0021512785460799932,0.9977154731750488
3286,0,0,0.9874837398529053,5.3883675718680024e-05,0.003697928972542286,0.008764437399804592
3287,3,3,4.150081622356083e-06,9.709010678760066e-11,1.2866062206740025e-05,0.9999829530715942
3288,2,2,0.00335327023640275,0.00022989381977822632,0.9948752522468567,0.00154156016651541
3289,3,2,0.005778002552688122,0.03305638208985329,0.4899875223636627,0.4711781144142151
3290,3,3,7.417764663841808e-06,6.356632553661257e-08,0.0015968151856213808,0.9983956217765808
3291,3,3,0.0013493412407115102,1.3163720723241568e-05,0.0006659261998720467,0.9979714751243591
3292,3,3,0.0007787830545566976,3.797684985329397e-05,0.0011576133547350764,0.99802565574646
3293,3,3,9.908066567732021e-05,1.3223862879385706e-05,0.03470238670706749,0.9651853442192078
3294,2,2,8.283706119982526e-05,2.1565199858741835e-05,0.9986075758934021,0.0012880750000476837
3295,0,0,0.9997374415397644,1.2141126717324369e-05,0.000193730418686755,5.657228030031547e-05
3296,3,3,0.007175842300057411,0.0005994251114316285,0.03249213099479675,0.9597325921058655
3297,0,0,0.9994251728057861,1.1812468301286572e-06,1.6481872080476023e-05,0.0005572582595050335
3298,0,0,0.9999324083328247,2.1952414499537554e-06,1.644212352402974e-05,4.890334457741119e-05
3299,2,2,0.011324918828904629,5.0342398026259616e-05,0.9767593741416931,0.011865329928696156
3300,0,0,0.999963641166687,7.176512099249521e-06,2.5012610421981663e-05,4.175787125859642e-06
3301,0,0,0.9999948740005493,1.5441778487002011e-06,2.9793091016472317e-06,6.308902698037855e-07
3302,1,1,0.00014696287689730525,0.9996397495269775,0.00014803333033341914,6.532511906698346e-05
3303,0,2,0.17736110091209412,0.012499953620135784,0.6970003247261047,0.1131386011838913
3304,2,2,0.0013134682085365057,1.7200434740516357e-05,0.9980587363243103,0.000610500923357904
3305,3,2,0.002191181294620037,5.3474068408831954e-05,0.5892170071601868,0.4085383117198944
3306,0,3,0.005573528353124857,1.0731557267718017e-05,6.457321433117613e-05,0.9943510293960571
3307,2,2,0.002700566779822111,0.00044305899064056575,0.9946402907371521,0.0022161209490150213
3308,1,1,0.00033929492929019034,0.9996515512466431,8.724199688003864e-06,4.1933066086130566e-07
3309,1,1,0.005733574274927378,0.9840293526649475,0.007822402752935886,0.002414677757769823
3310,3,3,8.036035069380887e-06,0.00014620770525652915,0.02744407206773758,0.9724016785621643
3311,0,0,0.9998632669448853,7.144922710722312e-05,4.150711538386531e-05,2.3738733943901025e-05
3312,0,2,0.1586311161518097,0.0012288667494431138,0.8259751796722412,0.014164924621582031
3313,3,3,5.767564653069712e-05,5.355416305974359e-07,0.00021945669141132385,0.999722421169281
3314,0,0,0.9060216546058655,0.0004941280349157751,0.08487842977046967,0.00860582571476698
3315,0,0,0.7315015196800232,1.164623517979635e-05,0.06616763770580292,0.2023191750049591
3316,0,0,0.9923991560935974,1.7202895833179355e-05,0.006714892107993364,0.0008687197114340961
3317,1,1,0.0665605217218399,0.9331760406494141,0.0002444542187731713,1.8944847397506237e-05
3318,1,1,0.03953319415450096,0.9590184092521667,0.0010277599794790149,0.0004205559380352497
3319,2,2,0.00047533062752336264,0.0001719253632472828,0.9988860487937927,0.0004666390595957637
3320,1,1,9.992039122153074e-05,0.9998817443847656,2.07120024242613e-06,1.624334618099965e-05
3321,2,2,0.0018626146484166384,1.9191634237358812e-06,0.9893508553504944,0.008784610778093338
3322,1,1,0.0025480538606643677,0.9969068169593811,0.000542235269676894,2.876439339161152e-06
3323,2,2,0.010545345023274422,0.010030487552285194,0.9711229801177979,0.008301219902932644
3324,2,2,0.0003945979115087539,0.00038890965515747666,0.998333752155304,0.0008827146957628429
3325,2,2,1.5906299495327403e-06,8.744514445879759e-09,0.9748108386993408,0.025187473744153976
3326,1,1,0.0007863627397455275,0.9978126287460327,0.0013687181053683162,3.218029087292962e-05
3327,2,2,0.007770848460495472,0.00021640081831719726,0.9889484643936157,0.003064302960410714
3328,0,0,0.997528612613678,0.00039872570778243244,0.0019005348440259695,0.00017214259423781186
3329,2,2,0.00286468374542892,2.3396622054860927e-05,0.9937787652015686,0.0033331396989524364
3330,2,2,0.034755222499370575,0.0004437906027305871,0.9393054246902466,0.025495536625385284
3331,1,1,0.03423769026994705,0.8211029767990112,0.02208130434155464,0.12257803976535797
3332,2,2,0.007663312368094921,0.006605762988328934,0.8031243085861206,0.18260663747787476
3333,0,0,0.9311924576759338,0.002997675212100148,0.008652552030980587,0.05715729296207428
3334,2,3,7.153821002248151e-07,1.7640742555613542e-07,0.0014622118324041367,0.9985369443893433
3335,2,2,0.0007413000566884875,0.0002106164611177519,0.9988119602203369,0.000236116029554978
3336,1,1,0.016753865405917168,0.8739930391311646,0.005505847278982401,0.10374730080366135
3337,1,1,0.06699349731206894,0.9257693290710449,0.0021445434540510178,0.0050925640389323235
3338,1,1,0.07995565235614777,0.9075769782066345,0.011755838058888912,0.0007114362088032067
3339,2,2,0.004302089102566242,2.8830832889070734e-05,0.924677848815918,0.07099123299121857
3340,1,1,0.00893335323780775,0.9875842928886414,8.145164611050859e-05,0.0034009970258921385
3341,2,2,0.00021447564358823001,1.7103255913752946e-06,0.9997453093528748,3.8499707443406805e-05
3342,3,3,0.002819238230586052,1.7374810340697877e-05,0.0007692575454711914,0.9963942170143127
3343,3,3,0.22378893196582794,3.9515591197414324e-05,0.30200567841529846,0.4741658866405487
3344,0,0,0.9999009370803833,3.315994763397612e-05,4.108377424927312e-07,6.558423046953976e-05
3345,0,0,0.9482781887054443,3.745463618542999e-05,0.0097854258492589,0.04189900681376457
3346,0,0,0.5208638310432434,0.006180425640195608,0.11518887430429459,0.35776689648628235
3347,1,1,0.03607776761054993,0.9605251550674438,0.0022129397839307785,0.0011842106468975544
3348,1,1,0.037519652396440506,0.9607013463973999,0.0008683530613780022,0.0009105956414714456
3349,1,1,0.14223657548427582,0.8534231781959534,0.0020139124244451523,0.002326342510059476
3350,2,2,0.0014060678659006953,0.0011637507705017924,0.9758371114730835,0.021593134850263596
3351,2,2,0.05871468409895897,0.0018798777600750327,0.7051035165786743,0.23430190980434418
3352,1,1,9.318609954789281e-05,0.9981062412261963,0.000897737976629287,0.0009028289350681007
3353,0,0,0.9999035596847534,6.945111294953676e-07,4.58167378383223e-05,5.001379395253025e-05
3354,2,3,2.1464320525410585e-05,6.441764810460882e-08,0.018996266648173332,0.9809821844100952
3355,3,3,0.0001284218014916405,0.00021154586283955723,0.006475179921835661,0.9931848645210266
3356,3,2,0.0005170339718461037,5.59207455808064e-06,0.5624328851699829,0.43704450130462646
3357,1,1,0.0035359279718250036,0.9953688979148865,0.0010591145837679505,3.6029039620188996e-05
3358,0,0,0.9998043179512024,7.825875400158111e-06,9.638112533139065e-05,9.143918578047305e-05
3359,1,1,0.051298774778842926,0.7921940088272095,0.09889702498912811,0.057610176503658295
3360,1,1,0.000343923777109012,0.9992792010307312,5.6029355619102716e-05,0.00032092409674078226
3361,1,1,0.0012424350716173649,0.9986808896064758,3.949970050598495e-05,3.7143141526030377e-05
3362,1,1,0.010828898288309574,0.988673985004425,0.00039280831697396934,0.0001042900257743895
3363,2,2,0.0006261231028474867,0.0005255336873233318,0.9940521121025085,0.004796183668076992
3364,3,3,0.0003911915700882673,0.00018862115393858403,0.0036271929275244474,0.9957929849624634
3365,1,1,0.028033064678311348,0.967603862285614,0.0005508239846676588,0.00381225673481822
3366,1,1,0.1183130070567131,0.8801059722900391,0.00036182720214128494,0.0012191456044092774
3367,0,0,0.9838849306106567,0.001136810053139925,0.00025348321651108563,0.014724801294505596
3368,3,3,0.013769742101430893,8.114232514344621e-06,0.0024893295485526323,0.9837328791618347
3369,1,1,0.0010119550861418247,0.9988135099411011,3.2927930533332983e-06,0.00017122778808698058
3370,3,3,3.580515840440057e-05,1.1862693099828903e-05,0.0038266906049102545,0.9961256384849548
3371,3,3,6.348747410811484e-05,4.7321606189143495e-07,0.009571807458996773,0.9903642535209656
3372,1,1,1.477646037528757e-05,0.999885082244873,9.428437624592334e-05,5.8576038100000005e-06
3373,1,1,4.704187449533492e-05,0.999776303768158,0.00017283794295508415,3.762117330552428e-06
3374,3,3,0.0013377221766859293,1.8958701275550993e-06,0.0020363619551062584,0.9966239929199219
3375,3,3,0.00027809300809167325,6.5505200836923905e-06,0.0005890843458473682,0.9991262555122375
3376,1,1,0.0007433120626956224,0.9992265701293945,2.4663977455929853e-05,5.4459455895994324e-06
3377,0,0,0.9987970590591431,2.387521271884907e-05,0.0011114288354292512,6.756580842193216e-05
3378,0,0,0.9986114501953125,0.0005862877005711198,0.000408658612286672,0.0003935122804250568
3379,2,2,0.006928631570190191,3.298739829915576e-05,0.9922544956207275,0.0007838968886062503
3380,2,2,0.0012711851159110665,0.0002191356907133013,0.9834135174751282,0.015096193179488182
3381,2,3,0.008161609061062336,0.0010808493243530393,0.256913959980011,0.7338436245918274
3382,3,3,9.652524568082299e-06,5.111678547109477e-08,3.3149004593724385e-05,0.9999572038650513
3383,3,3,6.24803506070748e-05,1.606928344699554e-05,0.00010655506048351526,0.9998149275779724
3384,0,2,0.06511884927749634,0.0009878287091851234,0.8299141526222229,0.1039791852235794
3385,1,1,0.0074614244513213634,0.9680973291397095,0.02280537784099579,0.0016358500579372048
3386,2,2,0.002416516887024045,0.00015943124890327454,0.9973853230476379,3.87514810427092e-05
3387,1,1,0.0012728763977065682,0.9987010955810547,1.3562263120547868e-05,1.2491795132518746e-05
3388,0,0,0.9915794134140015,0.0005668502999469638,0.0033116284757852554,0.004542130511254072
3389,0,0,0.9916410446166992,8.294689178001136e-05,0.007993632927536964,0.0002823847171384841
3390,2,2,0.0010609932942315936,7.737529813311994e-05,0.9948563575744629,0.004005294293165207
3391,1,1,7.302645099116489e-05,0.9992104768753052,0.00015523981710430235,0.000561211199965328
3392,3,1,0.05617600679397583,0.6216098070144653,0.057660169899463654,0.2645540237426758
3393,0,0,0.9900143146514893,0.0001329605292994529,0.00367527361959219,0.0061774770729243755
3394,3,3,0.01331885252147913,0.0017995228990912437,0.023591158911585808,0.9612904787063599
3395,3,3,0.00613392423838377,9.3157468654681e-05,0.0004299580759834498,0.9933428764343262
3396,2,2,0.014350988902151585,6.547629891429096e-05,0.9811354279518127,0.0044481572695076466
3397,3,3,0.015163245610892773,0.00010504664533073083,0.0003703616966959089,0.9843612909317017
3398,0,0,0.9524825215339661,8.635226549813524e-06,0.001973837148398161,0.04553491994738579
3399,0,0,0.9885168075561523,0.0019127029227092862,0.001055481261573732,0.008514954708516598
3400,0,0,0.993625283241272,6.2027943386055995e-06,5.59610161872115e-05,0.006312563084065914
3401,3,3,4.985315058547712e-07,5.059034151599917e-07,0.0138266421854496,0.9861723780632019
3402,3,3,0.014260875061154366,0.008083759807050228,0.005768891423940659,0.9718865156173706
3403,2,2,0.001793839386664331,2.4134407794917934e-05,0.9980089068412781,0.00017311090778093785
3404,3,3,4.927492773276754e-05,2.5731920686666854e-05,0.011174321174621582,0.9887506365776062
3405,3,3,0.0006450104992836714,2.0470120887239318e-07,0.01008488517254591,0.9892699122428894
3406,2,2,0.0006837646942585707,6.525862409034744e-05,0.5746161937713623,0.42463481426239014
3407,0,0,0.9987941980361938,0.00010027051757788286,4.721421646536328e-05,0.0010582252871245146
3408,0,0,0.7392304539680481,0.018795697018504143,0.005522296763956547,0.23645159602165222
3409,2,1,0.028893791139125824,0.946962833404541,0.011314572766423225,0.01282877754420042
3410,2,2,0.013299806043505669,6.906895123393042e-06,0.9842819571495056,0.002411413937807083
3411,2,2,0.0017202014569193125,1.6839238014654256e-05,0.9934409260749817,0.004822110291570425
3412,3,3,0.00012832782522309572,0.0002909101021941751,0.03692317754030228,0.962657630443573
3413,1,0,0.5546538829803467,0.3971790373325348,0.015143392607569695,0.03302369639277458
3414,3,3,0.06150100380182266,0.00018967386859003454,0.08704891055822372,0.8512604236602783
3415,2,2,0.027468157932162285,3.9500910133938305e-06,0.9406902194023132,0.03183764964342117
3416,1,1,0.0007516518235206604,0.9992449283599854,2.259161419715383e-06,1.1317162034174544e-06
3417,3,3,1.8284805491930456e-07,1.3549571349358303e-06,0.3020910620689392,0.6979074478149414
3418,2,2,0.00048203227925114334,0.011443911120295525,0.975330650806427,0.012743457220494747
3419,2,0,0.49761614203453064,0.12545807659626007,0.17297402024269104,0.2039516717195511
3420,3,3,4.654901204048656e-05,0.00020038962247781456,0.0004905131063424051,0.9992625117301941
3421,3,3,2.546879613873898e-06,2.9669712020563566e-08,2.8294573439779924e-06,0.9999946355819702
3422,2,0,0.6009510159492493,0.04762071371078491,0.005258952267467976,0.3461693823337555
3423,2,2,0.007037749048322439,0.0001164212662843056,0.9128011465072632,0.08004458993673325
3424,1,1,0.029400208964943886,0.9528446793556213,0.014889972284436226,0.002865128917619586
3425,1,1,7.562355312984437e-05,0.9999241828918457,1.0429747021589719e-07,1.1572167579743109e-07
3426,3,3,2.8341852157609537e-05,1.1312251444905996e-05,0.0021690502762794495,0.9977912902832031
3427,2,2,0.022006243467330933,0.0007139172521419823,0.9737042188644409,0.0035756630823016167
3428,0,0,0.9758756160736084,7.4010335993079934e-06,0.017514096572995186,0.006602848879992962
3429,3,3,6.852696060377639e-06,5.6277585258612817e-08,0.01556359138339758,0.9844295978546143
3430,2,2,0.00037573406007140875,0.0004943501553498209,0.9985430240631104,0.0005869248998351395
3431,0,0,0.990990400314331,9.58696982706897e-05,0.00042536991531960666,0.008488349616527557
3432,2,2,0.0005815097829326987,0.00032994308276101947,0.9978895783424377,0.001199051272124052
3433,3,3,0.10675357282161713,5.4522810387425125e-05,0.006377655081450939,0.8868142366409302
3434,0,0,0.9346566796302795,0.0033820783719420433,0.009959663264453411,0.052001599222421646
3435,3,3,2.5436404982315253e-08,1.2235794599746441e-09,0.00011920987162739038,0.9998807907104492
3436,0,0,0.8851857781410217,0.001139739528298378,0.04678864777088165,0.06688590347766876
3437,2,2,9.66768930084072e-05,5.192307071411051e-06,0.9989959597587585,0.0009021892910823226
3438,3,3,0.0007541229133494198,2.1980547899147496e-05,0.0008775038295425475,0.9983463287353516
3439,0,0,0.9820611476898193,8.18863099993905e-06,0.0012844281736761332,0.01664629951119423
3440,2,2,0.24620482325553894,3.073834591305058e-07,0.7537928223609924,2.0814850358874537e-06
3441,3,3,0.001741380780003965,0.0007726468611508608,0.019512390717864037,0.9779736399650574
3442,1,1,0.00048181283636949956,0.9879391193389893,0.010554580949246883,0.0010244412114843726
3443,3,3,6.286111602094024e-05,2.3787684767739847e-05,0.0020523397251963615,0.9978609681129456
3444,0,0,0.9276644587516785,0.00010180250683333725,0.004077154211699963,0.06815649569034576
3445,2,2,0.0003132083802483976,0.0003867007908411324,0.9975661039352417,0.0017340390477329493
3446,0,0,0.9997389912605286,2.2316658942145295e-05,0.0002230039390269667,1.574827911099419e-05
3447,2,2,0.012894636020064354,2.4866023522918113e-05,0.9864452481269836,0.0006353302160277963
3448,2,2,0.02493775263428688,8.381407678825781e-05,0.928451657295227,0.046526748687028885
3449,3,3,0.43026283383369446,0.0018907341873273253,0.020808732137084007,0.547037661075592
3450,0,0,0.9998382329940796,9.564777428749949e-06,5.5076885473681614e-05,9.708542347652838e-05
3451,0,0,0.9999735355377197,3.4415283955979703e-09,1.146917952610238e-06,2.5285169613198377e-05
3452,0,0,0.9937983155250549,2.4764915451669367e-06,0.005560658872127533,0.0006386206368915737
3453,0,0,0.9370591640472412,1.464480192225892e-06,0.06287229806184769,6.716808275086805e-05
3454,0,0,0.9374448657035828,0.005205533932894468,0.004035677760839462,0.05331394448876381
3455,2,3,6.512737513730826e-07,1.0648509487509727e-06,0.008486681617796421,0.9915116429328918
3456,3,3,8.523518044967204e-05,4.158253432251513e-06,0.02305806800723076,0.976852536201477
3457,1,1,0.053434696048498154,0.7824292778968811,0.12186060100793839,0.04227540269494057
3458,2,2,0.004467167425900698,8.090637129498646e-05,0.9922978281974792,0.0031540871132165194
3459,3,3,0.00016990656149573624,1.2725116960154992e-07,5.681658876710571e-06,0.9998243451118469
3460,3,3,0.0002410499582765624,0.0021802743431180716,0.015388309955596924,0.9821903705596924
3461,0,0,0.9975506663322449,8.352283657586668e-06,0.0023921814281493425,4.887725299340673e-05
3462,1,1,1.5201937912934227e-06,0.9999974966049194,3.7827081200703105e-07,5.879101081518456e-07
3463,1,1,0.005020712502300739,0.9840137362480164,0.008993132971227169,0.0019724194426089525
3464,1,1,1.0040010238299146e-05,0.9996488094329834,0.0001694794773356989,0.0001716636324999854
3465,2,2,0.08583849668502808,0.0008811892475932837,0.6832424402236938,0.2300378680229187
3466,2,2,0.1742636114358902,0.002208569087088108,0.5742551684379578,0.24927270412445068
3467,3,3,0.0019725272431969643,9.33117735257838e-06,0.004076351411640644,0.9939417839050293
3468,1,1,0.0011609712382778525,0.9988088607788086,2.9719229132751934e-05,5.138931555848103e-07
3469,2,2,0.0015056877164170146,1.4781132449570578e-05,0.9969044327735901,0.0015750296879559755
3470,3,3,4.0451963286614046e-05,0.00016994684119708836,0.04790310189127922,0.9518864750862122
3471,2,2,5.7750148698687553e-05,4.0510616372557706e-07,0.9978579878807068,0.002083920408040285
3472,3,3,0.013316470198333263,0.00027890378260053694,0.002415007445961237,0.9839896559715271
3473,0,0,0.9999767541885376,5.131670377522823e-07,1.0805949386849534e-05,1.1833814824058209e-05
3474,0,0,0.9290966987609863,0.0023446569684892893,0.007540040649473667,0.06101866066455841
3475,3,3,0.0021697490010410547,4.268147677066736e-05,0.007583014201372862,0.9902045726776123
3476,3,3,0.00010204561112914234,1.3061265235592145e-05,0.14170625805854797,0.8581785559654236
3477,0,0,0.9663010239601135,0.002137686125934124,0.0004168868181295693,0.031144380569458008
3478,3,3,0.04744287207722664,0.00017865968402475119,0.03924117982387543,0.9131373167037964
3479,0,0,0.940210223197937,0.006418513134121895,0.01664629764854908,0.03672496974468231
3480,0,0,0.9997591376304626,0.00017924426356330514,3.096441287198104e-05,3.0669758416479453e-05
3481,0,0,0.9898260831832886,7.993686449481174e-05,0.007662786170840263,0.0024311132729053497
3482,2,2,1.1026515494449995e-05,1.7276020969347883e-07,0.9999887943267822,1.0599723765380986e-08
3483,0,0,0.9984760880470276,0.0009313892223872244,0.0002696774899959564,0.00032279430888593197
3484,0,0,0.9996616840362549,4.340967643656768e-05,6.0743775975424796e-05,0.00023417350894305855
3485,0,0,0.999988317489624,1.1464510862424504e-05,2.3256228942614143e-08,1.7956604381197394e-07
3486,3,3,5.1589624490588903e-05,1.35810671508807e-06,1.0370390555181075e-06,0.999946117401123
3487,3,3,1.1470976460259408e-05,5.837507615069626e-06,0.004908729810267687,0.9950739741325378
3488,2,2,0.059454891830682755,0.00019580152002163231,0.9398424625396729,0.0005069525213912129
3489,1,1,0.0002511650382075459,0.999716579914093,1.0157119504583534e-05,2.2025584257789887e-05
3490,1,1,0.011038987897336483,0.9837571978569031,0.001476947101764381,0.003726761322468519
3491,0,0,0.990594744682312,0.001346559263765812,0.0077663627453148365,0.0002922396524809301
3492,2,2,0.39209213852882385,0.004953381139785051,0.5547444820404053,0.048209983855485916
3493,0,0,0.997096061706543,3.386561729712412e-05,0.0012459582649171352,0.001624149619601667
3494,0,0,0.9597100615501404,0.002403892343863845,0.014359747990965843,0.02352629415690899
3495,2,2,0.012098103761672974,0.02251511439681053,0.783930242061615,0.18145652115345
3496,3,3,0.0001097815838875249,4.788588921655901e-05,0.05620996281504631,0.9436323046684265
3497,3,3,0.16458432376384735,0.27665433287620544,0.06778468936681747,0.4909766912460327
3498,1,1,0.00010498236224520952,0.9998934268951416,2.930857476712845e-07,1.3624262464873027e-06
3499,1,1,6.543998460983858e-05,0.9999336004257202,9.293244715991023e-07,8.291034525598207e-09
3500,0,0,0.9376733899116516,0.00019964075181633234,0.059658538550138474,0.002468469087034464
3501,3,3,0.09498365968465805,0.0031259357929229736,0.07005780935287476,0.8318326473236084
3502,3,3,1.4541684322466608e-05,4.8386309572379105e-06,0.0005360089126043022,0.9994445443153381
3503,0,0,0.9999256134033203,4.04657885155757e-06,4.662763967644423e-05,2.378270073677413e-05
3504,0,0,0.9999896287918091,4.651975018532539e-07,1.4214626844477607e-06,8.522841199010145e-06
3505,0,0,0.9480355381965637,0.009126540273427963,0.005536253098398447,0.03730164095759392
3506,3,3,0.006165706552565098,0.00041484954999759793,0.026481635868549347,0.966937780380249
3507,1,1,0.0017228882061317563,0.9982388019561768,8.071110073615273e-07,3.748378367163241e-05
3508,2,2,0.009059078060090542,0.00855764839798212,0.8863152861595154,0.09606806188821793
3509,0,0,0.9921188354492188,0.005136717110872269,2.7325475457473658e-05,0.0027170886751264334
3510,0,0,0.9999991655349731,7.856802994865575e-07,5.820983250970357e-09,4.435016975889994e-08
3511,0,0,0.9999992847442627,1.9656861027783634e-08,3.265123780238355e-07,3.6794892821490066e-07
3512,3,3,6.789196777390316e-05,3.420056202685373e-07,0.0006833553779870272,0.9992483258247375
3513,0,0,1.0,1.9240319407143325e-11,7.773117149945108e-10,2.2746380778926323e-08
3514,1,1,0.0002884893910959363,0.9996433258056641,6.102808129071491e-06,6.203747761901468e-05
3515,0,0,0.9407742023468018,0.00147385080344975,0.056160442531108856,0.001591479522176087
3516,0,0,0.9999994039535522,5.389448460846324e-07,2.2790336284828072e-10,1.5741679959546673e-08
3517,0,0,0.9998394250869751,6.207782234923798e-07,0.0001004805089905858,5.95020865148399e-05
3518,0,0,0.9974926710128784,0.00027037656400352716,0.00012585759395733476,0.002111129928380251
3519,1,1,0.0015041334554553032,0.9888823628425598,0.0001868992403615266,0.009426554664969444
3520,1,1,0.019386177882552147,0.9720351696014404,0.006802122574299574,0.0017764318035915494
3521,1,1,1.7757683963282034e-05,0.9997795224189758,0.00011567257024580613,8.694621647009626e-05
3522,1,1,0.0006273423787206411,0.9988391995429993,0.00040362271829508245,0.00012995785800740123
3523,1,3,0.014726975932717323,0.16668477654457092,0.03640604019165039,0.7821822166442871
3524,0,0,0.7403779029846191,0.013733354397118092,0.013087415136396885,0.23280130326747894
3525,1,1,0.0014516604132950306,0.9984945058822632,4.771204476128332e-05,6.0187458075233735e-06
3526,0,0,0.9999994039535522,1.5390522634106674e-08,6.187625558595755e-07,3.737417131333132e-08
3527,1,1,0.0006229797727428377,0.9975922107696533,1.178290676762117e-05,0.0017730251420289278
3528,0,0,0.9999948740005493,2.5902515972120455e-06,2.2435599476011703e-06,2.98692611977458e-07
3529,1,1,0.00014467420987784863,0.9981897473335266,0.0005170621443539858,0.0011485115392133594
3530,1,1,0.004959980957210064,0.9950206279754639,6.85076793160988e-06,1.2554083696159068e-05
3531,0,0,0.9983489513397217,0.0003728321462403983,0.0005397684290073812,0.0007385010248981416
3532,3,3,0.0023158472031354904,0.00021937952260486782,0.2572483718395233,0.7402164340019226
3533,0,0,0.9998366832733154,1.0950222531391773e-05,0.00014842838572803885,3.924191787518794e-06
3534,1,1,9.927861538017169e-05,0.9889392256736755,0.009549529291689396,0.0014119455590844154
3535,3,3,6.928954007889843e-06,1.3191849745908257e-07,2.350706017750781e-05,0.999969482421875
3536,0,0,0.9991610050201416,0.0005970106576569378,1.3806676179228816e-05,0.00022817208082415164
3537,3,2,0.009736153297126293,0.005941040348261595,0.7067450284957886,0.27757784724235535
3538,2,0,0.5407394170761108,0.01022106409072876,0.02683982253074646,0.42219969630241394
3539,1,1,0.03629618138074875,0.9584797620773315,0.002310402924194932,0.002913579111918807
3540,0,0,0.9697713851928711,0.00018748140428215265,0.008190429769456387,0.021850716322660446
3541,1,1,0.0021361748222261667,0.9937775135040283,0.0004339664301369339,0.0036523151211440563
3542,2,2,0.0034525077790021896,0.0010474579175934196,0.9895351529121399,0.005964897572994232
3543,1,1,2.323916669411119e-05,0.999962329864502,2.4961876121665227e-08,1.4412967175303493e-05
3544,1,1,0.0008328302064910531,0.9991218447685242,3.7879856336076045e-06,4.161294418736361e-05
3545,0,0,0.9999991655349731,4.761571688050026e-07,1.1194422455673703e-07,2.0685050117208448e-07
3546,0,3,0.014695932157337666,0.0001532302121631801,0.1527942717075348,0.8323565721511841
3547,0,0,0.9964672327041626,7.099079812178388e-05,4.1550141759216785e-05,0.003420210210606456
3548,2,0,0.8046678900718689,1.009742118185386e-05,0.014697141945362091,0.18062487244606018
3549,0,0,0.9993215799331665,3.49638175975997e-05,0.00043562566861510277,0.0002078486722894013
3550,1,1,0.12640611827373505,0.8729127645492554,0.00032435794128105044,0.00035671499790623784
3551,1,1,3.073757761740126e-05,0.9996638298034668,0.0002571351360529661,4.831661135540344e-05
3552,0,0,0.9999910593032837,5.233746946942119e-07,6.881733497721143e-06,1.561992689858016e-06
3553,2,2,0.013101272284984589,0.00013437859888654202,0.9329721331596375,0.05379228666424751
3554,2,0,0.683882474899292,0.008969811722636223,0.23382987082004547,0.07331787794828415
3555,0,0,0.8816956281661987,1.4754661606275477e-05,0.10431946069002151,0.013970127329230309
3556,2,2,0.004464784637093544,0.00030392021290026605,0.9611377120018005,0.03409353271126747
3557,1,1,0.005822375416755676,0.9932543635368347,0.0008933207718655467,2.9931688914075494e-05
3558,0,0,0.9999985694885254,2.275282469099693e-07,8.136273663694737e-07,3.841372802071419e-07
3559,1,1,7.139387889765203e-05,0.9999179840087891,9.294336450693663e-06,1.30307319068379e-06
3560,1,1,1.767913818184752e-05,0.9998764991760254,1.8606888261274435e-05,8.724629151402041e-05
3561,0,2,0.006245360244065523,1.3555988516600337e-05,0.8344561457633972,0.15928500890731812
3562,1,1,0.0003631039580795914,0.9978125095367432,0.0014866461278870702,0.00033769660512916744
3563,0,1,0.0004435218870639801,0.9995563626289368,3.287517102990023e-08,9.799580169556066e-08
3564,3,3,0.003156844060868025,0.00010679632396204397,4.91679493279662e-05,0.9966872334480286
3565,0,0,0.999966025352478,4.57169608125696e-06,2.8712605853797868e-05,6.536326395689684e-07
3566,2,2,0.03814082220196724,0.00013052865688223392,0.9445160627365112,0.017212606966495514
3567,3,3,0.1679488718509674,0.00016418816812802106,0.008848617784678936,0.8230383992195129
3568,1,1,0.37525084614753723,0.6049039363861084,0.011440176516771317,0.00840503815561533
3569,0,0,0.99726402759552,4.527345026872354e-06,0.0025023033376783133,0.00022920659102965146
3570,0,1,2.9379369152593426e-05,0.9999704360961914,6.0984206129433e-08,9.559401803471701e-08
3571,2,2,0.06005844101309776,8.198164869099855e-05,0.9331194758415222,0.006740016397088766
3572,0,0,0.9415938854217529,0.004837383050471544,0.027698157355189323,0.025870634242892265
3573,2,2,6.637908518314362e-05,1.237968660916522e-07,0.999680757522583,0.0002527992182876915
3574,3,3,0.004823717288672924,0.000894078693818301,0.03710664436221123,0.9571755528450012
3575,2,2,0.0006117141456343234,4.642712525537718e-08,0.9993724226951599,1.5754549167468213e-05
3576,2,3,0.09498126804828644,0.00014489477325696498,0.3795258104801178,0.5253480076789856
3577,2,2,0.0040919482707977295,0.00013284970191307366,0.9947176575660706,0.0010575391352176666
3578,1,1,0.0020496610086411238,0.9976487755775452,0.0002723810321185738,2.915300865424797e-05
3579,0,0,0.9999996423721313,1.4594884589769208e-07,1.3624611483464832e-07,4.156979827030227e-08
3580,2,3,0.00040861190063878894,0.0025636034552007914,0.11224538087844849,0.8847824335098267
3581,0,0,0.9889490604400635,0.0005905506550334394,0.008421352133154869,0.0020390839781612158
3582,2,3,0.20306536555290222,0.0001953130413312465,0.12066415697336197,0.6760752201080322
3583,2,2,0.0002211933460785076,1.0284556992701255e-05,0.998522937297821,0.0012455845717340708
3584,1,1,8.244167838711292e-05,0.9999170303344727,2.350705869957892e-07,2.1915833769980964e-07
3585,1,1,0.026153841987252235,0.9189435839653015,0.03776278719305992,0.017139779403805733
3586,1,1,0.004611448384821415,0.9948691129684448,0.00039441362605430186,0.00012501633318606764
3587,0,0,0.998738706111908,8.592529070483579e-07,0.0011532030766829848,0.00010723119339672849
3588,3,3,1.3768958524451591e-05,2.2822734990768367e-07,0.0036581752356141806,0.996327817440033
3589,2,2,0.005297348368912935,0.0003928799123968929,0.9942356944084167,7.40919858799316e-05
3590,0,3,0.004026841837912798,0.00013633658818434924,0.0025235393550246954,0.9933133721351624
3591,2,2,0.0065031456761062145,0.001155589590780437,0.9913353323936462,0.0010059515479952097
3592,2,2,0.0009528158116154373,3.208753696526401e-05,0.9386223554611206,0.06039272993803024
3593,2,2,5.260620673652738e-05,2.306815622432623e-05,0.8972852826118469,0.10263901948928833
3594,0,0,0.9999040365219116,6.304090493358672e-05,2.0091709302505478e-05,1.2779473763657734e-05
3595,2,2,0.06092396005988121,0.0006130366818979383,0.8568887114524841,0.08157428354024887
3596,1,1,0.0035834130831062794,0.9954879879951477,0.0006464756443165243,0.00028213034966029227
3597,1,1,7.638605893589556e-05,0.9990384578704834,0.0008200767333619297,6.513438711408526e-05
3598,0,0,0.9985582232475281,0.00039354307227768004,0.0008101293933577836,0.00023810697894077748
3599,1,1,0.399644672870636,0.5769138932228088,0.02148818038403988,0.0019532451406121254
3600,2,3,0.002846394432708621,7.78193207224831e-05,0.32222846150398254,0.6748473048210144
3601,1,1,0.02519931085407734,0.9616716504096985,0.0049276878125965595,0.008201397955417633
3602,3,3,0.0001078242712537758,8.788093452949397e-08,0.00022287058527581394,0.9996691942214966
3603,1,1,0.0001939987123478204,0.9995298385620117,0.00011211060336790979,0.000164035678608343
3604,0,0,0.38775432109832764,0.23368580639362335,0.03774476423859596,0.34081509709358215
3605,3,3,0.00041283867903985083,6.147327894723276e-06,0.04625345766544342,0.9533275961875916
3606,0,0,0.9987128973007202,1.7287758964812383e-05,0.00043224863475188613,0.0008375923498533666
3607,2,2,0.0018336883513256907,2.8335598472040147e-06,0.99759441614151,0.0005690670222975314
3608,0,0,0.9998531341552734,1.1727100172720384e-05,4.797891961061396e-05,8.702462946530432e-05
3609,0,0,0.9964632391929626,1.7804602975957096e-05,2.6379531846032478e-05,0.0034925646614283323
3610,3,3,0.001218716730363667,0.0010142388055101037,0.18675611913204193,0.8110108375549316
3611,0,0,0.999884843826294,9.212981240125373e-06,6.509166996693239e-05,4.0838578570401296e-05
3612,3,3,5.0710616051219404e-05,6.101928420321201e-07,0.1252879798412323,0.8746606707572937
3613,0,0,0.9965506792068481,0.002198267262428999,1.1133913176308852e-05,0.0012398819671943784
3614,3,3,0.0007172369514591992,2.727369519561762e-06,0.0030276591423898935,0.9962523579597473
3615,0,0,0.9993396401405334,2.7746618798119016e-06,0.0006409469060599804,1.662629802012816e-05
3616,2,2,0.19748203456401825,4.6576142267440446e-06,0.7827844023704529,0.01972886733710766
3617,2,3,8.927545422920957e-05,4.52360363851767e-05,0.005438617896288633,0.9944268465042114
3618,1,1,0.00010068889969261363,0.9998989105224609,1.761934385058339e-07,2.3528407666617568e-07
3619,0,0,0.8695380091667175,0.026483874768018723,0.05056848004460335,0.053409699350595474
3620,1,1,6.406370812328532e-05,0.9998345375061035,7.32931584934704e-05,2.8096714231651276e-05
3621,1,1,0.0035392825957387686,0.9898896217346191,0.005922185257077217,0.0006489279330708086
3622,0,0,0.9603139162063599,0.0001490477006882429,0.013377910479903221,0.02615910768508911
3623,3,3,5.424262081166198e-11,5.327467633708949e-12,2.511650620817818e-08,1.0
3624,2,2,0.00019096814503427595,1.5596140201523667e-07,0.9998084902763367,4.0564029291090264e-07
3625,0,0,0.9997441172599792,1.4535351510858163e-05,0.00020696813589893281,3.426837793085724e-05
3626,1,1,0.00017196466797031462,0.9998053908348083,1.950690602825489e-05,3.2370651297242148e-06
3627,0,3,0.0606975331902504,5.548604917748889e-07,0.1252644807100296,0.8140373826026917
3628,2,2,0.005564986262470484,0.0006898416904732585,0.9865119457244873,0.007233216892927885
3629,0,0,0.42318251729011536,0.15472255647182465,0.16853608191013336,0.25355881452560425
3630,1,0,0.8244063854217529,0.17354580760002136,0.000885062210727483,0.001162699656561017
3631,2,2,0.3888712227344513,0.00760921835899353,0.4393315017223358,0.16418801248073578
3632,2,2,0.010474389418959618,0.00016182979743462056,0.8774778842926025,0.11188594996929169
3633,0,0,0.9891762137413025,5.716313899029046e-05,7.686392200412229e-05,0.010689753107726574
3634,2,2,0.0014148629270493984,2.2299506952094816e-07,0.9983212351799011,0.0002635619312059134
3635,2,2,0.0005066767334938049,7.096452463883907e-06,0.9986024498939514,0.0008838368230499327
3636,1,1,0.0060921311378479,0.9913938641548157,0.0017481192480772734,0.0007658019312657416
3637,0,0,0.9171463251113892,0.0005717464373447001,0.05507912486791611,0.027202842757105827
3638,0,1,0.018850617110729218,0.5214451551437378,3.240243677282706e-05,0.45967185497283936
3639,1,1,8.584484021412209e-06,0.9999665021896362,1.4835027286608238e-06,2.3431941372109577e-05
3640,2,2,0.0026560062542557716,3.1935676361172227e-06,0.9896940588951111,0.0076468209736049175
3641,1,1,0.00048669142415747046,0.9994149208068848,1.8494527466828004e-05,7.991476013557985e-05
3642,3,3,0.009409341961145401,0.0009700488881208003,0.00041512437746860087,0.9892054796218872
3643,3,0,0.8951014280319214,7.5089287747687194e-06,0.001353698899038136,0.1035374253988266
3644,0,0,0.9998264908790588,7.635316251253244e-06,1.998794687096961e-05,0.00014582404401153326
3645,3,3,0.00013558109640143812,2.9297991204657592e-05,0.003541391110047698,0.9962937235832214
3646,1,1,5.022859477321617e-05,0.9999366998672485,9.672673513705377e-06,3.299386435173801e-06
3647,1,1,0.09194842725992203,0.8014283776283264,0.04264603927731514,0.06397715210914612
3648,0,0,0.9935404658317566,0.00011452090984676033,0.00013618762022815645,0.006208804436028004
3649,0,0,0.9999619722366333,9.222487165061466e-07,5.267105279926909e-06,3.18763850373216e-05
3650,0,0,1.0,1.619959201504262e-11,2.717399993912295e-08,1.319553466494483e-09
3651,3,3,0.00017510536417830735,4.549556251731701e-06,0.03152686357498169,0.9682935476303101
3652,3,3,0.015095588751137257,0.00017592361837159842,0.007890216074883938,0.976838231086731
3653,2,2,0.00011127593461424112,3.681708676595008e-06,0.8433003425598145,0.1565847098827362
3654,0,0,0.999933123588562,6.563432748407649e-07,1.1498575986479409e-05,5.4763910156907514e-05
3655,3,3,0.007980515249073505,0.00014986723545007408,0.3291347026824951,0.662734866142273
3656,2,2,0.0032833318691700697,0.0003865955222863704,0.9852918386459351,0.011038239113986492
3657,0,0,0.9472485780715942,0.029752327129244804,0.0016477956669405103,0.021351391449570656
3658,2,2,7.252919021993876e-05,1.4877127796353307e-06,0.9998334646224976,9.24334890441969e-05
3659,3,3,0.0006829065969213843,0.0005398939247243106,0.09052898734807968,0.908248245716095
3660,0,0,0.9940757751464844,6.2211547628976405e-06,0.002757173264399171,0.0031608131248503923
3661,0,1,0.12843436002731323,0.8715336322784424,1.4059120076126419e-05,1.7949641915038228e-05
3662,0,0,0.8236356377601624,1.3887580507798702e-06,0.17634357511997223,1.9448654711595736e-05
3663,2,2,9.310437008025474e-07,1.287090753976372e-06,0.9995684027671814,0.000429322273703292
3664,3,2,7.744515460217372e-05,0.0012024157913401723,0.9151293039321899,0.08359077572822571
3665,0,0,0.679780900478363,1.1782615274569253e-06,0.30407118797302246,0.016146762296557426
3666,1,1,3.026359081559349e-06,0.9999939203262329,2.6790507945406716e-06,3.6996314634052396e-07
3667,3,3,5.224846972851083e-06,6.910132697157678e-07,0.00047317109419964254,0.9995208978652954
3668,3,3,1.6714939192752354e-05,2.18508666876005e-05,0.0005613771500065923,0.9994001388549805
3669,0,0,0.999982476234436,3.4126721857319353e-06,6.997255241003586e-06,7.13490271664341e-06
3670,3,3,1.5974537745933048e-06,3.8977358229885795e-08,0.00369497062638402,0.9963034391403198
3671,2,3,0.0001260172139154747,2.9820617442055664e-07,0.02459454908967018,0.9752791523933411
3672,2,3,0.0016168687725439668,0.00256961933337152,0.013295803219079971,0.9825177788734436
3673,0,0,0.9999010562896729,8.447121899735066e-07,9.145034709945321e-06,8.888699085218832e-05
3674,2,2,0.00010044551163446158,4.0196755435317755e-06,0.9609638452529907,0.03893169388175011
3675,3,2,0.0029654153622686863,4.973828617949039e-05,0.9865431785583496,0.01044166274368763
3676,3,3,0.00157454505097121,5.837724165758118e-05,0.00022176474158186466,0.9981452226638794
3677,1,1,4.412731868796982e-05,0.9999555349349976,2.3351597633336496e-07,1.334922501428082e-07
3678,0,0,1.0,1.0415496243254552e-09,1.8829118264562794e-09,7.808160340516679e-09
3679,3,3,0.004089999943971634,0.00023853742459323257,0.08144834637641907,0.9142231345176697
3680,2,2,0.00222601555287838,1.1044629900425207e-05,0.9938850998878479,0.0038778013549745083
3681,3,3,1.594740569998976e-05,1.2173862806719171e-08,0.0017090283799916506,0.9982750415802002
3682,2,2,0.016267767176032066,9.509871597401798e-05,0.9832121729850769,0.00042495765956118703
3683,0,0,0.8082115650177002,0.0005492421332746744,0.1865730732679367,0.004666127730160952
3684,2,2,0.16598889231681824,0.12451627105474472,0.5424492955207825,0.16704551875591278
3685,0,0,0.5955028533935547,0.0007285739411599934,0.35929596424102783,0.04447260499000549
3686,0,0,0.6827496886253357,0.0007739426218904555,0.0480005256831646,0.26847589015960693
3687,3,3,3.007598024851177e-05,7.403176027764857e-07,0.1905486285686493,0.8094204664230347
3688,0,1,0.00017300317995250225,0.999607503414154,3.885096884914674e-05,0.00018066249322146177
3689,3,2,0.0001911981380544603,5.608205356111284e-06,0.6054257750511169,0.3943774104118347
3690,3,3,0.00019364917534403503,3.5107041185256094e-07,0.006167704239487648,0.9936382174491882
3691,3,3,6.108939123805612e-05,7.538515944816027e-08,0.0199514701962471,0.9799873232841492
3692,2,2,0.0006721522659063339,9.201286957249977e-06,0.9965093731880188,0.002809344558045268
3693,1,1,0.0032602252904325724,0.9966874718666077,3.210135764675215e-05,2.0158064216957428e-05
3694,2,2,0.011738688684999943,0.007199022453278303,0.6392067670822144,0.34185558557510376
3695,1,1,0.00011724163050530478,0.9998424053192139,3.774763536057435e-05,2.637252464410267e-06
3696,0,0,0.9832751154899597,0.0001547808788018301,0.00012853734369855374,0.01644154079258442
3697,0,0,0.9681513905525208,7.463086512871087e-05,2.5981162252719514e-05,0.03174795210361481
3698,0,0,0.9559226036071777,0.0012358097592368722,0.010494370944797993,0.03234725072979927
3699,2,2,0.001070576487109065,6.833472525613615e-06,0.9980251789093018,0.0008974309894256294
3700,2,2,0.0019145322730764747,3.2047732929640915e-06,0.9775742888450623,0.02050798200070858
3701,2,2,0.004209591541439295,0.005477434955537319,0.9272834062576294,0.06302952021360397
3702,3,2,0.0012182261561974883,1.2013058494630968e-06,0.8512169122695923,0.14756369590759277
3703,3,3,0.03369215130805969,2.110370132868411e-06,0.02908851020038128,0.9372172355651855
3704,1,1,1.1713051208062097e-05,0.9995853304862976,0.00036960767465643585,3.337202360853553e-05
3705,0,0,0.9999933242797852,1.9066446554916183e-07,5.521120328921825e-06,1.0419338423162117e-06
3706,3,3,5.58141982764937e-06,1.672932796736859e-07,0.0005929266335442662,0.999401330947876
3707,0,0,0.994366466999054,0.0001150370662799105,0.0016614036867395043,0.0038570223841816187
3708,3,0,0.7418572902679443,0.016902005299925804,0.01839030534029007,0.22285039722919464
3709,1,1,0.00013059389311820269,0.9997085928916931,0.0001040017232298851,5.677607987308875e-05
3710,0,0,0.9203640222549438,0.043442826718091965,0.03397957235574722,0.002213616156950593
3711,2,2,0.0018315884517505765,5.4521133279195055e-06,0.9934749007225037,0.0046880836598575115
3712,2,2,0.0047317855060100555,0.0002416162460576743,0.9938482642173767,0.0011783676454797387
3713,2,2,0.010165018029510975,8.440551755484194e-05,0.9408729672431946,0.048877548426389694
3714,3,3,0.0006335948128253222,5.252281698631123e-05,0.0675433874130249,0.9317705035209656
3715,3,3,0.04539060965180397,0.02267351932823658,0.06269224733114243,0.8692436218261719
3716,2,2,8.7782769696787e-05,3.3075435723617375e-09,0.9909313917160034,0.008980760350823402
3717,3,3,0.010655068792402744,0.0001280277210753411,0.0014176968252286315,0.9877991676330566
3718,0,0,0.7334777116775513,0.20730270445346832,0.023742103949189186,0.035477444529533386
3719,1,1,9.347628292744048e-06,0.9999762773513794,2.95076802103722e-06,1.1389799510652665e-05
3720,2,2,0.003143568756058812,6.745418795617297e-05,0.9967173933982849,7.156131323426962e-05
3721,1,1,0.0030717418994754553,0.9927636981010437,0.002185212215408683,0.0019793128594756126
3722,3,3,0.01788940466940403,0.00947374477982521,0.058494582772254944,0.9141422510147095
3723,2,2,0.07702095806598663,0.07240143418312073,0.7397266030311584,0.11085092276334763
3724,2,2,0.008817209862172604,0.00023093663912732154,0.9885817170143127,0.0023701635655015707
3725,1,1,1.0456052024210294e-07,0.9999998807907104,2.1282462014937664e-08,1.1736400296058491e-08
3726,3,3,6.019730136586077e-08,9.810215750860607e-09,7.372901018243283e-05,0.9999262094497681
3727,0,0,0.9999978542327881,3.011382787576622e-08,2.0112274796701968e-06,1.1236956964921774e-07
3728,2,3,0.003415876068174839,2.7793921617558226e-06,0.1500897854566574,0.8464915156364441
3729,2,2,0.0004735572438221425,1.126868028222816e-05,0.999281108379364,0.00023409015557263047
3730,3,3,0.005728749558329582,0.0006837221444584429,0.014474784955382347,0.9791127443313599
3731,3,3,0.00993708148598671,0.002514735097065568,0.004770934581756592,0.9827772378921509
3732,3,3,0.0001617083908058703,1.399535631207982e-05,0.040601830929517746,0.9592224955558777
3733,1,1,0.0057239471934735775,0.994269847869873,5.959232566965511e-06,2.9240339927127934e-07
3734,1,1,0.00097536580869928,0.9984121322631836,0.0005918191745877266,2.065086482616607e-05
3735,0,0,0.9845204949378967,0.0007576108328066766,0.00013664059224538505,0.014585223980247974
3736,1,1,0.003147110342979431,0.9956241250038147,0.0007984415860846639,0.00043034442933276296
3737,0,0,0.997124969959259,0.00028661449323408306,0.0017658876022323966,0.0008225864730775356
3738,3,3,0.0012352565536275506,1.3944633792561945e-05,0.0013450462138280272,0.9974058270454407
3739,3,3,0.0002493412757758051,2.097048309224192e-06,1.828022323024925e-05,0.9997301697731018
3740,1,1,0.0020527204032987356,0.9882735013961792,0.0028715096414089203,0.006802238058298826
3741,3,3,0.00020353558647911996,3.090122845605947e-05,0.39538779854774475,0.6043777465820312
3742,2,2,0.005825442261993885,2.6726014766609296e-05,0.7835753560066223,0.21057242155075073
3743,0,0,0.9999697208404541,5.817365718030487e-07,2.83998015220277e-05,1.3017954643146368e-06
3744,1,1,0.0022859512828290462,0.9970319271087646,0.0005059107206761837,0.0001761169551173225
3745,1,1,0.045397479087114334,0.893504798412323,0.002041085623204708,0.05905658006668091
3746,0,1,4.128111322643235e-05,0.9999586343765259,5.984276185699855e-08,5.508285738642371e-08
3747,0,2,8.554658415960148e-05,1.0192017043664237e-06,0.9986265897750854,0.0012868576450273395
3748,1,1,5.7511766016205e-08,0.9999997615814209,1.3329359660474438e-07,4.316905055645748e-09
3749,0,0,0.9999992847442627,9.785086518832031e-09,7.252962319626022e-08,5.88463706208131e-07
3750,2,2,0.0030535305850207806,4.760020601679571e-05,0.9554409384727478,0.04145797714591026
3751,2,2,8.532142601325177e-06,2.4969008336483967e-06,0.959006130695343,0.04098273441195488
3752,2,2,0.14797258377075195,0.0025075192097574472,0.8294788002967834,0.02004113793373108
3753,0,0,0.996269941329956,3.857591582345776e-05,0.002105472842231393,0.0015859920531511307
3754,2,2,0.015198658220469952,0.016586996614933014,0.9670548439025879,0.0011595470132306218
3755,0,0,0.9995293617248535,4.890599029749865e-06,0.0002174412366002798,0.00024835742078721523
3756,0,0,0.9999995231628418,2.566443129126128e-07,2.312330948939234e-08,2.1837900021637324e-07
3757,3,3,8.168249041773379e-05,7.304586688405834e-06,0.02914104051887989,0.970770001411438
3758,0,0,0.999985933303833,1.0302574082743376e-05,1.0609330729494104e-06,2.650526084835292e-06
3759,3,2,4.107942368136719e-05,3.6465223729464924e-07,0.8902966976165771,0.10966188460588455
3760,3,3,5.556976975640282e-05,3.490544884243718e-07,0.0692429468035698,0.9307011961936951
3761,0,0,0.9257586002349854,0.0017032064497470856,0.0019220415269955993,0.07061616331338882
3762,0,0,0.9894673228263855,1.2144884749432094e-05,1.5869695744186174e-06,0.01051897183060646
3763,2,2,0.003051236504688859,8.027690228118445e-07,0.996554970741272,0.0003929991798941046
3764,2,2,0.00032540058600716293,1.5807019735802896e-05,0.9992632269859314,0.0003955053980462253
3765,2,2,0.0038941206876188517,2.487398731432222e-08,0.9953511953353882,0.0007545675616711378
3766,3,3,0.00022072972205933183,4.387338412925601e-05,0.11267032474279404,0.887065052986145
3767,0,0,0.9997522234916687,0.00020774637232534587,1.3475367268256377e-05,2.6619800337357447e-05
3768,1,1,0.0012595639564096928,0.9986289739608765,9.796853555599228e-05,1.357340624963399e-05
3769,2,2,0.00016703364963177592,7.003766313573578e-06,0.9847105145454407,0.01511541847139597
3770,2,2,0.0006195993046276271,2.7578864774113754e-06,0.9992139339447021,0.00016368106298614293
3771,1,1,0.0002391073649050668,0.999760091304779,2.578645990070072e-07,6.417034228434204e-07
3772,1,1,0.008249332197010517,0.9907292723655701,0.000943479361012578,7.792922406224534e-05
3773,1,1,0.00041787850204855204,0.9995355606079102,4.287825504434295e-06,4.2299707274651155e-05
3774,0,0,0.9863662719726562,0.002075610216706991,0.0021557093132287264,0.009402493014931679
3775,3,3,0.043919697403907776,0.0009056867565959692,0.4054177403450012,0.5497568845748901
3776,3,3,0.0018404190195724368,4.900008570984937e-05,0.001245742430910468,0.9968648552894592
3777,3,0,0.7416476607322693,0.0006984707433730364,0.05014507472515106,0.20750875771045685
3778,2,2,0.002202299889177084,6.458619282057043e-06,0.9911428689956665,0.00664836959913373
3779,2,2,0.00020812299044337124,4.879958396486472e-06,0.998651921749115,0.0011351390276104212
3780,3,3,0.12528425455093384,2.0825200408580713e-06,1.0575849046290386e-05,0.874703049659729
3781,1,1,0.0011793560115620494,0.9988135099411011,4.557078227662714e-06,2.6635020731191617e-06
3782,0,0,0.9999990463256836,4.5597963094223815e-07,9.864731964626117e-08,3.3521394016133854e-07
3783,0,0,0.9997599720954895,3.5879029383067973e-06,0.00022353070380631834,1.2808181963919196e-05
3784,0,0,0.6382692456245422,8.630965021438897e-05,0.09921085834503174,0.26243355870246887
3785,0,0,0.9964311122894287,0.0009691491140983999,0.00044238907867111266,0.0021574010606855154
3786,0,0,0.999872088432312,7.690074426136562e-07,0.00010857234883587807,1.8596552763483487e-05
3787,3,3,0.00012173134746262804,1.696805156825576e-06,0.005224975757300854,0.9946516156196594
3788,3,3,3.8209462218219414e-05,4.864965376327746e-06,0.000925547385122627,0.9990314245223999
3789,2,2,0.0009428639896214008,2.048893975370447e-06,0.9957347512245178,0.0033203691709786654
3790,0,2,0.11612557619810104,0.00046208128333091736,0.8827143311500549,0.000698033079970628
3791,1,1,0.006363685242831707,0.9934879541397095,0.00011529529729159549,3.2991665648296475e-05
3792,1,1,0.10084342956542969,0.7593850493431091,0.07414579391479492,0.06562569737434387
3793,3,3,0.024946171790361404,0.00022609591542277485,0.0026440767105668783,0.9721836447715759
3794,1,1,0.010650360956788063,0.9892836809158325,5.019415766582824e-05,1.576822432980407e-05
3795,2,2,0.008594274520874023,0.009367144666612148,0.9163708090782166,0.06566781550645828
3796,2,3,0.13416363298892975,0.000297323043923825,0.3761763870716095,0.48936256766319275
3797,2,2,0.2583274841308594,5.838261927237909e-07,0.7409423589706421,0.0007295417017303407
3798,1,1,6.0230308008613065e-05,0.9988503456115723,0.0004093579191248864,0.0006800750270485878
3799,0,0,0.9901305437088013,0.0003188994887750596,0.0023231739178299904,0.007227430120110512
3800,3,3,0.00019703133148141205,8.751027962716762e-06,0.4639796316623688,0.5358145833015442
3801,3,3,2.4914433538469893e-07,3.575680307399409e-10,2.8267235393286683e-05,0.9999715089797974
3802,3,3,0.0005834501353092492,1.5454731965292012e-06,0.000484595715533942,0.9989303946495056
3803,1,1,0.0007516054902225733,0.9942594766616821,7.682381692575291e-05,0.004912142641842365
3804,2,2,0.0010561333037912846,2.968821718241088e-06,0.9985191226005554,0.0004217860696371645
3805,0,1,0.006391448900103569,0.99339359998703,9.405476157553494e-05,0.00012091724784113467
3806,1,1,0.002215280896052718,0.9977739453315735,7.5141192610317376e-06,3.2238863241218496e-06
3807,2,2,8.333084406331182e-05,7.781174531373836e-07,0.9998958110809326,2.0073024643352255e-05
3808,1,1,0.003215122502297163,0.9843276739120483,0.007090126164257526,0.005367103964090347
3809,1,1,0.00021748650760855526,0.9997584223747253,1.3251650671008974e-05,1.0793888577609323e-05
3810,0,0,0.9998953342437744,1.119174953601032e-06,4.849814558838261e-06,9.860873251454905e-05
3811,3,3,7.276353244378697e-06,1.3409457544355519e-08,0.0050586918368935585,0.9949340224266052
3812,2,2,0.01933351345360279,0.0009570155525580049,0.9554348587989807,0.024274645373225212
3813,2,3,0.001214707619510591,0.00014484470011666417,0.01364135928452015,0.9849990010261536
3814,0,0,0.9920658469200134,0.001205504173412919,0.0016899064648896456,0.005038776434957981
3815,3,3,0.0004424753424245864,9.014207194013579e-07,0.016928983852267265,0.9826275706291199
3816,3,3,0.0019299052655696869,3.646203595053521e-06,0.05702149122953415,0.9410449266433716
3817,2,2,0.0026306118816137314,2.21692789637018e-05,0.9958624839782715,0.0014846388949081302
3818,3,3,0.035746198147535324,0.00017688458319753408,0.011584383435547352,0.9524924755096436
3819,2,2,0.0065170470625162125,0.0013083536177873611,0.9485114812850952,0.043663106858730316
3820,1,1,0.04659067466855049,0.8785228729248047,0.036033980548381805,0.03885241970419884
3821,0,0,0.9999957084655762,4.856248381202022e-08,2.188181497331243e-06,2.0845573089900427e-06
3822,2,2,0.021478775888681412,0.0004277023545000702,0.9627255797386169,0.015367958694696426
3823,2,2,0.00036337150959298015,0.0013482015347108245,0.9982278943061829,6.045095142326318e-05
3824,3,3,2.7792414130090037e-06,6.624440995750547e-09,0.0003704537230078131,0.9996267557144165
3825,1,1,0.006554208695888519,0.993366539478302,3.9972179365577176e-05,3.935032873414457e-05
3826,2,3,3.943875344702974e-05,9.012316877488047e-05,0.3337365686893463,0.6661338806152344
3827,3,3,0.004012046381831169,3.835225652437657e-05,0.008144370280206203,0.9878052473068237
3828,3,3,1.4959914551582187e-05,1.7477098026574822e-06,0.00016081369540188462,0.9998224377632141
3829,2,2,0.00016075596795417368,1.1055198228859808e-05,0.8827185034751892,0.11710963398218155
3830,3,3,0.0001771243696566671,1.0473670045030303e-05,0.03516950085759163,0.9646428823471069
3831,1,1,0.00026064302073791623,0.9988359808921814,0.0004644535365514457,0.00043884949991479516
3832,0,0,0.8520669937133789,0.02284017764031887,0.03682462126016617,0.08826819062232971
3833,0,0,0.8033474683761597,0.026149487122893333,0.1367272585630417,0.033775847405195236
3834,3,3,0.0010604053968563676,0.0013019415782764554,0.22908170521259308,0.7685559988021851
3835,3,3,7.383185584330931e-05,4.399935278343037e-07,0.0061932457610964775,0.9937323927879333
3836,1,1,0.00656242435798049,0.9930955767631531,3.925575947505422e-05,0.0003027578932233155
3837,1,1,0.017005495727062225,0.9828304052352905,3.3887613426486496e-06,0.0001607550075277686
3838,0,0,0.9915422201156616,0.0009194579324685037,0.003608743194490671,0.00392954470589757
3839,1,1,0.004563085734844208,0.9951314926147461,6.503695476567373e-05,0.00024051895888987929
3840,1,1,0.1871180534362793,0.7936233282089233,0.01579567976295948,0.003462896216660738
3841,1,1,0.0030382194090634584,0.9811978936195374,0.015180952847003937,0.0005829641013406217
3842,2,2,0.00026699452428147197,2.2611002350458875e-06,0.9971539974212646,0.0025767902843654156
3843,0,0,0.9999997615814209,1.0104069048111342e-07,5.779139655714971e-08,1.5513359130636672e-07
3844,0,0,0.9999996423721313,2.2483073180978863e-09,2.4045806412686943e-07,7.446549687983861e-08
3845,0,0,0.9547887444496155,3.2603235013084486e-05,0.00202623731456697,0.043152399361133575
3846,3,3,0.005701691843569279,0.000820894492790103,0.030018053948879242,0.9634594321250916
3847,3,3,0.03512813523411751,0.0006996628362685442,0.008965370245277882,0.9552069306373596
3848,1,1,0.0002926628803834319,0.9996659755706787,2.0599487470462918e-05,2.0759031031047925e-05
3849,3,3,3.9334507164312527e-05,7.724462420810596e-07,0.008215531706809998,0.991744339466095
3850,0,0,0.866952121257782,0.00035636674147099257,0.047779519110918045,0.08491199463605881
3851,1,1,0.0132746621966362,0.9803138971328735,0.006150624714791775,0.00026080195675604045
3852,1,1,0.00011592835653573275,0.9998617172241211,9.10820654098643e-06,1.3249343282950576e-05
3853,3,3,0.0007524858228862286,8.171411423063546e-07,6.062398097128607e-05,0.999186098575592
3854,2,2,3.737794031621888e-05,3.3449284728703788e-06,0.9999345541000366,2.463653618178796e-05
3855,0,0,0.9997654557228088,0.0002211633836850524,4.431575234775664e-06,8.92170373845147e-06
3856,0,2,0.007763416972011328,0.0001894619344966486,0.9820461869239807,0.01000096183270216
3857,2,2,0.0006059480365365744,0.0018233732553198934,0.9940419793128967,0.003528669010847807
3858,1,1,1.338132187811425e-05,0.9999831914901733,2.4669934646226466e-06,9.862152410278213e-07
3859,1,1,0.0025995916221290827,0.9969507455825806,2.243304879812058e-05,0.00042727604159154
3860,0,0,0.9828585386276245,1.6579093426116742e-05,0.00013537806808017194,0.016989560797810555
3861,2,2,0.024658167734742165,6.034532816556748e-06,0.9752339124679565,0.00010183410631725565
3862,2,2,1.0170027053391095e-05,4.4019549250151613e-07,0.9999775886535645,1.184998473036103e-05
3863,0,2,0.07394859939813614,0.0006996134761720896,0.8925960659980774,0.03275573253631592
3864,2,2,4.5609427616000175e-05,8.64017511048587e-06,0.998162567615509,0.001783217303454876
3865,1,1,0.06256606429815292,0.8968127369880676,0.003896392183378339,0.03672473132610321
3866,2,2,0.0059590814635157585,0.0005965468590147793,0.9902044534683228,0.003239900805056095
3867,2,2,0.006697813514620066,0.00013358522846829146,0.9926851987838745,0.0004834229766856879
3868,2,2,0.0003556539013516158,0.0012950480449944735,0.9981498718261719,0.00019948426051996648
3869,3,3,0.009689442813396454,0.003344766329973936,0.03595617040991783,0.9510096311569214
3870,2,2,0.05752949416637421,9.315287570643704e-06,0.9383788704872131,0.0040823486633598804
3871,1,1,3.0783874535700306e-05,0.9999691247940063,1.3231381501555006e-07,1.435173224706432e-08
3872,3,3,2.752492218860425e-05,1.1437866305641364e-05,0.011256126686930656,0.9887049794197083
3873,0,0,0.974856972694397,0.0011554403463378549,0.013489093631505966,0.010498534888029099
3874,0,0,0.9999591112136841,9.394381095262361e-07,1.701053224678617e-05,2.2928998077986762e-05
3875,2,2,0.04900862276554108,0.0001451689749956131,0.9497888088226318,0.0010573951294645667
3876,0,0,0.9907163977622986,1.1306972737656906e-05,0.0005937368841841817,0.008678531274199486
3877,0,0,0.9980878233909607,0.00013128225691616535,0.00029456368065439165,0.001486217137426138
3878,0,0,1.0,2.825716050036675e-10,4.214468329877263e-09,4.593315505729834e-09
3879,3,3,2.374793837134348e-07,1.8403228940755412e-09,9.084310477192048e-06,0.999990701675415
3880,2,2,0.16404172778129578,0.0018213075818493962,0.7173094153404236,0.11682754009962082
3881,1,1,7.498046761611477e-05,0.9999051094055176,1.900062125059776e-05,9.575991271049134e-07
3882,0,2,0.01178088691085577,0.018349088728427887,0.9245068430900574,0.04536321759223938
3883,3,3,7.3218002398789395e-06,2.596339527372038e-06,0.0004198047681711614,0.9995701909065247
3884,1,1,0.0016796960262581706,0.9981978535652161,5.6682765716686845e-05,6.578997999895364e-05
3885,1,1,0.00017517527157906443,0.9998069405555725,1.5144339158723596e-05,2.6883387818088522e-06
3886,0,0,0.9999996423721313,3.981214025117197e-09,1.1698856638986399e-07,1.8059300543882273e-07
3887,3,2,0.00018076824198942631,6.771933271920716e-07,0.8274350762367249,0.17238345742225647
3888,3,3,0.022914133965969086,0.01984194666147232,5.99086306465324e-05,0.9571839570999146
3889,2,2,0.026105865836143494,0.00011335044837323949,0.9543664455413818,0.019414352253079414
3890,2,2,0.019635315984487534,0.0009139737812802196,0.9602789282798767,0.019171740859746933
3891,3,3,0.00038745952770113945,6.408535409718752e-05,0.020706884562969208,0.9788416028022766
3892,1,1,0.003023758064955473,0.9950165152549744,0.000614218763075769,0.0013455242151394486
3893,0,0,0.9999969005584717,1.9136631124183623e-07,2.3447037165169604e-06,5.425042104434397e-07
3894,1,1,0.0010758331045508385,0.9985648989677429,0.00031544140074402094,4.383215855341405e-05
3895,3,3,0.13921663165092468,0.06212474778294563,0.31936901807785034,0.4792896509170532
3896,1,1,4.3787091271951795e-05,0.9999336004257202,2.0496621800702997e-05,2.1407277017715387e-06
3897,0,0,0.9975622892379761,0.0001733444514684379,0.00010016537271440029,0.002164193196222186
3898,1,1,0.004504102747887373,0.9936560392379761,0.001701735658571124,0.00013807891809847206
3899,0,1,0.220907524228096,0.7784479260444641,0.0001373982522636652,0.0005071796476840973
3900,0,1,0.037801120430231094,0.9603515267372131,0.0006906266207806766,0.0011567098554223776
3901,1,1,7.566178283013869e-06,0.9999923706054688,7.801732238021941e-08,2.2586634784715898e-08
3902,2,2,0.0009514836710877717,4.0629918657941744e-05,0.9986295700073242,0.00037827412597835064
3903,0,0,0.9999686479568481,1.839682227000594e-05,1.0404915883555077e-05,2.5725180421432015e-06
3904,0,0,0.9989628791809082,6.361348425798496e-08,1.452426931791706e-05,0.0010225808946415782
3905,1,1,0.010195371694862843,0.9541599750518799,0.030555488541722298,0.005089163314551115
3906,0,0,0.9998279809951782,1.2157707374171878e-07,0.00014962218119762838,2.228499943157658e-05
3907,2,2,0.0024121194146573544,4.431984507391462e-06,0.9943197965621948,0.003263631835579872
3908,1,1,0.027266763150691986,0.9723281860351562,0.0003410682256799191,6.396032404154539e-05
3909,0,0,0.9369438290596008,0.0031681908294558525,0.0005008070729672909,0.05938715487718582
3910,0,0,0.9771335124969482,0.001833680085837841,0.0005903685232624412,0.020442498847842216
3911,0,0,0.6637207269668579,0.00012078694271622226,0.32887890934944153,0.007279620971530676
3912,0,0,0.9886110424995422,0.0002308800903847441,0.003152653807774186,0.008005381561815739
3913,3,0,0.5322558879852295,0.00010780817683553323,0.07473336160182953,0.3929029703140259
3914,0,0,0.9993439316749573,2.4700073026906466e-06,7.112488674465567e-05,0.0005824703257530928
3915,0,0,0.9999728202819824,1.0225738478197854e-08,1.8316920886718435e-06,2.540121022320818e-05
3916,0,0,0.6353564262390137,1.3119122854732268e-07,0.09390842914581299,0.2707350552082062
3917,1,1,0.002142389537766576,0.9976220726966858,2.271942548759398e-06,0.0002331654541194439
3918,0,0,0.9999948740005493,1.8108876247424632e-06,2.4086627945507644e-06,9.433951504433935e-07
3919,1,1,0.0001482924708398059,0.9998427629470825,5.271024292596849e-06,3.6363251183502143e-06
3920,0,0,0.9971774816513062,3.827777163678547e-06,0.0017512011108919978,0.0010674329241737723
3921,1,1,0.006719093769788742,0.9930740594863892,0.00015862725558690727,4.814348358195275e-05
3922,3,3,4.485872068471508e-06,8.904671999765412e-10,8.143205718624813e-07,0.9999947547912598
3923,1,1,0.004763750825077295,0.9951947331428528,4.330086994741578e-06,3.7114721635589376e-05
3924,1,1,0.0006943789194338024,0.9993051290512085,4.43776031033849e-07,1.2207736155289695e-08
3925,0,0,0.9997475743293762,0.00015071929374244064,7.756196282571182e-05,2.4084036340354942e-05
3926,1,1,0.0068303742446005344,0.9832091927528381,0.00837264209985733,0.0015878499252721667
3927,1,1,0.0006032906239852309,0.9992451667785645,1.953345963556785e-05,0.0001319533184869215
3928,0,0,0.9994431138038635,0.00011599934805417433,0.00014285767974797636,0.00029797875322401524
3929,0,0,0.9996138215065002,2.8915730254652772e-08,0.00018346947035752237,0.000202723647817038
3930,0,0,0.9999445676803589,1.757106656441465e-05,1.681796129560098e-05,2.110527566401288e-05
3931,0,0,0.9999897480010986,5.199222030682904e-08,4.923369942844147e-06,5.270557267067488e-06
3932,1,1,0.00013622845290228724,0.9998599290847778,1.6303335996781243e-06,2.1459313757077325e-06
3933,1,1,0.0001417608291376382,0.999841570854187,1.397671348968288e-05,2.638779733388219e-06
3934,2,2,3.512474722811021e-05,3.324066710774787e-05,0.9995181560516357,0.00041345274075865746
3935,1,1,0.0066147902980446815,0.9832557439804077,0.007682300638407469,0.002447192557156086
3936,1,1,0.004047676920890808,0.9955328702926636,0.0003178476181346923,0.0001015675297821872
3937,1,1,0.09135819226503372,0.9081842303276062,0.0002967946056742221,0.00016072721336968243
3938,1,1,0.0014783935621380806,0.9959852695465088,0.0012015793472528458,0.0013347557978704572
3939,1,1,0.001029412029311061,0.9985124468803406,3.0644576327176765e-05,0.0004275015671737492
3940,2,2,0.012736760079860687,0.006343862973153591,0.9642856121063232,0.016633687540888786
3941,1,1,7.275605184986489e-06,0.9999920129776001,5.881688025510812e-07,9.386840105207739e-08
3942,1,1,0.12784354388713837,0.8625293970108032,0.007664832286536694,0.001962288748472929
3943,0,0,0.9984017014503479,8.491014887113124e-05,0.0007319081341847777,0.0007813854608684778
3944,1,1,3.4083164791809395e-05,0.999872088432312,6.001105793984607e-05,3.3874024666147307e-05
3945,3,2,9.483517351327464e-05,0.00024045651662163436,0.8473685383796692,0.15229609608650208
3946,1,1,0.00045473247882910073,0.9980416297912598,0.0007223400752991438,0.0007813047850504518
3947,1,1,0.002729803789407015,0.9353052973747253,0.008626589551568031,0.05333830788731575
3948,0,0,0.9938398003578186,0.0001562988036312163,0.0028808487113565207,0.00312304706312716
3949,2,1,0.14656269550323486,0.46909770369529724,0.2572028338909149,0.1271367371082306
3950,3,3,1.1676082067424431e-05,1.1754854085666011e-06,0.0016887150704860687,0.9982984662055969
3951,1,1,0.01101123820990324,0.9800307154655457,0.006908468436449766,0.0020496591459959745
3952,1,1,0.014147695153951645,0.9852900505065918,0.00038932086317799985,0.00017293384007643908
3953,3,1,0.008419856429100037,0.866187572479248,0.011017086915671825,0.11437560617923737
3954,3,3,0.0007722254958935082,6.493405180663103e-06,0.01724120043218136,0.9819802045822144
3955,1,1,3.23395142913796e-05,0.9999669790267944,1.3883242999668255e-08,7.254959655256243e-07
3956,0,0,0.9882022738456726,0.008752306923270226,0.0003839159326162189,0.0026615115348249674
3957,0,0,0.9979062080383301,0.0014175905380398035,0.0002558777341619134,0.0004203365242574364
3958,0,0,0.9999421834945679,1.3184735507820733e-05,8.052176781347953e-06,3.65363885066472e-05
3959,1,1,0.0009466201299801469,0.998957633972168,9.134477295447141e-05,4.376089691504603e-06
3960,0,0,0.9999860525131226,2.2955191525397822e-07,2.527234528315603e-07,1.3492730431607924e-05
3961,1,1,7.998353248694912e-05,0.9998304843902588,9.935924026649445e-06,7.957671186886728e-05
3962,1,1,0.16135036945343018,0.8385506868362427,6.890195072628558e-05,3.001749428221956e-05
3963,1,1,0.00019650589092634618,0.9996362924575806,0.00012297106150072068,4.427009480423294e-05
3964,3,3,0.11567565053701401,0.0005609625368379056,0.036483459174633026,0.8472799062728882
3965,1,1,0.006715191528201103,0.9913195967674255,0.0009305336861871183,0.0010346532799303532
3966,1,1,0.0013937627663835883,0.9983856678009033,0.00010354800178902224,0.00011702671326929703
3967,0,0,0.9871830940246582,0.00010954247409244999,0.00667878333479166,0.006028557661920786
3968,2,3,4.5214404963189736e-05,6.095937123973272e-07,0.004804912954568863,0.9951493144035339
3969,3,3,0.002109573222696781,0.0011271549155935645,0.3408912420272827,0.655872106552124
3970,2,3,0.00014788389671593904,3.534606094035553e-06,0.007850898429751396,0.9919976592063904
3971,0,0,0.9937617182731628,0.0002771977160591632,0.004217833746224642,0.0017432819586247206
3972,1,0,0.6819870471954346,0.2011343538761139,0.05527767911553383,0.061600882560014725
3973,1,3,0.0009864441817626357,0.34782886505126953,0.07756539434194565,0.5736192464828491
3974,2,2,0.018200190737843513,0.17986024916172028,0.799955427646637,0.001984192756935954
3975,2,2,0.02887166105210781,0.028956880792975426,0.8950341939926147,0.04713725671172142
3976,2,2,0.0056297676637768745,2.3074370858466864e-07,0.9941874742507935,0.00018247266416437924
3977,2,2,0.00037963874638080597,5.415860869106837e-06,0.996641993522644,0.002973003778606653
3978,1,1,6.950718216103269e-06,0.9999918937683105,8.692205710758572e-07,2.066930022692759e-07
3979,0,0,0.9999998807907104,3.535966897061371e-08,3.0402738104839955e-08,1.3765760797923576e-07
3980,0,1,0.17197845876216888,0.5799853801727295,0.004042001906782389,0.24399413168430328
3981,0,3,0.09315788000822067,0.001419047242961824,0.016455579549074173,0.8889674544334412
3982,1,1,7.260363054228947e-05,0.9999055862426758,7.021274996077409e-06,1.4786377505515702e-05
3983,3,3,0.010837285779416561,0.0007216651574708521,0.3706778287887573,0.6177632808685303
3984,3,3,0.00339621864259243,0.002139531308785081,0.008632048964500427,0.9858322143554688
3985,3,3,2.037971853496856e-06,4.9148557081935e-06,0.0019964310340583324,0.9979966282844543
3986,3,3,0.31016620993614197,0.027567721903324127,0.16001412272453308,0.502251923084259
3987,3,3,9.899097494781017e-05,3.237518103560433e-05,0.0003634605382103473,0.9995051622390747
3988,2,2,0.0008976062526926398,1.3432351806841325e-05,0.9988024234771729,0.00028652005130425096
3989,3,3,7.728915285554194e-09,8.860775828345435e-12,2.5172263917738746e-07,0.9999997615814209
3990,2,2,0.001510640257038176,4.7085253754630685e-05,0.9946697354316711,0.003772488096728921
3991,3,3,0.00011029741290258244,1.3672455679625273e-05,0.0012318703811615705,0.9986441731452942
3992,0,0,0.6713778376579285,0.00038532420876435935,0.20319247245788574,0.12504440546035767
3993,3,3,6.6344032347842585e-06,2.378274075454101e-07,0.0007673664949834347,0.9992257356643677
3994,3,2,0.0034309052862226963,0.018553676083683968,0.7664841413497925,0.21153120696544647
3995,1,1,0.00038055612822063267,0.99949049949646,8.889074524631724e-05,4.0084923966787755e-05
3996,1,1,4.513468957156874e-05,0.9998892545700073,3.1376792321680114e-05,3.415950413909741e-05
3997,1,1,3.8579826650675386e-05,0.9999606609344482,5.693111120308458e-07,2.627575383939984e-07
3998,3,0,0.9826170802116394,1.827085860384159e-08,3.977265350840753e-06,0.017378875985741615
3999,0,0,0.9387951493263245,0.039361629635095596,0.009704073891043663,0.012139051221311092
4000,2,3,0.0008065762813203037,1.3599056728708092e-05,0.023235851898789406,0.975943922996521
4001,0,0,0.9998712539672852,3.3026219625753583e-07,3.6629284295486286e-05,9.183421934721991e-05
4002,2,2,1.8908089259639382e-05,2.0006864360766485e-06,0.9998650550842285,0.00011396023910492659
4003,2,2,0.0015483234310522676,6.806657893321244e-06,0.9971092343330383,0.0013357008574530482
4004,3,3,0.07789215445518494,9.786294867808465e-06,0.0047167763113975525,0.9173812866210938
4005,3,3,1.0316789484932087e-06,3.760550626452641e-08,0.00037303450517356396,0.9996259212493896
4006,2,2,0.0013366147177293897,2.52242898568511e-06,0.998542070388794,0.00011880821693921462
4007,0,0,0.810630738735199,0.010456460528075695,0.055044468492269516,0.12386827170848846
4008,2,2,0.027783924713730812,2.744229959716904e-06,0.9720688462257385,0.00014454706979449838
4009,3,3,2.0329853214207105e-05,1.9925964807043783e-06,0.004847676958888769,0.9951299428939819
4010,0,0,0.9891024827957153,0.000305753608699888,0.006510686129331589,0.004081125371158123
4011,1,1,1.6159652659553103e-05,0.9999822378158569,9.159642786471522e-07,6.845799020993582e-07
4012,3,3,0.0003266339481342584,6.183160621731076e-06,0.00048515203525312245,0.9991820454597473
4013,2,2,0.04291227087378502,0.0016621962422505021,0.9481392502784729,0.007286209613084793
4014,2,2,4.863575213676086e-06,9.293598282056337e-07,0.9999840259552002,1.0140157428395469e-05
4015,0,0,0.9966375827789307,0.0002911961346399039,0.0010413824347779155,0.0020298478193581104
4016,3,3,7.349131436740208e-08,9.756195851196026e-10,6.593945727217942e-07,0.9999992847442627
4017,3,3,0.012345122173428535,0.00025580220972187817,0.016246147453784943,0.9711529016494751
4018,1,1,0.15001444518566132,0.847321629524231,0.002057790057733655,0.000606116431299597
4019,1,1,0.0022862893529236317,0.5782997608184814,0.4175232946872711,0.0018907139310613275
4020,2,2,9.227449481841177e-05,1.3895718211642816e-06,0.9488147497177124,0.05109159275889397
4021,3,3,1.494780264010842e-07,2.9559950043278604e-09,0.00035788805689662695,0.9996418952941895
4022,2,2,0.017680438235402107,0.0017147166654467583,0.9307123422622681,0.04989242926239967
4023,3,3,0.0003723571135196835,0.00016226305160671473,0.03660384193062782,0.9628614783287048
4024,2,2,0.0007354805711656809,4.233035326706158e-07,0.9992576241493225,6.4906166699074674e-06
4025,2,2,0.00010376280260970816,3.861347011024918e-07,0.9998824596405029,1.3299889360496309e-05
4026,2,2,5.230687020230107e-05,1.396468405800988e-06,0.9999078512191772,3.842977457679808e-05
4027,0,1,0.14630018174648285,0.8534592986106873,7.257146353367716e-05,0.0001679712295299396
4028,0,2,0.1274692863225937,1.2008900739601813e-05,0.8724601864814758,5.8493144024396315e-05
4029,0,1,0.013254919089376926,0.9866706728935242,4.1193710785591975e-05,3.315093636047095e-05
4030,3,2,0.00026083012926392257,6.126939297246281e-06,0.8250586986541748,0.17467428743839264
4031,1,1,0.006065464112907648,0.9939181804656982,1.3564334949478507e-05,2.776599558274029e-06
4032,0,0,0.9947556257247925,2.524575211282354e-05,0.00014001235831528902,0.005079108290374279
4033,2,2,3.7794310628669336e-05,0.0008854921907186508,0.9975497126579285,0.0015269250143319368
4034,1,1,0.00044835254084318876,0.9923520684242249,0.007138919550925493,6.0707901866408065e-05
4035,2,2,0.006347029469907284,4.0758583054412156e-05,0.989158034324646,0.0044542341493070126
4036,2,2,0.0187033973634243,0.00023491174215450883,0.5093807578086853,0.4716809391975403
4037,1,1,0.00132277503143996,0.9950490593910217,0.0025936595629900694,0.0010345048503950238
4038,0,0,0.9688349366188049,0.009871584363281727,0.0003091278485953808,0.020984308794140816
4039,0,0,0.9998888969421387,0.00010575736814644188,7.326254944928223e-07,4.605668436852284e-06
4040,1,1,5.325363963493146e-05,0.9999200105667114,1.6187304936465807e-05,1.0490543900232296e-05
4041,1,1,0.0023079917300492525,0.9974985718727112,6.13111478742212e-05,0.00013213473721407354
4042,1,1,1.3178458857510122e-06,0.9999986886978149,1.40112005331261e-10,2.287801592615324e-08
4043,1,1,2.5012021069414914e-05,0.9999743700027466,2.1686769713369358e-08,5.87363558679499e-07
4044,0,0,0.9999048709869385,3.143099320368492e-06,5.6400360335828736e-05,3.5588800528785214e-05
4045,2,2,0.006145257502794266,0.00046637808554805815,0.8886581063270569,0.10473030805587769
4046,1,1,0.05523058772087097,0.9429370760917664,0.0011714438442140818,0.0006608374533243477
4047,3,3,0.019784824922680855,0.0005006054998375475,0.000893237185664475,0.9788213968276978
4048,3,3,0.033347442746162415,8.920722393668257e-06,0.0008366828551515937,0.9658070802688599
4049,2,2,0.003952948376536369,9.513921213510912e-06,0.9116287231445312,0.08440877497196198
4050,1,1,0.00028329386259429157,0.9946856498718262,0.004230373539030552,0.000800668669398874
4051,3,3,0.0021942919120192528,0.0005483710556291044,0.0012216831091791391,0.9960357546806335
4052,2,2,6.228051643120125e-05,1.569360938447062e-05,0.9901372194290161,0.009784701280295849
4053,0,0,0.9977239966392517,0.00011827050911961123,0.0006081315805204213,0.0015495838597416878
4054,1,1,0.07786726951599121,0.9192984104156494,0.0010662314016371965,0.00176811043638736
4055,2,2,0.07070515304803848,0.0015947460196912289,0.8930546641349792,0.03464539349079132
4056,2,2,0.02266811579465866,0.00025817437563091516,0.9636680483818054,0.013405706733465195
4057,3,3,0.06879761070013046,0.00032390677370131016,0.01333201490342617,0.9175464510917664
4058,3,2,0.11121314764022827,7.148779695853591e-05,0.8377154469490051,0.05099984258413315
4059,2,2,0.03456706926226616,0.003054358996450901,0.8628664612770081,0.09951213002204895
4060,2,2,7.708790508331731e-05,6.552008926519193e-06,0.9998422861099243,7.405450742226094e-05
4061,1,1,0.0008391786250285804,0.9986271858215332,0.00041154513019137084,0.0001221143320435658
4062,0,0,0.9974491000175476,5.969513949821703e-06,0.002003995468840003,0.0005408169818110764
4063,2,2,0.0010808727238327265,0.0005487638409249485,0.9964511394500732,0.001919221947900951
4064,1,1,0.13853813707828522,0.8334352970123291,0.02744203247129917,0.000584493565838784
4065,2,0,0.9890013933181763,0.00013639721146319062,0.00591092137619853,0.00495128333568573
4066,1,1,0.0256816279143095,0.9621213674545288,0.011457585729658604,0.0007394134881906211
4067,0,0,0.9992874264717102,1.4261117030400783e-05,0.00044185039587318897,0.0002564597234595567
4068,0,0,0.9999959468841553,3.058149104617769e-06,6.571849553438369e-07,2.3870904897194123e-07
4069,3,3,1.4862265743431635e-05,4.805760767112588e-08,0.00194694590754807,0.9980382323265076
4070,3,3,3.4145914469263516e-06,2.6343850549892522e-06,0.00911492109298706,0.9908791184425354
4071,1,1,0.000968783802818507,0.9985203146934509,0.00042004004353657365,9.082876931643113e-05
4072,3,3,0.003064391203224659,6.618576298933476e-05,0.2814598083496094,0.7154095768928528
4073,3,3,0.00011009129229933023,2.7319329092279077e-06,0.0364147387444973,0.9634723663330078
4074,2,2,0.023420266807079315,0.0008481800905428827,0.9741377234458923,0.0015938784927129745
4075,3,3,3.1411875056619465e-07,3.534712078590019e-08,0.00011628842912614346,0.9998834133148193
4076,0,0,0.9999960660934448,1.8454619166163866e-08,1.551314767311851e-06,2.399055347268586e-06
4077,0,0,0.9998248219490051,1.0609882394874148e-07,0.00016041657363530248,1.4688377632410266e-05
4078,2,2,0.0008552634972147644,5.249904461379629e-06,0.9976550340652466,0.0014844078104943037
4079,2,2,0.015562077984213829,8.164352766470984e-05,0.962800920009613,0.021555405110120773
4080,0,0,0.9955022931098938,0.00014802020450588316,0.0014260163297876716,0.0029237247072160244
4081,3,3,0.009269769303500652,0.0016514327144250274,0.0038557134103029966,0.9852230548858643
4082,3,3,1.6162599422386847e-05,3.782436806432088e-06,0.011342345736920834,0.9886377453804016
4083,3,3,1.232460363098653e-06,1.4609010889898855e-08,0.0011648248182609677,0.998833954334259
4084,3,3,3.213814125047065e-05,9.489357211123206e-08,0.009304757229983807,0.9906629323959351
4085,3,3,4.976721356797498e-06,3.011842508726659e-08,1.4198493772710208e-05,0.9999808073043823
4086,3,3,0.0004787851357832551,0.00018608750542625785,0.07228139787912369,0.9270537495613098
4087,0,0,0.9999996423721313,1.4327976305406054e-10,2.674406029967713e-09,3.291207519851014e-07
4088,0,1,0.0546838603913784,0.7604589462280273,0.17980945110321045,0.005047808866947889
4089,2,2,0.14424660801887512,0.014151346869766712,0.8164063692092896,0.02519567310810089
4090,3,3,2.479494287399575e-05,1.281305728184634e-08,0.027546890079975128,0.9724283218383789
4091,1,1,0.0015303574036806822,0.9984557628631592,1.0200741598964669e-05,3.6377693959366297e-06
4092,1,1,0.001350920763798058,0.998594343662262,1.674051418376621e-05,3.7976606108713895e-05
4093,2,2,0.01206496823579073,8.257163426605985e-05,0.9747781157493591,0.01307437289506197
4094,1,1,0.0010033134603872895,0.9954397678375244,0.0009095147252082825,0.002647438319399953
4095,0,0,0.9999704360961914,2.0776862584170885e-05,8.196343515010085e-06,5.806871854474593e-07
4096,2,2,0.00038392108399420977,0.0011089177569374442,0.996491014957428,0.0020161322318017483
4097,3,2,0.00035276301787234843,1.4383473398993374e-06,0.9996367692947388,9.035447874339297e-06
4098,2,2,6.285791459959e-05,1.1150376849400345e-05,0.9998791217803955,4.6864282921887934e-05
4099,1,1,0.0002855992061085999,0.9996223449707031,1.220109453470286e-07,9.187469549942762e-05
4100,3,3,0.000308671616949141,4.963080209563486e-05,0.002185526303946972,0.9974562525749207
4101,2,2,0.04743657633662224,1.5243114830809645e-05,0.9494141936302185,0.0031339721754193306
4102,0,3,0.0018523692851886153,5.1579145292635076e-06,0.0034857657738029957,0.9946566820144653
4103,3,3,0.011220250278711319,5.910893378313631e-06,0.0032893589232116938,0.9854845404624939
4104,0,0,0.9999997615814209,2.120028597119017e-07,3.3970117385706544e-08,1.163931440117949e-08
4105,3,3,5.626175152428914e-07,4.770173234192043e-08,0.0011096794623881578,0.9988897442817688
4106,0,0,0.9706349968910217,0.00011087831080658361,0.0006850423524156213,0.028569087386131287
4107,3,3,6.922882312210277e-05,3.860570359393023e-06,0.0016808478394523263,0.9982461929321289
4108,0,0,0.999991774559021,4.968929374626896e-07,3.126629735561437e-06,4.676576736528659e-06
4109,2,2,0.000716573849786073,0.0003084661439061165,0.9987409710884094,0.0002339520287932828
4110,2,2,4.2271050915587693e-05,1.2136352779634763e-05,0.9992165565490723,0.0007290411158464849
4111,3,3,0.0011378572089597583,1.0519099305383861e-05,0.10351989418268204,0.8953316807746887
4112,1,1,3.938557347282767e-05,0.9998538494110107,8.453178452327847e-05,2.2152798919705674e-05
4113,1,1,0.3849930465221405,0.5893257260322571,0.002480641473084688,0.023200590163469315
4114,3,0,0.5512840747833252,0.0002028003364102915,7.360130257438868e-05,0.44843950867652893
4115,3,3,2.7952985419688048e-06,6.660762219556915e-11,2.4653289074194618e-05,0.9999725818634033
4116,2,2,4.861999332206324e-05,6.01337148964376e-07,0.9999121427536011,3.8599118852289394e-05
4117,0,0,0.5616494417190552,3.76026400772389e-05,7.965825352584943e-05,0.43823328614234924
4118,0,0,0.995145857334137,3.18771562888287e-05,0.0016246733721345663,0.003197622252628207
4119,2,2,0.0001637257810216397,7.481378929696803e-07,0.9719416499137878,0.027893846854567528
4120,3,3,0.001814919407479465,0.0026091306935995817,0.001740515697747469,0.99383544921875
4121,3,3,0.0018232209840789437,1.8240340068587102e-05,0.014512508176267147,0.983646035194397
4122,3,3,7.819989150448237e-06,3.803640424848709e-07,0.000411528191762045,0.9995803236961365
4123,2,2,0.00044742124737240374,0.00025002044276334345,0.9869136214256287,0.012388897128403187
4124,1,1,0.00525824585929513,0.9945076107978821,4.760581214213744e-05,0.00018647834076546133
4125,1,1,5.564756406783999e-07,0.9999984502792358,4.4878893845634593e-07,5.76697857468389e-07
4126,1,1,2.7256994599156315e-06,0.9999967813491821,4.991276227883645e-07,5.448454132306324e-08
4127,0,0,0.9998534917831421,2.3503132524638204e-06,0.0001368475059280172,7.310149612749228e-06
4128,2,2,0.0010109680006280541,2.687853793759132e-06,0.9989394545555115,4.685338353738189e-05
4129,1,1,0.0008332512807101011,0.9961644411087036,0.0017245464259758592,0.00127782195340842
4130,2,2,0.000816726591438055,8.94227487151511e-05,0.9951865077018738,0.003907408565282822
4131,3,3,0.009552160277962685,0.019579892978072166,0.05464585870504379,0.9162219762802124
4132,2,2,0.007909146137535572,0.00018721427477430552,0.9521295428276062,0.039774175733327866
4133,2,2,0.0015405938029289246,1.1901997254426533e-07,0.9958752989768982,0.0025839549489319324
4134,0,0,0.9989873766899109,0.00011242138862144202,2.0479745217016898e-05,0.0008796926122158766
4135,1,1,0.010858763009309769,0.9772845506668091,0.0014006532728672028,0.0104560237377882
4136,2,2,0.0005220601451583207,1.5055259609653149e-05,0.9343216419219971,0.06514129042625427
4137,0,1,0.011804042384028435,0.9880887866020203,0.00010522323282202706,2.0045149540237617e-06
4138,2,3,0.00035359864705242217,0.0003322189149912447,0.08917056024074554,0.9101436138153076
4139,0,0,0.983324408531189,0.00029041283414699137,0.0031707712914794683,0.013214483857154846
4140,3,3,0.0002596319536678493,2.7195692382520065e-05,0.009553011506795883,0.9901602864265442
4141,1,1,0.00548772606998682,0.9944790601730347,1.6998972114379285e-06,3.159065454383381e-05
4142,1,1,0.024877825751900673,0.9650834798812866,0.005205361172556877,0.00483337789773941
4143,0,0,0.9603787660598755,0.0002234447019873187,0.0024735904298722744,0.03692418709397316
4144,1,1,0.1334141492843628,0.794437050819397,0.007456223014742136,0.06469260901212692
4145,3,3,0.00018922360322903842,8.85429199115606e-06,0.04297163709998131,0.9568302035331726
4146,0,0,0.9994094371795654,5.5704073020024225e-05,0.0001135470301960595,0.00042138545541092753
4147,0,0,0.9987736344337463,0.0004109900619369,0.00023722283367533237,0.0005782310618087649
4148,3,2,0.0005320868804119527,8.508770406479016e-06,0.8590031266212463,0.14045627415180206
4149,2,2,0.17406515777111053,0.0034150131978094578,0.8144808411598206,0.008038900792598724
4150,3,3,0.08270637691020966,0.00012695892655756325,0.23817187547683716,0.6789947748184204
4151,2,2,0.0002405392297077924,0.00027530029183253646,0.9992325305938721,0.00025167554849758744
4152,3,3,3.0053108275751583e-05,3.7636329608403685e-08,0.001550977467559278,0.998418927192688
4153,3,3,0.00047947230632416904,8.543020157958381e-06,0.06354992836713791,0.9359619617462158
4154,0,0,0.9964485168457031,0.00021712524176109582,0.0005571774090640247,0.0027771389577537775
4155,0,0,0.9998824596405029,1.3859919818060007e-05,6.631940050283447e-05,3.734441997949034e-05
4156,0,0,0.999559223651886,2.2361052742780885e-06,0.0003025834448635578,0.00013604092237073928
4157,2,2,0.010363358072936535,0.0009318815427832305,0.9597958326339722,0.02890893444418907
4158,2,2,3.7653848266927525e-05,2.838270347638172e-06,0.9999392032623291,2.0336316083557904e-05
4159,3,3,4.267510576028144e-07,7.808660484442953e-06,0.0001427303213858977,0.9998489618301392
4160,2,2,0.00013081281213089824,9.625543953006854e-07,0.9997736811637878,9.44805215112865e-05
4161,2,2,9.874534589471295e-05,6.433609087252989e-06,0.9977184534072876,0.002176400739699602
4162,0,0,0.9878538846969604,0.007754385471343994,0.000790189194958657,0.0036015650257468224
4163,3,2,0.40339043736457825,9.905938895826694e-06,0.5081899166107178,0.08840969949960709
4164,2,2,0.0010623220587149262,2.292128783665248e-06,0.9959161877632141,0.0030192069243639708
4165,2,2,0.0341455452144146,0.0006875189719721675,0.892227828502655,0.07293915003538132
4166,2,2,0.02564367651939392,1.726375376165379e-05,0.9741170406341553,0.00022209345479495823
4167,1,1,0.00011748421093216166,0.9998646974563599,1.758074176905211e-05,1.8810005997238477e-07
4168,2,2,0.10260653495788574,0.0029560790862888098,0.8592965006828308,0.03514088690280914
4169,0,0,0.3921552300453186,0.009435716085135937,0.38430875539779663,0.21410034596920013
4170,1,1,0.0012708826689049602,0.9985818862915039,4.0401526348432526e-05,0.00010687105532269925
4171,0,0,0.9040281176567078,0.031611036509275436,0.05706954374909401,0.007291242014616728
4172,2,2,0.004998486954718828,4.516973058343865e-05,0.9946544170379639,0.00030184071511030197
4173,3,3,0.0018726852722465992,0.005340011790394783,0.001436474616639316,0.9913508892059326
4174,3,3,0.009664332494139671,0.019423913210630417,0.11464947462081909,0.8562622666358948
4175,1,1,0.0021091019734740257,0.9977553486824036,6.571643461938947e-05,6.98742296663113e-05
4176,0,0,0.9971567392349243,1.5053464267111849e-05,0.0021784338168799877,0.0006497523281723261
4177,3,3,2.6426352633279748e-05,7.756139552839159e-08,0.0005127870244905353,0.9994606375694275
4178,0,0,0.9868893623352051,4.108052053197753e-06,0.005070132203400135,0.008036470972001553
4179,1,1,0.003258140990510583,0.9963548183441162,0.00017265744099859148,0.0002143929887097329
4180,1,1,6.740730782439641e-07,0.9999992847442627,5.060931584921491e-08,3.143674831562748e-08
4181,2,2,0.0018883213633671403,2.2513142994284863e-06,0.998097836971283,1.1545359484443907e-05
4182,0,0,0.6994941830635071,0.00017616535478737205,0.25798705220222473,0.04234257712960243
4183,0,0,0.9999700784683228,1.8676267927730805e-06,2.3625827338946692e-07,2.7761385354097e-05
4184,3,3,0.0054062046110630035,1.532923306513112e-06,0.0014927309239283204,0.9930994510650635
4185,2,2,0.014785938896238804,2.1728450519731268e-05,0.9807478189468384,0.004444458521902561
4186,3,3,0.35543227195739746,0.00035709349322132766,0.002538097556680441,0.6416726112365723
4187,3,3,0.006058174185454845,0.001697715139016509,0.21315039694309235,0.7790937423706055
4188,0,0,0.997697651386261,0.001999771920964122,0.00018632583669386804,0.00011616486881393939
4189,2,2,3.054716580663808e-05,2.04657158064947e-06,0.999951958656311,1.5507115676882677e-05
4190,1,1,0.06415264308452606,0.9357972145080566,3.090036625508219e-05,1.922413139254786e-05
4191,2,2,4.938022539136e-05,0.00010083445522468537,0.9993038177490234,0.0005459539825096726
4192,1,1,0.0003490943636279553,0.9996324777603149,1.5251028344209772e-05,3.271297600804246e-06
4193,1,1,3.5136374208377674e-05,0.9999642372131348,5.424699907052855e-07,1.0824637541873017e-07
4194,3,3,3.6188616547860875e-08,2.70886744146992e-08,0.0044282544404268265,0.9955717325210571
4195,3,3,2.6799693841894623e-07,4.985963997228282e-08,0.000523662194609642,0.9994761347770691
4196,1,1,0.0003907803911715746,0.9995562434196472,2.94785168080125e-05,2.3420720026479103e-05
4197,0,0,0.9971777200698853,0.00162006844766438,0.00027489374042488635,0.0009272513561882079
4198,2,2,0.000636426208075136,8.539884220226668e-06,0.9992582201957703,9.675374894868582e-05
4199,1,1,0.0016882371855899692,0.9958125948905945,0.002153458073735237,0.00034562963992357254
4200,3,3,0.2514556050300598,0.1585237979888916,0.00476070074364543,0.5852599143981934
4201,3,3,0.0010447067907080054,1.6482279534102418e-05,0.03252169117331505,0.966417133808136
4202,1,1,5.54805353658594e-07,0.9999898672103882,9.049740583577659e-06,5.218225851422176e-07
4203,3,3,0.10571105778217316,2.643824927872629e-06,6.533741543535143e-05,0.8942209482192993
4204,1,1,5.318246621754952e-05,0.9988769888877869,0.0006456633564084768,0.00042415966163389385
4205,2,2,0.0011732240673154593,0.00013424461940303445,0.9925434589385986,0.006148986984044313
4206,1,1,0.034643858671188354,0.6790852546691895,0.10179238766431808,0.1844785064458847
4207,1,1,0.00048173742834478617,0.9995096921920776,7.314363756449893e-06,1.2962509572389536e-06
4208,0,0,0.9950026869773865,0.0006688886787742376,0.003247960703447461,0.0010804312769323587
4209,0,0,0.9999964237213135,1.2212256024213275e-06,8.398836826017941e-07,1.4617995702792541e-06
4210,2,2,0.0006028812495060265,2.485276127117686e-07,0.9990490078926086,0.00034792174119502306
4211,0,0,0.9789631366729736,0.013154098764061928,4.3636620830511674e-05,0.007839106023311615
4212,0,0,0.9978773593902588,0.00035816660965792835,0.0007887142710387707,0.0009757874067872763
4213,1,1,0.0005720842746086419,0.9994188547134399,8.640306987217627e-06,5.347283718037943e-07
4214,2,2,0.002479126211255789,3.831180038105231e-06,0.9943076968193054,0.003209361108019948
4215,1,1,9.906209743348882e-05,0.9999008178710938,1.6854176387859354e-10,9.678923618139379e-08
4216,2,2,0.00016115345351863652,2.316057134521543e-06,0.9896859526634216,0.010150560177862644
4217,0,0,0.9964309930801392,0.00041465958929620683,0.0023437945637851954,0.0008104824810288846
4218,3,3,0.03251783922314644,0.0004693016817327589,0.005110932048410177,0.9619019031524658
4219,2,2,0.001046112971380353,1.6485341802763287e-07,0.9909902811050415,0.00796341523528099
4220,1,1,0.00015832668577786535,0.9998062252998352,3.1355964893009514e-05,4.149450887780404e-06
4221,2,2,0.0016424233326688409,0.0006707637803629041,0.9271479845046997,0.07053885608911514
4222,3,2,0.0008991050999611616,0.0027622245252132416,0.7715758085250854,0.22476288676261902
4223,2,2,1.8536362404120155e-05,1.8997703591594473e-05,0.9996973276138306,0.00026515914942137897
4224,1,1,2.1606459995382465e-05,0.999975323677063,2.6430316211190075e-06,4.261066806066083e-07
4225,3,3,0.012578084133565426,0.006109492853283882,0.10869273543357849,0.8726197481155396
4226,3,3,4.429599721333943e-05,8.534083804079273e-07,2.1609876057482325e-05,0.9999332427978516
4227,0,0,0.5969089865684509,0.0016430658288300037,1.1979852388321888e-05,0.4014360010623932
4228,2,2,0.0067666382528841496,0.0026596845127642155,0.9383543133735657,0.052219290286302567
4229,0,0,1.0,1.201134969264217e-09,1.930777586423016e-11,8.622073888187032e-11
4230,3,3,0.08891109377145767,0.0003748380404431373,0.33100277185440063,0.5797113180160522
4231,3,3,0.00011089929466834292,6.403804036381189e-06,0.0018607000820338726,0.9980219602584839
4232,3,3,0.009080746211111546,7.863272912800312e-05,0.13512881100177765,0.855711817741394
4233,2,2,0.003345872275531292,0.00021517819550354034,0.9961052536964417,0.0003336746303830296
4234,0,0,0.9745587706565857,0.02517680637538433,0.0002021681284531951,6.228615529835224e-05
4235,2,2,0.0018112087855115533,1.9843948848574655e-06,0.9978784322738647,0.0003083817136939615
4236,2,2,0.019161224365234375,0.0009044492617249489,0.9796964526176453,0.00023791335115674883
4237,1,1,0.0001842930942075327,0.9997641444206238,3.660147558548488e-05,1.5069625987962354e-05
4238,1,1,0.0018404072616249323,0.9928807020187378,0.0023189436178654432,0.0029600157868117094
4239,1,1,0.00533268740400672,0.9945946335792542,6.928043148946017e-05,3.4292029340576846e-06
4240,1,1,0.00019820407032966614,0.999800980091095,6.117111865933111e-07,1.9174839849256387e-07
4241,2,3,0.1421477049589157,0.24330918490886688,0.11810090392827988,0.49644219875335693
4242,2,2,0.005845256149768829,0.00246430654078722,0.7771382927894592,0.2145521193742752
4243,0,0,0.9981123208999634,0.00015488179633393884,0.000786546035669744,0.000946249405387789
4244,3,3,5.4691358855052385e-06,6.531885787808278e-08,0.005208473652601242,0.9947859644889832
4245,3,3,0.00016296334797516465,0.0010811913525685668,0.044840600341558456,0.9539151787757874
4246,0,0,0.998970627784729,1.8328883015783504e-06,1.4079379980103113e-05,0.0010134776821359992
4247,0,0,0.9924314022064209,5.602479404842597e-07,0.0009459673892706633,0.006622083019465208
4248,3,3,1.7866850612335838e-06,6.332968371935976e-09,0.00014904557610861957,0.9998492002487183
4249,2,2,0.0010575902415439487,1.6847716324264184e-05,0.9973288774490356,0.0015967627987265587
4250,0,0,0.9870268702507019,0.00047048661508597434,0.00010014464351115748,0.012402554973959923
4251,0,0,0.9999841451644897,3.5917373963911814e-08,1.5157804227783345e-05,6.200011739565525e-07
4252,3,3,0.00014002315583638847,6.625276910199318e-06,0.0005841918173246086,0.9992690682411194
4253,2,2,0.0029728298541158438,2.665179272298701e-05,0.996880292892456,0.00012021815200569108
4254,2,2,0.0015473677776753902,0.005901994649320841,0.944732666015625,0.04781792312860489
4255,2,2,5.651736501022242e-05,3.910591203748481e-06,0.9994587302207947,0.00048087656614370644
4256,2,2,1.8162878404837102e-05,2.775270559141063e-06,0.9999496936798096,2.9356689992710017e-05
4257,3,3,0.00039011979242786765,6.41751796592871e-07,0.00029041714151389897,0.9993188381195068
4258,3,3,0.19380736351013184,0.005222217179834843,0.02611761912703514,0.7748528122901917
4259,3,3,1.040147523667656e-08,2.8811171226550414e-09,1.4471686881734058e-05,0.9999855756759644
4260,1,1,0.012119208462536335,0.9358552694320679,0.033082474023103714,0.01894296519458294
4261,0,0,0.9998736381530762,1.0194168680754956e-05,4.665154483518563e-05,6.952272815397009e-05
4262,0,0,0.9998873472213745,2.2202789295988623e-06,6.023858077242039e-05,5.0217109674122185e-05
4263,2,2,1.612737833056599e-06,8.613823609948668e-08,0.999735414981842,0.0002627689391374588
4264,3,3,0.00010088928684126586,3.371979983057827e-05,0.2262508124113083,0.7736145257949829
4265,1,1,2.2965288735576905e-05,0.9999747276306152,1.6615958884358406e-06,5.965673608443467e-07
4266,3,3,2.542124639148824e-05,1.481278815163023e-07,0.0004795635468326509,0.9994949102401733
4267,3,3,0.0015274727484211326,7.075208122842014e-05,9.953863627742976e-05,0.9983021020889282
4268,3,3,4.456675014807843e-06,3.3639807519442178e-12,0.0492403544485569,0.9507551789283752
4269,2,2,0.000260047207120806,2.1032999939052388e-05,0.9922925233840942,0.0074264188297092915
4270,3,3,6.689341535093263e-05,2.8423222829587758e-05,0.02676144614815712,0.9731432795524597
4271,1,1,0.007468783762305975,0.959776759147644,0.03263530507683754,0.00011922216071980074
4272,3,3,0.006001331377774477,0.00017506390577182174,0.15220992267131805,0.8416137099266052
4273,1,2,0.02737588807940483,0.2658992409706116,0.6349548697471619,0.07177001982927322
4274,1,1,0.005398397799581289,0.9925585985183716,0.00021648933761753142,0.0018265802646055818
4275,2,0,0.8563209176063538,0.061628006398677826,0.0643618106842041,0.01768927276134491
4276,1,1,0.00035851032589562237,0.9992231130599976,0.00021850528719369322,0.00019990130385849625
4277,3,3,0.0002954814408440143,3.562684241842362e-06,7.290134089998901e-05,0.9996280670166016
4278,3,3,0.00016855672583915293,1.6207954445235373e-07,0.011549524031579494,0.988281786441803
4279,1,1,8.54384052217938e-05,0.9998941421508789,1.4472861948888749e-05,5.907152171857888e-06
4280,1,1,0.0002908757305704057,0.9992030262947083,7.205118890851736e-05,0.0004340115701779723
4281,1,1,0.0005810371367260814,0.9993855953216553,2.6020776203949936e-05,7.289711447810987e-06
4282,0,0,0.9999998807907104,6.437058175379207e-08,3.5511655838149636e-09,6.45116493558362e-09
4283,1,1,2.365467253184761e-06,0.9999966621398926,2.734156510086905e-07,7.401855555144721e-07
4284,2,2,0.00015899607387837023,9.852994509174096e-08,0.7693198919296265,0.23052100837230682
4285,3,3,0.04705837741494179,0.007391359191387892,0.05456095561385155,0.8909893035888672
4286,0,0,0.9792109131813049,0.0013657703530043364,0.017189595848321915,0.0022337441332638264
4287,2,2,0.0007853232673369348,0.0001498502679169178,0.9985284805297852,0.0005363745149224997
4288,2,2,0.006766979116946459,2.45796923081798e-06,0.972227931022644,0.021002665162086487
4289,2,2,0.010173092596232891,0.004943735897541046,0.9447221159934998,0.04016111046075821
4290,0,0,0.922879695892334,7.313525566132739e-05,0.0007399421301670372,0.07630718499422073
4291,0,0,0.8285799622535706,0.01001003384590149,0.15637458860874176,0.005035471636801958
4292,2,2,8.327911200467497e-05,0.00028803132590837777,0.9923633337020874,0.007265337742865086
4293,2,2,0.037969477474689484,0.0015348518500104547,0.9562669396400452,0.004228657111525536
4294,3,3,0.009212207980453968,0.00045710059930570424,0.0019527190597727895,0.9883779883384705
4295,0,0,0.9884632229804993,0.0006636863690800965,0.006696084979921579,0.004177022725343704
4296,1,1,5.278988101053983e-05,0.9998251795768738,0.00010368761286372319,1.8388498574495316e-05
4297,2,2,0.0006522394251078367,0.002173818415030837,0.8270457983016968,0.17012807726860046
4298,1,1,0.0007437434396706522,0.9992345571517944,1.5246861039486248e-05,6.4571158873150125e-06
4299,0,0,0.6241481304168701,0.0009655265603214502,0.33649036288261414,0.038395997136831284
4300,1,0,0.3775597810745239,0.3255395293235779,0.2549138069152832,0.041986897587776184
4301,1,1,0.002873566234484315,0.9898702502250671,0.0038416495081037283,0.003414506558328867
4302,0,0,0.9783846139907837,0.017045754939317703,0.00011106824968010187,0.004458628129214048
4303,0,0,0.9999139308929443,2.768965350696817e-05,3.7445810448843986e-05,2.094598312396556e-05
4304,2,2,3.821353675448336e-05,8.563908522774e-06,0.9995962977409363,0.0003568799002096057
4305,3,3,0.003455070313066244,0.002326512010768056,0.007246355526149273,0.9869720339775085
4306,3,3,6.315738687590056e-07,7.571188831434483e-08,0.0018979697488248348,0.9981012940406799
4307,0,0,0.9999938011169434,2.1396471083789947e-07,3.1615343232260784e-08,5.984634753986029e-06
4308,2,2,5.566971594817005e-06,1.2318840845182422e-06,0.9999754428863525,1.7711941836751066e-05
4309,2,2,0.0007093141903169453,1.1151853868796024e-05,0.9969558715820312,0.002323690801858902
4310,2,2,0.024099841713905334,0.004316204693168402,0.9612590670585632,0.01032490748912096
4311,2,2,0.0012148373061791062,3.643545642262325e-05,0.9919015765190125,0.006847165524959564
4312,3,3,0.003638480557128787,0.00018379038374405354,0.01787584275007248,0.9783018827438354
4313,0,0,0.6964014768600464,6.733795316904434e-07,0.02560063824057579,0.2779972553253174
4314,1,1,0.0002483630960341543,0.9983175992965698,0.0011547892354428768,0.00027936784317716956
4315,0,0,0.9999998807907104,1.6232331034871095e-09,2.168889601250612e-08,9.906371900569866e-08
4316,3,3,6.281070091063157e-05,1.204737031912373e-06,0.012068530544638634,0.9878674745559692
4317,2,2,0.001775183598510921,1.6417097867815755e-05,0.994722843170166,0.0034856467973440886
4318,3,3,0.00015277756028808653,2.786711775115691e-06,0.0003478202852420509,0.9994966983795166
4319,3,2,0.0009724631090648472,6.127006781753153e-05,0.8331974744796753,0.1657687872648239
4320,3,3,3.473928518360481e-05,7.233169071696466e-06,0.0014267496298998594,0.9985312223434448
4321,1,1,0.0008978470577858388,0.9913588762283325,0.006852052174508572,0.000891227915417403
4322,3,3,2.7547507670533378e-06,1.1343776407102268e-07,4.4494794337879284e-07,0.9999966621398926
4323,3,2,0.0009398296824656427,2.462641532474663e-05,0.7822752594947815,0.2167603224515915
4324,3,3,0.004986030515283346,0.0008820620714686811,0.0013987976126372814,0.9927331209182739
4325,0,2,0.0930316224694252,0.004572183825075626,0.890471339225769,0.01192490104585886
4326,2,2,0.0003345332224853337,2.976199994009221e-06,0.9471158385276794,0.052546605467796326
4327,2,2,0.02161780372262001,1.669285848038271e-05,0.8487705588340759,0.12959496676921844
4328,1,1,0.0017853816971182823,0.9976586103439331,0.00045422022230923176,0.0001017885806504637
4329,1,1,0.0002516917302273214,0.9997294545173645,1.7617971025174484e-05,1.2442982324500917e-06
4330,1,1,4.3907788494834676e-05,0.999948263168335,7.61957519301859e-09,7.826300134183839e-06
4331,0,0,0.5856988430023193,0.13886162638664246,0.003605741774663329,0.27183377742767334
4332,3,3,0.009749870747327805,9.69594475463964e-06,0.0016509899869561195,0.9885895252227783
4333,1,1,0.011634452268481255,0.9881473183631897,0.0002060137630905956,1.2247042832314037e-05
4334,0,0,0.9943258166313171,5.956576205790043e-05,0.004193848464637995,0.0014208137290552258
4335,2,2,2.9185632229200564e-05,7.755581954427271e-09,0.9999688863754272,1.9462811451376183e-06
4336,0,0,0.999014139175415,0.0004621557891368866,6.1632495089725126e-06,0.0005175460246391594
4337,2,2,0.037524543702602386,0.0007342246826738119,0.939396321773529,0.022344905883073807
4338,0,0,0.9998458623886108,6.906558610353386e-06,3.706979987327941e-05,0.00011012041795765981
4339,0,0,0.9408041834831238,0.008449672721326351,0.03527643904089928,0.015469696372747421
4340,2,2,0.04668566212058067,4.9659432988846675e-05,0.9402071237564087,0.013057548552751541
4341,1,1,0.0013052013237029314,0.9983976483345032,9.087860962608829e-05,0.00020628982747439295
4342,3,3,0.00455827871337533,2.406936346233124e-06,0.0012959205778315663,0.9941434264183044
4343,1,1,0.006754825823009014,0.9919260144233704,0.0010726370383054018,0.00024650015984661877
4344,0,0,0.9996218681335449,1.225703272211831e-05,0.00017420866061002016,0.000191610335605219
4345,1,1,2.6070809326483868e-05,0.999968409538269,3.136334044029354e-06,2.3709155811957316e-06
4346,3,3,3.654928514151834e-05,1.5916619304334745e-05,0.025031106546521187,0.9749164581298828
4347,1,1,0.21873895823955536,0.7805265784263611,0.00011173852544743568,0.0006226446712389588
4348,1,1,0.03448449447751045,0.9177352786064148,0.01768079400062561,0.030099358409643173
4349,2,2,9.167563985101879e-05,4.0068761109068873e-07,0.9998776912689209,3.028246464964468e-05
4350,1,1,0.0007304315804503858,0.9992061257362366,5.6891141866799444e-05,6.5436070144642144e-06
4351,3,3,0.0003620609932113439,0.00043713313061743975,0.0005687795346602798,0.99863201379776
4352,1,1,1.8049247501039645e-06,0.9999982118606567,5.127926971937313e-10,4.878085491100137e-08
4353,0,0,0.9999462366104126,1.2704699656751473e-06,9.600483963367878e-08,5.241164399194531e-05
4354,2,2,0.0008772241417318583,1.9286107999505475e-05,0.9914473295211792,0.007656139321625233
4355,1,1,0.0011225352063775063,0.9988331198692322,1.5633391740266234e-05,2.8728967663482763e-05
4356,2,2,0.0005120487185195088,2.7701453291228972e-05,0.9926026463508606,0.00685765640810132
4357,0,0,0.9881336092948914,0.00025211391039192677,0.008645746856927872,0.0029684915207326412
4358,0,0,0.9997207522392273,7.801336323609576e-07,8.125742169795558e-05,0.00019718255498446524
4359,2,3,0.021304409950971603,0.001486872904933989,0.2845483124256134,0.692660391330719
4360,0,0,0.9999538660049438,1.6494155943291844e-06,2.6491943572182208e-05,1.8077535060001537e-05
4361,1,1,5.0941591325681657e-05,0.9999023675918579,3.4147575206588954e-05,1.2476585652620997e-05
4362,1,1,0.18765045702457428,0.811753511428833,0.0004401031765155494,0.00015585286018904299
4363,2,2,0.00014919295790605247,1.0127178740049203e-07,0.9997742772102356,7.636559166712686e-05
4364,1,1,0.00014344669762067497,0.9997580647468567,8.680640166858211e-05,1.1639948752417695e-05
4365,2,2,0.07488571107387543,0.00011993924272246659,0.9230873584747314,0.0019069832051172853
4366,2,1,0.00525067001581192,0.5647535920143127,0.41921159625053406,0.010784140788018703
4367,1,1,0.06932669132947922,0.8733421564102173,0.04955947399139404,0.007771633565425873
4368,1,1,0.0014389799907803535,0.9985577464103699,9.341739604096233e-10,3.289178948762128e-06
4369,3,3,0.05662421137094498,0.007080866955220699,0.043659862130880356,0.8926351070404053
4370,1,1,0.031165730208158493,0.9685227274894714,0.0002624039479997009,4.910532879875973e-05
4371,0,0,0.9677822589874268,2.6869216526392847e-05,0.03074294701218605,0.0014479325618594885
4372,0,0,0.9997066855430603,1.82231033249991e-05,8.981161954579875e-05,0.0001852419227361679
4373,1,1,0.00034242766560055315,0.999649167060852,6.762279554095585e-07,7.756871127639897e-06
4374,0,0,0.9999938011169434,3.5302984997542808e-06,1.9677740965562407e-06,6.87209535499278e-07
4375,0,0,0.9274138808250427,0.011633041314780712,0.02264593169093132,0.03830710053443909
4376,0,0,0.9999879598617554,2.4790354018477956e-06,5.598018333330401e-07,8.943923603510484e-06
4377,1,1,0.005290128290653229,0.9946879148483276,7.736709449090995e-06,1.4229579392122105e-05
4378,0,0,0.9999599456787109,2.855130151147023e-05,3.481102339719655e-07,1.1168849596288055e-05
4379,1,1,0.004686341620981693,0.9934329986572266,0.0017043695552274585,0.00017624669999349862
4380,0,0,0.9999691247940063,1.9670887922984548e-05,3.5084775618088315e-07,1.082323524315143e-05
4381,3,3,1.406610522280971e-06,3.7828431942443785e-08,0.0006836753454990685,0.9993149042129517
4382,3,3,0.0012269570725038648,0.00029623095178976655,0.00092153693549335,0.9975553154945374
4383,2,2,0.023321762681007385,0.031141500920057297,0.5690717697143555,0.37646496295928955
4384,1,1,0.0033091402146965265,0.9957079887390137,0.0007044756202958524,0.00027828942984342575
4385,0,0,0.9999123811721802,1.2535628229670692e-05,6.757696974091232e-05,7.5123411988897715e-06
4386,0,0,0.9761091470718384,0.00012774021888617426,0.0004999005468562245,0.023263229057192802
4387,1,1,0.0013201467227190733,0.994321346282959,0.0033380333334207535,0.0010204537538811564
4388,2,2,0.0017103004502132535,0.0003018799179699272,0.9879264831542969,0.010061465203762054
4389,0,0,0.9996836185455322,1.6894451619009487e-05,0.00022577682102564722,7.366143836406991e-05
4390,2,2,7.404154894175008e-05,0.00024681861395947635,0.9806836247444153,0.018995516002178192
4391,1,1,7.227048627100885e-05,0.9998965263366699,2.5663061023806222e-05,5.480984327732585e-06
4392,2,2,0.00019242918642703444,5.95548726778361e-06,0.991066038608551,0.008735576644539833
4393,1,1,0.0369960181415081,0.9628631472587585,9.861851140158251e-06,0.00013092650624457747
4394,2,2,0.005539459176361561,0.0009905269835144281,0.8423659801483154,0.15110407769680023
4395,3,3,0.009012102149426937,0.00039363972609862685,0.24061277508735657,0.7499814629554749
4396,0,2,0.008524897508323193,0.016964858397841454,0.9040194749832153,0.07049072533845901
4397,1,1,0.0004842800262849778,0.9994623064994812,2.934825897682458e-05,2.4023767764447257e-05
4398,0,0,0.9877095222473145,0.003863956779241562,0.008148875087499619,0.0002777479821816087
4399,0,0,0.9839426279067993,0.008363587781786919,0.001580840558744967,0.006112926639616489
4400,2,2,0.0003396082029212266,9.565969776303973e-07,0.9996535778045654,5.882622645003721e-06
4401,0,0,0.9997110962867737,5.800310646009166e-06,3.595642192522064e-05,0.0002470462641213089
4402,2,2,0.022367507219314575,0.005341079086065292,0.8779520392417908,0.09433937817811966
4403,0,0,0.9999960660934448,1.6160839777512592e-06,1.3565849030783284e-06,1.0309513527317904e-06
4404,1,1,0.004255316685885191,0.9945367574691772,0.0003116744046565145,0.000896262179594487
4405,1,1,0.0015726587735116482,0.9942767024040222,0.004127193707972765,2.345621214772109e-05
4406,0,0,0.9964022636413574,0.000244360911892727,0.0006523752235807478,0.0027010743506252766
4407,1,1,0.002919259248301387,0.9968967437744141,0.0001321395393460989,5.1830396841978654e-05
4408,2,2,0.0005795370088890195,0.0001582478580530733,0.9779297709465027,0.021332483738660812
4409,0,0,0.9990805387496948,0.00010924720845650882,0.0003764805442187935,0.00043371491483412683
4410,1,1,0.0036993620451539755,0.9142886996269226,0.03987770527601242,0.042134206742048264
4411,1,1,0.0004627130110748112,0.9995274543762207,1.908361809910275e-06,8.003103175724391e-06
4412,2,2,0.0015345417195931077,0.001329711638391018,0.9928313493728638,0.004304319154471159
4413,2,2,0.030765196308493614,9.315205716120545e-06,0.9689973592758179,0.00022820406593382359
4414,0,0,1.0,8.323561395684465e-09,4.4646685654070595e-11,1.8733212203692062e-10
4415,0,0,0.9951283931732178,0.0007600887911394238,0.0014061229303479195,0.0027053486555814743
4416,0,0,0.9999986886978149,1.6423348014882322e-08,4.06811579978239e-07,9.6986423159251e-07
4417,0,0,0.9976886510848999,0.001984118018299341,3.330576646476402e-06,0.0003239513316657394
4418,1,1,0.0028537712059915066,0.9879649877548218,0.0018404118018224835,0.007340842392295599
4419,0,0,0.9999942779541016,2.604800783956307e-06,2.5061547148652608e-06,5.705227863472828e-07
4420,1,1,3.4815038816304877e-06,0.9999927282333374,3.223416570108384e-06,5.440261929834378e-07
4421,1,1,0.0002749370178207755,0.9994731545448303,0.00020235982083249837,4.95178610435687e-05
4422,0,0,0.9999810457229614,6.465585329351597e-07,6.982153990975348e-06,1.1253175216552336e-05
4423,0,0,0.9997833371162415,3.1512720966020424e-07,2.2231072307477007e-06,0.0002141308505088091
4424,1,1,0.0022697467356920242,0.9976462721824646,4.6626661060145125e-05,3.7284469726728275e-05
4425,0,0,0.9999464750289917,3.145551318084472e-06,3.3210367291758303e-06,4.707411790150218e-05
4426,0,0,0.9962228536605835,1.2260312360012904e-05,0.0006577331223525107,0.0031071410048753023
4427,1,1,0.0016673587961122394,0.9983048439025879,5.1669189815584105e-06,2.256817606394179e-05
4428,1,1,3.0746112315682694e-05,0.9999614953994751,4.29678493674146e-06,3.470886213108315e-06
4429,1,1,8.411800081375986e-05,0.9998925924301147,1.0309759090887383e-05,1.2958334082213696e-05
4430,0,0,0.988027811050415,0.0006254900945350528,0.010438918136060238,0.0009078553412109613
4431,1,1,1.5886635083006695e-05,0.9999821186065674,1.301727138525166e-06,6.642772518716811e-07
4432,1,1,7.23095508874394e-05,0.9998370409011841,2.934980147983879e-05,6.120635953266174e-05
4433,1,1,0.004796668421477079,0.9950982928276062,7.69409307395108e-05,2.810580190271139e-05
4434,1,1,0.009497246704995632,0.9903123378753662,1.788532972568646e-05,0.00017243192996829748
4435,2,2,0.008479762822389603,3.295544956927188e-07,0.9906424880027771,0.0008774424786679447
4436,2,2,0.01012104656547308,1.5185804841166828e-05,0.9898471236228943,1.6725060049793683e-05
4437,2,2,0.012150362133979797,0.0012627871474251151,0.955245316028595,0.0313415452837944
4438,1,1,0.0003820108831860125,0.9969922304153442,0.0021996565628796816,0.00042606089846231043
4439,0,0,0.999208390712738,0.00014244516205508262,0.0005143323796801269,0.0001348107325611636
4440,2,2,0.22605937719345093,0.042110152542591095,0.5225207805633545,0.2093096822500229
4441,3,2,0.00011252780677750707,5.7402758102398366e-05,0.9724466800689697,0.027383320033550262
4442,3,3,0.0483434721827507,9.24713458516635e-05,0.014609125442802906,0.936954915523529
4443,1,1,0.000394974194932729,0.9994020462036133,0.00018172389536630362,2.123843296431005e-05
4444,0,0,0.9997033476829529,2.3416919248120394e-06,0.00014725603978149593,0.00014693102275487036
4445,1,1,0.00020318040333222598,0.9997376799583435,9.801264241104946e-06,4.9352409405400977e-05
4446,1,1,0.002167690545320511,0.9971338510513306,0.00034622650127857924,0.0003522341139614582
4447,0,0,0.9941849112510681,0.004707586020231247,0.00033933494705706835,0.0007681919378228486
4448,2,2,0.21692562103271484,0.0015277975471690297,0.7444645166397095,0.037082020193338394
4449,1,1,0.0007773911347612739,0.9976861476898193,0.0009198450716212392,0.0006167087121866643
4450,1,1,2.809440775308758e-05,0.9999707937240601,1.3134447840457142e-07,9.230866453435738e-07
4451,3,2,1.1678734068709673e-07,6.236519425328879e-07,0.9631237983703613,0.036875441670417786
4452,0,0,0.9999830722808838,1.9583690402669163e-07,2.2528363388119033e-06,1.4519288924930152e-05
4453,0,0,0.9975290894508362,2.6912728571915068e-05,1.6427089576609433e-05,0.0024275605101138353
4454,1,0,0.5119925141334534,0.479054719209671,0.004933920223265886,0.004018786363303661
4455,0,0,0.9975746273994446,0.0018786077853292227,0.00019134688773192465,0.00035538265365175903
4456,0,0,0.999639630317688,4.1994000639533624e-05,0.0002538474800530821,6.458381540142e-05
4457,1,1,7.894251439211075e-07,0.9999991655349731,5.028051752731244e-09,1.4547954840793409e-08
4458,1,1,0.0078096091747283936,0.9920376539230347,8.563323353882879e-05,6.70867957524024e-05
4459,0,0,0.9994207620620728,3.543782440829091e-05,3.100788308074698e-05,0.0005128516349941492
4460,1,1,3.85043713322375e-05,0.9930641055107117,0.006854994222521782,4.2420295358169824e-05
4461,1,1,0.018399324268102646,0.9802718758583069,0.0006332959164865315,0.00069549644831568
4462,0,0,0.9972586631774902,6.543933173119854e-10,0.0007086636614985764,0.0020326473750174046
4463,0,0,0.9999994039535522,4.2655443621697486e-07,3.117123270612865e-08,1.3814465660288988e-07
4464,3,3,0.008997371420264244,0.03800368309020996,0.19918608665466309,0.7538129091262817
4465,1,3,0.27543905377388,0.12430788576602936,0.010621807537972927,0.5896313190460205
4466,0,0,0.998246431350708,4.4620305743592326e-06,9.21231257962063e-05,0.001657026819884777
4467,3,3,0.011656476184725761,2.602578433652525e-06,3.6110075143369613e-06,0.9883373379707336
4468,0,0,0.9939773082733154,0.00037008756771683693,0.005014548543840647,0.0006380675476975739
4469,0,0,0.9981016516685486,7.291487418115139e-05,0.0005824142717756331,0.0012430509086698294
4470,3,3,0.017290214076638222,0.004193585366010666,0.03500165790319443,0.9435145854949951
4471,0,0,0.9998705387115479,4.33773166150786e-05,4.5529057501880743e-07,8.56411352287978e-05
4472,2,2,0.00033375408384017646,0.00016150764713529497,0.9993829727172852,0.0001218379766214639
4473,2,2,0.00606886250898242,1.0389844646851998e-06,0.9933547973632812,0.0005753399454988539
4474,2,2,0.11205985397100449,0.004011500161141157,0.8730106353759766,0.010917972773313522
4475,1,1,0.002871098695322871,0.9958303570747375,0.001228886772878468,6.972525443416089e-05
4476,1,1,0.00015551384421996772,0.995927631855011,0.0010685512097552419,0.0028482635971158743
4477,2,2,0.0013108636485412717,2.000797394430265e-06,0.9981398582458496,0.0005472803604789078
4478,2,2,3.382897557457909e-05,7.135136570468603e-07,0.9999299049377441,3.548784661688842e-05
4479,2,2,0.04094262421131134,0.001267563202418387,0.6465697288513184,0.31122010946273804
4480,3,3,7.268493936862797e-05,3.389361836525495e-06,0.00025891256518661976,0.9996650218963623
4481,0,3,0.01392242033034563,0.00023541119298897684,0.023452812805771828,0.962389349937439
4482,3,3,2.5919454856193624e-05,3.646741930651842e-08,0.0032421264331787825,0.9967319965362549
4483,3,3,3.107760903731105e-06,0.0001046228499035351,0.0011357926996424794,0.9987564086914062
4484,0,0,0.9999194145202637,1.0630597557792498e-07,3.3796004572650418e-06,7.718315464444458e-05
4485,0,0,0.9973325729370117,0.0010847122175619006,0.0004618453676812351,0.001120874541811645
4486,2,2,0.0009783352725207806,2.800856577778177e-07,0.9951791763305664,0.0038421745412051678
4487,2,2,0.02965983934700489,0.0031013626139611006,0.918705403804779,0.04853340983390808
4488,3,3,3.086117430939339e-05,2.806446843806043e-07,0.0002343936648685485,0.9997344613075256
4489,3,3,0.00015506429190281779,6.00190190880312e-08,0.010804480873048306,0.9890403747558594
4490,2,2,0.020518196746706963,9.340599717688747e-06,0.9755544066429138,0.0039180563762784
4491,3,3,0.0002591689408291131,4.546901982394047e-05,0.005345609504729509,0.9943497776985168
4492,1,1,0.003853520378470421,0.9942507743835449,0.0005811282899230719,0.0013145867269486189
4493,3,3,8.34519014460966e-05,8.143201171151304e-07,0.0005555131356231868,0.9993602633476257
4494,3,3,1.9318933482281864e-05,5.151673576619942e-06,2.78300490208494e-06,0.9999728202819824
4495,0,0,0.9999982118606567,1.2267944882182746e-08,3.938062320685276e-07,1.4755705706193112e-06
4496,2,2,0.000496118504088372,1.0716888709794148e-06,0.9993243217468262,0.00017850611766334623
4497,0,0,0.9999661445617676,1.0576410431895056e-06,1.1264776730968151e-05,2.1649966583936475e-05
4498,3,3,0.00027947904891334474,8.040257671382278e-05,0.0013708685291931033,0.9982692003250122
4499,3,3,0.09794366359710693,0.00014533834473695606,0.0002639252634253353,0.9016470909118652
4500,1,1,0.00041123610571958125,0.9995498061180115,2.009401941904798e-05,1.8818418539012782e-05
4501,2,3,8.384623129131796e-07,3.0008067142262007e-09,0.20213547348976135,0.7978636622428894
4502,3,3,1.7562419296623943e-09,1.6692794715944537e-11,1.1120393850205801e-07,0.9999998807907104
4503,3,3,0.0011972177308052778,9.993025287258206e-07,0.015890158712863922,0.9829115867614746
4504,2,2,0.0005728072137571871,4.247803815360385e-07,0.9988631010055542,0.0005636310088448226
4505,1,1,0.06124500930309296,0.8298660516738892,0.006008752156049013,0.10288016498088837
4506,3,3,2.8246024157851934e-05,1.8452792573953047e-06,0.00313198147341609,0.996837854385376
4507,3,3,6.189577106852084e-06,1.0442636266816407e-05,0.00900475587695837,0.9909787178039551
4508,2,3,0.0003661440568976104,0.00012966612121090293,0.012220455333590508,0.9872837066650391
4509,1,1,0.001427176408469677,0.9985604882240295,9.200840395351406e-06,3.149494204990333e-06
4510,2,2,0.00022316491231322289,2.8474032660597004e-06,0.999752938747406,2.0945446522091515e-05
4511,1,1,0.005642967764288187,0.9851478934288025,0.0017633490497246385,0.007445851340889931
4512,0,0,0.7264197468757629,0.035946257412433624,0.000715391244739294,0.2369185984134674
4513,1,1,4.4790903075409005e-07,0.9999966621398926,5.382268568610016e-07,2.4286557618324878e-06
4514,3,3,2.47123261942761e-06,3.0364749603606356e-10,0.00011594570241868496,0.9998816251754761
4515,3,3,0.00011344098311383277,2.901785592257511e-06,0.07816881686449051,0.9217148423194885
4516,1,1,0.0013856834266334772,0.995935320854187,0.0021633347496390343,0.0005155683029443026
4517,2,2,0.0012504692422226071,3.8189547922229394e-05,0.8379020690917969,0.16080930829048157
4518,2,2,0.0001898354821605608,0.00041074445471167564,0.834669828414917,0.1647295504808426
4519,0,0,0.9788237810134888,0.0037035346031188965,0.016844984143972397,0.0006277212523855269
4520,0,3,0.057537827640771866,0.09805629402399063,0.024190422147512436,0.8202155232429504
4521,2,2,5.2351015256135724e-06,1.5697863773311838e-06,0.999786913394928,0.000206334691029042
4522,1,1,0.007562727201730013,0.9777241349220276,0.00037134450394660234,0.014341882430016994
4523,2,2,0.0008986519533209503,6.4195860431937035e-06,0.9798699617385864,0.019224949181079865
4524,1,1,0.0018146741203963757,0.9716924428939819,0.014652603305876255,0.01184031181037426
4525,3,3,6.489281804533675e-05,1.721236571938789e-06,0.026870490983128548,0.9730629324913025
4526,1,1,0.021740427240729332,0.9429370164871216,0.01613333448767662,0.01918923482298851
4527,3,3,0.09520842880010605,0.004017580766230822,0.10203325003385544,0.7987406849861145
4528,0,0,0.8590714931488037,0.004627215210348368,0.0687936544418335,0.06750759482383728
4529,1,1,0.00012491106463130563,0.9956328272819519,0.0019113003509119153,0.002330884337425232
4530,0,0,0.9171841144561768,1.1298528988845646e-05,0.07918015122413635,0.0036245037335902452
4531,2,2,0.018947377800941467,2.1804341940878658e-06,0.9780258536338806,0.003024639328941703
4532,1,1,0.0003845792671199888,0.9991328120231628,0.0003450347576290369,0.00013751981896348298
4533,2,2,0.0050418139435350895,0.0005090779159218073,0.9943768382072449,7.228575850604102e-05
4534,0,0,0.9569963812828064,0.0001193015486933291,0.017020074650645256,0.025864290073513985
4535,1,1,0.026854055002331734,0.9729433655738831,9.818777471082285e-05,0.00010437231685500592
4536,2,2,0.0027995656710118055,7.498880677303532e-06,0.9921343326568604,0.005058509297668934
4537,1,1,0.0020980702247470617,0.9728832244873047,0.017136378213763237,0.00788235291838646
4538,0,0,0.9994832277297974,3.4592026167956647e-06,0.00011005750275216997,0.00040322408312931657
4539,1,0,0.511438250541687,0.4769856333732605,0.008250420913100243,0.0033257075119763613
4540,1,0,0.9415579438209534,0.05675270035862923,0.001344936667010188,0.0003444430185481906
4541,0,0,0.9999960660934448,4.962183766110684e-07,6.436336548176769e-07,2.8572121664183214e-06
4542,2,2,0.004644830711185932,0.0004002848290838301,0.9074566960334778,0.08749818056821823
4543,1,1,0.0008618082501925528,0.9990198612213135,7.782132888678461e-05,4.047900074510835e-05
4544,0,0,0.9724457859992981,0.00014475572970695794,0.01493697240948677,0.012472431175410748
4545,0,0,0.9996500015258789,2.3311516997637227e-05,5.547425189433852e-06,0.0003210370778106153
4546,3,3,1.5908628938632319e-06,1.5954710761434399e-06,0.00014144099259283394,0.9998553991317749
4547,3,3,6.5979895680357e-07,9.229864650350805e-10,0.0035928490106016397,0.9964064955711365
4548,0,0,0.9999986886978149,1.0730182253837484e-07,1.0803038321682834e-06,9.70434612668214e-08
4549,0,1,0.118942990899086,0.8723225593566895,0.00833981018513441,0.0003945876960642636
4550,3,3,0.1985616832971573,0.00030219153268262744,0.3483965992927551,0.45273953676223755
4551,3,3,0.0007093739113770425,2.3718179363640957e-05,0.4482463002204895,0.5510205626487732
4552,2,2,0.00017292053962592036,2.5439910587010672e-06,0.9994626641273499,0.0003619097115006298
4553,3,3,5.199201768846251e-05,0.0003904977929778397,0.006162099540233612,0.9933953881263733
4554,2,2,0.0018781760009005666,3.672055868264579e-07,0.9979504942893982,0.00017093680799007416
4555,3,3,3.0143692129058763e-05,1.0790847682073945e-06,0.014299314469099045,0.9856694936752319
4556,2,2,5.623261313303374e-05,1.0774155271064956e-05,0.9998539686203003,7.893482688814402e-05
4557,3,3,2.3184259134723106e-06,1.0487531731939725e-08,0.007326737977564335,0.9926708936691284
4558,0,0,0.9999924898147583,7.89808439094486e-07,2.546315727158799e-06,4.2290016608603764e-06
4559,3,3,1.284297013626201e-06,1.5451261958787654e-07,0.005536382552236319,0.9944621920585632
4560,2,2,0.00022196969075594097,3.3554990750417346e-06,0.9993477463722229,0.0004269807832315564
4561,0,0,0.9933899641036987,1.6339858120772988e-05,0.001821453683078289,0.00477220444008708
4562,2,2,0.18883705139160156,1.5032693454486434e-06,0.8069868087768555,0.004174633417278528
4563,0,0,0.7864850163459778,0.011197575367987156,0.000263493595412001,0.202053964138031
4564,3,2,0.003221736056730151,3.009157580891042e-06,0.8200816512107849,0.1766936182975769
4565,2,2,0.0029400447383522987,1.7100835236760759e-07,0.9970412850379944,1.8536193238105625e-05
4566,2,2,0.00045773739111609757,1.4555416782968678e-05,0.9990707635879517,0.0004569707962218672
4567,0,0,0.6680717468261719,4.102976527065039e-05,0.3152407109737396,0.016646506264805794
4568,2,2,0.08044380694627762,0.01945219188928604,0.8953343629837036,0.004769659135490656
4569,3,0,0.5871022939682007,3.08574016116836e-07,0.0012565272627398372,0.41164088249206543
4570,0,0,0.9997497200965881,3.4057607845028315e-09,0.00022362437448464334,2.6709320081863552e-05
4571,2,3,1.9541960227797972e-07,1.377461700258209e-09,0.0017287497175857425,0.9982709884643555
4572,2,2,0.01905062422156334,0.006589600350707769,0.7251074910163879,0.24925236403942108
4573,1,2,0.025937318801879883,0.3429584503173828,0.39982399344444275,0.23128031194210052
4574,0,0,0.9999994039535522,1.2608233568300875e-08,1.3282087252264319e-07,4.426936186519015e-07
4575,0,0,0.9568626284599304,0.00019588695431593806,0.010051550343632698,0.0328899584710598
4576,3,3,5.705392140953336e-06,7.790177733113524e-06,4.687784894485958e-05,0.9999396800994873
4577,0,0,0.9999524354934692,1.40083238875377e-06,2.9776090286759427e-06,4.3183106754440814e-05
4578,0,0,0.9995514750480652,2.3484260225359321e-07,0.00043232477037236094,1.596820766280871e-05
4579,2,2,0.05364726856350899,1.4816388329563779e-06,0.9463282823562622,2.298051731486339e-05
4580,2,3,1.2604212997757713e-06,1.1797332263085991e-05,0.041831810027360916,0.9581551551818848
4581,1,1,0.012833848595619202,0.9868378043174744,0.00028461351757869124,4.377858931547962e-05
4582,3,3,0.0004994116607122123,5.6738466810202226e-05,1.1338233889546245e-06,0.9994427561759949
4583,1,1,0.005217380356043577,0.9915542006492615,0.0023684927728027105,0.0008599229040555656
4584,3,3,0.05066292732954025,0.0007881696801632643,0.4298309087753296,0.5187180042266846
4585,3,3,3.7635709304595366e-07,2.1972560659833107e-08,4.282550435164012e-06,0.9999953508377075
4586,1,1,0.022328495979309082,0.9756653904914856,0.0010424618376418948,0.000963658036198467
4587,2,2,0.006519821006804705,1.1891153008036781e-05,0.9818879961967468,0.011580280028283596
4588,3,3,0.0033564853947609663,1.9435425201663747e-05,0.3171687126159668,0.6794553399085999
4589,0,0,0.999954104423523,4.3625946091196965e-06,3.1057199521455914e-05,1.0455493793415371e-05
4590,0,0,0.9978564381599426,1.5458099369425327e-05,0.002081291750073433,4.671963688451797e-05
4591,2,3,0.0006678727804683149,1.6768341083661653e-05,0.3625873625278473,0.6367279887199402
4592,2,2,0.00034683154080994427,2.517423126846552e-06,0.999502420425415,0.00014820451906416565
4593,3,3,3.876808918334973e-08,7.826127766674684e-12,0.0007114066393114626,0.9992885589599609
4594,3,3,9.443446060686256e-07,6.721037948409503e-07,1.0401227882539388e-05,0.9999879598617554
4595,1,1,0.002940434729680419,0.996749997138977,0.00024829115136526525,6.131721602287143e-05
4596,3,3,0.005979899782687426,9.183368820231408e-05,0.18083640933036804,0.8130918741226196
4597,3,3,4.745677506434731e-05,2.2901240015471558e-07,3.580255381052666e-08,0.9999523162841797
4598,0,0,0.9999719858169556,1.6694075384293683e-06,5.22221696996894e-08,2.6301551770302467e-05
4599,2,2,0.014544080011546612,0.00012494939437601715,0.9851750731468201,0.00015589746180921793
4600,3,3,8.138966950355098e-05,5.352442258299561e-07,8.457224612357095e-05,0.9998335838317871
4601,1,1,0.0007455706945620477,0.9991864562034607,2.2895794245414436e-05,4.498534690355882e-05
4602,0,0,0.9986957907676697,6.190329600030964e-07,0.000286395224975422,0.0010171644389629364
4603,2,2,0.0040983837097883224,0.0004621577390935272,0.6139718890190125,0.3814675509929657
4604,3,3,1.0717903933255002e-05,1.6043924233599682e-07,0.0318247452378273,0.9681643843650818
4605,3,3,0.0018670752178877592,0.0014921595575287938,0.0011293161660432816,0.9955114126205444
4606,1,1,0.00043687765719369054,0.9993627667427063,0.00010595866478979588,9.432224760530517e-05
4607,0,0,0.989065408706665,0.00012506819621194154,0.008632060140371323,0.0021773907355964184
4608,3,3,0.010773930698633194,5.7704015489434823e-05,0.0032865293323993683,0.9858818054199219
4609,3,3,1.7924773487720813e-07,3.980576579465378e-08,0.000599287508521229,0.9994004964828491
4610,3,3,0.0004234637599438429,4.423128302732948e-06,2.553501326474361e-05,0.9995465874671936
4611,2,2,0.014625605195760727,0.002510674763470888,0.9183483719825745,0.06451532989740372
4612,0,0,0.9830660820007324,0.00020219873113092035,0.014208032749593258,0.0025236306246370077
4613,2,2,0.0015174319269135594,1.1403700455048238e-06,0.998458743095398,2.2641786927124485e-05
4614,1,1,0.00021394080249592662,0.9986379742622375,0.0007847471279092133,0.00036328635178506374
4615,1,1,3.1250325264409184e-05,0.9999667406082153,1.514511893674353e-08,1.9706956209120108e-06
4616,0,0,0.99994957447052,1.1004437965311809e-06,3.2374933653045446e-05,1.6846635844558477e-05
4617,3,3,3.448628922342323e-05,5.36563584319083e-06,0.00018866056052502245,0.9997715353965759
4618,2,2,0.003457686398178339,8.950461847234692e-07,0.9963171482086182,0.0002242718474008143
4619,1,1,0.005173140671104193,0.9941011071205139,0.000553396821487695,0.00017234330880455673
4620,0,1,0.20245689153671265,0.5248146653175354,0.008218384347856045,0.26451000571250916
4621,0,0,0.9999421834945679,3.1235806829954527e-08,2.658258927112911e-05,3.121968256891705e-05
4622,3,2,0.0032238385174423456,2.1700932848034427e-05,0.6449180841445923,0.3518363833427429
4623,3,3,0.04055938124656677,0.03229618817567825,0.33600500226020813,0.5911393761634827
4624,0,0,0.9999765157699585,6.270428229981917e-07,2.219043017248623e-05,6.802449661336141e-07
4625,1,1,0.03555802255868912,0.8954502940177917,0.015779610723257065,0.0532119944691658
4626,1,1,0.0023299625609070063,0.9974648952484131,1.1322418686177116e-05,0.00019386009080335498
4627,2,2,0.00013759070134256035,5.417788270278834e-05,0.9983900785446167,0.0014182041632011533
4628,1,1,0.02252197079360485,0.9774450063705444,2.589235191408079e-05,7.085220659064362e-06
4629,2,2,0.006323311477899551,0.00021162400662433356,0.9926548004150391,0.0008103569853119552
4630,1,1,0.042235568165779114,0.9576817154884338,6.579056207556278e-05,1.6909856640268117e-05
4631,1,1,1.676809370110277e-05,0.9998952150344849,7.779568113619462e-05,1.0304911484126933e-05
4632,1,1,0.0006890409276820719,0.9993079900741577,2.1542467720792047e-07,2.780685008474393e-06
4633,2,2,0.0007282368023879826,3.075124595852685e-06,0.978919506072998,0.020349247381091118
4634,1,1,0.001494268886744976,0.9982516169548035,0.0001848060346674174,6.922406464582309e-05
4635,2,2,1.7426360500394367e-05,6.979943282203749e-05,0.829219400882721,0.17069339752197266
4636,1,1,3.2936863135546446e-05,0.997905969619751,0.0017795967869460583,0.00028146652039140463
4637,0,0,0.9830790758132935,0.0005701376358047128,0.0015285082627087831,0.014822202734649181
4638,2,2,0.0006876301486045122,7.21581673133187e-05,0.9982768297195435,0.0009634223533794284
4639,0,0,0.9999920129776001,7.170232834141643e-07,9.192022503157204e-07,6.296343144640559e-06
4640,1,1,0.207352876663208,0.7108036875724792,0.04550038278102875,0.03634312376379967
4641,3,3,0.01187015138566494,8.84370892890729e-05,0.01656089909374714,0.9714805483818054
4642,0,0,0.9998337030410767,1.760437407938298e-05,2.689505663511227e-06,0.00014590620412491262
4643,3,3,0.002116748597472906,1.270006123377243e-06,0.00015330423775594682,0.9977286458015442
4644,0,0,0.9997038245201111,2.0593479348463006e-06,1.8572225599200465e-05,0.00027547741774469614
4645,2,2,0.0014688479714095592,1.1944210200454108e-05,0.9980005621910095,0.0005186429480090737
4646,1,1,0.0018945796182379127,0.9861592650413513,0.003613483626395464,0.00833274144679308
4647,0,0,0.9990161657333374,0.00023718587181065232,0.0007246192544698715,2.1990012101014145e-05
4648,3,3,0.2857414782047272,4.8368590796599165e-05,0.04449561610817909,0.6697145104408264
4649,1,1,0.0011565204476937652,0.9971784353256226,0.0010616349754855037,0.0006033608806319535
4650,0,2,0.13007742166519165,7.151731097110314e-06,0.8693404197692871,0.0005750475684180856
4651,0,0,0.9970802664756775,7.964292308315635e-06,0.001943915500305593,0.0009679440991021693
4652,2,2,8.901973342290148e-05,3.0674500521854497e-06,0.9953550100326538,0.004552953410893679
4653,2,2,0.018653443083167076,3.6874036595690995e-05,0.9317319989204407,0.04957769811153412
4654,0,0,0.9979988932609558,0.0005311367567628622,0.0008154756505973637,0.0006545210490003228
4655,3,3,0.09746775776147842,0.00016795950068626553,0.09304061532020569,0.8093236684799194
4656,0,0,0.9983955025672913,0.0002669358509592712,0.0011125586461275816,0.0002250004472443834
4657,0,0,0.9973006844520569,0.00012755449279211462,0.001943840878084302,0.0006279697990976274
4658,1,1,0.0013375660637393594,0.9979294538497925,0.0004965318948961794,0.00023650300863664597
4659,1,1,0.02812516875565052,0.9394538402557373,0.020336976274847984,0.012083977460861206
4660,1,1,1.0371310054324567e-05,0.9999665021896362,1.9761520889005624e-05,3.3200299185409676e-06
4661,2,2,0.0003442760498728603,2.86306551799953e-08,0.9996509552001953,4.733371497422922e-06
4662,3,3,0.04232107847929001,0.00039883930003270507,0.02437012828886509,0.9329099655151367
4663,3,3,4.561848982120864e-05,1.0917886356764939e-05,0.059647757560014725,0.9402957558631897
4664,0,0,0.9601591229438782,0.0009686568519100547,0.00045567358029074967,0.038416482508182526
4665,3,3,7.858554454287514e-06,3.143112792258762e-07,0.0005188127979636192,0.9994730353355408
4666,0,0,0.9990819692611694,1.744595283525996e-05,0.0006043367902748287,0.0002962692524306476
4667,2,2,0.004797433037310839,0.004277991596609354,0.9696642160415649,0.021260278299450874
4668,0,0,0.9999971389770508,4.985897028575437e-09,1.853994831435557e-06,1.0020791023634956e-06
4669,0,0,0.7323824167251587,0.23065803945064545,0.007083176635205746,0.0298763420432806
4670,2,2,4.470579369808547e-05,7.739953957752732e-07,0.9998704195022583,8.409447764279321e-05
4671,3,3,0.0052118971943855286,1.6468052308482584e-06,3.711311364895664e-05,0.9947493672370911
4672,0,0,0.9928404092788696,0.0018536117859184742,0.001301461597904563,0.00400457251816988
4673,2,2,0.04056331142783165,0.0001414245634805411,0.959235429763794,5.978774424875155e-05
4674,3,3,2.2685551357426448e-06,1.4584581720100687e-07,0.0018202160717919469,0.9981774091720581
4675,0,0,0.9345818161964417,1.3886627129977569e-05,0.0008574924431741238,0.06454677134752274
4676,3,3,0.000921602186281234,1.14109525384265e-06,0.1734580546617508,0.8256191611289978
4677,0,3,0.0013733378145843744,4.312169039621949e-05,0.010864644311368465,0.987718939781189
4678,3,3,0.0006363671272993088,0.00012256737682037055,0.013378845527768135,0.9858621954917908
4679,0,0,0.9999996423721313,1.788117987011617e-10,3.618332966581761e-09,4.0878336449168273e-07
4680,2,2,0.005069088656455278,0.005910248029977083,0.9701346755027771,0.0188859011977911
4681,2,3,0.00031024881172925234,2.6421205348015064e-06,0.09171352535486221,0.9079736471176147
4682,3,3,0.0006084780325181782,5.138956112205051e-06,0.003410618519410491,0.9959757924079895
4683,0,0,0.47759753465652466,0.017607765272259712,0.1999102532863617,0.3048844635486603
4684,2,0,0.6336579322814941,0.010092788375914097,0.30614572763442993,0.05010363459587097
4685,2,2,0.007823484018445015,7.5021598604507744e-06,0.9920780062675476,9.101813338929787e-05
4686,2,2,7.252878276631236e-05,1.4794597973377677e-06,0.999806821346283,0.00011908230953849852
4687,2,3,0.00184542965143919,0.00035585614386945963,0.022471826523542404,0.9753268957138062
4688,2,2,0.0015158179448917508,1.6225931176450104e-05,0.9957483410835266,0.0027196344453841448
4689,2,3,2.0599480194505304e-05,5.553546088776784e-06,0.12864434719085693,0.8713294863700867
4690,1,1,0.45296213030815125,0.537930428981781,0.004417036194354296,0.0046903821639716625
4691,2,3,0.000155294022988528,8.173829883162398e-06,0.13207721710205078,0.8677592873573303
4692,0,0,0.9994710087776184,0.00017189847130794078,0.0002586607006378472,9.841124847298488e-05
4693,1,1,0.00011065491707995534,0.9997269511222839,1.0906563147727866e-05,0.00015148597594816238
4694,3,3,9.38124067033641e-05,3.2666639526723884e-06,0.0009302094113081694,0.9989727735519409
4695,1,1,0.0004740293661598116,0.9966318011283875,0.000666351115796715,0.0022277659736573696
4696,1,1,0.00022760755382478237,0.9996494054794312,8.951138443080708e-05,3.3459091355325654e-05
4697,0,0,0.9052394032478333,0.002202949719503522,0.041644174605607986,0.0509134866297245
4698,1,1,2.2220262962946435e-07,0.9936840534210205,1.2178612962543411e-07,0.006315607111901045
4699,0,0,0.9999889135360718,6.649634087807499e-08,9.47880107560195e-06,1.4845069244984188e-06
4700,0,0,0.9991320967674255,9.377507012686692e-06,3.398046101210639e-05,0.0008245854405686259
4701,3,3,0.0007290222565643489,3.1311305065173656e-05,0.031994275748729706,0.9672452807426453
4702,1,1,0.00020032313477713615,0.9997972846031189,1.8207857692686957e-06,6.38481481018971e-07
4703,2,2,0.00202401215210557,0.00014762028877157718,0.9977636337280273,6.47362758172676e-05
4704,3,3,0.0013970128493383527,5.963569856248796e-05,6.65411280351691e-05,0.9984768033027649
4705,1,1,2.215864515164867e-05,0.9999707937240601,2.4198402570618782e-06,4.675636319007026e-06
4706,3,3,1.2126246474508662e-05,1.1296929187665228e-06,0.0022076063323765993,0.9977791905403137
4707,1,1,0.014305070973932743,0.9806771278381348,0.002575712278485298,0.0024421203415840864
4708,0,0,0.9957634210586548,4.472046930459328e-05,3.076331631746143e-05,0.004161111544817686
4709,0,0,0.9989877343177795,4.5868990127928555e-05,0.0003770228067878634,0.0005893228808417916
4710,1,1,1.9609583432611544e-06,0.9999943971633911,1.767155367815576e-06,1.879776732494065e-06
4711,0,0,0.9995235204696655,7.5329422543291e-05,1.3562626918428577e-05,0.00038762865005992353
4712,0,0,0.8717409372329712,0.025794774293899536,0.017486754804849625,0.08497748523950577
4713,2,2,0.013010299764573574,2.367278102610726e-05,0.9856438636779785,0.001322123920544982
4714,3,3,1.666934258537367e-05,9.026473708217964e-05,2.0440716980374418e-05,0.9998726844787598
4715,0,0,0.99797123670578,3.1193798349704593e-05,0.0006885416223667562,0.0013089928543195128
4716,0,0,0.9999755620956421,2.428760979000799e-07,1.5068128050188534e-05,9.218247214448638e-06
4717,2,2,6.077547004679218e-05,1.0210568035518008e-07,0.9999085664749146,3.0571834940928966e-05
4718,0,0,0.7396327257156372,0.17011843621730804,0.03334581479430199,0.056903090327978134
4719,2,2,0.008059835992753506,6.844871677458286e-05,0.9298662543296814,0.06200553849339485
4720,0,3,0.0018530582310631871,0.053936075419187546,0.12986446917057037,0.8143463730812073
4721,3,3,0.00046116908197291195,1.0968463357130531e-05,0.006557134911417961,0.9929706454277039
4722,2,2,0.013295463286340237,0.00013265850429888815,0.9799628257751465,0.006609016563743353
4723,1,1,0.0001933105377247557,0.9998051524162292,9.191952585752006e-07,6.498171956081933e-07
4724,1,1,0.0005048197926953435,0.9994284510612488,3.6961751902708784e-05,2.982374826387968e-05
4725,1,1,0.00011985437595285475,0.9997453093528748,9.66140505624935e-05,3.8294536352623254e-05
4726,0,0,0.9972713589668274,0.0022481721825897694,3.418130654608831e-05,0.00044623514986597
4727,2,2,0.0038699903525412083,9.006358595797792e-05,0.9950941801071167,0.000945750973187387
4728,1,1,0.009704304859042168,0.9896917939186096,0.00019900198094546795,0.0004048520640935749
4729,1,1,4.181612894171849e-05,0.9999306201934814,1.0270983693771996e-05,1.7247837604372762e-05
4730,1,1,0.00041323041659779847,0.9963926672935486,0.002881130436435342,0.0003130246768705547
4731,1,1,8.110942144412547e-05,0.9998633861541748,3.619835479184985e-05,1.9266501112724654e-05
4732,1,1,0.021060388535261154,0.9771538972854614,0.0008350546122528613,0.0009506706846877933
4733,1,1,0.0010679163970053196,0.9989249110221863,2.8048527838109294e-06,4.311342308938038e-06
4734,0,0,0.9430609345436096,0.056869808584451675,3.509100861265324e-05,3.424032547627576e-05
4735,2,2,0.001992876175791025,6.676779594272375e-05,0.9750596880912781,0.022880712524056435
4736,0,0,0.9994499087333679,4.8231053369818255e-05,0.00041090630111284554,9.090465755434707e-05
4737,3,3,0.03234707936644554,0.01658025197684765,0.019029540941119194,0.9320431351661682
4738,3,3,0.028454309329390526,2.7508144739840645e-07,0.0011859535006806254,0.9703594446182251
4739,2,2,0.008311103098094463,1.9974324459326454e-05,0.9857864379882812,0.005882440134882927
4740,3,3,7.44845283406903e-06,1.7277334336540662e-06,0.00023179632262326777,0.9997591376304626
4741,3,3,0.0005096824024803936,0.0001930331636685878,0.006468872539699078,0.9928284287452698
4742,3,3,5.2252766181482e-05,2.315366600669222e-06,0.0038762488402426243,0.9960691928863525
4743,1,1,5.2957708248868585e-05,0.9999302625656128,1.3971423868497368e-05,2.805395297400537e-06
4744,3,3,0.0006139056058600545,5.581252116826363e-05,0.39209750294685364,0.6072327494621277
4745,1,1,0.004071538802236319,0.9957554340362549,0.00016205100109800696,1.101321595342597e-05
4746,2,2,0.0017979990225285292,0.0007214562501758337,0.9935812950134277,0.003899265080690384
4747,1,1,0.0005614944966509938,0.9994331002235413,3.7650102058250923e-06,1.6539689795536106e-06
4748,0,0,1.0,2.705096147082031e-09,1.0160119273683321e-10,2.773230978192487e-09
4749,3,3,0.0002101608261000365,3.4176923691120464e-07,0.002199775306507945,0.9975897073745728
4750,2,2,0.00018750003073364496,4.4615373440137773e-07,0.9995177984237671,0.0002942484279628843
4751,2,2,0.0006711501628160477,2.692466409826011e-07,0.9992792010307312,4.9348032916896045e-05
4752,0,0,0.9997262358665466,9.454949758946896e-05,1.1287094281442478e-07,0.00017912319162860513
4753,2,2,0.08803362399339676,0.009961279109120369,0.8398629426956177,0.06214212253689766
4754,3,3,0.00020408937416505069,2.9058156769679044e-07,0.07627367228269577,0.923521876335144
4755,1,1,0.0001946302509168163,0.9975766539573669,0.002058384008705616,0.00017025238776113838
4756,2,2,0.0032577351666986942,0.00033780880039557815,0.9962539672851562,0.0001503680250607431
4757,0,0,0.9973394274711609,3.118576205451973e-05,9.213185876433272e-06,0.002620275830850005
4758,2,2,5.330456588126253e-06,1.1326993444527034e-05,0.9991544485092163,0.0008288255194202065
4759,2,2,0.00012189347035018727,6.169639163999818e-06,0.9987080097198486,0.0011638856958597898
4760,3,3,0.0002500364207662642,5.770405664407008e-07,0.0006575610022991896,0.9990918636322021
4761,0,0,0.9999991655349731,4.088693401627097e-07,1.368386648437081e-07,2.9091444275763934e-07
4762,3,3,7.889240805525333e-05,3.0795770271652145e-06,0.013624518178403378,0.9862935543060303
4763,3,3,0.02816854976117611,0.0010731040965765715,0.0007923852535896003,0.969965934753418
4764,0,0,0.6621630787849426,0.23961788415908813,0.08480097353458405,0.013418024405837059
4765,2,2,0.0872662216424942,1.4000207556819078e-05,0.9092962741851807,0.00342362467199564
4766,2,2,0.0850825160741806,0.033114735037088394,0.8204746246337891,0.061328087002038956
4767,3,3,1.2714925787804532e-06,1.864031595744109e-08,0.0025872080586850643,0.9974115490913391
4768,2,2,0.03686331957578659,3.5628640034701675e-05,0.958340048789978,0.004760941956192255
4769,2,2,0.019203804433345795,7.875793380662799e-05,0.9794406890869141,0.0012767377775162458
4770,1,1,1.457093994072789e-11,1.0,4.5648111068885555e-08,1.1595040483314278e-09
4771,3,3,0.013671173714101315,0.001209559733979404,0.10189584642648697,0.8832234144210815
4772,1,1,4.189261744613759e-05,0.9999260902404785,1.7565949747222476e-05,1.4430337614612654e-05
4773,2,3,0.0009324012789875269,0.000162122116307728,0.11106612533330917,0.8878393173217773
4774,0,0,0.9906215667724609,1.097789663617732e-05,0.001021000323817134,0.008346444927155972
4775,3,3,2.8827645337514696e-07,3.146326577052605e-08,4.159695436101174e-06,0.9999955892562866
4776,3,3,0.004059355705976486,2.2988833734416403e-05,0.018924294039607048,0.9769933819770813
4777,1,1,6.546319491462782e-05,0.9968999624252319,0.0030252793803811073,9.30563055590028e-06
4778,3,3,4.3208474380662665e-05,4.57293452882368e-07,4.893118602922186e-05,0.999907374382019
4779,3,3,3.013886725966586e-06,4.755649207766055e-09,0.0020204128231853247,0.9979766011238098
4780,1,1,0.00020975046209059656,0.9995948672294617,0.00015696270565968007,3.8542515540029854e-05
4781,1,1,0.007795055862516165,0.9915997982025146,1.5617780491083977e-06,0.0006035658880136907
4782,2,1,0.049971964210271835,0.8309235572814941,0.05106639862060547,0.06803803145885468
4783,2,3,0.00017892173491418362,2.2550991616299143e-06,0.07437456399202347,0.9254442453384399
4784,3,3,0.045289911329746246,0.055287543684244156,0.14398278295993805,0.7554396986961365
4785,1,1,1.4507629202853423e-05,0.9998892545700073,5.263295315671712e-05,4.36352493125014e-05
4786,1,1,0.01266484148800373,0.9375260472297668,0.04168159142136574,0.008127589710056782
4787,3,3,9.074946865439415e-05,0.000305759982438758,0.08172139525413513,0.9178820848464966
4788,0,0,0.9999957084655762,1.255358910157156e-07,1.931658289322513e-06,2.2274573439062806e-06
4789,3,2,0.0026858586352318525,1.0177981494052801e-05,0.8070762753486633,0.1902277171611786
4790,0,0,0.985848069190979,6.297196705418173e-06,0.000614652584772557,0.013530923053622246
4791,3,3,0.00011995082604698837,4.7346071596621186e-07,0.0005399056244641542,0.9993396401405334
4792,3,3,2.2286592411546735e-06,4.3798834781227924e-08,0.0009450179641135037,0.9990527033805847
4793,3,3,0.0005527978646568954,2.119111968568177e-06,0.005464843008667231,0.9939802885055542
4794,2,2,0.000979364849627018,2.9414743039524183e-05,0.799479603767395,0.1995116025209427
4795,2,2,0.0006635387544520199,0.00019076393800787628,0.9968675971031189,0.002278065774589777
4796,3,3,6.362429121509194e-05,3.84434116540433e-07,0.0004598810919560492,0.9994761347770691
4797,0,0,0.999800980091095,3.5940829548053443e-05,6.833072256995365e-05,9.484936890657991e-05
4798,2,2,0.00010482351353857666,1.823045386117883e-05,0.9973934888839722,0.0024834261275827885
4799,0,0,0.9999310970306396,6.36720797047019e-05,3.6451166351980646e-07,4.908318715024507e-06
4800,0,0,0.9757640957832336,0.001992932753637433,0.001589443301782012,0.020653506740927696
4801,3,3,0.0024984872434288263,0.005121771711856127,0.02766333892941475,0.9647163152694702
4802,0,0,0.9999692440032959,2.3490581213536643e-07,2.931840208475478e-05,1.2227422985233716e-06
4803,3,3,0.00011784458183683455,0.0002963618317153305,0.003907467238605022,0.9956783652305603
4804,0,0,0.9989058971405029,1.83415522769792e-05,0.00038661150028929114,0.0006890862132422626
4805,1,1,0.021101586520671844,0.9785590171813965,0.0001652201171964407,0.0001741954474709928
4806,3,3,7.419969915645197e-05,9.229762326867785e-06,3.684553551153158e-09,0.9999165534973145
4807,2,2,0.010042764246463776,3.274690971011296e-05,0.9828979969024658,0.007026401348412037
4808,1,1,0.03401867300271988,0.9503129124641418,0.0011466311989352107,0.01452177856117487
4809,1,1,0.017392922192811966,0.7880600094795227,0.18633808195590973,0.008209001272916794
4810,2,2,0.000701787241268903,3.759965693461709e-05,0.9914045333862305,0.007856013253331184
4811,0,0,0.9992827773094177,0.0006303148693405092,1.0039819244411774e-05,7.686693425057456e-05
4812,0,0,1.0,1.020710960197846e-09,4.427003763574078e-10,1.571355134899477e-08
4813,0,0,0.9994513392448425,0.00010909428237937391,0.0001915539032779634,0.0002479331160429865
4814,0,0,0.9976919889450073,1.8295866539119743e-05,0.0007625826983712614,0.001527109881862998
4815,3,1,0.002972338581457734,0.8631470799446106,0.01611444167792797,0.1177661269903183
4816,0,0,0.9991768002510071,1.973588041437324e-05,0.00024749914882704616,0.0005559524870477617
4817,1,1,0.00045256002340465784,0.9995208978652954,1.3321377082320396e-05,1.3194033272156958e-05
4818,3,3,0.002024112967774272,0.00027924994355998933,0.05180395767092705,0.9458926320075989
4819,1,1,0.2099897712469101,0.7788484692573547,0.009018341079354286,0.0021433739457279444
4820,0,0,0.9950920343399048,0.0007047253311611712,6.301568646449596e-05,0.004140279721468687
4821,0,0,0.8705162405967712,0.0011693566339090466,0.06329991668462753,0.06501444429159164
4822,2,2,3.2427433325210586e-05,1.5561529380647698e-06,0.9994279742240906,0.0005380622460506856
4823,1,2,0.14258739352226257,0.3343484699726105,0.43822774291038513,0.08483634889125824
4824,2,1,0.08581721037626266,0.7638348340988159,0.10628608614206314,0.044061943888664246
4825,1,1,0.0005848178989253938,0.9951660633087158,0.0015265477122738957,0.002722682897001505
4826,3,3,0.0031696835067123175,6.671363735222258e-06,0.029023725539445877,0.9677999019622803
4827,1,1,3.6043013096787035e-05,0.9999630451202393,6.255656330722559e-07,2.2363079210663273e-07
4828,2,2,0.0560479611158371,2.91488186121569e-06,0.9437812566757202,0.00016781898739282042
4829,3,3,0.0003703825350385159,3.204537506462657e-07,0.22129665315151215,0.7783326506614685
4830,1,1,1.3250087249616627e-05,0.9999741315841675,9.97608367470093e-06,2.654238642207929e-06
4831,3,3,0.03519468754529953,0.0031857090070843697,0.05350327864289284,0.9081162810325623
4832,2,2,2.5252229534089565e-06,4.487106252781814e-06,0.9999579191207886,3.51159178535454e-05
4833,1,1,0.0012419238919392228,0.9621151685714722,0.0031980390194803476,0.033444806933403015
4834,0,0,0.9994869232177734,1.80724891833961e-05,0.00041323286131955683,8.173639071173966e-05
4835,2,2,0.013145111501216888,0.0032004904933273792,0.9544900059700012,0.029164345934987068
4836,2,2,4.5750643039355054e-05,3.368279294591048e-06,0.9999055862426758,4.5317781768972054e-05
4837,2,2,0.06873716413974762,0.0014722084160894156,0.9024109244346619,0.027379726991057396
4838,0,0,0.9999969005584717,1.2890325251646573e-07,2.567110868767486e-06,3.259366394559038e-07
4839,2,2,0.0032852517906576395,1.039407288772054e-05,0.9837904572486877,0.012913878075778484
4840,2,2,0.002593858866021037,3.294043926871382e-05,0.9964004755020142,0.0009727347060106695
4841,0,0,0.9999673366546631,3.4247929647790443e-07,2.919663893408142e-05,3.0959686228015926e-06
4842,1,1,0.0001271541987080127,0.9995765089988708,0.00019369885558262467,0.00010258875408908352
4843,0,0,0.9511609673500061,0.012896745465695858,0.009556520730257034,0.02638585865497589
4844,3,3,0.04066314548254013,0.0002036357473116368,0.01373972650617361,0.9453935027122498
4845,1,1,0.0012570485705509782,0.9984159469604492,8.254360727733001e-05,0.0002444893470965326
4846,0,3,0.3241513669490814,0.00024443885195069015,0.14514093101024628,0.5304632782936096
4847,3,3,0.005400868132710457,0.0007518466445617378,0.04270997643470764,0.9511373043060303
4848,1,1,3.968160672229715e-05,0.9999425411224365,9.421999493497424e-06,8.339041414728854e-06
4849,2,2,0.006064340937882662,0.00010262268915539607,0.9889583587646484,0.004874673206359148
4850,3,3,0.0015850943746045232,1.463416765545844e-07,0.3073434829711914,0.6910712718963623
4851,1,1,0.00032341229962185025,0.9996609687805176,1.1492606972751673e-05,4.230362264934229e-06
4852,0,0,0.9999980926513672,4.608532222505346e-09,5.03840965393465e-07,1.47105436099082e-06
4853,3,3,0.0002775061293505132,2.4005401428439654e-05,0.05126910284161568,0.9484294652938843
4854,1,3,0.08126652985811234,0.07869488000869751,0.052096035331487656,0.7879425287246704
4855,3,3,0.0001645248121349141,1.2308403711358551e-05,0.00869007222354412,0.9911331534385681
4856,2,2,0.0026982089038938284,1.014933513943106e-05,0.9949068427085876,0.0023847497068345547
4857,3,3,3.240773594370694e-06,1.2745654309753718e-08,0.0002691013796720654,0.9997276663780212
4858,0,0,0.9681054949760437,6.632284203078598e-05,0.00013610601308755577,0.03169209137558937
4859,0,0,0.9967161417007446,0.0005889719468541443,0.001869689323939383,0.0008251888211816549
4860,3,3,1.5147542171689565e-06,1.3178378388545298e-09,6.379215392371407e-06,0.9999921321868896
4861,0,0,0.9534783363342285,0.000658527365885675,0.04387319087982178,0.0019899760372936726
4862,2,3,2.2541753423865885e-06,1.3706238632948953e-07,0.006623528897762299,0.9933740496635437
4863,0,0,0.5032840967178345,0.26205313205718994,0.013559223152697086,0.22110354900360107
4864,2,2,0.0017210611840710044,0.0003585450176615268,0.9968137145042419,0.0011067090090364218
4865,2,2,0.0014507166342809796,0.0001890267594717443,0.9970677495002747,0.001292582368478179
4866,3,3,0.00011582900333451107,3.4325348678976297e-06,0.0057334597222507,0.9941473007202148
4867,3,3,0.0003722204710356891,9.099256567424163e-05,0.005141386762261391,0.99439537525177
4868,1,1,8.275176514871418e-05,0.9999099969863892,1.7051722807082115e-06,5.436698302219156e-06
4869,3,3,4.160096523264656e-06,6.510635364165296e-10,0.0007619418320246041,0.9992339611053467
4870,3,3,0.022920148447155952,1.7918091543833725e-05,0.00044560397509485483,0.9766163229942322
4871,0,0,0.9999333620071411,2.726576894929167e-06,2.815099105646368e-05,3.5743185435421765e-05
4872,3,3,1.4184036444930825e-05,1.8418739273329265e-05,8.217155846068636e-05,0.9998852014541626
4873,0,0,0.9995675683021545,1.9148365026921965e-07,0.00024377802037633955,0.00018843238649424165
4874,0,0,0.9999469518661499,1.9733415683731437e-05,2.0857016352238134e-05,1.2437177247193176e-05
4875,1,1,0.03410898894071579,0.9446046352386475,0.0012496643466874957,0.020036671310663223
4876,1,1,0.0002146332844858989,0.9989946484565735,0.000669216038659215,0.0001214910953422077
4877,3,3,0.01891983486711979,0.01622942090034485,0.04853999987244606,0.9163106679916382
4878,1,1,0.00019591720774769783,0.997200608253479,0.0025454452261328697,5.80357045691926e-05
4879,1,1,0.0044948323629796505,0.9952502250671387,0.000207504301215522,4.749573417939246e-05
4880,0,2,0.04513342306017876,0.000567250419408083,0.9124069213867188,0.0418923981487751
4881,0,0,0.9904616475105286,0.0002813163155224174,0.00211443193256855,0.00714262155815959
4882,1,1,0.08412054181098938,0.8049872517585754,0.03634157031774521,0.07455062121152878
4883,3,3,0.0008025893475860357,0.0006152609130367637,0.001109994133003056,0.9974721074104309
4884,1,1,7.424373507092241e-06,0.999984860420227,3.4411000342515763e-06,4.3446589188533835e-06
4885,3,3,4.648685353458859e-05,1.1612472917477135e-05,1.2310227248235606e-05,0.999929666519165
4886,0,0,0.9999997615814209,1.6144371173254513e-08,7.845437721698545e-08,1.428551428261926e-07
4887,1,1,0.002261574612930417,0.9971799850463867,0.0005469097523018718,1.158416398538975e-05
4888,3,3,0.0602274015545845,0.0011841978412121534,0.020634671673178673,0.9179537296295166
4889,1,1,0.00012089046504115686,0.9990338087081909,7.204881694633514e-05,0.0007732405210845172
4890,0,0,1.0,1.5194848851374232e-11,4.202053201923794e-12,2.3723869535530184e-09
4891,3,3,0.00027175070135854185,7.89283003541641e-05,0.03531255945563316,0.9643367528915405
4892,1,1,4.706567415269092e-05,0.9998319149017334,0.00010703310545068234,1.396717198076658e-05
4893,0,0,0.9998255372047424,6.994908744673012e-06,7.854645082261413e-05,8.896685903891921e-05
4894,1,1,0.13372327387332916,0.863990843296051,0.0020433932077139616,0.0002424030244583264
4895,1,1,0.06686394661664963,0.9309284090995789,0.0021495940163731575,5.7987392210634425e-05
4896,1,1,3.725776696228422e-05,0.9998711347579956,8.224526391131803e-05,9.267022505810019e-06
4897,0,0,0.9999933242797852,6.067362079420491e-08,4.609576535585802e-06,1.9879919364029774e-06
4898,3,3,0.00011288288806099445,0.00010302087321178988,0.010701490566134453,0.9890825748443604
4899,1,1,0.15213017165660858,0.4275685250759125,0.06317219138145447,0.35712915658950806
4900,0,1,0.3780265748500824,0.5996680855751038,0.012797295115888119,0.009508050046861172
4901,1,1,3.980099063483067e-05,0.999922513961792,1.5805115253897384e-05,2.1925407054368407e-05
4902,2,2,0.05231280252337456,0.0021010204218328,0.5716893076896667,0.3738968074321747
4903,1,1,3.549667962943204e-05,0.9999068975448608,5.314766531228088e-05,4.377049208414974e-06
4904,3,3,0.006349518895149231,0.0007973554311320186,0.011332094669342041,0.98152095079422
4905,1,1,0.011155836284160614,0.897352933883667,0.019795505329966545,0.07169578224420547
4906,2,2,0.003972366452217102,3.421307155804243e-06,0.995618462562561,0.00040581400389783084
4907,1,1,5.240929749561474e-05,0.9999309778213501,1.0603068403725047e-05,5.9418075579742435e-06
4908,2,2,0.014819130301475525,0.0019468142418190837,0.772158145904541,0.21107585728168488
4909,0,0,0.997796893119812,0.00010252973152091727,0.00013966027472633868,0.001960932509973645
4910,0,0,0.9999812841415405,2.70054243856066e-07,4.77596404380165e-06,1.3662681340065319e-05
4911,1,1,0.0006032727542333305,0.9970009922981262,0.0021989147644490004,0.00019687543681357056
4912,1,0,0.5168259739875793,0.016432488337159157,0.13397012650966644,0.3327714502811432
4913,1,1,0.001128620933741331,0.9985910058021545,0.00026365730445832014,1.664533920120448e-05
4914,1,1,0.0015971887623891234,0.9970808625221252,0.001275105052627623,4.683547740569338e-05
4915,3,3,8.115300715871854e-07,1.302637026023845e-10,4.0992169658693456e-08,0.9999991655349731
4916,2,2,0.04141338914632797,5.750821969741082e-07,0.958552360534668,3.370712511241436e-05
4917,3,3,0.0009797560051083565,0.0009977074805647135,0.0012398672988638282,0.996782660484314
4918,0,0,0.9751681685447693,0.02411770634353161,0.0006567714735865593,5.7345707318745553e-05
4919,1,1,0.0007876275340095162,0.9991845488548279,5.222341769695049e-06,2.2611662643612362e-05
4920,1,1,0.004771197680383921,0.9788779616355896,0.004805863369256258,0.01154500525444746
4921,3,3,0.26626133918762207,0.08395165205001831,0.245931476354599,0.40385547280311584
4922,0,0,0.9997251629829407,2.9904012421866355e-07,1.7561440017743735e-06,0.0002727834798861295
4923,0,0,0.9999997615814209,2.206655747016839e-09,6.2191656269305895e-09,2.144540189874533e-07
4924,0,0,0.999906063079834,3.0326153137139045e-05,4.957352939527482e-05,1.4021740753378253e-05
4925,1,1,0.0003932803520001471,0.999573290348053,3.2613745133858174e-05,8.832760158838937e-07
4926,0,0,0.9999963045120239,1.8168911992688663e-06,1.0087998134622467e-06,9.613925158191705e-07
4927,1,1,1.7633239622227848e-05,0.9999700784683228,1.5734075304862927e-06,1.0772735549835488e-05
4928,3,3,0.00040765400626696646,0.00037031914689578116,0.023853471502661705,0.9753684997558594
4929,2,1,0.31298184394836426,0.3745390772819519,0.20457212626934052,0.10790693014860153
4930,1,1,1.480887112847995e-05,0.9999809265136719,8.705616210136213e-07,3.3388464544259477e-06
4931,2,2,0.1690729260444641,0.1875157207250595,0.5987282991409302,0.04468299448490143
4932,3,3,0.004399582277983427,0.005116797052323818,0.15505991876125336,0.8354237079620361
4933,1,0,0.7072547078132629,0.05307291820645332,0.23454681038856506,0.005125576164573431
4934,2,2,0.0008251420804299414,2.077008866763208e-05,0.9897957444190979,0.009358367882668972
4935,1,1,1.25512269733008e-05,0.9999829530715942,3.7071963561174925e-06,8.555614385841182e-07
4936,3,3,0.00011347195686539635,1.0536774652791792e-07,0.0008720229379832745,0.9990143775939941
4937,0,0,0.9999923706054688,1.199010284835822e-06,4.7657622417318635e-06,1.6539730722797685e-06
4938,1,1,0.0028396642301231623,0.9971530437469482,4.119185632589506e-06,3.234767973481212e-06
4939,0,0,0.945986270904541,0.0002591449592728168,0.02677333913743496,0.026981184259057045
4940,2,3,0.005351705476641655,0.21690905094146729,0.21062897145748138,0.5671102404594421
4941,2,2,0.002672279253602028,1.6980484360828996e-05,0.9971814155578613,0.00012935140694025904
4942,3,3,1.2102152140869293e-05,1.445275898959153e-08,0.0015991609543561935,0.9983887672424316
4943,2,2,0.0016763805178925395,0.0037061739712953568,0.9789069294929504,0.015710411593317986
4944,3,3,0.006375531200319529,0.010971812531352043,0.0029262532480061054,0.9797263145446777
4945,0,0,0.9993464350700378,0.0005001060198992491,0.00014447791909333318,8.996433280117344e-06
4946,1,1,0.00021841026318725199,0.9997273087501526,3.7640089431079105e-05,1.6708998373360373e-05
4947,3,3,0.001148151932284236,0.0005074425134807825,0.021797092631459236,0.976547360420227
4948,0,0,0.9999607801437378,6.499025403172709e-06,2.1625233785016462e-05,1.1145917596877553e-05
4949,3,3,0.00018342032853979617,7.600661433571076e-08,0.00911981612443924,0.9906966686248779
4950,2,2,0.0005649219383485615,2.4555101845180616e-05,0.84944748878479,0.14996306598186493
4951,1,1,0.012999110855162144,0.9800998568534851,0.0047878301702439785,0.0021132181864231825
4952,2,0,0.7812647819519043,4.0282927216139797e-07,0.21607699990272522,0.002657851902768016
4953,1,1,0.005899898242205381,0.9940866231918335,9.584909093973693e-06,3.910728082701098e-06
4954,1,1,0.0008676197030581534,0.998997151851654,5.2531602705130354e-05,8.261355833383277e-05
4955,2,2,0.0005476082442328334,0.0013056073803454638,0.9709236025810242,0.02722325176000595
4956,1,1,0.00034028582740575075,0.997616171836853,0.0019961094949394464,4.740693839266896e-05
4957,3,3,0.003823651233687997,0.0002715793380048126,0.03282846510410309,0.9630762338638306
4958,3,3,0.009260823018848896,0.002957336837425828,0.002070450922474265,0.9857112765312195
4959,2,2,0.0005640886374749243,8.208920917240903e-06,0.9918280839920044,0.007599606178700924
4960,3,3,3.7842273741262034e-05,4.904685738438275e-06,0.002859588013961911,0.9970977306365967
4961,2,2,0.0003821346035692841,1.0278658919560257e-05,0.9928412437438965,0.0067662731744349
4962,2,2,0.0007781858439557254,2.6965083179675275e-06,0.999032735824585,0.0001864371297415346
4963,2,2,0.07601215690374374,0.0326983742415905,0.6399153470993042,0.25137415528297424
4964,1,1,0.3824770450592041,0.5870659947395325,0.01756889745593071,0.012888160534203053
4965,3,3,0.0012547632213681936,0.0003087726654484868,0.0025471902918070555,0.9958892464637756
4966,2,2,0.003055329667404294,0.0005608109058812261,0.7884486317634583,0.2079351842403412
4967,0,0,0.9973030090332031,0.0009832687210291624,0.0014687160728499293,0.0002449823950883001
4968,1,1,0.0004475312016438693,0.9994137287139893,3.065816781600006e-05,0.00010811886022565886
4969,2,2,0.0021915852557867765,0.0015833763172850013,0.9941792488098145,0.0020457981154322624
4970,1,1,0.002508352044969797,0.9974753260612488,1.0090766409120988e-05,6.22931111138314e-06
4971,0,0,0.9998983144760132,4.761931506891415e-07,5.578199852607213e-05,4.5430613681674004e-05
4972,2,2,0.0022492331918329,4.0747327147983015e-06,0.9970148801803589,0.0007319091819226742
4973,1,1,1.1557435755094048e-06,0.9999983310699463,1.3523465725029382e-07,3.0120949645606743e-07
4974,1,1,0.024179518222808838,0.971811056137085,0.0037102317437529564,0.00029921383247710764
4975,2,2,0.005878119729459286,0.00037919069291092455,0.9748300909996033,0.018912583589553833
4976,2,2,0.002483500400558114,1.053126197803067e-05,0.9958470463752747,0.0016590042505413294
4977,1,1,0.00026798027101904154,0.9997032284736633,4.571676072373521e-06,2.424515514576342e-05
4978,3,3,0.002946254098787904,0.015201748348772526,0.05171532556414604,0.9301366806030273
4979,2,2,0.003920094110071659,0.00024802942061796784,0.762757420539856,0.23307441174983978
4980,2,2,0.05876624584197998,0.0033009296748787165,0.9213823080062866,0.016550563275814056
4981,2,2,0.0011845572153106332,1.058895009009575e-06,0.998489499092102,0.00032484676921740174
4982,0,0,0.5427663922309875,0.03013823926448822,0.41097214818000793,0.016123220324516296
4983,3,3,0.0008103067521005869,0.00015291356248781085,0.06932318955659866,0.9297135472297668
4984,2,2,0.0006588008254766464,0.00014712750271428376,0.9967144727706909,0.002479588147252798
4985,1,1,0.0044374018907547,0.9941365718841553,0.0009632542496547103,0.0004627617308869958
4986,2,2,0.00016535715258214623,5.695598702004645e-06,0.9524150490760803,0.04741391912102699
4987,2,2,0.0015322258695960045,2.1062990640530188e-07,0.9983905553817749,7.700085552642122e-05
4988,3,3,0.0001782983454177156,2.583573223091662e-05,0.2061379998922348,0.7936578392982483
4989,2,2,0.0036508101038634777,0.06770721077919006,0.9266383647918701,0.002003556350246072
4990,0,0,0.9999983310699463,5.3967390556408645e-08,1.1643518291748478e-06,4.1230850911233574e-07
4991,2,2,0.009765085764229298,0.00016175238124560565,0.971808671951294,0.018264420330524445
4992,0,0,0.9999873638153076,5.467975228157229e-08,8.948380127549171e-06,3.6032429306942504e-06
4993,1,1,0.0003666869888547808,0.9995349645614624,6.981065962463617e-05,2.8651465981965885e-05
4994,2,2,0.0013961736112833023,7.37937880330719e-05,0.9977884292602539,0.0007415192085318267
4995,1,1,0.04138459637761116,0.957790732383728,0.0003699956287164241,0.0004546850686892867
4996,1,1,0.0008882423280738294,0.9988945126533508,0.0001696438412182033,4.7660607378929853e-05
4997,0,0,0.4962984323501587,0.0004345953930169344,0.48662781715393066,0.01663907803595066
4998,1,1,0.018609819933772087,0.9766446352005005,0.0025579440407454967,0.002187625039368868
4999,2,2,0.009348204359412193,0.0005490898038260639,0.9709634780883789,0.01913914643228054
5000,2,2,0.00014245454804040492,4.508232086664066e-05,0.9990007281303406,0.0008118170662783086
5001,2,2,0.20269529521465302,0.002535103354603052,0.6170861721038818,0.17768341302871704
5002,1,1,0.00016836175927892327,0.9996322393417358,0.00018685046234168112,1.2463880921131931e-05
5003,3,2,0.001770760747604072,0.009166423231363297,0.5973412394523621,0.39172160625457764
5004,2,2,0.012984164990484715,0.00028089023544453084,0.9863730669021606,0.00036181791801936924
5005,1,1,0.0009928937070071697,0.9989790916442871,2.0014898836961947e-05,7.921297765278723e-06
5006,3,3,0.00017327177920378745,9.550341201247647e-05,0.39064720273017883,0.6090840101242065
5007,2,2,0.00010637523519108072,2.1818807454110356e-06,0.9609763026237488,0.03891509398818016
5008,0,0,0.9999692440032959,1.4262221270655573e-07,2.074947042274289e-05,9.886768566502724e-06
5009,1,1,0.006834843195974827,0.9715110063552856,0.019215969368815422,0.002438232069835067
5010,0,0,0.8939144015312195,0.00010556999041000381,0.10568569600582123,0.0002943475265055895
5011,0,0,0.9855238795280457,0.00026228727074339986,0.007837041281163692,0.0063766553066670895
5012,0,0,0.9999997615814209,6.538210417517121e-09,5.263331459559595e-08,2.1764884650110616e-07
5013,3,3,0.00012375102960504591,0.00021186242520343512,0.003376544453203678,0.9962878227233887
5014,0,0,0.9999992847442627,6.0797553658176184e-09,3.6858776297776785e-07,3.1478703022003174e-07
5015,1,1,0.0003602276847232133,0.9995429515838623,3.9971855585463345e-05,5.677912486135028e-05
5016,1,1,2.7541856979951262e-05,0.9999674558639526,3.986616775364382e-06,1.0866401680686977e-06
5017,1,1,0.021594466641545296,0.9709279537200928,0.005199317820370197,0.0022781649604439735
5018,2,2,0.00014691568503621966,4.7501980589004233e-05,0.9980948567390442,0.0017106706509366632
5019,2,2,0.0006129283574409783,2.36864470934961e-05,0.9960410594940186,0.0033222727943211794
5020,2,2,0.002571395831182599,3.6553054087562487e-05,0.773880660533905,0.22351138293743134
5021,1,1,3.2381151982008305e-07,0.9999995231628418,7.305483329389517e-09,1.394008677380043e-07
5022,1,1,0.0004694116651080549,0.9990416169166565,0.00038808592944405973,0.00010088994895340875
5023,3,3,9.746897831064416e-07,1.5212400228392653e-08,4.010661723441444e-05,0.999958872795105
5024,1,0,0.7538114190101624,0.22104479372501373,0.02237827330827713,0.0027655677404254675
5025,2,2,0.003551109228283167,2.0196027890051482e-06,0.9960386753082275,0.0004081662918906659
5026,1,1,0.00010785467748064548,0.9998186230659485,6.15279859630391e-05,1.2017913832096383e-05
5027,1,1,4.975312185706571e-05,0.9980073571205139,0.0014893916668370366,0.0004535239131655544
5028,2,2,0.0036164727061986923,6.023983587510884e-05,0.9504047632217407,0.045918505638837814
5029,1,1,0.0009759166860021651,0.9990057349205017,1.5804167560418136e-05,2.617617838041042e-06
5030,1,1,4.985614850738784e-06,0.9999895095825195,6.710365596518386e-07,4.8753045120975e-06
5031,2,2,9.975890861824155e-05,1.6221920304815285e-05,0.9938440322875977,0.006040026433765888
5032,2,2,0.002416465664282441,0.0003370099584572017,0.991970419883728,0.0052760327234864235
5033,0,0,0.9986962676048279,0.00018965336494147778,0.0006134700961410999,0.000500617315992713
5034,2,2,0.006294616498053074,3.462410677457228e-05,0.9894949793815613,0.004175763577222824
5035,2,0,0.7784100770950317,0.15887661278247833,0.06031818687915802,0.0023951681796461344
5036,3,3,1.0642173009500766e-07,1.7474339131240413e-07,3.54625481122639e-05,0.9999643564224243
5037,1,1,0.1674005091190338,0.8235099911689758,0.006829319521784782,0.002260132459923625
5038,3,3,1.0768329048005398e-05,5.856477969246043e-09,4.113307659281418e-05,0.9999481439590454
5039,0,0,0.9954447746276855,0.0003918032452929765,0.00400123605504632,0.00016227539163082838
5040,2,2,0.053512755781412125,6.313373887678608e-06,0.9462294578552246,0.00025138939963653684
5041,0,0,0.9994606375694275,0.00044122833060100675,8.716236334294081e-05,1.0934250894933939e-05
5042,0,0,0.999969482421875,6.650446948697208e-07,2.688269341888372e-05,2.9358880055951886e-06
5043,3,2,0.007372106425464153,0.002383108716458082,0.5311724543571472,0.4590723216533661
5044,2,2,8.171088120434433e-05,2.0318720999057405e-05,0.998428225517273,0.0014697687001898885
5045,3,1,0.02223181538283825,0.5164051651954651,0.3138526380062103,0.14751036465168
5046,1,1,0.016357693821191788,0.9832294583320618,0.00029417139012366533,0.0001186655936180614
5047,2,2,0.21520431339740753,0.0001224428415298462,0.7825759053230286,0.0020973505452275276
5048,3,3,4.5683020289288834e-05,2.354822299821535e-06,0.10254499316215515,0.8974069952964783
5049,1,1,0.0011619016295298934,0.998734176158905,9.389381011715159e-05,9.968304766516667e-06
5050,2,2,0.0004947760608047247,0.00020863903046119958,0.9028485417366028,0.09644807130098343
5051,2,2,0.019132986664772034,0.09277507662773132,0.6219097971916199,0.2661820948123932
5052,1,1,1.0165177627641242e-05,0.9999440908432007,2.6930123567581177e-05,1.8857375835068524e-05
5053,3,3,7.399766036542132e-05,1.4172471196616243e-07,0.012763653881847858,0.987162172794342
5054,2,2,0.00014395157631952316,1.937015440489631e-06,0.992580771446228,0.007273298222571611
5055,0,0,0.9632291793823242,0.002588234841823578,0.02249346673488617,0.011689146980643272
5056,3,3,1.8597827278199475e-08,2.98718022540001e-10,0.00017220959125552326,0.9998277425765991
5057,1,1,2.669392961252015e-05,0.9999467134475708,2.209675358244567e-06,2.4436763851554133e-05
5058,1,1,2.8425320124370046e-05,0.9997931122779846,0.00016436503210570663,1.4035607819096185e-05
5059,2,2,0.014110996387898922,8.826006023809896e-07,0.9853816032409668,0.0005064491415396333
5060,3,2,3.612430009525269e-05,6.783636763429968e-07,0.5550717711448669,0.44489142298698425
5061,1,1,3.922782343579456e-05,0.9999595880508423,7.708149496465921e-07,4.0368851728089794e-07
5062,2,2,0.0004115530464332551,5.7062927226070315e-05,0.9929739236831665,0.006557469256222248
5063,2,2,0.0002939331461675465,0.0018290809821337461,0.9953948855400085,0.002482061740010977
5064,2,3,0.0013060119235888124,0.00045026562293060124,0.2878613770008087,0.710382342338562
5065,3,3,7.015329629211919e-06,1.0238540198770352e-05,0.005339796654880047,0.994642972946167
5066,1,1,0.006854568142443895,0.9930601119995117,4.847053423873149e-05,3.681059752125293e-05
5067,2,0,0.6615029573440552,0.00883567612618208,0.3172491490840912,0.012412255629897118
5068,0,0,0.9999932050704956,2.295654894624022e-06,1.0942054586848826e-06,3.4678132578847e-06
5069,0,0,0.9994231462478638,7.33522327323044e-08,0.000560014508664608,1.6840736861922778e-05
5070,2,2,0.012465542182326317,0.0004955693730153143,0.9395797252655029,0.04745911806821823
5071,1,1,0.010881055146455765,0.988400936126709,0.0002597187121864408,0.0004583137924782932
5072,3,3,9.81002813205123e-07,5.522268793356488e-07,0.0029993634670972824,0.9969991445541382
5073,1,1,0.0021143374033272266,0.9973260164260864,0.00033638314926065505,0.00022331872605718672
5074,2,2,0.0046896254643797874,2.633465192047879e-05,0.9434634447097778,0.05182059854269028
5075,2,2,0.02748437225818634,0.00042896781815215945,0.8838716745376587,0.08821500092744827
5076,2,2,0.0003221417427994311,6.40454489442277e-09,0.999510645866394,0.00016716812388040125
5077,2,2,0.000620601640548557,1.1889363804584718e-06,0.9989884495735168,0.0003898361464962363
5078,0,0,0.9883437156677246,6.783703429391608e-05,0.01138280425220728,0.0002056414814433083
5079,1,1,0.022702204063534737,0.9540627002716064,0.021144697442650795,0.002090366091579199
5080,3,3,0.023857545107603073,8.47014962346293e-05,0.000527172174770385,0.9755305647850037
5081,3,3,6.421322177629918e-05,9.552110896038357e-06,0.004115704447031021,0.9958106279373169
5082,0,0,0.9999985694885254,1.5032842526352397e-08,4.187022639712268e-08,1.4397477343663923e-06
5083,2,2,0.00012131605762988329,3.7123309084563516e-06,0.9994617104530334,0.0004132657777518034
5084,2,2,0.00027055692044086754,5.817366854898864e-06,0.997739315032959,0.001984233735129237
5085,1,1,0.050827756524086,0.9490795135498047,4.9943286285270005e-05,4.2748342821141705e-05
5086,0,0,0.9965254664421082,9.012632654048502e-05,0.00039545533945783973,0.002988966181874275
5087,2,2,0.0003893589600920677,7.208374881884083e-05,0.9859862327575684,0.013552340678870678
5088,3,3,2.3140987650549505e-06,2.0753903129389073e-07,0.022891560569405556,0.9771058559417725
5089,0,0,0.9984456896781921,0.0004231274360790849,0.000816911575384438,0.00031431461684405804
5090,2,2,0.0028665107674896717,3.987479431089014e-05,0.9933145642280579,0.0037790301721543074
5091,3,3,0.001492203096859157,2.35816951317247e-05,0.01555729378014803,0.9829269051551819
5092,2,2,0.001043829252012074,1.0359506632084958e-05,0.9820057153701782,0.01694006659090519
5093,3,3,0.00017439897055737674,1.3076546565571334e-06,6.244373798836023e-05,0.9997618794441223
5094,3,3,0.00016568039427511394,6.297198524407577e-06,0.005269086919724941,0.9945588707923889
5095,1,1,2.5324910893687047e-05,0.9999675750732422,3.5025132092414424e-06,3.52706615558418e-06
5096,0,0,0.9909431338310242,0.0007120199734345078,0.0019474789733067155,0.006397393066436052
5097,1,1,4.11566361435689e-05,0.9997254014015198,0.0002311177086085081,2.299884499734617e-06
5098,1,1,0.07806774973869324,0.9053932428359985,0.007630817126482725,0.008908172138035297
5099,1,1,1.1241198762945714e-06,0.9999971389770508,8.457647027171333e-07,8.402239473070949e-07
5100,3,3,1.426990820618812e-05,9.058415457730007e-07,3.7626403354806826e-05,0.999947190284729
5101,3,3,0.0001789585076039657,8.42452427605167e-05,0.05037150904536247,0.9493653178215027
5102,2,2,0.15261229872703552,0.009768051095306873,0.7777267098426819,0.05989289656281471
5103,3,3,3.2840728181326995e-07,2.5859285415208433e-06,4.8468846216565e-05,0.9999486207962036
5104,1,1,0.003610315965488553,0.9955581426620483,0.00038375210715457797,0.00044772500405088067
5105,2,2,0.0280497707426548,0.0006082260515540838,0.9634894132614136,0.007852626964449883
5106,2,2,0.009824076667428017,9.532974218018353e-05,0.985700249671936,0.004380283877253532
5107,0,0,0.7824316024780273,0.011429381556808949,0.18721763789653778,0.01892143301665783
5108,2,2,0.00011166500917170197,6.864676834084094e-05,0.9989132881164551,0.0009063413017429411
5109,2,2,0.0017523686401546001,6.348511669784784e-05,0.9969967603683472,0.001187470043078065
5110,1,1,0.11721773445606232,0.8689981698989868,0.01338154822587967,0.0004025213420391083
5111,3,3,0.014367024414241314,0.00013958009367343038,0.005921138450503349,0.9795722365379333
5112,0,0,0.8877595663070679,0.00023367140966001898,0.10743248462677002,0.004574278835207224
5113,2,2,0.004906740505248308,0.00038576728547923267,0.993808925151825,0.0008985394379124045
5114,3,3,0.2026529461145401,0.004291469696909189,0.13408920168876648,0.6589664220809937
5115,3,2,0.3578638732433319,0.0005316047463566065,0.37699371576309204,0.26461076736450195
5116,0,0,0.8798729777336121,4.32167507824488e-05,0.03619680926203728,0.08388695120811462
5117,2,2,4.510447979555465e-05,6.875863618915901e-06,0.9999264478683472,2.1590614778688177e-05
5118,0,0,0.9999963045120239,1.646197844706876e-08,2.7161595426150598e-06,9.020316724672739e-07
5119,2,2,7.272084530995926e-06,6.41957527136583e-08,0.9999905824661255,2.1390901565609965e-06
5120,1,1,0.03165878728032112,0.9659608602523804,0.0008886538562364876,0.0014916465152055025
5121,0,0,0.9999722242355347,7.296911917364923e-06,9.867789231066126e-06,1.0584724805084988e-05
5122,0,0,0.998162567615509,1.7591859204912907e-06,0.0002307062386535108,0.0016049635596573353
5123,3,3,9.994923857448157e-06,2.0859677363205265e-07,9.505781690677395e-07,0.9999887943267822
5124,0,0,0.9895021319389343,4.104354957235046e-05,0.008124609477818012,0.002332216827198863
5125,0,0,0.9999380111694336,1.3244218735053437e-06,4.245877335051773e-06,5.639765367959626e-05
5126,2,2,0.006674969103187323,0.004269520286470652,0.9562515020370483,0.03280410170555115
5127,3,0,0.9411658048629761,0.05335497856140137,0.0012034232495352626,0.0042757801711559296
5128,0,1,0.00023775265435688198,0.999762237071991,3.1316080395527024e-08,2.9582077232248594e-08
5129,2,3,0.0005244951462373137,4.3301603000145406e-05,0.004102484788745642,0.995329737663269
5130,3,3,0.1725240796804428,8.038648957153782e-05,0.028430428355932236,0.7989650964736938
5131,3,3,1.769371192494873e-05,3.7989298107277136e-07,0.0478900671005249,0.9520918726921082
5132,3,3,0.09267917275428772,2.713832691370044e-05,0.007781436666846275,0.8995122313499451
5133,2,2,0.002036010380834341,3.8248275814112276e-05,0.9974201917648315,0.0005056450609117746
5134,3,3,0.20179113745689392,0.00523425592109561,0.0920678898692131,0.7009066939353943
5135,3,3,0.00028808938805013895,2.7791193701887096e-07,0.00014936247316654772,0.9995623230934143
5136,3,3,0.00014772139547858387,2.1017671315348707e-05,0.18499407172203064,0.8148372173309326
5137,2,2,0.00013839465100318193,0.00010200728138443083,0.9848819375038147,0.014877627603709698
5138,3,3,0.0020264615304768085,0.00043626787373796105,0.041624248027801514,0.9559131264686584
5139,3,3,0.0471397303044796,0.05488123372197151,0.2366109937429428,0.6613680720329285
5140,3,3,0.00014634679246228188,1.4931185887689935e-07,0.00276071485131979,0.9970928430557251
5141,3,3,0.00028538706828840077,1.3480981579050422e-05,0.003154240781441331,0.9965469241142273
5142,0,0,0.8706864714622498,0.0005889687454327941,0.04766977205872536,0.08105483651161194
5143,2,2,0.003411408979445696,0.00010550595470704138,0.993306577205658,0.0031764458399266005
5144,3,3,0.0007434095023199916,1.0978349109791452e-06,0.09896130859851837,0.9002941846847534
5145,3,0,0.899137556552887,0.07386638224124908,0.00010591762111289427,0.02689013071358204
5146,2,2,0.047528378665447235,3.7566147511824965e-05,0.9492963552474976,0.003137759165838361
5147,3,3,0.02667117491364479,7.992251198629674e-07,0.00035313883563503623,0.9729748964309692
5148,3,3,1.4144444321573246e-05,5.565059950640716e-07,0.00012003565643681213,0.9998651742935181
5149,2,2,0.008352445438504219,0.0012429183116182685,0.9891154766082764,0.001289244624786079
5150,0,0,0.794506311416626,0.0002472495543770492,0.18604861199855804,0.019197864457964897
5151,3,2,0.23037715256214142,0.06279636919498444,0.49094608426094055,0.21588046848773956
5152,3,3,0.3866734504699707,0.021449873223900795,0.04938006028532982,0.5424965620040894
5153,2,2,0.00010818949522217736,6.633957241319877e-07,0.9998730421066284,1.80659226316493e-05
5154,3,3,9.697365021565929e-05,0.0001103766480810009,0.00906633585691452,0.9907262325286865
5155,0,0,0.9982136487960815,1.3151321809345973e-06,0.0009098065202124417,0.0008752148132771254
5156,0,0,0.9638807773590088,0.00012807872553821653,1.85470562428236e-05,0.03597260266542435
5157,1,1,0.00043524589273147285,0.9991589784622192,0.0003528414526954293,5.287115345709026e-05
5158,2,2,0.0003346173616591841,8.167492524080444e-06,0.9995819926261902,7.522915257140994e-05
5159,3,3,0.00038033450255170465,0.00011301995982648805,0.2430018037557602,0.7565048933029175
5160,2,2,0.0016425459180027246,2.1731948436354287e-05,0.9934182167053223,0.004917562939226627
5161,3,3,0.008150388486683369,0.00016065571981016546,0.0006386894965544343,0.9910502433776855
5162,2,2,5.777288833996863e-07,1.7156446574517759e-07,0.9999984502792358,8.331117555826495e-07
5163,0,0,0.9999881982803345,4.707956122729229e-06,2.6372228489890404e-07,6.859122095193015e-06
5164,0,3,0.25440114736557007,0.01013941690325737,0.032671596854925156,0.7027878761291504
5165,2,2,0.0002743043296504766,0.00010760069562820718,0.9992617964744568,0.00035631045466288924
5166,3,3,3.977295648383006e-08,4.723510471649206e-10,5.242785846348852e-06,0.9999947547912598
5167,3,3,0.0001467940310249105,8.267458724731114e-06,0.08133984357118607,0.9185050129890442
5168,1,1,9.334032074548304e-05,0.9998477697372437,4.608486779034138e-05,1.2796144801541232e-05
5169,0,0,0.8530622124671936,0.06747613102197647,0.0052466848865151405,0.07421498000621796
5170,3,3,0.00031213738839142025,1.4542484905177844e-07,0.003462794702500105,0.9962249994277954
5171,3,3,5.883136691409163e-05,7.281072385012521e-07,8.356556463695597e-06,0.999932050704956
5172,2,2,0.0014632908860221505,8.335325105690572e-07,0.9690602421760559,0.029475558549165726
5173,2,2,0.015743225812911987,8.644491754239425e-05,0.9342442154884338,0.04992608726024628
5174,0,0,0.9995406866073608,0.00033963413443416357,0.00010873941937461495,1.0868555364140775e-05
5175,2,2,2.0690347810159437e-05,4.448909749044105e-06,0.9998041987419128,0.00017066769942175597
5176,2,2,0.055381905287504196,1.5482194157812046e-06,0.9414691925048828,0.003147331066429615
5177,3,3,3.241838567191735e-05,1.1486456514830934e-06,0.013872051611542702,0.9860943555831909
5178,1,1,0.0010493145091459155,0.9987133741378784,0.00010956570622511208,0.00012780001270584762
5179,3,3,6.23546156930388e-07,2.2716308833992116e-08,1.0081143045681529e-05,0.9999892711639404
5180,3,3,0.19708070158958435,0.0023503536358475685,0.04248490929603577,0.7580839991569519
5181,3,3,0.0034392571542412043,1.0150818525289651e-05,0.0709986686706543,0.9255519509315491
5182,3,3,0.023475226014852524,7.490506686735898e-05,0.0018698989879339933,0.974579930305481
5183,1,1,0.005276484880596399,0.9943665862083435,8.988793638309289e-07,0.0003559126635082066
5184,0,0,0.7535695433616638,0.16459837555885315,0.008274360559880733,0.07355769723653793
5185,3,3,0.0001809836394386366,1.4971401185448485e-07,0.06896484643220901,0.9308540225028992
5186,3,3,0.00028860109159722924,1.3745573596679606e-05,0.007419181521981955,0.9922784566879272
5187,3,3,5.7417557400185615e-05,5.3591922011264614e-09,0.0003276682400610298,0.9996148347854614
5188,0,0,0.9973366856575012,0.00014435687626246363,0.0005671561812050641,0.0019517854088917375
5189,3,3,0.004605428781360388,0.003587838727980852,1.8492033632355742e-05,0.9917883276939392
5190,3,3,0.0001343145122518763,1.6570567822782323e-05,0.001891133957542479,0.9979580640792847
5191,0,0,0.9071090817451477,0.012074358761310577,0.024335486814379692,0.056481026113033295
5192,3,3,0.0009566058870404959,0.00014555967936757952,0.24693776667118073,0.7519600987434387
5193,0,0,0.8758477568626404,0.00759797403588891,0.06262469291687012,0.05392950028181076
5194,1,1,0.04277363792061806,0.9457616806030273,0.006941659841686487,0.004523067735135555
5195,1,1,0.04236030951142311,0.9558059573173523,0.0016916926251724362,0.00014203893078956753
5196,3,3,0.00038624985609203577,0.0002148838684661314,0.01908210478723049,0.9803167581558228
5197,2,2,0.0004821469192393124,0.0066948989406228065,0.9892404675483704,0.00358239165507257
5198,1,1,0.06533119827508926,0.9024309515953064,0.005233229603618383,0.027004573494195938
5199,2,2,4.567391442833468e-05,3.4686672734096646e-06,0.9999094009399414,4.1425028030062094e-05
5200,1,1,0.0022014949936419725,0.9971572160720825,0.0005242582992650568,0.0001171049807453528
5201,0,0,0.9932034015655518,0.00012799844262190163,0.004068432375788689,0.002600104082375765
5202,1,1,0.0664283037185669,0.9123767614364624,0.020126260817050934,0.0010687633184716105
5203,0,0,0.9999886751174927,4.105145876565075e-07,5.446628165373113e-06,5.386953034758335e-06
5204,2,2,1.1661151802400127e-05,6.698841161778546e-07,0.9999643564224243,2.3274124032468535e-05
5205,1,1,0.00043096888111904263,0.9995493292808533,1.1512330274854321e-05,8.19585329736583e-06
5206,0,0,0.9910219311714172,1.4303351235867012e-05,2.71231219812762e-05,0.008936647325754166
5207,0,0,1.0,3.642677479098744e-11,6.560334957564362e-13,2.8336510113184665e-13
5208,0,0,0.9992616772651672,9.6914402092807e-05,0.0004955607000738382,0.00014591022045351565
5209,1,1,1.8116811588697601e-06,0.9999980926513672,6.807563401878269e-10,9.978644044394969e-08
5210,1,1,2.831656820490025e-05,0.9999624490737915,4.170425654592691e-06,5.0357443797111046e-06
5211,1,1,0.08957140147686005,0.8570127487182617,0.006714470684528351,0.0467013455927372
5212,1,1,6.990158453845652e-06,0.9999891519546509,1.882574565570394e-06,2.067315790554858e-06
5213,1,1,0.06367799639701843,0.5773554444313049,0.0817156434059143,0.2772509455680847
5214,1,1,0.005245772190392017,0.9946712851524353,7.791992538841441e-05,4.983749022358097e-06
5215,1,1,0.00048006835277192295,0.9924042820930481,0.0025806413032114506,0.004534932319074869
5216,2,2,0.05698544532060623,0.003102613613009453,0.9264562129974365,0.013455762527883053
5217,2,3,0.053664907813072205,0.0013470621779561043,0.07999196648597717,0.864996075630188
5218,1,1,0.0003532064438331872,0.9996360540390015,9.17601391847711e-06,1.532516989755095e-06
5219,0,0,0.5954738259315491,0.1067337691783905,0.2775556743144989,0.020236745476722717
5220,1,1,0.000244984490564093,0.9997360110282898,9.159313776763156e-06,9.8803438959294e-06
5221,0,0,0.9951323866844177,0.0002359856734983623,0.004096102900803089,0.0005354242166504264
5222,2,2,0.027702149003744125,0.0039002392441034317,0.5210523009300232,0.4473452568054199
5223,2,2,0.11343873292207718,1.908957301566261e-06,0.8820640444755554,0.004495316185057163
5224,2,0,0.5704248547554016,0.00026383722433820367,0.4138142168521881,0.015497113578021526
5225,2,2,0.0960879772901535,2.3574330043629743e-06,0.9037461876869202,0.00016354303807020187
5226,1,1,0.16329063475131989,0.8346199989318848,0.001426829257979989,0.0006624945090152323
5227,0,0,0.9795272946357727,6.850289355497807e-05,0.018156901001930237,0.0022473065182566643
5228,1,1,4.0732319916969573e-07,0.9999995231628418,1.973290281176432e-11,1.4075719434458733e-07
5229,1,1,4.477116817724891e-05,0.999950647354126,3.2036339234764455e-06,1.4123015716904774e-06
5230,0,0,1.0,3.839804585403783e-10,2.927544873188026e-10,1.4715180185476129e-09
5231,0,0,0.9930840730667114,0.0033247447572648525,0.001153543940745294,0.0024375789798796177
5232,2,2,0.03243640065193176,0.0024065051693469286,0.9551685452461243,0.009988580830395222
5233,3,2,0.03494928404688835,5.099834015709348e-05,0.6351914405822754,0.3298082947731018
5234,1,1,3.384387309779413e-05,0.9999581575393677,4.754205292556435e-06,3.2088771604321664e-06
5235,0,0,0.9999997615814209,8.166678888699153e-09,3.801483927645677e-08,1.926646291394718e-07
5236,0,0,0.9983231425285339,0.0006333490600809455,0.0003080466703977436,0.0007355014677159488
5237,0,0,0.9999469518661499,2.6435616291564656e-06,8.995033567771316e-06,4.14837159041781e-05
5238,3,3,1.4460212696576491e-05,4.2569806169012736e-07,6.120851321611553e-05,0.999923825263977
5239,1,1,0.0035889665596187115,0.9732744693756104,0.02234457992017269,0.0007919818162918091
5240,1,1,0.001080936286598444,0.994036078453064,0.00449551222845912,0.0003874539688695222
5241,1,1,0.024130437523126602,0.9750173687934875,0.000430791056714952,0.0004213328065816313
5242,1,1,9.451393270865083e-05,0.9994474053382874,0.00015414113295264542,0.0003039278381038457
5243,0,0,0.9999957084655762,8.341108070908376e-08,1.132675606640987e-06,3.044535333174281e-06
5244,2,0,0.8830336928367615,1.380439516651677e-05,0.09992721676826477,0.01702527143061161
5245,0,0,0.9999580383300781,8.621022402621747e-07,3.332028063596226e-05,7.771012860757764e-06
5246,0,0,0.9987536668777466,2.1868516341783106e-05,5.213415715843439e-05,0.001172324176877737
5247,0,0,0.9999985694885254,7.863135920160857e-08,1.2196616125947912e-06,1.3138871679529984e-07
5248,1,1,0.00026564704603515565,0.9997101426124573,1.8781309336191043e-05,5.3481717259273864e-06
5249,0,0,0.9998843669891357,5.0226590246893466e-05,2.6419511414133012e-05,3.8912869058549404e-05
5250,0,0,0.999982476234436,3.4376505197997176e-08,1.1802109156633378e-07,1.7400203432771377e-05
5251,0,0,0.9998874664306641,3.850424945994746e-06,2.0179131752229296e-05,8.852405153447762e-05
5252,2,2,0.0059008048847317696,0.0005735511076636612,0.9297383427619934,0.06378734856843948
5253,1,1,8.72858363436535e-05,0.9998975992202759,1.4177910998114385e-05,9.082065162147046e-07
5254,0,0,0.9971151351928711,0.00030551812960766256,0.0024392607156187296,0.00014015546184964478
5255,0,0,0.9999988079071045,1.259382145235577e-07,7.475243251064967e-07,3.263328949287825e-07
5256,0,0,0.8899986147880554,0.003544449806213379,0.07917404174804688,0.027282891795039177
5257,0,0,0.9508875012397766,0.024829518049955368,0.016648925840854645,0.0076340436935424805
5258,2,2,0.0019271416822448373,0.0007769647636450827,0.9604415893554688,0.03685426712036133
5259,2,2,0.00451059453189373,3.625791578087956e-05,0.9953956007957458,5.747144314227626e-05
5260,3,3,0.15355737507343292,0.0004412847338244319,0.0005095603410154581,0.8454918265342712
5261,1,1,4.932442243443802e-05,0.9999486207962036,4.5428473072206543e-07,1.5432378859259188e-06
5262,1,1,0.08394739776849747,0.910184919834137,0.0050708525814116,0.0007968434947542846
5263,0,0,0.9999852180480957,5.14387011207873e-07,8.818821584100078e-07,1.3417588888842147e-05
5264,3,3,7.307494524866343e-05,0.001863486715592444,0.006792218424379826,0.9912712574005127
5265,3,2,0.00013897755707148463,3.6407936931937e-06,0.9798270463943481,0.020030321553349495
5266,2,2,0.00037047205842100084,6.027232188898779e-07,0.9994708895683289,0.00015812287165317684
5267,1,1,0.012639982625842094,0.9855268001556396,0.0011962581193074584,0.0006370312767103314
5268,1,1,0.006395621690899134,0.9447150826454163,0.04555770009756088,0.0033315657638013363
5269,1,1,0.00194060942158103,0.9980223178863525,1.3900317981097032e-06,3.570019543985836e-05
5270,2,2,0.0043070656247437,0.0035531308967620134,0.989753007888794,0.0023867948912084103
5271,0,0,0.995417594909668,1.9811536731140222e-06,0.003308889688923955,0.0012715681223198771
5272,0,2,0.27837616205215454,0.025687018409371376,0.6861999034881592,0.009736952371895313
5273,2,2,0.0003442472661845386,3.4497306842240505e-06,0.9971248507499695,0.00252740690484643
5274,0,0,0.9458813071250916,0.0004291385703254491,0.049448978155851364,0.004240641836076975
5275,3,3,0.0018981858156621456,1.6084041476460698e-07,0.0011606388725340366,0.9969410300254822
5276,0,0,0.999840259552002,3.384465890121646e-05,7.627222657902166e-05,4.9574948207009584e-05
5277,2,2,0.01631406880915165,0.00723782554268837,0.9703925848007202,0.006055504083633423
5278,1,1,0.09465581923723221,0.9014875888824463,0.0018723789835348725,0.0019841997418552637
5279,1,1,7.4406098065082915e-06,0.9999873638153076,1.8932262264570454e-06,3.334117309350404e-06
5280,2,3,0.012489025481045246,0.003449993208050728,0.43844571709632874,0.5456152558326721
5281,2,3,0.008188508450984955,0.0022613434121012688,0.26678308844566345,0.7227670550346375
5282,2,2,0.005777724552899599,0.0005710658733732998,0.9916009902954102,0.002050214447081089
5283,2,2,0.008948455564677715,0.009624555706977844,0.789492130279541,0.19193492829799652
5284,1,1,0.0003123416390735656,0.9996863603591919,4.5178509822108026e-08,1.2531378388302983e-06
5285,2,3,0.0003974847204517573,0.0002579375868663192,0.06991332769393921,0.9294312596321106
5286,0,0,1.0,3.542417192914371e-10,2.036842339236955e-08,2.4031105994026802e-08
5287,0,0,0.9998303651809692,1.065576157088799e-06,0.00014564782031811774,2.2878233721712604e-05
5288,3,3,0.08006734400987625,0.04819327965378761,0.16632042825222015,0.7054189443588257
5289,1,1,0.0012266173725947738,0.9966058731079102,0.0018242804799228907,0.00034320930717512965
5290,1,1,0.0005522075807675719,0.9989262223243713,0.00023943847918417305,0.0002821560192387551
5291,0,0,0.9917448163032532,7.52727355575189e-05,0.0006819565896876156,0.0074979569762945175
5292,2,2,0.002553527243435383,0.00011938495299546048,0.9931437969207764,0.004183283541351557
5293,3,2,0.0009603134240023792,7.795295096002519e-05,0.552142322063446,0.44681939482688904
5294,1,1,0.0015036911936476827,0.9313238263130188,0.06525418907403946,0.0019182914402335882
5295,2,0,0.7551380395889282,8.212312241084874e-05,0.2412382960319519,0.003541527781635523
5296,0,0,0.9996976852416992,5.973851875751279e-05,0.00010375400597695261,0.00013877997116651386
5297,3,3,0.0027054771780967712,0.0004372481780592352,0.04478705674409866,0.9520701169967651
5298,3,3,3.0181686270225327e-06,1.379213472318952e-07,6.091344039305113e-05,0.9999359846115112
5299,2,2,0.0002577006525825709,6.273674080148339e-05,0.9968463778495789,0.002833126112818718
5300,2,2,0.026447365060448647,6.713125185342506e-05,0.9732523560523987,0.00023318090825341642
5301,2,2,0.004292529541999102,0.01386314444243908,0.968769371509552,0.013074969872832298
5302,2,2,0.011531843803822994,0.001183861750178039,0.9868409633636475,0.00044337991857901216
5303,2,2,0.1218266412615776,0.0003333239583298564,0.8478736877441406,0.029966330155730247
5304,0,0,0.9729148745536804,0.01385937537997961,0.002429098589345813,0.010796714574098587
5305,3,3,1.924628122651484e-05,3.7174709177634213e-07,0.48565495014190674,0.5143254399299622
5306,3,3,2.0131725250394084e-05,9.740373343447573e-07,0.0025146440602838993,0.9974642992019653
5307,3,3,7.468334661098197e-05,1.2365235306788236e-06,0.0011155538959428668,0.9988086223602295
5308,2,2,0.013438502326607704,1.6850802921908326e-06,0.785821259021759,0.20073862373828888
5309,2,2,8.606201618022169e-07,3.3667708976281574e-07,0.9999884366989136,1.0346473573008552e-05
5310,0,0,0.9995928406715393,1.9338278434588574e-05,2.6954085114994086e-05,0.0003608863044064492
5311,3,3,0.0002164170437026769,4.6771874622209e-05,0.0013884924119338393,0.9983483552932739
5312,3,3,6.681877857772633e-05,5.291433922138822e-07,0.3760715425014496,0.6238611340522766
5313,2,2,1.1631853340077214e-05,2.084493218035277e-07,0.9999711513519287,1.6924152077990584e-05
5314,2,2,0.00039552198722958565,9.784073881746735e-06,0.9934802055358887,0.006114449352025986
5315,2,2,0.04989152401685715,0.009653694927692413,0.936266303062439,0.0041885096579790115
5316,2,2,0.0009514226112514734,0.004095543175935745,0.8214030265808105,0.1735500544309616
5317,3,2,0.00013057987962383777,0.0016714829253032804,0.6800708770751953,0.3181270956993103
5318,3,3,9.376758680446073e-05,0.0011838054051622748,0.0008219808805733919,0.9979004859924316
5319,1,1,7.949758582981303e-06,0.9999910593032837,4.3115864656328995e-08,9.904646276481799e-07
5320,0,0,0.9996389150619507,1.7807364201871678e-05,0.0003269821754656732,1.6229583707172424e-05
5321,2,3,0.000635914271697402,1.1248646814010499e-07,0.40159159898757935,0.5977723002433777
5322,3,0,0.7104536294937134,4.991028959011601e-07,0.011685271747410297,0.277860552072525
5323,3,3,0.16340167820453644,0.0001708268973743543,0.0001802040496841073,0.8362472653388977
5324,3,3,0.0009147735545411706,0.001175280543975532,0.14240485429763794,0.855505108833313
5325,3,3,0.0004966799751855433,0.006937068421393633,0.3577937185764313,0.634772539138794
5326,3,3,0.0012342722620815039,0.00016944794333539903,0.04658703878521919,0.9520093202590942
5327,1,1,7.097866182448342e-05,0.9998254179954529,5.808970672660507e-05,4.553681719698943e-05
5328,3,3,0.0044291652739048,0.07698944211006165,0.226238414645195,0.69234299659729
5329,3,2,0.019757673144340515,0.011472159996628761,0.5403773784637451,0.42839282751083374
5330,3,3,2.0174407836748287e-05,6.40768405446579e-07,1.6895521184778772e-05,0.999962329864502
5331,3,3,6.43855742055166e-07,3.418104597585625e-06,0.00073230144334957,0.9992635846138
5332,1,1,0.018032023683190346,0.9814308881759644,0.0005153916426934302,2.1674970412277617e-05
5333,2,2,9.15001805879001e-07,1.952898429635752e-07,0.9999876022338867,1.1304568033665419e-05
5334,1,1,0.001125978771597147,0.9969922304153442,0.0013956490438431501,0.00048609310761094093
5335,2,2,0.003775963792577386,3.117524101980962e-05,0.8315816521644592,0.16461127996444702
5336,2,2,0.009629424661397934,2.4471011784044094e-05,0.8511998653411865,0.13914629817008972
5337,0,2,0.47517159581184387,9.35975640459219e-06,0.5207247138023376,0.004094394855201244
5338,3,3,0.0006716452189721167,0.0025886318180710077,0.0033092498779296875,0.9934304356575012
5339,3,3,0.40593641996383667,0.0056498390622437,0.015028231777250767,0.57338547706604
5340,3,3,2.4606544684502296e-05,3.4842732929973863e-06,0.0007992713362909853,0.9991726279258728
5341,3,3,1.812925773947427e-07,6.873832614218145e-09,0.0014087234158068895,0.9985911250114441
5342,3,3,0.01488547958433628,0.009627452120184898,0.08521464467048645,0.8902724385261536
5343,2,2,0.0013161749811843038,1.0550838851486333e-05,0.99818354845047,0.0004896910395473242
5344,2,2,5.23162234458141e-05,3.137656449325732e-06,0.965201199054718,0.0347432978451252
5345,3,3,0.00030559845617972314,2.7156196665600874e-05,0.00012852996587753296,0.999538779258728
5346,2,2,0.006544798146933317,1.0731021575338673e-05,0.9842754006385803,0.009169128723442554
5347,3,3,0.00017969355394598097,1.9690271074068733e-05,0.001085063093341887,0.9987156391143799
5348,1,1,0.0006215064786374569,0.9992474317550659,3.9874572394182906e-05,9.122063784161583e-05
5349,0,0,0.9999610185623169,5.138553547112679e-07,5.222005256655393e-06,3.323542478028685e-05
5350,2,2,0.021998891606926918,0.21386244893074036,0.7448588609695435,0.019279776141047478
5351,3,3,0.0006835903041064739,2.00846916413866e-05,0.00040955032454803586,0.99888676404953
5352,1,1,0.00023850216530263424,0.9996337890625,4.419636638886004e-07,0.00012729433365166187
5353,2,0,0.593222975730896,0.00027923056040890515,0.4032147526741028,0.0032831348944455385
5354,3,3,1.4459254998655524e-05,2.1554254203692835e-07,4.096778866369277e-05,0.9999443292617798
5355,1,1,0.32335343956947327,0.6700113415718079,0.0015204738592728972,0.0051147532649338245
5356,0,0,0.9982959628105164,2.4296861738548614e-05,0.0013437735615298152,0.0003359043039381504
5357,3,0,0.8863549828529358,0.009180087596178055,0.029468920081853867,0.07499601691961288
5358,0,0,0.9998469352722168,7.014254492787586e-07,6.192761793499812e-05,9.038851567311212e-05
5359,0,0,0.9780204892158508,0.00010523452510824427,0.016362303867936134,0.005511855240911245
5360,0,0,0.9998514652252197,3.970011675846763e-06,0.00010005991498474032,4.454922236618586e-05
5361,3,3,0.00019957951735705137,3.1797157134860754e-05,0.009605061262845993,0.9901636242866516
5362,1,1,0.0009766422444954515,0.9884709119796753,0.0052669597789645195,0.005285539664328098
5363,2,2,0.0017456179484724998,2.216259417764377e-05,0.5647755265235901,0.433456689119339
5364,2,2,0.015472468920052052,0.00017516175284981728,0.9770591855049133,0.007293143309652805
5365,2,2,0.0007096515619195998,9.952809705282561e-06,0.9992399215698242,4.038205952383578e-05
5366,2,2,0.060998156666755676,0.0003692008904181421,0.9019933938980103,0.03663915395736694
5367,3,3,0.0022101039066910744,0.01108592376112938,0.048276931047439575,0.9384270906448364
5368,1,1,0.005316793918609619,0.9675729870796204,0.006499292328953743,0.020611029118299484
5369,0,0,0.8696660399436951,0.00014497328083962202,0.045428335666656494,0.08476067334413528
5370,2,2,1.2627805517695379e-05,1.1423376236052718e-06,0.9999315738677979,5.4686013754690066e-05
5371,2,2,0.03938567265868187,0.018110407516360283,0.9416254758834839,0.0008784086094237864
5372,3,3,0.00021335405472200364,6.868505352031207e-06,0.0017052324255928397,0.9980745315551758
5373,3,3,0.1304508000612259,0.05595453083515167,0.03062612935900688,0.7829685807228088
5374,2,2,0.0005704240757040679,9.229617717210203e-06,0.9671216607093811,0.03229868412017822
5375,2,2,8.664226697874255e-06,2.270564209538861e-06,0.9622183442115784,0.03777063265442848
5376,3,3,0.15492311120033264,0.010086426511406898,0.3143337070941925,0.5206567645072937
5377,1,1,0.07807498425245285,0.9211100339889526,0.0005397329805418849,0.0002752691798377782
5378,0,0,0.9997363686561584,2.1203911728662206e-06,0.00010614628263283521,0.00015531158715020865
5379,0,2,0.10989125818014145,0.00013851429685018957,0.8867942690849304,0.0031758910045027733
5380,2,2,0.2642662227153778,0.00014170556096360087,0.4051632285118103,0.330428808927536
5381,2,0,0.5426950454711914,1.6084650269476697e-05,0.4348916709423065,0.022397207096219063
5382,3,3,3.454466786934063e-05,1.8623536490736115e-08,0.00025542150251567364,0.9997100234031677
5383,0,0,0.9999934434890747,8.591730420448584e-07,9.255122677132022e-07,4.725325652543688e-06
5384,0,1,0.43959400057792664,0.5101203322410583,0.02132783830165863,0.028957834467291832
5385,3,3,1.4637046206189552e-06,1.2706151153452083e-07,0.0009051842498593032,0.9990932941436768
5386,3,3,0.0016580676892772317,0.003514817450195551,0.0013294625096023083,0.9934977293014526
5387,3,3,3.2001059935282683e-06,1.9592494737707966e-08,0.00046594589366577566,0.9995309114456177
5388,3,3,5.5455569963669404e-05,0.0004344117478467524,0.003678242675960064,0.9958319067955017
5389,1,1,0.0011443976545706391,0.9810487031936646,0.014339426532387733,0.003467453410848975
5390,3,3,9.744343287820811e-07,1.5936437947061677e-08,0.00016409858653787524,0.9998348951339722
5391,3,3,0.0004978489014320076,4.296160568628693e-06,0.07621841132640839,0.9232794642448425
5392,2,2,7.349527004407719e-05,4.897729155572961e-08,0.5156481862068176,0.48427826166152954
5393,3,3,0.009261954575777054,0.0012331425677984953,0.0004006815725006163,0.9891042709350586
5394,3,3,0.00012097524449927732,6.839568231953308e-05,0.0003412379010114819,0.9994694590568542
5395,3,3,1.4265965830873029e-07,1.864061266454442e-10,1.7336217297270196e-06,0.9999980926513672
5396,2,2,0.005759370978921652,0.011554649099707603,0.9658368825912476,0.01684911921620369
5397,3,2,0.0019603066612035036,0.0003148856631014496,0.5938658714294434,0.4038589596748352
5398,3,3,3.564865437510889e-06,3.5170753420743495e-08,0.017671331763267517,0.9823250770568848
5399,2,2,0.0021855817176401615,4.377274672151543e-05,0.9973825812339783,0.00038807382225058973
5400,1,1,0.003534811781719327,0.983744740486145,0.011679750867187977,0.0010407253867015243
5401,1,1,1.0658835890353657e-05,0.9996045231819153,5.486720056069316e-06,0.0003794482909142971
5402,3,0,0.9655358195304871,1.5731293387943879e-06,6.213537562871352e-05,0.034400466829538345
5403,2,2,5.133617833052995e-06,9.790592230274342e-07,0.9999904632568359,3.440321734160534e-06
5404,2,2,0.0005685198702849448,2.8396402740327176e-06,0.9994263648986816,2.3105494619812816e-06
5405,2,2,0.0003674596082419157,1.5905841792118736e-05,0.9874491691589355,0.012167413718998432
5406,1,1,0.013190184719860554,0.8664432168006897,0.008877726271748543,0.11148881912231445
5407,1,1,0.0009073878172785044,0.9989123344421387,0.00016558999777771533,1.4688345800095703e-05
5408,3,3,9.018837772600818e-06,1.0429781482912404e-08,0.0003927862271666527,0.9995982050895691
5409,3,3,0.00021012243814766407,1.3593221410701517e-05,0.004984003491699696,0.9947921633720398
5410,3,2,0.0005595519905909896,0.00010309954086551443,0.9500539898872375,0.04928331822156906
5411,3,3,0.01330194715410471,0.013530267402529716,0.028596151620149612,0.9445716738700867
5412,0,0,0.9999703168869019,5.408786023508583e-07,4.558071850624401e-06,2.4622688215458766e-05
5413,2,3,0.0011718884343281388,0.000244162161834538,0.24487191438674927,0.7537120580673218
5414,3,3,1.0823863050291038e-07,6.619697678900138e-09,0.0019039302133023739,0.9980959296226501
5415,0,0,0.9996563196182251,3.988246589869959e-06,1.8281668872077717e-06,0.0003378826077096164
5416,3,3,0.0003307626466266811,1.8660279238247313e-05,0.00041024028905667365,0.9992402791976929
5417,3,3,0.0004248218610882759,0.005502494517713785,0.030421031638979912,0.9636516571044922
5418,2,2,0.030986199155449867,2.5097557227127254e-05,0.929216206073761,0.0397724024951458
5419,2,2,6.506694626295939e-05,1.6106050679809414e-06,0.9773241877555847,0.022609250620007515
5420,0,0,0.9957259893417358,0.0018563062185421586,0.00025700038531795144,0.0021607419475913048
5421,3,2,0.0001304992474615574,7.17715302016586e-05,0.5266555547714233,0.4731421172618866
5422,3,3,0.10723434388637543,0.00014964082220103592,0.0033448345493525267,0.889271080493927
5423,2,2,4.292339872336015e-05,2.1928069600107847e-06,0.999731719493866,0.00022317231923807412
5424,1,1,0.07259824126958847,0.9206737279891968,0.002266663359478116,0.004461290780454874
5425,1,1,0.001641121576540172,0.9919203519821167,0.004111215006560087,0.0023273187689483166
5426,2,2,0.0017214601393789053,5.108742698212154e-05,0.9976073503494263,0.000620155711658299
5427,3,3,0.0006337937666103244,0.0001324912009295076,0.002288605086505413,0.9969450831413269
5428,3,3,0.012423528358340263,0.0007980616064742208,0.025598648935556412,0.961179792881012
5429,0,0,0.9999701976776123,7.129124810489884e-07,4.5443598537531216e-06,2.4573795599280857e-05
5430,1,1,0.0022427488584071398,0.996227502822876,0.0010880472837015986,0.00044169294415041804
5431,2,3,7.602883670188021e-06,3.896893918664546e-09,0.018180683255195618,0.9818117022514343
5432,2,2,0.0012975892750546336,0.00032366986852139235,0.7262328267097473,0.27214595675468445
5433,2,3,0.01017847377806902,0.01013086549937725,0.2680234909057617,0.7116672396659851
5434,3,3,3.0352137400768697e-05,5.73380384594202e-06,0.02527804672718048,0.9746859073638916
5435,3,3,0.066512331366539,0.040448594838380814,0.022965239360928535,0.8700739145278931
5436,3,3,1.798522362150834e-07,5.3109467934575605e-09,0.0060301534831523895,0.9939696788787842
5437,1,1,1.132832039729692e-05,0.9999855756759644,1.7561975482749403e-06,1.3424512417259393e-06
5438,3,3,6.775405199732631e-05,1.9481609569993452e-07,0.002771578496322036,0.9971604347229004
5439,3,3,0.005884790793061256,1.3309097539604409e-06,0.20679911971092224,0.787314772605896
5440,0,0,0.9999890327453613,2.1666716065738e-07,8.032159712456632e-06,2.753663238763693e-06
5441,0,0,0.9997005462646484,6.015875442244578e-06,3.9806538552511483e-05,0.00025371668743900955
5442,3,3,0.0007648321334272623,0.015206238254904747,0.0718546211719513,0.9121742248535156
5443,1,1,0.00131791562307626,0.9983752965927124,0.0002986863546539098,8.06607749836985e-06
5444,0,0,0.5443771481513977,0.006957956589758396,0.4361724853515625,0.012492434121668339
5445,0,0,0.9994999170303345,1.3059064940534881e-06,0.00027076463447883725,0.0002280264743603766
5446,3,3,0.0030506085604429245,1.8286647900822572e-05,0.004021752625703812,0.9929094314575195
5447,2,2,0.03533918783068657,0.00010806372301885858,0.9639054536819458,0.0006472795503214002
5448,2,2,0.002152604516595602,7.062636723276228e-05,0.7897394895553589,0.208037331700325
5449,1,1,0.14444586634635925,0.7588229179382324,0.07290547341108322,0.023825740441679955
5450,2,2,0.006304523441940546,0.0003381298156455159,0.9890907406806946,0.004266723059117794
5451,0,0,0.8451161980628967,0.03411170840263367,0.010881071910262108,0.10989107936620712
5452,3,3,0.00013772134843748063,2.882599801523611e-06,0.0027622280176728964,0.9970972537994385
5453,3,3,0.01709025539457798,8.685510692885146e-05,0.008585917763411999,0.9742369651794434
5454,0,0,0.999983549118042,1.6112085887698413e-08,3.138545025649364e-06,1.3352274436329026e-05
5455,3,3,0.0009567728266119957,0.0001248335320269689,0.0006119058234617114,0.9983065128326416
5456,1,1,0.0035585863515734673,0.9960055947303772,4.471236388781108e-05,0.0003910672967322171
5457,3,3,7.450846169376746e-05,3.7888423776166746e-06,0.005792485550045967,0.9941291809082031
5458,1,1,0.00024398001551162452,0.9990457892417908,0.0006712375907227397,3.898486465914175e-05
5459,1,1,0.001857074094004929,0.998129665851593,4.736929440696258e-06,8.57971372170141e-06
5460,2,2,9.148637218459044e-06,1.2100035746698268e-06,0.9999487400054932,4.082125087734312e-05
5461,3,3,2.775175016722642e-05,1.627307852913873e-07,0.01226543914526701,0.98770672082901
5462,3,3,0.007699580863118172,0.097569040954113,0.06303703039884567,0.8316943645477295
5463,0,0,0.970876157283783,0.0026949821040034294,0.0053351158276200294,0.021093662828207016
5464,3,3,1.4848964383418206e-05,6.433478461076447e-07,5.514038093679119e-06,0.9999790191650391
5465,2,2,0.1184224784374237,0.010526007041335106,0.6404216885566711,0.23062987625598907
5466,3,3,4.851501216762699e-05,2.0561815006203688e-07,0.009432880207896233,0.9905183911323547
5467,1,1,0.005426621064543724,0.9741070866584778,2.5110043111453706e-07,0.020466012880206108
5468,3,3,0.00019829458324238658,3.864079189952463e-06,0.001250247354619205,0.9985476136207581
5469,3,3,3.259282550516218e-07,6.1254441519054126e-09,0.00023838519700802863,0.9997612833976746
5470,2,3,0.02594694495201111,0.008896468207240105,0.47376400232315063,0.491392582654953
5471,0,0,0.9999995231628418,2.1924208226664632e-07,9.89832216191644e-08,1.550047556975187e-07
5472,2,2,0.029881227761507034,0.0021397164091467857,0.9658721089363098,0.002106880536302924
5473,1,1,0.0010980051010847092,0.9988808035850525,1.2743782463076059e-05,8.417657227255404e-06
5474,2,2,0.006827749777585268,3.389199628145434e-05,0.9902942180633545,0.0028440551832318306
5475,2,2,0.001398865832015872,1.0005606782215182e-05,0.8760322332382202,0.12255886942148209
5476,2,2,0.0035951861646026373,0.004638818092644215,0.9443732500076294,0.04739277809858322
5477,3,3,0.0026304966304451227,6.159992608445464e-06,0.0162404365837574,0.9811228513717651
5478,1,1,8.363880624528974e-05,0.9999150037765503,3.6662058278125187e-07,9.966464631361305e-07
5479,2,3,0.0004126865533180535,2.2835825802758336e-05,0.08890166878700256,0.910662829875946
5480,3,3,0.00019907118985429406,0.0005266505177132785,0.011522214859724045,0.9877519607543945
5481,2,2,0.001294176559895277,7.228773029055446e-07,0.9986903071403503,1.476001398259541e-05
5482,3,3,2.574867721705232e-06,1.8832447779004724e-07,0.002456120913848281,0.997541069984436
5483,2,2,0.00644770497456193,2.29804190894356e-05,0.9932140111923218,0.0003153235011268407
5484,1,1,2.610859155538492e-06,0.9999617338180542,2.991993460454978e-05,5.7404045037401374e-06
5485,3,3,0.0017338001634925604,5.684138315587006e-08,0.005713966209441423,0.9925522804260254
5486,3,3,1.2521011285571149e-06,1.3691674460858394e-09,0.0008049028692767024,0.9991938471794128
5487,0,0,0.9998650550842285,2.0350978502392536e-06,5.839740992996667e-07,0.0001323469477938488
5488,0,0,0.9131962656974792,0.010960612446069717,0.0004271554353181273,0.07541600614786148
5489,2,2,0.0005242785555310547,4.964320396538824e-05,0.9974943399429321,0.0019317817641422153
5490,1,1,2.5111727154580876e-05,0.9999531507492065,1.5290615920093842e-05,6.411051799659617e-06
5491,1,1,8.857427019393072e-06,0.9998457431793213,0.00012505080667324364,2.0343282812973484e-05
5492,2,2,0.004649142734706402,0.0002430957683827728,0.9935746788978577,0.0015330769820138812
5493,2,2,2.772281732177362e-05,3.207182999176439e-07,0.9995526671409607,0.0004192418709862977
5494,1,1,0.03108225204050541,0.9511083364486694,0.007760943379253149,0.010048513300716877
5495,2,2,0.0005008734879083931,9.137373126577586e-06,0.9981100559234619,0.001379849505610764
5496,1,1,0.0006018180283717811,0.999393105506897,4.079955942870583e-06,9.370028237754013e-07
5497,0,0,0.9935345649719238,0.00034026720095425844,0.005796443205326796,0.000328616879414767
5498,2,2,5.9552345192059875e-05,2.0817441281906213e-07,0.9998941421508789,4.6001547161722556e-05
5499,1,1,0.0007569502340629697,0.9985818862915039,0.0003233116294723004,0.0003377768734935671
5500,0,0,0.9997509121894836,0.00019369903020560741,1.4838316019449849e-05,4.0465685742674395e-05
5501,2,2,0.2903456389904022,0.0007796010468155146,0.6789042949676514,0.029970461502671242
5502,2,2,8.56484257383272e-05,6.23118876319495e-06,0.9996752738952637,0.00023279080050997436
5503,1,1,0.000163623844855465,0.9997959733009338,3.313026172691025e-05,7.278786597453291e-06
5504,2,2,0.0007064860546961427,1.7729968021740206e-05,0.9884881377220154,0.010787640698254108
5505,2,2,0.018354156985878944,0.006986779626458883,0.9633603692054749,0.011298652738332748
5506,2,2,0.007384410127997398,7.616193033754826e-05,0.9922946691513062,0.0002447061415296048
5507,1,1,0.01795578934252262,0.9368289113044739,0.020615937188267708,0.024599390104413033
5508,3,3,0.00493314303457737,0.0038071726448833942,0.003256748663261533,0.9880028963088989
5509,1,1,6.433097951230593e-06,0.999992847442627,2.7242631972512754e-07,5.161585363566701e-07
5510,0,0,0.999408483505249,0.0005161858862265944,2.0788369511137716e-05,5.461514228954911e-05
5511,3,3,0.007505850400775671,0.00803370587527752,0.0034558239858597517,0.981004536151886
5512,3,3,0.0003998344764113426,2.5619330699555576e-05,0.001591379870660603,0.9979832172393799
5513,0,0,0.9973869919776917,0.0023604377638548613,2.2877782157593174e-07,0.00025234982604160905
5514,3,3,0.00010478815238457173,2.295283047715202e-05,0.005816347431391478,0.9940558671951294
5515,3,3,3.607617600209778e-06,3.1334764116763836e-08,0.00014879537047818303,0.9998475313186646
5516,0,0,0.9993661046028137,2.9829679988324642e-05,7.663940050406381e-05,0.0005274655413813889
5517,0,0,0.9999139308929443,6.407200089597609e-06,2.3096681616152637e-05,5.648915612255223e-05
5518,2,2,0.0010831475956365466,4.1155319195240736e-05,0.9988301396369934,4.5532247895607725e-05
5519,2,2,0.0006950470851734281,0.0009215938043780625,0.9977044463157654,0.0006789236795157194
5520,0,0,0.999997615814209,1.3050816960458178e-07,2.671907566309528e-07,1.9628560039564036e-06
5521,0,0,0.9102560877799988,0.00014005880802869797,0.04926939681172371,0.04033442586660385
5522,1,1,0.03539695963263512,0.9562467932701111,0.007436951156705618,0.0009193276055157185
5523,2,2,0.0015162068884819746,0.00024974494590424,0.9955222606658936,0.0027118436992168427
5524,2,2,0.004257351625710726,0.0036043808795511723,0.9727866649627686,0.0193516556173563
5525,3,3,8.112665818771347e-05,1.8894862705565174e-06,0.01285277958959341,0.9870642423629761
5526,3,3,8.85611807461828e-05,0.0002585089241620153,0.010517185553908348,0.9891357421875
5527,0,0,0.9999750852584839,1.7163499705930008e-06,8.52916400617687e-06,1.4621399714087602e-05
5528,2,2,0.0002040736872004345,1.4638352695328649e-05,0.9994945526123047,0.00028668250888586044
5529,1,1,0.00448229955509305,0.9870714545249939,0.0028445569332689047,0.005601699464023113
5530,2,2,5.587192936218344e-05,1.692543810349889e-05,0.9994713664054871,0.0004559020744636655
5531,3,3,0.00036759203067049384,8.297045133076608e-05,0.0007874660659581423,0.9987620115280151
5532,2,3,3.156056482112035e-05,7.989001460373402e-05,0.0025033042766153812,0.9973852038383484
5533,3,3,0.0002293890283908695,7.5337093221605755e-06,0.01110747642815113,0.9886555671691895
5534,0,0,0.949526846408844,0.031283728778362274,0.0006602805806323886,0.018529167398810387
5535,2,2,0.0075448863208293915,0.000918588659260422,0.9099477529525757,0.0815887376666069
5536,1,1,0.0022738256957381964,0.9752757549285889,0.004139347933232784,0.01831110194325447
5537,3,3,0.34555333852767944,0.00035242291050963104,0.03273991867899895,0.621354341506958
5538,1,1,0.0011983001604676247,0.9945153594017029,0.00014996224490460008,0.004136418923735619
5539,0,0,0.8808828592300415,1.4778757758904248e-05,0.0068556261248886585,0.11224673688411713
5540,2,2,1.6736705219955184e-05,2.8118433874624316e-06,0.999930739402771,4.977143544238061e-05
5541,2,2,0.01727875880897045,2.7413594580139033e-05,0.9801452159881592,0.0025486424565315247
5542,2,2,0.0013098489725962281,9.010536814457737e-06,0.9694450497627258,0.029236119240522385
5543,1,1,9.026227417052723e-06,0.9999909400939941,6.969329291450777e-08,7.0383903150172955e-09
5544,0,0,0.9999971389770508,3.5383033036850975e-07,1.0486517112440197e-06,1.4460741795119247e-06
5545,3,3,2.3940499431773787e-06,4.747759074774649e-09,0.026385223492980003,0.973612368106842
5546,3,3,0.003924441058188677,0.016334226354956627,0.26453912258148193,0.7152022123336792
5547,1,1,4.8051501835288946e-06,0.9999939203262329,7.148616418817255e-07,5.417757051873195e-07
5548,2,2,0.011296171694993973,0.00019032742420677096,0.8901568055152893,0.09835673868656158
5549,0,0,0.9919872283935547,4.138442363910144e-06,0.0006669566500931978,0.007341633550822735
5550,0,0,0.9999282360076904,5.5041064115357585e-06,9.79553078650497e-07,6.52452654321678e-05
5551,3,3,0.012229460291564465,1.5880539649515413e-05,2.7997968572890386e-05,0.987726628780365
5552,1,1,7.078735052346019e-06,0.9999630451202393,2.6262692699674517e-05,3.6320418530522147e-06
5553,0,0,0.99980229139328,5.445875649456866e-05,6.509460945380852e-05,7.81921626185067e-05
5554,2,2,0.0023501552641391754,0.00012630184937734157,0.9892826080322266,0.008240897208452225
5555,3,2,0.17761580646038055,0.00014478576485998929,0.46665337681770325,0.35558605194091797
5556,3,3,5.599375185738609e-07,9.012692885335127e-07,0.0001353227416984737,0.9998631477355957
5557,1,1,0.00010122523235622793,0.9997172951698303,0.00010145388660021126,7.992850441951305e-05
5558,3,3,1.3271813259052578e-05,7.388887297565816e-07,0.00041138692176900804,0.999574601650238
5559,2,2,0.01631058380007744,0.0006772857741452754,0.6429851055145264,0.34002700448036194
5560,1,1,6.779597606509924e-05,0.9971106052398682,0.002774651860818267,4.700660065282136e-05
5561,0,0,0.9935710430145264,0.00010291027865605429,0.005451624747365713,0.000874452933203429
5562,2,2,8.254665590357035e-05,6.895788828842342e-05,0.7255439162254333,0.27430459856987
5563,1,1,0.0007497832993976772,0.9990310668945312,0.0002034151111729443,1.5676969269406982e-05
5564,0,0,0.9999998807907104,2.1722916798694314e-09,9.64465285413496e-10,6.859509227297167e-08
5565,3,3,0.004147681407630444,0.0005318234325386584,0.0005254846764728427,0.994795024394989
5566,0,0,0.9999346733093262,1.6604955987986614e-07,6.069766641303431e-06,5.910736581427045e-05
5567,3,3,0.005134178325533867,0.002935879398137331,0.22083377838134766,0.7710961699485779
5568,0,0,0.9999734163284302,3.737238330359105e-06,3.444317371759098e-06,1.9369474102859385e-05
5569,1,1,5.405967158367275e-07,0.9999994039535522,9.588294602735914e-08,4.275255349739382e-08
5570,1,1,0.005449477583169937,0.9921941757202148,0.0014427558053284883,0.000913570576813072
5571,1,1,0.004046306014060974,0.9888250231742859,0.006884770933538675,0.00024392515479121357
5572,1,1,0.013714899308979511,0.9500795006752014,0.03249761834740639,0.0037080179899930954
5573,2,2,0.0013241604901850224,2.7786302325694123e-06,0.9709168672561646,0.02775617688894272
5574,2,2,0.012211029417812824,0.021418193355202675,0.8618622422218323,0.10450852662324905
5575,0,0,0.9999548196792603,1.3905565587890578e-09,7.852391092910693e-08,4.5068049075780436e-05
5576,1,1,7.352171087404713e-05,0.9999077320098877,1.3707338439417072e-05,5.012088422517991e-06
5577,1,1,0.0014881064416840672,0.9982775449752808,8.29939017421566e-05,0.00015132318367250264
5578,0,0,0.9988986253738403,0.0005981081048958004,9.733653314469848e-06,0.0004934426979161799
5579,0,0,0.9999849796295166,7.2003508648776915e-06,5.064968263468472e-06,2.8557747100421693e-06
5580,2,2,2.944208426924888e-05,7.981060434758547e-07,0.9998883008956909,8.148336200974882e-05
5581,3,3,0.06239672005176544,0.08167463541030884,0.17039600014686584,0.6855326294898987
5582,2,2,0.0016519780037924647,4.290855940780602e-06,0.9967701435089111,0.0015735347988083959
5583,1,1,0.027042845264077187,0.9505641460418701,0.0018378490349277854,0.020555151626467705
5584,0,0,0.9978970289230347,4.508859638008289e-05,0.0003971226396970451,0.0016608086880296469
5585,1,1,4.358259047876345e-06,0.9999954700469971,1.4839297568514098e-09,8.030534104364051e-08
5586,2,2,0.3896258771419525,1.6630368918413296e-05,0.5735352635383606,0.03682221099734306
5587,3,3,0.011882004328072071,0.09729330241680145,0.08627668023109436,0.8045480251312256
5588,0,0,0.5127738118171692,1.2153772104284144e-06,0.46439164876937866,0.022833362221717834
5589,0,0,0.8837844729423523,0.020840179175138474,0.0359058678150177,0.05946959927678108
5590,2,2,0.03995891287922859,0.0024964401964098215,0.7899534106254578,0.16759125888347626
5591,2,2,0.0021963762119412422,4.468470797291957e-05,0.98131263256073,0.016446271911263466
5592,2,0,0.6660422682762146,1.3768355529464316e-05,0.3291483223438263,0.004795597866177559
5593,2,2,0.003388273296877742,1.3205863069742918e-06,0.9785645008087158,0.018045896664261818
5594,1,1,7.60740804253146e-05,0.9998844861984253,2.710211629164405e-05,1.2261656593182124e-05
5595,0,0,0.9973119497299194,6.813776963099372e-06,0.001385400420986116,0.001295806490816176
5596,0,0,0.9999972581863403,2.9939120071986736e-09,6.611480785068125e-07,1.9861179225699743e-06
5597,0,3,0.04517773911356926,1.8545153579907492e-05,0.2958211898803711,0.6589825749397278
5598,3,3,1.3443606803775765e-05,4.719347543868935e-06,6.785456935176626e-05,0.9999139308929443
5599,1,1,0.0032175590749830008,0.779445469379425,0.13260677456855774,0.08473017811775208
5600,2,2,0.07063568383455276,9.250063158106059e-05,0.8230002522468567,0.10627143830060959
5601,2,3,0.0005943850846961141,0.00013450761616695672,0.14335046708583832,0.855920672416687
5602,2,0,0.9822951555252075,8.204626647057012e-05,0.015225818380713463,0.002396960509940982
5603,3,3,2.2582412384508643e-06,6.532608836096188e-07,0.00012880442955065519,0.9998682737350464
5604,3,3,3.945842308894498e-06,1.1878616845706347e-07,5.316250053510885e-07,0.9999953508377075
5605,3,3,4.749485924548935e-06,3.858104058451772e-09,0.0002710210101213306,0.9997242093086243
5606,1,1,0.002273354446515441,0.6985369920730591,0.21279679238796234,0.08639288693666458
5607,0,0,0.9998753070831299,8.52128960104892e-06,9.553950803820044e-05,2.0554500224534422e-05
5608,0,0,0.9998373985290527,9.657192094891798e-07,3.191374707967043e-05,0.000129651787574403
5609,3,3,0.02830377221107483,0.13575829565525055,0.1814880073070526,0.6544498801231384
5610,0,0,0.9934898614883423,0.0009314513299614191,0.005251159425824881,0.0003275511262472719
5611,3,3,0.03193065524101257,0.000247256422881037,0.000718359078746289,0.9671036601066589
5612,0,0,0.7888824343681335,0.007841598242521286,0.05639217793941498,0.14688381552696228
5613,0,0,0.9919596314430237,0.00544150173664093,0.000497642729897052,0.0021012816578149796
5614,0,0,0.992992639541626,4.0662999367668817e-07,0.0009073017281480134,0.006099677179008722
5615,0,0,0.9528105854988098,0.007157482672482729,0.0004468704282771796,0.03958510980010033
5616,3,3,1.1146286738039635e-07,1.0508837355871492e-08,1.1843924312415766e-06,0.9999986886978149
5617,0,0,0.9613029956817627,0.033464737236499786,0.0005136631662026048,0.004718642216175795
5618,2,2,0.00022673740750178695,6.787580787204206e-05,0.9994335770606995,0.0002717778261285275
5619,3,3,0.00030907063046470284,3.065808940050374e-08,3.993829886894673e-05,0.9996509552001953
5620,3,3,0.0002032242191489786,1.0028004908235744e-05,0.0017275706632062793,0.9980592131614685
5621,2,2,6.638064223807305e-05,1.4304843716672622e-05,0.9998099207878113,0.0001094243853003718
5622,3,3,0.0004898202023468912,5.2555724323610775e-06,0.40261805057525635,0.5968868136405945
5623,2,2,0.0006619217456318438,3.5283828765386716e-05,0.9967711567878723,0.0025316057726740837
5624,1,1,4.1338789742439985e-05,0.9999511241912842,5.340061761671677e-06,2.1243201899778796e-06
5625,3,3,0.41398271918296814,1.1682906006171834e-05,0.029259944334626198,0.5567456483840942
5626,3,3,0.019299017265439034,7.749453652650118e-05,0.2583644390106201,0.7222590446472168
5627,3,3,0.15658558905124664,0.0007305552717298269,0.2990504801273346,0.5436334013938904
5628,2,2,0.0025801248848438263,0.002799008972942829,0.9942654967308044,0.0003554329741746187
5629,3,3,4.385209467727691e-05,6.746905910404166e-06,0.045479875057935715,0.954469621181488
5630,0,0,0.9999575614929199,4.973230147697905e-07,1.2341602996457368e-05,2.9506301871151663e-05
5631,1,1,1.1963165036377177e-07,0.9999991655349731,9.9401535613719e-11,7.340525485233229e-07
5632,0,0,0.9999451637268066,6.472772383858683e-06,3.132094661850715e-06,4.529913712758571e-05
5633,0,0,0.9993292093276978,3.6046039895154536e-05,2.6322048142901622e-05,0.0006084609194658697
5634,3,0,0.8877069354057312,0.019285455346107483,0.013087792322039604,0.07991978526115417
5635,2,2,0.00024470241623930633,3.4298375339858467e-07,0.9987601041793823,0.000994945876300335
5636,1,1,2.2939649113595806e-07,0.9999991655349731,6.338510729619884e-07,6.825789267139726e-09
5637,0,0,0.9012093544006348,0.07645231485366821,0.017733804881572723,0.004604607820510864
5638,2,2,0.00024287471023853868,1.2082442481187172e-05,0.9994698166847229,0.00027525590849108994
5639,3,3,4.9257905629929155e-05,1.4814848725563934e-07,0.01898074895143509,0.9809699058532715
5640,2,2,0.004388580564409494,0.00022849311062600464,0.6934921741485596,0.3018907904624939
5641,0,0,1.0,2.1851544573792125e-08,1.5166488065432304e-09,1.5727995572589748e-09
5642,0,0,0.9953416585922241,1.5696889022365212e-05,7.4888057497446425e-06,0.004635182674974203
5643,1,1,0.028620386496186256,0.9709920287132263,0.00024248549016192555,0.00014505717263091356
5644,0,0,0.9965882301330566,0.0012512914836406708,0.0019337927224114537,0.0002267016243422404
5645,1,1,1.3078357369522564e-05,0.9998635053634644,9.541372128296643e-05,2.804671566991601e-05
5646,0,0,0.912933886051178,0.00048768523265607655,0.00797533243894577,0.07860313355922699
5647,0,0,0.9998117089271545,3.6306330457591685e-06,0.0001630289334570989,2.1600160835077986e-05
5648,1,1,0.006894262507557869,0.5791124105453491,0.4019306004047394,0.012062626890838146
5649,0,0,0.9988664388656616,4.1927651182049885e-06,0.0005477453814819455,0.000581651518587023
5650,2,2,0.0013389235828071833,2.8399055736372247e-05,0.9973995685577393,0.0012331577017903328
5651,3,3,0.21361574530601501,0.06502263993024826,0.026869915425777435,0.6944916844367981
5652,3,3,5.275167040963424e-06,1.8591151729197009e-06,0.004937808960676193,0.9950549602508545
5653,1,1,1.8624792573973536e-05,0.9999809265136719,3.050941472793056e-07,1.5702264022365853e-07
5654,1,1,3.680435838759877e-05,0.9999598264694214,3.3539379273861414e-06,4.254230034916873e-08
5655,0,0,0.9999916553497314,3.5264581583760446e-06,1.1883179240612662e-06,3.607876124078757e-06
5656,1,0,0.6500375270843506,0.09031465649604797,0.19952915608882904,0.060118667781353
5657,2,2,0.00011390401778044179,6.335083162412047e-05,0.9993859529495239,0.0004367305664345622
5658,1,1,5.507235255208798e-05,0.9990307092666626,7.110842852853239e-05,0.000843071611598134
5659,3,3,0.00455827871337533,0.05670205503702164,0.006721810437738895,0.9320178627967834
5660,0,0,0.9999330043792725,2.534333907533437e-05,6.3456241150561254e-06,3.53241921402514e-05
5661,1,1,2.0272399581244827e-07,0.9999995231628418,6.484845727072752e-08,1.8031163051546173e-07
5662,3,3,2.757884089987783e-07,2.3034290919099476e-08,2.550170938775409e-05,0.999974250793457
5663,1,1,0.0007080177310854197,0.989954948425293,0.0036125779151916504,0.005724424961954355
5664,1,1,0.00016231308109126985,0.9998360872268677,2.659267011040356e-07,1.261851593881147e-06
5665,1,1,5.968195546302013e-05,0.9999309778213501,3.475006451481022e-06,5.874297130503692e-06
5666,2,0,0.6564299464225769,2.2832496142655145e-06,0.34254536032676697,0.001022437703795731
5667,3,3,0.007257029879838228,0.00042053632205352187,0.0017775528831407428,0.9905449151992798
5668,1,1,1.1849654129036935e-06,0.9999978542327881,2.638949183619843e-07,7.612087529196288e-07
5669,1,1,1.2686044215115544e-07,0.9999943971633911,5.295329629007028e-06,2.851377871593286e-07
5670,1,1,0.017093688249588013,0.9820976853370667,0.0006547048687934875,0.00015401221753563732
5671,1,1,0.09095250815153122,0.9033589959144592,0.005114322062581778,0.0005742221837863326
5672,0,0,0.9987139701843262,0.00024779533850960433,0.0005384079413488507,0.0004998241201974452
5673,1,1,0.0004565238778013736,0.996740996837616,0.0004903521039523184,0.0023121528793126345
5674,2,0,0.6782564520835876,0.21131649613380432,0.003709792625159025,0.1067173108458519
5675,1,1,0.029481956735253334,0.9422499537467957,0.025452978909015656,0.0028151143342256546
5676,1,1,0.004273386672139168,0.9955552220344543,0.00010130774171557277,7.016519521130249e-05
5677,1,1,1.6213762137340382e-05,0.9999833106994629,3.566529187537526e-07,1.6765076793490152e-07
5678,2,2,0.00012396782403811812,6.710811248922255e-07,0.9962598085403442,0.003615529974922538
5679,1,1,0.00017810983990784734,0.9989590644836426,0.00040546039235778153,0.0004574595077428967
5680,1,1,5.255817814031616e-05,0.9999438524246216,6.614195768861464e-08,3.5448038033791818e-06
5681,3,3,1.7937631128006615e-05,1.4766009144295822e-06,0.0004668018955271691,0.9995138645172119
5682,0,0,0.9935331344604492,0.001983135938644409,0.0007377254078164697,0.003745927009731531
5683,3,3,0.22490152716636658,0.0017687944928184152,0.1570746898651123,0.616254985332489
5684,3,3,0.002351732924580574,6.96007045917213e-05,0.029466012492775917,0.9681126475334167
5685,0,2,0.07406263798475266,4.4270854004935245e-07,0.9210277199745178,0.004909161943942308
5686,3,0,0.4220024347305298,0.2641660273075104,0.004204642027616501,0.3096269369125366
5687,3,3,0.04888841509819031,0.35106325149536133,0.04080364480614662,0.559244692325592
5688,1,1,0.00034912105184048414,0.9995911717414856,4.4382395572029054e-05,1.540524317533709e-05
5689,0,0,0.9997935891151428,1.0901480891334359e-06,1.3661405318998732e-05,0.000191591345355846
5690,2,3,0.0737818107008934,0.0015304735861718655,0.0271578561514616,0.8975299000740051
5691,3,3,2.315963229193585e-06,1.100814772669878e-09,0.11918142437934875,0.8808162808418274
5692,1,2,0.15607230365276337,0.022033078595995903,0.8217883110046387,0.00010627804294927046
5693,1,1,0.027709392830729485,0.9507314562797546,0.008632003329694271,0.012927098199725151
5694,1,1,0.022875791415572166,0.6329453587532043,0.10241103172302246,0.24176782369613647
5695,0,0,0.9773306846618652,2.745154415606521e-05,0.012110319919884205,0.010531547479331493
5696,1,1,0.002451547421514988,0.9974018335342407,7.873116555856541e-05,6.794958608224988e-05
5697,3,3,0.000408223713748157,0.0004059653729200363,0.004321851767599583,0.9948639273643494
5698,3,3,0.007974883541464806,0.007109824568033218,0.003642464755102992,0.98127281665802
5699,1,1,4.432473724591546e-05,0.9999552965164185,8.161259756889194e-08,2.384809079103434e-07
5700,0,0,0.9988484382629395,0.0003345782170072198,0.0007096932968124747,0.00010724666208261624
5701,2,2,0.016274916008114815,0.050718992948532104,0.8166546821594238,0.11635137349367142
5702,1,1,0.0014288716483861208,0.9971988201141357,0.001199241611175239,0.00017307732196059078
5703,0,0,0.9974047541618347,3.0634004360763356e-05,0.0009427323821000755,0.001621824223548174
5704,3,3,4.036637983517721e-05,6.5532440203242e-06,0.001130744582042098,0.9988222718238831
5705,1,1,1.3085547152513755e-06,0.9999978542327881,8.524297072654008e-07,1.9454216015901693e-09
5706,1,1,0.0001715638063615188,0.9997509121894836,1.0402754924143665e-06,7.649887265870348e-05
5707,1,1,0.002543227281421423,0.9956121444702148,0.0005102470167912543,0.0013343475293368101
5708,2,2,0.0063297743909060955,0.00016728893388062716,0.946116030216217,0.047386981546878815
5709,1,1,2.092323120450601e-05,0.999919056892395,4.9957983719650656e-05,9.991177648771554e-06
5710,0,0,0.9999845027923584,1.2799316664313665e-06,2.7674721181369932e-08,1.4241834833228495e-05
5711,0,0,0.7864962220191956,0.010792233981192112,0.0028691717889159918,0.19984234869480133
5712,1,1,0.0003850526991300285,0.9993934631347656,0.00020218378631398082,1.932238410518039e-05
5713,1,1,5.008940661355155e-06,0.9999632835388184,1.4358131011249498e-05,1.742564381856937e-05
5714,1,1,6.497871072497219e-05,0.9998007416725159,2.1264946553856134e-05,0.00011301987251499668
5715,0,0,0.9951651096343994,4.6817026486678515e-06,0.004797610454261303,3.25129549310077e-05
5716,0,0,0.9999983310699463,1.528686766505416e-06,2.1280388562416874e-09,1.7035290511557832e-07
5717,0,0,0.9803664088249207,0.015634946525096893,0.0028478202875703573,0.0011508254101499915
5718,3,3,5.356259407562902e-06,1.8063846596305666e-07,8.281233931484167e-06,0.9999861717224121
5719,3,3,2.79101004707627e-05,9.883680149869178e-07,1.2365275324555114e-05,0.9999587535858154
5720,1,1,0.015557604841887951,0.9843494296073914,1.0770934721904268e-07,9.286148997489363e-05
5721,1,1,0.0005324037629179657,0.9994617104530334,5.305319064063951e-06,6.353484991450387e-07
5722,0,0,0.9993566870689392,4.438858013600111e-05,0.00043388278572820127,0.00016503778169862926
5723,1,1,0.0023800209164619446,0.7213451266288757,0.0039220829494297504,0.27235275506973267
5724,1,1,0.01898123323917389,0.9249299764633179,0.05496252328157425,0.001126352697610855
5725,0,0,0.9865352511405945,8.581414294894785e-05,0.012871243990957737,0.0005077228415757418
5726,0,0,0.9580568671226501,0.0016621894901618361,0.03869498893618584,0.001585923251695931
5727,3,3,3.7198091717982606e-07,1.4469266673700076e-08,1.4814480891800486e-05,0.999984860420227
5728,1,1,0.011497335508465767,0.8640244007110596,0.043216340243816376,0.08126199245452881
5729,2,2,0.0003812360519077629,4.600846295943484e-05,0.9987815022468567,0.000791229133028537
5730,3,3,0.00010324615868739784,2.724492696870584e-05,0.08857405185699463,0.911295473575592
5731,1,1,0.000581847969442606,0.9983500242233276,0.00043327812454663217,0.0006348530878312886
5732,0,0,0.8875741362571716,1.283809615415521e-05,0.031515076756477356,0.08089793473482132
5733,3,3,4.623656059266068e-05,0.00019249989418312907,0.0016294207889586687,0.9981318116188049
5734,1,1,0.004074421711266041,0.8599932193756104,0.0450659841299057,0.09086631238460541
5735,1,1,6.262831448111683e-05,0.9999314546585083,5.446493560157251e-06,4.772391548613086e-07
5736,3,3,7.674066728213802e-05,1.3190002867702333e-08,0.07629106193780899,0.9236322045326233
5737,3,3,0.00017640541773289442,2.0120718545513228e-05,0.04688609018921852,0.9529173970222473
5738,3,3,0.19589407742023468,0.10177779197692871,0.030412402004003525,0.6719157695770264
5739,2,2,8.420637982453627e-07,2.2470747751413e-07,0.999997615814209,1.3108601706335321e-06
5740,0,2,1.059815076587256e-05,3.0333430345308443e-07,0.9999266862869263,6.238527566893026e-05
5741,2,2,0.1933167278766632,0.00055979989701882,0.6788748502731323,0.1272485852241516
5742,3,3,0.0008853565668687224,0.0016120010986924171,0.038154009729623795,0.9593486785888672
5743,0,0,0.9993587136268616,1.0559494512563106e-05,7.200594700407237e-05,0.0005587223567999899
5744,0,0,0.9999890327453613,7.088994493642531e-07,8.424128282058518e-06,1.8339206917517004e-06
5745,1,1,0.031478025019168854,0.9652118682861328,0.0023988427128642797,0.000911292911041528
5746,0,0,0.9951583743095398,1.6474516087328084e-05,0.004079759586602449,0.0007453612051904202
5747,3,3,0.0006449871580116451,0.0006846842006780207,0.001022658427245915,0.9976477026939392
5748,2,3,0.0026667334605008364,2.6874515242525376e-05,0.406790167093277,0.5905161499977112
5749,1,1,0.04923367127776146,0.9289537072181702,0.0019059590995311737,0.019906770437955856
5750,2,2,0.061335545033216476,0.0040875086560845375,0.929477334022522,0.005099613219499588
5751,2,2,0.002745160134509206,2.2528487534145825e-05,0.9764786958694458,0.020753653720021248
5752,3,3,0.000847906107082963,0.00011122346768388525,0.30310967564582825,0.6959311366081238
5753,3,3,4.244455703883432e-05,4.305697984818835e-06,0.018884891644120216,0.9810683131217957
5754,3,3,0.005925109144300222,0.012246474623680115,0.051257941871881485,0.9305704832077026
5755,2,2,0.0023451121523976326,2.8434995329007506e-05,0.9973083734512329,0.00031809700885787606
5756,2,2,0.00247127003967762,0.00014183584426064044,0.997076153755188,0.00031074605067260563
5757,3,3,0.00043119603651575744,7.826749788364395e-05,0.11072883009910583,0.8887616395950317
5758,2,2,0.0013507180847227573,1.1260062819928862e-05,0.9926416277885437,0.005996305029839277
5759,3,3,1.1135137356177438e-05,1.1263874739597668e-06,0.007624012418091297,0.992363691329956
5760,2,2,0.010883713141083717,0.00010964269313262776,0.9819371104240417,0.0070695518516004086
5761,1,1,0.00027189296088181436,0.9997149109840393,7.630016625626013e-06,5.5951591093617026e-06
5762,3,3,6.593392072318238e-07,2.9508708809800055e-09,6.108944944571704e-05,0.9999382495880127
5763,2,2,0.014855182729661465,0.00017236954590771347,0.9454157948493958,0.03955664485692978
5764,1,1,0.0009342023986391723,0.9982446432113647,0.0002510060148779303,0.0005701740155927837
5765,1,1,2.1206429664744064e-05,0.999976634979248,3.334669429477799e-08,2.113009031745605e-06
5766,2,2,0.012887449935078621,0.00022352022642735392,0.5965256690979004,0.3903633654117584
5767,3,3,0.0003655802574940026,1.4717578778800089e-05,0.04275700822472572,0.95686274766922
5768,3,3,2.3436198262061225e-06,1.8124776679506738e-10,0.0012977039441466331,0.9986999034881592
5769,3,3,0.0006910495576448739,0.001602260279469192,0.16802431643009186,0.8296823501586914
5770,0,0,0.9999812841415405,4.843754908279152e-08,2.6461520974407904e-06,1.6058014807640575e-05
5771,2,2,0.002244301838800311,0.0014395633479580283,0.9929412603378296,0.0033749856520444155
5772,3,3,2.6196590852123336e-07,5.680290904308549e-09,3.4144846722483635e-05,0.9999655485153198
5773,2,2,0.0011596685508266091,4.0275062929140404e-05,0.6815588474273682,0.31724122166633606
5774,3,3,7.219940471259179e-06,8.787396268417069e-07,0.003148100571706891,0.9968438148498535
5775,2,2,4.9468857469037175e-05,7.1764111453376245e-06,0.9998875856399536,5.572732334258035e-05
5776,2,2,0.001152331242337823,0.00039169026422314346,0.9976835250854492,0.0007723894668743014
5777,2,2,0.00025859917514026165,2.228616904176306e-05,0.9437301754951477,0.055988941341638565
5778,0,0,0.9999772310256958,4.3510076466191094e-06,8.87662190507399e-06,9.586253327142913e-06
5779,3,3,0.0003586192906368524,4.264289145794464e-06,0.045856770128011703,0.9537802338600159
5780,0,0,0.9124139547348022,0.011684857308864594,0.0003354990913067013,0.0755656361579895
5781,1,1,2.6049750886159018e-05,0.999972939491272,7.994198654159845e-07,2.851006684068125e-07
5782,3,3,2.9975062716403045e-06,1.7749163816915825e-05,0.0023457438219338655,0.9976335763931274
5783,3,3,0.0011498574167490005,5.447830631055695e-07,0.008966037072241306,0.9898834824562073
5784,1,1,0.0043756295926868916,0.9910539984703064,4.79754526168108e-05,0.004522391129285097
5785,2,2,0.0019799587316811085,4.619912942871451e-06,0.995815098285675,0.002200264250859618
5786,0,0,0.9991600513458252,4.441318196768407e-06,8.402343519264832e-05,0.000751536397729069
5787,3,3,9.641335054766387e-06,4.752687345899176e-07,1.2943174624524545e-05,0.9999769926071167
5788,3,3,7.639637260581367e-07,8.986261512688998e-09,8.706877997610718e-05,0.9999121427536011
5789,1,1,2.1002853827667423e-05,0.9999788999557495,3.9509470695087145e-10,1.0499939406827252e-07
5790,1,1,3.4902873835562787e-07,0.9999971389770508,7.625211537742871e-07,1.7437129145037034e-06
5791,2,2,9.801822307053953e-05,6.060734904167475e-06,0.9993392825126648,0.0005566286272369325
5792,3,3,0.005682134535163641,0.001330857863649726,0.12797342240810394,0.865013599395752
5793,3,3,5.7960860431194305e-06,4.837184405914741e-06,0.0006528929225169122,0.9993364214897156
5794,3,3,6.5687122514646035e-06,1.8469879847771153e-08,6.343011591525283e-07,0.999992847442627
5795,0,0,0.9993898868560791,4.639675535145216e-05,7.040065975161269e-05,0.0004932590527459979
5796,0,0,0.8785424828529358,0.026604823768138885,0.06930909305810928,0.02554364502429962
5797,0,3,0.0030307357665151358,2.6215325465983597e-09,0.013723241165280342,0.9832460880279541
5798,1,1,0.0007226015441119671,0.9992450475692749,2.8355792892398313e-05,4.034825451526558e-06
5799,0,0,0.9993875026702881,1.3861992556485347e-05,0.00032934200135059655,0.00026930193416774273
5800,3,3,1.8227384543934022e-06,8.700784093207403e-08,0.0019632461480796337,0.9980347752571106
5801,1,1,0.00022517217439599335,0.9997712969779968,1.6013317463148269e-06,1.925773631228367e-06
5802,1,1,5.8126894145971164e-05,0.9999150037765503,4.220273908117633e-08,2.6831823561224155e-05
5803,1,1,0.005439198110252619,0.9941270351409912,0.00029070203891023993,0.00014307687524706125
5804,2,2,0.0004876083112321794,7.902383913460653e-06,0.9992367029190063,0.000267885101493448
5805,0,0,0.9999986886978149,6.248875195069559e-08,1.220933768308896e-06,5.8233379007788244e-08
5806,0,0,0.984391450881958,0.0009282513055950403,0.0022954249288886786,0.01238484401255846
5807,2,2,5.347279511624947e-05,4.3392017687438056e-05,0.9991368651390076,0.0007663076976314187
5808,0,0,0.9991455078125,0.00014435370394494385,0.00042077049147337675,0.00028934841975569725
5809,0,0,0.9786459803581238,0.0006892180535942316,0.013830672949552536,0.006834108382463455
5810,3,3,0.04886936396360397,5.4434145567938685e-05,0.0008272507111541927,0.9502488970756531
5811,1,1,0.0086974473670125,0.9863901138305664,0.004557745065540075,0.0003546425432432443
5812,0,0,0.8503555655479431,0.0007403515628539026,0.0018376921070739627,0.1470663696527481
5813,2,2,0.004114961251616478,0.00023612988297827542,0.6384610533714294,0.35718783736228943
5814,2,2,0.0040034642443060875,2.295348167535849e-05,0.9811486601829529,0.014824900776147842
5815,0,0,0.8811385035514832,0.03534429892897606,0.020433619618415833,0.06308358907699585
5816,3,3,0.013588596135377884,0.007409056648612022,0.020492637529969215,0.9585097432136536
5817,1,1,0.009597865864634514,0.9697440266609192,0.01899433135986328,0.0016637976514175534
5818,0,0,0.9317854046821594,0.006878667511045933,0.01567220874130726,0.045663680881261826
5819,3,3,0.0048036351799964905,0.0015893328236415982,0.19135285913944244,0.8022540807723999
5820,1,1,0.001537253730930388,0.998443067073822,1.760307168297004e-05,2.138009449481615e-06
5821,1,1,0.0002813587198033929,0.9995960593223572,0.00011196928971912712,1.0628082236507908e-05
5822,0,0,0.9844506978988647,8.174312824849039e-05,0.006865832023322582,0.008601730689406395
5823,0,0,0.8232244849205017,0.0025447530206292868,0.10433520376682281,0.06989547610282898
5824,0,0,0.9923549890518188,0.0018934387480840087,0.0018063432071357965,0.0039452300406992435
5825,3,3,2.7340715860191267e-06,3.642657247837633e-06,0.0003259451186750084,0.9996676445007324
5826,3,3,3.634670429164544e-05,6.153667442276856e-08,9.75798029685393e-05,0.9998658895492554
5827,0,0,0.9999947547912598,4.651998892768461e-07,3.818648110609502e-06,1.0189584145336994e-06
5828,2,2,0.15677407383918762,0.0008504108409397304,0.7595150470733643,0.0828605443239212
5829,3,3,0.007133153732866049,9.870226494967937e-05,0.023491159081459045,0.969277024269104
5830,2,3,0.011310463771224022,0.0003890303196385503,0.3642388582229614,0.6240617036819458
5831,3,3,5.4250027460511774e-05,1.1447006045273156e-06,2.5636240025050938e-05,0.9999189376831055
5832,1,1,0.016755444929003716,0.979093611240387,0.003526936052367091,0.000623925996478647
5833,0,0,0.9999579191207886,4.566260486171814e-06,3.536289295880124e-05,2.089663212245796e-06
5834,2,2,0.0030418874230235815,0.0001839260949054733,0.988436758518219,0.008337333798408508
5835,2,2,0.004327819216996431,0.00010402313637314364,0.8819460868835449,0.11362209916114807
5836,2,2,0.000527312804479152,1.507368438069534e-06,0.9965123534202576,0.002958885161206126
5837,2,2,0.009413264691829681,5.183725807000883e-05,0.9893753528594971,0.0011595017276704311
5838,1,1,9.699582648181604e-08,0.9999997615814209,4.975483566815875e-11,1.1007114864014511e-07
5839,2,2,0.013834519311785698,4.904846377939975e-07,0.4990547299385071,0.4871102571487427
5840,2,2,0.0007216802332550287,0.0008921949192881584,0.9964674711227417,0.001918718102388084
5841,1,2,0.05204346776008606,0.1326163411140442,0.6846809983253479,0.13065916299819946
5842,2,2,0.34461072087287903,4.751138840219937e-05,0.6537765860557556,0.0015652586007490754
5843,2,2,0.0301821269094944,4.2062198190251365e-05,0.9697015881538391,7.423523493343964e-05
5844,1,1,3.307685619802214e-05,0.999966025352478,3.7972415611875476e-07,4.258236288023909e-07
5845,3,3,0.023717647418379784,6.646980909863487e-05,0.2591762840747833,0.7170395851135254
5846,3,3,0.004002735950052738,9.183561633108184e-05,0.0017135307425633073,0.9941918253898621
5847,3,3,0.002184745389968157,0.002154687652364373,0.016738848760724068,0.9789217114448547
5848,3,3,0.0030517084524035454,1.9030288967769593e-05,0.03108285553753376,0.9658464193344116
5849,3,3,0.015688138082623482,0.0005967753822915256,0.0007219940307550132,0.9829930663108826
5850,2,2,0.00011201718007214367,2.4769198716967367e-05,0.9941527247428894,0.005710479337722063
5851,2,2,0.0007395983557216823,0.00041146125295199454,0.8050840497016907,0.19376491010189056
5852,3,3,6.278379714785842e-06,1.2992698827929416e-07,2.5379092676303117e-06,0.9999910593032837
5853,3,3,0.0006224240059964359,0.0010499194031581283,0.037701450288295746,0.9606262445449829
5854,3,3,2.10712318704509e-08,3.259897907170739e-09,1.4485590327240061e-05,0.9999854564666748
5855,0,0,0.998216450214386,0.00013287160254549235,0.000941775506362319,0.0007089537684805691
5856,2,2,0.016962120309472084,0.0004985249252058566,0.9212853312492371,0.06125393882393837
5857,3,3,1.1048536180169322e-05,1.1895969009856344e-06,0.0002746117825154215,0.999713122844696
5858,3,3,0.0011331187561154366,0.0005639226292259991,0.006333209574222565,0.9919697642326355
5859,1,1,0.008821419440209866,0.9840052127838135,0.005053417757153511,0.0021199912298470736
5860,3,3,5.114840178066515e-07,4.854224577854893e-09,1.7576548998476937e-05,0.9999818801879883
5861,3,3,1.0511261052670307e-06,2.9209450076450594e-06,0.00905913207679987,0.9909369349479675
5862,2,3,0.0013726865872740746,1.210714708577143e-05,0.26222506165504456,0.7363901734352112
5863,3,3,0.032296765595674515,3.350344286445761e-06,1.2025639989587944e-05,0.9676878452301025
5864,3,3,0.00011509813339216635,1.3133534594089724e-05,0.00040995594463311136,0.999461829662323
5865,2,2,0.0036927189212292433,0.0001582459663040936,0.9960339665412903,0.00011513035133248195
5866,3,3,1.912855623231735e-05,5.687109023710946e-06,0.19224371016025543,0.8077314496040344
5867,2,2,0.003051172476261854,3.2356467727368e-06,0.7257493734359741,0.27119627594947815
5868,3,3,1.1395066394470632e-05,1.0977732927131001e-05,0.00016652452177368104,0.9998111128807068
5869,2,2,0.0020792782306671143,6.312658115348313e-06,0.9165513515472412,0.08136305212974548
5870,0,0,0.9656148552894592,0.0019156788475811481,0.0003338534734211862,0.03213569521903992
5871,2,2,5.7570177887100726e-05,1.7786094304028666e-06,0.8312526941299438,0.16868799924850464
5872,1,1,0.0002481851552147418,0.9995879530906677,2.049035538220778e-05,0.00014333953731693327
5873,0,0,0.4453951120376587,0.41661983728408813,0.094560407102108,0.043424662202596664
5874,0,3,0.15581512451171875,0.005057608243077993,0.01712152175605297,0.8220057487487793
5875,3,3,0.0001835103757912293,2.252312515338417e-05,0.006754602305591106,0.9930394291877747
5876,3,3,4.718910713563673e-05,1.9642768620542483e-06,0.0019456963054835796,0.9980050921440125
5877,1,1,0.005498555954545736,0.9540812969207764,0.01868107169866562,0.021739082410931587
5878,0,0,0.9999996423721313,1.922807939536142e-07,5.455104101770303e-08,1.0628551194713509e-07
5879,0,0,0.9997838139533997,9.636328002216032e-08,9.836613753577694e-05,0.00011778724001487717
5880,3,3,8.11938734841533e-05,3.2855368772288784e-06,4.2851823423006863e-07,0.9999150037765503
5881,1,1,0.00016795452393125743,0.9998283386230469,3.576111406999871e-09,3.66338053936488e-06
5882,1,1,0.20352324843406677,0.7960479855537415,4.061420258949511e-05,0.0003881524608004838
5883,2,2,0.003829230321571231,1.718071689538192e-05,0.9961513876914978,2.1950081645627506e-06
5884,0,2,0.047778982669115067,0.005624404642730951,0.9167895913124084,0.029807066544890404
5885,0,0,0.9660043716430664,0.00041381086339242756,0.0330376960337162,0.0005442163092084229
5886,0,2,0.000758662645239383,9.422449693374801e-06,0.9989123344421387,0.0003196360485162586
5887,1,1,0.0002156474656658247,0.999714195728302,5.65500849916134e-05,1.3601797036244534e-05
5888,0,0,0.9107362031936646,0.00919798668473959,0.07519801706075668,0.00486777676269412
5889,0,0,0.9998170733451843,2.2112565147835994e-06,1.3250519259599969e-05,0.0001674564991844818
5890,3,3,0.10826586931943893,0.00025245052529498935,0.10248256474733353,0.788999080657959
5891,0,0,0.9995648264884949,6.837279329374724e-07,0.00020984580623917282,0.00022463819186668843
5892,0,1,0.4037599563598633,0.5559536218643188,0.002826743759214878,0.03745964914560318
5893,2,2,0.0008213554392568767,6.157480584079167e-06,0.9983400106430054,0.0008325694361701608
5894,0,0,0.9980770349502563,0.0004393888812046498,0.00032404682133346796,0.0011595172109082341
5895,3,3,0.0025640223175287247,1.988245685424772e-06,0.0001407347881468013,0.9972931742668152
5896,3,3,0.0017825317336246371,6.41874794382602e-05,0.08713540434837341,0.911017894744873
5897,0,0,0.9998763799667358,1.4464367836808378e-07,7.498088962165639e-05,4.845864532398991e-05
5898,1,1,0.000332265452016145,0.9996523857116699,1.4752495189895853e-05,6.470405082836805e-07
5899,3,3,3.855684099107748e-06,6.839778166067845e-08,0.09289935976266861,0.9070966839790344
5900,2,0,0.9628397822380066,4.7699122660560533e-05,0.01914825104176998,0.0179643202573061
5901,2,3,0.0003007251361850649,2.3563384274893906e-06,0.2196764051914215,0.7800205945968628
5902,3,0,0.7728810906410217,0.06519541889429092,0.06182752549648285,0.10009600222110748
5903,3,3,0.0010654019424691796,0.014266610145568848,0.03414101526141167,0.950527012348175
5904,1,1,0.01618160493671894,0.9561024904251099,0.016937188804149628,0.010778779163956642
5905,1,1,0.008261268027126789,0.9915280342102051,0.00010519769421080127,0.00010546408884692937
5906,3,3,5.458377563627437e-05,1.6111090417325613e-06,0.020518232136964798,0.9794254899024963
5907,2,2,0.13054047524929047,0.004115670919418335,0.8649203181266785,0.0004235099477227777
5908,1,1,0.029859604313969612,0.9378918409347534,0.009145531803369522,0.023103034123778343
5909,0,0,0.999996542930603,5.011018089362551e-08,1.862678686848085e-07,3.184392426192062e-06
5910,0,0,0.9990397095680237,0.00011405898112570867,8.399361104238778e-05,0.0007622046978212893
5911,3,3,1.6555188722122693e-06,1.461628471588483e-06,0.004763901699334383,0.9952329993247986
5912,3,3,2.8856893550255336e-05,1.3097200280753896e-05,0.00013208002201281488,0.9998260140419006
5913,0,0,0.9999338388442993,2.2421964729346655e-07,2.0648460122174583e-05,4.534387699095532e-05
5914,1,1,5.440553195512621e-06,0.9999808073043823,2.3563571005524864e-07,1.3417529771686532e-05
5915,2,2,0.004697761032730341,0.0012414148077368736,0.9934752583503723,0.0005856757052242756
5916,0,2,0.07312437891960144,4.9566315283300355e-06,0.9256433844566345,0.0012273036409169436
5917,3,3,0.00355349644087255,0.00133391167037189,0.04563600569963455,0.9494766592979431
5918,3,3,7.771295713610016e-06,1.1993290172540583e-05,0.00023180799325928092,0.9997484087944031
5919,2,2,0.008846819400787354,7.270406143788932e-08,0.9911248087882996,2.825968840625137e-05
5920,0,0,0.817481279373169,2.4329790448973654e-06,0.006280845496803522,0.1762354075908661
5921,2,2,0.0004476595495361835,3.5960676996182883e-06,0.9994009733200073,0.0001478687336202711
5922,0,0,0.9698540568351746,3.7585882637358736e-06,0.00011222372995689511,0.030029965564608574
5923,2,2,0.014112260192632675,0.0033135900739580393,0.9535120129585266,0.029062148183584213
5924,3,3,0.000458007853012532,5.930513361818157e-05,0.023025820031762123,0.9764569401741028
5925,2,2,0.0006637765327468514,0.0186359453946352,0.9717024564743042,0.008997887372970581
5926,3,3,0.00038572828634642065,0.0018962949980050325,0.0015201655915006995,0.9961977601051331
5927,0,0,0.9998335838317871,4.332136995799374e-06,8.31190209282795e-06,0.00015368523600045592
5928,0,0,0.9661168456077576,0.002971928333863616,0.02189113013446331,0.009020201861858368
5929,0,0,0.8305990099906921,0.0005037758382968605,0.047886922955513,0.12101031839847565
5930,3,3,2.3239743313752115e-05,2.6834759410121478e-05,0.0016046070959419012,0.9983453750610352
5931,3,3,0.0003597909235395491,0.002825701842084527,0.0030202262569218874,0.9937942028045654
5932,2,2,0.0072800940833985806,7.537520286859944e-05,0.9885346293449402,0.004109953995794058
5933,2,2,0.00979793444275856,3.227824709028937e-05,0.9875072836875916,0.0026625024620443583
5934,2,2,0.002416446106508374,1.7380350527673727e-06,0.9968397617340088,0.0007419991306960583
5935,0,3,0.002989767352119088,1.2072990102751646e-05,0.0024769038427621126,0.9945212602615356
5936,2,2,0.007267373148351908,9.359119417240436e-07,0.8452060222625732,0.14752568304538727
5937,2,0,0.6603743433952332,0.022535540163517,0.16924633085727692,0.14784373342990875
5938,0,0,0.9979356527328491,0.0020107575692236423,3.437436134845484e-06,5.019007221562788e-05
5939,0,0,0.9898862838745117,0.00036244496004655957,0.00928732380270958,0.000463960284832865
5940,2,2,0.0037870819214731455,0.009148383513092995,0.9444907307624817,0.04257379472255707
5941,0,1,0.02652321197092533,0.9612028002738953,0.012254434637725353,1.9627421352197416e-05
5942,2,2,4.185621946817264e-06,2.365300488804678e-08,0.9999929666519165,2.8099248083890416e-06
5943,2,2,4.1717274143593386e-05,4.492533662414644e-06,0.9997305274009705,0.00022324846941046417
5944,3,3,5.520998911379138e-07,2.808014443189677e-08,0.0002401833626208827,0.9997592568397522
5945,0,0,0.9729686975479126,2.153361222667627e-08,4.508519486989826e-05,0.02698615938425064
5946,2,2,6.131778354756534e-05,6.601766654057428e-05,0.9986326098442078,0.0012400620616972446
5947,3,3,0.00027198693715035915,0.00028139440109953284,0.00045468175085261464,0.9989919066429138
5948,1,1,0.01833789236843586,0.9791578650474548,0.0020770553965121508,0.00042715901508927345
5949,1,1,0.00010875150474021211,0.9971342086791992,0.002438209718093276,0.00031885536736808717
5950,2,2,0.0014572773361578584,0.00012393745419103652,0.9983055591583252,0.00011328529944876209
5951,0,0,0.9999867677688599,7.431992230522155e-07,9.361370416627324e-07,1.1561828614503611e-05
5952,2,2,0.00013786791532766074,1.1378729141142685e-06,0.9997807145118713,8.024289854802191e-05
5953,0,0,0.9995400905609131,6.164115120554925e-07,0.0003437395498622209,0.00011552911746548489
5954,1,1,6.984845640545245e-06,0.9999459981918335,3.2269166894138834e-08,4.701240686699748e-05
5955,2,2,0.015476164408028126,0.0002115045062964782,0.49569177627563477,0.48862048983573914
5956,0,2,0.4021762013435364,0.00039322799420915544,0.5894020199775696,0.008028619922697544
5957,1,1,0.0004403167113196105,0.9985319375991821,0.000991780310869217,3.5914144973503426e-05
5958,0,0,0.9863172173500061,3.951963662984781e-06,0.01328406110405922,0.0003947584773413837
5959,1,1,0.0009692370658740401,0.9990184307098389,1.3043528497291845e-06,1.1051814908569213e-05
5960,3,3,0.034638065844774246,0.008002330549061298,0.0188438780605793,0.9385157823562622
5961,0,0,0.999990701675415,3.007383497788396e-08,5.616579414891021e-07,8.70386247697752e-06
5962,2,2,0.008051707409322262,0.000287392147583887,0.8832447528839111,0.10841619968414307
5963,1,1,0.0012593010906130075,0.9973588585853577,0.0012322250986471772,0.00014956244558561593
5964,3,3,0.01575734093785286,0.004602917470037937,0.0153414411470294,0.9642982482910156
5965,0,0,0.9905684590339661,4.787944817508105e-06,0.009041834622621536,0.0003849320928566158
5966,1,1,0.0004807756922673434,0.9995006322860718,1.6239283695540507e-06,1.686206815065816e-05
5967,1,1,4.452506914276455e-07,0.9999958276748657,3.421777591938735e-06,3.495592579838558e-07
5968,3,3,0.1614414006471634,0.0014844256220385432,0.00043026520870625973,0.8366438746452332
5969,2,2,0.010887027718126774,0.0003939041343983263,0.971878707408905,0.01684029959142208
5970,1,1,6.074084740248509e-05,0.9999376535415649,1.3961929425931885e-06,2.1659735693901894e-07
5971,2,2,0.00554105406627059,0.0038182390853762627,0.9695304036140442,0.021110262721776962
5972,0,0,0.9761154055595398,0.00019481658819131553,0.02347406931221485,0.00021573033882305026
5973,0,3,0.4658360183238983,0.00011045941937481984,0.01993529498577118,0.5141183137893677
5974,0,0,0.9629581570625305,0.0018081148155033588,0.028454897925257683,0.00677875941619277
5975,1,1,0.34582141041755676,0.5143946409225464,0.12238486856222153,0.017399098724126816
5976,1,1,0.00021354344789870083,0.9996160268783569,7.344687764998525e-05,9.69434913713485e-05
5977,1,1,0.003966164775192738,0.9959328770637512,8.219059236580506e-05,1.8712200471782126e-05
5978,2,2,1.1557150173757691e-05,4.5281667304664097e-10,0.999988317489624,1.0323969945602585e-07
5979,2,2,0.0012135732686147094,0.00013390548701863736,0.9982520937919617,0.00040040892781689763
5980,1,1,2.2620758954872144e-07,0.9999995231628418,5.737282293694079e-08,2.2579872904771037e-07
5981,0,2,0.20595982670783997,8.06314801593544e-08,0.7787110805511475,0.015329028479754925
5982,0,0,0.9079889059066772,0.0022625697311013937,0.0641716942191124,0.025576818734407425
5983,3,3,2.351226612518076e-05,1.3737385984313732e-07,0.0025981725193560123,0.9973782300949097
5984,0,0,0.9999850988388062,7.344238497353217e-07,3.3765508078431594e-07,1.3848168237018399e-05
5985,0,0,0.9830982089042664,0.0001678646367508918,0.007307994645088911,0.009425878524780273
5986,2,2,0.0002578326384536922,8.821062510833144e-05,0.9975652694702148,0.0020886952988803387
5987,2,2,0.007852629758417606,2.445519930915907e-05,0.9914290308952332,0.0006939449231140316
5988,3,3,0.006075622048228979,0.06386792659759521,0.11467764526605606,0.815378725528717
5989,0,0,1.0,4.3888870315811346e-09,2.007952554228254e-10,9.971275360953769e-09
5990,1,1,4.440182692633243e-06,0.9999892711639404,3.723849204106955e-06,2.6030122626252705e-06
5991,0,0,1.0,3.331028608499764e-08,3.265513415229293e-10,2.336503079902741e-08
5992,0,0,0.9999997615814209,5.694742810646858e-08,5.012092518796862e-09,1.2419674533248326e-07
5993,0,0,0.9990108013153076,0.0001807529479265213,0.000748247723095119,6.01375759288203e-05
5994,2,2,0.006155494600534439,2.4971475909296714e-07,0.993838369846344,5.96254585616407e-06
5995,2,2,0.005028509069234133,0.0010394282871857285,0.9861403703689575,0.0077916658483445644
5996,2,2,0.0016843309858813882,0.00060532201314345,0.9968131184577942,0.0008972463547252119
5997,1,1,0.002083249855786562,0.9976924657821655,0.00012816573143936694,9.609282278688625e-05
5998,2,2,0.00033216216252185404,0.0002561334113124758,0.9988901019096375,0.0005216537974774837
5999,1,1,2.9149154215701856e-05,0.9999704360961914,3.5422098676463065e-07,9.581654580870236e-08
6000,2,2,0.0005429699667729437,1.1667851822494413e-06,0.9993597865104675,9.604050865164027e-05
6001,2,2,0.0008678497397340834,4.6904035116313025e-05,0.967528760433197,0.031556472182273865
6002,0,0,0.9999810457229614,1.11520716927771e-06,9.445429896004498e-06,8.459798664262053e-06
6003,3,3,0.0009489827207289636,1.9695355604198994e-06,0.11904173344373703,0.8800073266029358
6004,1,1,0.0021200792398303747,0.96439129114151,0.012410362251102924,0.021078316494822502
6005,2,2,0.003133154707029462,1.888868246169295e-05,0.951073944568634,0.04577400162816048
6006,2,0,0.6632594466209412,0.0009231081930920482,0.33220547437667847,0.0036119059659540653
6007,1,1,0.0034748318139463663,0.8095675110816956,0.09145810455083847,0.09549952298402786
6008,3,3,0.00031326751923188567,5.746950137108797e-06,0.019150197505950928,0.980530858039856
6009,3,3,5.929113467573188e-05,2.909268187067937e-05,0.017150113359093666,0.982761561870575
6010,2,2,0.0006050319061614573,2.809421857818961e-05,0.9991433620452881,0.00022343694581650198
6011,3,3,0.014610917307436466,6.012286394252442e-05,0.09259407967329025,0.8927348256111145
6012,0,0,0.9731360673904419,8.194778274628334e-06,0.025689946487545967,0.0011657453142106533
6013,2,2,0.0002919517573900521,1.4054276107344776e-06,0.7297795414924622,0.269927054643631
6014,3,3,0.0002882626431528479,1.0547365491220262e-05,0.010564838536083698,0.9891364574432373
6015,2,2,9.542720363242552e-05,1.1444467418186832e-05,0.9998331069946289,5.9950431023025885e-05
6016,3,3,0.00019503949442878366,3.5427714465186e-05,0.0042404294945299625,0.9955289959907532
6017,3,3,0.00019224899006076157,5.287955850974413e-09,0.004287003073841333,0.9955207109451294
6018,3,3,0.0010582065442577004,3.795382781390799e-06,0.014356687664985657,0.9845812916755676
6019,1,1,0.0002960727142635733,0.9995205402374268,1.076110675057862e-05,0.00017260744061786681
6020,3,3,8.322488429257646e-05,1.771548596707362e-08,0.00020981179841328412,0.9997069239616394
6021,2,2,0.028871843591332436,2.720800694078207e-05,0.9648506045341492,0.006250276230275631
6022,2,3,9.890581509353069e-08,7.834255466576678e-10,0.06272099167108536,0.9372789263725281
6023,2,2,0.000828602584078908,0.00013044117076788098,0.9800276160240173,0.019013382494449615
6024,2,2,0.0033686873503029346,1.0269316589983646e-05,0.9481670260429382,0.04845406860113144
6025,2,2,0.008738983422517776,0.0013579304795712233,0.9847821593284607,0.005120840389281511
6026,3,3,4.844764043809846e-05,4.010286147604347e-08,0.001125544891692698,0.9988259673118591
6027,2,2,6.644745008088648e-05,3.7860306747461436e-06,0.9997192025184631,0.00021052671945653856
6028,2,0,0.5824920535087585,6.867224146844819e-05,0.133830726146698,0.2836085557937622
6029,1,1,0.00025303137954324484,0.9986245632171631,0.000465306977275759,0.0006571280537173152
6030,3,2,0.006817154120653868,7.039854972390458e-05,0.6037896275520325,0.38932278752326965
6031,3,3,0.00011461152462288737,9.693818719824776e-05,0.13603851199150085,0.8637499213218689
6032,0,0,0.9999995231628418,3.554384875315009e-08,9.106347675924553e-09,4.6023072286516253e-07
6033,1,1,3.1149779715633485e-06,0.9999831914901733,7.1962053880270105e-06,6.5302047005388886e-06
6034,3,3,3.042675780307036e-05,6.788627615605947e-08,0.006113015115261078,0.9938564896583557
6035,3,3,0.00012074348342139274,1.3513958037947305e-05,0.16131648421287537,0.8385492563247681
6036,3,3,0.00029126449953764677,1.9180548349595483e-07,0.0013603984843939543,0.9983481168746948
6037,2,2,0.03645498678088188,0.019226567819714546,0.9363058805465698,0.008012551814317703
6038,3,3,3.720456879818812e-05,3.806201493716799e-05,0.0023092497140169144,0.9976154565811157
6039,1,1,0.0015039663994684815,0.998415470123291,6.523732736241072e-05,1.5378513126051985e-05
6040,1,1,1.3773634677249902e-08,1.0,5.319431006789443e-10,1.0925553795004816e-09
6041,0,0,0.9151723384857178,0.005077927839010954,0.03869183361530304,0.04105789586901665
6042,2,2,0.007341458462178707,3.778604877879843e-05,0.9918718934059143,0.000748866586945951
6043,2,0,0.48295044898986816,0.00129021517932415,0.17380516231060028,0.34195417165756226
6044,0,3,0.17996478080749512,0.0011777535546571016,0.005554567091166973,0.8133028149604797
6045,0,0,0.9902626276016235,8.33200647321064e-06,0.0006355665973387659,0.009093462489545345
6046,0,0,0.9973753690719604,6.763435521861538e-05,0.002432132139801979,0.0001249150518560782
6047,0,0,0.9998506307601929,1.99161240743706e-05,2.31014328164747e-05,0.00010633127385517582
6048,0,0,0.9999915361404419,9.83128416010004e-07,3.649927293736255e-06,3.841428224404808e-06
6049,2,2,0.007262213155627251,0.0001355722633888945,0.5535337924957275,0.43906843662261963
6050,2,2,0.0049802944995462894,0.000660009915009141,0.8726305365562439,0.12172915041446686
6051,2,2,0.005524396896362305,1.9945298845414072e-05,0.9838904738426208,0.010565135627985
6052,1,1,0.001678716973401606,0.9910038709640503,0.00020044922712258995,0.007116885390132666
6053,2,2,4.772780084749684e-05,3.8733451219741255e-06,0.9997945427894592,0.00015396457456517965
6054,2,2,0.0017131839413195848,0.000551487784832716,0.995229959487915,0.002505349228158593
6055,3,3,0.00013333250535652041,2.740826857916545e-06,0.23688942193984985,0.7629745006561279
6056,1,1,0.0007147449068725109,0.9992619156837463,1.8003813238465227e-05,5.354600943974219e-06
6057,1,1,0.030405975878238678,0.966277539730072,0.0010269243502989411,0.0022896307054907084
6058,0,2,0.14216241240501404,0.003665737109258771,0.8451913595199585,0.008980524726212025
6059,3,3,8.426084241364151e-05,9.299198211465409e-08,0.009560578502714634,0.9903550148010254
6060,1,1,0.0012596994638442993,0.9982354640960693,0.00031864180346019566,0.0001862913923105225
6061,0,0,0.9998283386230469,1.2947859886480728e-06,1.174937733594561e-05,0.00015859692939557135
6062,3,3,4.762418484460795e-06,1.1328419532219414e-05,0.009760528802871704,0.9902233481407166
6063,3,3,0.08797343820333481,0.004393901210278273,0.07401319593191147,0.8336194753646851
6064,2,2,0.1780456006526947,0.22129526734352112,0.573772132396698,0.02688700519502163
6065,0,0,0.9373255372047424,0.004249571356922388,0.036122217774391174,0.02230270579457283
6066,2,2,1.96671699086437e-05,7.000877388918525e-08,0.9998687505722046,0.00011152787919854745
6067,2,2,0.44459182024002075,0.0062345219776034355,0.5216597318649292,0.027513939887285233
6068,3,2,0.018404917791485786,8.241438627010211e-05,0.9692294001579285,0.012283234857022762
6069,2,2,0.008310118690133095,2.612109346955549e-05,0.9914379715919495,0.0002258397580590099
6070,2,2,0.007689035031944513,1.894362867460586e-05,0.9883567690849304,0.003935304936021566
6071,3,3,0.05446108803153038,0.005243058316409588,0.004052994307130575,0.9362428784370422
6072,2,0,0.5308676362037659,0.04422690346837044,0.3881796896457672,0.036725811660289764
6073,1,1,4.942919622408226e-05,0.9994681477546692,0.00032879263744689524,0.0001537217031000182
6074,2,2,0.022211231291294098,9.347651939606294e-05,0.976305365562439,0.0013899769401177764
6075,0,0,0.9999998807907104,4.758653560088533e-08,4.348000626208659e-09,4.742443238114902e-08
6076,1,1,0.0016364274779334664,0.9983634352684021,1.7274312824611116e-07,1.5763029992399424e-08
6077,1,1,5.440812742563139e-07,0.9999946355819702,7.130217909434577e-07,4.061914296471514e-06
6078,3,3,9.379238326800987e-05,4.175184642463137e-08,0.022161904722452164,0.9777442812919617
6079,2,2,0.0006389915361069143,0.00025921210180968046,0.9722235202789307,0.02687837928533554
6080,3,3,0.0009967481018975377,0.00011673809785861522,0.023213742300868034,0.9756727814674377
6081,3,3,0.0008914425270631909,0.007509040180593729,0.15012267231941223,0.8414768576622009
6082,3,2,0.0007997044594958425,1.7533724530949257e-05,0.5438550114631653,0.45532771944999695
6083,2,2,0.0008262196788564324,3.523268969729543e-05,0.9649299383163452,0.03420860692858696
6084,2,3,1.8786728332997882e-06,3.8076130692843435e-08,0.02364635467529297,0.9763517379760742
6085,3,3,2.6209367206320167e-05,0.00045602270984090865,0.013069352135062218,0.986448347568512
6086,3,3,0.007297375705093145,0.0002773342130240053,0.06162653863430023,0.9307987689971924
6087,1,1,0.00010135653428733349,0.9997461438179016,7.151863974286243e-05,8.094506483757868e-05
6088,3,3,0.00572943827137351,5.551972662942717e-06,0.2272924929857254,0.7669724822044373
6089,0,1,0.0878867506980896,0.9116928577423096,0.00017735235451254994,0.00024305128317791969
6090,1,1,2.8443433620850556e-05,0.9998893737792969,2.8780748834833503e-05,5.342959411791526e-05
6091,2,2,0.015503187663853168,0.00023811121354810894,0.8882755637168884,0.09598317742347717
6092,1,1,0.004474057350307703,0.9954507946968079,4.9970367399509996e-05,2.5180988814099692e-05
6093,0,1,0.16148999333381653,0.8369290232658386,0.0005406173295341432,0.001040362287312746
6094,3,3,0.0022858537267893553,1.3301698345458135e-05,0.0690903291106224,0.9286105632781982
6095,3,3,0.009350521489977837,0.0002791790757328272,0.005724095739424229,0.9846462607383728
6096,2,2,0.0020417235791683197,7.699932757532224e-05,0.9933845400810242,0.004496821202337742
6097,3,3,0.002111588604748249,1.478660760767525e-05,0.10064700990915298,0.8972266316413879
6098,0,0,0.9956062436103821,0.00022244984575081617,6.606656825169921e-05,0.004105213563889265
6099,0,0,0.8821516036987305,0.002189947059378028,0.08182014524936676,0.03383835032582283
6100,2,3,0.3036101162433624,6.501773896161467e-06,0.01322987675666809,0.683153510093689
6101,2,2,3.911974999937229e-06,2.158352072001435e-05,0.9862059950828552,0.013768492266535759
6102,1,1,0.002805359661579132,0.9957633018493652,0.0009869503555819392,0.00044430713751353323
6103,2,2,0.0011172163067385554,5.552905349759385e-06,0.940777063369751,0.05810021236538887
6104,2,0,0.8782315850257874,4.496364169881417e-07,0.12138009816408157,0.00038782201590947807
6105,2,2,0.0002543678565416485,0.0006549181416630745,0.7134392857551575,0.2856513559818268
6106,1,1,1.3861182196706068e-05,0.9999725818634033,7.723993803665508e-06,5.899862571823178e-06
6107,0,0,0.9999998807907104,2.1185451171135128e-09,2.0722854543464564e-09,1.1110640230072022e-07
6108,0,0,0.6221495866775513,0.0013086908729746938,0.32238858938217163,0.05415315181016922
6109,2,2,0.011322290636599064,3.1033945560920984e-05,0.9885375499725342,0.00010909300181083381
6110,3,2,0.07200901955366135,0.0011151899816468358,0.7455528378486633,0.18132296204566956
6111,1,1,0.0003869037900585681,0.9995110034942627,9.118546586250886e-05,1.0940852916974109e-05
6112,3,3,0.00011682046897476539,5.725281880586408e-05,0.0003786185698118061,0.9994472861289978
6113,2,2,0.027712726965546608,0.032897379249334335,0.7312511801719666,0.20813865959644318
6114,0,0,0.5786954760551453,1.3725807548325974e-05,0.00014283550262916833,0.4211478531360626
6115,3,0,0.4486027657985687,0.00034527419484220445,0.4134886562824249,0.1375633031129837
6116,2,2,0.0022360177244991064,0.00016210776811931282,0.8326811194419861,0.16492070257663727
6117,2,2,0.011169455014169216,0.00010309758363291621,0.9779011011123657,0.010826257057487965
6118,1,1,0.0007294522947631776,0.9732841849327087,0.015599345788359642,0.01038692519068718
6119,0,0,0.9921101927757263,0.0023615623358637094,0.001880419789813459,0.003647815203294158
6120,0,0,0.9998244643211365,1.949665744405138e-07,1.8037490008282475e-06,0.00017362060316372663
6121,1,1,1.1650176929833833e-05,0.9999716281890869,1.1994136912107933e-05,4.826863914786372e-06
6122,2,2,0.0004192753112874925,3.7116111343493685e-05,0.9985462427139282,0.0009974515996873379
6123,0,0,0.9970883727073669,0.002044457709416747,0.0005310731357894838,0.0003361716808285564
6124,2,2,0.000403924030251801,0.0002269690448883921,0.9984625577926636,0.0009065394988283515
6125,3,3,0.0006181942299008369,0.0004127665306441486,0.00970814935863018,0.9892609119415283
6126,3,3,0.0014624913455918431,2.4554869014536962e-05,0.2829539477825165,0.7155589461326599
6127,1,1,0.008645824156701565,0.9844896793365479,0.005206624045968056,0.0016579754883423448
6128,1,1,0.001926569500938058,0.9919770359992981,0.0007205668953247368,0.005375902634114027
6129,3,3,0.00016623274132143706,2.5195429770974442e-05,0.0035437513142824173,0.9962648749351501
6130,0,0,0.7499967217445374,0.052540142089128494,0.0022876460570842028,0.19517557322978973
6131,2,2,0.034812603145837784,0.0011026199208572507,0.9603090882301331,0.0037757118698209524
6132,3,3,2.0659592337324284e-05,9.501567888037243e-08,0.0032812238205224276,0.9966980218887329
6133,0,0,0.5230197310447693,0.027391638606786728,0.3055810034275055,0.1440075784921646
6134,0,0,0.9715516567230225,0.0012341636465862393,0.018712183460593224,0.008502067998051643
6135,1,1,1.7405964172212407e-06,0.9999982118606567,2.1390504922891296e-09,3.457333264123008e-08
6136,0,0,0.9999921321868896,1.1496200613692054e-06,6.122808372310828e-06,6.336900355563557e-07
6137,2,2,0.0005019062082283199,4.5968925405759364e-05,0.7703781723976135,0.22907394170761108
6138,2,2,0.021485604345798492,0.002591520780697465,0.6680724024772644,0.3078504204750061
6139,3,3,0.0022105311509221792,0.003963813651353121,0.06621246039867401,0.9276131391525269
6140,3,3,0.021006107330322266,1.602677184564527e-05,0.00023577212414238602,0.9787421226501465
6141,3,3,9.643489465815946e-05,1.0016724338868244e-08,0.009080775082111359,0.9908227920532227
6142,2,2,0.007546561304479837,0.0007717901025898755,0.9903547763824463,0.0013268565526232123
6143,0,0,0.9999947547912598,3.475229437555072e-09,1.6756621334934607e-07,5.160086402611341e-06
6144,3,3,0.0003174909797962755,0.0005476895021274686,0.06366592645645142,0.9354689121246338
6145,0,0,0.7698193192481995,0.16096808016300201,0.0003036778944078833,0.06890895962715149
6146,1,1,7.037224918349239e-07,0.9999960660934448,1.8973926216858672e-06,1.3186394198783091e-06
6147,1,1,0.0002634919947013259,0.9996718168258667,1.3492485777533147e-06,6.341822154354304e-05
6148,1,1,9.565510117681697e-05,0.9994786381721497,0.0002305849629919976,0.00019516711472533643
6149,0,0,0.9982388019561768,0.0007957029156386852,2.9244314646348357e-05,0.0009361986885778606
6150,0,1,0.023194927722215652,0.976735532283783,6.913618562975898e-05,4.6802591668893e-07
6151,1,1,2.6310087832825957e-06,0.9999935626983643,1.693238345978898e-06,2.18838772525487e-06
6152,1,1,0.007842718623578548,0.9909919500350952,0.00010755207040347159,0.0010577415814623237
6153,1,1,0.008208062499761581,0.9657421112060547,0.020713647827506065,0.005336231552064419
6154,3,3,1.12723428173922e-05,3.632101908124241e-08,3.1005936762085184e-05,0.9999576807022095
6155,1,1,0.06462708115577698,0.8847483396530151,0.04608951136469841,0.0045350114814937115
6156,1,1,7.331759115913883e-05,0.9999265670776367,1.0841771569403136e-07,4.509422524279216e-08
6157,1,1,2.602318454592023e-05,0.9998165965080261,2.6043691832455806e-05,0.00013135108747519553
6158,0,0,0.984281599521637,0.0005419086082838476,0.0008333314908668399,0.014343176037073135
6159,0,0,0.9997081160545349,1.5962075394782005e-07,0.00010580603702692315,0.00018584718054626137
6160,0,0,0.9998021721839905,2.443127414153423e-05,1.0384558663645294e-05,0.00016303810116369277
6161,2,2,0.13400869071483612,0.0014226631028577685,0.834758460521698,0.02981012873351574
6162,1,1,0.0011889183660969138,0.9987974166870117,8.480090400553308e-06,5.158800831850385e-06
6163,1,1,0.0010897949105128646,0.9987215399742126,0.00014014825865160674,4.848213939112611e-05
6164,1,1,0.004633261356502771,0.9951643943786621,0.000197703018784523,4.58414660897688e-06
6165,2,2,0.007205103524029255,0.005778233055025339,0.9779130816459656,0.009103592485189438
6166,0,0,0.9999456405639648,4.5610141796714743e-07,4.8532256187172607e-05,5.401361249823822e-06
6167,3,3,2.044630491582211e-05,3.827406089840224e-07,1.0555564585956745e-05,0.9999686479568481
6168,3,3,0.05501195788383484,0.0014423019019886851,0.012596020475029945,0.9309498071670532
6169,2,2,0.0019158212235197425,1.2660104857786791e-06,0.9901699423789978,0.007912853732705116
6170,1,1,0.0012561315670609474,0.9986400008201599,3.802639912464656e-05,6.580782792298123e-05
6171,1,1,2.2643305328529095e-06,0.999997615814209,8.866365419635258e-09,7.361366982649997e-08
6172,1,1,4.533138508122647e-06,0.9999915361404419,2.3436630272044567e-06,1.570143581375305e-06
6173,2,2,0.0005429699667729437,1.10217979454319e-06,0.998931348323822,0.0005244763451628387
6174,1,1,1.1963664292125031e-05,0.9999827146530151,7.596025852762978e-07,4.568742951960303e-06
6175,0,0,0.5425868034362793,0.07554098218679428,0.18271048367023468,0.19916172325611115
6176,0,0,0.9978510141372681,5.110608981340192e-05,0.0002187315112678334,0.0018791891634464264
6177,0,0,0.9964386224746704,0.0020979223772883415,0.0006358043756335974,0.000827645359095186
6178,1,1,0.013710306957364082,0.9807892441749573,0.0019484153017401695,0.003551994916051626
6179,1,1,0.000316498801112175,0.9993804693222046,0.00024352212494704872,5.945350858382881e-05
6180,2,2,0.0022603431716561317,0.007027486804872751,0.6759358048439026,0.31477636098861694
6181,2,2,0.027637604624032974,0.02367403917014599,0.9353237152099609,0.013364694081246853
6182,1,1,0.03529433161020279,0.945742130279541,0.001466109766624868,0.01749744825065136
6183,2,2,0.026917031034827232,3.2525418646400794e-05,0.9696453809738159,0.0034050513058900833
6184,1,1,0.002053404925391078,0.997797966003418,4.019904008600861e-05,0.00010853803541976959
6185,2,1,0.012040545232594013,0.8082996606826782,0.14659708738327026,0.03306274861097336
6186,1,1,0.01596772111952305,0.9839624166488647,5.960519047221169e-05,1.0341315828554798e-05
6187,1,1,3.0205512302927673e-05,0.9999521970748901,1.4154689779388718e-05,3.490281869744649e-06
6188,1,1,4.231415005051531e-05,0.9998996257781982,4.209579492453486e-05,1.5980123862391338e-05
6189,0,0,0.9998830556869507,3.8855450839037076e-05,5.207716458244249e-05,2.6017965865321457e-05
6190,1,1,0.00046332291094586253,0.9943829774856567,0.0003320972609799355,0.004821565467864275
6191,0,0,0.9999454021453857,6.3650013544247486e-06,2.4958684662124142e-05,2.3319938918575644e-05
6192,2,2,1.3568951544584706e-05,1.3938728443463333e-05,0.9898354411125183,0.010136991739273071
6193,2,2,0.03213920816779137,0.00011288666428299621,0.9458779096603394,0.021869979798793793
6194,1,1,0.00016070189303718507,0.9987347722053528,0.0001939499779837206,0.0009106135694310069
6195,1,1,0.0005023481207899749,0.9664281606674194,0.000483282667119056,0.03258628770709038
6196,2,2,0.07904212921857834,0.023750383406877518,0.744958758354187,0.15224869549274445
6197,0,0,0.9992365837097168,1.7736210793373175e-05,0.00020770833361893892,0.0005379358190111816
6198,1,1,0.1363515555858612,0.857046365737915,0.005596769507974386,0.0010053084697574377
6199,1,1,7.233896030811593e-05,0.9998984336853027,4.722378434962593e-07,2.877788028854411e-05
6200,3,3,1.680563946138136e-05,3.425676914048381e-05,0.001064781448803842,0.9988841414451599
6201,1,1,0.031079823151230812,0.9575193524360657,0.005863528698682785,0.005537280347198248
6202,0,0,0.9457033276557922,7.622989414812764e-06,0.013884701766073704,0.040404241532087326
6203,2,2,0.0037511689588427544,0.005419844761490822,0.9895765781402588,0.001252309768460691
6204,0,0,0.9745896458625793,0.0011891458416357636,0.02230079472064972,0.0019203760894015431
6205,0,0,0.8860501646995544,7.562210521427915e-05,0.1083841323852539,0.0054901475086808205
6206,0,0,0.9949193596839905,0.0002250482648378238,0.0028968455735594034,0.0019586358685046434
6207,2,2,0.0013399660820141435,3.283669866505079e-05,0.8637791275978088,0.13484808802604675
6208,2,3,5.557676558964886e-05,4.6361520844584447e-07,0.36423102021217346,0.6357129216194153
6209,1,1,0.009866139851510525,0.9895025491714478,0.00011529774201335385,0.0005159742431715131
6210,0,0,0.9797184467315674,0.0027186034712940454,0.01737123169004917,0.00019175553461536765
6211,0,0,0.9999959468841553,5.465261665449361e-07,9.995246728067286e-07,2.5074068616959266e-06
6212,0,0,0.9969333410263062,7.917437869764399e-07,0.0027550121303647757,0.00031083429348655045
6213,0,0,0.9999998807907104,5.055818430577119e-09,6.90236978684311e-09,1.3447339597405517e-07
6214,1,1,5.365862307371572e-06,0.9999940395355225,1.542283661892796e-10,6.162957788546919e-07
6215,0,0,0.9920921921730042,1.096732376026921e-05,0.0024311940651386976,0.005465550813823938
6216,2,2,0.3163457214832306,0.00047654673107899725,0.6719204187393188,0.011257325299084187
6217,1,1,9.95576920104213e-05,0.9998893737792969,5.54500775251654e-06,5.516120381798828e-06
6218,0,0,0.5149320363998413,0.39516425132751465,0.04982922598719597,0.040074508637189865
6219,3,3,0.00023358243925031275,0.00018707475101109594,0.020630761981010437,0.9789485335350037
6220,3,3,0.0006918053841218352,0.0003040985611733049,0.09892896562814713,0.9000751972198486
6221,0,0,0.920628547668457,0.00013837110600434244,0.07277921587228775,0.006453879177570343
6222,2,3,0.02670162171125412,0.0037191291339695454,0.28405532240867615,0.6855239272117615
6223,1,1,9.40692043513991e-05,0.9998958110809326,8.53758683660999e-06,1.5523417005169904e-06
6224,2,2,0.0006808664184063673,1.838680327637121e-05,0.9992114305496216,8.929512114264071e-05
6225,1,1,0.004083631560206413,0.9941890239715576,0.0007256732205860317,0.0010017079766839743
6226,2,3,0.0011076753726229072,5.762771706940839e-06,0.024287763983011246,0.9745987057685852
6227,1,1,0.0001531510060885921,0.9997215867042542,9.52654518187046e-05,2.997571755258832e-05
6228,0,0,0.9982656836509705,2.2028840248822235e-05,0.0005091530620120466,0.0012031297665089369
6229,2,2,0.07958956062793732,0.0017722096526995301,0.8271616101264954,0.09147659689188004
6230,2,2,3.632699736044742e-05,1.9357516123363894e-07,0.9997021555900574,0.00026121511473320425
6231,3,3,1.4352063715250551e-07,4.794745933622835e-09,4.3227100832154974e-06,0.9999955892562866
6232,1,1,0.005355784669518471,0.9843884706497192,0.00987235177308321,0.0003834242816083133
6233,0,0,0.9999855756759644,1.191944321021765e-07,1.1326845879011671e-06,1.3079879863653332e-05
6234,2,3,0.07957375049591064,0.00018660989007912576,0.41976550221443176,0.5004741549491882
6235,2,2,9.909998880175408e-06,3.0334323497527294e-08,0.9999042749404907,8.583479939261451e-05
6236,1,1,0.02470243349671364,0.9655957221984863,0.009001637808978558,0.0007001659250818193
6237,1,1,0.0004632471245713532,0.999466598033905,4.8202709876932204e-05,2.190721897932235e-05
6238,0,0,0.9935304522514343,9.084893827093765e-05,0.0036016313824802637,0.002777096116915345
6239,0,0,1.0,7.39262762117221e-10,2.4219064531649792e-09,4.636457262563454e-08
6240,3,3,4.6515604481101036e-05,4.424433939220762e-07,0.23535235226154327,0.7646006345748901
6241,2,3,0.004495682194828987,0.000404280232032761,0.38181033730506897,0.6132896542549133
6242,2,2,0.0008040220127440989,2.298126491950825e-05,0.9988445043563843,0.0003284913254901767
6243,2,2,0.0011637459974735975,1.7044662570242508e-07,0.9988095760345459,2.648480403877329e-05
6244,2,2,0.028263550251722336,0.019696613773703575,0.9295592904090881,0.022480590268969536
6245,2,2,0.006506253033876419,8.9792360085994e-05,0.9928044676780701,0.000599485298153013
6246,3,3,6.313577993743991e-10,3.7159597621183593e-10,9.615775979909813e-07,0.9999990463256836
6247,3,2,0.0006482840399257839,2.6270177841070108e-05,0.9892399311065674,0.010085579939186573
6248,2,2,0.012540668249130249,0.024632826447486877,0.9280546307563782,0.034771908074617386
6249,2,2,2.539584784244653e-05,9.019921094477468e-07,0.9998237490653992,0.00014995623496361077
6250,3,3,6.242207018658519e-05,0.00010727524932008237,0.0005735519807785749,0.9992566704750061
6251,0,0,0.9976775050163269,0.00021976350399199873,0.00030454801162704825,0.0017981920391321182
6252,0,0,0.9984196424484253,8.524571271095738e-09,0.001065496471710503,0.0005148865166120231
6253,0,0,0.9998944997787476,1.5452351362910122e-06,9.246832632925361e-05,1.1436398381192703e-05
6254,0,0,0.9993392825126648,5.7718847529031336e-05,8.273636012745555e-06,0.0005947824683971703
6255,0,0,0.9998819828033447,5.835291449329816e-05,1.9807925127679482e-05,3.9906670281197876e-05
6256,2,2,0.031818706542253494,0.0006223752279765904,0.963272750377655,0.004286204464733601
6257,1,1,0.053891733288764954,0.810459315776825,0.13382485508918762,0.00182407780084759
6258,2,2,0.0012089068768545985,3.100495086982846e-05,0.9925277233123779,0.006232410669326782
6259,3,3,0.001447854796424508,6.615733582293615e-05,0.10320471972227097,0.8952812552452087
6260,3,2,0.0004535352054517716,0.000346256943885237,0.8427536487579346,0.15644656121730804
6261,3,3,4.5838482947146986e-06,6.53359322200231e-09,2.2290814740699716e-06,0.9999932050704956
6262,3,2,0.0015978510491549969,8.60236250446178e-05,0.6836721301078796,0.3146439790725708
6263,0,0,0.9999923706054688,1.2638541875276132e-06,6.517112183246354e-08,6.21976960246684e-06
6264,1,1,8.348769915755838e-05,0.9997957348823547,9.026475891005248e-05,3.0501261790050194e-05
6265,2,2,0.0012924275361001492,1.1686190191539936e-05,0.993091344833374,0.005604548379778862
6266,0,2,0.18931418657302856,0.0001227649045176804,0.8009734153747559,0.009589587338268757
6267,2,1,0.005651157349348068,0.9818128347396851,0.012416900135576725,0.00011911472392966971
6268,3,3,0.00013849438983015716,2.2071098726428318e-08,1.671307018114021e-06,0.9998598098754883
6269,3,3,3.646952609415166e-05,6.215432676981436e-06,0.0048655010759830475,0.9950917959213257
6270,1,1,0.0010210347827523947,0.9988319277763367,2.922321755249868e-06,0.00014410953735932708
6271,2,2,0.005998655688017607,0.00011015647032763809,0.8900052309036255,0.10388601571321487
6272,2,2,5.29166245542001e-05,3.009770580320037e-06,0.9998199343681335,0.0001242187718162313
6273,2,2,5.746005263063125e-05,5.483522272697883e-06,0.9816846251487732,0.018252452835440636
6274,3,3,0.024852892383933067,0.04098018258810043,0.09644012153148651,0.8377267718315125
6275,3,3,7.358636139542796e-06,3.098446939020505e-07,0.00016449461691081524,0.9998277425765991
6276,2,3,0.0002069943875540048,1.7687414128886303e-06,0.060800306499004364,0.9389909505844116
6277,1,1,9.665952529758215e-05,0.9998859167098999,8.79677557463765e-08,1.7333024516119622e-05
6278,3,2,0.0003855526156257838,5.5492870160378516e-05,0.8452636003494263,0.154295414686203
6279,1,1,3.5091145491605857e-06,0.9999957084655762,3.801905847922171e-07,3.595496025354805e-07
6280,3,3,0.001367043936625123,1.0468996151757892e-05,0.14052698016166687,0.8580955266952515
6281,0,0,0.8579214215278625,0.002219324465841055,0.04432380199432373,0.09553546458482742
6282,3,3,9.912438144965563e-06,3.1061770044971126e-08,0.19851800799369812,0.8014720678329468
6283,2,2,0.0018417533719912171,0.0018750336021184921,0.9767040014266968,0.019579244777560234
6284,2,2,0.02478649653494358,0.0005947207100689411,0.9741836786270142,0.00043508809176273644
6285,2,2,0.006125386338680983,0.0034781829454004765,0.9754229187965393,0.014973566867411137
6286,0,0,0.9996249675750732,0.00017965282313525677,9.14472111617215e-05,0.00010391083924332634
6287,3,3,0.0036714491434395313,1.1272946949247853e-06,8.42879235278815e-05,0.9962432384490967
6288,3,3,0.005019454751163721,8.241280011134222e-05,0.006724993232637644,0.9881730675697327
6289,1,1,2.6532622996455757e-06,0.9999953508377075,1.6568812952755252e-06,2.9902966502959316e-07
6290,2,2,1.8995786376763135e-05,1.932616032718215e-05,0.9999443292617798,1.7434022083762102e-05
6291,2,2,0.0033279447816312313,0.020151332020759583,0.9721716046333313,0.004349126480519772
6292,0,0,0.9255065321922302,2.6879601477958204e-07,0.07447473704814911,1.8461470972397365e-05
6293,2,3,0.045356813818216324,0.008423909544944763,0.38742396235466003,0.5587953329086304
6294,3,3,1.1194160265404207e-08,2.051464331742636e-09,1.99291534954682e-05,0.999980092048645
6295,1,1,0.000424304511398077,0.9986631870269775,0.0002827787830028683,0.0006297611980699003
6296,2,2,5.784758468507789e-05,3.5364198538445635e-06,0.9998942613601685,4.433560388861224e-05
6297,3,3,9.56811254582135e-06,1.488061656118589e-07,0.002259552478790283,0.9977307915687561
6298,1,1,0.1643058955669403,0.8344234824180603,0.001110430690459907,0.00016012656851671636
6299,3,3,0.06599652022123337,0.0010431759292259812,0.12873953580856323,0.8042207360267639
6300,2,2,5.01950080433744e-06,8.040106536100211e-07,0.9997023940086365,0.00029173053917475045
6301,1,1,0.00017106509767472744,0.9932056665420532,0.0050886101089417934,0.0015347065636888146
6302,1,1,0.00017847822164185345,0.9975942969322205,0.000841763976495713,0.0013854260323569179
6303,1,1,0.00048532107030041516,0.9969198703765869,0.0003186491085216403,0.0022761677391827106
6304,1,1,6.634370947722346e-05,0.9999305009841919,2.2464107587438775e-06,9.180507731798571e-07
6305,0,0,1.0,2.5356939659104683e-08,3.3576073033003695e-09,3.088251787630725e-08
6306,3,3,0.0002817376225721091,7.943986020109151e-07,0.00010017921158578247,0.9996172189712524
6307,1,1,4.4748676373274066e-06,0.9999942779541016,8.309206691592408e-07,3.2995652077261184e-07
6308,0,0,0.9839657545089722,0.00012511802196968347,0.0009175308514386415,0.014991641975939274
6309,3,3,0.02770882286131382,0.03971724957227707,0.006262178998440504,0.9263117909431458
6310,2,2,0.008256230503320694,0.00016759200661908835,0.9749543070793152,0.016621993854641914
6311,3,3,0.13138587772846222,0.006333021447062492,0.0004471058782655746,0.8618340492248535
6312,3,3,0.00534898741170764,0.00038882915396243334,8.04308510851115e-05,0.9941816926002502
6313,3,2,0.0013224018039181828,6.575655424967408e-05,0.52668696641922,0.4719248116016388
6314,3,3,3.187383015301748e-07,3.590411878917621e-08,2.6117080778931268e-05,0.9999735355377197
6315,3,3,0.0003462331951595843,3.2102562386171485e-07,0.13454486429691315,0.8651086091995239
6316,0,0,0.9999423027038574,1.9610102697242837e-07,6.80862558510853e-06,5.0671849749051034e-05
6317,3,3,0.02529148943722248,0.003952446393668652,0.001831953413784504,0.9689241647720337
6318,3,3,0.10505850613117218,0.0011840162333101034,0.005290392320603132,0.8884671330451965
6319,1,1,0.053676214069128036,0.6247397065162659,0.08947523683309555,0.23210887610912323
6320,3,2,0.0003880303120240569,1.6296431567752734e-05,0.7811694145202637,0.21842627227306366
6321,0,0,0.9999985694885254,3.032862139207282e-08,5.860645728716918e-07,8.374205435757176e-07
6322,3,3,7.316832579817856e-06,8.566028100176482e-07,0.0024781685788184404,0.9975136518478394
6323,3,3,0.013922996819019318,0.00015513385005760938,0.05914929136633873,0.9267725944519043
6324,0,0,0.9954391121864319,0.003441775916144252,0.001058048801496625,6.113684503361583e-05
6325,3,3,0.17953035235404968,0.018581442534923553,0.051914282143116,0.7499738931655884
6326,1,1,1.3230746844783425e-05,0.9999849796295166,8.871506906871218e-07,9.850317610471393e-07
6327,0,2,0.035233285278081894,1.006449747364968e-05,0.5190327167510986,0.4457239806652069
6328,1,1,0.002261699875816703,0.8897284269332886,0.04740092158317566,0.060608942061662674
6329,1,1,0.001156875747255981,0.9972202777862549,0.0012301401002332568,0.0003926027857232839
6330,1,1,0.0006365871522575617,0.9991163611412048,6.48307177470997e-05,0.00018220723723061383
6331,1,1,0.021632496267557144,0.9772511720657349,0.0006304822163656354,0.00048579793656244874
6332,0,0,0.9989883303642273,5.882504410692491e-06,0.0006687979912385345,0.00033698719926178455
6333,1,1,5.73525539948605e-05,0.9998563528060913,2.8038226446369663e-05,5.827384302392602e-05
6334,0,0,0.9989635944366455,7.654350156371947e-06,8.01907735876739e-05,0.0009485800401307642
6335,2,2,0.012131673283874989,0.0040061562322080135,0.9183626174926758,0.06549963355064392
6336,2,2,0.00026986817829310894,2.6329949832870625e-05,0.8589519262313843,0.14075177907943726
6337,0,0,0.9994823932647705,3.3927781259990297e-06,0.0003119784814771265,0.00020227061759214848
6338,0,0,0.7091647386550903,0.0007260633283294737,0.06363031268119812,0.22647890448570251
6339,0,0,0.9541419744491577,0.0009307721629738808,1.593459273863118e-05,0.044911354780197144
6340,1,1,9.90877379081212e-05,0.9983205199241638,0.0005503391148522496,0.0010300267022103071
6341,0,0,0.9999001026153564,1.3604378182208166e-05,2.267051604576409e-05,6.363708234857768e-05
6342,2,2,0.021935949102044106,0.002625093562528491,0.8641434907913208,0.1112954393029213
6343,0,0,0.9995430707931519,0.00021036578982602805,1.9038214986721869e-06,0.000244650524109602
6344,3,3,0.019994186237454414,9.008130291476846e-06,0.4484565258026123,0.5315403342247009
6345,2,2,0.0028295344673097134,0.00408136798068881,0.8020164966583252,0.19107267260551453
6346,3,3,0.003116310341283679,1.6010301351343514e-07,0.0003041299059987068,0.9965794682502747
6347,2,2,0.029685093089938164,0.00014555251982528716,0.9467428922653198,0.023426396772265434
6348,2,2,0.026630599051713943,0.0015081436140462756,0.8804868459701538,0.09137442708015442
6349,2,2,0.03781864047050476,0.0031053097918629646,0.9273741245269775,0.031701963394880295
6350,3,3,1.5645828170818277e-05,8.729662681616901e-07,0.011990669183433056,0.9879928827285767
6351,3,3,0.00018713549070525914,7.352619377343217e-06,0.03683957830071449,0.9629659056663513
6352,0,0,0.9997476935386658,4.57313763035927e-05,0.00016024321666918695,4.626695590559393e-05
6353,0,0,0.998776376247406,0.00010113410098711029,0.0010193592170253396,0.00010321567970095202
6354,2,2,0.003391601610928774,3.3232263376703486e-05,0.5521436333656311,0.44443148374557495
6355,3,3,0.0011712387204170227,0.00016684237925801426,0.0038463533855974674,0.9948155283927917
6356,1,1,0.19171318411827087,0.801461398601532,3.7676727515645325e-06,0.006821715272963047
6357,2,2,9.963486809283495e-05,2.8841704988735728e-05,0.9813023209571838,0.018569139763712883
6358,1,1,0.00012690418225247413,0.9998513460159302,1.8614709915709682e-05,3.1368554118671454e-06
6359,2,2,0.05819138512015343,0.009786753915250301,0.9149476885795593,0.017074143514037132
6360,1,1,1.7860788830148522e-06,0.999995231628418,1.3468511497194413e-06,1.6105252598208608e-06
6361,0,0,0.9971261620521545,9.4595379778184e-06,0.000657084456179291,0.0022073336876928806
6362,2,2,0.015953702852129936,0.010889328084886074,0.5168240666389465,0.45633286237716675
6363,2,2,0.00384791218675673,0.0006321878754533827,0.9524574279785156,0.0430624783039093
6364,2,2,0.0025117204058915377,0.0002088045293930918,0.8648952841758728,0.13238418102264404
6365,3,3,0.0016516882460564375,0.0024287544656544924,0.01437249593436718,0.9815469980239868
6366,1,1,0.00031241890974342823,0.9989148378372192,0.0006293422193266451,0.00014336300955619663
6367,1,1,0.0005981699796393514,0.9990253448486328,2.8971711799385957e-05,0.0003475695557426661
6368,3,3,3.034308429050725e-05,0.001432780409231782,0.0023074690252542496,0.996229350566864
6369,2,3,0.08619428426027298,0.07593101263046265,0.35198312997817993,0.4858916401863098
6370,3,3,2.3741915356367826e-05,1.1360743883415125e-06,0.0017384982202202082,0.9982365369796753
6371,3,3,0.0006033942918293178,0.022619172930717468,0.018848195672035217,0.9579291939735413
6372,3,3,0.010955565609037876,0.009261710569262505,0.1980361044406891,0.7817465662956238
6373,2,2,0.049359239637851715,5.964122465229593e-05,0.9429565072059631,0.007624675519764423
6374,1,1,0.24409039318561554,0.7424017190933228,0.003999899607151747,0.009507940150797367
6375,1,1,0.010232754983007908,0.9897403717041016,9.16556382435374e-06,1.7642370949033648e-05
6376,1,1,0.00022207428992260247,0.9994745850563049,8.926430018618703e-05,0.0002140720607712865
6377,0,0,0.9996850490570068,0.0001494222815381363,3.4384675018372945e-06,0.000162072159582749
6378,2,2,0.0005598922725766897,1.5305346323657432e-07,0.9916821122169495,0.007757903542369604
6379,2,2,0.13948068022727966,6.92862931828131e-06,0.7392554879188538,0.12125689536333084
6380,2,0,0.6902931332588196,0.0006668849964626133,0.2627144753932953,0.046325430274009705
6381,2,2,0.004389151930809021,0.00028201116947457194,0.7703477144241333,0.2249811291694641
6382,2,2,0.025482559576630592,0.0007125840638764203,0.7586066126823425,0.21519823372364044
6383,0,0,0.9998903274536133,2.3822844923415687e-06,9.568432687956374e-06,9.776214574230835e-05
6384,0,0,1.0,8.908790148458561e-15,4.5761016503886864e-11,1.3261084452764749e-09
6385,2,2,0.0040725227445364,0.0004720237338915467,0.972388744354248,0.023066697642207146
6386,0,0,0.9881987571716309,0.0023059032391756773,0.000649795460049063,0.008845510892570019
6387,1,1,0.0005402857204899192,0.9993758797645569,1.3444190699374303e-05,7.035148883005604e-05
6388,3,3,1.0266281833537505e-06,4.858555779918561e-10,6.052986464055721e-06,0.9999929666519165
6389,3,3,4.548319942898615e-09,2.2482750036689758e-11,3.232404139907885e-07,0.9999996423721313
6390,1,1,8.016607898753136e-05,0.9999196529388428,1.549901611497262e-07,2.7136493940815853e-08
6391,3,3,0.027933135628700256,0.02538137510418892,0.14991363883018494,0.7967718839645386
6392,0,0,0.9981563687324524,3.968521559727378e-05,0.0005306071834638715,0.0012733169132843614
6393,3,3,0.03588341176509857,0.001427938463166356,0.04137649014592171,0.9213122725486755
6394,0,0,0.9999638795852661,4.530087153398199e-06,3.961644779337803e-06,2.7705722459359095e-05
6395,1,1,0.00016988419520203024,0.9998137354850769,8.715685908100568e-06,7.794025805196725e-06
6396,1,1,0.006614204961806536,0.9918370842933655,0.0004244478477630764,0.0011242785258218646
6397,2,2,0.0014215746195986867,0.001682346104644239,0.9724521040916443,0.024443963542580605
6398,2,2,0.23519323766231537,1.0575482747299247e-06,0.7640377879142761,0.0007678606198169291
6399,1,1,0.0020918685477226973,0.9978981018066406,8.438700206170324e-06,1.5196216054391698e-06
6400,3,3,0.0015606115339323878,0.014624519273638725,0.004323112312704325,0.9794917106628418
6401,0,0,0.9992254972457886,1.2585777767526451e-05,0.0003558255557436496,0.00040609025745652616
6402,1,1,0.06500298529863358,0.9138898849487305,0.0011364634847268462,0.019970666617155075
6403,0,0,1.0,2.6297858335411206e-10,4.11223588514531e-08,3.544610649441893e-08
6404,1,1,0.00660978676751256,0.992064893245697,0.00013192651385907084,0.0011933855712413788
6405,1,0,0.5546808242797852,0.2790731191635132,0.15696963667869568,0.009276416152715683
6406,2,2,0.006226980127394199,1.569223968544975e-05,0.9863302111625671,0.007427130360156298
6407,1,1,4.374619948066538e-06,0.9999954700469971,2.077984717629988e-08,1.267667357751634e-07
6408,1,1,4.053747943544295e-06,0.9999524354934692,3.1787117222847883e-06,4.031766366097145e-05
6409,1,1,6.694041076116264e-05,0.9999169111251831,1.02882740975474e-05,5.809073627460748e-06
6410,3,3,0.044061340391635895,0.013603154569864273,0.020015640184283257,0.9223198890686035
6411,1,1,0.007303023245185614,0.9879398345947266,1.566850369272288e-05,0.004741441458463669
6412,0,0,0.9922919869422913,7.348868962253619e-07,3.369531623320654e-05,0.007673594634979963
6413,0,0,0.9999783039093018,7.055553510326718e-07,1.5653809896321036e-05,5.32494004801265e-06
6414,0,0,0.9657045602798462,0.0016646204749122262,0.020381826907396317,0.012249059975147247
6415,2,2,0.036519695073366165,5.839992081746459e-05,0.9598082304000854,0.0036135781556367874
6416,0,0,0.9999475479125977,9.746754159323245e-08,8.357905244338326e-06,4.395086216391064e-05
6417,0,0,0.9999403953552246,3.8723886319758094e-08,3.7032703403383493e-05,2.2532853108714335e-05
6418,0,0,0.9999644756317139,1.1174974133609794e-05,3.5848231618729187e-06,2.0830306311836466e-05
6419,1,1,3.403817345315474e-06,0.999996542930603,9.873172501784211e-09,7.939523705147167e-09
6420,0,0,0.9871734380722046,0.0033121760934591293,0.005751781165599823,0.003762594424188137
6421,1,1,0.002921969862654805,0.9905232787132263,0.006140830460935831,0.00041391231934539974
6422,1,1,0.007555512711405754,0.988010585308075,0.0026183205191046,0.0018155864672735333
6423,1,2,0.0372324213385582,0.369899719953537,0.5563362836837769,0.03653156757354736
6424,1,1,0.025668762624263763,0.6149592399597168,0.34662556648254395,0.012746461667120457
6425,1,1,0.0004357218276709318,0.9975317716598511,0.001995684811845422,3.679200017359108e-05
6426,1,1,0.02075188234448433,0.9502440094947815,0.010544143617153168,0.018460044637322426
6427,2,2,0.0030146976932883263,0.11537432670593262,0.6941570043563843,0.18745405972003937
6428,1,1,0.0005402849055826664,0.999207079410553,0.00019872889970429242,5.397153290687129e-05
6429,0,0,0.9765790700912476,0.008507822640240192,0.0014893515035510063,0.01342379953712225
6430,0,0,0.999685525894165,5.106523531139828e-06,0.0003018506395164877,7.538126737927087e-06
6431,1,1,0.00030124661861918867,0.9989780187606812,0.000536327192094177,0.00018448497576173395
6432,0,0,0.9992280006408691,0.00043514935532584786,5.352129619495827e-07,0.00033642095513641834
6433,1,1,6.154585463491458e-08,0.9999998807907104,1.2021620678093203e-12,6.071287916853407e-09
6434,0,0,0.9999992847442627,3.3872016302893826e-08,5.107578431307047e-07,2.547828330534685e-07
6435,2,2,0.033946964889764786,8.751446785026928e-07,0.9655620455741882,0.0004901387146674097
6436,3,3,1.09265226910793e-06,2.2636979792878265e-06,0.013470650650560856,0.9865259528160095
6437,2,2,0.0003148987016174942,2.3635325305804145e-06,0.999578058719635,0.0001046753823175095
6438,2,1,0.14147904515266418,0.7291274070739746,0.046798206865787506,0.08259531110525131
6439,2,2,0.0030235254671424627,9.042229794431478e-05,0.9229300618171692,0.07395601272583008
6440,3,3,0.00048238562885671854,0.0002460184332448989,0.04206423833966255,0.9572073221206665
6441,0,0,0.9999728202819824,2.9345542316150386e-06,5.235845037532272e-06,1.9041435734834522e-05
6442,2,2,0.0015038346173241735,4.443591024028137e-05,0.9975679516792297,0.0008837612112984061
6443,0,0,0.9999107122421265,1.1015287100235582e-06,2.284945730934851e-05,6.53225724818185e-05
6444,1,1,0.0016972586745396256,0.9981861710548401,2.9719431040575728e-05,8.683100168127567e-05
6445,2,2,0.008812393061816692,1.0946034308290109e-05,0.9907728433609009,0.00040389574132859707
6446,3,3,0.0393446683883667,0.029368992894887924,0.3002763092517853,0.6310099959373474
6447,0,0,0.8229446411132812,0.0049804821610450745,0.09063410758972168,0.0814407542347908
6448,0,0,0.9987207055091858,0.00021771417232230306,0.0009106281795538962,0.00015094403352122754
6449,0,0,0.8943691849708557,0.00033739503123797476,0.06277870386838913,0.042514681816101074
6450,3,3,0.002021012594923377,3.0057537514949217e-05,0.030250297859311104,0.9676985144615173
6451,0,0,0.9998579025268555,4.694959443440894e-06,1.2582614544953685e-05,0.00012480345321819186
6452,1,1,3.412550995562924e-06,0.9999955892562866,2.7880878405994736e-07,6.625014634664694e-07
6453,3,3,0.00011388388520572335,5.775887984782457e-06,0.03165537118911743,0.9682249426841736
6454,2,2,0.045653779059648514,0.004718240350484848,0.9018339514732361,0.04779399558901787
6455,1,1,0.012236527167260647,0.9783411622047424,0.006136646959930658,0.003285742597654462
6456,0,0,0.9997004270553589,0.00019074438023380935,3.2047675631474704e-05,7.675954839214683e-05
6457,2,2,0.004829482641071081,1.678782791714184e-05,0.9405304193496704,0.05462327226996422
6458,2,2,0.006090396549552679,4.847338277613744e-05,0.9937787652015686,8.236546273110434e-05
6459,1,1,3.6960642546546296e-07,0.9999781847000122,2.1069261492812075e-05,3.5596335123955214e-07
6460,2,2,0.0012122858315706253,3.584755540941842e-05,0.9855556488037109,0.013196262530982494
6461,2,2,0.1160239726305008,0.0009889121865853667,0.8373391032218933,0.0456480011343956
6462,2,3,0.04301685094833374,0.041361305862665176,0.3838250935077667,0.5317967534065247
6463,3,3,4.418115349835716e-05,6.333886994980276e-05,0.02073701098561287,0.9791554808616638
6464,2,2,0.0003288625448476523,6.0083762036811095e-06,0.9972476363182068,0.002417527139186859
6465,0,0,0.5006417632102966,0.0069403559900820255,0.3580370247364044,0.13438087701797485
6466,3,3,0.00047093769535422325,1.6298587070195936e-05,0.0011184156173840165,0.9983943104743958
6467,0,0,0.7037649154663086,0.006784813012927771,0.16515681147575378,0.12429344654083252
6468,0,0,0.9980705380439758,0.0006202597287483513,0.0006445606704801321,0.0006647593108937144
6469,2,2,0.1627027988433838,0.00043135121813975275,0.8338696956634521,0.0029961972031742334
6470,1,1,0.007943890057504177,0.9909307360649109,0.00018594504217617214,0.000939515302889049
6471,1,1,0.0031299686525017023,0.9799654483795166,0.014547296799719334,0.0023573364596813917
6472,1,1,0.0006334062200039625,0.9990214109420776,0.0002596404228825122,8.554523810744286e-05
6473,0,0,0.9996440410614014,4.633817297872156e-06,1.7489352330812835e-06,0.00034951066481880844
6474,3,3,0.00012299079389777035,2.194681110267993e-05,0.008342897519469261,0.99151211977005
6475,2,2,8.45680642669322e-06,2.4647906116115337e-07,0.9999496936798096,4.1580115066608414e-05
6476,2,2,0.013693507760763168,0.0003767101152334362,0.9811699986457825,0.00475980993360281
6477,2,2,0.10478117316961288,0.0020291898399591446,0.8815168738365173,0.011672711931169033
6478,1,1,0.4627961814403534,0.5275252461433411,7.95031610323349e-06,0.009670673869550228
6479,0,0,0.8736045956611633,0.0008045040303841233,0.01734953373670578,0.10824143886566162
6480,0,0,0.9992921352386475,4.014634669147199e-06,0.0004411228292156011,0.00026276317657902837
6481,0,0,0.9996127486228943,1.2681158523264457e-06,0.00021172132983338088,0.00017420474614482373
6482,1,1,0.0045949299819767475,0.9950240254402161,0.00018086178170051426,0.0002001634711632505
6483,0,0,0.9995207786560059,8.644506306154653e-05,0.0001871593703981489,0.0002055710065178573
6484,2,2,0.004342293366789818,4.975404590368271e-05,0.9877106547355652,0.00789725873619318
6485,3,3,0.0005180388106964529,3.806243694270961e-05,0.004638088867068291,0.9948057532310486
6486,1,1,0.006139630451798439,0.9938085675239563,3.45498337992467e-05,1.7312941054115072e-05
6487,0,0,0.9915372133255005,0.00014459271915256977,0.00026683462783694267,0.008051428012549877
6488,0,0,0.9962528944015503,0.00017721431504469365,0.0012298314832150936,0.0023400592617690563
6489,0,0,0.9992042183876038,0.00011573010124266148,2.3725982828182168e-05,0.0006563901551999152
6490,1,1,0.005047288257628679,0.7379506230354309,0.2440854012966156,0.01291660312563181
6491,2,3,0.014435342513024807,0.006213870365172625,0.1156000941991806,0.8637507557868958
6492,3,3,0.0011811971198767424,0.0003248022694606334,0.00459288852289319,0.9939011335372925
6493,2,2,0.0001146224676631391,0.005262387916445732,0.8960729241371155,0.09855013340711594
6494,1,1,0.00870644673705101,0.9896285533905029,0.0009923744946718216,0.0006727313157171011
6495,1,1,0.005579215008765459,0.98830646276474,0.0037810273934155703,0.002333350945264101
6496,3,3,0.016526713967323303,0.0009399258997291327,0.000336483062710613,0.9821968078613281
6497,0,0,0.9995388984680176,2.7387206500861794e-05,0.00014423202082980424,0.00028956448659300804
6498,1,1,0.0013760409783571959,0.9984796643257141,8.406116830883548e-05,6.022822708473541e-05
6499,1,1,0.0002432812179904431,0.9997476935386658,6.9589418671967e-06,2.0632598989323014e-06
6500,3,3,0.4784674048423767,0.003912427928298712,0.024319034069776535,0.4933011531829834
6501,0,0,0.9989545345306396,0.0001632382773095742,0.0006438111304305494,0.00023841625079512596
6502,1,1,0.003195058321580291,0.9967495203018188,3.7668207369279116e-05,1.7676145944278687e-05
6503,2,2,0.015125604346394539,0.02786211483180523,0.9210721850395203,0.03593997657299042
6504,3,3,1.4140853636490647e-05,4.7634550526254316e-08,1.7582732425580616e-06,0.9999841451644897
6505,1,1,0.00015507760690525174,0.9998413324356079,2.9260336376069063e-08,3.5739162740355823e-06
6506,3,3,8.635911217425019e-05,9.63807906373404e-07,0.0006236066110432148,0.9992890357971191
6507,1,1,0.00011710422404576093,0.8457900881767273,0.0017162950243800879,0.1523764431476593
6508,2,2,0.01274685189127922,6.776108421036042e-06,0.9870427846908569,0.00020365910313557833
6509,0,0,0.6212278604507446,3.54816293111071e-05,0.35771694779396057,0.021019689738750458
6510,2,2,0.0014253156259655952,0.0502353198826313,0.9314297437667847,0.016909601166844368
6511,2,2,0.00897539034485817,0.0003699322114698589,0.9708423614501953,0.019812386482954025
6512,0,3,0.4410037100315094,0.0003181387728545815,0.025721142068505287,0.5329570174217224
6513,3,3,0.0016455460572615266,0.01281534880399704,0.016847146674990654,0.9686919450759888
6514,0,0,0.8603197336196899,0.02490587718784809,0.0649305209517479,0.04984375834465027
6515,1,1,0.00013562195817939937,0.9995798468589783,0.0001688823103904724,0.00011570021160878241
6516,0,2,0.37046942114830017,0.0012055023107677698,0.47670266032218933,0.15162242949008942
6517,0,0,0.9956734776496887,4.895660458714701e-05,0.00022549265122506768,0.004052022472023964
6518,0,0,0.9969027638435364,0.0017471868777647614,0.0010356128914281726,0.00031446077628061175
6519,1,1,0.001131790573708713,0.9988622665405273,4.9938623902789914e-08,5.976232841931051e-06
6520,1,1,0.005531050730496645,0.9858725070953369,0.007432461250573397,0.0011639193398877978
6521,2,2,0.0004109764704480767,6.955562275834382e-05,0.9291714429855347,0.07034806907176971
6522,1,1,2.7317077183397487e-05,0.9998692274093628,7.013408321654424e-05,3.324092904222198e-05
6523,0,0,0.9901156425476074,0.000575208046939224,0.006171558052301407,0.0031375265680253506
6524,2,2,0.0218653604388237,0.0007256247336044908,0.9567145705223083,0.02069440856575966
6525,1,1,0.0005415084306150675,0.9990135431289673,0.0004328311188146472,1.2116311154386494e-05
6526,0,0,0.9999659061431885,3.805849701166153e-06,1.791879185475409e-05,1.2363996575004421e-05
6527,1,1,0.03165391832590103,0.9368999600410461,0.0001038533155224286,0.03134216368198395
6528,1,1,2.7547393983695656e-05,0.9999643564224243,6.321812634269008e-06,1.8472824194759596e-06
6529,1,1,0.025564024224877357,0.9730058908462524,0.0008965284796431661,0.0005336029571481049
6530,1,1,0.00018498467397876084,0.9998142123222351,3.0263041139733105e-07,4.4043846969543665e-07
6531,3,3,0.0035976609215140343,0.0272201094776392,0.340432345867157,0.6287499070167542
6532,2,2,0.000689055654220283,0.00011248588270973414,0.9508546590805054,0.04834379255771637
6533,1,1,1.459397083181102e-07,0.9999998807907104,7.31859971930815e-12,1.2258680293086854e-08
6534,1,1,0.0001731325755827129,0.9993273019790649,0.0002651285321917385,0.00023450363369192928
6535,2,2,0.03940032795071602,0.0001818884047679603,0.9535585641860962,0.006859209854155779
6536,1,1,1.3436257177090738e-05,0.9990928173065186,0.0008014453342184424,9.226870315615088e-05
6537,1,1,4.8781123041408136e-05,0.9999276399612427,6.2349972722586244e-06,1.734232864691876e-05
6538,1,1,4.671985516324639e-05,0.9999310970306396,2.0707999283331446e-05,1.444159579477855e-06
6539,3,2,0.02667422778904438,3.6579898733180016e-05,0.8151845932006836,0.1581045538187027
6540,2,2,0.0011173869716003537,0.0003204112290404737,0.97423255443573,0.024329639971256256
6541,1,1,0.0014285577926784754,0.9971567392349243,0.0010393905686214566,0.00037524927756749094
6542,2,2,0.0025050141848623753,0.0001873579021776095,0.5987387895584106,0.39856892824172974
6543,0,0,0.7574545741081238,0.02917458303272724,0.06920760124921799,0.14416322112083435
6544,0,0,0.8698457479476929,0.0034453298430889845,0.07385087013244629,0.05285802111029625
6545,0,0,0.999091386795044,0.0002228144439868629,0.000266131799435243,0.0004196074150968343
6546,1,1,6.791113992221653e-05,0.9999262094497681,3.1688157378084725e-06,2.794774445646908e-06
6547,1,1,0.0013398539740592241,0.996221661567688,0.0006541283219121397,0.0017843699315562844
6548,1,1,7.859649997499218e-08,0.9999995231628418,4.051308906127815e-07,1.0719344523124619e-08
6549,0,0,0.9983236193656921,0.00020606807083822787,0.0005235951975919306,0.0009466492920182645
6550,1,1,0.013088191859424114,0.9724186062812805,0.010791079141199589,0.003702207701280713
6551,0,0,0.9999823570251465,8.160966302739325e-08,1.4147682122711558e-05,3.3744186112016905e-06
6552,3,3,8.263889321824536e-05,4.536750566330738e-06,5.8376186643727124e-05,0.9998544454574585
6553,1,1,5.907783270231448e-05,0.999936580657959,3.110157649643952e-06,1.1823721024484257e-06
6554,2,2,0.00013191085599828511,5.544958980863157e-08,0.999798595905304,6.937378930160776e-05
6555,2,2,0.3843524158000946,7.71877239458263e-06,0.6122230291366577,0.003416741732507944
6556,0,0,0.9997475743293762,0.00023120197874959558,2.0184621462249197e-05,1.0963732393065584e-06
6557,3,3,8.16651026980253e-06,3.826495120762274e-09,0.00041851805872283876,0.999573290348053
6558,3,3,5.7221441238652915e-05,2.4938663045759313e-07,0.0010992292081937194,0.9988433122634888
6559,0,0,0.7425426244735718,0.04965813085436821,0.1968633383512497,0.010935893282294273
6560,3,3,3.5253484384156764e-05,1.5098888184184034e-07,0.007163037545979023,0.9928016662597656
6561,2,2,0.004488551057875156,5.399640212999657e-05,0.9942945837974548,0.001162873930297792
6562,3,3,0.00015980625175870955,0.00047230959171429276,0.005912254564464092,0.9934555888175964
6563,3,3,0.0010149918962270021,0.012913845479488373,0.021184517070651054,0.9648866653442383
6564,0,0,0.9999803304672241,1.7791652595633423e-08,9.49105753988988e-08,1.9520261048455723e-05
6565,2,3,7.596836803713813e-05,1.9063099898630753e-05,0.30664771795272827,0.693257212638855
6566,2,2,0.18307346105575562,0.021185535937547684,0.7315980792045593,0.06414299458265305
6567,3,3,0.0003762502456083894,3.997734893346205e-06,0.004454410634934902,0.9951653480529785
6568,3,1,0.007309210952371359,0.6391851902008057,0.06147719547152519,0.29202839732170105
6569,1,1,0.001545438659377396,0.9978612065315247,0.00028682994889095426,0.0003064946795348078
6570,1,1,0.005696170497685671,0.9940031170845032,0.00019374486873857677,0.00010695648961700499
6571,3,3,0.0002477537200320512,3.486646164674312e-05,0.004874493461102247,0.9948429465293884
6572,2,2,8.874378545442596e-05,9.349526953883469e-05,0.5203791260719299,0.4794386625289917
6573,1,1,0.0007177944062277675,0.9892799258232117,0.00932294875383377,0.0006792315398342907
6574,2,3,0.019928114488720894,0.000372009992133826,0.0515252910554409,0.9281745553016663
6575,3,3,0.002038120524957776,7.445044957421487e-06,0.12596623599529266,0.8719881772994995
6576,0,3,0.001803314546123147,4.158358024142217e-06,0.00029298081062734127,0.9978995323181152
6577,1,1,5.421688547357917e-05,0.9987926483154297,0.0010918626794591546,6.117211160017177e-05
6578,0,0,0.9985151886940002,0.0009682269883342087,4.16414113715291e-05,0.0004749758809339255
6579,0,0,0.9999977350234985,5.201041517466365e-07,1.0312007816537516e-06,6.729557071594172e-07
6580,0,0,0.998661994934082,7.024387014098465e-05,0.001076409826055169,0.00019127487030345947
6581,3,3,0.003358818357810378,5.0057980843121186e-05,0.0004328504728619009,0.9961583018302917
6582,2,3,0.0007242024294100702,3.811032001976855e-05,0.3497772812843323,0.6494604349136353
6583,2,2,0.003818458877503872,7.880124030634761e-06,0.9956012964248657,0.0005723219364881516
6584,1,1,0.001245794934220612,0.9969282746315002,0.0011729736579582095,0.0006529667880386114
6585,2,2,0.002943380968645215,0.0004021490749437362,0.9944068193435669,0.002247660420835018
6586,2,2,0.0029950449243187904,0.00012050144869135693,0.9889688491821289,0.007915625348687172
6587,0,0,0.4305657744407654,0.06290889531373978,0.14380361139774323,0.36272168159484863
6588,0,0,0.9999629259109497,1.2163773135398515e-06,8.273409548564814e-06,2.7681873689289205e-05
6589,3,3,0.04569961130619049,8.051430631894618e-05,0.2768372595310211,0.6773825883865356
6590,1,1,5.731727014790522e-06,0.9999929666519165,1.0448338798596524e-06,2.8547177066684526e-07
6591,2,2,0.02077014371752739,7.86223536124453e-05,0.966356098651886,0.0127951018512249
6592,2,3,5.964921729173511e-05,8.126163919541796e-08,0.0004662394057959318,0.9994739890098572
6593,2,2,0.05898529291152954,0.0003550710971467197,0.9205141663551331,0.020145362243056297
6594,3,3,6.157935786177404e-06,2.365268755966099e-06,6.630401185248047e-05,0.9999251365661621
6595,0,0,0.9999744892120361,4.482944007122569e-07,1.7542357454658486e-05,7.59693784857518e-06
6596,2,2,0.33705225586891174,0.00021131029643584043,0.6606144309043884,0.0021220333874225616
6597,0,0,0.9932243227958679,0.0031743915751576424,0.0022059371694922447,0.0013953543966636062
6598,2,2,2.7580363166634925e-05,0.00016506921383552253,0.9985598921775818,0.0012473877286538482
6599,3,3,0.00017725203360896558,8.538472684449516e-06,0.02265910990536213,0.9771551489830017
6600,1,1,5.895465164940106e-06,0.9999784231185913,1.9250137484050356e-06,1.36955031848629e-05
6601,1,1,0.007346993777900934,0.9905402660369873,0.0016785510815680027,0.00043414102401584387
6602,0,0,0.9991915822029114,4.842630914936308e-06,0.0002360146027058363,0.0005676076398231089
6603,1,1,8.451361281913705e-06,0.9999912977218628,9.055731275964263e-09,2.472240225870337e-07
6604,3,3,0.0070113628171384335,0.0002844419504981488,0.23871390521526337,0.7539902925491333
6605,2,2,0.0003953416016884148,2.1535150153795257e-05,0.9976250529289246,0.001958104083314538
6606,1,1,0.00032754408312030137,0.9996716976165771,2.0963257796324797e-08,6.644168593084032e-07
6607,0,0,0.9981439113616943,2.1298747014952824e-06,0.0017026403220370412,0.0001513580500613898
6608,1,1,2.9057363803985936e-07,0.9999990463256836,5.167403838157725e-09,6.986125526964315e-07
6609,1,1,0.0004949713475070894,0.9977141618728638,0.0017394402530044317,5.1337839977350086e-05
6610,3,3,0.08316925913095474,0.00020317411690484732,0.05547220632433891,0.8611553311347961
6611,1,1,0.00020731841505039483,0.9958770275115967,0.0015955250710248947,0.002320148516446352
6612,2,2,0.026653209701180458,1.7138705516117625e-05,0.9700955152511597,0.0032340490724891424
6613,3,3,8.932096534408629e-05,5.277085620036814e-06,0.005624073091894388,0.9942812919616699
6614,3,3,0.02210286632180214,0.00016797879652585834,0.24081936478614807,0.7369098663330078
6615,0,0,0.9975675344467163,0.0016827371437102556,1.3481100722856354e-05,0.0007363075856119394
6616,1,1,0.01231592521071434,0.9063616991043091,0.02694758214056492,0.05437471345067024
6617,3,3,2.713024332479108e-05,3.2223290702404483e-08,0.0006349168252199888,0.9993379712104797
6618,0,0,0.8491992950439453,0.07019806653261185,0.07688268274068832,0.0037199861835688353
6619,0,0,0.9458276629447937,0.013903395272791386,0.022331848740577698,0.017937079071998596
6620,1,1,3.862695302814245e-05,0.9999406337738037,2.0185785615467466e-05,6.417985218831745e-07
6621,2,2,0.0949847623705864,4.073542925198126e-07,0.9032045602798462,0.0018102943431586027
6622,1,1,0.0005755266756750643,0.9983358979225159,0.000489099242258817,0.0005994583480060101
6623,2,3,0.29709529876708984,0.04404156282544136,0.32465389370918274,0.33420923352241516
6624,1,1,0.0037556129973381758,0.9959113597869873,0.00029235944384709,4.078007259522565e-05
6625,0,0,0.9947369694709778,0.0003400405403226614,1.4740749065822456e-06,0.004921548999845982
6626,0,0,0.9929518103599548,0.0028923095669597387,0.00031109905103221536,0.0038448083214461803
6627,1,1,0.00029268479556776583,0.9994367957115173,0.00024885861785151064,2.1626829038723372e-05
6628,1,1,0.0001680811692494899,0.9997619986534119,2.3085138309397735e-05,4.6887849748600274e-05
6629,2,2,0.0008070104522630572,1.905543626889994e-06,0.9991580247879028,3.316069341963157e-05
6630,2,2,0.010213500820100307,0.0035145445726811886,0.9834709763526917,0.0028010241221636534
6631,1,1,0.00017743113858159631,0.9996429681777954,3.363657378940843e-05,0.0001460086350562051
6632,0,0,0.9989367127418518,2.0177474198135315e-06,8.210793021135032e-05,0.000979134812951088
6633,0,0,0.9999958276748657,3.3213904515605464e-08,3.724932184923091e-06,4.4124587361693557e-07
6634,2,1,0.029660245403647423,0.4992675185203552,0.2832186222076416,0.18785355985164642
6635,2,2,0.00025572621962055564,4.831975729757687e-06,0.9994205236434937,0.00031904655043035746
6636,2,2,0.006692102178931236,2.3306596631300636e-05,0.9133173823356628,0.07996730506420135
6637,2,2,0.05278785526752472,7.310293312912108e-07,0.947055995464325,0.0001554347254568711
6638,0,0,0.9676340222358704,0.002254955470561981,0.015048529021441936,0.01506244856864214
6639,2,2,0.03496802970767021,0.004096687771379948,0.9510226249694824,0.009912661276757717
6640,0,0,0.8159794211387634,0.0003695465566124767,0.15479445457458496,0.028856558725237846
6641,2,2,0.00010117064084624872,2.7868161851074547e-05,0.999372661113739,0.0004983247490599751
6642,3,3,3.0035980103093607e-07,1.5618425663888047e-08,1.593695196788758e-05,0.9999837875366211
6643,0,0,0.9998464584350586,1.583197899890365e-06,5.430608871392906e-05,9.752525511430576e-05
6644,2,2,0.002844173926860094,0.00023922347463667393,0.9901264905929565,0.006790109444409609
6645,1,1,1.8225717212771997e-05,0.9999817609786987,2.5253864777141644e-08,1.922660786135566e-08
6646,2,2,0.002356886863708496,3.3898149354172347e-07,0.9970968961715698,0.0005458476371131837
6647,3,3,0.005298941861838102,0.0018342568073421717,0.006949595175683498,0.9859171509742737
6648,3,3,0.0012254654429852962,0.0002913101634476334,0.005109338089823723,0.9933738708496094
6649,3,3,0.0005642406758852303,9.525475434202235e-06,0.0005434160120785236,0.9988828301429749
6650,0,0,0.9993089437484741,7.612998160766438e-05,7.25552467883972e-07,0.0006141527555882931
6651,3,3,0.0008685912471264601,7.57443776819855e-05,0.009095321409404278,0.9899603128433228
6652,1,1,0.0017502701375633478,0.9945836663246155,0.003596441587433219,6.957364530535415e-05
6653,3,3,9.471415864936716e-07,1.8182282346401735e-08,2.1449919586302713e-05,0.9999775886535645
6654,1,1,0.006674956995993853,0.9924547672271729,0.0005291493725962937,0.00034112445428036153
6655,3,3,0.0004141688405070454,1.530289046058897e-05,0.003061233554035425,0.9965092539787292
6656,3,3,3.2937387004494667e-06,1.169117780364104e-07,0.0014992037322372198,0.9984973669052124
6657,1,1,0.000759850547183305,0.9971044659614563,0.001971004530787468,0.00016463507199659944
6658,0,0,0.7779544591903687,0.19993232190608978,0.013481329195201397,0.008631943725049496
6659,3,3,0.0003672105958685279,1.3176753022037246e-08,0.02100941352546215,0.9786233901977539
6660,1,1,4.334003278927412e-06,0.9999897480010986,1.1097524321712626e-07,5.793390300823376e-06
6661,2,2,0.011115881614387035,0.008547550067305565,0.9796329736709595,0.0007036261959001422
6662,0,0,0.9683032035827637,0.00019489000260364264,0.02765008807182312,0.0038518384099006653
6663,2,2,0.0001416713057551533,5.37501318831346e-06,0.9889412522315979,0.010911648161709309
6664,1,1,0.040090013295412064,0.9597286581993103,0.00015842319407965988,2.2920545234228484e-05
6665,2,2,8.288767276098952e-05,1.785499625839293e-05,0.9997896552085876,0.00010969874711008742
6666,2,2,0.004966100677847862,0.004109690897166729,0.8638110160827637,0.12711311876773834
6667,0,0,0.9923317432403564,0.006600674707442522,0.0003913415421266109,0.0006762671982869506
6668,1,1,0.003047631122171879,0.9965846538543701,0.0003095543070230633,5.811795927002095e-05
6669,0,2,0.27891427278518677,0.002973629627376795,0.7036262154579163,0.01448588166385889
6670,3,3,0.052523571997880936,0.00031429610680788755,0.004689227789640427,0.9424729943275452
6671,2,2,0.002089515095576644,0.013846059329807758,0.9751260876655579,0.008938310667872429
6672,3,3,0.004981040954589844,0.004222937859594822,0.023448506370186806,0.9673475623130798
6673,3,3,0.0005561528960242867,6.076336944715877e-08,0.00021688237029593438,0.9992268085479736
6674,2,3,0.0023344820365309715,0.00031993279117159545,0.2628766596317291,0.7344688773155212
6675,1,1,0.00011400241783121601,0.9998841285705566,1.075532850336458e-06,8.677429832459893e-07
6676,1,1,1.9729901396203786e-05,0.9999749660491943,4.84307338410872e-06,4.840918563786545e-07
6677,2,2,0.0005435782950371504,0.00021196843590587378,0.987966001033783,0.011278482154011726
6678,0,0,0.9993851184844971,0.0003511900722514838,8.40426073409617e-05,0.0001796695141820237
6679,3,3,1.0347771421947982e-05,1.2146828112236108e-06,6.157927418826148e-05,0.9999269247055054
6680,2,2,0.00518416240811348,0.00024271555594168603,0.9935458302497864,0.0010273258667439222
6681,1,1,0.014875874854624271,0.9845255017280579,9.03022737475112e-06,0.000589621951803565
6682,0,3,0.26921942830085754,0.00030093773966655135,0.000377044576453045,0.7301025390625
6683,2,2,0.08741014450788498,0.0006968226516619325,0.8893420100212097,0.02255111373960972
6684,1,1,0.00041154149221256375,0.9995830655097961,2.7691512514138594e-06,2.647452902238001e-06
6685,3,3,3.6624845961341634e-05,4.495248049352085e-06,0.00011441068636486307,0.9998444318771362
6686,3,3,8.051412442000583e-05,8.592584345024079e-05,0.012369288131594658,0.9874643087387085
6687,1,1,0.0012450406793504953,0.9987196922302246,1.889471423055511e-05,1.641786002437584e-05
6688,1,1,2.933887117251288e-06,0.9999638795852661,3.17603480652906e-05,1.4538858295054524e-06
6689,0,0,0.999895453453064,7.599584023409989e-06,1.7248712538275868e-05,7.969146827235818e-05
6690,2,2,0.0006574874860234559,1.475988028687425e-05,0.9692214727401733,0.030106253921985626
6691,2,2,0.007733287289738655,2.031692747550551e-05,0.9847950339317322,0.0074514164589345455
6692,1,1,0.00018734679906629026,0.9997157454490662,8.347092079930007e-05,1.3506384675565641e-05
6693,2,2,5.919857812841656e-06,4.7262955149562913e-07,0.9999779462814331,1.5563598935841583e-05
6694,2,2,0.004473900888115168,8.333327423315495e-05,0.9666027426719666,0.028840092942118645
6695,2,2,0.005742513108998537,4.384676140034571e-05,0.985615611076355,0.00859799887984991
6696,1,1,0.00206258543767035,0.9896767735481262,0.00354828592389822,0.004712376277893782
6697,0,0,0.9989176988601685,3.3916068787220865e-05,0.0005841445527039468,0.00046437085256911814
6698,0,0,0.824267566204071,0.09685465693473816,0.030754458159208298,0.0481233112514019
6699,0,0,0.9944872260093689,0.0007555561023764312,1.8861532225855626e-05,0.004738369025290012
6700,0,0,0.9992862343788147,0.0002521621354389936,0.00036139541771262884,0.00010023824142990634
6701,3,3,4.228199031786062e-05,5.467066785058705e-06,0.005635647568851709,0.9943166375160217
6702,2,2,0.0009478714200668037,0.0010196187067776918,0.9957486987113953,0.002283912617713213
6703,1,1,0.00010619858949212357,0.9985716342926025,0.0013122608652338386,9.838174264586996e-06
6704,0,0,0.9981839060783386,2.9637791158165783e-05,0.0015615614829584956,0.00022494225413538516
6705,2,2,0.018805960193276405,0.0005985257448628545,0.9738088846206665,0.006786595098674297
6706,3,3,0.0007860158802941442,0.00014038552762940526,0.0044774990528821945,0.9945961833000183
6707,2,2,4.534839899861254e-05,1.422968239239708e-06,0.9991717338562012,0.0007815228309482336
6708,3,3,0.0001777607831172645,8.945673471316695e-05,0.0003401547728572041,0.9993926286697388
6709,1,1,0.01186277624219656,0.948735237121582,0.01466268952935934,0.024739272892475128
6710,0,3,0.3125203549861908,5.797577159682987e-06,0.03496621921658516,0.6525075435638428
6711,2,3,0.17027004063129425,0.05237827077507973,0.07146979868412018,0.7058819532394409
6712,2,2,9.364233847009018e-06,4.683970473706722e-05,0.5509784817695618,0.44896531105041504
6713,2,2,0.0005065499572083354,8.096389501588419e-05,0.9731971621513367,0.026215331628918648
6714,3,3,0.0008823136449791491,0.00045035473885945976,0.0016233493806794286,0.997044026851654
6715,0,0,0.966974675655365,0.0014195670373737812,0.015562261454761028,0.016043487936258316
6716,0,0,0.9598366022109985,0.0009802206186577678,0.0012532712426036596,0.03792988136410713
6717,3,3,0.00043519565952010453,7.247138000820996e-07,0.00021774647757411003,0.9993463158607483
6718,0,3,8.777705261309166e-06,4.4261400944378693e-07,1.1976141649938654e-05,0.99997878074646
6719,3,3,0.0002291382843395695,2.9382243837972055e-07,0.00013415806461125612,0.9996364116668701
6720,3,3,0.0011229098308831453,1.3507976746041095e-06,0.010353597812354565,0.9885221719741821
6721,2,2,0.0007111889426596463,3.5741134070121916e-06,0.9985108971595764,0.0007742547895759344
6722,1,1,0.0196624007076025,0.975360095500946,0.0037144990637898445,0.0012629471020773053
6723,3,3,0.00016331177903339267,0.0024784808047115803,0.3357495665550232,0.6616086959838867
6724,2,2,1.2098498700652272e-05,8.49538355396362e-06,0.9999537467956543,2.5695191652630456e-05
6725,2,2,0.001104170922189951,3.3716089546942385e-06,0.9987648725509644,0.00012755818897858262
6726,2,2,0.0008936302037909627,1.054944732459262e-06,0.9939813017845154,0.005123936105519533
6727,1,1,7.241919229272753e-05,0.9999254941940308,2.978651991725201e-07,1.8061691662296653e-06
6728,2,2,1.920779141073581e-06,7.523633030359633e-06,0.9926108717918396,0.007379661779850721
6729,2,2,0.01725107617676258,0.000387409032555297,0.9818799495697021,0.0004815253196284175
6730,3,3,7.278559678525198e-06,2.2102699404058512e-06,0.0013872503768652678,0.9986031651496887
6731,3,3,1.0088726412504911e-05,2.548359034904024e-08,0.06380883604288101,0.9361811280250549
6732,1,1,3.639365604612976e-05,0.9999254941940308,1.6235879229498096e-05,2.1764393750345334e-05
6733,0,0,0.9851018190383911,0.0012432147050276399,0.012135636061429977,0.0015192982973530889
6734,0,2,0.008832845836877823,1.066610093403142e-05,0.9874297976493835,0.0037266539875417948
6735,1,1,3.042612206627382e-08,1.0,3.987675523120515e-09,2.284765088234053e-08
6736,1,1,0.0031898014713078737,0.996777355670929,2.9130933398846537e-05,3.714484137162799e-06
6737,2,2,0.003590538166463375,0.0027624815702438354,0.987699031829834,0.005947856232523918
6738,0,0,0.9990869760513306,0.0004248523327987641,9.213873272528872e-05,0.0003959499881602824
6739,2,2,0.00040443154284730554,0.0010115680051967502,0.7847879528999329,0.21379606425762177
6740,1,1,2.085384494421305e-06,0.999997615814209,3.067332841055759e-07,1.777910263456306e-08
6741,1,1,0.00032051801099441946,0.9995978474617004,3.179204577463679e-05,4.984828774468042e-05
6742,2,2,0.0014979637926444411,5.9479993069544435e-05,0.9223949909210205,0.07604750990867615
6743,0,0,0.9995893836021423,0.00038681383011862636,5.845782652613707e-06,1.7921922335517593e-05
6744,0,0,0.998704195022583,2.232396036561113e-05,5.183808389119804e-05,0.0012217034818604589
6745,0,0,0.9995747208595276,2.0823616068810225e-05,4.126736712350976e-06,0.0004002376808784902
6746,1,1,0.18627893924713135,0.802742063999176,0.00022238967358134687,0.010756585747003555
6747,1,1,0.008116300217807293,0.9858559370040894,0.004518150817602873,0.0015095372218638659
6748,2,3,0.00012310279998928308,4.889483989245491e-06,0.019297610968351364,0.980574369430542
6749,1,1,2.665970714588184e-05,0.9992420673370361,0.0004665637097787112,0.00026472139870747924
6750,3,3,0.0006206842372193933,8.271500701084733e-05,0.00012425865861587226,0.9991724491119385
6751,2,2,0.1377420276403427,6.130740985099692e-06,0.8603000044822693,0.0019518977496773005
6752,3,3,1.5529343500020332e-06,3.2698737868486205e-06,0.0009970265673473477,0.99899822473526
6753,3,3,0.00019897781021427363,8.197696297429502e-05,0.01823311299085617,0.981485903263092
6754,1,1,6.188668339746073e-05,0.9996606111526489,0.0002728337422013283,4.623022505256813e-06
6755,3,3,0.012604583986103535,0.0014170544454827905,0.003098654793575406,0.9828796982765198
6756,0,0,0.8588364720344543,0.00894999410957098,0.019755946472287178,0.11245761066675186
6757,3,3,3.321455733384937e-05,3.327653757878579e-05,0.0037176127079874277,0.9962158799171448
6758,3,3,3.471899981377646e-05,3.6782723327632993e-05,0.0004706814943347126,0.9994577765464783
6759,3,3,1.2340809917077422e-05,2.627891035444918e-06,0.0009133712155744433,0.9990715980529785
6760,3,3,0.07440165430307388,0.010808809660375118,0.0012635743478313088,0.9135259389877319
6761,3,3,0.2748064398765564,8.315275044878945e-05,0.0081575782969594,0.7169528603553772
6762,3,3,0.050067901611328125,4.990119850845076e-05,0.18170899152755737,0.7681732177734375
6763,3,3,0.0047867996618151665,0.0016297055408358574,1.4546613783750217e-05,0.993569016456604
6764,3,2,0.00028111287974752486,7.108731369953603e-05,0.6165815591812134,0.38306623697280884
6765,3,3,0.00016273594519589096,1.6630974641884677e-07,0.005997590254992247,0.9938395619392395
6766,0,2,0.035225629806518555,8.672902822581818e-07,0.9264416098594666,0.03833189606666565
6767,2,2,0.004369697999209166,0.00023221336596179754,0.9943504929542542,0.0010475900489836931
6768,3,3,0.0011479471577331424,1.501759697930538e-06,0.0005107738543301821,0.9983396530151367
6769,1,1,1.0177505828323774e-05,0.9999791383743286,9.655866961111315e-06,1.0496522691028076e-06
6770,0,0,0.9998158812522888,1.831226313697698e-06,8.026630530366674e-05,0.00010214710346190259
6771,0,0,0.9927928447723389,0.0007903610239736736,0.0015986405778676271,0.0048180921003222466
6772,3,3,0.0005058934330008924,0.00023952795891091228,0.4137576222419739,0.5854969620704651
6773,3,3,7.934098903206177e-06,1.4857188261885312e-06,0.0003109762037638575,0.999679684638977
6774,3,3,6.710190791636705e-05,7.708488283242332e-07,0.0962388888001442,0.9036933183670044
6775,1,1,8.414660260314122e-05,0.9999129772186279,2.679294084373396e-06,2.4837137857502967e-07
6776,0,0,0.8185524344444275,0.061095673590898514,0.0756615549325943,0.04469038173556328
6777,0,0,0.9995747208595276,3.586670572985895e-06,0.00019455641449894756,0.00022713217185810208
6778,2,2,0.004274086561053991,0.0005859238444827497,0.7032485008239746,0.29189154505729675
6779,3,3,0.0024001772981137037,5.314503596309805e-06,0.0003143390058539808,0.9972801208496094
6780,3,3,4.11436030844925e-06,4.5933334149594884e-06,0.004341477993875742,0.9956497550010681
6781,3,3,9.066521670320071e-06,1.7474484081958508e-08,7.2948016168084e-05,0.9999179840087891
6782,3,3,0.005104054696857929,0.0012756487121805549,0.08529643714427948,0.9083238840103149
6783,3,3,0.0006327437586151063,1.4177430784911849e-05,0.012007636949419975,0.9873455166816711
6784,2,2,0.0002762454387266189,9.569353096594568e-06,0.9996994733810425,1.4779973753320519e-05
6785,3,3,0.000516751897521317,0.00021863785514142364,0.010368876159191132,0.9888956546783447
6786,1,1,0.000280797976301983,0.9996256828308105,8.76414924277924e-05,5.8628511396818794e-06
6787,3,3,4.18188028561417e-05,5.248913566902047e-06,0.003575751557946205,0.996377170085907
6788,1,1,0.0015502371825277805,0.99818354845047,0.00014019169611856341,0.00012601650087162852
6789,2,2,0.0010443450883030891,6.0363479860825464e-05,0.998610258102417,0.00028494864818640053
6790,2,2,2.802353549213876e-07,4.9044736272207956e-08,0.9999494552612305,5.024854181101546e-05
6791,2,2,2.587029302958399e-05,3.4191950817330508e-06,0.9999369382858276,3.38039972120896e-05
6792,0,0,0.999985933303833,5.427474661701126e-06,1.3049408664755902e-07,8.517495189153124e-06
6793,2,2,0.055176448076963425,0.0012510797241702676,0.9310163259506226,0.012556111440062523
6794,0,3,0.04495243728160858,0.12300947308540344,0.07994578033685684,0.7520923018455505
6795,0,0,0.8683984875679016,0.0005659773014485836,0.007974855601787567,0.12306063622236252
6796,2,0,0.5429707169532776,0.007588908541947603,0.4194619357585907,0.029978442937135696
6797,2,2,0.05963364616036415,0.027690211310982704,0.8975903987884521,0.0150857362896204
6798,1,1,0.0300767719745636,0.9670044779777527,0.002402256475761533,0.0005165465991012752
6799,1,1,9.445368050364777e-05,0.9996869564056396,0.0001466392568545416,7.197247032308951e-05
6800,3,3,0.021423829719424248,0.0005021037650294602,0.025595955550670624,0.9524781107902527
6801,3,3,0.00072352250572294,8.271821343441843e-07,4.534396430244669e-05,0.9992302656173706
6802,1,1,2.195078195654787e-06,0.9999972581863403,6.88053560793378e-08,5.108600475978164e-07
6803,0,0,0.9947609305381775,0.00010177120566368103,0.0034001260064542294,0.0017371353460475802
6804,0,0,0.9993649125099182,4.444955550297891e-07,0.00043431564699858427,0.0002002802211791277
6805,0,0,0.9790257811546326,0.002731459215283394,0.014780620113015175,0.0034621339291334152
6806,2,2,0.00064738659420982,3.0536735721398145e-05,0.998664379119873,0.0006576548330485821
6807,3,3,0.01576126366853714,0.0016967843985185027,0.10096544027328491,0.8815765380859375
6808,3,3,2.0192130250507034e-05,1.3845749435859034e-07,0.004858923144638538,0.9951207041740417
6809,3,3,0.0005033699562773108,1.6983801742753712e-06,0.028274575248360634,0.9712203741073608
6810,2,2,0.0007933288579806685,4.686828106059693e-06,0.9987909197807312,0.0004111171292606741
6811,1,1,0.008556031621992588,0.9908998012542725,3.473967581157922e-06,0.0005406762938946486
6812,0,0,0.9920541048049927,9.512285032542422e-06,0.00014135769743006676,0.007795132230967283
6813,3,3,0.22112157940864563,0.0021146717481315136,0.05216529220342636,0.7245984673500061
6814,2,2,0.0007404795032925904,0.0006078545120544732,0.9981399774551392,0.0005117328255437315
6815,3,3,2.7342057364876382e-05,1.095620746127679e-06,0.0008549744379706681,0.9991165995597839
6816,0,0,0.998342752456665,1.2768356100423262e-05,0.0006601613131351769,0.0009843709412962198
6817,2,2,0.0052497717551887035,0.004585279617458582,0.9890480637550354,0.001116868807002902
6818,0,0,0.9141477942466736,0.06882394105195999,0.011745817959308624,0.005282367113977671
6819,2,2,0.00018412465578876436,1.6344298273907043e-05,0.9996470212936401,0.00015252683078870177
6820,3,3,0.001561107230372727,0.0006300067179836333,0.029208244755864143,0.9686006903648376
6821,3,3,0.002583005465567112,1.9734152374439873e-05,0.1265319436788559,0.8708653450012207
6822,1,1,4.0554488805355504e-05,0.9998878240585327,5.9595487982733175e-05,1.2036442967655603e-05
6823,3,3,0.014865048229694366,6.29855931038037e-05,0.03282971680164337,0.9522421956062317
6824,0,0,0.9792530536651611,0.00031894410494714975,0.01196043286472559,0.008467549458146095
6825,1,1,1.1427287972765043e-05,0.9999721050262451,5.447400326374918e-06,1.0967864000122063e-05
6826,2,2,0.035905346274375916,0.017596542835235596,0.7658438086509705,0.18065433204174042
6827,2,2,0.02135995216667652,0.000964438368100673,0.9567000269889832,0.02097553387284279
6828,3,3,1.4328596080304123e-05,3.4865519182858407e-07,0.0008867761353030801,0.999098539352417
6829,2,2,0.009047025814652443,2.254947139590513e-05,0.9898698925971985,0.001060517388395965
6830,1,1,0.009592759422957897,0.8883035778999329,0.010037384927272797,0.09206625074148178
6831,3,2,0.05575963109731674,2.8064983780495822e-05,0.840114176273346,0.10409816354513168
6832,0,0,0.9969263672828674,1.09006814454915e-05,0.002195572480559349,0.0008671156829223037
6833,0,0,0.9996805191040039,0.00011888458539033309,8.050258475122973e-05,0.00012002034782199189
6834,3,3,0.00047043876838870347,7.197083391474735e-07,0.13046109676361084,0.8690677881240845
6835,3,3,0.04420015588402748,0.00039793169707991183,0.001324669225141406,0.9540771842002869
6836,2,2,0.14809918403625488,0.0007299404824152589,0.8432633280754089,0.007907542400062084
6837,0,0,0.9998119473457336,4.883013389189728e-06,2.1532152459258214e-05,0.00016159960068762302
6838,3,3,2.8220240437804023e-06,1.512441514250895e-07,0.008080032654106617,0.991917073726654
6839,0,0,0.9312661290168762,1.3434198081085924e-05,0.0685306265950203,0.00018987774092238396
6840,3,3,0.0004798467562068254,1.552512912894599e-05,0.0007334062247537076,0.9987712502479553
6841,3,3,4.863965386903146e-06,4.824403845304914e-07,0.0004443239886313677,0.9995502829551697
6842,3,2,0.0435040108859539,0.00403184536844492,0.7850064039230347,0.16745774447917938
6843,3,3,0.00220733811147511,1.206873605497094e-07,0.006990247871726751,0.9908022880554199
6844,3,3,0.0007174840429797769,2.4816688892315142e-05,0.006043620407581329,0.9932140111923218
6845,2,2,0.0005766915273852646,4.815892680198886e-07,0.9991733431816101,0.0002493911888450384
6846,2,2,0.011399459093809128,3.7704178339481587e-06,0.9876819252967834,0.000914856034796685
6847,2,2,0.0005915679503232241,3.4265349313500337e-06,0.9085764288902283,0.09082853049039841
6848,2,2,0.0007442847127094865,4.918330887448974e-05,0.9982638955116272,0.0009427295881323516
6849,2,3,0.004170799627900124,0.0006131585105322301,0.10124871134757996,0.8939672708511353
6850,2,2,1.1628252650552895e-05,6.610389959860186e-07,0.9999781847000122,9.448249329579994e-06
6851,0,0,0.9763957262039185,0.0005523628788068891,0.016314797103405,0.006737110670655966
6852,0,0,0.9928690791130066,0.006082900334149599,0.00033140514278784394,0.0007165584247559309
6853,2,2,8.748447726247832e-05,2.426196078886278e-05,0.9990823268890381,0.0008058084058575332
6854,0,0,0.9970256686210632,0.0001378344459226355,0.0016009759856387973,0.001235572504810989
6855,0,0,0.9586211442947388,0.004834470804780722,0.01683567278087139,0.019708646461367607
6856,0,0,0.8997895121574402,0.0357278548181057,0.000772101164329797,0.0637105330824852
6857,1,1,0.0012301531387493014,0.9954126477241516,7.896270290075336e-06,0.003349349368363619
6858,1,1,0.0002898286620620638,0.9989701509475708,0.0006283147376962006,0.00011173783423146233
6859,1,1,1.479214733990375e-05,0.9999819993972778,2.901211018979666e-06,3.162668633649446e-07
6860,2,2,0.010562186129391193,0.05916968360543251,0.6884101629257202,0.24185802042484283
6861,1,1,2.849440761565347e-06,0.9999971389770508,5.2526370808436695e-08,5.0124624451086675e-09
6862,2,2,0.2061353176832199,0.0001291643566219136,0.7915450930595398,0.0021904094610363245
6863,1,1,1.134063222707482e-05,0.9973178505897522,0.0008097839308902621,0.00186100450810045
6864,3,3,0.003066770499572158,0.00013547512935474515,0.02338726632297039,0.9734105467796326
6865,3,3,0.007702271454036236,5.1482333219610155e-05,0.0005150780198164284,0.9917312264442444
6866,3,3,4.0584272937849164e-05,1.648795432629413e-06,9.581305494066328e-05,0.9998619556427002
6867,2,2,0.0030288801062852144,2.665696229087189e-06,0.9848012328147888,0.012167207896709442
6868,2,2,0.002843200694769621,8.557878027204424e-05,0.9353799223899841,0.06169130280613899
6869,1,1,0.006063233595341444,0.9607195258140564,0.031138494610786438,0.0020787876565009356
6870,3,2,0.02923343889415264,1.249706019734731e-05,0.5706610679626465,0.4000929892063141
6871,1,1,3.125784360236139e-07,0.9999984502792358,2.1525264060073823e-07,1.0985963854182046e-06
6872,1,1,0.0004916581092402339,0.9992495179176331,0.00020080119429621845,5.795734250568785e-05
6873,3,3,1.0446595410940063e-07,3.8755442233195936e-07,0.0011422999668866396,0.9988572597503662
6874,1,1,1.4427394489757717e-05,0.9999843835830688,3.929124581247834e-09,1.2043755077684182e-06
6875,1,1,0.00028634481714107096,0.9996871948242188,2.0020263036713004e-05,6.38961546428618e-06
6876,1,1,0.00018460197316017002,0.9997889399528503,3.022413693543058e-06,2.349876012885943e-05
6877,2,2,0.00012477206473704427,9.62149442784721e-07,0.8458466529846191,0.15402767062187195
6878,2,2,0.0032719746232032776,7.603615813422948e-06,0.9965817332267761,0.00013880558253731579
6879,0,0,0.9196826815605164,0.007589010521769524,0.06649757921695709,0.006230663042515516
6880,0,0,0.9949177503585815,3.8328824302880093e-05,0.000367980741430074,0.00467590382322669
6881,1,1,0.004558383487164974,0.994768500328064,0.0003859976422972977,0.0002870959579013288
6882,1,1,0.0002020446554524824,0.999789297580719,4.676094249589369e-06,4.040836756757926e-06
6883,1,1,9.981958282878622e-05,0.9997612833976746,0.00012983381748199463,9.08668698684778e-06
6884,1,1,0.017115503549575806,0.7597779035568237,0.025961464270949364,0.19714514911174774
6885,0,0,0.992142915725708,6.604723603231832e-05,0.0001204072468681261,0.007670693565160036
6886,0,0,0.9998986721038818,3.799448791141913e-07,5.047418653703062e-06,9.593781578587368e-05
6887,2,3,0.0014261924661695957,0.00021939966245554388,0.43612027168273926,0.5622341632843018
6888,1,1,6.882938123453641e-06,0.9999915361404419,1.141129928328155e-06,4.97122698561725e-07
6889,1,1,3.143467256450094e-05,0.9998639822006226,9.766876246430911e-06,9.477396815782413e-05
6890,1,1,0.019620249047875404,0.9728394746780396,0.006588273216038942,0.0009519822197034955
6891,0,0,0.9980807304382324,0.00011435522901592776,0.0008346830727532506,0.0009703272953629494
6892,1,1,1.309264735027682e-05,0.9999504089355469,1.8135438949684612e-05,1.8324206394026987e-05
6893,2,0,0.5338919758796692,0.001361848320811987,0.46462148427963257,0.00012473631068132818
6894,0,0,0.9899820685386658,3.2039017241913825e-05,0.009712534956634045,0.0002733571163844317
6895,0,0,0.9988961219787598,0.00042771745938807726,0.00012852759391535074,0.0005477028898894787
6896,0,0,0.9904414415359497,0.0021936141420155764,0.005916220601648092,0.001448731985874474
6897,1,1,0.05895937234163284,0.7659807205200195,0.09039662778377533,0.08466334640979767
6898,3,3,0.011621507816016674,0.2000664919614792,0.38626784086227417,0.4020441472530365
6899,0,0,0.9997335076332092,4.583544523484306e-06,4.203817661618814e-05,0.00021988230582792312
6900,2,2,0.07043510675430298,6.906903763592709e-06,0.9291717410087585,0.00038623993168585
6901,1,1,0.029012644663453102,0.964313805103302,0.0007842914783395827,0.005889229942113161
6902,0,0,0.9977154731750488,0.0001282448647543788,0.0014485563151538372,0.000707789498846978
6903,3,3,0.0003345072327647358,1.3021538507018704e-05,0.060320526361465454,0.9393319487571716
6904,3,3,0.009701209142804146,1.1883345223395736e-06,0.02284863404929638,0.9674490094184875
6905,2,2,0.0002069167821900919,4.0096693965097074e-07,0.910622775554657,0.08916990458965302
6906,2,2,0.0046763792634010315,0.000719057978130877,0.992911159992218,0.0016934380400925875
6907,1,1,6.488172220997512e-05,0.9992856383323669,0.0002895361394621432,0.00036001906846649945
6908,3,3,1.0732740065577673e-06,1.2626995271602937e-07,2.6811785573954694e-06,0.9999961853027344
6909,1,1,0.0001186088629765436,0.9937390089035034,0.0014096555532887578,0.004732721019536257
6910,3,2,0.07312626391649246,0.00041464055539108813,0.664284348487854,0.2621747553348541
6911,3,3,0.0001595284993527457,5.4466022447741125e-06,0.0016671743942424655,0.9981677532196045
6912,3,3,2.4778217266430147e-05,2.540384400617768e-07,8.065525435085874e-06,0.9999668598175049
6913,0,0,0.8633668422698975,1.0019542060035747e-05,0.1350875347852707,0.0015355470823124051
6914,0,0,0.8286001682281494,0.0017404125537723303,0.1098453626036644,0.05981402471661568
6915,1,1,1.8852692846849095e-06,0.9992874264717102,0.00019730735220946372,0.00051347934640944
6916,2,2,0.0004563306283671409,8.060465916059911e-06,0.9993014335632324,0.0002341076615266502
6917,2,2,0.16291654109954834,0.0016385425115004182,0.8323122262954712,0.003132630605250597
6918,1,1,1.120741853810614e-05,0.9999873638153076,1.2099789046260412e-06,2.250156825311933e-07
6919,0,3,0.2504587769508362,0.05928003415465355,0.2489313930273056,0.4413297176361084
6920,2,2,0.030215222388505936,0.0031690355390310287,0.7958214282989502,0.17079436779022217
6921,2,2,0.0002503404684830457,2.1467244550876785e-06,0.9996564388275146,9.10740127437748e-05
6922,1,1,0.0010953480377793312,0.9987925291061401,5.342231452232227e-05,5.873698682989925e-05
6923,1,1,1.9555529434001073e-05,0.9999792575836182,7.859566153456399e-08,1.0601968369883252e-06
6924,1,1,0.0007390618557110429,0.9956642985343933,0.0008391824667342007,0.002757434034720063
6925,2,2,0.0004852416750509292,7.884714432293549e-05,0.9846190810203552,0.01481679454445839
6926,3,3,1.4772584222555452e-07,2.2097361807027482e-07,0.004136119037866592,0.9958634376525879
6927,1,1,0.003620046889409423,0.9943441152572632,0.0019222222035750747,0.00011366534454282373
6928,1,1,0.00032082886900752783,0.9994847774505615,0.00017842158558778465,1.6009133105399087e-05
6929,0,0,0.9761847257614136,0.0014788475818932056,0.00040689954767003655,0.021929463371634483
6930,1,1,0.0010907563846558332,0.9984946250915527,0.00021966682106722146,0.00019494316074997187
6931,2,2,0.02597752958536148,3.810388761849026e-06,0.9160515069961548,0.05796724930405617
6932,1,1,1.108907144953264e-05,0.9999839067459106,1.992612169487984e-06,2.9447046472341754e-06
6933,1,1,0.0077072675339877605,0.9914224743843079,0.0007753709796816111,9.49204622884281e-05
6934,2,2,0.0041702548041939735,4.414250270201592e-06,0.994350790977478,0.0014745451044291258
6935,0,0,0.999315619468689,1.8348891899222508e-06,7.5553061833488755e-06,0.0006750972243025899
6936,3,2,0.010456311516463757,1.9154469555360265e-05,0.700438380241394,0.2890861928462982
6937,2,2,0.0026982263661921024,1.917684812724474e-06,0.9557772874832153,0.04152250662446022
6938,2,3,0.004403812810778618,0.0012413312215358019,0.28061527013778687,0.7137396335601807
6939,1,1,0.00024096277775242925,0.9997279047966003,9.593995855539106e-06,2.1621661289827898e-05
6940,2,2,0.006648293696343899,1.9385490304557607e-05,0.7960894703865051,0.1972428411245346
6941,1,1,0.00022014665591996163,0.9984642267227173,0.001235809177160263,7.986028504092246e-05
6942,0,0,0.9962108135223389,3.7474922010005685e-06,3.355466833454557e-05,0.0037517924793064594
6943,3,3,0.0013229354517534375,1.801669532142114e-05,0.15514008700847626,0.8435189723968506
6944,1,1,1.0756642950582318e-05,0.999984860420227,2.9478819385531096e-08,4.44719353254186e-06
6945,0,0,0.9999995231628418,9.113922949666176e-09,1.9511485760403957e-08,4.578085963657941e-07
6946,0,0,0.9948615431785583,2.94566634693183e-05,0.0036939058918505907,0.0014150914503261447
6947,2,2,0.00027897482505068183,1.0560090686340118e-06,0.8816044926643372,0.11811552196741104
6948,0,0,0.999984622001648,6.176055649120826e-07,1.6879929489732604e-06,1.3098590898152906e-05
6949,0,0,0.9958374500274658,9.860703721642494e-05,0.003793856594711542,0.00027014812803827226
6950,2,2,0.013699552044272423,0.06957146525382996,0.7841228246688843,0.1326061487197876
6951,3,0,0.742828905582428,0.14562104642391205,2.7486265025800094e-05,0.11152252554893494
6952,0,0,0.9999933242797852,1.4870115592202637e-06,3.2985790312523022e-06,1.8395583083474776e-06
6953,3,3,1.5782987929924275e-06,5.106638223395521e-09,0.00027366122230887413,0.9997246861457825
6954,2,2,0.00032595559605397284,2.6427029297337867e-05,0.9995195865631104,0.00012796134978998452
6955,1,1,0.007532868534326553,0.9891383051872253,0.002844502218067646,0.000484241871163249
6956,3,3,2.8642960387514904e-05,4.4787652768718544e-06,0.07084206491708755,0.9291248321533203
6957,3,3,0.00022323045413941145,8.274562424048781e-05,0.011643264442682266,0.9880507588386536
6958,3,3,7.190721476035833e-07,7.713263272535187e-08,0.002601630985736847,0.9973975419998169
6959,2,2,0.2886824607849121,0.10997912287712097,0.5074333548545837,0.09390505403280258
6960,0,0,0.999051034450531,8.751332643441856e-06,0.0008891719626262784,5.1073413487756625e-05
6961,2,2,0.0040617152117192745,4.2111070797545835e-05,0.9951777458190918,0.0007183962152339518
6962,0,0,0.9623124003410339,7.394907879643142e-05,0.0005406653508543968,0.03707299754023552
6963,1,1,0.004478137940168381,0.9934406876564026,0.001894284039735794,0.00018684548558667302
6964,0,0,0.9878580570220947,0.0002837006759364158,0.011266462504863739,0.0005917467060498893
6965,0,2,0.23656868934631348,0.00017663260223343968,0.5971977710723877,0.16605688631534576
6966,2,2,5.2410527132451534e-05,1.7004282426569262e-06,0.9998886585235596,5.7162196753779426e-05
6967,0,0,0.9940053820610046,5.904748377361102e-06,0.005448811687529087,0.0005398523062467575
6968,3,3,0.05276922509074211,3.3306005207123235e-05,0.00036262962385080755,0.9468348026275635
6969,2,2,0.03145984187722206,8.300798799609765e-05,0.8891100287437439,0.079347163438797
6970,2,2,0.0018034460954368114,6.550658872583881e-05,0.9976701140403748,0.00046088610542938113
6971,3,3,1.5220815896554996e-07,5.187031320019742e-07,0.003745744004845619,0.9962536096572876
6972,3,3,0.0002341967192478478,1.575032001710497e-05,0.0028435643762350082,0.9969064593315125
6973,0,2,0.11165653169155121,0.00014884874690324068,0.8446913957595825,0.043503258377313614
6974,2,2,3.1647799914935604e-05,9.46765339904232e-07,0.999836802482605,0.00013052011490799487
6975,3,3,0.0005629275110550225,1.3179422239772975e-05,1.9119941498502158e-05,0.999404788017273
6976,0,0,0.9745203852653503,0.0004581104149110615,0.00026476517086848617,0.024756763130426407
6977,1,1,0.00023192845401354134,0.9996280670166016,1.1573646361284773e-06,0.00013887767272535712
6978,1,1,8.158271157299168e-06,0.9999915361404419,4.295235722651114e-09,3.326570094941417e-07
6979,1,1,0.020079433917999268,0.9771780967712402,0.002174118533730507,0.0005683656199835241
6980,2,2,0.28146904706954956,0.2936260402202606,0.40898191928863525,0.015922976657748222
6981,2,2,0.043475862592458725,0.004151970613747835,0.6676334738731384,0.28473860025405884
6982,2,2,0.0002328029804630205,1.8113560145138763e-05,0.9770793318748474,0.022669712081551552
6983,0,0,0.9998986721038818,3.1675423883825715e-07,7.180155989772175e-07,0.00010025472874986008
6984,3,3,0.001053971704095602,0.0016941225621849298,0.001607696758583188,0.995644211769104
6985,0,2,0.19730035960674286,0.000918011530302465,0.7895244359970093,0.012257196940481663
6986,2,2,1.9360836631676648e-06,9.010497592498723e-07,0.9999856948852539,1.1497864761622623e-05
6987,0,0,0.6454002857208252,0.0029397145844995975,0.023307256400585175,0.32835274934768677
6988,1,1,0.004291730001568794,0.9955881834030151,8.711768168723211e-05,3.294775524409488e-05
6989,2,2,0.039564818143844604,0.00015289901057258248,0.9531446695327759,0.007137640379369259
6990,0,0,0.9706748723983765,0.006968762259930372,0.014764691703021526,0.007591718807816505
6991,3,3,0.001367084914818406,1.872060602181591e-05,0.45232149958610535,0.5462927222251892
6992,3,2,0.0006768237799406052,5.268884342513047e-05,0.6212433576583862,0.37802717089653015
6993,2,2,0.005439856555312872,0.00027867910102941096,0.728120744228363,0.2661607265472412
6994,1,1,0.0004840688779950142,0.9994749426841736,5.337920811143704e-06,3.56363489117939e-05
6995,1,1,0.0076010217890143394,0.9922947883605957,9.837021025305148e-06,9.43800769164227e-05
6996,2,2,0.007119735702872276,0.00017296947771683335,0.8581454157829285,0.1345619112253189
6997,2,2,0.049995921552181244,0.001326242578215897,0.8266395926475525,0.12203825265169144
6998,0,0,0.9993228912353516,1.1135163902054046e-07,0.0001900799252325669,0.000486924487631768
6999,3,3,5.68197128814063e-06,2.1535714722631383e-07,0.00042371838935650885,0.9995703101158142
7000,3,3,0.00043351654312573373,0.0004467257531359792,0.05245685577392578,0.9466629028320312
7001,2,2,0.03906114399433136,0.00027300333022139966,0.5326217412948608,0.4280441403388977
7002,3,3,0.0006353271892294288,4.349377195467241e-05,0.0403546467423439,0.9589665532112122
7003,3,3,1.1073827863583574e-06,4.750378312934345e-09,9.686632256489247e-05,0.9999020099639893
7004,3,3,0.04319905489683151,0.00011513344361446798,1.4344651617648196e-06,0.9566842913627625
7005,2,2,0.00029586709570139647,1.458176484447904e-05,0.9995229244232178,0.00016661835252307355
7006,1,1,0.0011382570955902338,0.9981228709220886,0.0005116437678225338,0.0002272036363137886
7007,1,1,0.07829003781080246,0.920833170413971,1.5451523722731508e-06,0.0008751801797188818
7008,2,2,0.030566032975912094,0.06135743483901024,0.8350887894630432,0.07298777252435684
7009,1,1,2.7175763534614816e-05,0.999971866607666,6.755153663107194e-07,2.4269459686365735e-07
7010,1,1,7.733011671007262e-07,0.9999868869781494,1.2242743650858756e-05,1.5730115876522177e-07
7011,1,1,0.00045161438174545765,0.9992374181747437,2.083594154100865e-06,0.00030881466227583587
7012,1,1,0.007849867455661297,0.9914844632148743,0.0004499133210629225,0.0002156477130483836
7013,2,2,0.010804583318531513,0.0019520159112289548,0.6646263599395752,0.3226170539855957
7014,3,3,0.17969484627246857,0.005723709240555763,0.016531385481357574,0.7980501055717468
7015,3,3,0.07416565716266632,1.8062257822748506e-06,0.12463639676570892,0.8011961579322815
7016,1,1,0.15383854508399963,0.7899639010429382,0.048524580895900726,0.007672958541661501
7017,0,3,0.1415710598230362,6.728348671458662e-05,0.009035882540047169,0.8493256568908691
7018,0,0,0.7485812902450562,0.0009774492355063558,0.09468675404787064,0.15575456619262695
7019,1,1,0.0001965245755854994,0.9996435642242432,0.00015428980987053365,5.5420327953470405e-06
7020,2,2,1.3179374036553781e-07,1.6268157878585043e-06,0.9996110796928406,0.00038715475238859653
7021,0,0,0.9997071623802185,3.964042480220087e-05,8.244253695011139e-05,0.00017069722525775433
7022,0,0,0.9859753251075745,0.0001241582358488813,0.00775486696511507,0.0061456868425011635
7023,3,3,0.002140875207260251,3.403933078516275e-05,0.0631193071603775,0.9347057938575745
7024,0,0,0.9902526140213013,0.00023251846141647547,0.007965429686009884,0.0015493553364649415
7025,0,0,0.9903849363327026,6.447052874136716e-05,0.0005621602758765221,0.008988344110548496
7026,2,2,6.0468268202384934e-05,5.256001713860314e-06,0.9994131326675415,0.0005210918607190251
7027,3,3,0.0026202555745840073,0.0003987218951806426,5.063425487605855e-05,0.9969304203987122
7028,2,2,0.0003773905336856842,8.611177327111363e-05,0.9955835938453674,0.003952854312956333
7029,0,0,0.999998927116394,6.714342504210435e-08,2.112577419666195e-07,8.094824011095625e-07
7030,2,1,0.1584589034318924,0.5884330868721008,0.11777359247207642,0.13533440232276917
7031,3,3,0.07728215306997299,0.02910280041396618,0.0004633976495824754,0.8931516408920288
7032,0,0,0.48610252141952515,0.0017681806348264217,0.06068143621087074,0.45144781470298767
7033,2,2,0.1648404747247696,0.003981695044785738,0.8050951361656189,0.026082679629325867
7034,0,0,0.9992707371711731,1.429840494893142e-06,0.00025181769160553813,0.0004760057490784675
7035,3,3,0.0005349887069314718,3.787496098084375e-05,0.002313727280125022,0.9971133470535278
7036,3,3,0.05315133556723595,8.632632670924067e-07,0.04284973815083504,0.9039980173110962
7037,0,0,0.9747222661972046,0.00043528154492378235,0.003651132108643651,0.0211913101375103
7038,3,3,0.020121239125728607,1.6464015061501414e-05,0.004776780493557453,0.9750854969024658
7039,2,2,0.00459258770570159,0.0010999370133504272,0.9898207187652588,0.004486702848225832
7040,3,3,0.11472154408693314,0.01068943366408348,0.04147958382964134,0.8331094980239868
7041,0,0,0.997122585773468,0.00020166434114798903,0.001770765520632267,0.0009050078224390745
7042,2,2,0.0027606182266026735,3.1148251764534507e-06,0.9971354007720947,0.00010084774839924648
7043,2,2,0.0411410816013813,1.9710088963620365e-05,0.9561755061149597,0.002663685940206051
7044,3,3,0.002154859248548746,0.011119464412331581,2.9293243642314337e-05,0.9866964221000671
7045,2,2,0.0010277661494910717,4.8772468289826065e-05,0.9966278672218323,0.002295509912073612
7046,2,2,0.00048202386824414134,0.0001096732885343954,0.8656945824623108,0.1337137371301651
7047,1,1,0.00013338318967726082,0.9998624324798584,2.428707190915702e-08,4.1786906876950525e-06
7048,3,3,3.6765375170944026e-06,1.1659690102305831e-07,0.0028481960762292147,0.9971479773521423
7049,3,3,0.00028289115289226174,1.1700767288402858e-07,0.03652305155992508,0.9631938934326172
7050,2,2,1.3154340194887482e-05,4.785899363923818e-06,0.999955415725708,2.6680927476263605e-05
7051,2,3,0.0008676431025378406,0.0004673361836466938,0.14998888969421387,0.8486761450767517
7052,3,3,3.410716544749448e-06,2.1827919027828102e-08,7.030207029856683e-07,0.9999958276748657
7053,0,0,0.9999630451202393,7.502432453065921e-08,3.469176226644777e-05,2.1316311631380813e-06
7054,3,3,1.2848673804910504e-06,7.64677849929285e-07,2.613751894386951e-05,0.999971866607666
7055,3,3,5.811810478917323e-05,8.769452506385278e-06,0.0036443385761231184,0.9962887763977051
7056,2,2,0.18873028457164764,3.991887570009567e-05,0.8075810074806213,0.003648835700005293
7057,2,2,0.00016720639541745186,1.560707278258633e-05,0.999809205532074,8.043761226872448e-06
7058,0,0,0.997068464756012,4.076041761891247e-07,0.0006559279281646013,0.0022752501536160707
7059,3,3,0.26190492510795593,0.013755271211266518,0.0004395086143631488,0.723900318145752
7060,3,3,0.0013437801972031593,0.0002799336798489094,0.0001847920793807134,0.9981914162635803
7061,2,3,0.007858525961637497,0.018654121086001396,0.2577812373638153,0.7157061100006104
7062,3,3,1.7935583400685573e-06,5.947886450030637e-08,0.0001270516513613984,0.9998711347579956
7063,0,0,0.965684175491333,8.702141349203885e-05,0.0018471473595127463,0.032381560653448105
7064,1,1,0.0038023721426725388,0.9961812496185303,4.38177323758282e-07,1.5950163287925534e-05
7065,0,0,0.9786790013313293,2.536889098792017e-07,0.020657451823353767,0.0006633222219534218
7066,1,1,0.0006800666451454163,0.9993197917938232,1.8796795231423857e-09,6.295243082377056e-08
7067,3,3,7.0603246058453806e-06,1.8063666118450783e-08,6.784691504435614e-05,0.9999251365661621
7068,3,2,5.5289156080107205e-06,6.2039434851612896e-06,0.9448925852775574,0.05509566143155098
7069,1,1,8.194320253096521e-05,0.9997507929801941,6.1935686801462e-08,0.00016715071978978813
7070,2,2,0.012332882732152939,0.0031449913512915373,0.9692574143409729,0.015264744870364666
7071,0,0,0.9995670914649963,6.578495231224224e-06,1.3401144087765715e-06,0.00042505789315328
7072,1,1,0.0006319821113720536,0.9983002543449402,1.5119642739591654e-05,0.001052651321515441
7073,0,2,0.46666374802589417,0.0128538953140378,0.5016468167304993,0.01883561722934246
7074,2,2,0.16097137331962585,3.451344309723936e-05,0.6477445363998413,0.19124959409236908
7075,2,2,0.017951417714357376,5.410463472799165e-07,0.9817849397659302,0.0002630892558954656
7076,0,0,0.9887575507164001,0.0005953265354037285,0.008887453004717827,0.0017596520483493805
7077,0,0,0.9143957495689392,0.07984756678342819,0.0010969300055876374,0.004659728147089481
7078,1,1,0.007019993383437395,0.9880527257919312,0.004608939401805401,0.0003183367953170091
7079,0,0,0.9993040561676025,5.957810571999289e-06,0.00030989115475676954,0.0003801576094701886
7080,2,2,0.00023313412384595722,3.481026851659408e-06,0.9897556900978088,0.010007647797465324
7081,2,3,0.10600066184997559,0.003493457566946745,0.2413588911294937,0.6491469740867615
7082,2,2,3.822220605798066e-06,2.400069433861063e-06,0.9798178672790527,0.020175905898213387
7083,3,3,0.0007989724399521947,0.000404586287913844,0.10698582977056503,0.8918105363845825
7084,3,3,0.0008994508534669876,4.243948694693245e-07,8.748096297495067e-05,0.9990125894546509
7085,1,1,1.815995892684441e-05,0.9999587535858154,1.3861241313861683e-05,9.171643796435092e-06
7086,0,0,0.999977707862854,1.2868443945990293e-06,5.749398951593321e-06,1.5274797988240607e-05
7087,0,0,0.9971659779548645,0.0018745994893833995,0.0009130111429840326,4.632412310456857e-05
7088,1,1,0.009161327965557575,0.9890211224555969,0.0005906936712563038,0.0012268975842744112
7089,3,3,0.05287633836269379,0.00990704633295536,0.021404311060905457,0.9158123135566711
7090,1,1,0.0006962966872379184,0.9981478452682495,0.00045777857303619385,0.0006980776088312268
7091,0,0,0.9839388728141785,0.0009166582603938878,0.0011776143219321966,0.013966883532702923
7092,3,3,0.07881615310907364,0.0003494851116556674,0.0034171307925134897,0.9174172282218933
7093,3,3,3.896372072631493e-05,1.6879765098565258e-05,0.00014037263463251293,0.9998037219047546
7094,1,1,5.885909195058048e-05,0.9999368190765381,9.415660997547093e-07,3.368442094142665e-06
7095,1,1,0.010698243975639343,0.9883776307106018,0.0008897463558241725,3.4451655665179715e-05
7096,3,3,2.938994384749094e-06,6.836775355623104e-06,0.0003327523299958557,0.9996575117111206
7097,3,3,0.0001631014747545123,5.659547241521068e-06,0.0012625431409105659,0.9985686540603638
7098,2,2,3.230097354389727e-05,0.00011167459888383746,0.9994354844093323,0.00042058282997459173
7099,0,0,0.9912816286087036,0.0001045613971655257,0.006253955885767937,0.00235987501218915
7100,2,2,0.011746431700885296,0.02586432546377182,0.584965169429779,0.3774240016937256
7101,0,0,0.9999133348464966,7.778799954394344e-06,7.736021507298574e-05,1.563817818350799e-06
7102,3,3,8.571453690819908e-06,0.00038002460496500134,0.06301340460777283,0.936598002910614
7103,2,2,0.008188710547983646,0.006802934687584639,0.9755837917327881,0.00942456815391779
7104,2,2,0.0009340652031823993,0.001170861884020269,0.9955754280090332,0.00231973547488451
7105,1,1,0.0001291257794946432,0.9996040463447571,0.00010142469545826316,0.000165436853421852
7106,2,2,0.0002890271716751158,5.825027528771898e-06,0.9964099526405334,0.003295200178399682
7107,1,1,2.824489229169558e-07,0.9999990463256836,2.6221940174764313e-07,3.755238537905825e-07
7108,2,2,0.052544187754392624,0.011564088985323906,0.8823197484016418,0.05357198417186737
7109,2,2,0.0032955599017441273,7.057461334625259e-05,0.99045729637146,0.00617648521438241
7110,0,0,0.6330297589302063,0.026118678972125053,0.32176148891448975,0.019089974462985992
7111,3,3,0.022897589951753616,0.0006450965302065015,0.03602439910173416,0.9404329061508179
7112,3,3,0.006754926405847073,0.127909317612648,0.2746325135231018,0.5907032489776611
7113,1,1,0.00042325383401475847,0.9994422793388367,6.549740646732971e-05,6.898771971464157e-05
7114,2,2,0.00045547151239588857,1.1134166015835945e-06,0.9995130300521851,3.0324496037792414e-05
7115,2,2,0.0037421658635139465,3.364649091963656e-05,0.9941763877868652,0.0020478046499192715
7116,2,2,0.02600189857184887,0.001001864206045866,0.9706479907035828,0.002348235808312893
7117,2,2,0.0036103148013353348,0.0014815975446254015,0.9711102843284607,0.023797892034053802
7118,0,0,0.9943335056304932,0.00023057158978190273,0.0037447817157953978,0.0016910819103941321
7119,2,2,0.0019670140463858843,1.3698216889679315e-06,0.9933027029037476,0.004728902131319046
7120,3,3,2.671639833806694e-07,2.124947684478684e-08,0.001736380043439567,0.998263418674469
7121,2,2,0.0001738345599733293,1.5924832041491754e-05,0.9904966354370117,0.00931363832205534
7122,3,2,0.03487282618880272,1.9837178115267307e-05,0.6261987090110779,0.33890867233276367
7123,1,1,0.0011318710166960955,0.9868086576461792,0.008075517602264881,0.003983897157013416
7124,2,2,0.011025836691260338,0.00035655638203024864,0.910963773727417,0.07765387743711472
7125,3,3,7.456443199771456e-06,1.8556711722794716e-08,3.565316001186147e-05,0.9999568462371826
7126,3,3,4.728462590719573e-05,1.9243318092776462e-05,0.0013797477586194873,0.9985536932945251
7127,1,1,0.007481563836336136,0.991705060005188,2.970126615764457e-06,0.0008104271255433559
7128,1,1,0.00018670842109713703,0.9998053908348083,7.144096798583632e-06,7.887875881351647e-07
7129,3,3,1.3130998866017762e-07,1.0650681225854441e-08,0.0008186387713067234,0.9991812109947205
7130,2,2,8.279601752292365e-05,0.00016058188339229673,0.9992156028747559,0.0005410660523921251
7131,2,2,0.4451158046722412,0.03192302584648132,0.4995439648628235,0.023417172953486443
7132,0,0,0.4897783398628235,0.0005951467319391668,0.06697499006986618,0.44265154004096985
7133,0,0,0.9856045246124268,0.001433440949767828,0.004908493719995022,0.008053579367697239
7134,2,2,6.640635547228158e-05,6.875447434140369e-05,0.9528387784957886,0.04702597111463547
7135,2,2,0.010243309661746025,0.013650004751980305,0.9625673294067383,0.013539259321987629
7136,3,3,0.0005009094602428377,1.827699270506855e-05,0.0023151973728090525,0.9971656203269958
7137,0,0,0.998948872089386,0.0005916416412219405,1.4933337297406979e-05,0.0004446079256013036
7138,1,1,1.4132618161966093e-05,0.9998164772987366,1.5595938748447224e-05,0.00015391097986139357
7139,3,3,3.981559075327823e-06,3.655267422075781e-09,1.056475502991816e-05,0.9999854564666748
7140,0,0,0.9432373642921448,0.0013146738056093454,0.007417254615575075,0.048030655831098557
7141,1,1,0.0020046208519488573,0.9977832436561584,0.00017852529708761722,3.362987990840338e-05
7142,1,1,4.007395546068437e-06,0.9999791383743286,1.529315886728e-05,1.5749681097076973e-06
7143,1,1,0.0003577448951546103,0.9995065927505493,0.00010234344517812133,3.333345375722274e-05
7144,0,0,0.9522259831428528,0.011716232635080814,0.01913551799952984,0.016922220587730408
7145,0,0,0.9751554727554321,0.0013844125205650926,0.0200697910040617,0.003390311961993575
7146,2,2,0.0036574380937963724,8.8520037024864e-06,0.6736207008361816,0.3227130174636841
7147,3,3,0.0014541239943355322,0.0010952061275020242,0.11217303574085236,0.8852775692939758
7148,3,2,0.0025598963256925344,0.00016687146853655577,0.9378852844238281,0.059387993067502975
7149,1,1,0.0030081660952419043,0.962578296661377,0.01997380703687668,0.014439720660448074
7150,1,1,2.2433419871958904e-05,0.999944806098938,9.020046491059475e-06,2.373618735873606e-05
7151,1,1,1.1424392141634598e-05,0.9999455213546753,4.1068884456763044e-05,2.0796910575882066e-06
7152,1,1,0.0017649335786700249,0.9982175230979919,1.632746534596663e-05,1.1611227819230407e-06
7153,1,1,8.558926492696628e-05,0.9990876913070679,0.0004292365338187665,0.0003974573337472975
7154,3,3,2.0484210381255252e-06,6.421712939186364e-09,3.776695223223214e-08,0.9999978542327881
7155,1,1,1.0913936421275139e-05,0.9999231100082397,6.464829493779689e-05,1.2637907502721646e-06
7156,1,1,0.00045860299724154174,0.9993119239807129,9.316138311987743e-05,0.00013626122381538153
7157,3,3,0.12568975985050201,0.0012034645769745111,0.005315160844475031,0.8677916526794434
7158,2,2,0.007431245408952236,0.00018114388512913138,0.96543949842453,0.026948219165205956
7159,0,0,0.999288022518158,0.0003881022857967764,0.00018626864766702056,0.00013759761350229383
7160,1,1,0.00020074484928045422,0.9997764229774475,2.0676538042607717e-05,2.1081839349790243e-06
7161,1,1,4.365361121472233e-07,0.9999982118606567,7.928481977614865e-07,6.342053779917478e-07
7162,1,1,1.0772011592052877e-05,0.9999887943267822,1.7526369333609182e-07,2.592547616586671e-07
7163,0,0,0.8831816911697388,0.00015538875595666468,0.04799870774149895,0.06866421550512314
7164,1,2,0.0166097991168499,0.06520777940750122,0.9169195294380188,0.0012628304539248347
7165,1,1,0.00011975649977102876,0.9996902942657471,5.559446071856655e-05,0.00013445643708109856
7166,1,1,1.9669552784762345e-05,0.9999631643295288,4.683879524236545e-06,1.2522213182819542e-05
7167,0,0,0.9999982118606567,6.489538861842448e-08,8.719817401470209e-07,8.958993475971511e-07
7168,1,1,0.27942925691604614,0.718403697013855,2.494103625849675e-07,0.0021667664404958487
7169,1,1,0.0002670487156137824,0.9995521903038025,0.00010379214654676616,7.691699283896014e-05
7170,0,0,0.9997662901878357,1.9778510250034742e-05,6.39664867776446e-05,0.0001499304489698261
7171,0,0,0.9736663699150085,0.0051804762333631516,0.002573566045612097,0.01857954077422619
7172,0,0,0.9974544644355774,0.0005739444168284535,7.476285645680036e-06,0.0019640675745904446
7173,2,2,0.0034783536102622747,0.0016892865533009171,0.8138719797134399,0.1809602826833725
7174,1,1,0.004434291739016771,0.9945381283760071,0.0005782555090263486,0.00044930705917067826
7175,1,1,0.0001997056824620813,0.9979416728019714,0.00016718992264941335,0.001691389363259077
7176,0,0,0.9999971389770508,4.743630821479883e-09,2.085431106024771e-06,8.828368436297751e-07
7177,3,3,0.0002500412811059505,5.181116193853086e-07,0.026011036708950996,0.9737384915351868
7178,0,0,0.9980140924453735,0.0005746401147916913,0.00042669184040278196,0.0009845837485045195
7179,0,0,0.9976855516433716,0.00040255411295220256,5.873138798051514e-05,0.001853113528341055
7180,0,0,0.9982181191444397,0.00023510947357863188,0.0007936402107588947,0.0007531421724706888
7181,2,2,0.05514088273048401,0.002193876774981618,0.9415180683135986,0.0011471569305285811
7182,1,1,0.018999241292476654,0.9790231585502625,0.0009856027318164706,0.0009920273441821337
7183,1,1,6.900713196955621e-05,0.9997368454933167,0.00012730697926599532,6.685148400720209e-05
7184,1,1,0.00020207175111863762,0.9997976422309875,1.0954336460144987e-07,2.815291111346596e-07
7185,1,1,3.1803061574464664e-05,0.9999631643295288,5.016775958210928e-06,3.2549497319678267e-08
7186,1,1,0.026053065434098244,0.9549750685691833,0.01449842844158411,0.004473471082746983
7187,0,0,0.9995860457420349,2.126794606738258e-05,0.00011873592302436009,0.0002739744377322495
7188,1,1,0.0036224876530468464,0.9937480688095093,0.002566800219938159,6.264215335249901e-05
7189,2,2,0.0075935255736112595,0.001052595442160964,0.9444201588630676,0.046933695673942566
7190,1,1,1.6448953829240054e-05,0.9999834299087524,1.552508024360577e-07,2.1147407380794903e-08
7191,1,1,0.002962998580187559,0.9966731071472168,0.00034717077505774796,1.6767080524004996e-05
7192,1,1,6.540989852510393e-05,0.9999333620071411,6.877344276290387e-07,4.4491130779533705e-07
7193,1,1,5.060472176410258e-06,0.9999628067016602,2.3570057692268165e-06,2.9778373573208228e-05
7194,3,3,9.565253276377916e-05,5.4354973855197386e-08,0.00044210455962456763,0.9994623064994812
7195,0,0,0.9999788999557495,3.0878304642101284e-06,8.50367814564379e-06,9.49813511397224e-06
7196,1,1,5.81028302804043e-07,0.9999988079071045,1.1655871645643856e-07,4.6699935296601325e-07
7197,0,0,0.9999971389770508,1.624341507522331e-06,3.928489036297833e-07,8.310570365210879e-07
7198,0,0,0.9727441668510437,0.016066504642367363,0.0005399216315709054,0.01064938586205244
7199,1,1,0.0016789695946499705,0.9983172416687012,6.137881314316473e-08,3.7883728509768844e-06
7200,0,0,0.9999785423278809,1.2913996272345685e-07,7.401838047371712e-06,1.397017877025064e-05
7201,1,1,5.969412814010866e-05,0.9996752738952637,0.0001049878919729963,0.0001600298855919391
7202,3,3,0.0011927258456125855,1.3586267414211761e-05,0.41832542419433594,0.5804682374000549
7203,0,0,0.9730081558227539,0.00018208686378784478,0.024244435131549835,0.002565272618085146
7204,2,2,0.0002698093594517559,0.00017869028670247644,0.9983034133911133,0.001248077373020351
7205,3,3,0.014433449134230614,3.601370917749591e-05,0.08735523372888565,0.8981752991676331
7206,3,3,0.008305533789098263,0.0001421380729880184,9.085786587093025e-06,0.991543173789978
7207,3,3,0.003615111345425248,4.177742812316865e-05,0.08785852789878845,0.9084845185279846
7208,0,0,0.9994508624076843,1.246914325747639e-05,0.0005094304215162992,2.720521115406882e-05
7209,2,2,0.0030125060584396124,0.00024020278942771256,0.9409904479980469,0.05575684830546379
7210,2,2,0.13089677691459656,0.10486803948879242,0.5707716345787048,0.193463534116745
7211,1,1,6.268510333029553e-05,0.9998918771743774,1.980488946173864e-07,4.5227014197735116e-05
7212,1,1,0.001366358483210206,0.9986164569854736,5.121824415255105e-06,1.1979916962445714e-05
7213,1,1,0.00307981064543128,0.9968776702880859,3.3815507777035236e-05,8.617712410341483e-06
7214,2,2,0.0014082820853218436,3.3565978810656816e-05,0.9973795413970947,0.0011785447131842375
7215,3,1,0.0754685029387474,0.4550701379776001,0.2742365002632141,0.19522495567798615
7216,2,2,0.01127663068473339,0.0001837032614275813,0.9795452356338501,0.008994393981993198
7217,2,2,0.05160766839981079,0.0002213841216871515,0.6799327731132507,0.2682381868362427
7218,1,1,8.946151501731947e-05,0.999832034111023,9.79418200586224e-06,6.87011270201765e-05
7219,0,0,0.8796378970146179,0.0158831924200058,0.023301078006625175,0.08117785304784775
7220,0,0,0.9980626702308655,0.0005830164882354438,0.0008876338833943009,0.00046677072532474995
7221,1,1,0.0021122624166309834,0.9972180128097534,0.0002965442545246333,0.0003731909382622689
7222,1,1,0.0017343495273962617,0.8727592825889587,0.06513747572898865,0.06036883220076561
7223,2,2,0.0017750888364389539,0.0016161026433110237,0.9956325888633728,0.0009761527762748301
7224,0,0,0.9191721677780151,0.010444351471960545,0.061017896980047226,0.00936566200107336
7225,0,0,0.9608328342437744,0.022470274940133095,0.014172413386404514,0.002524459734559059
7226,0,0,0.9997594952583313,7.273157279996667e-06,0.00018343217379879206,4.98267836519517e-05
7227,2,2,0.025235245004296303,0.00011369623825885355,0.973579466342926,0.001071577426046133
7228,2,0,0.9965558052062988,6.949705857550725e-05,0.003310225671157241,6.445743929361925e-05
7229,0,0,0.9993993043899536,4.289615390007384e-05,6.870663492009044e-05,0.0004890314885415137
7230,2,2,0.010997029952704906,0.0003951459366362542,0.9790974259376526,0.00951048918068409
7231,3,3,6.623638182645664e-05,1.3380084055825137e-05,0.007848733104765415,0.9920716881752014
7232,1,1,0.00215512583963573,0.9936513304710388,0.003773424541577697,0.00042011134792119265
7233,2,2,0.00842800922691822,0.0002551694051362574,0.9869278073310852,0.004388985689729452
7234,1,1,0.0007615901995450258,0.9992349147796631,3.5767985195889196e-07,3.1277631933335215e-06
7235,1,1,8.029178570723161e-05,0.9999158382415771,3.079971747865784e-06,8.226886052398186e-07
7236,2,2,0.05472572147846222,0.008290370926260948,0.9321631789207458,0.004820706322789192
7237,0,0,0.999947190284729,2.8856042263214476e-05,2.246299663966056e-05,1.5767768672958482e-06
7238,0,1,0.2245367020368576,0.7746520042419434,0.0007708462653681636,4.045806053909473e-05
7239,0,3,0.38696911931037903,0.00011993289808742702,0.1253947764635086,0.4875161647796631
7240,2,2,0.0386815071105957,0.0029838888440281153,0.8926199078559875,0.06571470946073532
7241,2,3,3.628136619227007e-05,7.700199944338237e-07,0.1780945360660553,0.8218684196472168
7242,2,2,0.00029368052491918206,0.00019463519856799394,0.9138251543045044,0.08568649739027023
7243,1,1,0.0005022272816859186,0.9994753003120422,1.9126833649352193e-05,3.3747987799870316e-06
7244,0,0,0.9999812841415405,6.426103595913446e-07,1.5813144273124635e-05,2.1692278551199706e-06
7245,0,0,0.9999324083328247,1.1213752259209286e-05,9.01153362065088e-06,4.7339024604298174e-05
7246,3,3,0.00014938798267394304,3.759840296879702e-07,0.002091745613142848,0.9977585077285767
7247,3,3,0.0004550011653918773,5.59186446480453e-05,0.02925349585711956,0.9702356457710266
7248,0,0,0.9980623126029968,0.00015367113519459963,2.4159602617146447e-05,0.001759905368089676
7249,2,2,0.0012207924155518413,6.057294740458019e-05,0.9983773231506348,0.00034139957278966904
7250,2,2,0.001871909131295979,2.1414345610537566e-05,0.9947951436042786,0.0033115134574472904
7251,2,2,0.025061726570129395,0.00010060607019113377,0.9732773303985596,0.0015603505307808518
7252,0,0,0.9999377727508545,1.4469643247139174e-05,7.460269898729166e-06,4.022743087261915e-05
7253,0,0,0.9999639987945557,2.934069243565318e-06,3.1362593290396035e-05,1.7115499986175564e-06
7254,1,1,0.0783093199133873,0.9175584316253662,0.003794780932366848,0.0003374708176124841
7255,3,3,0.00026423714007250965,3.242700040573254e-05,0.2294103354215622,0.7702929973602295
7256,0,0,0.965247631072998,0.0038275436963886023,0.030599238350987434,0.0003255631309002638
7257,0,0,0.9993554949760437,0.00017247199139092118,5.547491309698671e-05,0.0004165108548477292
7258,2,2,0.04936590418219566,0.0030937129631638527,0.8236254453659058,0.12391491234302521
7259,2,2,0.0024333056062459946,0.0002819451328832656,0.9910731911659241,0.006211522035300732
7260,3,3,2.920638053183211e-06,2.983614137974655e-07,0.006144990678876638,0.9938517808914185
7261,1,1,0.0005533837829716504,0.9991100430488586,0.00029123699641786516,4.525030090007931e-05
7262,3,3,0.16109049320220947,0.05754096060991287,0.30893993377685547,0.4724286198616028
7263,2,2,0.00947959627956152,0.010140777565538883,0.8683973550796509,0.11198227107524872
7264,0,0,0.9999991655349731,5.487527801051328e-07,4.1430702424349874e-08,3.3787532061069214e-07
7265,2,2,0.03439769148826599,9.539053280605003e-05,0.9228320717811584,0.042674943804740906
7266,2,2,0.0013272806536406279,1.0784891856019385e-05,0.9870020151138306,0.011659937910735607
7267,0,0,0.9996769428253174,2.038684101535182e-07,8.039813110372052e-06,0.00031485685030929744
7268,3,3,0.0015461448347195983,1.319885177508695e-05,0.0875382274389267,0.9109024405479431
7269,1,1,1.648692887101788e-06,0.9999982118606567,8.171437571036222e-08,1.8572139381944908e-08
7270,3,3,8.25125680421479e-05,1.3645633771375287e-05,0.008575753308832645,0.9913281798362732
7271,3,3,0.012813016772270203,1.4566938943971763e-06,0.004888051189482212,0.9822975397109985
7272,3,3,2.5045550501090474e-05,4.123597907579324e-09,0.00012959718878846616,0.9998453855514526
7273,3,3,0.0005267024389468133,2.9447784299918567e-07,0.048654504120349884,0.9508184194564819
7274,3,3,0.0005895539652556181,1.8584774807095528e-05,0.0009331040200777352,0.998458743095398
7275,3,3,0.0021193542052060366,4.656060627894476e-05,0.0035544245038181543,0.9942796230316162
7276,1,1,0.009526625275611877,0.9901264905929565,2.6376637833891436e-06,0.0003442894958425313
7277,0,0,0.9996508359909058,3.864608152071014e-05,0.00028838400612585247,2.2085700038587674e-05
7278,1,2,0.11391276121139526,0.17047564685344696,0.5184780359268188,0.19713348150253296
7279,1,1,0.006273522041738033,0.9754340648651123,0.0006252414314076304,0.01766728237271309
7280,0,0,0.9933346509933472,0.003909206949174404,0.001845930702984333,0.0009101517498493195
7281,1,1,1.3155732631275896e-05,0.9999821186065674,4.706544586952077e-06,4.3823945361509686e-08
7282,2,2,0.03127122297883034,0.011709718033671379,0.954810619354248,0.0022084987722337246
7283,1,1,0.0007339823641814291,0.9992465972900391,1.8210823327535763e-05,1.2215836022733129e-06
7284,0,0,0.9999845027923584,1.2367756880848901e-06,2.571976267518039e-07,1.3998790564073715e-05
7285,0,0,0.983267605304718,4.9018031859304756e-05,0.01475998293608427,0.0019234028877690434
7286,2,2,0.00024266185937449336,0.0001756960991770029,0.9990148544311523,0.0005667224759235978
7287,1,1,3.834840754279867e-05,0.9998588562011719,7.518758502556011e-05,2.7501728254719637e-05
7288,1,1,0.0335848443210125,0.8993168473243713,0.055481426417827606,0.011616788804531097
7289,1,1,4.242525051267876e-07,0.9999898672103882,8.798751309768704e-07,8.866158168530092e-06
7290,2,2,0.0021036341786384583,1.4272810403781477e-05,0.5026842951774597,0.4951978027820587
7291,3,3,0.02273702248930931,0.0008157468400895596,0.042372576892375946,0.9340746998786926
7292,0,0,0.8168034553527832,0.008484901860356331,0.13289868831634521,0.041812963783741
7293,3,3,5.9043079090770334e-05,3.1277811558538815e-06,0.017760083079338074,0.982177734375
7294,2,2,0.0012334521161392331,8.449851520708762e-06,0.9659744501113892,0.03278367221355438
7295,0,0,0.9999849796295166,1.502827196020462e-09,1.0493126865185332e-05,4.556192379823187e-06
7296,3,3,2.513886101951357e-06,2.267529225719045e-06,2.1070409275125712e-06,0.999993085861206
7297,3,3,2.622418469400145e-05,1.4898413382979925e-06,6.144090002635494e-05,0.9999109506607056
7298,1,1,0.020064745098352432,0.9744691848754883,0.0035316990688443184,0.0019344373140484095
7299,0,0,0.987644612789154,4.949793037667405e-06,0.000302525470033288,0.012047847732901573
7300,2,2,0.0019547012634575367,0.04166177287697792,0.8666868805885315,0.08969666808843613
7301,2,2,0.01797359809279442,6.45906402496621e-05,0.9773688316345215,0.00459300959482789
7302,3,3,6.10905590292532e-06,1.1746546988433693e-06,2.4296612537000328e-05,0.999968409538269
7303,2,2,0.00012607441749423742,0.00011688345693983138,0.7274783253669739,0.27227869629859924
7304,3,3,0.007580969482660294,0.0005007346626371145,0.024304412305355072,0.967613935470581
7305,3,2,0.2547193765640259,0.03283187001943588,0.570565938949585,0.14188282191753387
7306,3,2,0.017639776691794395,3.591476342990063e-05,0.5250464677810669,0.4572778046131134
7307,3,3,0.0002422806719550863,6.828556706750533e-07,0.10525435954332352,0.8945026993751526
7308,1,1,2.7035275707021356e-06,0.9999954700469971,1.8635181504578213e-06,3.8650014744234795e-08
7309,2,2,2.707311068661511e-05,2.6507050279178657e-06,0.9939151406288147,0.006055145990103483
7310,1,1,0.00044361394247971475,0.9995131492614746,2.7034597223973833e-05,1.6193702322198078e-05
7311,3,3,0.002044265391305089,1.2575179653140367e-06,0.07544466108083725,0.9225098490715027
7312,0,0,0.9999982118606567,7.741385843473836e-07,6.657205631199758e-07,2.698490106922691e-07
7313,0,0,0.9979838132858276,0.0009686161647550762,3.536359508871101e-05,0.0010122598614543676
7314,0,0,0.9995855689048767,1.1059300049964804e-05,0.000140381496748887,0.0002630437084008008
7315,1,1,0.00024022129946388304,0.9995929598808289,0.00012885210162494332,3.805706001003273e-05
7316,1,1,0.002718687057495117,0.9957441687583923,0.0013644517166540027,0.00017275135905947536
7317,1,1,4.269426062819548e-05,0.9996950626373291,0.00021826890588272363,4.396009535412304e-05
7318,2,2,0.0026264218613505363,0.0027983218897134066,0.9717397093772888,0.022835519164800644
7319,3,3,0.0015757516957819462,0.0010221056872978806,0.3988829255104065,0.5985192656517029
7320,0,0,0.999982476234436,1.8204102048002824e-07,1.2793767382390797e-05,4.620754680217942e-06
7321,2,2,0.010212495923042297,2.2807071218267083e-06,0.9892464280128479,0.0005387553828768432
7322,3,0,0.4583384692668915,0.00025633556651882827,0.13293132185935974,0.4084739089012146
7323,3,3,0.0009675780311226845,4.755292320623994e-05,0.006522484589368105,0.9924623966217041
7324,3,2,0.054916150867938995,0.0044283694587647915,0.5910323858261108,0.34962305426597595
7325,3,3,0.008090492337942123,7.706154428888112e-05,0.25199010968208313,0.7398423552513123
7326,1,3,0.0035918483044952154,0.19803614914417267,0.00011073851783294231,0.7982612252235413
7327,0,0,0.9997280240058899,4.5592237256641965e-06,3.755227226065472e-05,0.00022990266734268516
7328,2,2,0.0007209092145785689,5.053702807344962e-06,0.9988023042678833,0.00047165254363790154
7329,2,2,0.00010060922795673832,4.772190368385054e-05,0.5779871940612793,0.42186450958251953
7330,2,2,0.053954120725393295,0.0012073833495378494,0.8816106915473938,0.06322779506444931
7331,0,0,0.6608301401138306,0.0004312263336032629,0.17626728117465973,0.16247139871120453
7332,3,3,0.00013238612154964358,1.564393983244372e-07,0.08294039219617844,0.91692715883255
7333,2,2,0.08651701360940933,0.0005193939432501793,0.9123223423957825,0.0006412166985683143
7334,2,2,0.0010418191086500883,0.00042606197530403733,0.9397060871124268,0.058826033025979996
7335,3,3,2.11162132472964e-05,2.3578864727369364e-07,0.0008669598610140383,0.9991117119789124
7336,0,0,0.9996840953826904,0.00015756796346977353,0.00012289265578147024,3.544557330315001e-05
7337,2,2,0.018175996840000153,0.007116091437637806,0.974067747592926,0.0006402857834473252
7338,3,3,7.993463077582419e-05,2.3098162671431055e-07,0.03932734578847885,0.9605924487113953
7339,2,2,0.004758023656904697,5.483660515892552e-06,0.9938575625419617,0.0013788932701572776
7340,3,3,0.00019567893468774855,3.6740198083862197e-07,0.0006624724483117461,0.9991414546966553
7341,0,0,0.9995455145835876,5.355558641895186e-06,0.000293349614366889,0.00015570798132102937
7342,1,1,0.00030955244437791407,0.9993404746055603,0.00011659196752589196,0.00023339074687100947
7343,1,1,0.0013620536774396896,0.9895925521850586,0.00714498944580555,0.0019003237830474973
7344,0,0,0.9001739025115967,5.5245731346076354e-05,0.05515821650624275,0.04461261257529259
7345,1,1,3.7557387599918e-07,0.9999996423721313,2.692494005529511e-09,5.5841375967702334e-08
7346,3,3,2.3058546503307298e-06,1.6920959069466335e-06,0.0014469115994870663,0.9985490441322327
7347,1,1,0.0598284937441349,0.9045501351356506,0.032387301325798035,0.0032340523321181536
7348,3,3,1.1501628023324884e-06,1.1295925084198188e-08,2.17227466237091e-07,0.9999986886978149
7349,2,2,0.0011853018077090383,7.721125439275056e-05,0.9971109628677368,0.0016264609294012189
7350,1,1,0.008975586853921413,0.9348294734954834,0.04093772545456886,0.015257229097187519
7351,2,2,0.038388416171073914,0.00033057256950996816,0.9598126411437988,0.0014683142071589828
7352,1,1,1.3109583960613236e-06,0.9999961853027344,1.5477625083804014e-06,9.227096597896889e-07
7353,0,0,0.5921943187713623,0.03494638949632645,0.0005220649181865156,0.3723372519016266
7354,1,1,0.00010434079013066366,0.9996829032897949,0.00010194531932938844,0.00011078699753852561
7355,1,1,0.0004761955642607063,0.9986420273780823,0.0006258917273953557,0.0002558403357397765
7356,0,0,0.9999986886978149,7.978010074793929e-08,1.0674307304725517e-06,1.3181293923025805e-07
7357,0,0,0.9986905455589294,9.755976498126984e-05,0.0009877256816253066,0.00022408945369534194
7358,3,3,3.474349796306342e-06,2.4706503154448e-07,0.0009443837916478515,0.9990518689155579
7359,1,1,2.4230197595898062e-05,0.9999042749404907,6.535623833769932e-05,6.060871328372741e-06
7360,3,3,0.0005533594521693885,2.47796815529e-05,0.007603724021464586,0.9918180704116821
7361,2,2,0.09377814829349518,0.020623868331313133,0.8259647488594055,0.059633247554302216
7362,0,0,0.600609302520752,0.028743812814354897,0.07550990581512451,0.2951370179653168
7363,0,0,0.9988627433776855,0.00023768763639964163,0.0005951821804046631,0.00030441503622569144
7364,0,0,0.9926584362983704,0.00019382221216801554,0.006406450178474188,0.0007413013372570276
7365,3,0,0.49511098861694336,0.0301644429564476,0.005982923787087202,0.46874168515205383
7366,3,3,0.01801886036992073,0.0027495280373841524,0.23459848761558533,0.744633138179779
7367,1,1,5.266050720820203e-06,0.9999887943267822,3.9530032154289074e-06,2.07167477128678e-06
7368,0,0,0.9997574687004089,0.00012969138333573937,2.436926297377795e-05,8.847506978781894e-05
7369,2,2,0.23187769949436188,0.0003811938804574311,0.4495305120944977,0.3182106018066406
7370,2,2,0.003398463362827897,1.2076055099896621e-05,0.9948402047157288,0.0017493405612185597
7371,0,0,0.9995037317276001,8.170046385203023e-06,0.00030278690974228084,0.00018535433628130704
7372,3,3,0.0063408007845282555,0.0005322330398485065,0.028324205428361893,0.9648026823997498
7373,1,1,0.00014279759488999844,0.9993343949317932,0.0004513264575507492,7.151134195737541e-05
7374,3,3,1.3932562126228731e-07,1.3261651499174576e-10,0.0002389751170994714,0.9997609257698059
7375,0,0,0.9999974966049194,3.658387583982403e-07,1.515710437161033e-06,6.385783422047098e-07
7376,2,2,0.004013476427644491,2.123804954123898e-08,0.9959659576416016,2.05665437533753e-05
7377,2,2,0.0052470979280769825,0.00015400772099383175,0.9936311841011047,0.0009676833287812769
7378,3,3,9.003692014175613e-08,1.208428983545673e-07,0.00017591184587217867,0.9998238682746887
7379,1,1,0.0002567429037299007,0.9879602193832397,0.010648551397025585,0.0011345581151545048
7380,1,1,0.0008835041662678123,0.9979185461997986,0.00017937728262040764,0.0010185341816395521
7381,1,1,0.0009354195208288729,0.9990143775939941,3.244648905820213e-05,1.7753385691321455e-05
7382,0,0,0.9989245533943176,4.637176971300505e-06,0.0008008386357687414,0.0002699134056456387
7383,1,1,0.0004749553045257926,0.9975848197937012,0.0015855187084525824,0.0003547815140336752
7384,1,1,0.0011008349247276783,0.9337739944458008,0.052843477576971054,0.01228170283138752
7385,0,0,0.9889259934425354,0.0020764528308063745,0.00023955559299793094,0.008757981471717358
7386,2,2,0.07417326420545578,0.004695850890129805,0.8977895379066467,0.02334137260913849
7387,2,3,0.0005856073694303632,0.0012531954562291503,0.4907650649547577,0.5073961019515991
7388,3,3,8.644692570669577e-05,2.7001917260349728e-05,0.0007748687057755888,0.9991115927696228
7389,3,3,0.002279215957969427,0.0008643411565572023,0.022057635709643364,0.974798858165741
7390,0,0,0.9999936819076538,1.2481884823500877e-06,8.195301575142366e-07,4.197497219138313e-06
7391,2,2,0.00016160235099960119,0.00010655217192834243,0.7149101495742798,0.28482168912887573
7392,3,3,0.0001186804729513824,1.2696045814664103e-06,0.0008007560390979052,0.9990792274475098
7393,3,3,4.532785169431008e-06,2.0077241060789675e-06,0.0005535896634683013,0.9994398951530457
7394,1,1,0.0003463297907728702,0.9996277093887329,3.8059306461946107e-06,2.214795858890284e-05
7395,1,1,0.00017621225561015308,0.9966776371002197,0.00257750297896564,0.0005686121294274926
7396,0,0,0.9999396800994873,9.854521749730338e-07,2.7207228413317353e-05,3.211501825717278e-05
7397,1,1,0.013035752810537815,0.9830166697502136,0.002579891588538885,0.0013676400994881988
7398,3,3,0.006283504888415337,0.0005061277188360691,0.06932221353054047,0.9238881468772888
7399,0,0,0.9986934065818787,0.0008291939157061279,0.0004292121739126742,4.827744123758748e-05
7400,2,2,1.4329606528917793e-05,2.250134230052936e-07,0.9344604015350342,0.06552497297525406
7401,3,3,1.0935247729548792e-07,1.8227487297295397e-09,6.38661440461874e-05,0.9999359846115112
7402,1,1,6.248566933209077e-05,0.9999324083328247,4.260975401848555e-06,8.403034144066623e-07
7403,1,1,3.843307240458671e-06,0.9999921321868896,3.126210685877595e-06,9.419551361133927e-07
7404,2,2,2.408000364084728e-05,9.45435203902889e-07,0.9784533381462097,0.021521667018532753
7405,2,2,0.002770860679447651,1.3385563306655968e-06,0.9971641898155212,6.360110273817554e-05
7406,3,3,1.572723158460576e-05,1.8776773913486977e-07,0.015600311569869518,0.9843837022781372
7407,0,0,0.999270498752594,4.153568625042681e-06,0.00011147368786623701,0.0006138242897577584
7408,0,0,0.9940810799598694,8.264280768344179e-05,0.0011105131125077605,0.004725731909275055
7409,3,3,2.449462783715717e-07,3.850888333545299e-06,7.13997133061639e-06,0.9999887943267822
7410,3,3,0.0014851096784695983,2.3816348857508274e-06,0.026793217286467552,0.9717192053794861
7411,3,3,0.002918872982263565,7.070958235999569e-05,0.0030306787230074406,0.9939796924591064
7412,3,3,0.0007266082684509456,0.005489266477525234,0.026978135108947754,0.9668059945106506
7413,2,0,0.984870195388794,3.9663286770519335e-06,0.014570964500308037,0.0005548570770770311
7414,1,1,8.469315798720345e-05,0.9999042749404907,5.104782758280635e-06,5.97168218519073e-06
7415,2,2,6.141785706859082e-05,1.6319772839779034e-05,0.9991421699523926,0.0007799748564139009
7416,3,3,0.04342776536941528,2.7685096029017586e-06,0.00027506009791977704,0.9562944173812866
7417,3,3,0.0070153092965483665,0.00023410201538354158,0.011311094276607037,0.9814395308494568
7418,3,3,0.022028030827641487,0.0005140121793374419,0.4674537777900696,0.5100041627883911
7419,0,0,0.9999945163726807,1.2969576523857995e-08,1.9362845193882094e-07,5.1917800192313734e-06
7420,2,2,5.5359636462526396e-05,5.531063834496308e-06,0.9995049238204956,0.0004341433523222804
7421,3,3,0.00014760794874746352,3.09441293211421e-06,0.09328068792819977,0.9065685868263245
7422,2,2,0.0004720197175629437,5.007648269383935e-07,0.9393337368965149,0.06019381433725357
7423,1,1,0.00014933262718841434,0.9984937906265259,0.00015427115431521088,0.001202613115310669
7424,1,1,7.569749982394569e-08,0.9999998807907104,2.5075625131876222e-08,1.1063900906549406e-08
7425,2,2,0.018202662467956543,0.0003369922924321145,0.9808223843574524,0.0006379496771842241
7426,3,0,0.7527257800102234,0.018537398427724838,0.02375800535082817,0.204978808760643
7427,3,3,2.4972182472993154e-06,2.2604216098898178e-07,6.503069926111493e-06,0.999990701675415
7428,1,1,0.00010313370148651302,0.9998931884765625,8.229791070846204e-09,3.73684588339529e-06
7429,3,3,0.002147437073290348,3.8804413634352386e-05,0.0013398837763816118,0.9964738488197327
7430,2,2,7.52471387386322e-05,2.369865114815184e-06,0.9996540546417236,0.00026839907513931394
7431,2,2,0.0030148213263601065,3.2094455946207745e-06,0.9968975782394409,8.434730261797085e-05
7432,1,1,0.00011908767191926017,0.9998546838760376,1.8706107312027598e-06,2.436984323139768e-05
7433,1,1,3.136577652185224e-05,0.9997040629386902,0.00025307602481916547,1.1383767741790507e-05
7434,1,1,3.669666693895124e-05,0.9999630451202393,2.2911838470918156e-07,4.0203765649948764e-08
7435,1,1,0.016613604500889778,0.9832821488380432,5.4034710046835244e-05,5.015187707613222e-05
7436,0,0,0.9999822378158569,2.308891225766274e-06,9.568070424847974e-08,1.5364148566732183e-05
7437,3,3,0.02015581540763378,0.007658692076802254,0.017076242715120316,0.9551092386245728
7438,2,2,0.00028184466646052897,1.633169267734047e-05,0.9996851682662964,1.662760587350931e-05
7439,3,3,0.0007383288466371596,2.264662725792732e-05,0.004531466402113438,0.9947075843811035
7440,3,2,0.2799251079559326,0.1072685569524765,0.4972386658191681,0.11556768417358398
7441,2,2,0.012909225188195705,1.2195449698992888e-06,0.9869982600212097,9.126360237132758e-05
7442,1,1,0.0026552188210189342,0.9967641830444336,0.00045201979810371995,0.00012859854905400425
7443,0,0,0.9999886751174927,7.394653067649415e-08,3.5662267237057677e-06,7.663476026209537e-06
7444,2,2,0.0003703315742313862,7.734221071586944e-06,0.869271457195282,0.13035047054290771
7445,1,1,0.0011660708114504814,0.9949892163276672,0.003615917405113578,0.000228793709538877
7446,2,0,0.9764624238014221,1.717476607154822e-06,0.02245364524424076,0.0010822092881426215
7447,1,1,0.00026842873194254935,0.9996558427810669,2.8444332201615907e-05,4.7275727411033586e-05
7448,2,2,4.226147211738862e-05,2.721350028878078e-05,0.9855932593345642,0.014337191358208656
7449,2,2,1.711907680146396e-05,1.1460773663429791e-07,0.999954104423523,2.8607717467821203e-05
7450,2,2,0.014605233445763588,4.1224561755370814e-06,0.9852702021598816,0.00012045078619848937
7451,2,2,0.1360342800617218,5.714729195460677e-05,0.859438419342041,0.004470199346542358
7452,2,2,1.1721220971594448e-06,6.362683052429929e-06,0.9836056232452393,0.016386806964874268
7453,3,3,6.353509434120497e-06,1.0200512406299822e-05,0.0026160397101193666,0.9973674416542053
7454,1,1,4.669047484640032e-05,0.9993565678596497,0.00019201362738385797,0.00040466681821271777
7455,2,2,0.005294685252010822,3.846539038931951e-05,0.6061922907829285,0.3884744942188263
7456,3,3,1.4486363397736568e-06,2.1160583685286838e-07,0.04700193926692009,0.9529964327812195
7457,1,1,0.0023085239809006453,0.9886994957923889,0.001903498312458396,0.007088428363204002
7458,0,0,0.9964298605918884,0.00010081916843773797,0.0025894418358802795,0.0008798477938398719
7459,0,0,0.9863469004631042,0.010941341519355774,0.0022586777340620756,0.00045309425331652164
7460,0,0,0.9234722852706909,0.005495756398886442,0.05239236354827881,0.018639562651515007
7461,3,3,0.025715937837958336,0.003059066366404295,0.04790639132261276,0.92331862449646
7462,2,2,0.07994240522384644,9.989622776629403e-05,0.9097087383270264,0.01024891808629036
7463,2,2,0.02117798663675785,2.6469091608305462e-05,0.9468322396278381,0.03196331486105919
7464,2,2,0.015496974810957909,2.2984735551290214e-05,0.9789651036262512,0.005514961667358875
7465,2,2,0.0013885615626350045,1.2262872587598395e-05,0.9978612065315247,0.0007379582966677845
7466,3,3,1.8939819710794836e-05,2.4388421593357634e-07,0.02134174294769764,0.9786390066146851
7467,0,0,0.9535986185073853,0.03749699145555496,0.002444090088829398,0.006460280157625675
7468,2,2,0.0010149177396669984,1.040236497829028e-06,0.8619186878204346,0.13706527650356293
7469,3,3,2.0737799786729738e-05,4.715404067212603e-09,3.2826394544827053e-06,0.9999759197235107
7470,2,3,0.0011435713386163116,1.2322655493335333e-05,0.08581787347793579,0.9130262732505798
7471,0,0,0.9916990995407104,0.007630821317434311,0.0003209696151316166,0.0003491875540930778
7472,3,3,0.00039633281994611025,0.00013027129170950502,7.893911970313638e-05,0.9993945360183716
7473,0,0,0.9295963048934937,0.0046265386044979095,0.008551000617444515,0.057226091623306274
7474,0,0,0.9982275366783142,0.00022829351655673236,0.0014956422382965684,4.855090446653776e-05
7475,1,1,0.16150003671646118,0.8045021295547485,0.01730620302259922,0.016691599041223526
7476,0,0,0.8140316009521484,3.903956167050637e-05,0.00644445326179266,0.17948491871356964
7477,0,0,0.9820892810821533,0.0033685879316180944,0.004523961339145899,0.01001819409430027
7478,3,3,0.00017352424038108438,4.636684388970025e-05,0.11951751261949539,0.880262553691864
7479,1,1,0.02202451042830944,0.9753702282905579,0.0010822768090292811,0.0015230359276756644
7480,2,2,0.0004963220562785864,0.0005354436580091715,0.9973004460334778,0.0016677372623234987
7481,3,3,0.003353825304657221,0.010895444080233574,0.00949266366660595,0.9762580990791321
7482,0,0,0.9999998807907104,2.8743927377172795e-11,1.6010099557206559e-07,1.0498172109407733e-08
7483,0,0,0.9698107838630676,0.001041001291014254,0.002247135154902935,0.026901133358478546
7484,1,1,0.03226204589009285,0.8040940761566162,0.0620548278093338,0.10158894211053848
7485,3,3,0.00037942096241749823,1.1800382253568387e-06,0.0006358626997098327,0.9989835619926453
7486,1,1,1.829806569730863e-05,0.9998636245727539,8.371654257643968e-05,3.437732448219322e-05
7487,1,1,0.0006867532501928508,0.9910324215888977,0.008198023773729801,8.27812691568397e-05
7488,2,2,0.0021867803297936916,0.00012675664038397372,0.9915314316749573,0.006154917646199465
7489,1,1,0.001638619345612824,0.9981278777122498,0.00017043178377207369,6.311246397672221e-05
7490,0,0,0.9864033460617065,0.0033266819082200527,0.0057997917756438255,0.0044701360166072845
7491,3,3,3.4860826417570934e-05,1.0694941011024639e-05,0.00043775743688456714,0.9995166063308716
7492,2,3,0.002721162047237158,0.010404753498733044,0.027999455109238625,0.9588745832443237
7493,3,3,1.0084563655254897e-06,4.567693723256383e-10,7.457526862708619e-06,0.9999915361404419
7494,3,3,0.00026937233633361757,7.295378509297734e-06,0.021115155890583992,0.9786080718040466
7495,0,0,0.9992687106132507,0.00013071269495412707,9.289634908782318e-05,0.0005077076493762434
7496,2,2,0.004877618048340082,0.14926792681217194,0.8429444432258606,0.0029100305400788784
7497,3,3,6.0349275372573175e-06,9.191420247134374e-08,0.0037485745269805193,0.9962452054023743
7498,3,3,0.012233821675181389,7.740913861198351e-05,0.002386272419244051,0.9853024482727051
7499,3,3,9.29844900383614e-05,7.317950689866848e-07,0.0004036824684590101,0.9995026588439941
7500,1,1,5.17270018463023e-06,0.9999929666519165,1.0009134712163359e-06,8.688336379236716e-07
7501,2,2,0.0003166247042827308,1.7895754353958182e-05,0.9934036135673523,0.006261781323701143
7502,0,0,0.9999802112579346,1.265252194571076e-06,1.9612127744039753e-06,1.6562962628086098e-05
7503,2,2,0.00011500788968987763,0.00044039919157512486,0.8956687450408936,0.10377580672502518
7504,3,3,2.7481823053676635e-05,2.0054776541655883e-06,0.00522506283596158,0.9947454929351807
7505,0,0,0.9022124409675598,0.0008034466882236302,0.002667809836566448,0.0943162739276886
7506,1,1,0.0018587436061352491,0.9944295883178711,0.002377917990088463,0.001333790016360581
7507,2,2,0.002966163447126746,8.886037539923564e-05,0.9943732023239136,0.0025716882664710283
7508,2,2,1.3903077160648536e-05,8.862336107995361e-05,0.9993733763694763,0.0005241437465883791
7509,0,0,0.9999233484268188,4.862312721343187e-07,6.327714800136164e-05,1.284898735320894e-05
7510,0,0,0.7092262506484985,0.000340549013344571,0.00034550653072074056,0.2900876998901367
7511,2,2,0.07030166685581207,0.0014402311062440276,0.9227343201637268,0.005523766856640577
7512,0,0,0.9999736547470093,2.5961058781831525e-05,3.467479245955474e-07,7.325292017412721e-08
7513,3,3,0.0005240237223915756,0.00011075700604123995,0.0003436949336901307,0.9990215301513672
7514,3,3,5.634928311337717e-05,1.07648830294238e-07,0.00030185727518983185,0.9996416568756104
7515,2,2,0.20520728826522827,0.00011897656077053398,0.7503966093063354,0.04427708312869072
7516,0,0,0.9998611211776733,8.204796904465184e-05,5.294874426908791e-05,3.894640030921437e-06
7517,1,1,5.6636043154867366e-05,0.9994964599609375,0.00023660164151806384,0.0002102771686622873
7518,3,3,1.1464686394901946e-05,5.933614374953322e-06,4.192555934423581e-05,0.9999406337738037
7519,0,0,0.9994733929634094,0.0001813326234696433,0.0001960430236067623,0.00014929022290743887
7520,3,3,9.509059054835234e-06,3.080663191212807e-08,0.005631512030959129,0.9943589568138123
7521,3,3,2.954156798296026e-06,3.9834668541516294e-07,2.3756920199957676e-05,0.999972939491272
7522,3,3,0.004020813852548599,3.638493353719241e-06,0.03968438506126404,0.956291139125824
7523,2,2,0.00025597665808163583,0.0022923280484974384,0.9867820739746094,0.010669602081179619
7524,2,2,0.0001581297256052494,0.00013358198339119554,0.9994988441467285,0.00020947944722138345
7525,1,1,0.02044244110584259,0.9793440699577332,0.000190466467756778,2.297353421454318e-05
7526,0,0,0.9995734095573425,0.0002325094974366948,8.634151163278148e-05,0.00010768004722194746
7527,3,3,0.0411946102976799,0.08326151221990585,0.17475385963916779,0.7007900476455688
7528,1,1,0.014000731520354748,0.9859345555305481,4.182455813861452e-05,2.288280666107312e-05
7529,0,0,0.9997383952140808,0.00013637280790135264,3.1478928576689214e-05,9.380223491461948e-05
7530,2,2,0.11239943653345108,0.002477592322975397,0.8560914397239685,0.02903149090707302
7531,1,1,0.0004425992083270103,0.9993098974227905,1.7383641534252092e-05,0.00023017081548459828
7532,1,1,0.005204544402658939,0.9947029948234558,8.847222488839179e-05,4.057758360431762e-06
7533,0,0,0.9990602135658264,0.0006554430583491921,0.00012606571544893086,0.00015824672300368547
7534,0,0,0.9999473094940186,1.399679945279786e-07,4.330471347202547e-05,9.331520232080948e-06
7535,2,2,0.1049162894487381,5.137502739671618e-05,0.8931172490119934,0.0019150543957948685
7536,0,0,0.7375093102455139,0.019327204674482346,0.20406675338745117,0.03909670189023018
7537,2,2,0.0027441864367574453,1.5530010841757758e-06,0.9927773475646973,0.004477034322917461
7538,0,0,0.9827736616134644,3.765393194044009e-05,0.017017444595694542,0.00017119846597779542
7539,0,3,1.531405359855853e-05,2.867668627004605e-07,0.00010943056258838624,0.9998749494552612
7540,0,0,0.969382107257843,0.008787575177848339,0.003837303025647998,0.01799307018518448
7541,3,3,2.185222001571674e-06,2.3543623228761135e-06,0.0001811370748328045,0.9998143315315247
7542,3,2,0.00032790994737297297,6.041513643140206e-06,0.5443117022514343,0.4553543031215668
7543,2,2,0.033624377101659775,1.8782669940264896e-05,0.9656092524528503,0.0007474921876564622
7544,0,0,0.9999861717224121,1.8627197562182118e-07,1.0813597327796742e-05,2.8279794150876114e-06
7545,0,0,0.9991669654846191,2.5619741883531333e-09,0.0006183749064803123,0.00021465597092173994
7546,3,3,1.0224569450656418e-05,6.594854653485527e-07,0.0012662477092817426,0.9987227320671082
7547,2,2,2.167893762816675e-05,4.81977451727289e-07,0.9999643564224243,1.3461667549563572e-05
7548,2,2,0.00036498834379017353,0.0002649966045282781,0.999160647392273,0.0002094191440846771
7549,2,2,0.00023077725199982524,3.412701698835008e-05,0.9946150183677673,0.005120056215673685
7550,1,1,0.0852455347776413,0.9022121429443359,0.003366558812558651,0.009175742045044899
7551,1,1,0.0010846474906429648,0.9984526634216309,9.306068386649713e-05,0.00036961777368560433
7552,0,0,0.9999996423721313,1.5884933646237442e-10,3.580868934704995e-08,3.647289474884019e-07
7553,2,2,0.001462728949263692,6.605005609117143e-08,0.9959636926651001,0.0025734358932822943
7554,2,2,0.002073632087558508,1.1169497156515718e-05,0.9978362917900085,7.888582331361249e-05
7555,2,2,0.00028587368433363736,6.38702476862818e-05,0.9952194094657898,0.004430785775184631
7556,2,2,0.0008262883638963103,1.21581103940116e-06,0.9990513920783997,0.00012105156929465011
7557,2,2,0.007176135666668415,0.00012554445129353553,0.9559648633003235,0.036733463406562805
7558,2,2,0.0015581417828798294,3.5595674034993863e-06,0.9925077557563782,0.005930545274168253
7559,3,3,0.006875357590615749,0.010111838579177856,0.0012596638407558203,0.9817531108856201
7560,0,0,0.9999946355819702,5.47686852314655e-07,4.4375792640494183e-07,4.372005150798941e-06
7561,2,2,0.0007689602789469063,2.368227615079377e-05,0.7519117593765259,0.24729560315608978
7562,1,1,2.504491703803069e-06,0.9999665021896362,1.762976353347767e-05,1.3380651580519043e-05
7563,1,1,0.0005932532367296517,0.9992949962615967,0.00010288844350725412,8.790713764028624e-06
7564,2,2,0.07284284383058548,4.0289160097017884e-05,0.9267157912254333,0.00040108634857460856
7565,3,3,1.4980359992478043e-05,1.7432656704841065e-06,7.213902335934108e-06,0.9999760389328003
7566,3,3,0.00045581618905998766,0.0005279044853523374,0.33894744515419006,0.6600688695907593
7567,3,2,4.399750832817517e-05,1.398949279973749e-05,0.7702137231826782,0.2297283113002777
7568,0,0,0.9098359942436218,0.0864783227443695,0.0001311815285589546,0.0035545655991882086
7569,3,3,9.479107347942772e-07,4.0862353500870086e-09,0.0003216560580767691,0.9996774196624756
7570,0,0,0.9999359846115112,1.0354025107517373e-05,2.9492161047528498e-05,2.4219483748311177e-05
7571,1,1,2.0501818653428927e-05,0.9999783039093018,3.0812086038167763e-07,8.752669486966624e-07
7572,1,1,0.0008362913504242897,0.9988686442375183,5.511769631993957e-05,0.00023991747002582997
7573,3,3,0.00014905886200722307,9.10659082364873e-07,0.1025608479976654,0.8972891569137573
7574,3,3,0.04544950649142265,6.870263314340264e-05,0.10924592614173889,0.8452358245849609
7575,1,1,6.187686722114449e-06,0.9999916553497314,6.752591730219137e-08,2.1266705516609363e-06
7576,1,1,6.934058546903543e-06,0.9999697208404541,2.3236943889060058e-05,1.4433526018819975e-07
7577,1,1,0.0015993352280929685,0.9971062541007996,0.0008561595459468663,0.00043829306378029287
7578,0,0,0.999975323677063,6.176767328724964e-06,1.0587251381366514e-05,7.861859558033757e-06
7579,2,2,0.003125295042991638,0.00027659573242999613,0.996004045009613,0.0005941070849075913
7580,1,1,0.01985492743551731,0.9614107608795166,0.006102525629103184,0.012631812132894993
7581,2,3,0.00016982840315904468,5.576698458753526e-05,0.3557892143726349,0.6439852118492126
7582,3,3,0.00011022268881788477,2.0265360944904387e-06,0.00395384943112731,0.9959339499473572
7583,1,1,0.0034113319125026464,0.9963499307632446,0.0002175091067329049,2.1220836060820147e-05
7584,1,1,2.0084911739104427e-05,0.9999794960021973,3.4665870884964534e-07,1.120366519558047e-07
7585,0,2,0.000537810439709574,2.0665240299422294e-05,0.9370512366294861,0.06239023432135582
7586,1,1,6.318830259033348e-08,0.9999998807907104,9.482174156971723e-09,1.6627327070750653e-08
7587,3,3,0.004653363488614559,3.662805465864949e-05,1.4901039321557619e-05,0.9952951073646545
7588,3,3,0.003901952877640724,5.275574494589819e-06,0.11958552151918411,0.8765073418617249
7589,1,0,0.5271023511886597,0.2787344753742218,0.1227874755859375,0.07137569785118103
7590,1,1,0.0002519006375223398,0.9985517859458923,0.0007198906387202442,0.00047640324919484556
7591,0,0,0.9999486207962036,8.288567414638237e-07,1.211934318234853e-06,4.935279503115453e-05
7592,0,0,0.9999233484268188,2.756561798378243e-06,4.129776789341122e-05,3.264704719185829e-05
7593,1,1,0.012376141734421253,0.9872387051582336,0.0002499132533557713,0.0001352569815935567
7594,0,0,0.9987443685531616,9.290730667999014e-05,4.693447408499196e-05,0.0011158061679452658
7595,0,0,0.889822244644165,0.0020417063497006893,0.0037562635261565447,0.10437982529401779
7596,1,1,0.0008172343368642032,0.9959172606468201,0.00132744072470814,0.0019379989244043827
7597,1,1,0.0025851731188595295,0.9964555501937866,0.000831333571113646,0.00012797059025615454
7598,2,2,0.0032873405143618584,0.0007994532352313399,0.9946752786636353,0.001237860880792141
7599,2,2,0.0001292968081543222,4.504158641793765e-05,0.8609781265258789,0.13884752988815308
