index,true_label,pred_label,prob_0,prob_1,prob_2,prob_3
0,2,2,0.00874604843556881,9.79818833002355e-06,0.9901276230812073,0.0011164938332512975
1,3,3,1.055931420523848e-06,2.8613886815520573e-09,2.615544872242026e-06,0.9999963045120239
2,3,3,0.025912856683135033,0.0005213702679611742,0.007213521748781204,0.9663522243499756
3,3,1,0.13846896588802338,0.6320592164993286,0.006872616708278656,0.22259916365146637
4,3,3,0.004980939440429211,0.00025487731909379363,0.009501779451966286,0.985262393951416
5,3,3,0.16334323585033417,1.2171339221822564e-05,0.09561410546302795,0.7410304546356201
6,3,3,4.3769567128038034e-05,2.521843012193159e-10,1.3794512597087305e-05,0.999942421913147
7,3,3,7.075732719385996e-05,5.686334816346061e-07,0.009813097305595875,0.9901156425476074
8,3,0,0.6085963249206543,0.0006382116698659956,0.12716563045978546,0.26359978318214417
9,3,2,0.02112901210784912,0.0066923899576067924,0.6949587464332581,0.2772198021411896
10,3,3,5.53323479834944e-05,2.63651518395136e-08,0.03014121949672699,0.9698034524917603
11,3,3,3.213778654753696e-06,7.250194195007609e-11,0.004521679133176804,0.9954751133918762
12,3,3,6.711476453347132e-05,8.91227161514685e-11,0.07222416251897812,0.9277087450027466
13,3,3,0.013784411363303661,3.1048202799865976e-05,0.020696770399808884,0.9654877185821533
14,3,3,0.00813270453363657,1.6961248547886498e-05,0.005499083083122969,0.9863513112068176
15,3,3,6.70232384436531e-06,0.00021530300728045404,0.0034190036822110415,0.9963589310646057
16,3,3,0.0017190895741805434,6.641904093385165e-08,0.003443342400714755,0.9948374629020691
17,3,3,1.725485890347045e-05,8.388367778167094e-10,1.9987965060863644e-05,0.9999628067016602
18,3,3,0.04014086723327637,6.947698420844972e-05,0.012306549586355686,0.9474831223487854
19,3,3,1.1835730902021169e-06,1.2105058275202474e-11,0.022082557901740074,0.9779163002967834
20,3,3,0.023545481264591217,0.0014304049545899034,0.44672802090644836,0.5282961130142212
21,3,3,6.25981847406365e-05,8.66082427997128e-10,0.010412952862679958,0.9895244240760803
22,3,3,9.864387720881496e-06,3.213496484022471e-06,0.00026592848007567227,0.9997209906578064
23,3,2,0.046189624816179276,0.0001474719902034849,0.6365439891815186,0.31711888313293457
24,3,2,0.0034502665512263775,6.050438969396055e-06,0.9555572867393494,0.040986403822898865
25,3,3,5.217335001361789e-06,6.241214489666191e-11,0.00023518998932559043,0.9997596144676208
26,1,1,0.07980958372354507,0.911917507648468,0.006425135303288698,0.001847769133746624
27,1,1,0.011632048524916172,0.9876437187194824,0.0004749456711579114,0.0002493782958481461
28,1,2,0.002803715178743005,0.0741228461265564,0.6790079474449158,0.24406544864177704
29,1,1,0.01268241461366415,0.9613682627677917,0.0009539216989651322,0.02499542012810707
30,1,1,0.004288479685783386,0.9947535991668701,0.0007568934233859181,0.00020095838408451527
31,1,1,0.00029639704735018313,0.9996426105499268,2.2098349290899932e-05,3.888499122695066e-05
32,0,0,0.9999946355819702,5.440386985355872e-07,4.4104704102210235e-06,4.3941568605987413e-07
33,0,1,0.09550982713699341,0.8992701768875122,3.8815247535239905e-05,0.005181166343390942
34,0,0,0.9999364614486694,7.830679749076808e-08,3.9078124245861545e-05,2.439511263219174e-05
35,0,0,0.9901689291000366,0.0002694215509109199,0.005814294330775738,0.0037474376149475574
36,0,0,0.8844072222709656,0.0011137679684907198,0.09406439960002899,0.02041461132466793
37,0,0,0.9306201338768005,0.01454948354512453,0.0007826754590496421,0.05404768884181976
38,0,0,0.9999397993087769,5.634549893329677e-07,2.122080150002148e-05,3.838301927316934e-05
39,0,0,0.9999997615814209,1.5448782253457694e-09,1.4157738803532993e-07,1.1104940256245754e-07
40,1,1,2.7165663141204277e-07,0.9999997615814209,6.979081201841097e-10,1.24712622451284e-08
41,2,2,0.0007318021380342543,1.3327993997336307e-07,0.9663658142089844,0.03290228545665741
42,0,0,0.9880565404891968,0.0020079503301531076,0.00015151534171309322,0.009784087538719177
43,3,3,0.0001520470395917073,3.4610530974532594e-07,0.00013437020243145525,0.9997132420539856
44,1,1,0.0009728376753628254,0.9990257024765015,1.167636654031412e-07,1.257933149645396e-06
45,1,1,0.008733762428164482,0.991256594657898,5.055103429185692e-07,9.095617315324489e-06
46,0,0,0.9262941479682922,0.0006695063202641904,0.05939751863479614,0.013638793490827084
47,3,2,0.00037879133014939725,6.183604295273426e-09,0.668474555015564,0.3311466574668884
48,0,0,0.9880679249763489,3.735561767825857e-05,0.004016484599560499,0.007878158241510391
49,1,1,0.031575966626405716,0.968069314956665,0.00014349646517075598,0.00021118820586707443
50,0,0,0.9942516088485718,3.5592508993431693e-06,0.00209960900247097,0.0036452501080930233
51,1,1,2.174231354956646e-07,0.9999997615814209,1.136966876202905e-08,3.0643687587428303e-09
52,0,0,0.9999909400939941,1.4955296592233935e-06,1.7124336864071665e-06,5.853476523043355e-06
53,3,3,0.0006776555092073977,0.00014771609858144075,0.006800794508308172,0.9923737645149231
54,2,2,0.009948085993528366,8.501784236614185e-07,0.9899606704711914,9.032926027430221e-05
55,3,3,0.07715769112110138,0.23094956576824188,0.21762396395206451,0.47426876425743103
56,0,3,0.29692551493644714,5.486312293356832e-09,0.2741824686527252,0.42889201641082764
57,0,0,1.0,1.056646437014308e-10,5.484526610644025e-08,6.281611675262866e-09
58,2,2,3.476689016679302e-05,2.038048251051805e-06,0.9999290704727173,3.40420265274588e-05
59,2,2,0.00019997850176878273,1.861241617007181e-05,0.9986847043037415,0.0010967302368953824
60,1,1,2.0707584269530344e-07,0.9999997615814209,4.1094842806455034e-11,1.6633375787833415e-09
61,1,1,0.00783877819776535,0.9921532273292542,7.608484338561539e-06,3.903105323388445e-07
62,1,1,5.257405973679852e-06,0.9999909400939941,1.3389587820711313e-06,2.446345888529322e-06
63,3,3,0.0004160663520451635,6.849660621810472e-06,0.004745671525597572,0.994831383228302
64,0,0,0.9998595714569092,3.200332798769523e-07,5.757990220445208e-05,8.247082587331533e-05
65,3,3,0.0003710392047651112,1.5583032109134365e-07,0.12953060865402222,0.8700981736183167
66,0,0,0.9995967745780945,2.1989606011629803e-06,0.00021315354388207197,0.00018791852926369756
67,0,0,0.9974972605705261,0.00017866078997030854,0.0012491376837715507,0.0010748463682830334
68,1,1,1.3588720548796118e-06,0.9999983310699463,4.9262554036033634e-09,3.2919851378210296e-07
69,0,0,0.9999845027923584,1.1546717360033654e-05,6.566311867572949e-07,3.2681300581316464e-06
70,3,3,1.4748006833542604e-06,5.66767223431075e-11,0.0010537520283833146,0.9989448189735413
71,3,3,2.8386948542902246e-05,2.1963206364716825e-08,0.0030733023304492235,0.9968982934951782
72,3,3,4.79491382066044e-06,3.643179979917477e-07,1.285423110175543e-07,0.9999947547912598
73,0,0,0.9904666543006897,4.489339971769368e-06,0.008166399784386158,0.0013624494895339012
74,3,3,0.003066685749217868,1.938492175668216e-07,4.661496859625913e-05,0.9968864321708679
75,1,1,0.0021938991267234087,0.9978029131889343,3.7287259146978613e-07,2.9094526325934567e-06
76,0,0,0.9984305500984192,2.2068807083996944e-06,0.00015778199303895235,0.001409342628903687
77,1,1,0.0011033249320462346,0.9988117218017578,4.7072833694983274e-05,3.7805046304129064e-05
78,0,0,0.99992835521698,2.659904566826299e-06,6.019431020831689e-05,8.791679647401907e-06
79,0,1,0.04009139537811279,0.9383810758590698,0.00527381245046854,0.016253728419542313
80,0,0,0.9683718085289001,9.719314221001696e-06,0.014029924757778645,0.017588607966899872
81,1,1,0.00945273321121931,0.9896054267883301,0.00055739376693964,0.0003844262391794473
82,2,2,0.25587740540504456,5.60640773983323e-06,0.741133987903595,0.0029830278363078833
83,2,3,0.00027188623789697886,1.5374403972145956e-07,0.009782170876860619,0.9899458289146423
84,0,2,0.29018640518188477,0.012008534744381905,0.6280966997146606,0.06970838457345963
85,0,0,0.9999885559082031,2.6706742373150405e-10,1.0150527486985084e-05,1.2955752026755363e-06
86,2,0,0.5960066914558411,0.0166395865380764,0.3494616150856018,0.03789209946990013
87,0,0,0.9975600242614746,0.002222000388428569,3.5887865124095697e-06,0.0002144334139302373
88,0,0,0.9972965121269226,0.0026363348588347435,1.925567448779475e-05,4.795249333255924e-05
89,3,3,0.0001475823955843225,4.552556376324901e-08,0.10904590785503387,0.8908064961433411
90,0,0,0.9999336004257202,3.0420096663874574e-08,5.903642886551097e-05,7.307382020371733e-06
91,2,2,0.0028838871512562037,4.966423875885084e-05,0.665946364402771,0.3311200737953186
92,3,3,0.0004098168865311891,2.106862098116835e-07,0.011238127015531063,0.9883517622947693
93,2,2,2.3267566575668752e-06,1.799912467959075e-07,0.9999444484710693,5.2930688980268314e-05
94,1,1,0.0008474010974168777,0.999041736125946,4.173170509602642e-06,0.00010671032214304432
95,1,1,1.6096180388558423e-07,0.9999996423721313,6.68914026391576e-08,1.2399695492604224e-07
96,1,1,8.850691665429622e-05,0.9999074935913086,2.1991511403030017e-06,1.7825564100348856e-06
97,2,2,1.8570426618680358e-07,2.755516821661974e-11,0.9999997615814209,2.82086602965137e-08
98,0,0,0.9997914433479309,1.108405513150501e-06,0.00020125410810578614,6.208475952007575e-06
99,2,2,0.0018648215336725116,4.8688029892218765e-06,0.9977145195007324,0.0004158412048127502
100,1,1,0.021321136504411697,0.9786392450332642,2.9524862839025445e-05,9.994701940740924e-06
101,2,2,0.0005423325928859413,1.201799932459835e-05,0.9954160451889038,0.004029620438814163
102,3,3,0.005557021591812372,5.694267883882276e-07,0.21378865838050842,0.780653715133667
103,2,2,0.023245442658662796,0.12108313292264938,0.6602943539619446,0.19537711143493652
104,0,0,0.9832531809806824,0.007614661008119583,0.0043626767583191395,0.004769423045217991
105,1,1,8.463584526907653e-05,0.9999148845672607,1.4884937726833414e-08,4.4416245259526477e-07
106,0,0,0.8833405375480652,8.284396102453684e-08,0.1165180504322052,0.00014134490629658103
107,1,1,0.07904697954654694,0.9206364154815674,0.00011048351734643802,0.00020614737877622247
108,0,0,0.9999992847442627,1.9774090698199132e-10,3.5091588301838783e-07,3.08099686208152e-07
109,3,3,0.283150315284729,2.7598440283327363e-05,0.0030739204958081245,0.7137482166290283
110,2,3,1.612594314792659e-05,8.94022900155278e-09,0.029947401955723763,0.970036506652832
111,3,3,0.0017040788661688566,3.0422281724895583e-06,0.14171691238880157,0.8565759658813477
112,3,3,3.932021286345844e-08,4.7678860859434735e-11,0.0015533927362412214,0.9984466433525085
113,3,3,5.10294885316398e-05,5.457102131289915e-11,2.7883190341526642e-05,0.9999210834503174
114,3,3,1.7650310724093288e-07,1.0293532692884355e-10,6.169515472720377e-06,0.9999936819076538
115,1,1,4.097362398169935e-05,0.9993964433670044,0.00030747338314540684,0.00025508509133942425
116,3,3,4.152277810476335e-08,8.4949443035498e-09,0.0003843104059342295,0.9996156692504883
117,3,3,4.2344327084720135e-06,3.0288515517895576e-06,0.024216430261731148,0.9757762551307678
118,2,2,3.897577335010283e-05,2.36542987863686e-07,0.9990624785423279,0.0008983573061414063
119,1,1,1.2346950128971912e-08,0.9999992847442627,1.1113913345184301e-08,6.624578077207843e-07
120,0,2,0.0025693278294056654,0.00017127585306297988,0.9956961870193481,0.0015631868736818433
121,1,1,0.0003755092329811305,0.9990791082382202,7.344425102928653e-05,0.0004718642449006438
122,3,3,1.6607838915660977e-05,4.8271035666402895e-06,0.0009770393371582031,0.9990014433860779
123,0,0,0.8142651915550232,0.006231177598237991,0.103264719247818,0.07623892277479172
124,3,3,8.68812364274163e-08,1.1381631314505425e-12,3.250731197113055e-06,0.9999966621398926
125,2,2,0.3983384370803833,0.0017361611826345325,0.5452344417572021,0.054690901190042496
126,1,1,0.013447734527289867,0.9862603545188904,2.636097815411631e-05,0.00026543583953753114
127,1,1,3.05935536744073e-05,0.9995803236961365,0.00014029591693542898,0.0002488060563337058
128,1,1,3.241968806833029e-05,0.9999510049819946,1.5327974324463867e-05,1.1429940514062764e-06
129,0,0,0.9986623525619507,0.0007527518318966031,0.0004684679734054953,0.0001164097775472328
130,0,0,0.9976499676704407,5.025325663154945e-06,0.0012821395648643374,0.0010628241579979658
131,0,0,0.999609649181366,9.558044133939347e-09,1.8136746803065762e-05,0.00037225562846288085
132,1,1,1.5880947103141807e-05,0.9999501705169678,2.935188967967406e-05,4.70824397780234e-06
133,0,0,0.8870034217834473,0.00839013047516346,0.0005573215312324464,0.10404908657073975
134,1,1,0.0017898649675771594,0.998166561126709,3.3841760682662425e-07,4.31559637945611e-05
135,1,1,0.001606425386853516,0.9983583092689514,2.0350244085420854e-05,1.4824036043137312e-05
136,0,0,0.9651309847831726,0.014686738140881062,0.005511446390300989,0.014670800417661667
137,1,1,0.00022554055612999946,0.9997742772102356,9.56121013473421e-08,1.6346440645520488e-07
138,1,1,0.003146638860926032,0.9968196153640747,5.963118837826187e-06,2.7863081413670443e-05
139,0,0,0.8877320289611816,0.0006347066955640912,0.1074121966958046,0.004220989532768726
140,1,1,0.0002694321738090366,0.9997268319129944,4.309611085773213e-07,3.3584656193852425e-06
141,0,0,0.9315271377563477,1.5660294593544677e-05,0.014674223028123379,0.053782910108566284
142,1,1,0.0001535665796836838,0.999826967716217,9.471303201280534e-06,1.0035510058514774e-05
143,0,0,0.9306017756462097,2.6001755486504408e-06,0.06276348233222961,0.006632152479141951
144,0,0,0.842832624912262,0.00014853324682917446,0.0009120709728449583,0.15610675513744354
145,0,0,0.9993842840194702,4.497183454077458e-06,0.0005230249371379614,8.824203541735187e-05
146,1,1,0.0030223478097468615,0.9960910677909851,0.0005526388995349407,0.00033394808997400105
147,2,2,0.008508702740073204,3.016953542100964e-06,0.9910780787467957,0.0004101468366570771
148,1,1,0.000852696830406785,0.9991121888160706,1.0068632946058642e-05,2.5038070816663094e-05
149,1,1,0.001380922389216721,0.9986135959625244,4.743994566069887e-07,5.024694473831914e-06
150,1,1,0.0005560404970310628,0.9994341731071472,2.3450029402738437e-06,7.429106972267618e-06
151,0,0,0.9984160661697388,0.00019181134121026844,0.00036644950159825385,0.001025691512040794
152,1,1,0.0027280880603939295,0.9970707893371582,6.832178769400343e-05,0.0001327186037087813
153,0,0,0.999968409538269,8.807447549052938e-10,2.3353359210886993e-06,2.9146205633878708e-05
154,0,2,0.07704322785139084,2.6341922421124764e-07,0.6935217976570129,0.22943474352359772
155,0,2,0.16550861299037933,0.000296406535198912,0.5665295124053955,0.26766541600227356
156,2,2,0.06820636242628098,4.089950380148366e-06,0.9317531585693359,3.64288644050248e-05
157,1,1,7.575435574835865e-06,0.9999905824661255,1.1045433438994223e-06,7.107079227353097e-07
158,1,1,0.00026314533897675574,0.9997362494468689,1.9778215687438205e-07,3.00793317364878e-07
159,0,0,0.9999949932098389,6.284871005846071e-07,4.0359617514695856e-07,3.988539901911281e-06
160,1,1,0.0001273541565751657,0.9992989301681519,0.0004503353557083756,0.00012340683315414935
161,2,2,0.0004582237161230296,5.154728199840974e-09,0.9903647303581238,0.009177064523100853
162,3,3,3.928969454136677e-05,1.7478869906994987e-08,0.01457653846591711,0.9853841662406921
163,0,0,0.9999644756317139,1.870615164989431e-07,3.533433482516557e-05,4.9831605508643406e-08
164,0,0,0.9934584498405457,0.0006453816313296556,0.000581111409701407,0.005315079819411039
165,2,2,0.0023841713555157185,4.839771463593934e-06,0.9835763573646545,0.014034606516361237
166,2,2,1.4334166280605132e-06,1.1124630105996403e-09,0.9999984502792358,8.038173859858944e-08
167,2,2,8.206473466998432e-06,2.9081214961479418e-05,0.9928286671638489,0.007134032901376486
168,1,1,0.4310857653617859,0.5686618685722351,1.6128341258081491e-06,0.0002506945456843823
169,0,0,0.999956488609314,8.023610575946805e-07,4.786086719832383e-06,3.7938967579975724e-05
170,3,3,0.0006369715556502342,0.00019756336405407637,0.0030924598686397076,0.9960730075836182
171,3,3,0.0003615761816035956,0.0004900682251900434,0.009423800744116306,0.9897245168685913
172,2,3,0.00046282424591481686,2.217131623183377e-06,0.39552655816078186,0.6040083765983582
173,3,3,0.01939667947590351,0.006918325554579496,0.24742090702056885,0.7262640595436096
174,0,0,0.9988081455230713,5.953301069894223e-07,0.0002803121169563383,0.0009109332459047437
175,0,0,0.9999334812164307,2.636436420289101e-06,5.598007919616066e-05,7.852434464439284e-06
176,3,3,0.00013585972192231566,1.902266012621112e-05,0.33040449023246765,0.6694406270980835
177,1,1,0.0008334675803780556,0.9990524649620056,1.2303081575737451e-06,0.00011282785999355838
178,3,2,0.007024284452199936,3.2138301321538165e-05,0.6142784953117371,0.3786650598049164
179,1,1,1.121638320000784e-06,0.9999988079071045,1.517689440788672e-08,5.8824262794132665e-08
180,2,2,3.9533551898784935e-05,1.4536417403121504e-08,0.99994957447052,1.08214753709035e-05
181,1,1,9.871719157672487e-07,0.9999971389770508,2.533579959163035e-07,1.630695919629943e-06
182,1,1,1.1244215558647852e-09,1.0,4.428627686792197e-09,1.3588445035850327e-08
183,3,2,0.006680930033326149,0.0010701044229790568,0.7303093671798706,0.2619396150112152
184,2,2,0.0024979249574244022,3.569576074369252e-05,0.99603670835495,0.0014297360321506858
185,0,0,0.9982800483703613,2.3261812032160378e-07,0.0017133321380242705,6.416110409190878e-06
186,3,3,0.0018371850019320846,4.779091341333697e-06,0.006208191160112619,0.9919499158859253
187,0,0,0.9981780052185059,3.71310998161789e-05,3.080989699810743e-05,0.001754069235175848
188,1,1,0.2972945272922516,0.5604562163352966,0.09793423116207123,0.044315021485090256
189,3,3,7.646235462743789e-05,5.418756359176768e-07,0.003896541427820921,0.9960263967514038
190,3,3,3.550819383235648e-05,1.7360900494978182e-09,0.008487621322274208,0.991476833820343
191,0,0,0.9999953508377075,2.923205499882897e-07,3.227177330700215e-06,1.128952476392442e-06
192,0,0,0.9999794960021973,1.946557637300117e-10,3.530702315401868e-06,1.694923048489727e-05
193,0,0,0.9999990463256836,1.1990507475800882e-09,2.2762885976135294e-07,7.179698968684534e-07
194,2,2,2.864996986318147e-06,3.086413069564031e-11,0.9999971389770508,4.82509463495262e-08
195,2,2,0.022013342007994652,0.002049171831458807,0.9424649477005005,0.03347255662083626
196,0,2,0.3958912193775177,6.054797268006951e-06,0.6031368374824524,0.0009658668423071504
197,1,1,0.00017794847371987998,0.9997954964637756,4.468920906219864e-06,2.1995938368490897e-05
198,2,2,1.6850549400260206e-06,5.6348363475233754e-11,0.9999983310699463,5.624010768201515e-08
199,1,1,5.33363527210895e-06,0.9999943971633911,5.3960071966230316e-08,2.7499527277541347e-07
200,3,3,0.15415547788143158,7.563983672298491e-06,0.1432744562625885,0.7025625705718994
201,3,3,6.163834041217342e-05,6.045873846005634e-08,0.02761026658117771,0.9723280072212219
202,3,3,0.014392388053238392,2.2475680339084647e-07,0.0017982115969061852,0.9838091135025024
203,0,0,0.9999984502792358,2.1872308408887875e-09,3.848173548703926e-07,1.1572712992347078e-06
204,1,1,7.358103175647557e-05,0.9999264478683472,4.577393575289079e-09,1.6901495314414205e-08
205,1,1,0.0014112974749878049,0.9985523819923401,2.1800748072564602e-05,1.4513469977828208e-05
206,1,1,0.00020075026259291917,0.9992371797561646,0.0004684864543378353,9.358574607176706e-05
207,3,2,0.0005809062859043479,1.2064532484146184e-06,0.521173894405365,0.47824400663375854
208,1,1,0.029304951429367065,0.9705260396003723,0.0001523911632830277,1.666856769588776e-05
209,3,3,0.05764928460121155,7.164552516769618e-05,0.0963694304227829,0.8459096550941467
210,1,1,7.525804903707467e-06,0.9999911785125732,1.9027915243441385e-07,1.082323024093057e-06
211,0,0,0.9203888177871704,0.009773951955139637,0.060213349759578705,0.009623892605304718
212,1,1,0.002069592708721757,0.9978628754615784,1.913939513542573e-06,6.564808427356184e-05
213,1,1,0.0002765277458820492,0.9996898174285889,1.6450587281724438e-05,1.7269636373384856e-05
214,1,1,7.219735562102869e-05,0.9999169111251831,6.5212334448006e-06,4.4439748307922855e-06
215,3,1,0.1297469139099121,0.3779166340827942,0.2689840793609619,0.2233523726463318
216,2,2,2.5051367629203014e-06,8.185757072176614e-10,0.999995231628418,2.2566807729162974e-06
217,2,2,5.9702313592424616e-05,3.882290457113413e-06,0.9998877048492432,4.872663339483552e-05
218,3,3,8.885285205906257e-05,6.642290372838033e-06,0.005378298461437225,0.994526207447052
219,1,1,1.0820905345099163e-06,0.9999985694885254,9.065681538800163e-09,4.147861432102218e-07
220,1,1,0.00012954912381246686,0.9998635053634644,1.0296739674231503e-06,5.8571754379954655e-06
221,0,0,0.9999549388885498,2.1198144395384588e-07,1.811173751775641e-05,2.6779158361023292e-05
222,2,2,0.15824057161808014,0.04366490989923477,0.5440947413444519,0.25399982929229736
223,1,0,0.6733699440956116,0.31744763255119324,0.008958050981163979,0.00022437103325501084
224,2,2,2.431566645100247e-05,3.560566028681933e-07,0.9999350309371948,4.032269134768285e-05
225,2,2,0.05444973707199097,0.00537209864705801,0.9270075559616089,0.01317055243998766
226,0,0,0.9990313053131104,6.123447383288294e-05,0.00019980726938229054,0.0007076666806824505
227,1,1,1.026473273668671e-05,0.99998939037323,1.0355001478501435e-07,2.578912585704529e-07
228,2,2,0.0003701969108078629,5.4640255257254466e-05,0.9954702854156494,0.0041047995910048485
229,0,0,0.9990516304969788,3.095404110808886e-07,0.00028331534122116864,0.0006646672263741493
230,1,1,0.0007201855769380927,0.9992347955703735,4.214844375383109e-05,2.9161685688450234e-06
231,1,1,0.004979254677891731,0.9949894547462463,1.6198682715184987e-05,1.5017279110907111e-05
232,2,2,0.004351370502263308,1.2451936299839872e-06,0.9943156838417053,0.0013316215481609106
233,3,3,2.8676496732771284e-09,1.9175383503267085e-09,0.0015818102983757854,0.9984182119369507
234,2,2,0.0072188470512628555,0.004534231498837471,0.523112416267395,0.46513453125953674
235,1,1,1.1012948561983649e-05,0.9999802112579346,9.833849645701775e-08,8.72807595442282e-06
236,2,2,0.013165784999728203,1.1941747288801707e-05,0.9846599102020264,0.0021623638458549976
237,1,1,0.0006138706230558455,0.9982909560203552,7.532843301305547e-05,0.0010198442032560706
238,0,0,0.9998376369476318,0.00015849771443754435,3.583784064176143e-06,2.857872232198133e-07
239,2,2,0.00018857818213291466,1.4523881191053079e-06,0.968985915184021,0.030823959037661552
240,3,2,0.0003796048986259848,8.728942901825576e-09,0.797810971736908,0.20180949568748474
241,1,0,0.9580196738243103,0.033475860953330994,0.007026968523859978,0.001477499958127737
242,1,1,0.0006694802432321012,0.9993257522583008,4.168040049989941e-06,5.75851686335227e-07
243,3,3,6.408465196727775e-06,2.857219452354065e-12,0.00018359423847869039,0.9998100399971008
244,2,2,0.0006789946928620338,2.5090431066132624e-08,0.9992915391921997,2.935600969067309e-05
245,2,2,0.02983095496892929,0.006509851664304733,0.871575653553009,0.09208361804485321
246,3,3,8.90318460733397e-06,5.141735528013669e-05,0.0022495819721370935,0.9976902008056641
247,3,3,0.00015496583364438266,1.7738958035806718e-07,0.006351875606924295,0.9934930205345154
248,3,2,0.0028621016535907984,3.6789315345231444e-05,0.9893815517425537,0.007719472981989384
249,0,0,0.9984731078147888,0.00010884478979278356,0.0011265063658356667,0.0002915677905548364
250,2,2,0.002094216411933303,0.00048273205175064504,0.9959174990653992,0.0015055029653012753
251,0,0,0.9998949766159058,5.724129503725806e-10,4.956552857038332e-06,9.997309098253027e-05
252,1,1,0.08891045302152634,0.6853593587875366,0.15550217032432556,0.07022803276777267
253,2,2,0.037710607051849365,2.587354686056642e-07,0.9621949195861816,9.413445513928309e-05
254,2,2,2.845801463990938e-05,9.627616037732878e-09,0.9999421834945679,2.935672273451928e-05
255,3,3,0.04732225835323334,4.164331403444521e-05,0.004679929930716753,0.9479561448097229
256,2,2,1.440063357449617e-07,7.217049874386205e-11,0.9999998807907104,1.3211606919583119e-08
257,3,3,2.440625030430965e-05,6.12757503404282e-06,0.0009342920384369791,0.9990352392196655
258,3,2,0.010706706903874874,6.305661827354925e-06,0.7979992628097534,0.19128775596618652
259,3,3,8.297575550386682e-05,3.054918806810747e-07,0.0006114754942245781,0.9993051290512085
260,1,1,3.595371890696697e-05,0.9999630451202393,3.391874372482562e-07,7.463286806341785e-07
261,0,0,0.9969786405563354,2.667003354872577e-05,2.3927186703076586e-05,0.0029707832727581263
262,3,2,0.0006464627804234624,3.4521344787208363e-06,0.9911389946937561,0.008211174979805946
263,3,3,0.02636762708425522,0.00045900052646175027,0.26312056183815,0.7100527882575989
264,3,3,0.28298118710517883,0.00017920862592291087,0.06624826043844223,0.6505913734436035
265,3,3,0.24007350206375122,8.755963062867522e-05,0.00011754333536373451,0.7597213983535767
266,1,1,7.653412126273906e-09,0.9999998807907104,1.8304595339468932e-10,6.138758124052401e-08
267,3,2,0.00018081103917211294,4.4891748984809965e-06,0.7229225039482117,0.27689221501350403
268,1,1,0.0001539437798783183,0.999842643737793,1.7648681023274548e-06,1.6535962004127214e-06
269,1,1,0.0005123047158122063,0.9994685053825378,3.394965801817307e-07,1.8860419004340656e-05
270,1,1,7.484416983061237e-06,0.9999420642852783,8.602960122061631e-08,5.032859917264432e-05
271,0,0,0.9973347187042236,2.972093534481246e-05,5.5872144002933055e-05,0.002579673193395138
272,2,3,0.0903293564915657,0.0012573368148878217,0.09081100672483444,0.8176023364067078
273,3,3,0.00010823740012710914,7.373827770607022e-08,0.0009010726353153586,0.9989905953407288
274,1,0,0.64586341381073,0.1639532893896103,0.0599183663725853,0.13026493787765503
275,3,3,0.0017119094263762236,2.0575910184561508e-06,6.550814305228414e-06,0.9982795715332031
276,3,3,0.0001519920042483136,6.766998694729409e-07,6.084314009058289e-06,0.9998412132263184
277,1,1,9.225711437466089e-06,0.9999905824661255,1.1154777102007074e-09,2.695218483950157e-07
278,2,2,0.41817551851272583,4.916527814202709e-06,0.5814353823661804,0.000384193699574098
279,3,3,0.0007204422727227211,7.690137238114403e-08,0.01982964389026165,0.9794497489929199
280,2,2,0.00501015642657876,0.0006660703802481294,0.9070543050765991,0.08726948499679565
281,1,1,0.003210738068446517,0.9967341423034668,5.959716418146854e-07,5.450080061564222e-05
282,1,1,1.5974791267581168e-06,0.9999984502792358,7.248039946006202e-10,1.8158218262342984e-09
283,3,3,0.0008904769201762974,2.4346938971575582e-06,0.0002831168530974537,0.9988240599632263
284,1,1,0.007611892186105251,0.9395579099655151,0.02187659963965416,0.030953578650951385
285,0,0,0.9999837875366211,3.109915380772321e-10,1.1546410860319156e-05,4.690108653448988e-06
286,0,0,0.9469093084335327,2.177747774112504e-05,0.0512918084859848,0.0017770768608897924
287,2,2,0.0024953465908765793,0.0009897706331685185,0.9713819622993469,0.0251329205930233
288,2,2,0.2051776796579361,4.495487155509181e-05,0.7873973846435547,0.007380006369203329
289,1,1,7.982823717611609e-07,0.9999985694885254,8.348293079052382e-08,5.508182425728592e-07
290,1,1,0.008387668989598751,0.9914109706878662,3.612469299696386e-05,0.00016519740165676922
291,3,3,0.008341684937477112,0.006167192943394184,0.1500360369682312,0.8354551792144775
292,3,3,0.0011246019275858998,3.358962032962154e-07,0.04478221386671066,0.9540929198265076
293,3,3,0.03660554438829422,1.1089811096098856e-06,0.005987619049847126,0.9574057459831238
294,1,1,0.00023500877432525158,0.9991350769996643,0.0006049873773008585,2.498158937669359e-05
295,0,2,0.0056382776238024235,0.005726685281842947,0.961908221244812,0.026726888492703438
296,0,0,0.9989443421363831,9.96402832242893e-07,0.0004924841341562569,0.0005621674936264753
297,3,3,0.001467206864617765,3.358285312060616e-06,0.004496718756854534,0.9940328001976013
298,1,1,4.3946331018673845e-09,1.0,1.0166477382167471e-10,3.061928666170388e-08
299,2,2,0.008994346484541893,5.4777033255959395e-06,0.9904534816741943,0.0005467046867124736
300,1,1,2.04026946448721e-06,0.9999978542327881,3.299524919953001e-08,1.0990542165245643e-07
301,2,2,7.19041821639621e-08,3.160416928160714e-10,0.9999998807907104,3.8429295301511956e-08
302,2,2,0.07006297260522842,5.1206832722527906e-05,0.9268028736114502,0.0030828737653791904
303,2,2,0.002465742640197277,0.00017865782137960196,0.9732291102409363,0.02412649244070053
304,2,2,0.05870466306805611,8.999094461614732e-06,0.9358181953430176,0.005468218121677637
305,1,2,0.2892124056816101,0.21142028272151947,0.3549327552318573,0.14443454146385193
306,3,3,7.100764923961833e-05,2.5435396011630473e-09,0.0013432991690933704,0.9985857009887695
307,3,3,0.030117889866232872,1.197386154672131e-06,0.01148938573896885,0.9583916068077087
308,1,1,0.003815273754298687,0.9958885312080383,4.782692121807486e-05,0.0002483073330949992
309,2,2,0.1511475145816803,0.23290970921516418,0.4779966473579407,0.13794618844985962
310,2,3,0.0039218720048666,0.00013953825691714883,0.16582505404949188,0.8301135897636414
311,1,0,0.9257631301879883,0.07301168143749237,0.0003199595375917852,0.0009052803507074714
312,3,3,0.16686171293258667,0.01208396628499031,0.1366177350282669,0.684436559677124
313,2,2,0.022429095581173897,6.343770110106561e-06,0.9416306614875793,0.03593389689922333
314,2,2,0.0016633449122309685,0.0012835486559197307,0.987575352191925,0.009477716870605946
315,0,0,0.9999996423721313,2.9174946902799093e-09,3.580280178994144e-07,9.711201620632437e-09
316,0,0,0.5558613538742065,0.0008500274852849543,0.4031550884246826,0.040133509784936905
317,2,3,9.985449287341908e-05,5.644315015373991e-10,0.0074378433637320995,0.9924622774124146
318,1,1,0.06990206241607666,0.9276569485664368,0.0019148396095260978,0.0005261506885290146
319,2,2,0.013811551034450531,1.4564300272468245e-06,0.9424626231193542,0.04372439906001091
320,2,2,3.0278451959020458e-05,0.0002038496168097481,0.9990266561508179,0.0007393001578748226
321,0,0,0.9999991655349731,8.721817579271374e-08,6.040576749910542e-07,1.4780204082853743e-07
322,1,1,3.565730366972275e-06,0.9999963045120239,4.288061017376776e-09,7.137145274782597e-08
323,3,3,0.0010440797777846456,4.814676231035264e-07,0.11626329272985458,0.8826920986175537
324,1,1,0.0037477496080100536,0.9961593151092529,2.7548243451747112e-05,6.534716521855444e-05
325,3,3,1.757533937052358e-05,3.5484748650560505e-07,0.0006971773109398782,0.9992849230766296
326,0,0,0.9617719650268555,0.0008254243875853717,2.250571378681343e-05,0.03738012537360191
327,0,0,0.8023738861083984,0.045538246631622314,0.12745238840579987,0.02463548071682453
328,3,3,0.00023641280131414533,2.262196971969388e-07,0.07333032786846161,0.9264329671859741
329,2,2,0.004083414562046528,6.304005364654586e-05,0.7965021729469299,0.19935138523578644
330,3,3,0.001613609492778778,0.00019903092470485717,2.2815665943198837e-05,0.9981644749641418
331,1,1,0.001567762577906251,0.9984250068664551,7.231096333271125e-06,5.0614715974006685e-08
332,0,0,1.0,3.1533300970387756e-10,1.3510460805665758e-10,1.9384316374271293e-10
333,0,0,0.9999998807907104,6.386007833647511e-10,1.0263655525477589e-07,1.985646758129178e-09
334,1,1,0.00045801798114553094,0.9995036125183105,9.157233193946013e-07,3.7470515962922946e-05
335,0,0,0.9999130964279175,1.265575883735437e-05,6.652621777902823e-07,7.350037049036473e-05
336,2,2,0.10481821745634079,0.0004530874139163643,0.8909909129142761,0.0037377988919615746
337,2,2,0.001329379272647202,0.019972441717982292,0.9738599061965942,0.004838343244045973
338,1,1,0.0033105392940342426,0.9965066313743591,2.2598551652208698e-07,0.00018264226673636585
339,1,1,2.0709087493742118e-06,0.999997615814209,1.092403323355029e-08,3.6510891732177697e-07
340,3,3,0.011869511567056179,0.0005499928956851363,0.3753729462623596,0.6122075319290161
341,1,1,0.0004831971600651741,0.9991146922111511,0.00038100717938505113,2.1075857148389332e-05
342,0,0,0.9999997615814209,3.183014740670842e-08,2.4847379265224845e-08,1.5588892665618914e-07
343,1,1,0.002929138485342264,0.9962020516395569,0.0006846397300250828,0.0001841764897108078
344,1,2,0.20239394903182983,0.15480631589889526,0.3795486390590668,0.26325106620788574
345,3,3,0.00014835239562671632,7.466956830626259e-09,0.4341222941875458,0.5657293796539307
346,3,2,8.499432624375913e-06,6.395578511231292e-10,0.8324899077415466,0.16750158369541168
347,1,1,0.002099932637065649,0.9915592074394226,0.003277725074440241,0.003063084790483117
348,0,1,0.00012027077173115686,0.9997249245643616,1.6404743291786872e-05,0.00013836059952154756
349,2,2,0.0017573789227753878,9.462467005505459e-07,0.9941362142562866,0.0041054352186620235
350,1,1,0.0001410957338521257,0.99967360496521,3.763892891583964e-05,0.00014767932589165866
351,0,0,0.9987964630126953,4.115234787605004e-06,0.001182136358693242,1.7328908143099397e-05
352,0,0,0.9994871616363525,0.0004856687446590513,1.5576193618471734e-05,1.1524026376719121e-05
353,1,1,6.604432769563573e-07,0.9999977350234985,2.4695580691513896e-07,1.2581307373693562e-06
354,0,0,0.9999914169311523,4.5138133941691194e-07,5.290437457006192e-06,2.907587031586445e-06
355,0,1,0.011366663500666618,0.9861190319061279,0.0004640728293452412,0.0020502612460404634
356,1,1,0.004909266717731953,0.9933522939682007,0.0015247865812852979,0.00021356884099077433
357,2,2,0.0042804512195289135,7.219927283586003e-06,0.9408524036407471,0.05485996603965759
358,1,1,2.4427990297226643e-07,0.9999977350234985,1.8257400142829283e-06,2.8464913270909165e-07
359,1,1,0.0001231996138812974,0.9998766183853149,3.079360411106791e-08,1.3674936383267777e-07
360,1,1,0.006966437678784132,0.9924930930137634,5.59859472559765e-06,0.0005349522107280791
361,0,0,0.9997279047966003,4.4779227437174995e-08,0.00017268788360524923,9.939809388015419e-05
362,2,2,2.2485355657408945e-05,4.7070705022633774e-07,0.9999350309371948,4.19475618400611e-05
363,0,2,0.15072797238826752,0.03516978770494461,0.7034383416175842,0.11066386848688126
364,0,0,0.9999992847442627,4.263129937953636e-08,3.2058756005426403e-07,2.5716244067552907e-07
365,3,1,0.002439806703478098,0.8546345233917236,0.015164939686655998,0.12776070833206177
366,1,1,9.105762001127005e-05,0.9999074935913086,2.121125248777389e-07,1.1805451549662394e-06
367,2,2,0.03343137353658676,0.0084780128672719,0.9557965993881226,0.0022939553018659353
368,0,0,0.9999829530715942,3.9968784903976484e-07,9.948652177627082e-07,1.570932181493845e-05
369,0,0,0.9943998456001282,0.004383062478154898,0.00046110956463962793,0.0007559207151643932
370,1,1,0.0011015671771019697,0.9988975524902344,6.49882103687105e-09,7.950790177346789e-07
371,0,0,0.999305009841919,1.764282409055795e-08,8.859511581249535e-06,0.0006862066220492125
372,0,1,0.4691733121871948,0.5305249691009521,4.5395577217277605e-06,0.0002971561043523252
373,1,1,0.2574222981929779,0.7033399939537048,0.033012133091688156,0.00622553238645196
374,1,1,0.000909400696400553,0.9989812970161438,1.5963620171532966e-05,9.334566129837185e-05
375,3,3,0.009664049372076988,1.1083752724516671e-06,0.0017149902414530516,0.9886199235916138
376,1,1,0.04609853774309158,0.9037066102027893,0.04181991145014763,0.008374902419745922
377,1,1,0.0006382609717547894,0.9993575215339661,3.7521513149840757e-06,4.943437375004578e-07
378,2,0,0.9026537537574768,2.298484105267562e-05,0.0910031795501709,0.006320141721516848
379,0,0,0.8094373345375061,0.021196885034441948,0.1582604944705963,0.011105208657681942
380,1,1,0.007221618201583624,0.9926630258560181,1.6946568166531506e-06,0.00011372495646355674
381,1,1,0.09406261891126633,0.8977273106575012,0.00011185689800186083,0.008098248392343521
382,3,3,0.0001673335355008021,6.187731742102187e-06,0.00120274827349931,0.9986237287521362
383,1,1,0.0004405665386002511,0.9995265007019043,3.3083813377743354e-06,2.968512853840366e-05
384,2,2,0.0011038420489057899,0.0010027983225882053,0.9964973330497742,0.0013960814103484154
385,1,1,0.01265018992125988,0.987004816532135,0.0003397292166482657,5.349274488253286e-06
386,1,1,0.001026732032187283,0.9988290667533875,2.338681588298641e-05,0.00012080414308002219
387,1,1,0.00626034801825881,0.9936878085136414,8.89613147592172e-06,4.296133920433931e-05
388,0,0,0.9999818801879883,1.1215270205866545e-05,4.909054496238241e-06,1.9585115751397097e-06
389,0,0,1.0,8.26079982196859e-10,7.437932936227298e-09,1.3684019473103604e-09
390,0,0,0.9940648674964905,0.0010136631317436695,0.0035407221876084805,0.0013807679060846567
391,1,1,7.864286288850053e-08,0.9999998807907104,1.6448180317762962e-10,1.0263038197066976e-09
392,0,0,0.9989087581634521,0.00020398947526700795,0.0006974008283577859,0.00018984611961059272
393,0,0,0.9999921321868896,3.783585889038932e-09,7.79459242039593e-06,1.704269294577898e-07
394,0,0,0.999518632888794,4.82461448569893e-09,3.66447829946992e-06,0.00047769886441528797
395,1,1,0.0018336399225518107,0.9866496920585632,0.0088976314291358,0.002619152655825019
396,1,1,0.005287006497383118,0.9853137135505676,0.006455146241933107,0.0029441670048981905
397,3,2,0.0008447775617241859,8.80752777447924e-05,0.5162463784217834,0.4828207492828369
398,1,1,0.0001335114793619141,0.999866247177124,1.553508042206886e-07,9.845471993230603e-08
399,2,2,0.00046113476855680346,4.6366909373318776e-05,0.7214837670326233,0.27800866961479187
400,3,2,0.04607943817973137,0.025154342874884605,0.5312595367431641,0.3975067138671875
401,1,1,0.025895856320858,0.9677844047546387,0.006144063081592321,0.0001757277495926246
402,0,0,0.9988933205604553,0.0001769686641637236,0.000774634419940412,0.0001551746972836554
403,0,0,0.9998359680175781,2.6867339464331508e-09,2.2590527805732563e-05,0.00014136757818050683
404,0,0,0.8710463047027588,0.0001444860390620306,0.0902722105383873,0.03853703662753105
405,2,2,0.005838790908455849,7.449837653439317e-07,0.9940220713615417,0.00013839192979503423
406,2,2,0.01514720544219017,8.017938739612873e-07,0.9439364075660706,0.040915511548519135
407,2,2,7.887648098403588e-05,1.8555005226517096e-05,0.9995772242546082,0.0003253119648434222
408,2,0,0.9425680637359619,4.858763350057416e-05,0.02782030776143074,0.029563114047050476
409,1,1,0.02053217403590679,0.9775941371917725,0.001208520377986133,0.0006652002339251339
410,2,0,0.5189980864524841,0.0037304407451301813,0.12967240810394287,0.34759896993637085
411,1,1,0.3117525577545166,0.6282229423522949,0.0008060608524829149,0.059218451380729675
412,0,0,0.9999865293502808,1.712644177587208e-07,2.80685367215483e-06,1.0495295100554358e-05
413,0,0,0.9782842993736267,0.0001690586213953793,0.012756135314702988,0.008790429681539536
414,0,0,0.9993231296539307,2.9646257644344587e-06,0.00013374484842643142,0.0005401567905209959
415,1,1,0.023930246010422707,0.9390203952789307,0.001939157024025917,0.03511015698313713
416,1,1,0.00026330651598982513,0.9995248317718506,0.00010286608448950574,0.00010907286196015775
417,2,2,2.2160063963383436e-05,9.770895985639072e-07,0.9999585151672363,1.8368305973126553e-05
418,2,2,0.0021711967419832945,0.07356464862823486,0.820346474647522,0.10391762852668762
419,0,0,0.9995502829551697,1.7092736015911214e-05,0.00012574659194797277,0.0003068993391934782
420,0,0,0.6027673482894897,0.0025238455273211002,0.3551945090293884,0.03951425850391388
421,1,1,0.00038505467819049954,0.9995962977409363,1.574700763740111e-05,2.8107717753300676e-06
422,2,2,0.00014099929830990732,1.845690803747857e-06,0.9992990493774414,0.0005580753204412758
423,3,3,2.739162664511241e-05,1.2096975643416386e-09,0.0017995176604017615,0.9981731176376343
424,3,3,6.282228923737421e-07,6.250126194373706e-09,4.5004665594206017e-07,0.999998927116394
425,0,0,0.9923680424690247,2.3689779027336044e-06,0.00703615415841341,0.0005935538210906088
426,2,2,1.4893552702233137e-07,1.7846225885964628e-10,0.9999998807907104,2.418426880979041e-08
427,2,2,0.008127632550895214,5.360425348044373e-05,0.9783847332000732,0.013434058986604214
428,3,3,3.647714265753166e-06,1.8281903768624375e-12,0.0032601358834654093,0.9967362284660339
429,3,3,1.2864695975167706e-07,2.01364502849799e-09,2.143592681136397e-08,0.9999998807907104
430,0,0,0.9999457597732544,2.0656218566728057e-06,4.7610858018742874e-05,4.665719643526245e-06
431,1,1,0.00016390565724577755,0.9998334646224976,1.8655649682841613e-06,7.231742529256735e-07
432,1,1,0.0002738367475103587,0.9996067881584167,2.831994424923323e-05,9.101600153371692e-05
433,2,2,0.0005086082383058965,3.8703296922903974e-07,0.8589381575584412,0.14055290818214417
434,2,2,3.9871734770713374e-05,0.0005895564099773765,0.931434154510498,0.06793635338544846
435,3,3,0.002463423879817128,8.273902494693175e-06,0.23368620872497559,0.7638420462608337
436,2,2,0.359537810087204,0.0008067390299402177,0.5259233117103577,0.11373213678598404
437,2,2,0.12252184003591537,0.1475042700767517,0.7095291018486023,0.020444728434085846
438,3,2,0.006201117765158415,1.0649589512468083e-06,0.508267879486084,0.48552992939949036
439,3,3,0.0011615528492257,3.6448827245294524e-07,0.022371498867869377,0.9764665961265564
440,2,0,0.6736453771591187,0.025448665022850037,0.12102346867322922,0.1798824965953827
441,3,3,0.3968505263328552,0.001939216977916658,0.17577987909317017,0.42543041706085205
442,0,0,0.9971600770950317,0.0006643965025432408,1.540200537419878e-05,0.0021600520703941584
443,2,0,0.5324617028236389,0.00025407993234694004,0.46584853529930115,0.0014356544706970453
444,0,0,0.9979122281074524,2.0641359697037842e-06,0.000491338549181819,0.0015944098122417927
445,3,3,0.004747783299535513,3.6381432437337935e-05,0.0022305103484541178,0.9929853081703186
446,3,3,4.917443584417924e-05,2.806894485729572e-07,0.04605716094374657,0.9538934826850891
447,3,3,3.06606935396303e-08,1.5963765032100952e-11,0.0023004089016467333,0.9976995587348938
448,2,0,0.7040888667106628,3.992757626747334e-07,0.2775132358074188,0.01839742250740528
449,2,2,0.1957298070192337,6.877603937027743e-06,0.522020697593689,0.28224268555641174
450,0,0,0.7485569715499878,0.24756523966789246,3.291083703516051e-05,0.003844882594421506
451,0,0,0.9697559475898743,2.326973117305897e-06,0.0018688318086788058,0.02837292104959488
452,2,2,1.1196267024615736e-07,1.6349831211126542e-11,0.9999998807907104,9.733177819271077e-09
453,3,3,0.04101359844207764,0.002969055902212858,0.210918128490448,0.7450991868972778
454,3,3,2.3095964252206613e-08,4.974453834960535e-11,0.00046652069431729615,0.9995335340499878
455,1,1,0.00024389327154494822,0.999665379524231,2.93064863399195e-06,8.781740325503051e-05
456,2,2,0.16207851469516754,0.001099294051527977,0.8345544338226318,0.0022678454406559467
457,3,3,0.005881237331777811,5.306392836246232e-07,0.053039927035570145,0.9410783052444458
458,1,1,0.0003687314165290445,0.9996240139007568,1.1510032891237643e-06,6.124396350060124e-06
459,2,2,0.2339233011007309,0.0007508359267376363,0.7650437951087952,0.00028206550632603467
460,1,1,9.88983902061591e-06,0.9999897480010986,2.0661788369125134e-07,9.685619772881182e-08
461,1,1,7.070319441027095e-08,0.9999998807907104,2.36926533947468e-10,1.1850920245137786e-08
462,3,3,0.011364777572453022,2.2438480584696663e-07,5.451945980894379e-05,0.9885804057121277
463,1,1,0.0006217611953616142,0.9993541836738586,1.968029664567439e-06,2.208666228398215e-05
464,0,0,0.9999932050704956,5.4003407967684325e-06,2.909926308802824e-07,1.208621483783645e-06
465,3,3,0.017406009137630463,1.4857992027828004e-06,0.00012502822210080922,0.9824674725532532
466,2,2,0.00032699957955628633,6.445070084737381e-06,0.988043487071991,0.011623116210103035
467,2,3,9.517566650174558e-05,1.4910514778421202e-07,0.07513131946325302,0.9247733354568481
468,3,3,4.204024298815057e-05,3.29248983632624e-09,1.1251759133301675e-05,0.9999467134475708
469,1,1,0.0021025491878390312,0.9732400178909302,0.0004985238774679601,0.024158958345651627
470,0,0,0.9994761347770691,9.445545856578974e-07,0.0005082229035906494,1.4644071598013397e-05
471,3,3,2.2049648578104097e-06,7.111579658491962e-10,0.004331065341830254,0.9956667423248291
472,0,0,1.0,2.4181434632453147e-10,9.961049762807761e-09,2.1692372342840827e-08
473,2,2,0.0004851894045714289,4.6797846152912825e-05,0.9987397789955139,0.0007282367441803217
474,1,1,0.004140413831919432,0.9932124614715576,0.0023731680121272802,0.00027402976411394775
475,3,3,0.015076878480613232,3.037241924630507e-07,0.07725779712200165,0.907664954662323
476,1,1,6.163113539514598e-07,0.9999992847442627,4.885530913156799e-08,2.732365977919926e-08
477,3,3,0.0001964897965081036,9.378822340977422e-08,0.34171849489212036,0.6580849885940552
478,0,0,0.9997795224189758,1.76213143276982e-06,6.186695827636868e-05,0.00015690953296143562
479,2,2,0.0005025360151194036,2.2475892365037e-06,0.999428927898407,6.631460564676672e-05
480,3,3,0.010343269445002079,0.007050719112157822,0.468866765499115,0.5137392282485962
481,2,0,0.7109183073043823,0.0006565297953784466,0.2861191928386688,0.002305911621078849
482,2,2,0.0036964919418096542,0.00016876317386049777,0.9954749941825867,0.0006598479230888188
483,3,3,0.0009085880010388792,3.2580355764366686e-05,0.0050704809837043285,0.9939883947372437
484,2,2,0.045093148946762085,0.008743961341679096,0.8026516437530518,0.14351122081279755
485,2,2,0.0018168267561122775,1.9305964826799027e-07,0.9963192939758301,0.0018636801978573203
486,1,1,3.064430347876623e-05,0.9998519420623779,7.632828055648133e-05,4.115933188586496e-05
487,2,2,0.001422801986336708,3.867832560899842e-07,0.9954655766487122,0.003111243946477771
488,2,2,0.2735286355018616,0.00016134367615450174,0.7255703806877136,0.0007396668079309165
489,1,1,1.391746354784118e-05,0.9999411106109619,3.7781541323056445e-05,7.1740919338481035e-06
490,1,1,5.118902777212497e-07,0.9999995231628418,3.4396883119569566e-09,1.7358772197439976e-08
491,3,3,3.998473403044045e-06,5.9501871874090284e-05,2.633195254020393e-05,0.9999102354049683
492,1,1,0.0009727175347507,0.9987660646438599,0.00021662551444023848,4.461665957933292e-05
493,2,2,0.0005554195959120989,5.179346771910787e-06,0.9993946552276611,4.471777720027603e-05
494,2,2,0.0009511116659268737,1.4799144310018164e-07,0.9984419941902161,0.0006067006615921855
495,1,1,1.5386644008685835e-05,0.9999338388442993,1.072294071491342e-05,4.0092418203130364e-05
496,2,2,0.005016001407057047,0.00019345205510035157,0.9910802245140076,0.00371031416580081
497,0,0,0.9997989535331726,6.332656630547717e-05,9.37969089136459e-05,4.3968560930807143e-05
498,1,0,0.5374441742897034,0.2180294245481491,0.13993161916732788,0.10459477454423904
499,3,3,8.891261131793726e-06,3.0798375973972725e-06,0.0017887792782858014,0.9981992840766907
500,3,0,0.768799901008606,0.006903778295964003,0.0245677400380373,0.1997285932302475
501,1,1,0.0002194857079302892,0.9997668862342834,8.229344530263916e-06,5.343178145267302e-06
502,1,1,8.131330832839012e-05,0.9999171495437622,1.010303776638466e-06,4.5940043946757214e-07
503,0,0,0.960371732711792,2.715933533181669e-06,0.0003220330399926752,0.039303503930568695
504,0,0,0.999957799911499,1.0171349458687473e-05,6.642462722084019e-06,2.540119385230355e-05
505,0,0,0.9999779462814331,1.413744143974327e-08,3.109259978373302e-06,1.8960641682497226e-05
506,0,0,0.9839578866958618,8.531103958375752e-06,0.0001165169378509745,0.015917116776108742
507,3,3,2.0208888599881902e-05,1.7355085219605826e-05,9.032993148139212e-06,0.9999533891677856
508,2,2,3.965881205658661e-07,2.6174692635549945e-08,0.9999850988388062,1.4569418453902472e-05
509,3,3,6.213689630385488e-05,6.695540832879487e-07,0.00026521336985751987,0.9996719360351562
510,3,3,4.621770131052472e-05,8.942662077515706e-08,7.621180702699348e-05,0.9998774528503418
511,0,0,0.5259205102920532,0.0020275760907679796,0.0412871278822422,0.430764764547348
512,3,3,1.3455593261824106e-06,2.671040647328482e-06,0.00737693952396512,0.992618978023529
513,0,0,0.9999692440032959,1.3986639402219225e-08,2.7604752176557668e-05,3.143145931971958e-06
514,0,0,0.9999998807907104,4.6592323749150566e-11,1.256892829815115e-07,4.4504002261192e-08
515,1,1,0.000441958021838218,0.9779562950134277,0.012806964106857777,0.008794832043349743
516,0,0,0.9999655485153198,8.027674880395352e-08,1.6737791384002776e-06,3.270797969889827e-05
517,2,2,0.19709107279777527,9.38215362111805e-06,0.7888554334640503,0.014044131152331829
518,3,3,0.00016083648370113224,0.0007174976053647697,0.0028717454988509417,0.9962499737739563
519,1,1,0.0005482907290570438,0.9992251396179199,4.40436415374279e-05,0.00018247506523039192
520,2,2,0.00249235681258142,4.012291356048081e-06,0.9968229532241821,0.000680738128721714
521,0,0,0.8586075901985168,4.9129123880220504e-08,0.05922362208366394,0.08216867595911026
522,2,2,1.0727466360549442e-05,2.4742375259734217e-08,0.9999877214431763,1.5201628684735624e-06
523,0,0,0.9997662901878357,0.00014759699115529656,8.323752990690991e-05,2.917711526606581e-06
524,0,0,0.9707210063934326,4.341471139923669e-06,0.0012558462331071496,0.028018686920404434
525,0,0,0.9996412992477417,1.3989830449645524e-06,0.0001282254233956337,0.00022908695973455906
526,3,2,0.008295274339616299,9.42649148782948e-06,0.6198814511299133,0.3718138635158539
527,0,1,0.008104636333882809,0.9708309769630432,0.0022883100900799036,0.018776077777147293
528,0,0,0.8500115275382996,0.0012954231351613998,0.14793327450752258,0.0007597971125505865
529,0,0,0.9997721314430237,1.1146977385578793e-06,5.946818055235781e-05,0.0001672515645623207
530,1,1,5.418865498540981e-07,0.9999991655349731,5.202545239058054e-08,2.8206937940922217e-07
531,3,3,4.877966421190649e-05,3.683273963606126e-10,0.019030338153243065,0.9809209108352661
532,3,3,0.000602284970227629,0.00035592730273492634,0.008834091015160084,0.9902077317237854
533,3,3,0.0005238962476141751,2.972155562019907e-05,0.017603976652026176,0.9818423986434937
534,2,2,0.0007516737678088248,2.8287526220083237e-05,0.9933574795722961,0.005862486083060503
535,2,2,0.0005306826205924153,1.167790742329089e-05,0.9986611604690552,0.0007964333053678274
536,3,3,2.7444173611002043e-05,2.116061215140519e-10,8.70069641223381e-07,0.9999716281890869
537,3,3,0.00015428560436703265,6.875885194546072e-09,5.2539935495588e-06,0.9998403787612915
538,1,1,2.230317477369681e-07,0.9999996423721313,1.6580382578013086e-07,2.856762826297654e-09
539,3,3,0.0002843723923433572,7.747983943318104e-08,0.0008297227323055267,0.9988858103752136
540,1,1,6.984348146943375e-05,0.9999057054519653,1.05829349195119e-06,2.3333339413511567e-05
541,0,0,0.9596088528633118,0.00010296081018168479,0.0018348055891692638,0.03845342621207237
542,0,0,0.9998936653137207,3.985626790381502e-06,2.7435885385784786e-07,0.00010208104504272342
543,3,3,0.04224671050906181,0.36849355697631836,0.00015160809562075883,0.5891081094741821
544,1,1,2.9185071980464272e-05,0.9999697208404541,1.0844561302292277e-06,5.886553822165297e-08
545,3,3,0.014287469908595085,6.10929589583975e-07,0.2798735201358795,0.7058384418487549
546,2,2,0.0016891054110601544,4.071617513545789e-05,0.9752365350723267,0.023033713921904564
547,1,0,0.4859606623649597,0.481393039226532,0.018919235095381737,0.013727111741900444
548,3,3,0.3437232971191406,0.0007807936053723097,0.1742941290140152,0.4812019169330597
549,2,2,0.00655336445197463,1.8420872947899625e-05,0.9151992201805115,0.07822904735803604
550,0,0,0.9997283816337585,2.3863048426164823e-08,5.8047498896485195e-06,0.00026570583577267826
551,0,0,0.9999836683273315,2.128114218180599e-08,1.0800892596307676e-05,5.408370725490386e-06
552,0,0,0.9998667240142822,4.247172182658687e-05,4.0951799746835604e-05,4.9762842536438257e-05
553,1,1,0.17132200300693512,0.8284226059913635,0.0002300315536558628,2.5356268452014774e-05
554,3,2,0.014610071666538715,0.0005423318361863494,0.7530577182769775,0.23178991675376892
555,3,3,1.605496981937904e-05,3.5000116138661497e-09,1.6805866835056804e-05,0.999967098236084
556,3,3,0.24414369463920593,9.217404794981121e-08,0.12333203107118607,0.6325241923332214
557,3,3,4.2473082430660725e-05,1.1453080333012622e-05,0.039612915366888046,0.9603331685066223
558,3,3,6.989837970650115e-07,4.232413086668885e-09,0.00020795232558157295,0.9997913241386414
559,3,3,0.0013393384870141745,2.3315533326240256e-06,0.0018897050758823752,0.996768593788147
560,3,3,0.00043177243787795305,2.247840802382939e-09,0.008693027310073376,0.990875244140625
561,0,0,0.9989826083183289,0.0005132906371727586,0.00022505376546178013,0.0002789614081848413
562,2,2,9.737826076161582e-06,4.484430610318668e-05,0.9999016523361206,4.36818809248507e-05
563,3,3,0.0008888437878340483,4.038143288198626e-06,0.3032579720020294,0.6958491206169128
564,1,1,0.0003889784275088459,0.9994811415672302,7.268868648679927e-05,5.7145760365528986e-05
565,0,2,0.0003767028101719916,2.2622154460805177e-07,0.9090571999549866,0.09056592732667923
566,0,0,0.9996827840805054,5.330895419319859e-06,3.269617445766926e-05,0.00027925302856601775
567,3,3,6.666383342235349e-06,3.794939362755656e-10,0.000418465438997373,0.9995748400688171
568,3,3,0.0003861356235574931,1.728112920318381e-06,0.32151278853416443,0.6780993938446045
569,1,1,0.0022883412893861532,0.9962693452835083,0.0013848691014572978,5.736603998229839e-05
570,3,3,0.0003075060958508402,3.853113594232127e-05,0.0022128447890281677,0.9974411725997925
571,2,2,0.019630232825875282,0.016026467084884644,0.8690608143806458,0.09528245031833649
572,3,3,0.0020614995155483484,3.3091273508034647e-06,0.0002862265391740948,0.9976488947868347
573,3,3,0.03969786688685417,0.00011767035175580531,0.04735516756772995,0.9128293991088867
574,0,1,0.07208142429590225,0.6479171514511108,0.002442186465486884,0.27755922079086304
575,2,2,0.00016444518405478448,6.432114929566524e-08,0.9994111061096191,0.00042441580444574356
576,1,1,0.0003248801804147661,0.9996746778488159,1.5026115818272956e-07,3.7852933587601e-07
577,3,3,0.01303156092762947,0.0005054761422798038,0.002008842770010233,0.9844542145729065
578,3,3,0.006378674879670143,0.00011497645755298436,0.07125899195671082,0.9222473502159119
579,0,0,0.999997615814209,2.032802953744195e-10,1.3477092863922735e-07,2.2525748590851435e-06
580,1,1,5.324469611878158e-07,0.9999610185623169,6.899216714373324e-06,3.162795474054292e-05
581,3,3,0.0007118107168935239,6.169169637360028e-07,0.03073522262275219,0.9685524106025696
582,2,3,1.7400432625436224e-05,3.84302261124958e-08,0.14428859949111938,0.8556939959526062
583,1,1,7.306106999749318e-05,0.9997814297676086,0.00010571302846074104,3.98596421291586e-05
584,0,0,0.5033998489379883,0.49599701166152954,4.240830821800046e-05,0.0005607318598777056
585,2,2,0.0024091615341603756,0.005743218120187521,0.9233023524284363,0.06854535639286041
586,3,3,1.2322010078946732e-08,7.594574275016086e-12,0.0075690774247050285,0.9924309849739075
587,3,3,0.29813018441200256,2.007178591156844e-05,0.013403244316577911,0.6884464621543884
588,3,3,0.0003344296128489077,2.634640772214425e-08,0.12688007950782776,0.8727855086326599
589,2,2,0.000147844577440992,1.1185032633420633e-07,0.9991661310195923,0.000685950624756515
590,0,0,0.9987149238586426,1.6450199424866696e-08,0.00048772446461953223,0.000797324231825769
591,2,2,6.489345105364919e-05,3.460132180777009e-09,0.9998772144317627,5.793073069071397e-05
592,3,3,0.035178083926439285,0.0010882270289584994,0.009806273505091667,0.9539273381233215
593,0,0,0.9987936019897461,0.0005470842006616294,0.0004636348458006978,0.00019565518596209586
594,3,3,2.6543093554209918e-06,1.6941751335153299e-09,0.0006743615958839655,0.9993230104446411
595,0,0,0.9999221563339233,1.0665722527392063e-07,2.091553687932901e-05,5.684640564140864e-05
596,3,3,1.2741854504838557e-07,4.522823449093494e-09,0.0037378501147031784,0.9962620139122009
597,3,3,0.001989726908504963,2.6661410856831935e-08,0.09967200458049774,0.898338258266449
598,2,2,0.0024967710487544537,1.302291639149189e-05,0.9964247345924377,0.001065459568053484
599,0,0,0.9997404217720032,5.445642818813212e-05,2.168151240766747e-06,0.00020299559400882572
600,2,0,0.9999897480010986,4.771791406454895e-09,4.437742063601036e-06,5.782908374385443e-06
601,2,2,4.998778604203835e-05,1.3367323248303364e-08,0.9999165534973145,3.344869764987379e-05
602,3,3,2.007123157454771e-06,2.377487651195054e-10,0.27782896161079407,0.722169041633606
603,2,2,0.01062786765396595,0.00013909884728491306,0.9849448800086975,0.004288157448172569
604,1,1,1.271217752218945e-05,0.9999799728393555,2.0922010435242555e-07,7.195043053798145e-06
605,0,0,0.9962990880012512,0.00023955236247275025,0.00010982117964886129,0.0033515614923089743
606,0,2,0.40784576535224915,0.0018791297916322947,0.4931461811065674,0.09712892770767212
607,3,3,0.005008835811167955,0.0001895038440125063,0.16503694653511047,0.8297646641731262
608,1,1,1.072985810424143e-06,0.9999974966049194,1.3857514886694844e-06,2.9926123801260474e-08
609,1,1,0.0016368235228583217,0.9981046915054321,0.00014926974836271256,0.00010923141235252842
610,1,1,4.5477296225726604e-05,0.9999469518661499,6.790487532271072e-06,8.904955848265672e-07
611,0,0,0.9997618794441223,1.944256837305147e-06,5.8811034250538796e-05,0.0001774359989212826
612,0,0,0.9994043111801147,2.5585417461115867e-05,0.00019263119611423463,0.00037751864874735475
613,0,0,0.9218698143959045,0.07802488654851913,1.1835229997814167e-05,9.340574615634978e-05
614,0,0,0.9272723197937012,0.07050169259309769,0.00024568289518356323,0.0019802702590823174
615,2,2,9.41149664868135e-06,5.663435276304085e-10,0.9999697208404541,2.086911081278231e-05
616,3,3,0.029435990378260612,3.4581437375891255e-06,0.029164565727114677,0.9413959383964539
617,0,0,0.9974632263183594,1.4383776033355389e-05,6.185290112625808e-05,0.0024605547077953815
618,0,0,0.9998675584793091,4.074312442980954e-08,0.00010030200792243704,3.203931555617601e-05
619,2,2,0.0015843970468267798,0.0001232905051438138,0.9936012625694275,0.004691029898822308
620,2,2,0.007410785183310509,0.0004486966645345092,0.9831370711326599,0.009003562852740288
621,2,2,0.01746438257396221,1.3512497389456257e-05,0.9811516404151917,0.0013705069432035089
622,3,3,3.979508619522676e-05,1.9357422331722773e-08,0.00013272406067699194,0.99982750415802
623,3,3,0.017271261662244797,6.3793604567763396e-06,0.0010501128854230046,0.9816722273826599
624,3,3,4.6299301175167784e-05,3.7401352415145084e-07,0.009900734759867191,0.9900526404380798
625,0,0,0.9999500513076782,5.69520125281997e-07,3.068114892812446e-05,1.8787086446536705e-05
626,0,0,0.5447602868080139,0.45509806275367737,2.5165698389173485e-05,0.00011639353760983795
627,3,3,4.469090072234394e-06,6.675913710729731e-10,0.018406009301543236,0.9815894961357117
628,2,2,2.3210722588373756e-07,1.107737651606655e-10,0.9999994039535522,4.009902738744131e-07
629,1,1,0.0002279917971463874,0.9996539354324341,0.00010180236131418496,1.6298945411108434e-05
630,3,3,0.00013010379916522652,1.3970253990094883e-12,0.0079880366101861,0.9918819069862366
631,1,1,0.1756279617547989,0.8242497444152832,5.771127689513378e-05,6.45858162897639e-05
632,3,3,0.0009910250082612038,4.781999862757402e-08,0.004868566058576107,0.9941403269767761
633,3,3,0.006320230662822723,6.39232894172892e-07,0.004126367624849081,0.9895527362823486
634,2,2,1.685367756465439e-08,8.586477362459988e-11,1.0,1.977446295597929e-08
635,3,3,0.0028054832946509123,3.036474538475886e-08,0.003788549453020096,0.9934059381484985
636,3,3,0.00011783951777033508,1.7697712451081316e-07,0.17006535828113556,0.8298166394233704
637,1,1,1.1980849023984774e-07,0.9999998807907104,2.3633558651758868e-11,7.092245679629627e-10
638,1,1,0.0033542723394930363,0.9964917302131653,2.8538515834952705e-06,0.00015106156934052706
639,0,0,0.9996728897094727,1.7417008280062873e-07,0.00012496302952058613,0.00020194175885990262
640,2,2,5.866081210115226e-06,6.626739690318573e-08,0.9979021549224854,0.0020919968374073505
641,3,1,0.03135884925723076,0.8851410150527954,0.002380708698183298,0.08111943304538727
642,3,0,0.8805776238441467,0.0008713994175195694,0.00030380781390704215,0.11824721843004227
643,2,0,0.9997479319572449,1.4606031299990718e-06,6.4241721702273935e-06,0.00024410842161159962
644,1,1,3.74663386537577e-07,0.9999996423721313,3.6512548540201806e-10,1.4607560994139845e-10
645,3,3,6.129946086730342e-06,6.721900258632729e-10,0.004717171657830477,0.995276689529419
646,0,0,0.9999337196350098,3.715896355060977e-07,4.765221456182189e-05,1.8274547983310185e-05
647,0,0,0.9868382811546326,2.194199396399199e-06,0.012341027148067951,0.0008184360340237617
648,1,1,0.001335849636234343,0.9983184337615967,1.8909822756540962e-06,0.0003438504063524306
649,2,2,6.085584573156666e-06,1.8724058414854028e-10,0.9999938011169434,1.4730886732650106e-07
650,0,0,0.9881336092948914,1.3752933227806352e-06,0.005867344327270985,0.005997704342007637
651,2,2,4.972175702278037e-06,3.207962784301799e-09,0.9999816417694092,1.3349844266485889e-05
652,0,0,0.9998981952667236,6.193451554281637e-05,8.781704309512861e-06,3.107341763097793e-05
653,0,0,1.0,9.291751396078851e-13,8.887661440137862e-11,8.717329968987997e-09
654,3,3,0.05790703371167183,0.068971648812294,0.08910565823316574,0.7840155959129333
655,0,3,0.33815041184425354,0.00010299224959453568,0.30060118436813354,0.36114540696144104
656,2,2,0.005394138861447573,3.1716008379589766e-05,0.9869728684425354,0.007601185701787472
657,3,3,6.484781351900892e-06,4.746422291646013e-06,0.0027713244780898094,0.9972174167633057
658,3,3,0.00015931742382235825,0.012956265360116959,0.041044846177101135,0.945839524269104
659,3,3,0.14847798645496368,1.473831730436359e-06,0.3227972984313965,0.5287232398986816
660,3,3,2.3857732230680995e-05,2.214982197656923e-09,0.0010294360108673573,0.9989467263221741
661,3,3,1.4891304545017192e-06,3.0137441431321577e-09,0.0002614879049360752,0.9997369647026062
662,1,1,3.0046803658478893e-05,0.9998996257781982,5.998776396154426e-05,1.0352276149205863e-05
663,2,2,0.0009845548775047064,8.873695333022624e-05,0.9966637492179871,0.0022629196755588055
664,3,2,0.00044059587526135147,1.5258274288498797e-05,0.996798574924469,0.0027455363888293505
665,1,1,8.777539915172383e-05,0.9999078512191772,3.4560712265374605e-06,9.606952744434238e-07
666,1,1,3.4104419910363504e-07,0.9999996423721313,3.2812867090115105e-08,1.965180729257554e-08
667,2,2,0.001960286172106862,1.3100959428413717e-08,0.9980231523513794,1.6477220924571157e-05
668,3,3,0.019998105242848396,0.00035164327709935606,0.002505004173144698,0.9771451950073242
669,0,0,0.910990297794342,0.00014072307385504246,0.03690571337938309,0.051963306963443756
670,1,1,5.437389518192504e-06,0.9999455213546753,4.237266330164857e-05,6.652460797340609e-06
671,3,3,0.00017188767378684133,1.047419040389741e-09,0.005457635503262281,0.9943705201148987
672,0,0,1.0,9.51646872415779e-10,8.513022287104377e-09,2.7808355618219593e-10
673,2,0,0.9243472218513489,3.533535709721036e-05,0.07406007498502731,0.0015573513228446245
674,1,1,3.9641381590627134e-05,0.9999603033065796,4.995406399643798e-08,1.600798382739299e-09
675,1,1,1.0438839126436505e-06,0.9999988079071045,1.1291990631434601e-07,4.228379069104449e-08
676,0,1,6.865343311801553e-05,0.9999244213104248,6.423817467293702e-06,4.585865553963231e-07
677,0,3,0.31355270743370056,4.466640530154109e-05,0.010762479156255722,0.6756400465965271
678,0,0,0.9999964237213135,1.0208938192590722e-06,1.0178296179219615e-06,1.5329613916037488e-06
679,1,1,1.3811103599437047e-05,0.9999352693557739,1.573272493260447e-05,3.51375674654264e-05
680,3,2,0.00028657822986133397,2.489235271241341e-07,0.7771064639091492,0.2226066142320633
681,0,0,0.9998499155044556,8.021057874429971e-05,3.1860151921137003e-06,6.66433697915636e-05
682,0,0,0.9562813639640808,0.037344641983509064,0.0006392672075890005,0.005734698381274939
683,0,0,0.9972085356712341,5.3677513989214276e-08,0.002154712798073888,0.0006366853485815227
684,0,0,0.9972445964813232,1.251442768079869e-06,0.00043471946264617145,0.0023193827364593744
685,2,2,0.0013414317509159446,1.2474081358959666e-06,0.8506837487220764,0.14797350764274597
686,1,1,2.480223315615149e-07,0.9999992847442627,4.769909622837076e-08,5.13874510943424e-07
687,2,0,0.9317713379859924,0.00048539842828176916,0.0070830173790454865,0.06066024303436279
688,2,2,1.5097085451998282e-05,8.287266837214702e-07,0.9999643564224243,1.966105992323719e-05
689,0,3,0.3875267207622528,0.02591099962592125,0.0516330860555172,0.5349291563034058
690,1,1,1.249279193871189e-06,0.9999984502792358,3.3431120982641005e-07,7.625686748724547e-09
691,1,1,0.015025030821561813,0.9848423004150391,2.3337641323450953e-05,0.00010926710092462599
692,1,1,0.00019219749083276838,0.99980229139328,4.536855612968793e-06,9.976694173019496e-07
693,1,1,5.084489384898916e-05,0.9999487400054932,8.003521401178659e-08,4.0391904576608795e-07
694,0,0,0.9998682737350464,9.326966221578914e-08,0.00010315690451534465,2.8462889531510882e-05
695,0,0,0.9999997615814209,2.61137267365541e-09,7.646903554814344e-09,2.0309947501573333e-07
696,1,1,4.651631024898961e-05,0.9994188547134399,0.0002534041996113956,0.00028131017461419106
697,0,0,0.9968637228012085,4.683449716935684e-08,0.0028047768864780664,0.00033155918936245143
698,1,1,0.08924318850040436,0.8942265510559082,0.011765954084694386,0.004764293786138296
699,0,0,0.9999992847442627,3.993430652826646e-07,2.6509496819926426e-07,6.801477780982168e-08
700,2,2,0.0006065591587685049,2.2327210899675265e-05,0.9930698275566101,0.0063011785969138145
701,1,1,1.557190358880689e-07,0.9999984502792358,9.307942150371673e-07,5.047813829150982e-07
702,3,3,4.2894036596408114e-05,8.896796188651024e-09,0.000748201971873641,0.9992089867591858
703,0,0,0.9952408075332642,0.001172009389847517,5.72253338759765e-05,0.003530029905959964
704,1,1,7.287853804882616e-06,0.9997333884239197,0.00025100188213400543,8.380144208786078e-06
705,1,3,0.18851064145565033,0.03701074793934822,0.026318149641156197,0.7481604814529419
706,3,3,0.0011547718895599246,1.8688198906602338e-05,0.3650403320789337,0.6337862610816956
707,2,2,0.3667380213737488,0.07725941389799118,0.5455849170684814,0.010417715646326542
708,3,3,2.2352885935106315e-05,2.127344522762087e-09,0.08998987078666687,0.9099878072738647
709,3,3,4.023096167315998e-08,7.226560461148779e-10,0.15246237814426422,0.8475375771522522
710,2,2,0.0005727271200157702,3.816305616055615e-05,0.9987090826034546,0.0006799817201681435
711,2,2,0.003124384908005595,6.140580808278173e-05,0.9967566132545471,5.749944466515444e-05
712,2,2,0.0056782434694468975,4.77410537769174e-07,0.9939953684806824,0.0003260185767430812
713,1,1,0.0003893187385983765,0.9996078610420227,2.628115680636256e-06,2.410893102933187e-07
714,1,0,0.929312527179718,0.007165870163589716,0.06313677877187729,0.0003847102343570441
715,3,3,0.0007122611277736723,0.00019181448442395777,0.00011385504330974072,0.9989820122718811
716,3,3,6.384764128597453e-05,9.804827527659654e-08,0.00019922242790926248,0.9997368454933167
717,1,1,0.2516694962978363,0.7224417924880981,0.0102978041395545,0.015591003000736237
718,1,1,0.00011305551743134856,0.9998832941055298,6.579549562957254e-07,2.972820993818459e-06
719,0,2,3.56526106770616e-05,4.1692379681990133e-07,0.9999510049819946,1.296744721912546e-05
720,0,0,0.999337375164032,9.026735483530501e-07,9.263382708013523e-06,0.0006524500786326826
721,0,0,0.9985907673835754,8.19251511074981e-08,0.0008568506455048919,0.000552323879674077
722,3,3,0.0006136086885817349,2.0676422707310849e-07,0.0013918454060330987,0.9979943037033081
723,2,2,0.07469652593135834,0.0038288109935820103,0.8757690191268921,0.04570561274886131
724,0,0,0.9999725818634033,3.8567169013958846e-08,5.302233148540836e-06,2.2103407900431193e-05
725,0,0,0.9998825788497925,2.1198843569436576e-06,0.00011422261741245165,1.13334908746765e-06
726,1,1,0.001113975653424859,0.9962294697761536,0.002260827459394932,0.00039566055056639016
727,0,2,0.18709151446819305,0.0001911581348394975,0.5931609869003296,0.2195563167333603
728,2,2,0.0006986032240092754,8.552797794436628e-07,0.9992725253105164,2.7934336685575545e-05
729,2,2,0.00034469107049517334,4.177029495622264e-06,0.9996393918991089,1.168968083220534e-05
730,2,2,0.0008099742117337883,1.3135540939401835e-06,0.9991193413734436,6.928700167918578e-05
731,3,3,0.00045234180288389325,2.62716621364234e-05,0.0009487980860285461,0.998572587966919
732,3,3,0.01294608972966671,0.0016954833408817649,1.1002784049196634e-05,0.9853475093841553
733,2,2,0.00024786830181255937,1.3082883469905937e-06,0.9995673298835754,0.00018352393817622215
734,2,2,0.0015095790149644017,0.014821662567555904,0.7502624988555908,0.23340627551078796
735,1,1,0.130787193775177,0.6768779754638672,0.09809967130422592,0.09423510730266571
736,2,2,0.018399590626358986,0.0012153242714703083,0.9640214443206787,0.01636369526386261
737,0,0,0.9983475208282471,0.0010498452465981245,0.0005954989464953542,7.087229278113227e-06
738,3,2,0.20555447041988373,0.023567436262965202,0.44562673568725586,0.32525137066841125
739,1,1,0.003202450927346945,0.9943321943283081,0.0008206585189327598,0.0016446717781946063
740,1,1,0.0007514564204029739,0.9992157220840454,1.7644471881794743e-05,1.5070857443788555e-05
741,3,3,0.0005635232082568109,1.0672775374587218e-07,0.00015173625433817506,0.9992846846580505
742,0,0,0.9962180256843567,5.688772489520488e-06,2.8268343612580793e-06,0.0037734268698841333
743,3,3,0.020741678774356842,0.002772633219137788,0.0023125314619392157,0.9741731882095337
744,2,3,0.0006930145900696516,3.012177103300928e-06,0.07774509489536285,0.9215589165687561
745,2,2,0.002103030914440751,1.151502829088713e-06,0.9973424077033997,0.0005533368675969541
746,2,2,2.8279038133405265e-07,6.234531779725216e-10,0.9999960660934448,3.7275665363267763e-06
747,0,1,7.215918458314263e-07,0.9999985694885254,4.764330299167341e-07,2.820057716235169e-07
748,3,3,3.530262620188296e-05,9.197257955229077e-10,0.00026576820528134704,0.9996989965438843
749,1,1,3.6507825029730157e-07,0.9999992847442627,1.2107589952847775e-07,2.2535704147230717e-07
750,0,0,0.9998778104782104,1.966924116914015e-07,1.95423599507194e-05,0.00010237697279080749
751,2,2,0.00023239568690769374,1.7266136637772433e-05,0.906050443649292,0.0936998501420021
752,1,1,4.305583161112736e-07,0.9999991655349731,3.45393061707e-07,2.288535760897048e-08
753,1,1,3.112945705652237e-07,0.9999996423721313,1.7453916090204302e-09,1.6016614701186427e-09
754,0,0,0.827465832233429,0.00013574572221841663,0.0356316976249218,0.136766716837883
755,3,3,9.99298135866411e-05,0.0026725486386567354,0.07879423350095749,0.9184333086013794
756,0,0,0.9963705539703369,7.771990931360051e-05,0.0012062570312991738,0.00234547583386302
757,0,0,0.9858760237693787,0.008808836340904236,0.0048838527873158455,0.00043127418030053377
758,3,3,0.02211575023829937,1.8171225747209974e-05,0.03873157128691673,0.9391345381736755
759,1,1,2.8649444061557006e-07,0.9999973773956299,2.326984258615994e-06,3.386394098470191e-08
760,2,2,0.019129754975438118,0.0009231306030414999,0.9359663724899292,0.04398072138428688
761,3,3,0.004377987701445818,1.4354762356560968e-07,0.005636916030198336,0.9899849891662598
762,2,3,0.0012673442251980305,6.272942982832319e-07,0.35198476910591125,0.6467472314834595
763,3,3,0.0001252423389814794,3.2814700290373366e-08,0.04088763892650604,0.9589870572090149
764,0,0,0.9999536275863647,3.6805075069423765e-05,4.4061755488655763e-07,9.097080692299642e-06
765,1,1,2.342621883144602e-06,0.9999974966049194,7.986283634409119e-08,8.192718325972237e-08
766,1,1,3.33926050188893e-06,0.9999799728393555,1.3867617781215813e-05,2.8093313630961347e-06
767,1,1,7.358394213952124e-06,0.9999769926071167,1.4935838407836854e-05,6.607181148865493e-07
768,0,0,0.9999313354492188,1.2557888062758593e-08,3.2374821330449777e-06,6.539653986692429e-05
769,1,1,0.0027999081648886204,0.9968757629394531,0.0002738595358096063,5.049877654528245e-05
770,2,2,0.00033131675445474684,2.5013046979438514e-05,0.9954121708869934,0.004231506027281284
771,1,1,9.866082109510899e-06,0.9999680519104004,1.126019014918711e-05,1.0898097571043763e-05
772,0,2,0.3619067966938019,9.691762898000889e-06,0.6372587084770203,0.0008247934747487307
773,1,1,1.7007261021717568e-07,0.9999995231628418,3.086144033659366e-07,3.28317710796e-08
774,1,1,6.189264354361512e-07,0.9999991655349731,3.414757188124895e-08,1.816614627614399e-07
775,0,0,0.999743640422821,0.00020346646488178521,7.049092801025836e-06,4.584708949550986e-05
776,3,3,0.05501894652843475,1.3011678674956784e-05,0.14035643637180328,0.8046115636825562
777,1,1,0.00019917248573619872,0.9991878867149353,0.0005924648721702397,2.0543231585179456e-05
778,3,3,2.5602191726648016e-06,1.4624809696606178e-10,0.0002481501433067024,0.9997492432594299
779,1,1,0.0015069410437718034,0.9982182383537292,0.0001364458294119686,0.00013840949395671487
780,0,0,0.9999854564666748,1.124386108131148e-05,4.4621350525630987e-07,2.8081303753424436e-06
781,0,0,0.999821126461029,2.44689636019757e-06,0.0001723735622363165,4.1658372538222466e-06
782,1,1,0.001190447947010398,0.998566210269928,0.00017919164383783937,6.415749521693215e-05
783,3,3,0.00013321761798579246,7.430719961121213e-06,0.00967075489461422,0.9901885390281677
784,1,1,0.0002006823633564636,0.9997397065162659,3.98636439058464e-05,1.9744531527976505e-05
785,0,0,0.9999884366989136,1.6768649402365554e-07,5.461570708575891e-06,5.858510576217668e-06
786,0,0,0.9897275567054749,3.331819442564665e-08,0.010249331593513489,2.3099702957551926e-05
787,1,1,8.17100444692187e-05,0.9999178647994995,9.841905068697088e-08,3.288927530320507e-07
788,2,2,0.010587246157228947,0.00043095790897496045,0.9844565987586975,0.004525197669863701
789,3,0,0.5469393134117126,0.0009406764875166118,0.09985439479351044,0.3522656261920929
790,0,0,0.9999024868011475,9.00473605724983e-06,1.607927515578922e-07,8.839377551339567e-05
791,3,3,0.00016733018856029958,2.6584487500258547e-08,0.00830735731869936,0.9915253520011902
792,0,0,1.0,1.200875371365484e-10,2.1164574537380076e-09,3.884276011945076e-09
793,1,1,3.436697807046585e-05,0.9999622106552124,1.723309878798318e-06,1.6733728216422605e-06
794,3,3,0.0008841154631227255,0.27744489908218384,0.032469842582941055,0.6892012357711792
795,0,0,0.9956642985343933,6.242548988666385e-05,0.003867050167173147,0.0004062787920702249
796,2,3,0.24504053592681885,0.0015667640836909413,0.1897127330303192,0.5636799931526184
797,0,0,0.9999997615814209,4.0303710369116175e-10,2.0817655865812412e-07,7.149973502151852e-09
798,1,0,0.6148896217346191,0.27941763401031494,0.00039312924491241574,0.10529962182044983
799,0,0,0.9972023963928223,7.178222745096718e-07,0.001078061992302537,0.001718807965517044
800,1,1,1.6327608420851902e-07,0.9999995231628418,3.224220961328683e-07,5.1427296199335615e-08
801,1,1,1.981397190320422e-06,0.9999979734420776,3.301615336681607e-08,7.787083866617195e-09
802,0,0,0.9579069018363953,3.799967316808761e-06,0.002131110057234764,0.03995814174413681
803,0,0,0.9975480437278748,0.0021117646247148514,1.957689391929307e-06,0.0003383013536222279
804,2,2,0.03282796964049339,0.009476009756326675,0.9312499165534973,0.026446126401424408
805,3,3,1.0276482775850582e-08,5.900929484631279e-12,0.00017929755267687142,0.9998207688331604
806,2,3,0.06528697907924652,0.006831623148173094,0.32429438829421997,0.6035870313644409
807,1,1,3.8958633012953214e-06,0.9999959468841553,6.288782827823525e-08,6.700314258978324e-08
808,0,0,0.999998927116394,9.484280916183252e-09,8.458227398477902e-07,2.2933430443572433e-07
809,1,1,1.9812196114799008e-06,0.999994158744812,3.550195970092318e-06,3.0679393603350036e-07
810,0,0,0.9999998807907104,1.102917757123123e-08,2.6154218346619018e-08,6.583690748129811e-08
811,3,2,0.008653068915009499,0.0004839434695895761,0.7828401327133179,0.2080228179693222
812,3,3,1.3592688446806278e-05,8.842783927320852e-07,0.0025402624160051346,0.9974453449249268
813,0,0,0.9999936819076538,5.396268534241244e-07,5.265740128379548e-06,4.7536732949993166e-07
814,1,1,1.1797588683748472e-07,0.9999998807907104,6.780479511192539e-10,4.987610879858551e-10
815,0,0,0.9794521331787109,0.00010498140181880444,0.006795620080083609,0.013647169806063175
816,2,3,0.20449969172477722,0.0018961362075060606,0.39112377166748047,0.4024803936481476
817,1,1,4.5077109689373174e-07,0.9999995231628418,1.9153013397499308e-08,7.469305174367946e-09
818,0,0,0.999988317489624,2.0050484295097704e-07,5.047038484917721e-06,6.491480235126801e-06
819,0,2,0.012594540603458881,0.00035995562211610377,0.977056086063385,0.00998938363045454
820,0,0,0.9993243217468262,1.25328745070874e-06,0.0006129954126663506,6.135568401077762e-05
821,1,1,0.00019069507834501565,0.9998014569282532,2.96882074479754e-08,7.81998096499592e-06
822,1,1,0.02281494066119194,0.9768194556236267,9.2881586169824e-05,0.00027266916004009545
823,1,1,0.0004247792239766568,0.9889019727706909,0.008238255977630615,0.002435110043734312
824,2,2,0.030715879052877426,0.0001961384405149147,0.919666588306427,0.04942137748003006
825,1,1,0.000442830118117854,0.998184859752655,0.0013696217210963368,2.601715095806867e-06
826,0,0,0.999758780002594,2.902878259192221e-05,0.00014835709589533508,6.382986612152308e-05
827,1,1,3.448875213507563e-05,0.9999411106109619,1.84699019882828e-05,5.98459928369266e-06
828,0,0,0.9977213740348816,4.482314398046583e-05,0.0018034604145213962,0.0004303274326957762
829,0,0,0.9988435506820679,1.8488168279873207e-05,0.0010739449644461274,6.400956044672057e-05
830,0,0,0.8629242181777954,1.0567816843831679e-06,0.004323769360780716,0.13275094330310822
831,0,0,0.9999996423721313,5.620190179911333e-08,1.8386569422546017e-07,7.753324382520077e-08
832,0,0,0.9607011675834656,0.002378311241045594,0.03424258157610893,0.0026779170148074627
833,0,0,0.6063126921653748,0.36783289909362793,0.014638867229223251,0.01121552288532257
834,1,1,1.4822265939073986e-06,0.9999985694885254,1.8733088413824817e-09,4.341997339452064e-08
835,2,2,0.01925627514719963,0.0007416096632368863,0.6392992734909058,0.3407028317451477
836,2,2,2.235752617707476e-06,1.39440601287788e-07,0.9997485280036926,0.0002491043705958873
837,1,1,0.017645427957177162,0.9123446941375732,0.04056854918599129,0.02944137342274189
838,0,0,0.993399977684021,5.075277840660419e-06,0.0033147672656923532,0.0032801444176584482
839,3,2,6.614439189434052e-05,1.805394617804268e-06,0.9956379532814026,0.004294108133763075
840,1,1,3.6451640994528134e-07,0.9999994039535522,1.948257875028503e-07,1.8521708611274335e-09
841,0,0,0.999995231628418,4.1413576923332585e-07,2.57885017163062e-06,1.7093897213271703e-06
842,1,1,5.65167392778676e-05,0.9999434947967529,1.0702722041955326e-09,3.7247296913456296e-10
843,1,1,0.0062547060661017895,0.9931029081344604,0.00012829112529288977,0.0005142070003785193
844,0,0,0.9997647404670715,7.732959943496098e-07,0.00020840580691583455,2.6074349079863168e-05
845,3,3,0.00011286177323199809,1.982726416827063e-06,0.0007401003385894,0.9991450309753418
846,0,0,0.9999996423721313,6.255876372485147e-10,3.917514561635471e-07,1.9132457396153768e-08
847,0,0,0.7547298669815063,0.0007758014253340662,0.22422952950000763,0.020264795050024986
848,0,0,0.9995720982551575,5.503828219843854e-07,8.21181311039254e-06,0.0004191716725472361
849,1,1,0.10990185290575027,0.8800088763237,0.00021693277813028544,0.009872306138277054
850,3,3,0.002009538933634758,1.308369064645376e-05,0.004458118695765734,0.9935192465782166
851,1,1,9.352011431928986e-08,0.9999998807907104,4.9127049095432085e-09,2.3684743055696345e-10
852,0,0,0.9861963391304016,9.963021511794068e-06,0.010570286773145199,0.0032233509700745344
853,1,1,0.00931498035788536,0.9904432892799377,1.974364568013698e-05,0.00022193518816493452
854,1,1,0.0002070023474516347,0.9997320771217346,5.8526955399429426e-05,2.381173999310704e-06
855,1,2,0.06642081588506699,0.10853216052055359,0.7829734086990356,0.042073652148246765
856,1,1,2.1874902245144767e-07,0.9999997615814209,6.803995589166334e-09,1.2710487107270296e-09
857,1,1,0.0026498790830373764,0.9490405917167664,0.04266180843114853,0.005647724494338036
858,1,1,0.00022477819584310055,0.9997748732566833,2.1184453302680595e-08,3.3100911878136685e-07
859,3,3,4.71879102406092e-05,4.923875085438567e-09,0.004100835882127285,0.995851993560791
860,0,0,0.9999982118606567,2.289604452698768e-07,3.587346384392731e-07,1.2519170695668436e-06
861,2,2,0.4049416482448578,1.5812795027159154e-05,0.5933439135551453,0.0016986655537039042
862,1,1,3.7111396522959694e-05,0.9999573230743408,6.128865859267307e-09,5.5959285418794025e-06
863,1,1,0.00012777511437889189,0.9998052716255188,5.128887642058544e-05,1.5712956155766733e-05
864,2,2,0.013785933144390583,5.0556329370010644e-05,0.9835948348045349,0.002568624448031187
865,2,2,0.00042530495557002723,3.174163794028573e-05,0.9994596838951111,8.321509812958539e-05
866,3,3,0.05511125549674034,9.978154594136868e-06,0.0002898405073210597,0.9445888996124268
867,2,2,1.3873270745534683e-06,6.162480076454813e-06,0.9991982579231262,0.0007941558142192662
868,0,0,1.0,2.0816953494318113e-08,1.4496558620180622e-08,3.000015169618564e-08
869,0,0,0.9998977184295654,1.1312248915373857e-08,1.4594442291127052e-05,8.772605360718444e-05
870,1,1,4.033508503198391e-06,0.9999959468841553,1.0020539065180856e-08,2.042392255319214e-09
871,1,1,0.058346353471279144,0.8863794207572937,0.0038474719040095806,0.051426734775304794
872,1,1,1.263361752990022e-07,0.9999998807907104,4.051292989970534e-08,2.154483702554444e-08
873,1,1,0.09650710225105286,0.8550993204116821,0.032409653067588806,0.01598394848406315
874,1,1,0.007037726696580648,0.9743368625640869,0.014836551621556282,0.003788855392485857
875,1,1,0.00012451663496904075,0.9996294975280762,0.00016890213009901345,7.713885133853182e-05
876,2,2,0.4470732510089874,0.011534110642969608,0.5157200694084167,0.025672558695077896
877,2,3,0.00023957509256433696,3.1876074899628293e-06,0.0904092937707901,0.9093480110168457
878,1,1,0.0002836658386513591,0.9993054866790771,0.00019002569024451077,0.0002208250225521624
879,0,0,0.9945865869522095,7.24241544958204e-06,0.005390774458646774,1.541900019219611e-05
880,3,3,1.1107781574537512e-06,1.3295818916958524e-06,0.000431031541666016,0.9995664954185486
881,2,0,0.9291969537734985,0.06408271938562393,0.005430343560874462,0.0012900036526843905
882,0,0,0.9999258518218994,2.894476665460388e-06,9.433943887415808e-06,6.178172043291852e-05
883,2,2,8.376966434298083e-06,5.018281399316038e-07,0.9999910593032837,1.405871188353558e-07
884,1,1,0.009544702246785164,0.99024897813797,0.00016350297664757818,4.282581721781753e-05
885,1,1,2.13023314266092e-11,1.0,1.8491071174242535e-10,3.490044017673277e-11
886,1,1,3.259737923144712e-06,0.9999949932098389,1.5199231029328075e-06,1.888666361082869e-07
887,2,3,0.00015519830049015582,6.234289321582764e-05,0.13890312612056732,0.8608794212341309
888,1,1,8.296293572129798e-07,0.9999991655349731,5.775609679403715e-08,8.181890720493357e-09
889,2,2,0.013105932623147964,0.001204802538268268,0.9718784093856812,0.013810805045068264
890,2,2,0.027428101748228073,4.6483270125463605e-05,0.942423939704895,0.03010152094066143
891,1,1,5.893937213841127e-06,0.9999929666519165,1.0824436458278797e-06,3.962228589671213e-08
892,2,3,0.0012213645968586206,1.9110302673652768e-05,0.013800079002976418,0.9849594235420227
893,0,0,0.5988698601722717,0.15875570476055145,0.016985313966870308,0.22538909316062927
894,0,0,0.9999712705612183,4.3469039479049343e-10,2.5091344468819443e-06,2.6267969587934203e-05
895,2,2,6.459637370426208e-05,3.5606273740995675e-05,0.9997767806053162,0.00012307483120821416
896,0,0,0.8485041260719299,0.09289570897817612,0.04695936664938927,0.01164079736918211
897,0,0,0.9996453523635864,0.00021415499213617295,1.39246039907448e-05,0.00012651628640014678
898,0,0,0.7401085495948792,6.799017864977941e-05,0.24933266639709473,0.010490747168660164
899,2,2,0.006976509466767311,0.011490846984088421,0.8953810334205627,0.08615170419216156
900,2,2,0.04451877251267433,2.3408938432112336e-05,0.953980028629303,0.001477714511565864
901,1,1,3.0414412321988493e-06,0.9999936819076538,3.2763548460934544e-06,4.816067189494788e-08
902,2,2,1.29787022160599e-05,3.271762638590303e-09,0.9937750101089478,0.0062119318172335625
903,0,0,0.9999957084655762,2.2258485898873914e-07,3.0900507681508316e-06,9.785192105482565e-07
904,3,3,5.000230885343626e-05,2.582486331448308e-07,0.013955540023744106,0.9859942197799683
905,1,1,0.009340595453977585,0.9905855059623718,2.8493984700617148e-06,7.103382813511416e-05
906,2,2,0.105405293405056,2.4503349777660333e-05,0.8912902474403381,0.003279966302216053
907,2,2,9.704384638098418e-07,1.9886693181092596e-08,0.9999086856842041,9.027530177263543e-05
908,0,0,0.999600350856781,2.3991433408809826e-05,3.838153133983724e-06,0.0003718365333043039
909,2,2,0.0022404722403734922,1.3981298252474517e-07,0.9838739633560181,0.013885515742003918
910,3,3,9.326921281171963e-05,1.0945439044007799e-06,0.005776150617748499,0.9941295385360718
911,2,2,0.0017645938787609339,1.021621187646815e-06,0.9978860020637512,0.0003484149929136038
912,3,1,1.0526413768419118e-10,1.0,6.577082764048017e-14,4.067575703342596e-12
913,1,1,0.0015934451948851347,0.9983876943588257,9.098795089812484e-06,9.70381370279938e-06
914,2,2,0.001880073337815702,2.334071069753918e-07,0.9980958104133606,2.3966407752595842e-05
915,0,0,1.0,9.877447817996377e-12,2.463896642268537e-09,4.990345026101295e-09
916,2,2,0.00393865117803216,2.340375431231223e-07,0.9904252886772156,0.0056358398869633675
917,1,1,4.312661587846378e-07,0.9999995231628418,9.258877220474915e-09,5.453501472629796e-08
918,0,0,0.9976803064346313,3.497227226034738e-05,0.0008207946084439754,0.0014639651635661721
919,0,0,0.999992847442627,3.1998159677470994e-09,7.048906809359323e-06,1.1782472597587912e-07
920,3,3,1.9458022507023998e-05,1.8575986235336295e-11,0.03750738129019737,0.9624731540679932
921,3,3,0.001583708799444139,3.226374474252225e-06,0.005615714937448502,0.9927974343299866
922,2,2,0.11863434314727783,1.6986576838462497e-06,0.8712635040283203,0.010100440122187138
923,2,2,1.087669602384267e-06,6.703443355959848e-11,0.999998927116394,3.4923292702160325e-08
924,0,0,0.9998328685760498,8.511953637935221e-06,4.630824696505442e-05,0.0001121841705753468
925,0,0,0.7001383304595947,0.17661787569522858,0.07215806096792221,0.051085710525512695
926,0,0,0.9989598989486694,1.2250014151504729e-05,2.7352527467883192e-05,0.0010004541836678982
927,3,3,0.060916051268577576,1.0716874385252595e-05,0.24392232298851013,0.6951509118080139
928,3,3,8.381891802855534e-07,4.824151300653057e-09,0.0025074316654354334,0.997491717338562
929,1,1,0.0020040275994688272,0.996968686580658,0.0006527467048726976,0.00037462107138708234
930,0,2,0.20349277555942535,0.0004344773187767714,0.795829713344574,0.00024297753407154232
931,2,2,0.001632297527976334,0.0001383880735374987,0.9919055700302124,0.006323755718767643
932,2,2,0.0551532544195652,0.0005902372649870813,0.9371694922447205,0.007087009493261576
933,3,3,0.00032343159546144307,3.6213688758834905e-07,0.0006599369808100164,0.999016284942627
934,3,3,2.331190898985369e-06,1.4317632412996772e-08,0.002408357337117195,0.9975893497467041
935,1,1,0.009030853398144245,0.9818931818008423,0.008472414687275887,0.0006035061087459326
936,2,2,0.00030501265428029,3.265584382461384e-05,0.9950657486915588,0.004596647806465626
937,0,0,0.990159809589386,0.0008345693349838257,0.006881593260914087,0.0021240459755063057
938,0,0,0.46631503105163574,0.26063093543052673,0.006256054621189833,0.2667979300022125
939,1,1,0.0011289126705378294,0.9988529682159424,5.167441372577741e-07,1.767401408869773e-05
940,1,1,1.283007350139087e-05,0.9999866485595703,4.361906391636694e-09,4.310891199565958e-07
941,3,3,1.0832993211806752e-05,1.2029245155531498e-08,0.006064002402126789,0.993925154209137
942,0,2,0.009964905679225922,9.600461226000334e-07,0.7544399499893188,0.23559415340423584
943,1,1,3.373591406230503e-09,1.0,2.0301284209267578e-08,4.1604952372154e-08
944,3,2,0.07888595014810562,0.02399289980530739,0.5918111205101013,0.30531004071235657
945,1,1,8.730500667297747e-06,0.9999890327453613,1.8819118849933147e-06,3.0029090680727677e-07
946,3,3,0.46629729866981506,1.5273642929969355e-05,0.011480515822768211,0.5222069621086121
947,1,1,2.776788505798322e-06,0.9999929666519165,3.397037517061108e-06,7.976667575348984e-07
948,0,0,0.9999990463256836,1.0363716995698269e-07,1.6335231123321137e-07,7.120654004211247e-07
949,1,1,1.3603288380181766e-06,0.9999940395355225,2.719375061133178e-06,1.8989528598467587e-06
950,2,2,0.00021604409266728908,1.5779231034684926e-05,0.9954766631126404,0.004291424993425608
951,3,1,0.2833258807659149,0.321111261844635,0.22294360399246216,0.17261920869350433
952,1,1,0.20214013755321503,0.6913540363311768,0.06416619569063187,0.04233956336975098
953,2,2,0.16975180804729462,4.5672884880332276e-05,0.8298718929290771,0.0003306094731669873
954,3,3,0.02426714263856411,6.639108505623881e-06,0.042676325887441635,0.9330498576164246
955,2,2,0.24239099025726318,3.0294367547867296e-07,0.669017493724823,0.08859118819236755
956,3,3,2.2512022042064928e-06,2.6152923737754463e-07,0.00602901354432106,0.9939684867858887
957,3,3,2.7892015808106407e-08,7.737164242627159e-10,0.004963192157447338,0.995036780834198
958,0,0,0.9985827207565308,2.0810695389172906e-08,0.00045626191422343254,0.0009610320557840168
959,1,1,1.458532551623648e-05,0.9999775886535645,1.340869886234941e-07,7.690749953326304e-06
960,3,3,1.557545488140022e-06,7.298234065700182e-12,7.92416904005222e-06,0.9999904632568359
961,0,0,0.9981213212013245,3.8136303714964015e-07,0.00013607615255750716,0.0017421477241441607
962,0,0,0.9999721050262451,1.3640766383105074e-06,6.956893685128307e-06,1.9619217709987424e-05
963,2,2,0.000794948369730264,1.2290767699596472e-05,0.9988880753517151,0.000304693152429536
964,2,2,4.936436380376108e-05,5.685266728505667e-07,0.7270493507385254,0.27290064096450806
965,2,2,2.3762834189255955e-07,2.930682432844556e-11,0.9999997615814209,2.915093411104408e-08
966,1,1,2.2010510292602703e-05,0.999818742275238,4.003158665000228e-06,0.00015530496602877975
967,0,1,0.000823192298412323,0.9990743398666382,7.388769154204056e-05,2.860267341020517e-05
968,3,3,8.34246111480752e-06,6.087610415761446e-08,4.443556099431589e-05,0.9999470710754395
969,3,3,9.40644497404719e-07,4.2530423627340497e-11,0.0001279774442082271,0.999871015548706
970,2,2,5.0771519454428926e-05,3.7055208395031514e-06,0.9998502731323242,9.52808914007619e-05
971,3,3,2.104261511703953e-05,0.0005713657010346651,0.0066708666272461414,0.9927366971969604
972,0,0,0.9998052716255188,2.7005819447367685e-07,0.00019189639715477824,2.6264447114954237e-06
973,0,0,0.770670473575592,0.005814571864902973,0.00042174861300736666,0.2230932116508484
974,1,1,8.977440124624536e-09,1.0,4.4203044002877334e-10,3.0967914899093785e-09
975,1,1,7.311509175877973e-09,1.0,4.243820295180001e-10,4.426345401320475e-10
976,3,3,0.0018050855724141002,2.063676220132038e-06,0.06946123391389847,0.9287315607070923
977,3,3,7.092181704138056e-07,4.566670934631756e-13,0.0005124167073518038,0.9994868040084839
978,0,0,0.9999849796295166,1.0515154258428083e-07,1.3836141079082154e-05,1.1400585435694666e-06
979,3,3,0.0002732833963818848,1.591750731222419e-08,0.0025373867247253656,0.9971893429756165
980,2,2,7.216420954136993e-07,2.0524641541896926e-08,0.9999861717224121,1.3126786143402569e-05
981,3,3,0.00017599397688172758,3.0269052331277635e-06,0.007813354954123497,0.9920076131820679
982,3,3,1.2615075320354663e-05,3.948349558413611e-07,0.00012181041529402137,0.9998651742935181
983,1,3,0.4386269748210907,0.026633476838469505,0.002627942943945527,0.5321115851402283
984,1,1,0.0011290236143395305,0.9986535310745239,4.7804271162021905e-05,0.00016967978444881737
985,3,3,2.980087401738274e-06,1.5372421391379731e-10,5.947802128503099e-05,0.9999375343322754
986,0,0,0.9998878240585327,2.1473228173363168e-07,7.122140686988132e-06,0.00010481692152097821
987,0,0,0.9955470561981201,2.8514723453554325e-06,0.0001223668223246932,0.004327769856899977
988,3,3,9.551692983222893e-07,9.39898874875722e-13,1.0022310561907943e-05,0.9999890327453613
989,3,3,0.00014198999269865453,1.6550470718357246e-06,0.04042063280940056,0.959435760974884
990,1,1,7.929197067824134e-07,0.9999988079071045,2.6241124828629836e-07,8.649237059898951e-08
991,2,2,0.0010190251050516963,2.303975179529516e-06,0.9988547563552856,0.00012386663001962006
992,0,0,0.9994977712631226,4.326741418481106e-07,0.0004842889029532671,1.7472815670771524e-05
993,0,0,0.9999692440032959,3.442201204961748e-06,1.141710345109459e-05,1.5824736692593433e-05
994,3,3,1.2204455970277195e-06,3.0724265354109548e-09,0.0013508464908227324,0.9986479878425598
995,1,1,0.004071863833814859,0.9949359893798828,7.276593532878906e-05,0.0009192964644171298
996,1,1,0.002152632921934128,0.997733473777771,9.653053893998731e-06,0.00010421332262922078
997,1,1,0.10231656581163406,0.8976705074310303,3.8082739592937287e-06,9.12003633857239e-06
998,3,3,2.0269838785225147e-07,7.589097776872222e-07,0.005232439376413822,0.9947665929794312
999,0,0,0.9998718500137329,4.85174787172582e-05,8.324302143591922e-06,7.124979310901836e-05
1000,2,2,0.0006324941059574485,4.9953158054449887e-08,0.9984098672866821,0.0009576031006872654
1001,2,2,0.03395870327949524,0.003141082124784589,0.8930237889289856,0.06987641751766205
1002,3,3,6.144366489024833e-05,2.2634556273715134e-07,0.0006706586573272943,0.9992676377296448
1003,0,0,0.9988570213317871,3.194627788616344e-05,0.001015334390103817,9.568198584020138e-05
1004,3,0,0.5721650719642639,0.0005880168173462152,0.031586144119501114,0.39566072821617126
1005,3,3,0.003410710021853447,0.007699781563133001,0.024779152125120163,0.9641103148460388
1006,2,2,0.0508623830974102,0.0014670429518446326,0.9427189230918884,0.004951668903231621
1007,1,1,5.922544005443342e-06,0.9999939203262329,1.348397171696547e-09,1.6395391355672473e-07
1008,1,1,0.08167964965105057,0.9167700409889221,0.0003658395726233721,0.001184435561299324
1009,3,3,6.564727641489299e-07,2.6331114372224462e-11,3.456095555520733e-06,0.9999959468841553
1010,2,2,1.307067378775173e-07,2.0719826895887472e-11,0.9999997615814209,1.0907135106208443e-07
1011,3,0,0.6105004549026489,7.131831125661847e-07,0.27777886390686035,0.1117200031876564
1012,2,2,1.9016635633306578e-05,1.1144477412017295e-06,0.9997462630271912,0.0002335866156499833
1013,3,3,0.0020620001014322042,1.1225476015397362e-07,0.0011486596195027232,0.9967892169952393
1014,3,3,0.00021105741325300187,1.669785234525989e-07,0.0001497596240369603,0.9996390342712402
1015,3,3,1.1516267477418296e-05,4.944620286551071e-07,0.029219264164566994,0.9707687497138977
1016,1,1,0.0001319439325015992,0.9995238780975342,0.00011899365927092731,0.00022524913947563618
1017,0,3,0.09515240043401718,0.00022365116456057876,0.000893172575160861,0.9037307500839233
1018,2,2,7.493126759072766e-05,1.3658548596140463e-05,0.9986202716827393,0.0012911901576444507
1019,3,0,0.8956760168075562,0.024383392184972763,0.00017333930009044707,0.07976725697517395
1020,1,1,3.625320132982779e-08,1.0,8.104544813036796e-10,3.1756112406355896e-08
1021,0,0,0.999998927116394,3.0943644446779217e-07,5.358695602808439e-07,2.762037070169754e-07
1022,3,3,0.036926306784152985,1.9556608094717376e-05,0.001440404448658228,0.961613655090332
1023,2,2,0.0030806884169578552,0.00025251018814742565,0.9956811666488647,0.0009855672251433134
1024,3,3,3.712195757543668e-05,3.733559850171986e-10,2.805422445817385e-05,0.9999347925186157
1025,2,2,4.0898873976402683e-07,3.5855526880901323e-10,0.9999992847442627,3.276180962075159e-07
1026,3,3,0.10791098326444626,6.983412248473542e-08,0.11610161513090134,0.7759873270988464
1027,3,3,1.818752207327634e-05,1.640386848578146e-08,0.009125475771725178,0.990856409072876
1028,0,1,0.08368290960788727,0.9158341884613037,3.510092938086018e-05,0.0004477859183680266
1029,2,2,0.000513423525262624,6.935680971764668e-07,0.942346453666687,0.057139426469802856
1030,2,2,0.4476878046989441,0.028948068618774414,0.45037513971328735,0.07298902422189713
1031,3,3,0.0005761884967796504,4.97311469782602e-10,0.00547859538346529,0.9939451813697815
1032,3,3,0.00036573901888914406,7.096041827026056e-06,0.00010684311564546078,0.9995203018188477
1033,0,0,0.951560378074646,0.00021316856145858765,0.021997325122356415,0.026229221373796463
1034,1,1,1.0455461278979783e-06,0.9999982118606567,2.7862660090249847e-07,5.035667527408805e-07
1035,3,3,0.1969374269247055,3.0394523946597474e-06,0.036032795906066895,0.7670267224311829
1036,2,2,0.00618166895583272,3.731930519279558e-06,0.6055058836936951,0.3883087635040283
1037,3,3,0.00012944394256919622,1.2797136150766164e-06,0.10758257657289505,0.8922867178916931
1038,3,3,0.0013421332696452737,1.7850323956736247e-06,0.005710745230317116,0.9929453730583191
1039,0,0,0.9916253685951233,0.0006222021183930337,0.0010083791567012668,0.006744148209691048
1040,1,1,4.715554950962542e-06,0.9999244213104248,2.0312525521148928e-05,5.050792242400348e-05
1041,0,0,0.5488864183425903,0.0008217791328206658,0.09423352777957916,0.3560582995414734
1042,3,2,0.0020229523070156574,0.00030058607808314264,0.7681546211242676,0.2295217514038086
1043,3,0,0.8757902383804321,0.00018352964252699167,0.0027412590570747852,0.12128497660160065
1044,2,2,0.00011330232518957928,8.951935370760111e-08,0.9998533725738525,3.3126449125120416e-05
1045,3,3,1.7576679667286044e-08,3.493682936266812e-14,1.5687788845752948e-06,0.9999984502792358
1046,3,3,0.0003192614240106195,1.5406899933623208e-07,0.013343919068574905,0.9863366484642029
1047,0,0,0.9998646974563599,2.3702516500634374e-06,0.00012168251851107925,1.1185799849044997e-05
1048,1,1,0.004746397957205772,0.9943233728408813,0.0003844406164716929,0.0005458627711050212
1049,0,0,0.9996581077575684,1.8869761788664619e-06,6.6777465690393e-05,0.00027325391420163214
1050,2,2,0.009190491400659084,0.004055661149322987,0.9063270688056946,0.08042671531438828
1051,2,3,0.002436832757666707,2.414067421341315e-05,0.19217807054519653,0.8053610324859619
1052,0,0,0.9259409308433533,0.003675357671454549,0.06560789048671722,0.004775801673531532
1053,0,0,0.9120162725448608,0.00016956373292487115,0.012734643183648586,0.07507947832345963
1054,1,1,0.0012181043857708573,0.9972774386405945,0.0011879300000146031,0.00031659752130508423
1055,1,1,1.0162405487790238e-05,0.9999889135360718,5.274879981698177e-07,3.2649123227201926e-07
1056,1,1,0.0018044004682451487,0.99785977602005,0.0002783671079669148,5.748907642555423e-05
1057,3,3,0.05463287606835365,4.4267388148000464e-05,0.15863439440727234,0.786688506603241
1058,0,0,1.0,3.8159739257359604e-10,3.797591574539183e-09,6.135346675151254e-10
1059,3,3,1.2742636954499176e-06,2.168297319471435e-09,0.0003552557318471372,0.9996434450149536
1060,1,1,0.14454135298728943,0.8539665937423706,0.0009616505703888834,0.0005303490906953812
1061,0,0,0.9992979764938354,9.685313671070617e-07,0.0003548144013620913,0.0003462966124061495
1062,2,3,0.001175842946395278,0.01524228136986494,0.022141631692647934,0.9614402055740356
1063,2,2,0.00017907809524331242,8.492996130371466e-06,0.9961041212081909,0.0037082901690155268
1064,0,0,0.9999862909317017,1.277195877946724e-07,1.1118068869109266e-05,2.4908663363021333e-06
1065,0,0,0.9924477338790894,3.727859439095482e-05,0.0019590728916227818,0.0055559491738677025
1066,3,3,0.007364361081272364,4.322992186445163e-09,0.025731433182954788,0.9669042825698853
1067,3,3,0.034219201654195786,6.0934438806725666e-05,0.02940039150416851,0.9363194704055786
1068,2,2,0.0006524365744553506,1.1090234693256207e-05,0.9285050630569458,0.07083138823509216
1069,1,1,0.00043251304305158556,0.9993981122970581,9.626545943319798e-05,7.319684664253145e-05
1070,3,2,0.015143049880862236,0.00015581994375679642,0.6507837772369385,0.3339173197746277
1071,3,3,3.3588330552447587e-06,3.446809504481507e-11,0.0002680811157915741,0.9997285008430481
1072,3,3,0.016711831092834473,6.095466233091429e-06,0.029757803305983543,0.9535241723060608
1073,3,3,0.0005892401677556336,0.002003348432481289,0.007897032424807549,0.9895104169845581
1074,3,2,0.001489959191530943,5.4165784604265355e-06,0.7624907493591309,0.23601390421390533
1075,3,3,3.213726813555695e-05,1.102272229047685e-08,2.1943767478660448e-06,0.9999656677246094
1076,3,3,2.228133695325596e-07,1.5744645587290051e-09,0.0008906443254090846,0.9991090893745422
1077,2,2,9.731490717967972e-05,1.4541807757950664e-08,0.9996986389160156,0.00020401395158842206
1078,3,3,4.713854195870226e-07,8.027808019034355e-13,5.29988574271556e-06,0.9999942779541016
1079,3,2,0.0015337036456912756,0.0006056449492461979,0.6986661553382874,0.29919448494911194
1080,0,1,0.1973082423210144,0.793941855430603,0.0028691061306744814,0.00588076701387763
1081,1,1,7.678840484004468e-05,0.9999197721481323,3.430443484830903e-06,3.967186401609979e-08
1082,1,1,6.113358540460467e-05,0.9999366998672485,4.5809255766471324e-07,1.636166189200594e-06
1083,2,2,0.003220649203285575,5.858542522219068e-07,0.996776282787323,2.540133664297173e-06
1084,2,0,0.9889808893203735,6.2652975429955404e-06,0.010858390480279922,0.00015439670823980123
1085,3,3,1.2470705712530616e-07,9.98100256957568e-13,8.717933087609708e-05,0.9999127388000488
1086,3,3,3.9606231439393014e-05,2.2528758563566953e-05,0.0005479592364281416,0.9993898868560791
1087,3,2,0.004589139483869076,1.1123110198241193e-05,0.8912566900253296,0.10414312779903412
1088,3,3,7.335731424973346e-06,4.2346168238616144e-10,0.002009054645895958,0.9979835748672485
1089,3,3,4.15303276213308e-08,2.9002065193850513e-09,0.001968738390132785,0.9980311989784241
1090,0,0,0.9999475479125977,3.749110874196049e-06,8.254787644546013e-07,4.788849764736369e-05
1091,0,0,0.9997120499610901,2.352461888222024e-05,6.123899220256135e-05,0.00020313452114351094
1092,0,0,0.9893398880958557,2.586258673886732e-08,3.922617452190025e-06,0.010656198486685753
1093,2,2,0.021586433053016663,7.48899401514791e-05,0.9693623781204224,0.008976363576948643
1094,2,2,0.08258239179849625,0.00020416805637069046,0.9109026193618774,0.0063107628375291824
1095,0,0,0.8324535489082336,2.738032435445348e-06,0.0075155217200517654,0.1600281298160553
1096,0,0,0.9990025162696838,0.0001196688535856083,0.0006633352022618055,0.0002145543257938698
1097,2,2,5.891213731956668e-05,2.2118445031082956e-07,0.9999383687973022,2.536215106374584e-06
1098,3,1,0.0001028087644954212,0.9992402791976929,0.00036348222056403756,0.0002933397772721946
1099,2,2,8.806015830487013e-05,5.336562026059255e-05,0.9980533123016357,0.0018053450621664524
1100,0,0,0.9999562501907349,7.620916342432338e-09,4.028510716125311e-07,4.3387404730310664e-05
1101,2,3,0.1496696174144745,0.005836907308548689,0.40278756618499756,0.4417058825492859
1102,1,1,1.578059163875878e-05,0.9999815225601196,1.8604628166940529e-06,8.732970400160411e-07
1103,2,2,0.000595618155784905,8.32314708532067e-06,0.993881106376648,0.005515024997293949
1104,3,3,0.00010024484799942002,1.269295125894132e-06,0.0005139077547937632,0.9993845224380493
1105,0,0,0.999895453453064,7.507321697630687e-08,6.549861427629367e-05,3.897577335010283e-05
1106,3,3,0.008601726032793522,3.516805406889034e-07,0.09532797336578369,0.8960700035095215
1107,3,3,2.0659474557760404e-06,4.453987685337779e-07,4.281756991986185e-05,0.9999545812606812
1108,3,3,0.0051394435577094555,0.0014214818365871906,0.2483409196138382,0.7450981140136719
1109,0,0,0.9998725652694702,2.6959236492984928e-05,7.289560744538903e-05,2.754691377049312e-05
1110,2,0,0.9944614171981812,1.2004795735265361e-06,0.005506169516593218,3.1245082936948165e-05
1111,2,2,4.2548839473965927e-07,6.80926177665242e-08,0.9995046854019165,0.0004947656416334212
1112,1,1,2.280937223986257e-06,0.9999902248382568,3.394208931695175e-07,7.135992291296134e-06
1113,1,1,1.1918858717763214e-06,0.9999979734420776,7.802293566783192e-07,6.099306837370477e-09
1114,1,1,6.491901876870543e-05,0.9994062185287476,0.0004445650556590408,8.429867739323527e-05
1115,2,2,0.2120404690504074,3.026995273103239e-06,0.7824591398239136,0.005497409496456385
1116,2,2,0.0001780962775228545,1.34992842504289e-06,0.9998084902763367,1.2074174264853355e-05
1117,0,0,0.9981691837310791,9.82784271741366e-08,0.0005267013912089169,0.0013040872290730476
1118,3,3,4.797727524419315e-05,2.5531864594086073e-05,0.37319934368133545,0.6267271637916565
1119,3,3,2.851609792742238e-07,1.2678601279958457e-08,0.00027876507374458015,0.9997209906578064
1120,1,1,1.1996712601103354e-05,0.9997333884239197,0.00024558082805015147,9.01263683772413e-06
1121,0,0,0.9777753949165344,1.2396774309308967e-06,0.016262877732515335,0.005960419308394194
1122,2,2,1.0156590946053257e-07,2.0371699119281494e-11,0.9999983310699463,1.5346229247370502e-06
1123,2,2,0.03781562298536301,1.769744631019421e-05,0.9588268399238586,0.003339935326948762
1124,2,3,0.0007392895640805364,7.15702199727275e-08,0.4474712312221527,0.551789402961731
1125,3,3,7.115893822629005e-06,4.020075436983461e-07,0.018454503268003464,0.9815380573272705
1126,2,2,0.03345745801925659,4.986743442714214e-05,0.9569249749183655,0.00956777948886156
1127,3,3,0.4243721663951874,0.0002852751058526337,0.06109197065234184,0.514250636100769
1128,1,1,6.431670840356674e-08,0.9999998807907104,5.601400940302703e-11,9.1847682237578e-11
1129,1,1,3.490196604616358e-06,0.9999964237213135,5.8288470938805403e-08,9.375479059769987e-09
1130,0,0,1.0,3.214162824782818e-10,8.159455641525148e-13,6.113610506730538e-09
1131,2,2,0.0007889970438554883,1.3822424079990014e-05,0.992861807346344,0.006335341837257147
1132,3,3,0.000692369882017374,1.0106986337632407e-05,0.015120873227715492,0.9841766357421875
1133,1,1,2.9251198156998726e-06,0.9999970197677612,8.990338073999737e-08,1.455278120232606e-08
1134,0,0,0.9999526739120483,2.445987190569099e-09,3.8600719562964514e-05,8.679601705807727e-06
1135,1,1,6.422927253879607e-05,0.9998701810836792,2.2509773771162145e-05,4.302574598114006e-05
1136,0,0,0.9999967813491821,2.632033329064143e-06,4.85371913327981e-07,8.758404845821133e-08
1137,1,1,1.1094167348346673e-05,0.9999817609786987,5.26137546330574e-06,1.8576724869490135e-06
1138,1,1,0.0002943956642411649,0.9995822310447693,0.00011572497896850109,7.574306891910965e-06
1139,0,0,0.9800501465797424,0.00017055105126928538,0.019378215074539185,0.0004010561387985945
1140,3,3,0.000461228919448331,0.0015355030773207545,0.05060287192463875,0.9474003911018372
1141,1,1,1.921053626574576e-05,0.9997734427452087,3.5382981877774e-05,0.0001720164145808667
1142,0,0,0.9425138831138611,0.0001660330017330125,0.047863055020570755,0.009457118809223175
1143,2,2,2.844798018486472e-06,3.959599155223259e-07,0.9650017619132996,0.034995000809431076
1144,1,1,8.83630636963062e-05,0.999859094619751,4.9756577936932445e-05,2.690851715669851e-06
1145,1,1,0.0020405384711921215,0.9959487915039062,0.0006624702364206314,0.001348172314465046
1146,0,0,0.9999997615814209,1.484947063090658e-07,3.798439607294313e-08,5.101454547684625e-08
1147,1,1,0.00017454726912546903,0.999698281288147,4.6343794224412704e-07,0.00012664175301324576
1148,0,0,0.9999188184738159,1.9736103240575176e-06,6.838513945695013e-05,1.0759975339169614e-05
1149,0,0,0.9295469522476196,0.0008906564326025546,0.048305634409189224,0.021256741136312485
1150,0,0,0.9964847564697266,6.66436753817834e-05,0.0008534695371054113,0.0025951324496418238
1151,2,2,0.03947654739022255,3.772794661927037e-05,0.9408715963363647,0.01961410790681839
1152,1,1,8.68449751578737e-06,0.9999910593032837,5.453015372580694e-09,1.846819941420108e-07
1153,1,1,0.04543134570121765,0.9505196809768677,0.002069853711873293,0.001979078631848097
1154,3,3,0.0001028729384415783,4.1360920022270875e-08,0.09063326567411423,0.9092638492584229
1155,2,2,0.00015542840992566198,1.6068034014438126e-08,0.9931457042694092,0.006698799319565296
1156,0,0,0.9986672401428223,3.1915042200125754e-06,0.000965131854172796,0.00036442873533815145
1157,1,1,5.73929014535679e-07,0.9999988079071045,1.3775331808574265e-07,5.08226150941482e-07
1158,1,1,0.0002969293564092368,0.9996764659881592,2.2675953005091287e-05,3.979425400757464e-06
1159,1,1,2.57770750522468e-07,0.9999997615814209,5.024372917716846e-09,1.5016295762393383e-08
1160,2,2,0.0003861462464556098,5.229448106547352e-06,0.8980392813682556,0.10156932473182678
1161,1,1,0.00015353044727817178,0.9991046786308289,0.0006965415668673813,4.521024675341323e-05
1162,3,3,4.129964509047568e-06,9.093287189898547e-06,0.0258367657661438,0.9741500616073608
1163,2,2,0.013350436463952065,7.694835949223489e-05,0.984290599822998,0.002281952416524291
1164,2,2,0.04797525331377983,5.384305040934123e-05,0.6724159121513367,0.27955499291419983
1165,2,2,0.06500842422246933,3.4083709579135757e-06,0.934510350227356,0.0004778985457960516
1166,2,2,0.0008614842663519084,0.00036288611590862274,0.9978094696998596,0.0009661337826400995
1167,3,3,2.3501366186451378e-08,2.95188526400203e-11,6.995183503022417e-05,0.9999300241470337
1168,0,2,0.32110947370529175,8.832817002257798e-07,0.6643598079681396,0.014529860578477383
1169,1,1,0.00013564658001996577,0.9995163679122925,0.0003311254840809852,1.6948555639828555e-05
1170,1,1,6.516062853734184e-07,0.9999986886978149,2.5153303795377724e-07,3.2130634508575895e-07
1171,1,1,4.0480490497429855e-06,0.9999779462814331,3.1084846341400407e-07,1.7636910342844203e-05
1172,1,1,2.5920132884493796e-06,0.9999929666519165,2.559061158535769e-06,1.93322125596751e-06
1173,0,0,0.9573173522949219,0.0025106410030275583,0.004273761063814163,0.03589833900332451
1174,1,1,0.0008588773780502379,0.9990825653076172,1.5000921393948374e-06,5.6990425946423784e-05
1175,1,1,0.23197728395462036,0.6957297921180725,0.023842189460992813,0.04845070838928223
1176,1,1,0.22040075063705444,0.7694238424301147,0.0055947070941329,0.004580736625939608
1177,2,2,0.08162764459848404,0.10294221341609955,0.7748083472251892,0.040621865540742874
1178,2,2,0.00027511254302226007,0.000668127671815455,0.5109459161758423,0.48811081051826477
1179,1,1,0.00021650262351613492,0.9987841248512268,0.00048310295096598566,0.0005162933375686407
1180,0,0,0.999990701675415,9.669375300447314e-10,4.906315211883339e-07,8.878349945007358e-06
1181,1,1,0.00029486307175830007,0.9997017979621887,2.1936198209004942e-06,1.0232712384095066e-06
1182,3,3,1.1984237062279135e-05,1.6898758303796058e-07,0.007594495080411434,0.9923933744430542
1183,3,2,3.786166780628264e-05,7.830094794769593e-09,0.5564901828765869,0.4434719383716583
1184,1,1,6.628929986618459e-05,0.9999216794967651,8.249125130532775e-06,3.86285182685242e-06
1185,0,0,0.9999899864196777,2.4504132056790695e-08,1.5206215948637691e-06,8.482762495987117e-06
1186,0,0,0.9999772310256958,1.346023054793477e-06,1.684017843217589e-05,4.6219029172789305e-06
1187,3,3,0.0007279342971742153,2.538319243683418e-08,0.0019433698616921902,0.9973286390304565
1188,2,2,1.2273056199774146e-05,1.0505161185392353e-07,0.9999535083770752,3.409666533116251e-05
1189,0,0,0.9999709129333496,1.4605660908273421e-05,2.3306961338676047e-06,1.2086620699847117e-05
1190,3,3,0.0002815095358528197,4.343334694567602e-06,0.00011241739412071183,0.9996017813682556
1191,0,0,0.9968626499176025,1.4444967177951185e-07,0.002948302775621414,0.00018894841196015477
1192,1,1,0.10799907147884369,0.8817535042762756,0.009880229830741882,0.00036718606133945286
1193,1,1,1.0958866596411099e-06,0.9999988079071045,1.4836362538517278e-07,4.5862080799707883e-10
1194,1,1,0.00032962625846266747,0.9996522665023804,1.191407318401616e-05,6.183811365190195e-06
1195,0,0,0.9999439716339111,3.5430790035206883e-07,3.1371986551675946e-05,2.4323444449692033e-05
1196,0,0,0.9993545413017273,0.00014046327851247042,5.527908797375858e-05,0.00044973412877880037
1197,2,0,0.9235172271728516,8.238014561356977e-05,0.05056352540850639,0.025836866348981857
1198,1,1,1.1671217180264648e-05,0.9999783039093018,6.861213478259742e-06,3.1743313684273744e-06
1199,0,0,0.9997047781944275,1.0499114978301805e-05,5.5687225540168583e-05,0.0002290156699018553
1200,0,0,0.9993639588356018,0.0005308763356879354,0.00010189141903538257,3.3155556593555957e-06
1201,1,1,1.0171855819862685e-06,0.9999985694885254,9.147486657035131e-10,4.169503995399282e-07
1202,1,1,2.7280874448365466e-08,1.0,5.389996449167711e-09,4.993443505907358e-11
1203,1,1,0.00011255031859036535,0.9998726844787598,1.095859261113219e-06,1.3677283277502283e-05
1204,2,2,0.288666695356369,0.0011692069238051772,0.6871044039726257,0.02305971272289753
1205,0,0,0.978380024433136,0.0026197766419500113,0.01072497759014368,0.008275194093585014
1206,1,1,8.395915629400008e-10,1.0,5.557526823723319e-14,9.139480621964124e-13
1207,0,0,0.9999934434890747,3.491184941140091e-08,1.2292193218854663e-07,6.343726909108227e-06
1208,1,1,0.0003563947102520615,0.9995285272598267,1.708473860162485e-07,0.00011497482046252117
1209,2,2,0.0037225366104394197,1.7034304278240597e-07,0.9961065649986267,0.00017068462329916656
1210,2,2,0.0018734363839030266,0.0017011517193168402,0.9212399125099182,0.07518546283245087
1211,3,3,0.01321692205965519,2.7473543013911694e-05,0.03892503306269646,0.9478306174278259
1212,1,1,0.02971409261226654,0.9395489692687988,0.028617577627301216,0.0021193574648350477
1213,0,0,0.9972652196884155,0.00011134849046356976,0.001612480147741735,0.0010108519345521927
1214,2,2,0.05438612028956413,0.00020984919683542103,0.94266676902771,0.00273734237998724
1215,0,0,0.9844098091125488,0.0002366485568927601,0.015116185881197453,0.0002373797760810703
1216,1,1,6.079535523895174e-05,0.9994871616363525,0.0004488376434892416,3.2019811442296486e-06
1217,1,1,1.7138230390401077e-08,1.0,5.290656801548721e-09,9.603486894604885e-09
1218,1,1,1.6746405890444294e-05,0.9999818801879883,1.2473751667130273e-06,1.7080428449389728e-07
1219,2,2,1.8495116819394752e-05,1.599409493735493e-08,0.9999616146087646,1.9889994291588664e-05
1220,0,2,0.156466543674469,0.0013410962419584394,0.5167737007141113,0.3254186511039734
1221,2,2,0.0003498501318972558,0.0011644033947959542,0.996569037437439,0.0019167326390743256
1222,0,0,0.9998084902763367,0.00010638683306751773,4.5267555833561346e-05,3.9803548133932054e-05
1223,2,2,0.0019239578396081924,2.391991529293591e-07,0.9978569149971008,0.00021889558411203325
1224,0,0,0.9999812841415405,3.417419591755788e-08,8.980145139503293e-06,9.731972568260971e-06
1225,0,0,0.8580714464187622,0.00040996933239512146,0.0061025419272482395,0.13541604578495026
1226,3,3,0.040086179971694946,1.8539519430760265e-07,0.006663569249212742,0.9532500505447388
1227,0,0,0.9999912977218628,2.7444082562055883e-09,4.998506028641714e-06,3.6439755604078528e-06
1228,1,1,0.0033296854235231876,0.9966662526130676,5.822306547997869e-07,3.479058023003745e-06
1229,2,2,0.33021605014801025,0.0029115034267306328,0.5588237047195435,0.1080486997961998
1230,3,3,0.0022678759414702654,0.0018672446021810174,0.026272471994161606,0.9695923924446106
1231,3,3,0.01400213036686182,0.00788782723248005,0.03373999521136284,0.9443699717521667
1232,1,1,0.2257392853498459,0.6338436603546143,0.11331881582736969,0.027098145335912704
1233,2,2,0.013796155340969563,0.00011423988325987011,0.9822853803634644,0.003804166801273823
1234,3,3,0.027280639857053757,7.439342653015046e-07,0.01383062731474638,0.9588879942893982
1235,2,2,0.0022295843809843063,1.097359745472204e-05,0.9976069927215576,0.0001523852115496993
1236,3,3,0.0037726368755102158,0.00029740252648480237,0.21203963458538055,0.7838903069496155
1237,3,3,0.04509223997592926,0.008923553861677647,0.012476286850869656,0.9335079789161682
1238,1,1,9.253421922039706e-06,0.9999903440475464,1.3122522091180144e-07,2.588228653621627e-07
1239,0,0,0.9999998807907104,8.26261802033823e-12,2.0118724464168736e-08,7.176799243779897e-08
1240,2,2,0.0018455743556842208,2.0619039787561633e-05,0.9980273842811584,0.0001064876705640927
1241,2,2,0.011095107533037663,2.2986843760008924e-05,0.9883177876472473,0.0005641102907247841
1242,3,3,0.00021835726511199027,7.016426195605163e-08,0.00014899196685291827,0.9996324777603149
1243,2,2,0.003356710309162736,2.4118415353768796e-07,0.9915048480033875,0.005138198845088482
1244,1,1,0.00026691731181927025,0.9997151494026184,1.6260988559224643e-05,1.7181947669087094e-06
1245,0,0,0.9978742599487305,1.860166321421275e-06,7.583777187392116e-05,0.0020479606464505196
1246,1,1,0.00019976732437498868,0.9990286827087402,0.0001475404278608039,0.0006240737857297063
1247,1,1,6.885471975692781e-06,0.9999915361404419,1.5922556713121594e-06,5.4302077501233725e-08
1248,2,2,0.0026986482553184032,0.0008953778306022286,0.8508548140525818,0.14555121958255768
1249,1,1,0.035153329372406006,0.9357771873474121,0.025611115619540215,0.003458369290456176
1250,1,1,0.0003780621336773038,0.9992075562477112,0.00041220354614779353,2.2269391592999455e-06
1251,0,2,0.022833630442619324,3.981974259659182e-06,0.9744681715965271,0.002694160444661975
1252,2,3,0.013252627104520798,7.901781646069139e-05,0.34952834248542786,0.6371400356292725
1253,2,2,0.0014053599443286657,2.8434122214093804e-05,0.9905885457992554,0.007977650500833988
1254,2,2,0.0011461956892162561,7.771120635879925e-07,0.9988334774971008,1.9623041225713678e-05
1255,0,0,0.9962759017944336,0.0017411329317837954,0.000703440688084811,0.0012794892536476254
1256,0,0,0.999395489692688,4.888304374617292e-07,0.00013364412006922066,0.0004702844889834523
1257,3,3,0.00015427207108587027,7.461885616066866e-06,0.005318555980920792,0.9945197701454163
1258,2,0,0.7442954182624817,3.989586912211962e-05,0.2556126117706299,5.213589975028299e-05
1259,1,1,0.0008147723274305463,0.9963591694831848,0.0017067012377083302,0.0011193129466846585
1260,1,1,1.8870599660658627e-07,0.9999985694885254,1.0299426094206865e-06,2.2331437321554404e-07
1261,1,1,7.536624707427109e-06,0.9999924898147583,2.984420210960792e-10,1.090596279951228e-09
1262,3,3,0.00027747772401198745,2.2778210961860168e-07,0.020482052117586136,0.9792402982711792
1263,0,0,0.9972344040870667,9.800713485219603e-08,0.0026929692830890417,7.259332051035017e-05
1264,0,0,0.9189324378967285,2.3268783024832373e-06,0.05955888703465462,0.021506357938051224
1265,3,3,1.6927942851907574e-06,1.4492794117582086e-11,8.490347681799904e-05,0.9999134540557861
1266,0,0,0.9762412905693054,0.001841637771576643,0.02127738855779171,0.000639597827102989
1267,1,1,0.003669742727652192,0.9962745904922485,4.423138307174668e-05,1.1404137694626115e-05
1268,3,3,0.0005996153922751546,1.4272067119236453e-06,0.10047697275876999,0.8989220261573792
1269,3,0,0.9999256134033203,7.77343666413799e-06,6.163077341625467e-05,5.024947313359007e-06
1270,2,2,0.0003069476515520364,1.8151989934267476e-05,0.9985634684562683,0.0011114169610664248
1271,1,1,0.006754596251994371,0.9910005927085876,0.0015987135702744126,0.0006460877484641969
1272,0,0,0.8297739624977112,0.16966612637043,1.1747653161364724e-06,0.0005587500054389238
1273,2,2,0.2213345319032669,0.00046412681695073843,0.6837119460105896,0.09448938816785812
1274,2,2,0.005344393663108349,0.002830393146723509,0.9664673209190369,0.025357849895954132
1275,2,2,0.0029151709750294685,6.762579141650349e-05,0.9969884753227234,2.8781827495549805e-05
1276,1,1,2.3725535811536247e-06,0.9999972581863403,2.3617097610895144e-07,1.179186597255466e-07
1277,2,2,0.0009402092546224594,9.138057635027508e-07,0.998288094997406,0.0007707619806751609
1278,0,0,0.9970065951347351,0.0001766895002219826,0.0016476664459332824,0.0011690346291288733
1279,2,2,0.002290939912199974,3.808513611147646e-06,0.9973711967468262,0.0003341496631037444
1280,3,2,1.6035744920372963e-05,1.480619857829879e-06,0.9607438445091248,0.039238616824150085
1281,1,1,3.34322589878866e-06,0.9999966621398926,1.1196053861795008e-08,5.292271065826526e-10
1282,1,1,1.5034167972771684e-06,0.9999971389770508,1.2467389751691371e-06,1.2943125682340906e-07
1283,1,1,1.7549709809827618e-05,0.9999815225601196,5.93001232118695e-07,3.8961024984018877e-07
1284,1,1,0.0006230742437765002,0.9988797307014465,0.0004705627216026187,2.6726829673862085e-05
1285,3,3,5.916285954299383e-05,5.126851760905993e-07,0.02268183045089245,0.9772586226463318
1286,2,2,1.9175358829670586e-05,2.4134183718160784e-07,0.9983330368995667,0.0016476053278893232
1287,1,1,0.0005497934180311859,0.9992541670799255,0.00017518583626952022,2.0880723241134547e-05
1288,1,1,8.56325982567796e-07,0.999993085861206,5.040357336838497e-06,1.1073378800574574e-06
1289,2,3,0.29884397983551025,0.005725167226046324,0.31485143303871155,0.38057941198349
1290,0,0,0.99811851978302,3.925385681213811e-05,0.0007547788554802537,0.001087490702047944
1291,2,3,0.0019530990393832326,2.7011728889192455e-05,0.12810958921909332,0.8699103593826294
1292,3,2,0.018354935571551323,0.0004603530396707356,0.8555440902709961,0.1256406456232071
1293,2,2,1.2494620932557154e-05,2.4857953473400585e-09,0.9999336004257202,5.392595994635485e-05
1294,3,3,3.329506944282912e-05,6.360858861853558e-08,0.001187203568406403,0.9987793564796448
1295,2,2,3.6766708944924176e-05,7.56033041398041e-05,0.9996669292449951,0.00022066044039092958
1296,2,0,0.9993108510971069,0.00011164991155965254,0.00039746728725731373,0.00018013565568253398
1297,3,3,0.00015523452020715922,3.497034413157962e-07,0.11265566200017929,0.8871887922286987
1298,0,0,0.9999996423721313,6.014880434002112e-12,2.9163054193759308e-08,3.342634897762764e-07
1299,0,0,1.0,2.1344007290757805e-12,1.8611004293234146e-08,9.9640136141943e-09
1300,0,0,1.0,2.93566664311129e-08,2.5562127414779923e-10,2.771881058016845e-10
1301,3,3,0.012187049724161625,0.0010856802109628916,0.021695619449019432,0.965031623840332
1302,1,1,2.288359837621101e-06,0.9999974966049194,2.180327918210878e-08,2.3833591455968417e-07
1303,0,0,0.9771546721458435,0.0032931086607277393,0.013651314191520214,0.0059008412063121796
1304,1,1,0.0012408827897161245,0.9947646856307983,0.003728489624336362,0.00026588927721604705
1305,2,2,3.9195988392748404e-06,4.506192752273819e-08,0.9979705214500427,0.0020255297422409058
1306,0,0,0.999813973903656,1.9822486763132474e-07,0.00013610246242024004,4.974668991053477e-05
1307,3,3,0.10629583150148392,0.00012283325486350805,0.23077557981014252,0.6628057360649109
1308,0,0,0.7513723969459534,0.005103342235088348,0.11884032189846039,0.12468388676643372
1309,1,1,0.001633977983146906,0.9982627034187317,7.837358862161636e-05,2.5047193048521876e-05
1310,2,2,0.0003459580475464463,1.485178245275165e-06,0.9993721842765808,0.0002804099640343338
1311,2,2,0.04767128452658653,5.7035445934161544e-05,0.9258579015731812,0.026413705199956894
1312,2,3,0.1885615736246109,0.004515649285167456,0.17698131501674652,0.629941463470459
1313,0,0,0.8637794256210327,0.004963130224496126,0.09515348076820374,0.03610387071967125
1314,3,2,2.5434428607695736e-06,3.626290435931878e-06,0.6241553425788879,0.3758384585380554
1315,3,3,2.370439688093029e-05,1.0444934694930907e-08,4.025768066640012e-05,0.9999359846115112
1316,0,0,0.9999998807907104,5.644773190538466e-11,6.306981958914548e-08,5.1847372617430665e-08
1317,1,0,0.43519333004951477,0.0009124827338382602,0.22908559441566467,0.3348086178302765
1318,2,2,0.00022793904645368457,6.8650196638486705e-09,0.9997619986534119,9.947691978595685e-06
1319,2,2,0.0006630073767155409,4.649469701689668e-06,0.9977496266365051,0.0015827106544747949
1320,1,1,8.662205175369309e-08,0.9999996423721313,1.4220496780126268e-07,7.230519827317039e-08
1321,2,2,0.0026434517931193113,0.00016942161892075092,0.9956679344177246,0.0015192599967122078
1322,1,1,0.000210288300877437,0.9997524619102478,1.555006019771099e-05,2.1662790459231474e-05
1323,3,3,0.034757647663354874,1.3385886632022448e-05,0.002398482756689191,0.9628304243087769
1324,2,2,0.03343772143125534,0.00030959793366491795,0.9100270867347717,0.05622556060552597
1325,3,3,5.645519195240922e-06,7.430561709043104e-06,4.065091707161628e-05,0.9999463558197021
1326,3,3,0.000509832869283855,5.657796009472804e-07,0.10814189165830612,0.8913477063179016
1327,1,1,9.250753123524191e-07,0.9999990463256836,3.88143810425845e-08,8.320597544297925e-10
1328,1,1,7.777051905577537e-06,0.9999918937683105,1.0535457839466744e-08,4.096551435850415e-07
1329,0,0,0.9999991655349731,8.44754382001156e-08,1.7185154632670674e-08,6.966074010961165e-07
1330,2,2,0.008141057565808296,3.840474164462648e-06,0.9918335676193237,2.159196992579382e-05
1331,3,3,0.00035315423156134784,1.1293887837382499e-05,0.017515655606985092,0.9821199774742126
1332,3,3,5.863292244612239e-06,8.817285235274142e-10,0.0075686173513531685,0.9924255609512329
1333,3,3,0.08730723708868027,0.0005478878156282008,0.004789925646036863,0.907355010509491
1334,2,2,4.490944047574885e-05,4.38072538599954e-06,0.9947815537452698,0.005169121082872152
1335,2,2,3.677016866276972e-05,1.7674534319667146e-05,0.9974344372749329,0.0025111837312579155
1336,2,2,0.00220872787758708,3.3719845760060707e-06,0.9977868795394897,1.0147675766347675e-06
1337,2,2,7.965030818013474e-06,4.88387399855128e-07,0.9999572038650513,3.426130206207745e-05
1338,0,0,0.9999603033065796,1.0110113635164453e-06,2.3320707498442061e-07,3.8492715248139575e-05
1339,0,0,0.9992936849594116,5.933918600931065e-07,9.395528195454972e-07,0.000704754376783967
1340,1,1,0.006633921060711145,0.7119337916374207,0.2083674520254135,0.07306478172540665
1341,2,2,0.00017183227464556694,0.00027329870499670506,0.9323188662528992,0.06723596900701523
1342,1,1,0.0014826615806668997,0.9958035349845886,0.0020834801252931356,0.0006303233676590025
1343,3,3,0.00035808703978545964,2.2539387600772898e-07,0.17459896206855774,0.825042724609375
1344,2,2,0.0002908225287683308,5.609960226138355e-06,0.9978985786437988,0.0018049173522740602
1345,3,3,0.020276181399822235,4.932779120281339e-06,0.013433233834803104,0.9662856459617615
1346,3,3,0.005848091095685959,5.516189958143514e-06,9.361996490042657e-05,0.9940527081489563
1347,2,2,0.00015743433323223144,2.5446521334515637e-08,0.9996757507324219,0.00016680124099366367
1348,1,1,0.11620503664016724,0.7900558114051819,0.01918230764567852,0.07455682009458542
1349,3,3,0.0012719050282612443,1.6611616970862997e-08,0.000939470948651433,0.997788667678833
1350,3,3,0.001145095331594348,0.0003897754068020731,0.02233828417956829,0.9761267900466919
1351,1,1,0.00027450360357761383,0.999618649482727,9.798724022402894e-06,9.704948024591431e-05
1352,0,0,0.9999767541885376,5.571798737946665e-07,2.0057159417774528e-05,2.667598437255947e-06
1353,1,1,7.426545926136896e-05,0.9999135732650757,1.0768696483864915e-05,1.47933144489798e-06
1354,3,3,0.00023083288397174329,0.00021034195378888398,0.019757844507694244,0.9798009395599365
1355,2,2,0.019975267350673676,0.0013190758181735873,0.9786510467529297,5.466172660817392e-05
1356,1,1,1.7708229052004754e-06,0.9999980926513672,1.0421542739891265e-08,1.435501673086037e-07
1357,2,2,0.006095991935580969,1.4658172403869685e-05,0.9932723641395569,0.000617031822912395
1358,2,2,3.079625003010733e-06,3.538490034316055e-08,0.9999349117279053,6.189804844325408e-05
1359,2,2,1.0156742064282298e-05,5.729020244871208e-07,0.9981390237808228,0.0018503103638067842
1360,3,3,1.3717767899379396e-07,1.4920354729497376e-08,0.00016892039275262505,0.999830961227417
1361,2,2,0.001270732027478516,0.00010510517313377932,0.9225752949714661,0.07604894042015076
1362,1,1,5.364785829442553e-05,0.9995717406272888,0.0003283416444901377,4.6221819502534345e-05
1363,3,3,0.001612605294212699,1.530727544718502e-08,3.317084519949276e-06,0.9983841180801392
1364,3,2,0.0057960813865065575,1.8454835526426905e-06,0.9878323078155518,0.006369715556502342
1365,0,0,0.9999630451202393,2.4225644210673636e-06,3.4054417483275756e-05,4.2493189766901196e-07
1366,2,2,0.00010232577915303409,3.242367165512405e-05,0.9998534917831421,1.1803864254034124e-05
1367,2,2,0.0004964096588082612,4.6781296987319365e-05,0.9770780801773071,0.022378768771886826
1368,3,3,1.735441287564754e-06,4.803950570675397e-10,0.00014229722728487104,0.9998559951782227
1369,2,2,0.011862107552587986,3.0803454137640074e-05,0.9764443635940552,0.011662804521620274
1370,3,3,1.5768403045512969e-06,1.6869634578142723e-09,0.002409392734989524,0.9975889921188354
1371,1,1,0.0009834530064836144,0.9988725781440735,0.00010775776900118217,3.618297341745347e-05
1372,2,2,0.00012543176126200706,4.1920276316886884e-07,0.9998204112052917,5.3867737733526155e-05
1373,0,0,0.6690616607666016,5.370198778109625e-05,0.3303961455821991,0.0004884872469119728
1374,2,2,0.3091284930706024,2.8224740162841044e-05,0.6824889779090881,0.008354309014976025
1375,3,3,0.0007077427580952644,1.973861981241498e-05,0.09389248490333557,0.9053799510002136
1376,1,1,0.33154556155204773,0.5497273206710815,0.06805464625358582,0.05067246034741402
1377,3,0,0.8362125754356384,0.10188363492488861,0.008345542475581169,0.05355820432305336
1378,3,3,4.685442718255217e-07,5.637643241129808e-08,0.00034002246684394777,0.999659538269043
1379,0,0,0.9992607235908508,6.471263623097911e-05,0.0003177946200594306,0.0003567524254322052
1380,2,2,4.771920066559687e-05,3.211607690900564e-05,0.9998031258583069,0.00011706094664987177
1381,1,1,1.7587144611752592e-05,0.9999817609786987,4.1702450381819745e-09,5.9288322518114e-07
1382,1,1,1.085637450159993e-06,0.999998927116394,8.757433000994297e-09,9.382724597273295e-10
1383,3,3,0.001218684483319521,0.0003579947806429118,0.0037481391336768866,0.9946751594543457
1384,1,1,0.0003108919190708548,0.9996699094772339,9.636710274207871e-06,9.48207889450714e-06
1385,0,0,0.9999971389770508,7.386013862742402e-07,1.6868522152435617e-06,4.5223444544717495e-07
1386,0,0,0.9999995231628418,1.0927122673365375e-07,1.0453077692318402e-07,2.392254145888728e-07
1387,2,2,0.0025236981455236673,0.000379965320462361,0.982180118560791,0.01491620671004057
1388,2,2,0.0010061351349577308,6.697898697893834e-07,0.8671802878379822,0.13181287050247192
1389,1,1,7.213572826003656e-05,0.9998830556869507,2.9226826882222667e-05,1.555916969664395e-05
1390,3,3,0.014542645774781704,0.0026926484424620867,0.4015390872955322,0.5812256336212158
1391,3,3,0.00024559744633734226,4.465288657229394e-05,0.03582799807190895,0.9638817310333252
1392,3,3,5.961139493138035e-08,5.027191510298401e-11,1.2515582056948915e-05,0.9999874830245972
1393,1,1,4.981098754797131e-06,0.9999940395355225,5.814678729620937e-07,3.2299178087669134e-07
1394,0,0,0.999994158744812,9.207408169231712e-08,2.909795853156538e-07,5.515109933185158e-06
1395,2,2,6.775448855478317e-05,1.1937577593101878e-09,0.9999256134033203,6.6866368797491305e-06
1396,2,2,8.616661943960935e-05,9.70162363955751e-06,0.9979797005653381,0.0019245451549068093
1397,1,2,0.1765599548816681,0.010699055157601833,0.5548977851867676,0.2578432559967041
1398,2,2,0.0007453639409504831,6.795704621254117e-07,0.9985421895980835,0.000711729284375906
1399,0,0,0.999984622001648,1.2074326605215902e-06,2.076328200928401e-06,1.2178877113910858e-05
1400,1,1,0.0074386801570653915,0.9814527034759521,1.779350895958487e-05,0.011090807616710663
1401,3,3,2.9732325401710114e-06,1.8901051390685097e-08,0.0007503736414946616,0.9992467164993286
1402,0,0,0.9969657063484192,5.2691138989757746e-05,0.0020120677072554827,0.0009695201879367232
1403,0,0,0.9370890259742737,7.121979706425918e-06,0.04612100124359131,0.016782870516180992
1404,1,1,0.00611833855509758,0.9900727272033691,0.00343327852897346,0.0003756524820346385
1405,1,1,3.9997710700845346e-05,0.9999463558197021,1.1971298590651713e-05,1.7086053958337288e-06
1406,1,1,0.006885730195790529,0.9930247068405151,4.035786696476862e-05,4.921955041936599e-05
1407,1,1,0.15267693996429443,0.8431270122528076,0.0009645152022130787,0.003231542883440852
1408,1,1,0.0038662245497107506,0.9960979223251343,2.696078081498854e-05,8.929077921493445e-06
1409,2,2,0.005415812134742737,0.00029822098440490663,0.9930728077888489,0.0012131433468312025
1410,2,2,0.00018297816859558225,0.00015713825996499509,0.9989640712738037,0.0006957089644856751
1411,2,0,0.6692244410514832,7.779201951052528e-06,0.3293455243110657,0.0014222041936591268
1412,3,3,1.4071541045268532e-05,8.185331523691275e-09,0.027734650298953056,0.9722512364387512
1413,3,3,4.350230028649094e-06,1.8495256881578825e-07,0.0020021023228764534,0.9979933500289917
1414,1,1,0.001335318316705525,0.9844241738319397,0.013972586952149868,0.00026792692369781435
1415,2,2,7.061145424813731e-06,2.0561639058058745e-09,0.999992847442627,6.818606124170401e-08
1416,2,0,0.6389848589897156,2.2272419300861657e-05,0.35994070768356323,0.0010521208168938756
1417,1,1,9.436488653591368e-06,0.9999904632568359,4.827787236649783e-08,4.772770978433982e-08
1418,1,1,1.78999698619009e-07,0.9999994039535522,1.9558683561626822e-07,2.763189854704251e-07
1419,2,2,0.0009676353656686842,1.1963699080297374e-06,0.9909700155258179,0.008061113767325878
1420,2,2,0.002790259663015604,1.0780578122648876e-05,0.9959729313850403,0.0012259732466191053
1421,0,0,0.6483579277992249,2.339715683774557e-05,0.006402695085853338,0.34521591663360596
1422,1,1,0.0009283255785703659,0.9990135431289673,1.4020572052686475e-05,4.400858233566396e-05
1423,0,0,0.9921301007270813,0.0037463170010596514,0.0024638317991048098,0.0016597717767581344
1424,0,0,0.9999852180480957,2.017638820461798e-07,5.676652563124662e-06,8.817421985440888e-06
1425,3,3,3.8724414253010764e-07,3.8920159568078816e-05,0.0018460393184795976,0.9981147050857544
1426,3,3,0.0006358087412081659,4.206310109111655e-07,0.00018440288840793073,0.9991793036460876
1427,3,3,0.009822011925280094,0.0010883413488045335,0.04667798802256584,0.9424115419387817
1428,3,3,2.7116098522128596e-07,2.4554072108884384e-09,4.09127060265746e-05,0.999958872795105
1429,3,3,0.0030919061973690987,3.6570393149304437e-06,0.00012890894140582532,0.9967754483222961
1430,2,2,0.0052276235073804855,0.005913944914937019,0.9887012243270874,0.00015716039342805743
1431,2,2,0.00028000594465993345,5.019413947593421e-06,0.9975070357322693,0.002207981888204813
1432,2,2,0.02503717876970768,1.9151569219388875e-08,0.9721293449401855,0.002833533100783825
1433,3,3,9.75582793216745e-07,1.5912225981296046e-09,0.022717513144016266,0.9772815108299255
1434,3,3,0.0021109788212925196,8.490701475238893e-06,0.01033309567719698,0.9875473976135254
1435,1,1,0.13168922066688538,0.8560728430747986,2.466067780915182e-05,0.01221324410289526
1436,0,0,0.7103086709976196,0.16630887985229492,0.038054417818784714,0.08532808721065521
1437,3,3,0.1166115552186966,0.00035326313809491694,0.023081941530108452,0.8599532246589661
1438,2,2,3.822813425813365e-07,2.328423218123099e-11,0.999970555305481,2.9079075829940848e-05
1439,3,3,0.0005351934814825654,2.0944989955751225e-06,0.029501236975193024,0.9699614644050598
1440,1,1,9.338950803794432e-06,0.9999754428863525,1.9150068055751035e-06,1.3376076822169125e-05
1441,2,2,0.007925926707684994,6.852034130133688e-05,0.9427273869514465,0.0492781400680542
1442,0,0,0.979085385799408,0.0025807064957916737,0.012951478362083435,0.0053823948837816715
1443,3,3,0.0039862836711108685,3.3840212836366845e-06,0.013488066382706165,0.9825222492218018
1444,3,3,9.058841783371463e-07,1.4657713931498506e-09,6.485068297479302e-05,0.999934196472168
1445,0,0,1.0,8.66300000484932e-12,4.933099262416363e-09,3.82319740310777e-08
1446,3,3,1.2707735663752828e-07,1.8804588108878306e-08,0.0002777792396955192,0.9997220635414124
1447,3,2,0.13801540434360504,3.950832706323126e-06,0.8178867697715759,0.04409385100007057
1448,0,0,0.9988143444061279,0.0008009408484213054,2.4758202926022932e-05,0.0003600150521378964
1449,3,3,5.909962055739015e-06,3.904474965565896e-09,0.3489746153354645,0.6510194540023804
1450,2,2,0.002501228591427207,0.0001258137490367517,0.9968019723892212,0.000570962205529213
1451,2,2,1.3285010027175304e-05,4.606425463293817e-08,0.9999713897705078,1.5331825125031173e-05
1452,3,3,0.017577126622200012,9.889705721022324e-11,0.008148282766342163,0.9742745161056519
1453,0,0,0.9999498128890991,2.746908833728412e-08,4.7996232751756907e-05,2.1555863440880785e-06
1454,1,1,0.002306368900462985,0.9959481358528137,0.0014547723112627864,0.000290725874947384
1455,0,0,0.9995998740196228,1.1857940762638464e-07,0.0003482892061583698,5.1662776968441904e-05
1456,2,2,0.0027402720879763365,5.322106630956114e-07,0.991445779800415,0.005813462194055319
1457,3,3,4.937524408887839e-06,1.1694960971864177e-11,0.0007990552694536746,0.9991959929466248
1458,1,1,0.00011893518239958212,0.9998742341995239,6.6044954110111576e-06,2.334103754719763e-07
1459,0,0,0.999998927116394,6.92657749823411e-07,3.1926541055327107e-07,2.1337109856744974e-08
1460,3,3,0.11702495813369751,0.1148599237203598,3.9295668102568015e-05,0.7680757641792297
1461,0,0,0.9998430013656616,3.945038073993601e-08,7.557174285466317e-06,0.00014940057008061558
1462,3,2,0.0230123158544302,2.604449946375098e-05,0.5222228169441223,0.4547387957572937
1463,0,0,0.9966195821762085,0.0002053960197372362,0.0018676380859687924,0.0013073664158582687
1464,0,0,0.9998842477798462,3.5833118090522476e-06,2.714484253374394e-05,8.492204506183043e-05
1465,1,1,0.0007497586775571108,0.9988310933113098,4.107114000362344e-05,0.0003780163242481649
1466,0,1,0.017365580424666405,0.9824944138526917,0.00012298747606109828,1.6970076103461906e-05
1467,1,1,1.9223660274292342e-05,0.9999786615371704,1.4207057574822102e-06,7.309604370675515e-07
1468,1,1,5.25466066392255e-06,0.99998939037323,5.258596047497122e-06,8.390711769834525e-08
1469,2,2,2.365450927754864e-05,9.515572969576169e-07,0.9999673366546631,8.155087016348261e-06
1470,1,1,1.3045835657976568e-05,0.9999867677688599,9.528557853855091e-08,6.335969260362617e-08
1471,3,3,1.8029004422714934e-06,5.701903359189853e-12,2.1605475922115147e-05,0.999976634979248
1472,0,0,0.9999972581863403,2.7343105557520175e-06,8.032638443289386e-10,8.37377811535589e-09
1473,1,1,0.001833260408602655,0.9981247782707214,3.929999002139084e-05,2.5861718313535675e-06
1474,3,3,0.0007095598266460001,1.7934868878910493e-07,0.0005714872386306524,0.9987187385559082
1475,0,0,0.9999678134918213,3.313012484795763e-06,1.1179924513271544e-05,1.760994018695783e-05
1476,2,2,6.783292337786406e-05,8.685757347848266e-05,0.9983488321304321,0.001496500219218433
1477,0,2,0.3755384087562561,0.03303942084312439,0.5095483660697937,0.08187379688024521
1478,1,1,0.0008338434272445738,0.9959277510643005,0.002604429144412279,0.0006340304389595985
1479,0,0,0.9338176250457764,0.003312262473627925,0.060031458735466,0.002838612999767065
1480,2,2,7.090712460922077e-05,2.1371509717482695e-07,0.99973064661026,0.00019819695444311947
1481,2,2,0.11076096445322037,0.030881399288773537,0.7433570623397827,0.11500062048435211
1482,2,2,0.003134608967229724,0.00022114047897048295,0.9951322674751282,0.0015119524905458093
1483,2,2,0.000917445111554116,0.0005924702272750437,0.9977582097053528,0.000731932173948735
1484,1,1,6.818353995186044e-06,0.9999748468399048,4.189255832898198e-06,1.4222709069144912e-05
1485,3,3,0.006845836527645588,6.59009674564004e-05,0.03757025673985481,0.9555180072784424
1486,3,3,5.945142220298294e-06,1.451945763619733e-06,0.0037392363883554935,0.9962533712387085
1487,1,1,0.0004242811701260507,0.9973776340484619,0.0009685836266726255,0.0012294898042455316
1488,1,1,0.06342019140720367,0.935884952545166,0.00026457587955519557,0.0004302839224692434
1489,1,1,1.1534371679999822e-07,0.9999972581863403,4.022659538804874e-09,2.5637500584707595e-06
1490,0,0,0.9999943971633911,4.774019046749345e-08,4.8079623411467765e-06,8.324127520609181e-07
1491,0,0,0.7527284622192383,3.251064117648639e-05,0.24699421226978302,0.0002447580045554787
1492,0,0,0.9970833659172058,0.0007202480337582529,0.0021441560238599777,5.22845693922136e-05
1493,1,1,0.0038447261322289705,0.9953259229660034,0.00015812322089914232,0.0006711892201565206
1494,0,3,0.1602100431919098,1.802249244065024e-06,0.0016155351186171174,0.8381726741790771
1495,2,2,0.06567557156085968,0.0006934864213690162,0.8897513747215271,0.043879494071006775
1496,1,1,2.696460251172539e-05,0.9997921586036682,3.960313188144937e-05,0.00014128576731309295
1497,3,3,0.007922235876321793,0.00023385534586850554,0.08412227034568787,0.9077216386795044
1498,3,3,0.00010171192116104066,7.157760606446573e-09,6.13590091234073e-05,0.9998369216918945
1499,3,3,0.00013540156942326576,9.152056179573265e-08,0.0001533366012154147,0.9997110962867737
1500,2,2,3.742461194633506e-05,9.202806268149288e-07,0.9997921586036682,0.00016956828767433763
1501,3,3,0.002874029567465186,3.1947893219808066e-09,0.00013696745736524463,0.9969890713691711
1502,1,1,0.007093870546668768,0.9928041100502014,7.542963430751115e-05,2.658352423168253e-05
1503,3,3,0.03972038999199867,3.874642516166205e-06,0.0011620570439845324,0.9591137170791626
1504,0,0,0.9999518394470215,7.161490955809313e-09,4.642497151507996e-05,1.8166856534662656e-06
1505,0,0,0.9999022483825684,2.952970368230723e-10,1.9770035578403622e-05,7.794646080583334e-05
1506,0,0,0.9963208436965942,9.922315257426817e-06,0.0032992681954056025,0.00036999027361162007
1507,3,3,0.0013760809088125825,3.6475203302188675e-08,6.042399718353408e-07,0.9986233711242676
1508,3,2,0.005564454011619091,4.117564458283596e-06,0.8779820799827576,0.11644936352968216
1509,3,3,0.0003224169777240604,3.4223180023218447e-07,0.04397622495889664,0.9557009935379028
1510,3,3,2.116344376190682e-06,1.016665085451507e-09,0.009363195858895779,0.9906346201896667
1511,2,2,0.012567166239023209,1.877656472970557e-06,0.9516454339027405,0.035785432904958725
1512,3,3,0.00042172506800852716,1.7700061860637106e-08,0.05703757330775261,0.9425407648086548
1513,3,3,0.00026546246954239905,1.8289276226823858e-07,0.058945633471012115,0.9407886862754822
1514,2,2,0.00874600000679493,4.500680461205775e-06,0.9835403561592102,0.0077090817503631115
1515,1,1,0.0028277868404984474,0.9574781656265259,0.03065497986972332,0.009039154276251793
1516,3,3,1.9034547221963294e-05,1.1852170356263514e-09,0.00045282795326784253,0.999528169631958
1517,0,0,0.9999929666519165,1.7700926946417894e-08,1.0539177992541227e-06,5.905618309043348e-06
1518,1,1,1.2827228601963725e-05,0.9999526739120483,2.2931189960218035e-05,1.1610370165726636e-05
1519,0,0,0.9999322891235352,1.5849238479859196e-05,1.7027004162173398e-07,5.179403524380177e-05
1520,3,3,0.0035807318054139614,8.874097147781868e-06,4.601457476383075e-05,0.996364414691925
1521,0,0,0.9999457597732544,1.2555926787172211e-06,3.7148197407077532e-06,4.933373202220537e-05
1522,1,1,0.07683432102203369,0.9003599882125854,0.01979166269302368,0.0030140697490423918
1523,0,0,0.9094087481498718,0.004305200185626745,0.07752736657857895,0.008758701384067535
1524,2,2,2.132335248461459e-05,2.01115994968859e-07,0.9995166063308716,0.0004619117535185069
1525,0,0,0.8005357384681702,0.007614242844283581,0.15745389461517334,0.03439610078930855
1526,3,3,0.07996419817209244,0.21727685630321503,0.05903685465455055,0.6437221169471741
1527,2,2,0.008953976444900036,0.050571683794260025,0.5485265851020813,0.39194777607917786
1528,0,0,0.9951370358467102,4.6575521992053837e-05,0.003383944509550929,0.0014324759831652045
1529,0,0,0.9980681538581848,1.4098168321652338e-05,0.00012729561422020197,0.0017904454143717885
1530,2,2,0.0002577430277597159,2.3122925995266996e-05,0.9993740916252136,0.0003451577213127166
1531,2,2,0.2781631350517273,0.036334823817014694,0.6514157056808472,0.03408636897802353
1532,0,0,0.9999899864196777,7.630888809728731e-09,3.318067456348217e-07,9.665645848144777e-06
1533,0,0,0.6752250790596008,0.32405200600624084,4.206641096970998e-05,0.0006808100733906031
1534,3,3,5.741523636970669e-05,2.8085844405723037e-07,0.008645763620734215,0.9912965297698975
1535,0,0,0.9994838237762451,3.0270057322923094e-06,0.0004545495903585106,5.8618708862923086e-05
1536,1,1,3.4467743716959376e-06,0.999994158744812,2.240678975695687e-09,2.4306402792717563e-06
1537,0,0,0.9814268946647644,1.0673732504073996e-05,0.013346806168556213,0.005215629935264587
1538,0,0,0.9990935325622559,2.2348751372192055e-05,0.0006816032691858709,0.00020249796216376126
1539,2,2,0.02237558551132679,0.0005268753739073873,0.9743483066558838,0.0027492099907249212
1540,1,1,0.00233605969697237,0.997654139995575,5.024819529353408e-06,4.814336080016801e-06
1541,3,3,0.022502217441797256,0.007984125055372715,0.17635619640350342,0.7931574583053589
1542,3,3,6.913369725225493e-05,6.52364073872036e-09,0.001068496028892696,0.9988623857498169
1543,0,0,0.9970837235450745,5.711448102374561e-05,0.00026731888647191226,0.0025918453466147184
1544,0,0,0.9999639987945557,1.6125771551411816e-10,3.4566510294098407e-06,3.255326737416908e-05
1545,0,0,0.9999974966049194,4.0780456345146376e-08,2.2269960027188063e-06,2.528459219774959e-07
1546,0,0,0.9943682551383972,1.3414147588264314e-06,0.0001489012356614694,0.005481475964188576
1547,1,1,3.4692072858888423e-06,0.999990701675415,4.878458526036411e-08,5.715709903597599e-06
1548,2,0,0.9528912901878357,0.0011218420695513487,0.03708358854055405,0.008903264999389648
1549,0,0,0.9999982118606567,1.2455726050575322e-07,1.066759637069481e-06,6.304262569756247e-07
1550,3,3,6.2420144786301535e-06,6.151728459968808e-09,0.0005014284397475421,0.9994922876358032
1551,1,1,5.2985091315349564e-05,0.9999465942382812,4.384644967103668e-07,3.052086228194639e-08
1552,2,2,0.2071148306131363,0.014954628422856331,0.6289374828338623,0.1489931344985962
1553,1,1,1.862867293311865e-06,0.9999961853027344,1.048376702783571e-06,8.954200438893167e-07
1554,1,1,7.749721362415585e-07,0.9999986886978149,4.805505113836261e-07,4.08496312331863e-08
1555,1,1,9.151879930868745e-05,0.9998915195465088,1.6581532690906897e-05,3.265033399202366e-07
1556,2,2,0.00037799912388436496,3.949028268834809e-06,0.9996019005775452,1.615797373233363e-05
1557,1,1,1.6883133469036693e-07,0.9999985694885254,1.153873881776235e-06,8.145501340095507e-08
1558,1,1,2.060302364270683e-07,0.9999997615814209,5.6955791194468475e-08,4.325781954861441e-09
1559,0,0,0.996581494808197,2.4649373244756134e-06,3.197983687641681e-06,0.003412869991734624
1560,1,1,9.403665899299085e-05,0.9998358488082886,6.186607788549736e-05,8.279705980385188e-06
1561,2,2,1.390215288665786e-06,3.7309808931240696e-07,0.9999958276748657,2.400716311967699e-06
1562,0,0,0.9976230263710022,0.0008316066232509911,0.0003507820365484804,0.0011945090955123305
1563,1,1,5.139641871210188e-06,0.9999948740005493,1.1332828897536729e-08,4.779056705928042e-09
1564,1,1,5.316912938724272e-05,0.9999358654022217,1.0739286153693683e-05,2.3110297320272366e-07
1565,1,1,2.2973383238422684e-05,0.999728262424469,8.065027213888243e-05,0.00016811510431580245
1566,1,1,1.1012341929017566e-05,0.9999574422836304,2.9688126232940704e-05,1.894733713925234e-06
1567,0,0,0.9414752125740051,0.0005718207103200257,0.00053899030899629,0.057414088398218155
1568,0,0,0.9999672174453735,9.554722879556721e-08,1.356906864202756e-06,3.13827367790509e-05
1569,1,1,8.000085927051259e-07,0.9999985694885254,1.0215246248890253e-07,4.800131705451349e-07
1570,1,1,9.96468443190679e-05,0.9990605711936951,0.0008311791461892426,8.519908988091629e-06
1571,1,1,1.8878230321206502e-06,0.9999979734420776,1.7157940623846457e-09,1.6594844964856748e-07
1572,0,1,0.4557909667491913,0.4648565948009491,0.06250865012407303,0.016843805089592934
1573,3,3,0.0014266682555899024,2.5237110889975156e-07,0.006549584213644266,0.9920234680175781
1574,1,1,0.002981312107294798,0.9925375580787659,0.004318390041589737,0.0001626683515496552
1575,2,2,0.001553505309857428,1.3387715114276943e-07,0.9847456216812134,0.013700723648071289
1576,0,0,0.9939631819725037,5.723955382563872e-06,0.0033927722834050655,0.0026383858639746904
1577,1,1,5.737072933698073e-05,0.999942421913147,2.2587736125956326e-09,2.9791425504299696e-07
1578,0,0,0.9978444576263428,4.200036073598312e-06,0.0019208401208743453,0.0002305368398083374
1579,3,3,0.0013559479266405106,0.004941993858665228,0.0705171525478363,0.923184871673584
1580,0,0,0.9950462579727173,1.06013003460248e-05,0.0004629252653103322,0.0044802092015743256
1581,0,0,1.0,8.913720456193985e-11,2.5274888848514365e-09,1.739042021497994e-09
1582,0,0,0.9999927282333374,8.049511990293468e-08,9.378431400364207e-07,6.226406640053028e-06
1583,1,1,1.5278837395271694e-07,0.9999998807907104,1.0446866288704726e-10,4.889593174794982e-10
1584,2,2,6.549147656187415e-05,1.0528359780437313e-05,0.8453546166419983,0.15456928312778473
1585,1,1,7.957180969242472e-06,0.9999916553497314,2.3447125840903027e-07,8.96369840575062e-08
1586,0,0,0.9997881054878235,3.010347597864893e-07,0.00013944912643637508,7.216389349196106e-05
1587,0,0,0.9995537400245667,4.5545293687609956e-05,0.00029161846032366157,0.00010913782170973718
1588,1,1,4.862011792283738e-06,0.9999943971633911,7.549885481239471e-07,1.6104824140938945e-08
1589,0,0,0.9999531507492065,1.089456844738379e-07,2.259546590721584e-06,4.444994556251913e-05
1590,2,2,4.028082184959203e-05,4.1549130401108414e-05,0.9989138841629028,0.0010042694630101323
1591,2,2,0.0046462407335639,0.00016232462076004595,0.9868075251579285,0.008383852429687977
1592,1,1,0.0010713937226682901,0.9989217519760132,6.3063916968530975e-06,5.391507329477463e-07
1593,0,0,0.9999959468841553,3.116702274041927e-08,2.9837735837645596e-06,9.832434670897783e-07
1594,1,1,0.04292762652039528,0.9449406862258911,0.011070857755839825,0.0010607786243781447
1595,0,0,0.9995071887969971,3.693161124829203e-05,1.4161106776100496e-07,0.000455808243714273
1596,1,1,0.000819265900645405,0.9984877109527588,0.00012575495929922909,0.0005673005944117904
1597,2,2,0.0006251127924770117,7.831735615582147e-08,0.9983865022659302,0.0009883323218673468
1598,0,0,0.9999741315841675,7.671664207009599e-06,1.575812893861439e-05,2.408801037745434e-06
1599,0,1,0.14948780834674835,0.8502486944198608,0.00021422634017653763,4.9281923566013575e-05
1600,3,3,0.009908972308039665,0.0024792400654405355,0.0044182841666042805,0.9831935167312622
1601,1,1,4.869423267384043e-11,1.0,1.0311878018143261e-09,4.555722812882301e-11
1602,2,2,0.00016229189350269735,3.752352029096073e-08,0.9998162388801575,2.144081190635916e-05
1603,2,3,0.040212810039520264,0.0002300275955349207,0.165754497051239,0.7938026785850525
1604,1,1,9.545413195155561e-05,0.9998854398727417,1.8883425582316704e-05,2.1616260426071676e-07
1605,0,0,0.9999641180038452,1.851103448302638e-08,2.8736944841512013e-06,3.3018612157320604e-05
1606,3,3,0.007852557115256786,0.00040148021071217954,0.022214412689208984,0.9695315361022949
1607,2,2,0.006371935363858938,1.1094551837231847e-06,0.9927980303764343,0.0008289553807117045
1608,0,0,0.8296253085136414,3.250907684559934e-05,0.16363441944122314,0.0067077321000397205
1609,3,2,0.04134845361113548,0.00017118161485996097,0.5586094260215759,0.3998708724975586
1610,3,3,2.770475937552419e-08,2.3444798186167404e-11,6.833084853496985e-07,0.9999992847442627
1611,2,2,0.0014901779359206557,1.760551867846516e-06,0.9984613656997681,4.669092959375121e-05
1612,2,3,0.0010028986725956202,9.336771427115309e-07,0.36809292435646057,0.6309033036231995
1613,2,3,0.13992810249328613,0.013367122039198875,0.023087603971362114,0.8236172199249268
1614,1,1,0.0003458652936387807,0.9905744194984436,0.0005525590386241674,0.008527199737727642
1615,2,2,0.00023123186838347465,1.7288695062234183e-06,0.9443199038505554,0.05544713884592056
1616,0,0,0.9685426354408264,0.01570684276521206,0.00727425329387188,0.008476201444864273
1617,0,1,0.3509635627269745,0.5884988307952881,0.018353071063756943,0.042184632271528244
1618,3,3,1.6933032043198182e-07,1.2468415189204052e-09,0.000952232803683728,0.999047577381134
1619,3,3,0.00202795397490263,5.024261895414384e-07,0.0011065950384363532,0.9968649744987488
1620,3,3,0.062103383243083954,0.011802967637777328,0.3536950945854187,0.5723985433578491
1621,3,3,6.12481526331976e-05,2.9138877835066523e-06,0.0016521686920896173,0.9982837438583374
1622,2,2,0.0043317414820194244,3.147952440940571e-07,0.9955891370773315,7.87899480201304e-05
1623,0,0,0.9551834464073181,0.0445408932864666,9.82106794253923e-05,0.00017743844364304096
1624,1,1,0.002917415229603648,0.9967811107635498,0.00023753027198836207,6.397523247869685e-05
1625,3,3,5.543342922464944e-06,8.59303600009298e-06,0.09756863117218018,0.9024172425270081
1626,3,3,3.3412030461477116e-05,2.8646018890299274e-08,0.005002219695597887,0.9949643611907959
1627,1,1,0.030193503946065903,0.9659427404403687,0.0005230733077041805,0.003340663854032755
1628,2,2,0.0018872878281399608,1.279618828675666e-07,0.9980992674827576,1.3311402653926052e-05
1629,3,3,4.074199296155712e-06,0.0002706668747123331,0.00043089818791486323,0.9992944002151489
1630,3,3,4.811950566363521e-05,5.0136026885638785e-08,0.005831075832247734,0.9941207766532898
1631,2,3,0.0345413014292717,7.902368088252842e-05,0.29144251346588135,0.6739371418952942
1632,3,0,0.9902151823043823,0.0030595555435866117,0.00420567998662591,0.0025196431670337915
1633,3,3,0.3825332224369049,0.0010401507606729865,0.07083261013031006,0.5455939769744873
1634,3,3,7.250344060594216e-05,6.462332748924382e-06,0.002332027768716216,0.997589111328125
1635,2,2,2.097272408718709e-05,2.9101489218419374e-08,0.9999099969863892,6.903053144924343e-05
1636,0,0,0.9999997615814209,2.465058379641505e-08,1.4631874023507407e-07,8.708241949761941e-08
1637,0,1,0.3421487510204315,0.39961355924606323,0.02262902818620205,0.23560869693756104
1638,2,2,2.581367937182222e-07,3.227007027817308e-06,0.966745138168335,0.03325141593813896
1639,3,3,0.18447090685367584,3.328940692881588e-06,0.0020565770100802183,0.8134692311286926
1640,3,3,6.665480032097548e-05,1.892013824544847e-05,0.05136988312005997,0.9485446214675903
1641,3,3,3.268779209975037e-06,1.7758836623471552e-09,0.00024085878976620734,0.9997559189796448
1642,3,3,6.407883574865991e-07,1.2173606567245088e-09,1.44815066960291e-05,0.999984860420227
1643,1,1,0.0012568699894472957,0.99854975938797,0.00015743286348879337,3.595375528675504e-05
1644,0,0,0.9999991655349731,3.026358967872511e-07,3.5119538388528326e-09,4.775218371833034e-07
1645,2,2,0.00011062718840548769,2.9993409043527208e-05,0.9998176693916321,4.1775452700676396e-05
1646,1,1,0.00027341500390321016,0.9997230172157288,1.9695755781867774e-07,3.376295353518799e-06
1647,3,3,0.0004330026567913592,1.298914895642156e-07,0.07092747092247009,0.9286394119262695
1648,0,0,0.9992796778678894,7.779617590131238e-06,0.00039733227458782494,0.00031533953733742237
1649,0,0,0.9998652935028076,1.869362442619149e-08,2.8067663151887245e-05,0.00010664440196705982
1650,1,1,0.2748197615146637,0.5941614508628845,0.037252072244882584,0.0937667191028595
1651,1,1,0.0014451362658292055,0.9985430240631104,1.2737025372189237e-06,1.0537942216615193e-05
1652,2,2,0.0006337297963909805,0.00404575327411294,0.9938841462135315,0.00143632257822901
1653,3,3,0.006285230629146099,2.2268797295055265e-07,0.02063942700624466,0.9730750918388367
1654,2,2,0.0005030943430028856,2.1431411369121633e-05,0.9989643096923828,0.0005111509817652404
1655,3,3,0.00818835198879242,8.772907676757313e-06,0.007798695005476475,0.9840041995048523
1656,1,1,8.131084996421123e-07,0.9999986886978149,1.7269394803065552e-08,4.6865631020409637e-07
1657,2,2,2.4760257133493724e-07,3.587822163808596e-07,0.9999076128005981,9.180595225188881e-05
1658,0,0,0.43386349081993103,7.517715130234137e-05,0.3492129445075989,0.2168484330177307
1659,3,3,3.405162942726747e-06,2.4102048428176204e-06,0.012153694406151772,0.9878405928611755
1660,3,3,1.5718609574832954e-05,7.1301979005511384e-06,0.010582691989839077,0.98939448595047
1661,2,2,0.0003936573921237141,3.9365343695862975e-07,0.9991183876991272,0.000487570563564077
1662,2,2,0.01398446224629879,1.839825745264534e-05,0.9833580851554871,0.0026391500141471624
1663,1,1,1.417087869270972e-08,1.0,3.342277010709438e-10,7.771119747701505e-09
1664,0,0,0.9892779588699341,0.0001321247109444812,1.6454474462079816e-05,0.010573426261544228
1665,2,2,0.017393002286553383,1.4856038887955947e-06,0.9811493158340454,0.0014562287833541632
1666,3,3,0.00021412262867670506,4.672438808484003e-05,0.04550829529762268,0.9542308449745178
1667,3,3,1.629092949428923e-08,1.3639316238933663e-11,1.3256823194751632e-07,0.9999998807907104
1668,2,0,0.9838391542434692,4.15571378198365e-07,0.015284550376236439,0.0008759404881857336
1669,3,3,1.2874418189312564e-06,5.8955382797876155e-08,0.0001499489735579118,0.9998487234115601
1670,2,2,0.0009261976811103523,2.2191885307165649e-07,0.9929158687591553,0.00615775678306818
1671,0,0,0.8576149344444275,0.024296676740050316,0.07713821530342102,0.04095011204481125
1672,0,0,0.9999544620513916,2.9624642294834302e-08,3.823920451395679e-06,4.170028478256427e-05
1673,2,2,0.0044565205462276936,0.001918468507938087,0.8192365765571594,0.17438839375972748
1674,1,1,2.914736614911817e-05,0.9997841715812683,8.456435170955956e-05,0.00010210092295892537
1675,0,0,0.9982509016990662,0.0002898579405155033,0.00024345876590814441,0.0012157062301412225
1676,3,3,4.1835320985228464e-07,9.864815214699618e-11,0.0005016152281314135,0.9994980096817017
1677,1,1,0.00043506768997758627,0.9991405010223389,6.19029306108132e-05,0.00036255118902772665
1678,2,2,0.00916372425854206,1.619698196009267e-05,0.9896888732910156,0.0011311405105516315
1679,1,1,0.0007864667568355799,0.9992130994796753,2.6465019686838787e-07,6.23250855369406e-08
1680,0,0,0.9742447733879089,0.0030016216915100813,0.01995100826025009,0.0028025766368955374
1681,2,2,0.001445425790734589,0.0006552189588546753,0.9958311915397644,0.002068180590867996
1682,1,1,6.080413731979206e-05,0.9999386072158813,3.7024057064627414e-07,2.0149259682966658e-07
1683,3,3,4.502807904316342e-09,9.050830918067021e-11,1.1141161849081982e-05,0.9999889135360718
1684,1,1,5.288883926368726e-07,0.9999995231628418,2.3799898163368027e-10,2.82421516728526e-11
1685,0,0,0.9927704930305481,2.415101107544615e-06,0.007139247376471758,8.791139407549053e-05
1686,3,3,0.0009121300536207855,2.80772587757383e-06,0.01327455323189497,0.9858105778694153
1687,2,2,0.00015012972289696336,1.9227938992116833e-06,0.9941526055335999,0.005695353727787733
1688,3,2,0.0012845199089497328,1.2239738680364098e-06,0.6550623774528503,0.3436518907546997
1689,3,2,2.446796315780375e-06,2.8244124816723115e-09,0.8103172183036804,0.18968035280704498
1690,3,3,1.368348080177384e-06,1.755012490889385e-08,0.040302541106939316,0.9596961140632629
1691,0,2,0.061702579259872437,9.166453310172074e-06,0.9382672309875488,2.1051168005215004e-05
1692,2,2,3.6308424711251064e-08,8.319850884619395e-12,1.0,2.506281226999363e-08
1693,2,2,0.0016536015318706632,4.086226908839308e-06,0.8733706474304199,0.12497160583734512
1694,2,2,1.1676277011929415e-07,1.0340919093243528e-11,0.9999998807907104,5.6071356446807386e-09
1695,3,3,3.8333902807607956e-07,5.308132585923886e-06,0.009889735840260983,0.990104615688324
1696,3,3,0.0003709568700287491,1.7066543023247505e-06,0.024851009249687195,0.9747762680053711
1697,0,0,0.9984472393989563,6.623183139708999e-07,0.0003804767911788076,0.0011715878499671817
1698,1,1,4.457597606233321e-05,0.9999396800994873,4.311204520490719e-06,1.1388785424060188e-05
1699,2,2,0.0001507784181740135,4.88304522150429e-06,0.9992055296897888,0.0006387737230397761
1700,0,0,0.999915599822998,1.1050440562598851e-08,5.8191988500766456e-05,2.6155670639127493e-05
1701,1,1,0.31532761454582214,0.6488849520683289,0.006570257246494293,0.029217198491096497
1702,3,3,0.02243729494512081,0.0001451158750569448,0.02364366315305233,0.9537739753723145
1703,3,3,0.01598331332206726,1.0091427249392382e-08,0.005696034990251064,0.9783205986022949
1704,3,3,0.08347810059785843,0.0720929279923439,0.29748496413230896,0.5469440221786499
1705,2,2,3.32949057337828e-05,1.4808479136263486e-05,0.9998990297317505,5.2867344493279234e-05
1706,1,1,4.985780321931088e-08,0.9999979734420776,1.79616188233922e-06,2.556606375492265e-07
1707,1,1,0.001069481484591961,0.9983792304992676,1.2289704045542749e-06,0.0005500548286363482
1708,2,3,0.000424829195253551,0.012217650189995766,0.20849420130252838,0.7788633108139038
1709,3,3,2.5475830511823006e-07,2.589256264704334e-15,0.0011011051246896386,0.9988986253738403
1710,3,2,0.03667920455336571,0.00041623227298259735,0.5791270732879639,0.3837774991989136
1711,3,3,2.944457264675293e-07,2.5822615157267137e-09,0.0077431704849004745,0.9922565221786499
1712,1,2,0.21537058055400848,0.16248776018619537,0.5536977648735046,0.0684439167380333
1713,2,3,1.7346497770631686e-05,4.053651281310522e-08,0.09678865224123001,0.9031939506530762
1714,2,2,0.0005941744893789291,5.582603535003727e-07,0.9993583559989929,4.692177753895521e-05
1715,1,1,0.021044233813881874,0.9752137064933777,0.0031986257527023554,0.0005433839978650212
1716,0,0,0.9999959468841553,3.2013169004585507e-08,1.1123366903120768e-06,2.95109634862456e-06
1717,3,3,0.0032750333193689585,1.8000987722643913e-07,0.011163816787302494,0.985560953617096
1718,2,2,0.001094795879907906,3.7929842733319674e-07,0.9988762736320496,2.8611351808649488e-05
1719,2,2,9.729769953992218e-05,1.1209217518626247e-06,0.996026873588562,0.0038747854996472597
1720,2,2,4.4125910790171474e-05,2.4694399414215695e-08,0.9281055927276611,0.07185030728578568
1721,3,3,8.275414074887522e-06,1.4343581824505236e-05,0.41721951961517334,0.5827579498291016
1722,1,1,5.644026259687962e-06,0.9999936819076538,1.695980245131068e-07,4.382259533031174e-07
1723,0,0,0.9188693165779114,0.05481911823153496,0.0029886062256991863,0.02332293428480625
1724,3,3,1.4892267863331199e-08,1.6250856563204685e-11,5.243235864327289e-05,0.9999475479125977
1725,3,3,0.001732685836032033,1.601119379301963e-07,0.2791762351989746,0.7190908789634705
1726,2,2,0.00033904274459928274,1.4551775393556454e-06,0.9954967498779297,0.004162817262113094
1727,1,1,4.465757186267183e-08,1.0,4.668774700178346e-09,1.4453453989204945e-09
1728,3,3,5.411939582700143e-06,2.9697093850700185e-06,7.791346433805302e-05,0.9999136924743652
1729,0,0,0.9985526204109192,0.001323243253864348,0.00011375770554877818,1.0379832929174881e-05
1730,2,2,5.969120593363186e-06,3.2725382403953063e-09,0.9986893534660339,0.0013047188986092806
1731,1,1,0.002020308282226324,0.9975429773330688,0.00016952129954006523,0.00026718145818449557
1732,1,1,8.438522058895614e-07,0.9999991655349731,1.171954888690152e-08,1.0475301515100455e-08
1733,1,1,3.213109084754251e-05,0.9999650716781616,2.4028481675486546e-06,3.3891873840730113e-07
1734,1,1,0.0009005397441796958,0.9986088871955872,1.4504522368952166e-05,0.0004760485317092389
1735,2,2,0.00021927745547145605,2.308190460098558e-06,0.9994605183601379,0.0003180045750923455
1736,1,2,8.844404510455206e-05,0.15076777338981628,0.8363722562789917,0.012771574780344963
1737,1,1,0.0005025210557505488,0.9978221654891968,0.00042997111449949443,0.0012454405659809709
1738,1,1,3.3520802134034966e-08,1.0,1.0479502821070241e-09,2.8992824807616557e-10
1739,0,0,0.999990701675415,7.400643426080933e-06,1.800850100153184e-06,5.084912757524762e-08
1740,1,1,2.140944843631587e-06,0.9999978542327881,3.836308692939383e-08,5.559575466662636e-09
1741,1,1,0.00019903264183085412,0.9993417859077454,9.796720405574888e-06,0.00044940176303498447
1742,0,0,0.42754417657852173,0.10998128354549408,0.12799355387687683,0.33448106050491333
1743,3,2,0.035819973796606064,2.7654737095872406e-06,0.8857694864273071,0.07840780913829803
1744,0,0,0.9975038170814514,1.6250940461759456e-05,0.0005968458717688918,0.0018831640481948853
1745,0,0,0.8005843758583069,0.00029959031962789595,0.014819313772022724,0.18429674208164215
1746,2,2,0.00018696235201787204,1.0775249137395804e-08,0.9957081079483032,0.004104879684746265
1747,0,0,0.9617427587509155,0.026210004463791847,0.008653146214783192,0.0033940996509045362
1748,2,2,3.999893306172453e-05,1.0631273426042753e-06,0.9997374415397644,0.00022144507966004312
1749,1,1,8.0104483046739e-09,0.9999998807907104,2.1650445880538882e-09,1.3672071474957193e-07
1750,3,3,1.3830797342961887e-06,1.189028764336797e-09,0.00023915669589769095,0.9997594952583313
1751,0,0,0.8648141026496887,0.00021844339789822698,0.09234407544136047,0.04262339696288109
1752,2,2,0.0006387241301126778,5.659977659888682e-07,0.9977464079856873,0.0016142625827342272
1753,1,1,1.2766083727910882e-06,0.9999967813491821,1.6210940145811037e-08,1.8944052726510563e-06
1754,3,3,2.033920736721484e-06,3.981286855747612e-09,7.923506200313568e-05,0.9999186992645264
1755,0,2,0.03932537883520126,0.00467285979539156,0.8826802968978882,0.07332150638103485
1756,0,0,0.853358268737793,2.5306950192316435e-05,0.009201006032526493,0.13741545379161835
1757,2,2,0.0006313918856903911,5.778060949523933e-05,0.9967517852783203,0.002559080719947815
1758,1,1,7.928724130579212e-07,0.9999991655349731,2.841850310630889e-08,3.373236268089386e-08
1759,1,1,9.467941708862782e-05,0.9999024868011475,6.624505317631701e-07,2.133352609234862e-06
1760,0,0,0.9997479319572449,0.00020541153207886964,3.010397904290585e-06,4.371858813101426e-05
1761,1,1,0.005609963089227676,0.9936797618865967,0.0002470831968821585,0.0004632046038750559
1762,3,3,0.000940987141802907,4.3287422257787256e-11,1.218776833411539e-05,0.9990468621253967
1763,2,2,0.07233763486146927,1.6767367924330756e-05,0.9119857549667358,0.01565987430512905
1764,0,0,0.9250916242599487,5.870039331057342e-06,0.0022746920585632324,0.07262773811817169
1765,1,1,0.00038953631883487105,0.9889578819274902,0.00022655654174741358,0.010426005348563194
1766,2,2,4.236228051013313e-05,1.0026024028775282e-05,0.9970002770423889,0.0029473518952727318
1767,1,1,3.634202982993884e-07,0.9999995231628418,1.1925125420475524e-07,4.6264023723097125e-08
1768,0,0,0.6247541904449463,0.00012988845992367715,0.020943138748407364,0.3541727662086487
1769,2,2,0.01621285267174244,0.00010916311293840408,0.9831247329711914,0.0005532700452022254
1770,2,3,0.0026288367807865143,8.914102181734052e-06,0.3978118896484375,0.5995503067970276
1771,2,2,0.019112184643745422,0.003261174773797393,0.9636417031288147,0.013984846882522106
1772,0,0,0.9999778270721436,5.925666073380853e-07,1.4481391190201975e-05,7.1967019721341785e-06
1773,3,3,8.148835149768274e-06,2.5754520294185568e-08,0.021413620561361313,0.9785782098770142
1774,3,0,0.9728916883468628,1.8540171140557504e-06,0.021578606218099594,0.005527830217033625
1775,2,2,0.022119909524917603,3.508145164232701e-05,0.9274227023124695,0.050422269850969315
1776,1,1,0.0004720214637927711,0.9981170892715454,0.0008680268074385822,0.0005429533193819225
1777,1,1,2.0430077540822822e-07,0.9999996423721313,1.0242410475314045e-08,7.642167787480503e-08
1778,0,0,0.9814949631690979,2.6804034860106185e-05,0.005505036562681198,0.012973204255104065
1779,0,0,0.9374170899391174,9.027378951032006e-07,0.06252440810203552,5.7607256167102605e-05
1780,0,0,0.9999992847442627,1.7964500997891264e-08,4.199957004402677e-07,2.177646081236162e-07
1781,3,0,0.9948146939277649,3.30061197928444e-07,0.003420983674004674,0.0017638918943703175
1782,1,1,0.008511023595929146,0.9914869070053101,1.6310529815655173e-07,1.9485316897771554e-06
1783,2,2,0.03538830205798149,0.00024169549578800797,0.9552777409553528,0.00909233745187521
1784,3,3,1.887098369479645e-05,5.576150741148922e-08,0.0006897408748045564,0.9992914199829102
1785,1,1,0.03440478816628456,0.9655760526657104,2.9387565518845804e-06,1.6218438759096898e-05
1786,1,1,1.4383414054464083e-05,0.9999611377716064,1.8224316590931267e-05,6.1951564021001104e-06
1787,1,1,0.0001855179580161348,0.9996325969696045,5.660298847942613e-05,0.00012521650933194906
1788,2,2,2.77891886071302e-05,8.752624125918373e-06,0.9999439716339111,1.9479568436508998e-05
1789,1,1,0.013833302073180676,0.9861624240875244,2.091054966513184e-06,2.203809799539158e-06
1790,2,3,1.1887519804076874e-06,4.7446459916500316e-07,0.02235223539173603,0.9776460528373718
1791,0,0,0.7318534851074219,0.0002445714781060815,0.183940589427948,0.08396134525537491
1792,2,2,8.364038876607083e-06,3.5605432913143886e-07,0.6112540364265442,0.38873720169067383
1793,1,1,3.548642837358784e-07,0.9999996423721313,2.854612901614928e-08,2.2194083015847355e-08
1794,1,1,7.364772045548307e-06,0.9999803304672241,6.468192623287905e-06,5.783074357168516e-06
1795,3,3,8.230676940002013e-06,4.711223633435679e-10,1.1599257959460374e-05,0.9999802112579346
1796,2,2,0.012158083729445934,1.7809139762903214e-07,0.9722651243209839,0.015576601028442383
1797,3,0,0.5351803302764893,1.7654591601967695e-06,0.0027469152119010687,0.462071031332016
1798,1,1,0.3447110652923584,0.48015591502189636,0.07523483783006668,0.09989817440509796
1799,2,2,7.043919322313741e-05,2.158343477276503e-06,0.9999072551727295,2.0094801584491506e-05
1800,0,0,0.9999998807907104,1.000107885396062e-09,7.964398207604972e-08,2.1762989632634344e-08
1801,1,1,2.212370162624211e-07,0.9999996423721313,2.603674964518632e-08,6.896686954860343e-08
1802,3,3,2.39936252910411e-06,0.0013421534094959497,0.000425691221607849,0.9982298016548157
1803,1,1,7.681306669837795e-06,0.9999818801879883,1.2591394806804601e-06,9.228103408531751e-06
1804,2,2,0.0008816072950139642,1.4349392586154863e-05,0.9989792108535767,0.00012492229870986193
1805,1,1,1.4268755066382255e-09,1.0,1.8727970285681295e-09,1.4246291923925014e-09
1806,3,3,0.00014934891078155488,3.663431868972111e-08,0.0013908237451687455,0.9984598159790039
1807,1,1,0.0033682319335639477,0.994968831539154,0.0012304376577958465,0.0004324581823311746
1808,0,0,0.9999456405639648,1.7096596138799214e-07,2.7396234145271592e-05,2.6772348064696416e-05
1809,1,1,1.2191989071652642e-06,0.9999634027481079,3.741969223369779e-08,3.5340395697858185e-05
1810,1,1,2.8748337399520096e-07,0.9999996423721313,3.5410749887887505e-08,2.493909523337834e-09
1811,3,3,0.0021971934475004673,0.0011711945990100503,0.3357652723789215,0.660866379737854
1812,1,1,4.1452231869243406e-08,0.9999998807907104,2.5951081283892563e-08,3.6086316157479814e-08
1813,0,0,0.9999734163284302,5.00262054003997e-09,1.9424784113653004e-05,7.1932254286366515e-06
1814,3,3,0.00024187663802877069,2.052042269440335e-08,0.09924601763486862,0.9005120992660522
1815,1,1,0.0017002251697704196,0.993057131767273,0.005152502097189426,9.003200830193236e-05
1816,0,0,0.9479366540908813,1.8320390537951425e-08,0.012031042948365211,0.0400322824716568
1817,0,0,0.9999192953109741,1.2070613593095914e-06,7.868697866797447e-05,8.314219712701743e-07
1818,0,0,0.9982542395591736,7.452590722323293e-08,0.001721883425489068,2.3806003810022958e-05
1819,2,2,1.0841546099982224e-05,7.71817809663844e-09,0.9999219179153442,6.726152787450701e-05
1820,3,3,0.007190112955868244,2.1795429347548634e-05,0.19008798897266388,0.8027000427246094
1821,1,1,1.38334712573851e-07,0.9999998807907104,1.2295086060376548e-09,3.2981519737518283e-09
1822,0,0,0.9991044402122498,5.747149043600075e-05,0.0003823974693659693,0.0004556260828394443
1823,2,3,0.0013345913030207157,1.659551344346255e-05,0.26726552844047546,0.7313832640647888
1824,1,1,3.847474363283254e-05,0.9999597072601318,1.3835151548846625e-06,5.011094685869466e-07
1825,2,2,0.0006396535900421441,3.0210872864699923e-05,0.999250590801239,7.952448504511267e-05
1826,2,2,0.0013091005384922028,7.268438821483869e-06,0.9819284677505493,0.01675516739487648
1827,0,0,0.9966541528701782,4.192244159639813e-05,0.001107684918679297,0.002196194604039192
1828,0,0,0.9989516735076904,0.0006861616275273263,1.8721048036240973e-05,0.0003434117534197867
1829,1,1,5.668421363225207e-05,0.9990394711494446,0.0007497016922570765,0.00015407866158057004
1830,1,1,0.00010249181650578976,0.9998040795326233,5.426107600214891e-05,3.923799522453919e-05
1831,3,3,1.5342624465120025e-05,3.027590400606073e-10,0.06823468208312988,0.9317499399185181
1832,1,1,0.006259675603359938,0.9936298727989197,7.774968980811536e-05,3.2670948712620884e-05
1833,3,3,3.344926824411232e-07,1.7527684192941706e-08,0.0002729892439674586,0.9997267127037048
1834,0,0,0.9916503429412842,7.92487207945669e-06,0.0005408972501754761,0.007800814229995012
1835,0,3,0.3727784752845764,0.00015759335656184703,0.001003741635940969,0.6260601878166199
1836,0,0,0.9981281161308289,7.101166374923196e-07,0.0016717977123335004,0.00019940077618230134
1837,1,1,1.6294821762130596e-05,0.999983549118042,1.614416866857482e-08,7.136618762615399e-08
1838,2,2,0.02404174953699112,0.0001323221658822149,0.9388659596443176,0.0369599349796772
1839,0,0,0.9932792782783508,0.002642696490511298,7.229671609820798e-05,0.004005718510597944
1840,1,2,0.12565873563289642,0.06296560168266296,0.6025454998016357,0.2088301181793213
1841,0,0,0.9999945163726807,1.341247379826882e-08,1.7363206552545307e-06,3.685440105982707e-06
1842,2,0,0.6580350399017334,0.00037930006510578096,0.33514881134033203,0.0064368234016001225
1843,0,0,0.9997789263725281,0.00014521260163746774,7.176935469033197e-05,4.135341441724449e-06
1844,0,0,0.9996609687805176,8.712533627885932e-08,6.100358223193325e-05,0.0002778917842078954
1845,2,2,8.01751775725279e-06,2.3095469714462524e-06,0.5917086005210876,0.4082810878753662
1846,0,0,0.9999562501907349,2.0297648006817326e-08,5.521510956896236e-06,3.828341141343117e-05
1847,2,2,1.1722817362169735e-05,1.1075614565925207e-05,0.9985761642456055,0.001401055371388793
1848,0,0,0.9933884143829346,0.00012890486686956137,0.006296015344560146,0.0001867100945673883
1849,1,1,0.00014026282588019967,0.9998193383216858,1.6348921860753762e-07,4.02504883822985e-05
1850,0,0,0.9987956285476685,7.776838515383133e-07,0.0011891736648976803,1.4358733096742071e-05
1851,3,2,0.00039008320891298354,3.140468834317289e-05,0.7632610201835632,0.23631754517555237
1852,0,0,0.9999816417694092,2.8614695679607394e-07,1.653489380259998e-05,1.4900504083925625e-06
1853,2,2,0.2414083182811737,0.0004495710600167513,0.7511002421379089,0.007041944190859795
1854,3,3,1.87720922895096e-06,8.916381410983831e-09,0.035233933478593826,0.9647641777992249
1855,3,3,0.0016327968332916498,3.398576154722832e-05,0.3247145712375641,0.6736186742782593
1856,0,0,0.9157984852790833,2.254462924611289e-05,0.01898324489593506,0.06519569456577301
1857,0,0,0.9978610873222351,0.0002496640954632312,4.302784418541705e-06,0.001884985133074224
1858,1,1,0.0006700486410409212,0.9991187453269958,7.068805984999926e-08,0.00021113433467689902
1859,2,2,0.0009217321639880538,6.84076439938508e-07,0.9988009929656982,0.00027664966182783246
1860,0,0,0.9989705085754395,3.0499159038299695e-06,0.00035355190630070865,0.0006728642038069665
1861,2,2,0.0009656694019213319,4.415727289597271e-06,0.9989424347877502,8.752405847189948e-05
1862,2,2,4.599851308739744e-05,4.328452121171722e-07,0.9931615591049194,0.006791980471462011
1863,3,3,1.0668387062651163e-08,1.732901203175402e-13,4.844320756092202e-06,0.9999951124191284
1864,3,3,0.005549410358071327,1.7429972558602458e-06,1.7432806998840533e-05,0.9944313168525696
1865,2,2,0.0008487338200211525,2.4313219910254702e-05,0.941951334476471,0.05717567726969719
1866,0,0,0.973352313041687,2.719758867897326e-06,0.011405378580093384,0.015239503234624863
1867,0,0,0.9999428987503052,1.5265879483195022e-05,3.498557362036081e-06,3.833587106782943e-05
1868,3,3,2.868628507712856e-05,1.4447392615579702e-08,0.023762468248605728,0.9762089252471924
1869,0,0,0.9872188568115234,0.00494889123365283,0.0006464383914135396,0.007185773458331823
1870,2,0,0.677544116973877,1.2465417967177927e-05,0.10184716433286667,0.22059625387191772
1871,1,1,2.715971459110733e-05,0.9999723434448242,2.6940617203763395e-07,2.9687802793887386e-07
1872,0,0,0.9999094009399414,6.881742820041836e-08,7.66946959629422e-06,8.293476275866851e-05
1873,3,1,0.0012046778574585915,0.7847182154655457,0.0014829417923465371,0.21259409189224243
1874,3,3,1.4988352631917223e-05,1.098421575917996e-09,9.831884381128475e-05,0.9998866319656372
1875,2,2,0.00015869410708546638,5.866012315891567e-07,0.9998229146003723,1.7849479263531975e-05
1876,1,1,0.006227113306522369,0.9935508966445923,0.00018859766714740545,3.3392992918379605e-05
1877,0,0,0.9999988079071045,6.362444793239774e-08,5.804340617032722e-07,5.025657969781605e-07
1878,3,3,0.0005139278946444392,4.553124313133594e-07,0.001225930405780673,0.9982597231864929
1879,1,3,0.0033358174841850996,0.3574664890766144,0.14083687961101532,0.4983607828617096
1880,0,0,0.9992604851722717,4.6061018110776786e-08,0.00014722661580890417,0.0005922790733166039
1881,3,0,0.7327052354812622,4.5335917093325406e-05,0.1832621842622757,0.0839872807264328
1882,1,1,0.011473682709038258,0.9881184697151184,0.0003397896362002939,6.814184598624706e-05
1883,3,3,0.04605099558830261,3.9957019907888025e-05,0.003354965476319194,0.9505540132522583
1884,3,2,0.009470939636230469,0.0015884928870946169,0.7847619652748108,0.2041786164045334
1885,3,3,0.008137517608702183,4.905031164526008e-05,0.03637862205505371,0.9554347395896912
1886,0,0,0.9995017051696777,2.9488968721125275e-05,9.305306593887508e-05,0.00037570009590126574
1887,0,0,0.9999881982803345,1.7590397194400254e-10,1.281403228858835e-06,1.0492530236660969e-05
1888,3,3,0.0040516965091228485,0.0001845660590333864,0.04615097492933273,0.9496127963066101
1889,3,3,0.0017426387639716268,5.455419227473612e-09,3.2849675335455686e-05,0.9982245564460754
1890,3,3,8.41061833511958e-08,1.4853476087983708e-11,0.0015764094423502684,0.9984235763549805
1891,0,0,0.8864657878875732,0.00019908117246814072,0.09673519432544708,0.01660001277923584
1892,2,2,0.04014456644654274,4.4886219257023185e-06,0.9558770656585693,0.003973798826336861
1893,3,2,0.000945814186707139,1.0418182938565224e-07,0.6457995772361755,0.35325443744659424
1894,0,0,0.9999463558197021,5.009887971141325e-08,4.548283868643921e-06,4.901253487332724e-05
1895,3,3,0.0004939074860885739,8.057829177232634e-07,0.00022714794613420963,0.9992781281471252
1896,2,2,0.05658457428216934,5.453767357721517e-07,0.9405830502510071,0.002831781515851617
1897,2,2,0.0039043717551976442,1.0568578545644414e-06,0.9426363110542297,0.05345827341079712
1898,3,3,1.2096629475877307e-08,2.5702205121158617e-13,0.0002822476380970329,0.9997177720069885
1899,3,3,0.0035034874454140663,0.0043090409599244595,0.030409203842282295,0.9617782831192017
1900,2,2,0.00020054601191077381,3.0757735203224e-06,0.9996095299720764,0.00018683230155147612
1901,3,3,0.0002337170299142599,1.3732329534832388e-05,0.05301655828952789,0.9467359781265259
1902,1,1,0.2271672785282135,0.6057602167129517,0.02043970301747322,0.1466328203678131
1903,0,0,0.9763644337654114,7.632608571839228e-07,0.009930365718901157,0.013704445213079453
1904,0,0,0.999993085861206,3.804745754565353e-11,3.98382809407849e-07,6.5514655034348834e-06
1905,3,3,2.312147080374416e-05,1.1449189514678437e-05,0.00897641759365797,0.9909890294075012
1906,1,1,6.973099516471848e-05,0.999923586845398,5.2827886065642815e-06,1.4896229458827293e-06
1907,2,2,0.0006911398377269506,1.469065523451718e-06,0.999182403087616,0.00012507001520134509
1908,1,1,1.4646802810602821e-06,0.9999985694885254,5.76544145758362e-10,6.102134908481105e-10
1909,0,0,0.8690871000289917,0.0036187295336276293,6.983397179283202e-05,0.12722435593605042
1910,1,1,0.005020776763558388,0.9777631163597107,0.0017218412831425667,0.015494178049266338
1911,3,3,0.00010837768786586821,1.032590475347206e-07,0.00255990750156343,0.9973316192626953
1912,0,0,0.9952083230018616,0.0001041311479639262,0.0021607147064059973,0.0025267903693020344
1913,2,2,0.005486523266881704,5.351480285753496e-05,0.9943349957466125,0.00012493514805100858
1914,3,3,0.003011393593624234,0.0026851024013012648,0.0005317153409123421,0.9937718510627747
1915,1,1,9.633851760781909e-08,0.9999997615814209,1.0616577839073216e-07,5.127412805450149e-08
1916,3,3,3.953634950448759e-05,1.8817956970451633e-07,0.12861163914203644,0.8713486194610596
1917,1,1,0.0018752595642581582,0.997515082359314,4.948765763401752e-06,0.0006046588532626629
1918,3,3,0.13894936442375183,0.003984034992754459,0.140610471367836,0.7164561152458191
1919,3,2,0.009535440243780613,0.0011565480381250381,0.720389187335968,0.26891884207725525
1920,2,0,0.5449129343032837,0.00010396268771728501,0.4234251379966736,0.03155800327658653
1921,2,2,0.0006428697379305959,1.221550718355502e-07,0.9989094734191895,0.0004474415327422321
1922,3,3,0.0012951737735420465,3.933512360276836e-08,0.000791717495303601,0.9979130625724792
1923,3,3,0.00014234913396649063,4.674834144680062e-06,0.00022628864098805934,0.999626636505127
1924,2,2,0.09250690788030624,0.00033428348251618445,0.9021090269088745,0.0050497716292738914
1925,0,0,0.9999879598617554,7.181429895197766e-10,2.668071374500869e-06,9.444918759982102e-06
1926,2,2,0.010216028429567814,0.0125815374776721,0.9613010287284851,0.015901360660791397
1927,2,2,7.359623850788921e-05,2.613188598843408e-07,0.8921993970870972,0.10772670805454254
1928,2,2,0.002688262378796935,5.1337465265532956e-06,0.9962003827095032,0.001106223906390369
1929,2,2,0.0020303702913224697,7.344334790104767e-06,0.9965656399726868,0.0013966918922960758
1930,1,1,5.646479985443875e-05,0.9998089671134949,0.00012755789794027805,7.059510153339943e-06
1931,1,1,7.930425454105716e-07,0.9999991655349731,6.275975295011449e-10,1.1230001817352786e-08
1932,1,1,1.4909577657817863e-05,0.9989396929740906,0.0010340262670069933,1.1455579624453094e-05
1933,0,0,0.9999657869338989,3.066008247287755e-08,2.9417755285976455e-05,4.7404687393282074e-06
1934,0,0,0.9938660264015198,2.5089308110182174e-05,0.000535026949364692,0.005573833826929331
1935,3,3,0.002106854459270835,0.00018585768702905625,0.006180642172694206,0.9915266633033752
1936,0,0,0.9954761862754822,4.504137177718803e-05,0.0009688793797977269,0.0035099054221063852
1937,3,3,0.00021394144278019667,1.7025937495418475e-06,0.00019452485139481723,0.9995898604393005
1938,3,3,0.0001965575647773221,2.0778281850653e-06,0.049252986907958984,0.9505484104156494
1939,0,0,0.9999947547912598,6.3691794061071505e-09,1.1791205878353139e-07,5.088455509394407e-06
1940,3,3,4.2919568841170985e-06,9.187829874690578e-08,0.0014329457189887762,0.9985626339912415
1941,3,3,0.05492384359240532,0.01009403821080923,0.07644534111022949,0.8585367202758789
1942,1,1,1.4838174138276372e-05,0.9999806880950928,1.1859336268571496e-07,4.3706977521651424e-06
1943,0,0,1.0,6.540906054633422e-13,1.468235844015453e-08,2.8818963215826443e-08
1944,1,1,2.801316441036761e-06,0.9999964237213135,6.0321610817482e-07,8.201543977293113e-08
1945,1,1,4.459051342564635e-05,0.9999511241912842,3.223346766390023e-06,1.1302371376586962e-06
1946,0,0,0.8250285983085632,0.14899811148643494,0.020207954570651054,0.005765307229012251
1947,1,1,1.7511623809696175e-05,0.999982476234436,6.363882931736953e-08,7.904794152580052e-09
1948,1,1,7.031452753381018e-08,0.9999998807907104,7.468097251717154e-09,4.628081029522946e-08
1949,2,2,0.0003506189677864313,9.022953690873692e-07,0.9988406300544739,0.0008078592363744974
1950,1,1,3.6535408298732364e-07,0.9999994039535522,6.036785293872526e-08,1.6681123327089153e-07
1951,0,0,0.9962558746337891,1.499543031968642e-06,0.0004284217720851302,0.0033142827451229095
1952,1,1,4.983427788829431e-05,0.9993007183074951,0.0005509163020178676,9.848592162597924e-05
1953,3,3,8.097399728512755e-08,4.241949227434816e-07,0.001922092866152525,0.998077392578125
1954,3,3,9.067222208614112e-07,1.9359903902227416e-08,0.0006172633147798479,0.9993817806243896
1955,3,3,3.2422472031612415e-06,2.3057955544913966e-09,0.000616262259427458,0.9993804693222046
1956,3,1,0.001967826159670949,0.6176634430885315,0.006154496222734451,0.374214231967926
1957,1,0,0.4913679361343384,0.45731285214424133,0.0002464628196321428,0.05107264965772629
1958,2,2,1.850664332891938e-08,4.096446445944757e-11,0.9999996423721313,3.6885793974761327e-07
1959,2,2,0.00022504915250465274,2.0135172235313803e-05,0.9997236132621765,3.126004958176054e-05
1960,1,1,0.004591920878738165,0.992409348487854,0.0008640314918011427,0.002134739886969328
1961,2,3,0.08245940506458282,0.005706736817955971,0.2077612280845642,0.7040726542472839
1962,2,2,0.005380356218665838,0.07674965262413025,0.8886533975601196,0.02921663597226143
1963,1,1,0.0008970957715064287,0.9990948438644409,7.413111688947538e-06,6.680937758574146e-07
1964,3,3,1.676224565017037e-05,1.6910444173845463e-05,5.4760694183642045e-05,0.9999115467071533
1965,0,0,0.9998923540115356,6.82959921505244e-07,0.00010449282126501203,2.4667101570230443e-06
1966,0,0,0.9999992847442627,2.521398698718258e-07,7.60916236686171e-08,3.9218829783749243e-07
1967,3,3,1.8309661754756235e-05,3.1521077414886634e-10,0.0018478564452379942,0.9981338381767273
1968,3,3,4.458564944798127e-05,9.116490340410621e-10,0.0019415380666032434,0.9980138540267944
1969,1,1,0.004193488974124193,0.9952017068862915,0.0001914512540679425,0.000413292262237519
1970,1,1,0.0016212360933423042,0.9447019100189209,0.04384827986359596,0.00982861127704382
1971,0,0,0.9914783835411072,0.004310121759772301,0.0013121587689965963,0.0028993773739784956
1972,2,2,0.011321756057441235,0.003999541513621807,0.9837459325790405,0.0009328057058155537
1973,3,3,0.0009849591879174113,1.1137890396639705e-05,0.02260712720453739,0.9763967394828796
1974,2,2,0.015608873218297958,0.16638317704200745,0.5714591145515442,0.2465488314628601
1975,0,0,0.9281198382377625,0.0024007782340049744,0.04258135333657265,0.0268980972468853
1976,0,1,0.028823448345065117,0.9651963114738464,0.0008436655043624341,0.005136522464454174
1977,0,0,0.9999816417694092,5.966206572338706e-06,2.2912713575351518e-06,1.0140258382307366e-05
1978,3,3,0.0006303879199549556,1.7288456888309156e-08,0.0029306288342922926,0.9964389801025391
1979,0,0,0.9999731779098511,4.8702527237765025e-06,3.440170303292689e-06,1.8533170077716932e-05
1980,0,0,0.9999994039535522,8.654980732103468e-09,3.1231590469360526e-07,1.9222775904381706e-07
1981,0,0,0.9999383687973022,1.412370949083197e-07,5.9261674323352054e-05,2.295073727509589e-06
1982,1,1,0.0018254048191010952,0.9981483221054077,1.3756334737990983e-05,1.2520459677034523e-05
1983,3,3,0.0003090327954851091,4.013924410628533e-07,0.04097548872232437,0.95871502161026
1984,3,3,0.0002785866381600499,1.872006123448955e-07,0.0022736701648682356,0.9974474906921387
1985,1,1,2.2698124666931108e-05,0.999976634979248,2.6097451311102304e-08,5.872764177183853e-07
1986,3,3,3.3668966352706775e-05,2.556996614444529e-09,0.0008805128163658082,0.9990857839584351
1987,0,0,0.9870514869689941,7.824077329132706e-06,0.0002595031401142478,0.012681221589446068
1988,3,3,0.00027552872779779136,2.6753477211372e-09,0.00017565760936122388,0.9995487332344055
1989,2,2,0.015518931671977043,4.596406142809428e-05,0.8338462114334106,0.15058887004852295
1990,3,3,0.00361275696195662,0.00176571449264884,0.17072875797748566,0.8238928318023682
1991,2,2,0.007480936590582132,3.559640026651323e-05,0.79938143491745,0.19310209155082703
1992,1,1,2.7100102215626976e-06,0.9999881982803345,8.759674528846517e-06,3.965110693116003e-07
1993,2,2,0.01857704669237137,6.515502377624216e-07,0.9801070690155029,0.0013151823077350855
1994,0,0,0.9999957084655762,4.715706580782353e-08,3.1496324481850024e-06,1.1575374401218141e-06
1995,2,2,0.004155268426984549,7.097116849763552e-07,0.9956172704696655,0.00022679285029880702
1996,3,3,2.1848594769835472e-05,1.8566344905934784e-08,0.000522700953297317,0.9994553923606873
1997,2,2,4.889675255981274e-05,3.271220094802629e-08,0.9825452566146851,0.017405875027179718
1998,0,0,0.9996988773345947,4.0852715756045654e-05,3.580090924515389e-05,0.00022456698934547603
1999,1,1,0.03199349343776703,0.9614861607551575,0.000626467983238399,0.0058939289301633835
2000,1,1,0.0064158388413488865,0.9463814496994019,0.04673301428556442,0.0004696896066889167
2001,1,1,0.022844795137643814,0.7045811414718628,0.05560541898012161,0.21696864068508148
2002,1,1,6.37140401522629e-05,0.9996600151062012,0.00022283197904471308,5.336382309906185e-05
2003,1,1,2.341754345991376e-08,1.0,1.2005009430993141e-08,5.501265665230903e-09
2004,0,0,0.9414838552474976,7.975446010277665e-07,0.05513716861605644,0.0033782615792006254
2005,2,3,0.0024032536894083023,0.0006199703202582896,0.08566221594810486,0.9113144874572754
2006,3,3,2.6320753022446297e-05,5.339758786249149e-07,0.4657215178012848,0.5342515707015991
2007,3,3,0.00019854461424984038,1.4959479699427902e-07,0.005563647951930761,0.9942376613616943
2008,1,1,0.0008459893288090825,0.966358482837677,0.032336022704839706,0.0004595142381731421
2009,3,3,0.018190529197454453,1.921503951507475e-07,0.002187344478443265,0.9796218872070312
2010,2,2,1.189332760986872e-05,4.356683973583131e-07,0.9997623562812805,0.00022530699789058417
2011,0,0,0.9997076392173767,1.9135184629703872e-05,0.00015984379569999874,0.00011334828013787046
2012,0,0,0.9998629093170166,3.6460365663515404e-05,2.9934870326542296e-05,7.07041981513612e-05
2013,0,0,0.9893637895584106,0.010396895930171013,0.0001619772519916296,7.739196007605642e-05
2014,0,0,0.9975415468215942,5.864948207090492e-07,0.0006243374664336443,0.0018335594795644283
2015,0,0,0.9804058074951172,5.199699808144942e-05,0.013373403809964657,0.006168858148157597
2016,0,0,0.9999727010726929,3.3669541608105646e-06,5.108512141305255e-06,1.875530870165676e-05
2017,2,2,0.21377287805080414,0.036911506205797195,0.6748835444450378,0.0744321271777153
2018,1,1,0.00037458655424416065,0.9996165037155151,1.0162357284571044e-06,7.906858627393376e-06
2019,1,1,0.00010237301466986537,0.999895453453064,4.4610914073928143e-07,1.6516834193680552e-06
2020,0,0,1.0,1.8956012107218534e-11,6.803906327235154e-09,2.457313108550352e-08
2021,0,0,0.9999752044677734,6.32129911082302e-07,2.2625305064138956e-05,1.5558071027044207e-06
2022,0,0,0.9999082088470459,1.588303712196648e-05,2.9331336008908693e-06,7.29613529983908e-05
2023,1,1,1.4411583833862096e-05,0.9999855756759644,7.410297708787539e-09,3.5597015113353336e-08
2024,0,0,0.999900221824646,5.900426003790926e-06,7.395624561468139e-05,1.9975414033979177e-05
2025,3,3,0.0005434610066004097,3.992640813521575e-06,0.03279167786240578,0.9666607975959778
2026,1,1,0.03241598978638649,0.9668455123901367,0.0006774054490961134,6.114029383752495e-05
2027,0,0,0.9990235567092896,3.586908633224084e-06,0.0005691501428373158,0.0004037576727569103
2028,0,1,0.018678052350878716,0.9812998175621033,1.3134985010765377e-06,2.0874573237961158e-05
2029,0,0,0.9981525540351868,3.6133226331003243e-06,0.0002694700669962913,0.0015742577379569411
2030,0,0,0.996504545211792,3.954975454689702e-06,0.0016298833070322871,0.0018616648158058524
2031,1,1,2.822102942445781e-07,0.9999997615814209,1.1206686245657238e-08,3.866416964370956e-09
2032,1,1,0.03693640977144241,0.9630351066589355,1.1683669072226621e-06,2.732867324084509e-05
2033,2,2,0.0220982413738966,0.0008768112165853381,0.9756475687026978,0.0013774570543318987
2034,3,3,3.284613740106579e-06,3.6888419402414385e-11,8.920795153244399e-06,0.9999878406524658
2035,2,2,0.005087092984467745,0.006560813635587692,0.5831530690193176,0.4051990211009979
2036,1,1,0.0011516670929268003,0.8066521286964417,0.16420912742614746,0.027987061068415642
2037,0,0,0.9990837574005127,3.768968963413499e-05,0.000627725210506469,0.000250802404480055
2038,2,2,0.00012818121467716992,3.517953018672415e-06,0.8688085675239563,0.1310596764087677
2039,1,1,9.323993435828015e-05,0.9998998641967773,4.356604222266469e-06,2.4678722638782347e-06
2040,1,1,0.0006836774409748614,0.9874655604362488,0.010696529410779476,0.0011542538413777947
2041,3,3,0.0034352033399045467,5.033495654060971e-06,0.001181778614409268,0.9953780174255371
2042,0,0,0.9999746084213257,2.2245729702774497e-09,1.4012990732226172e-06,2.3961973056429997e-05
2043,0,0,0.9170488715171814,0.0412692166864872,0.01981835439801216,0.02186363935470581
2044,1,1,0.001128216739743948,0.9982938170433044,0.0002021489926846698,0.0003757925587706268
2045,1,1,2.4688144549145363e-05,0.9998403787612915,0.00012446288019418716,1.0449611181684304e-05
2046,2,2,0.02381039783358574,0.3436352610588074,0.592104971408844,0.0404493510723114
2047,0,0,0.38402217626571655,0.01590999774634838,0.2745072841644287,0.3255605399608612
2048,1,1,8.720138566786773e-07,0.9999988079071045,1.44496468124089e-07,7.293495229987457e-08
2049,2,2,0.0022364070173352957,2.2899001123732887e-05,0.9911326766014099,0.006608085706830025
2050,1,1,0.0011843668762594461,0.9963249564170837,0.000329141243128106,0.002161485143005848
2051,1,1,1.4909454648659448e-06,0.9999974966049194,5.981174240332621e-07,3.1630554531147936e-07
2052,1,1,0.04813290387392044,0.9077944159507751,0.01208417396992445,0.031988490372896194
2053,0,2,0.22303976118564606,1.0031801167542653e-08,0.775398850440979,0.0015614096773788333
2054,0,0,0.999998927116394,5.597852181793428e-10,4.6413651944021694e-07,6.038409878783568e-07
2055,0,0,0.9999940395355225,8.056665024014364e-08,2.6841405542654684e-06,3.17810736305546e-06
2056,0,0,0.9999030828475952,2.8812710297643207e-06,8.800581417744979e-05,6.0744159782188945e-06
2057,0,0,0.9902955293655396,0.00010532986925682053,0.009386598132550716,0.00021259288769215345
2058,1,1,2.183955530199455e-06,0.9995532631874084,3.028664252724411e-07,0.000444259203504771
2059,0,0,0.9992949962615967,3.705693814026745e-07,0.0003608752740547061,0.00034380407305434346
2060,0,0,0.9997881054878235,5.9577011768396915e-08,1.4084842405281961e-05,0.0001977570791495964
2061,3,3,4.594492565956898e-05,2.008372845807571e-08,0.20105698704719543,0.7988970875740051
2062,2,3,9.303206752520055e-05,7.353741693805205e-06,0.0021878888364881277,0.9977116584777832
2063,0,0,0.9935775399208069,7.615980166519876e-07,0.0007399910246022046,0.00568163488060236
2064,1,1,3.017339622601867e-08,1.0,3.4235345114375093e-10,1.0387583015969426e-09
2065,0,0,0.9890530705451965,2.5774693312996533e-07,0.0003285819257143885,0.01061809528619051
2066,1,1,1.3285066380319677e-08,1.0,5.4116544578874937e-11,1.0966217517394128e-10
2067,2,2,0.0011335316812619567,5.204688591220474e-07,0.9987654685974121,0.00010045858653029427
2068,2,2,0.0004120513331145048,9.439241388520259e-09,0.9995818734169006,6.038646461092867e-06
2069,1,1,6.629465588048333e-06,0.9999837875366211,5.829046585859032e-06,3.6413182442629477e-06
2070,3,3,1.4537065908371005e-05,1.8561981118825344e-10,7.029779681033688e-06,0.9999784231185913
2071,0,0,0.9997608065605164,2.111673711624462e-05,2.480379589542281e-05,0.00019326878827996552
2072,1,1,1.4351837307913229e-05,0.9999845027923584,3.834232700228313e-07,7.394060617116338e-07
2073,0,0,0.9999570846557617,6.071830682685686e-08,2.5245959477615543e-05,1.7531800040160306e-05
2074,0,0,0.9999982118606567,2.634139795176793e-09,1.7182699139084434e-06,1.0778894932172989e-07
2075,1,1,4.367265501059592e-05,0.9999536275863647,1.3115427464072127e-06,1.3925889561505755e-06
2076,0,0,0.9999890327453613,7.887534252404294e-07,3.211191312857409e-07,9.776401384442579e-06
2077,1,1,0.0018874085508286953,0.9973147511482239,0.0007273191004060209,7.055427704472095e-05
2078,1,1,5.279624701870489e-07,0.9999992847442627,1.7347574043924396e-07,2.718211788987901e-08
2079,1,1,1.372492761220201e-06,0.9999984502792358,3.024497274850546e-08,8.921085026258879e-08
2080,2,2,0.0011431031161919236,1.8251114397571655e-06,0.9982901215553284,0.0005649595987051725
2081,3,3,0.0003930623352061957,8.341918373844237e-07,0.005966903176158667,0.9936391711235046
2082,3,3,1.1693567785187042e-06,1.7797505277254017e-13,0.0007834912976250052,0.9992153644561768
2083,0,0,0.9914515614509583,0.007578421384096146,0.0009401288698427379,2.9937313229311258e-05
2084,2,2,0.00035552424378693104,7.2861889748310205e-06,0.999565064907074,7.20723473932594e-05
2085,3,3,0.007637535221874714,1.3210579936639988e-06,0.13782690465450287,0.8545342683792114
2086,2,2,0.0008960316190496087,0.0003825774183496833,0.9738848805427551,0.024836519733071327
2087,0,0,0.9999692440032959,2.9455483385731895e-08,2.6301857360522263e-05,4.366927441878943e-06
2088,0,3,0.09171509742736816,1.4903832379786763e-05,0.19861216843128204,0.7096577882766724
2089,3,3,8.848726793075912e-06,1.0518460413777575e-07,0.006206896156072617,0.9937840700149536
2090,1,1,0.00012761981633957475,0.9997832179069519,2.7979122023680247e-05,6.113953713793308e-05
2091,2,2,0.0022664025891572237,0.000871319614816457,0.8756944537162781,0.12116779386997223
2092,0,0,0.999997615814209,9.14190145806515e-09,4.2615052819883203e-08,2.377555802013376e-06
2093,3,3,1.3557558986576623e-06,5.580183537468031e-10,0.00497395358979702,0.9950246214866638
2094,3,2,0.21129196882247925,0.0034493806306272745,0.4095243215560913,0.3757342994213104
2095,3,3,0.0006052980315871537,3.951126359424961e-08,0.23178404569625854,0.7676107287406921
2096,1,1,1.1101315976702608e-05,0.9999879598617554,7.512288675570744e-07,2.655975492871221e-07
2097,1,1,0.00016988825518637896,0.9997890591621399,1.855832579167327e-06,3.916275454685092e-05
2098,2,2,0.00025581111549399793,1.6507525515407906e-06,0.999614953994751,0.00012751491158269346
2099,1,1,9.126864460995421e-05,0.9995330572128296,0.00023017743660602719,0.00014551234198734164
2100,3,3,0.03641429916024208,4.770872763515399e-08,0.37406373023986816,0.5895219445228577
2101,3,2,0.16257940232753754,0.0399247370660305,0.7232537269592285,0.07424210757017136
2102,3,3,0.00644342415034771,9.414165003107655e-10,0.01095988042652607,0.9825966954231262
2103,3,3,0.0003491568786557764,3.320766950309917e-07,0.006761224940419197,0.9928892850875854
2104,3,3,5.126680857614474e-09,5.425910415413071e-11,5.1675233407877386e-06,0.9999948740005493
2105,0,2,0.4195719063282013,0.0037282127887010574,0.5742591619491577,0.002440736163407564
2106,3,3,7.487906259484589e-05,5.671965501441445e-12,0.0027920661959797144,0.9971330165863037
2107,3,3,6.874749487906229e-06,7.787681610693653e-10,0.00018676844774745405,0.9998063445091248
2108,0,0,0.9999849796295166,2.1649082100339e-06,1.1850139003399818e-07,1.2761934158334043e-05
2109,1,1,1.341939150734106e-05,0.9999860525131226,4.0158343495022564e-07,9.263897737810112e-08
2110,1,1,0.000580817402806133,0.9974629878997803,2.9969096431159414e-05,0.001926126889884472
2111,2,2,0.0022654954809695482,5.573476187237247e-07,0.9977130889892578,2.085132473439444e-05
2112,3,3,1.4785745179324294e-06,3.6937859704266884e-07,0.0012795026414096355,0.9987187385559082
2113,3,3,4.928384078084491e-05,5.239317397354171e-05,0.01306968368589878,0.986828625202179
2114,1,1,8.789714047452435e-05,0.9999061822891235,7.466892384400126e-07,5.118842182127992e-06
2115,3,3,0.010192467831075191,0.0039268843829631805,0.30303725600242615,0.6828433871269226
2116,2,2,0.03020862489938736,0.0005812713643535972,0.9682111740112305,0.0009989935206249356
2117,2,2,0.00028350824140943587,3.146443248169817e-07,0.9993466734886169,0.0003694190236274153
2118,0,0,0.9999997615814209,5.0883063096307524e-08,5.003060365993406e-08,2.1229439539638406e-07
2119,1,1,7.55428754928289e-06,0.9999902248382568,1.4546218380928622e-06,7.482140063075349e-07
2120,2,3,0.00013027593377046287,7.117841249737467e-08,0.05120299756526947,0.9486665725708008
2121,2,2,0.004658914171159267,2.10876387427561e-05,0.9855592250823975,0.009760786779224873
2122,3,2,0.00712655670940876,0.004012857563793659,0.9452515244483948,0.043609119951725006
2123,2,2,0.0005239943275228143,2.5920419375324855e-06,0.9993757605552673,9.776561637409031e-05
2124,2,3,3.4424558634782443e-06,3.9468835666411906e-07,0.13154122233390808,0.8684549927711487
2125,0,0,0.9999991655349731,1.539291694108158e-09,1.39134527898932e-07,7.149635621317429e-07
2126,3,0,0.9867357611656189,1.2627469004655723e-05,0.00818877574056387,0.005062748212367296
2127,2,2,1.6273179426207207e-05,5.808509285998298e-06,0.9993308782577515,0.0006470702937804163
2128,3,3,0.016259465366601944,7.485884907509899e-07,2.8524505978566594e-05,0.983711302280426
2129,3,3,0.00327257439494133,0.0009718150831758976,0.0951974168419838,0.9005582332611084
2130,3,3,0.0016699921106919646,2.875778591260314e-05,0.027145277708768845,0.9711560606956482
2131,3,3,0.09944400191307068,0.0005120013956911862,0.17657217383384705,0.7234718203544617
2132,1,1,0.02406236156821251,0.9573194980621338,0.01458677463233471,0.004031335934996605
2133,3,3,3.852444933727384e-06,8.137759799353717e-09,0.00019825865456368774,0.9997978806495667
2134,0,0,0.8952527046203613,4.516142143984325e-05,0.08606699854135513,0.018635256215929985
2135,0,0,0.7054941654205322,0.15399549901485443,0.06266636401414871,0.07784395664930344
2136,1,1,6.072809242141375e-07,0.9999994039535522,5.5195927828322056e-09,1.971475205309048e-09
2137,0,0,0.9999991655349731,4.64973730629481e-08,2.3993956688173057e-07,5.318095190887107e-07
2138,3,0,0.9757423400878906,7.149951852625236e-05,0.01217472180724144,0.012011470273137093
2139,3,3,1.7540460248710588e-06,4.65185179265859e-09,5.515096745511983e-06,0.9999927282333374
2140,0,0,0.9998538494110107,4.931480361847207e-07,3.622542863013223e-05,0.00010939487401628867
2141,3,3,1.3155972737877164e-05,1.2945716889589676e-06,0.02608945034444332,0.9738960862159729
2142,3,3,0.0003015683323610574,7.7547142318668e-11,0.00013598066288977861,0.9995624423027039
2143,3,3,2.8979155104025267e-05,1.6025397826524568e-06,0.009259756654500961,0.990709662437439
2144,1,1,0.0029077983926981688,0.9967371821403503,6.259075598791242e-05,0.0002924255677498877
2145,3,3,2.734788904490415e-05,1.1656712786134449e-06,0.12270481884479523,0.8772666454315186
2146,1,1,0.0002608690701890737,0.9997145533561707,2.1608220777125098e-05,2.947824896182283e-06
2147,1,1,3.287513663963182e-06,0.9999966621398926,1.8256081091294618e-09,2.197154280736413e-08
2148,2,2,0.2740744352340698,0.00041460481588728726,0.7200414538383484,0.005469542928040028
2149,3,3,2.9218033887445927e-05,5.847448913964826e-11,6.529906386276707e-05,0.9999054670333862
2150,0,0,0.9865486025810242,0.007197929546236992,0.005929398816078901,0.0003240251389797777
2151,3,3,0.0002357651392230764,2.2884255201915948e-07,0.0010277234250679612,0.9987363219261169
2152,2,2,0.0005133313243277371,2.2239828467718326e-06,0.9980313181877136,0.0014531015185639262
2153,1,1,0.00047023812658153474,0.9994791150093079,1.96566543309018e-05,3.099709647358395e-05
2154,0,0,0.9996587038040161,1.1582221304706763e-05,8.218392395065166e-06,0.0003214767493773252
2155,1,1,2.1790167011204176e-05,0.9999779462814331,1.161338829547276e-07,1.5950645604334568e-07
2156,2,2,0.0029681839514523745,1.954834033313091e-06,0.9967828989028931,0.00024703991948626935
2157,2,2,0.00023575076193083078,4.723388428828912e-06,0.9995148181915283,0.0002446433936711401
2158,0,0,0.9764055013656616,6.665478395007085e-06,0.020535586401820183,0.0030522202141582966
2159,0,0,0.9747830033302307,0.022498955950140953,0.002441842807456851,0.00027611799305304885
2160,1,1,0.00017677078722044826,0.9997404217720032,1.5162594536377583e-05,6.765846046619117e-05
2161,0,0,0.9993308782577515,1.386481471854495e-07,0.0005888937739655375,8.013002661755309e-05
2162,3,3,2.7877311367774382e-05,1.6795414126136166e-07,0.0005629498045891523,0.9994090795516968
2163,2,2,0.02044009044766426,1.8739168808679096e-05,0.9780008792877197,0.0015402474673464894
2164,0,0,0.9934665560722351,0.0025284166913479567,0.0021779194939881563,0.0018271486042067409
2165,3,3,2.4629920325480725e-10,7.177568814905472e-14,1.0049358024843968e-05,0.9999899864196777
2166,3,3,0.0028020001482218504,0.02195967175066471,0.017905598506331444,0.9573327302932739
2167,0,0,0.6766524910926819,2.1398714125098195e-06,0.31188368797302246,0.011461643502116203
2168,2,2,0.0011183373862877488,2.5592331439838745e-05,0.7461825013160706,0.25267359614372253
2169,2,3,5.885512655368075e-05,1.280579766671508e-07,0.0015874268719926476,0.9983536005020142
2170,3,3,0.00041456278995610774,2.3610480184288463e-06,0.00011161164002260193,0.9994714856147766
2171,1,1,2.8587933229573537e-06,0.9999942779541016,3.886914612394321e-07,2.530676283640787e-06
2172,0,0,0.9965403079986572,1.5353712967680622e-07,0.0026691406965255737,0.0007904070662334561
2173,0,1,0.016175303608179092,0.9372705817222595,0.03874751180410385,0.007806629873812199
2174,0,0,0.998354434967041,9.647452259287093e-08,5.3963445679983124e-05,0.001591594540514052
2175,2,2,0.000539687171112746,2.2408579525290406e-07,0.999344527721405,0.00011558784171938896
2176,3,3,0.2958681583404541,8.02786962594837e-05,0.16727665066719055,0.5367749333381653
2177,3,2,7.693724768387256e-09,1.5485603077625143e-10,0.9985290765762329,0.0014708805829286575
2178,3,3,0.0011603556340560317,7.219243869371894e-09,0.0008787702536210418,0.9979609251022339
2179,3,2,0.00023370044073089957,2.940150523045304e-07,0.9803167581558228,0.019449155777692795
2180,3,3,0.0051403772085905075,1.4705369721923489e-05,0.013083751313388348,0.9817611575126648
2181,3,3,1.922868023029878e-06,4.423076571669071e-09,8.492441702401266e-05,0.9999130964279175
2182,2,2,3.204354925401276e-06,2.2022628165530023e-09,0.9999945163726807,2.3183852135844063e-06
2183,0,0,0.9035131335258484,5.282339316181606e-06,0.06597007066011429,0.030511444434523582
2184,0,0,0.9997900128364563,7.3908807962652645e-09,0.00012675923062488437,8.322314533870667e-05
2185,3,3,0.3794822692871094,0.00015101282042451203,0.01571621559560299,0.6046504974365234
2186,2,3,0.00012641567445825785,2.9366826765908627e-06,0.3256794214248657,0.6741912364959717
2187,0,0,0.999998927116394,1.174949293414329e-08,2.2344909211824415e-07,8.722618076717481e-07
2188,2,2,0.009035302326083183,3.890545940521406e-06,0.9903324246406555,0.0006283230613917112
2189,2,2,3.141167326248251e-05,4.005348941404918e-09,0.9998979568481445,7.059960626065731e-05
2190,2,2,0.00140646833460778,0.00010312236554455012,0.7361564040184021,0.2623339891433716
2191,3,0,0.6943491101264954,0.0010742152808234096,0.008056134916841984,0.29652056097984314
2192,1,1,5.8001714933197945e-06,0.9999921321868896,3.1360002594738035e-07,1.749213993207377e-06
2193,3,3,0.0010789752705022693,8.952132475315011e-07,0.0013396593276411295,0.9975804090499878
2194,3,3,9.231727017322555e-05,3.4606491006172746e-09,0.009325402788817883,0.9905822277069092
2195,0,0,0.9949801564216614,0.000733121414668858,0.0014162781881168485,0.0028704439755529165
2196,3,3,0.04543803259730339,8.621693268651143e-06,0.0040295482613146305,0.9505237936973572
2197,3,3,2.3090971808414906e-05,1.3430448007056839e-06,0.00018113951955456287,0.9997944235801697
2198,2,2,0.14940723776817322,0.02988814376294613,0.6028395891189575,0.21786507964134216
2199,3,3,1.3343280443223193e-05,4.5821044181160175e-10,1.765684828569647e-06,0.999984860420227
2200,3,3,0.000909987895283848,2.7510272047948092e-05,0.2991129159927368,0.6999495625495911
2201,1,1,0.00047868851106613874,0.9995187520980835,5.254203756521747e-07,1.9731105567188933e-06
2202,3,3,2.9251651767481235e-07,9.041771775741836e-10,0.001676882733590901,0.9983227849006653
2203,0,0,0.9998589754104614,4.777161421998244e-08,2.9623315640492365e-06,0.00013793275866191834
2204,2,2,1.841054029227962e-07,1.198621757403373e-09,0.9999978542327881,1.9353446987224743e-06
2205,0,0,0.7937167882919312,1.3759442474281514e-08,0.20627707242965698,6.156323706818512e-06
2206,2,2,0.0007437146850861609,1.069318159352406e-06,0.9991878867149353,6.729541200911626e-05
2207,2,3,1.1200645531062037e-05,3.979279483701248e-07,0.0067567224614322186,0.9932317733764648
2208,3,3,0.0011040369281545281,3.2083087262435583e-06,0.020218733698129654,0.978674054145813
2209,3,3,0.0010891039855778217,1.3774969431779027e-07,0.017117392271757126,0.9817934036254883
2210,3,3,2.2858690499560907e-05,6.199255864203224e-08,0.4183415174484253,0.581635594367981
2211,3,3,7.190845252580402e-08,1.5102312456161116e-10,0.0006460899021476507,0.99935382604599
2212,2,2,2.5189690859406255e-05,6.145172051219561e-07,0.9882076382637024,0.011766544543206692
2213,2,2,0.002030796604231,5.966933531453833e-05,0.9975491166114807,0.00036042366991750896
2214,2,2,0.0001693071098998189,5.753159348387271e-05,0.9973082542419434,0.002464915160089731
2215,0,0,0.8787362575531006,0.0016969522694125772,0.08456570655107498,0.03500105440616608
2216,1,1,0.0008567521581426263,0.9991338849067688,3.252948545195977e-06,6.036694230715511e-06
2217,3,3,1.5549328509223415e-06,2.356818074034095e-10,0.0009643595549277961,0.99903404712677
2218,0,0,0.9991552829742432,2.0706755776700447e-07,1.2002853509329725e-05,0.0008325058734044433
2219,0,3,0.0037959543988108635,1.1719449588554198e-07,7.785075467836577e-06,0.9961961507797241
2220,1,1,2.0158126062597148e-05,0.9998644590377808,0.0001139385494752787,1.4685789437862695e-06
2221,1,1,0.219792440533638,0.779649019241333,7.243739673867822e-05,0.00048605393385514617
2222,3,3,0.004072483163326979,5.677554213434632e-07,0.03193565830588341,0.9639912843704224
2223,3,3,4.341615749581251e-06,1.5476788348678383e-06,0.0062863584607839584,0.9937077760696411
2224,0,0,0.6089240908622742,0.002348823007196188,0.12862949073314667,0.2600975036621094
2225,3,3,3.1316274089476792e-06,7.798313994555883e-09,0.10243666917085648,0.897560179233551
2226,0,0,0.9972583055496216,2.633431961385213e-07,0.002664764178916812,7.669453043490648e-05
2227,2,2,0.00010667163587640971,2.3850283469073474e-05,0.9715861678123474,0.02828330546617508
2228,0,0,0.999874472618103,6.057809400772385e-07,5.8330166211817414e-05,6.66734849801287e-05
2229,1,1,0.0012952304678037763,0.9966903924942017,0.0016662054695189,0.00034807424526661634
2230,1,1,3.989204078180819e-09,0.9999998807907104,4.87292339812484e-08,1.2581639907693898e-07
2231,0,0,0.9402199983596802,0.006131688132882118,0.03643619269132614,0.017212150618433952
2232,2,2,0.02283141016960144,2.7457168471300974e-05,0.8992717266082764,0.07786944508552551
2233,2,2,0.003090725978836417,9.891297850117553e-06,0.8716093301773071,0.12529003620147705
2234,2,3,0.41378143429756165,0.00033992662793025374,0.013048633001744747,0.5728300213813782
2235,1,0,0.401763379573822,0.1165289431810379,0.36515623331069946,0.11655142903327942
2236,0,3,0.24837832152843475,0.000977201503701508,0.19496601819992065,0.5556784272193909
2237,0,0,0.9994014501571655,0.00025116727920249104,4.265765255695442e-06,0.00034304236760362983
2238,2,2,6.522396142827347e-05,0.00012198032345622778,0.9996731281280518,0.00013972593296784908
2239,1,1,2.1488071979547385e-06,0.9999947547912598,2.0659065285144607e-06,1.0735806199591025e-06
2240,1,1,3.9689275581622496e-05,0.9999585151672363,1.1736038914023084e-06,6.517018960039422e-07
2241,0,0,0.9992364645004272,2.6997693566954695e-05,1.1170161087648012e-05,0.0007254082593135536
2242,0,0,0.9994327425956726,6.667454726994038e-05,0.00014233170077204704,0.00035815301816910505
2243,1,1,0.00018504245963413268,0.9998137354850769,6.802281973250501e-07,5.633248747471953e-07
2244,1,1,0.168127179145813,0.7720289826393127,0.01732105389237404,0.04252288490533829
2245,3,3,0.006293829530477524,1.544821543575381e-06,0.02977023646235466,0.9639344811439514
2246,0,0,0.9954995512962341,0.0005362721858546138,0.002133854664862156,0.0018302487442269921
2247,0,2,0.19948628544807434,2.9678658393095247e-06,0.7783874869346619,0.022123213857412338
2248,3,3,0.003432657802477479,0.00164276163559407,0.07033511251211166,0.9245894551277161
2249,0,0,0.9999978542327881,5.679954728776693e-09,2.9416281677185907e-07,1.895381387839734e-06
2250,1,1,0.009640770964324474,0.9895455241203308,0.0002845022827386856,0.0005291515262797475
2251,3,3,0.0019246877636760473,7.801235142324003e-07,0.02973046712577343,0.9683440923690796
2252,3,3,2.3548857086552744e-07,4.76439061813938e-11,2.1818654204253107e-05,0.9999779462814331
2253,2,3,0.006451150868088007,9.149197285296395e-05,0.38241103291511536,0.6110463738441467
2254,0,0,0.9999947547912598,2.5676005765973287e-09,3.2844016004673904e-06,1.8933196770376526e-06
2255,3,0,0.9123364686965942,0.000361402373528108,0.050554074347019196,0.03674803674221039
2256,3,3,2.4087394194793887e-05,5.346241138681762e-08,0.3338090777397156,0.6661667823791504
2257,2,2,0.0581059455871582,0.0013663435820490122,0.9181385636329651,0.022389117628335953
2258,2,2,0.00015212838479783386,0.00014692923286929727,0.91398686170578,0.08571413904428482
2259,2,2,1.268404503207421e-06,4.1618100632412336e-10,0.9999984502792358,2.5944427761714906e-07
2260,2,2,0.0001454064331483096,2.7172284262633184e-06,0.9589282870292664,0.0409235879778862
2261,1,1,0.0020413401070982218,0.9979538917541504,1.5385297729153535e-06,3.2003815704229055e-06
2262,3,3,0.0009373057982884347,0.0001200594924739562,0.005011666566133499,0.9939310550689697
2263,2,2,1.1666043064906262e-05,1.9477552015700894e-08,0.9992128610610962,0.0007754070684313774
2264,1,1,0.022089509293437004,0.9197818040847778,0.05802283063530922,0.00010576803470030427
2265,1,1,0.009145179763436317,0.9825111031532288,0.007765548769384623,0.0005781177897006273
2266,3,3,0.0007291088695637882,9.877296179183759e-06,0.002281786873936653,0.9969792366027832
2267,1,1,0.019340703263878822,0.7875927090644836,0.010372020304203033,0.18269459903240204
2268,1,1,1.500227142514632e-08,1.0,3.412832082910766e-12,4.172162962334802e-11
2269,3,3,1.9560107830329798e-05,1.904501445437745e-09,0.046775490045547485,0.9532049894332886
2270,3,3,2.7694386517396197e-05,4.238681405865918e-09,0.0010104115353897214,0.9989619255065918
2271,0,0,0.9993860721588135,1.809979437439324e-07,5.550058631342836e-05,0.0005581991863436997
2272,3,3,5.7978748913001255e-08,3.1425667401663304e-08,5.7520406699040905e-05,0.999942421913147
2273,0,0,0.9999995231628418,2.5462134090048494e-07,1.5653775164992112e-08,1.678771610613694e-07
2274,3,3,6.373698397510452e-06,4.96260135207649e-08,8.739786426303908e-05,0.9999061822891235
2275,2,2,0.00481702946126461,1.2351235589846965e-09,0.9948156476020813,0.00036722802906297147
2276,0,0,0.9996767044067383,1.0294962748957914e-06,2.6381647330708802e-05,0.00029597754473797977
2277,1,1,0.0031394348479807377,0.9955291152000427,9.253951429855078e-05,0.0012388949980959296
2278,2,2,6.479561989181093e-07,2.680239537256046e-11,0.9999994039535522,2.176389202190876e-08
2279,2,2,3.723953341250308e-05,2.3220178263727576e-05,0.999636173248291,0.00030327841523103416
2280,0,0,0.9999971389770508,7.153583503338723e-09,8.796818633527437e-07,2.0619570477720117e-06
2281,2,2,0.2325853407382965,5.217679799329744e-08,0.46823808550834656,0.29917651414871216
2282,3,3,3.6028120575792855e-06,4.0367165610177835e-08,0.0003316781367175281,0.9996647834777832
2283,3,2,0.014326171949505806,0.00039936162647791207,0.6655761003494263,0.31969842314720154
2284,0,0,0.9721766710281372,0.0016366303898394108,0.021820055320858955,0.004366754088550806
2285,3,3,0.0026454399339854717,5.650101684295805e-06,0.1456310898065567,0.8517178297042847
2286,3,3,1.4801239558437373e-06,1.0533790506528362e-09,0.00873578991740942,0.991262674331665
2287,3,3,3.7972753489157185e-05,1.0894975730479928e-06,0.00909461174160242,0.9908663630485535
2288,0,0,0.9997963309288025,9.582909399341588e-08,1.336697368969908e-05,0.00019023456843569875
2289,3,3,6.584591028513387e-05,8.810139320303279e-07,0.0012469104258343577,0.9986863732337952
2290,0,0,0.9768863320350647,0.0028379331342875957,0.0119990399107337,0.008276696316897869
2291,3,3,2.6880070436163805e-05,1.0289658014528413e-08,2.4976348868221976e-05,0.9999481439590454
2292,3,2,0.00038735682028345764,6.988399263718748e-07,0.5936710834503174,0.4059409201145172
2293,3,3,5.6645087170181796e-05,1.2248605685272196e-07,2.0981449324608548e-06,0.9999411106109619
2294,3,3,7.39459892429295e-07,2.4146139948610923e-11,1.815826493611894e-07,0.9999990463256836
2295,1,1,0.001950060948729515,0.9883441925048828,0.00010054182348540053,0.009605124592781067
2296,2,3,0.00174156972207129,0.005525644868612289,0.42341145873069763,0.56932133436203
2297,1,1,6.038767969585024e-05,0.9999074935913086,2.464472891006153e-05,7.52198957343353e-06
2298,2,3,0.08798178285360336,0.1356445699930191,0.2667192816734314,0.5096544027328491
2299,2,2,0.023225858807563782,1.0240761127988662e-07,0.9672020077705383,0.009572072885930538
2300,0,0,0.7611379027366638,0.0058672865852713585,0.0015537106664851308,0.23144105076789856
2301,1,1,0.09649748355150223,0.9012929797172546,0.0011821408988907933,0.0010273464722558856
2302,1,1,1.810369440136128e-06,0.999997615814209,2.092369726369725e-07,3.5499490991242055e-07
2303,0,0,0.9890772104263306,0.0006386232562363148,0.0069768126122653484,0.003307333216071129
2304,1,1,0.0002209038066212088,0.9997602105140686,1.7515329091111198e-05,1.4690589296151302e-06
2305,1,1,0.009051558561623096,0.9908230304718018,9.215118188876659e-05,3.335616929689422e-05
2306,0,2,0.041061870753765106,1.2165056659796392e-06,0.9584236741065979,0.0005133002996444702
2307,2,2,0.011064045131206512,3.261154972733493e-07,0.9883495569229126,0.0005861017270945013
2308,2,2,1.8391110643278807e-05,7.0549823760757135e-09,0.9999594688415527,2.2133408492663875e-05
2309,0,0,0.9672398567199707,3.159328798574279e-07,0.032451290637254715,0.0003086394863203168
2310,2,2,0.010592564940452576,0.000288480514427647,0.9576697945594788,0.03144926577806473
2311,2,2,0.0022686461452394724,4.722698577097617e-05,0.9953658580780029,0.0023182600270956755
2312,2,2,5.237368168309331e-05,3.7415522911032895e-06,0.9988446235656738,0.001099253073334694
2313,2,2,1.8198143152403645e-05,5.078254616819322e-06,0.9996331930160522,0.000343471736414358
2314,2,2,0.008476225659251213,0.00041908249841071665,0.9893513321876526,0.001753387856297195
2315,1,1,1.8174910110246856e-06,0.999990701675415,2.6544736897449184e-07,7.245607321237912e-06
2316,3,3,0.002292475663125515,8.475687536702026e-06,0.014228679239749908,0.9834703803062439
2317,2,0,0.6797618269920349,0.010709555819630623,0.29823899269104004,0.011289644986391068
2318,2,2,0.007222250569611788,4.162905679550022e-05,0.9909182786941528,0.0018177821766585112
2319,2,2,0.0017714841524139047,3.531448328430997e-06,0.9980877041816711,0.00013718863192480057
2320,1,1,5.186123416933697e-06,0.9999724626541138,4.789939339389093e-06,1.749302100506611e-05
2321,2,2,0.02598526142537594,6.305763690761523e-06,0.9330009818077087,0.04100748524069786
2322,2,2,0.0014424740802496672,2.3403192273008244e-08,0.9951871037483215,0.00337040051817894
2323,3,3,0.0012703432003036141,1.5388064639410004e-05,0.04234085977077484,0.9563733339309692
2324,0,0,0.9987490177154541,1.4585356922225401e-08,0.0012468097265809774,4.180566520517459e-06
2325,0,0,0.9999983310699463,9.484171670237629e-08,2.734142583449284e-07,1.2961946822542814e-06
2326,1,1,0.006808280944824219,0.9931899905204773,6.593438683921704e-07,1.0934249985439237e-06
2327,1,1,0.008165004663169384,0.9773759841918945,0.008178778924047947,0.006280262488871813
2328,1,1,2.4427833089646356e-09,1.0,1.1142288480758822e-10,7.356000808478314e-10
2329,1,1,0.007878306321799755,0.9918068647384644,0.00011224963964195922,0.00020261123427189887
2330,1,1,4.696416453953134e-06,0.9999793767929077,5.97520147493924e-06,9.852674338617362e-06
2331,2,2,0.004278132226318121,7.534611995652085e-06,0.9953503608703613,0.0003640015493147075
2332,2,2,7.825327338650823e-05,5.158510134606331e-07,0.9998767375946045,4.4399057514965534e-05
2333,2,3,4.774192348122597e-06,1.7452745845747408e-11,5.218748265178874e-05,0.9999430179595947
2334,1,1,0.004646408371627331,0.9952495098114014,2.7068999770563096e-05,7.696326065342873e-05
2335,3,3,0.010511694476008415,1.2001961295027286e-05,0.01665646582841873,0.9728198647499084
2336,3,3,0.0028387517668306828,6.429718632716686e-05,0.01303234975785017,0.9840646386146545
2337,1,1,7.870600529713556e-05,0.9998863935470581,3.3012317999236984e-06,3.164475128869526e-05
2338,2,2,3.973051207140088e-05,0.001583837904036045,0.9955745935440063,0.0028018406592309475
2339,0,0,0.9961671233177185,1.1818622169812443e-06,0.0022224364802241325,0.0016091740690171719
2340,0,0,0.9999589920043945,8.024046982413324e-10,1.0911747267527971e-05,3.0015276934136637e-05
2341,1,1,7.585855200886726e-05,0.999923586845398,4.7020319016155554e-07,9.640230302920827e-08
2342,2,2,3.185605601174757e-05,4.7645069571444765e-05,0.9997933506965637,0.00012723758118227124
2343,2,3,8.004075061762705e-05,1.0213003406533971e-05,0.33087238669395447,0.6690373420715332
2344,2,2,1.5717814676463604e-05,3.495750206639059e-05,0.999893069267273,5.617943679681048e-05
2345,3,3,4.48347236670088e-06,1.577255215323703e-09,2.951854003185872e-05,0.999966025352478
2346,1,1,0.0050597707740962505,0.9948402047157288,2.2942787836655043e-05,7.708473276579753e-05
2347,0,0,0.9999996423721313,2.7793220849781086e-11,5.713727802003632e-08,3.167726276842586e-07
2348,3,3,0.00039774380275048316,2.79227197097498e-06,0.02786240167915821,0.9717370867729187
2349,0,0,0.8917579054832458,0.01695757545530796,0.064219631254673,0.027064798399806023
2350,3,3,6.444478640332818e-05,2.9186514893808635e-07,0.08510404080152512,0.9148312211036682
2351,2,2,1.6112234391130187e-07,1.8308750349138592e-10,0.9999998807907104,3.640883861066868e-08
2352,2,2,4.323597977418103e-07,4.0305841997323455e-10,0.9999992847442627,2.7672109581544646e-07
2353,3,3,2.1714242848247522e-06,2.8894216796970795e-08,3.120154360658489e-06,0.9999947547912598
2354,2,2,9.021291043609381e-05,0.00015341752441599965,0.9930616021156311,0.006694767624139786
2355,3,0,0.47067147493362427,0.434536874294281,5.060336479800753e-05,0.09474104642868042
2356,2,2,0.0006623133085668087,2.9435345823003445e-06,0.9963051080703735,0.0030297506600618362
2357,1,1,0.07757455855607986,0.8909911513328552,0.025626331567764282,0.0058079310692846775
2358,3,3,8.121072028188792e-07,5.331432628707944e-09,5.712334996132995e-07,0.9999985694885254
2359,2,2,0.019239580258727074,1.2901495210826397e-05,0.9747206568717957,0.006026826798915863
2360,0,0,1.0,7.992047128257962e-12,7.391721262850481e-11,2.3316950148455362e-08
2361,0,0,0.9986035227775574,2.48471656050242e-06,0.001292227185331285,0.00010178486263612285
2362,1,1,0.000112093475763686,0.9998613595962524,2.585299989732448e-05,7.165140232245903e-07
2363,2,2,0.00037131799035705626,1.6634036001050845e-05,0.9995052814483643,0.00010680271225282922
2364,3,3,1.0525299330765847e-05,4.150101928779293e-10,0.0005727089592255652,0.9994168281555176
2365,0,0,0.9996641874313354,1.2077215387762408e-06,9.526079520583153e-05,0.00023939221864566207
2366,0,0,0.9999992847442627,7.603123464150485e-09,7.518533351458245e-08,6.332396651487215e-07
2367,2,2,6.720763394696405e-07,8.3537734951733e-08,0.9999966621398926,2.571400500528398e-06
2368,0,0,0.9999080896377563,3.256003310525557e-06,6.319699537016277e-07,8.809812425170094e-05
2369,0,0,0.9993078708648682,3.920122708223062e-06,0.0005992124788463116,8.902108675101772e-05
2370,0,0,0.9999796152114868,5.5355634742682014e-08,1.8432445358484983e-05,1.7983262523557642e-06
2371,1,1,8.623346366221085e-05,0.9998337030410767,7.15861824573949e-05,8.46199782245094e-06
2372,0,0,0.9999653100967407,3.306973042072059e-07,6.819934242230374e-06,2.7621708795777522e-05
2373,2,2,0.011353438720107079,4.6849309001117945e-05,0.9885025024414062,9.721492097014561e-05
2374,3,3,0.0002258506865473464,1.1999048865618533e-06,0.04120635241270065,0.9585664868354797
2375,1,1,0.001357539906166494,0.9986183643341064,1.2770262401318178e-05,1.134255035140086e-05
2376,2,2,0.0023318789899349213,6.409708294086158e-05,0.9682904481887817,0.029313575476408005
2377,2,2,8.212171087507159e-05,0.0016419549938291311,0.9947509169578552,0.003524988191202283
2378,0,0,0.9999446868896484,1.5081713655717977e-08,2.4844581275829114e-05,3.0507495466736145e-05
2379,3,3,0.0073278313502669334,0.005762188229709864,0.12200607359409332,0.8649039268493652
2380,3,3,0.007963829673826694,0.0002272625861223787,0.03162507340312004,0.96018385887146
2381,3,3,0.0002633138792589307,3.0162997063598596e-05,0.00015960454766172916,0.9995469450950623
2382,3,3,2.347321787965484e-05,8.281429586531885e-08,0.007159927859902382,0.9928164482116699
2383,1,1,3.5518271488399478e-06,0.9999948740005493,1.4246948012441862e-06,6.370386529397365e-08
2384,3,2,0.002379312179982662,0.0006782348500564694,0.8265926241874695,0.17034989595413208
2385,2,2,3.200643914169632e-05,7.516091926618174e-08,0.9999338388442993,3.4068041713908315e-05
2386,0,0,0.90177321434021,0.0005237862933427095,0.08358001708984375,0.014123106375336647
2387,3,3,0.0005712239071726799,2.174684777855873e-05,0.007932327687740326,0.9914747476577759
2388,1,1,0.1780996024608612,0.7794339060783386,0.0011898163938894868,0.04127673804759979
2389,1,1,1.777521333679033e-06,0.999995231628418,2.0623010641429573e-06,8.970653766482428e-07
2390,1,1,0.011387262493371964,0.9865828156471252,0.000605467997957021,0.0014245036290958524
2391,2,2,9.275249794882257e-06,2.160025900366236e-07,0.9999402761459351,5.014922498958185e-05
2392,0,0,0.794734537601471,0.0050970143638551235,0.1783149242401123,0.021853474900126457
2393,1,1,0.0009438894339837134,0.9990108013153076,4.004043876193464e-05,5.207798039918998e-06
2394,2,2,0.002960236743092537,1.8524378901929595e-06,0.9970155954360962,2.2223648556973785e-05
2395,2,2,0.00011818017810583115,1.7407353425369365e-07,0.9996142387390137,0.0002672925766091794
2396,2,2,0.0018107227515429258,1.2489374512369977e-06,0.9960961937904358,0.002091857371851802
2397,3,0,0.7291252613067627,0.007535862736403942,0.01934760808944702,0.24399124085903168
2398,0,0,0.9999998807907104,6.333841184869016e-08,2.7739608388088755e-09,3.2576220831970204e-08
2399,0,0,0.9369762539863586,0.00011914912465726957,0.05540934577584267,0.007495169993489981
2400,0,3,0.11098073422908783,0.0012499153381213546,0.28696832060813904,0.6008010506629944
2401,2,2,0.00023781260824762285,1.4605124306399375e-05,0.9994756579399109,0.0002719904878176749
2402,1,1,7.24486744729802e-06,0.9999897480010986,2.6665752557164524e-06,3.8488192899421847e-07
2403,1,1,0.00269611575640738,0.9914782643318176,0.004871515091508627,0.0009539987077005208
2404,1,1,0.00035703828325495124,0.9996408224105835,9.088014962799207e-07,1.2286119499549386e-06
2405,2,2,0.0030161174945533276,0.0009751449688337743,0.8815349340438843,0.11447379738092422
2406,0,0,0.9964591860771179,0.00011355310562066734,0.003201909363269806,0.0002254025894217193
2407,2,2,0.012146692723035812,1.911919935082551e-05,0.9870959520339966,0.0007381527102552354
2408,3,3,0.0008755852468311787,8.194454494514503e-06,0.018964432179927826,0.9801518321037292
2409,1,1,0.23121528327465057,0.434509813785553,0.07936587929725647,0.254908949136734
2410,0,0,0.9993528723716736,1.2535946325442637e-06,0.0001969867298612371,0.0004488584818318486
2411,1,1,1.1988672667939682e-05,0.9999803304672241,4.927391273668036e-06,2.736523356361431e-06
2412,3,3,8.945162335294299e-06,0.00024383269192185253,0.0021736882627010345,0.9975735545158386
2413,2,2,5.756733662565239e-05,2.1194225041654136e-07,0.9996461868286133,0.00029605970485135913
2414,3,3,0.0045511857606470585,4.694310518971179e-06,3.709579914357164e-06,0.9954403638839722
2415,3,3,1.5590394468745217e-06,3.144833504720168e-09,0.0004692678339779377,0.999529242515564
2416,1,1,0.13940536975860596,0.8474099636077881,0.0009176445892080665,0.012266912497580051
2417,3,0,0.9535704851150513,8.589903700340074e-06,0.012693644501268864,0.033727239817380905
2418,0,0,0.9999998807907104,9.708236436978268e-10,1.267498017654134e-08,6.315661948974594e-08
2419,3,3,0.0002370186266489327,1.859105935864136e-07,0.000819550477899611,0.9989431500434875
2420,2,2,0.0002889628813136369,3.482640295260353e-06,0.9982073307037354,0.0015002890722826123
2421,2,2,0.4147445261478424,0.000337958219461143,0.558120846748352,0.026796646416187286
2422,3,3,0.25127434730529785,2.352031458485726e-07,0.017258936539292336,0.7314664721488953
2423,3,3,0.14138558506965637,7.2187835939985234e-06,0.0008167139603756368,0.8577904105186462
2424,2,2,5.144802344148047e-06,1.2111802671910255e-09,0.968086838722229,0.031907983124256134
2425,2,2,5.0463400839362293e-05,4.876787897956092e-06,0.9983629584312439,0.0015816927189007401
2426,0,0,0.9999933242797852,2.60604707591483e-07,5.16113232151838e-06,1.30711941892514e-06
2427,2,2,0.10589925199747086,4.608866220223717e-06,0.8931757211685181,0.0009204218513332307
2428,3,3,0.17375750839710236,0.00018291435844730586,0.0083535797894001,0.8177059888839722
2429,0,0,0.9999912977218628,3.5251235885880305e-07,8.885380680112576e-07,7.505529083573492e-06
2430,2,2,0.0006045570480637252,3.716761227678944e-07,0.9991044402122498,0.0002905858855228871
2431,2,2,0.005977727938443422,4.7892331167531665e-06,0.9929084777832031,0.0011090084444731474
2432,3,3,2.4983535695355386e-05,3.5190453218092443e-07,0.0002786021213978529,0.9996961355209351
2433,1,1,4.718466470876592e-07,0.9999995231628418,3.274115556450852e-08,4.737810588295588e-09
2434,3,3,0.00012199173215776682,1.8271224462296232e-06,0.00018487604393158108,0.999691367149353
2435,3,2,0.0006186206010170281,9.442965520634061e-09,0.7248824834823608,0.27449890971183777
2436,3,3,9.175098057312425e-06,2.7812085967582334e-10,0.0019243820570409298,0.9980664849281311
2437,3,3,5.779803657901539e-08,1.744510869094995e-09,0.001789058675058186,0.9982109069824219
2438,3,0,0.9143284559249878,4.4235286623006687e-05,0.03370893746614456,0.051918357610702515
2439,2,2,0.0006236532353796065,0.0026509445160627365,0.996266782283783,0.0004586263094097376
2440,2,2,5.980942319183669e-07,5.7962225241681153e-08,0.9997757077217102,0.0002236534346593544
2441,3,3,8.326960596605204e-07,9.707607517839278e-08,0.00019642466213554144,0.9998026490211487
2442,1,0,0.8987616300582886,0.06729723513126373,0.027865100651979446,0.006076076067984104
2443,0,2,0.2750857174396515,1.0052794152670685e-07,0.6537945866584778,0.07111964374780655
2444,2,0,0.7830357551574707,5.126993710291572e-05,0.2166234701871872,0.0002895232173614204
2445,2,2,0.00010349851072533056,1.7688827256279183e-06,0.9998879432678223,6.764433692296734e-06
2446,3,0,0.8642136454582214,0.00019071255519520491,0.00879607442766428,0.12679962813854218
2447,3,3,4.0492786865797825e-06,8.218453331210185e-07,0.0009565384243614972,0.999038577079773
2448,2,2,0.07382050901651382,6.079493687138893e-06,0.8755653500556946,0.05060800537467003
2449,0,2,0.12866705656051636,1.0980250664260893e-07,0.8127224445343018,0.058610424399375916
2450,2,2,2.3684920961386524e-05,3.419811719140853e-06,0.9909195899963379,0.009053285233676434
2451,2,2,0.00011688764061545953,3.056993227801286e-05,0.915664553642273,0.08418795466423035
2452,3,3,0.018223248422145844,0.030378974974155426,0.016418036073446274,0.9349796772003174
2453,1,1,2.5765890313778073e-05,0.9999738931655884,2.2106513597464073e-07,6.381270623023738e-08
2454,1,1,2.2291189907264197e-06,0.999997615814209,4.3123058901528566e-08,1.3809911081352766e-07
2455,1,3,0.0424220971763134,0.27944573760032654,0.04030115157365799,0.6378310322761536
2456,1,1,0.00019291500211693347,0.9997720122337341,1.870874439191539e-05,1.6342975868610665e-05
2457,3,3,0.008512281812727451,0.0023147277534008026,0.23240014910697937,0.7567728757858276
2458,2,0,0.48263487219810486,0.0920877531170845,0.41755834221839905,0.007719017099589109
2459,1,1,0.00024356537323910743,0.9996447563171387,6.039207801222801e-05,5.122140282765031e-05
2460,0,0,0.9091426134109497,0.0024694667663425207,0.06664202362298965,0.02174588292837143
2461,0,0,0.9369166493415833,0.0001305464975303039,0.0034678876399993896,0.05948496609926224
2462,2,0,0.6915834546089172,8.356994658242911e-05,0.30614063143730164,0.0021923587191849947
2463,0,0,1.0,1.563314061536758e-11,9.147513302387722e-11,2.731981307846354e-09
2464,1,1,0.22614149749279022,0.7152116894721985,0.02934378944337368,0.02930305153131485
2465,1,1,4.352474718416488e-07,0.9999992847442627,2.656033473158459e-07,2.858757008894486e-09
2466,2,2,0.0009209284326061606,5.7274191931355745e-06,0.9984897375106812,0.000583531626034528
2467,1,1,0.0002745079400483519,0.9987654685974121,0.000936597993131727,2.341429171792697e-05
2468,0,1,0.06621095538139343,0.9316756129264832,0.0016562116798013449,0.00045720470370724797
2469,2,2,0.0013946089893579483,6.400249930038626e-08,0.9985711574554443,3.411987563595176e-05
2470,2,2,6.719587690895423e-05,1.6026515368139371e-06,0.9999170303344727,1.4144153283268679e-05
2471,1,1,3.0427895580942277e-07,0.9999996423721313,9.308888729298026e-12,1.098845459068798e-09
2472,1,1,0.0006904733018018305,0.9990736246109009,0.000234021688811481,1.922016053867992e-06
2473,1,1,1.704821079329122e-05,0.9998170733451843,2.0411238438100554e-05,0.00014556132373400033
2474,2,2,0.13507363200187683,1.5769669516885187e-06,0.8645130395889282,0.00041169903124682605
2475,1,1,5.528335123017314e-07,0.9999960660934448,3.3423027616663603e-06,5.8765678545569244e-08
2476,0,0,0.996891438961029,7.190796168288216e-05,0.0024556932039558887,0.0005809333524666727
2477,1,1,0.0016638338565826416,0.9981319308280945,0.00014350184937939048,6.075432975194417e-05
2478,1,1,2.3458630948880455e-07,0.9999996423721313,8.918900817889153e-08,1.4204157849917465e-08
2479,2,2,0.0026687257923185825,1.1529608855198603e-05,0.9972695708274841,5.0198585086036474e-05
2480,1,1,1.4053365475774626e-06,0.9999983310699463,1.6652089485091892e-08,2.9485363484127447e-07
2481,2,2,0.000211068254429847,5.836656713498201e-10,0.9997857213020325,3.2370414828619687e-06
2482,0,0,1.0,1.2696782292209718e-08,3.443759943877467e-09,8.998062739351553e-09
2483,3,3,2.035454144788673e-06,1.6847964134925064e-09,8.507930033374578e-06,0.9999895095825195
2484,1,1,0.006658773869276047,0.993309497833252,2.6064150006277487e-05,5.730193151975982e-06
2485,1,1,8.448999011534397e-08,0.9999997615814209,3.662593783815282e-08,8.221273617436964e-08
2486,0,0,0.9999945163726807,1.4670939130212446e-08,2.9361351607803954e-06,2.5172219011437846e-06
2487,0,0,0.9978626370429993,0.00010553560423431918,0.0019096855539828539,0.0001221712736878544
2488,2,2,0.019625335931777954,6.379453407134861e-05,0.9594246745109558,0.020886104553937912
2489,2,2,0.022793756797909737,5.521902153304836e-07,0.9472135901451111,0.029992086812853813
2490,1,1,2.389752751241758e-07,0.999997615814209,2.1572088826360414e-06,3.276700466514626e-09
2491,0,3,0.015659432858228683,1.2104634379284107e-06,0.022372042760252953,0.9619672894477844
2492,1,1,0.0019161677919328213,0.9979599714279175,7.774744153721258e-05,4.613280907506123e-05
2493,1,1,3.877422614095849e-07,0.9999991655349731,3.5397485476096335e-07,1.0263726579751165e-07
2494,1,1,2.774341010081116e-05,0.9999690055847168,2.3424795472237747e-06,9.71788040260435e-07
2495,1,1,1.4727548602877505e-07,0.9999998807907104,2.818810518334658e-09,4.7350203757901e-09
2496,1,3,0.04173547774553299,0.28055205941200256,0.22836971282958984,0.4493426978588104
2497,2,2,5.350178253138438e-05,7.260659185703844e-05,0.999496340751648,0.0003775046207010746
2498,0,0,0.9837887287139893,0.002313814591616392,0.002914592856541276,0.01098288781940937
2499,1,1,0.3600127398967743,0.6378908157348633,0.001469095004722476,0.0006273621693253517
2500,2,2,0.022630276158452034,0.00011216492566745728,0.9534423351287842,0.023815222084522247
2501,2,2,1.5080092907737708e-06,1.6502838207088644e-07,0.9982630610466003,0.0017352504655718803
2502,1,2,0.0016916695749387145,0.4433984160423279,0.5541632175445557,0.000746623205486685
2503,1,1,4.218992398818955e-05,0.9997051358222961,0.0002523142902646214,3.555048806447303e-07
2504,0,0,0.9999830722808838,6.525849585159449e-07,6.914129698998295e-06,9.370004590891767e-06
2505,1,1,7.803274456819054e-06,0.9999476671218872,1.6927691831369884e-05,2.7709978894563392e-05
2506,0,0,0.9367273449897766,0.03533018380403519,0.0233923252671957,0.004550065845251083
2507,0,0,0.9998849630355835,1.4828844996372936e-07,6.275412306422368e-05,5.212824544287287e-05
2508,3,3,0.0001020056297420524,6.097115035075262e-10,0.0008154110400937498,0.9990825653076172
2509,1,1,0.0011193804675713181,0.9984097480773926,0.00043080217437818646,4.000158151029609e-05
2510,1,1,7.180332613643259e-05,0.9990414977073669,0.00021757277136202902,0.0006691022426821291
2511,1,1,0.000952747359406203,0.9989659786224365,3.621706355261267e-06,7.767009810777381e-05
2512,0,0,0.9999339580535889,1.7257331137443543e-06,1.1311554771964438e-05,5.3015912271803245e-05
2513,0,0,0.9999654293060303,9.050454607972824e-09,3.409840792301111e-05,4.2290466240046953e-07
2514,0,0,0.9997181296348572,1.0477273271192189e-08,6.3236025198420975e-06,0.0002755559980869293
2515,1,1,2.801119080686476e-05,0.9998453855514526,4.5941655116621405e-05,8.06848838692531e-05
2516,1,1,6.0782716900575906e-05,0.9999371767044067,1.4414714541999274e-06,5.800678763989708e-07
2517,1,1,4.706757863459643e-06,0.9999873638153076,1.902413373500167e-06,6.107033186708577e-06
2518,1,1,9.737321670399979e-05,0.9997482895851135,0.00013585556007456034,1.8433227523928508e-05
2519,0,0,0.9615439176559448,0.002907099202275276,0.01758977212011814,0.017959212884306908
2520,3,3,1.1955326954193879e-05,1.543309124940606e-08,0.002963134553283453,0.9970249533653259
2521,3,3,0.4666619896888733,5.2381154091563076e-05,0.002735152840614319,0.530550479888916
2522,3,3,7.6995743114594e-09,5.679685020909542e-12,2.2920951323612826e-06,0.9999977350234985
2523,1,1,0.0019417302682995796,0.997962236404419,7.247793837450445e-05,2.358443998673465e-05
2524,0,0,0.9999651908874512,1.9945545215449556e-09,6.263190925892559e-07,3.416600884520449e-05
2525,0,0,0.9953125715255737,0.0008528680773451924,0.002917855978012085,0.0009166346280835569
2526,1,1,5.174975285626715e-06,0.9999891519546509,1.3314717079992988e-06,4.295568487577839e-06
2527,0,0,0.999995231628418,1.2887974021325022e-10,4.614780664269347e-06,8.755301195151333e-08
2528,0,0,0.9998569488525391,9.235578545485623e-06,3.9074348023859784e-05,9.466120536671951e-05
2529,1,1,1.8558217561803758e-05,0.9999781847000122,1.2076620805601124e-06,2.034875933532021e-06
2530,1,1,0.006353666540235281,0.9779406785964966,0.014485356397926807,0.0012202890357002616
2531,0,0,0.9997815489768982,6.087336714699632e-07,0.00018999478197656572,2.7838357709697448e-05
2532,1,1,4.488058766582981e-05,0.9999483823776245,2.9403190637822263e-07,6.465766546170926e-06
2533,3,3,7.872352580307052e-05,5.872989277122542e-06,9.070437226910144e-05,0.9998247027397156
2534,3,3,0.0021412994246929884,4.895633676227362e-09,0.00020019698422402143,0.9976584911346436
2535,2,2,0.01598493382334709,5.451690412883181e-06,0.9830049276351929,0.0010046869283542037
2536,1,1,9.711773607534724e-10,1.0,3.1324075278060803e-11,2.4268405063310183e-09
2537,1,1,3.990242021245649e-06,0.9998779296875,0.00011183116293977946,6.145038241811562e-06
2538,1,1,0.0014961767010390759,0.9975196719169617,0.0009364848374389112,4.771084786625579e-05
2539,0,0,0.974210262298584,7.1718650360708125e-06,0.0015156588051468134,0.02426682971417904
2540,0,0,0.9967511892318726,0.0012791649205610156,0.0012716759229078889,0.0006980688194744289
2541,2,2,0.05390765145421028,2.125706487277057e-06,0.9444856643676758,0.0016045249067246914
2542,3,3,3.590250707929954e-05,4.129506578465225e-06,0.1795622855424881,0.820397675037384
2543,2,2,5.938210847489245e-07,2.3691428818750637e-09,0.9999992847442627,1.2135681970448786e-07
2544,1,1,7.437631066586903e-10,1.0,8.398029494038894e-10,1.4302677930899677e-09
2545,2,3,0.0027632093988358974,0.00015142255870159715,0.4450832009315491,0.5520021915435791
2546,2,1,0.34138303995132446,0.3535618782043457,0.2035490721464157,0.10150600969791412
2547,0,0,0.9999319314956665,1.730042072267679e-06,2.549316741351504e-05,4.086792978341691e-05
2548,0,0,0.9847651720046997,9.783710083866026e-06,0.014865404926240444,0.00035961123649030924
2549,0,0,0.9998160004615784,3.3563285342097515e-06,3.860097876895452e-06,0.00017680352902971208
2550,2,2,1.9836536012007855e-05,1.0744765077674856e-09,0.9999730587005615,7.133529379643733e-06
2551,1,1,5.242669067229144e-05,0.999947190284729,1.27526371684894e-08,3.9316958577728656e-07
2552,1,1,1.699016684142407e-05,0.9999828338623047,8.637488946305893e-09,6.994868329002202e-08
2553,0,0,0.9996101260185242,9.97946426650742e-06,1.6040324908317416e-06,0.00037840873119421303
2554,0,0,0.9949447512626648,7.748598704893084e-07,0.0050082760863006115,4.6220844524214044e-05
2555,3,2,0.00027615210274234414,1.0086142587795166e-08,0.8281838297843933,0.1715400218963623
2556,3,3,0.05616823583841324,3.014469075424131e-05,0.0930427685379982,0.8507588505744934
2557,1,1,0.000839829386677593,0.97966068983078,0.007405078038573265,0.012094477191567421
2558,0,0,0.9999990463256836,7.06047131870946e-09,4.327398173131769e-08,9.974701242754236e-07
2559,0,0,0.9999970197677612,7.910297483704198e-08,1.5559093071715324e-06,1.370741983919288e-06
2560,1,1,5.395461630541831e-05,0.9999346733093262,5.269131634122459e-06,6.085323548177257e-06
2561,0,0,0.9995483756065369,1.5775880456203595e-05,2.13244366022991e-05,0.0004144668346270919
2562,1,1,0.003327815094962716,0.9963234663009644,0.00031801447039470077,3.070602906518616e-05
2563,0,0,0.9333041906356812,3.735304687779717e-07,0.0032735213171690702,0.06342184543609619
2564,0,0,0.999373733997345,0.00012011620856355876,0.0004985146806575358,7.675976121390704e-06
2565,2,2,0.007251344621181488,2.795756699924823e-06,0.9927130341529846,3.279800876043737e-05
2566,2,2,0.28138452768325806,0.019043873995542526,0.6356703042984009,0.06390126794576645
2567,0,0,0.9992741942405701,2.007568400586024e-05,0.0005284979706630111,0.00017718867457006127
2568,1,1,0.00023236664128489792,0.9991660118103027,5.741788481827825e-05,0.0005442022811621428
2569,1,1,0.00010768602805910632,0.9992561936378479,0.00043262276449240744,0.00020349840633571148
2570,1,1,0.000657987198792398,0.9980971217155457,0.0012044941540807486,4.0415314288111404e-05
2571,3,3,4.752199401991675e-06,6.533960004162509e-07,0.0005650873645208776,0.9994295239448547
2572,0,0,0.9994783997535706,0.00035922572715207934,5.323032382875681e-05,0.00010916082101175562
2573,2,2,2.056439916486852e-05,5.942602456343593e-06,0.9999532699584961,2.0209694412187673e-05
2574,2,3,0.00025354616809636354,3.899228977388702e-05,0.005054003559052944,0.9946534633636475
2575,3,3,0.0017492994666099548,6.0674778069369495e-05,0.036110926419496536,0.9620790481567383
2576,3,3,0.005234791897237301,0.014425363391637802,0.03542796149849892,0.9449118375778198
2577,3,2,0.019026029855012894,3.619274139055051e-05,0.9586479067802429,0.02228994108736515
2578,0,3,0.08700310438871384,0.0015218401094898582,0.00838902872055769,0.9030860066413879
2579,1,1,0.0008236148278228939,0.963411271572113,0.03554519638419151,0.0002199884329456836
2580,2,2,0.132492795586586,0.053546253591775894,0.7913857102394104,0.022575246170163155
2581,2,2,0.0035646946635097265,1.4525370488627232e-06,0.9956406354904175,0.0007932077860459685
2582,3,3,0.00041071002488024533,0.00205897050909698,0.001320969662629068,0.9962092638015747
2583,3,3,2.974177277792478e-06,3.632016287724582e-08,0.015357029624283314,0.9846400022506714
2584,1,1,3.6959883686904504e-07,0.9999996423721313,9.002295020543727e-10,7.879937258259417e-10
2585,3,3,2.3494852939620614e-05,2.635273995110765e-05,0.04233092814683914,0.9576191902160645
2586,3,3,0.0022337748669087887,3.284374088252662e-07,0.024479955434799194,0.9732859134674072
2587,0,0,0.9683815240859985,0.03005826845765114,0.0002736771130003035,0.0012864849995821714
2588,2,2,0.000431812833994627,2.0713596882160346e-07,0.9995044469833374,6.351230695145205e-05
2589,3,3,0.00047383055789396167,3.0843868898955407e-06,0.1819976568222046,0.817525327205658
2590,2,2,0.00012842737487517297,1.750750300288928e-07,0.8661155700683594,0.13375578820705414
2591,0,1,0.005918310489505529,0.9940721392631531,7.417286269628676e-06,2.1584792193607427e-06
2592,2,2,5.1190774684073403e-05,0.00014059102977626026,0.9983783960342407,0.001429883181117475
2593,0,0,0.9996663331985474,4.956131670041941e-05,0.00012031420192215592,0.00016375015547964722
2594,2,2,0.028199415653944016,0.00488200644031167,0.7179018259048462,0.24901680648326874
2595,0,0,0.9999972581863403,3.3726507808751194e-08,1.372258338960819e-06,1.2215539300086675e-06
2596,2,2,0.0003324145218357444,0.0004896135651506484,0.7588449120521545,0.24033302068710327
2597,2,2,7.028666732367128e-05,2.348754605918657e-06,0.9990131855010986,0.000914126867428422
2598,3,2,0.0004846405063290149,8.769264240982011e-05,0.8776158690452576,0.12181181460618973
2599,2,2,0.0005148423952050507,8.839285874273628e-05,0.9993610978126526,3.5620672861114144e-05
2600,2,2,0.00033613143023103476,1.9703661564562935e-06,0.9988142251968384,0.0008476647199131548
2601,3,3,2.4984576157294214e-05,1.372242422803538e-06,0.002517592627555132,0.9974560141563416
2602,0,0,0.9988563060760498,1.0250477089357446e-06,0.0005844633560627699,0.0005582253215834498
2603,0,0,0.9971578121185303,0.0004041168431285769,0.0016425165813416243,0.0007955081528052688
2604,0,0,0.9966109395027161,0.002065506298094988,0.00021285557886585593,0.0011105805169790983
2605,3,3,8.003388757060748e-06,2.4140235836966895e-06,0.041109733283519745,0.9588798880577087
2606,1,1,0.00013898042379878461,0.999790608882904,5.654006599797867e-05,1.3906599633628502e-05
2607,0,3,0.46990537643432617,3.0403130949707702e-05,0.01018545962870121,0.5198786854743958
2608,3,3,2.2240501493797638e-05,3.1824030077842735e-09,3.0417024390771985e-05,0.9999473094940186
2609,2,2,0.00033016703673638403,1.1558151769008873e-08,0.9987917542457581,0.0008781139040365815
2610,2,3,0.0005735739832744002,0.00010434068099129945,0.30159077048301697,0.6977313756942749
2611,3,3,3.638935197614046e-07,2.7217959441827588e-08,0.045244116336107254,0.9547555446624756
2612,3,3,0.22439970076084137,0.004989640787243843,0.0373271144926548,0.7332835793495178
2613,0,2,0.00012426056491676718,9.017823998647145e-08,0.9997137188911438,0.0001618499227333814
2614,2,2,0.00015076270210556686,7.531379253578052e-08,0.9998466968536377,2.4401383598160464e-06
2615,1,1,5.2272030188760255e-06,0.9999716281890869,1.1668847037071828e-05,1.1411556442908477e-05
2616,3,3,0.000661599391605705,1.1992572979124816e-07,3.090490054091788e-06,0.9993351101875305
2617,2,2,0.0005488480674102902,2.2793311416080542e-07,0.9994476437568665,3.278446683907532e-06
2618,3,3,2.440943944748142e-07,3.1440321457409937e-09,0.004275378305464983,0.9957243204116821
2619,3,3,0.0018013578373938799,0.0003420975408516824,0.05742712318897247,0.9404293298721313
2620,2,2,0.0011619897559285164,3.134592319042895e-08,0.9987699389457703,6.809868500567973e-05
2621,3,3,1.3354714610613883e-05,3.1492098173657723e-07,0.1578928381204605,0.8420935273170471
2622,1,1,0.00011663665645755827,0.9996310472488403,0.00022054479632060975,3.1675379432272166e-05
2623,1,1,3.8419260818045586e-05,0.9999470710754395,9.030239198182244e-06,5.496404810401145e-06
2624,0,2,0.03441903740167618,8.765861707615841e-07,0.9649045467376709,0.0006756246439181268
2625,3,3,0.06891387701034546,0.00011802224616985768,0.012875222600996494,0.9180929660797119
2626,1,1,3.6486657336354256e-05,0.9999285936355591,3.2731517421780154e-05,2.08873939300247e-06
2627,2,2,0.00017798689077608287,3.6877313505101483e-06,0.9997815489768982,3.685103729367256e-05
2628,2,2,6.979162571951747e-05,2.9885924845984846e-07,0.9999269247055054,3.072665322179091e-06
2629,1,1,7.465711678378284e-05,0.9999253749847412,9.348118723551124e-09,4.01680644301905e-08
2630,1,1,1.3630150341725766e-09,1.0,6.177654499062157e-10,4.634262307234849e-09
2631,1,1,0.00016427933587692678,0.9968818426132202,0.0018002381548285484,0.001153704710304737
2632,0,0,0.9999293088912964,3.452733778885886e-07,6.097987716202624e-05,9.335055437986739e-06
2633,3,3,0.05142655968666077,8.213333057938144e-05,0.012077493593096733,0.9364137649536133
2634,1,1,0.00022869452368468046,0.9997606873512268,8.09272205515299e-06,2.5137021566479234e-06
2635,3,3,3.06705005641561e-05,2.2703590309841593e-12,0.00035677375853993,0.9996126294136047
2636,2,2,5.358193811844103e-05,1.2106353419749638e-10,0.999921441078186,2.4913426386774518e-05
2637,0,0,0.9999934434890747,6.403723205039569e-07,1.0965645742544439e-06,4.898229235550389e-06
2638,2,2,0.0004785846103914082,0.0001641054404899478,0.9990578293800354,0.0002994914539158344
2639,1,1,7.719667337369174e-06,0.9999921321868896,1.6833283211781236e-07,4.207792780874797e-09
2640,1,1,0.00015465090109501034,0.9998049139976501,3.631375511758961e-05,4.1372754822077695e-06
2641,1,1,4.422506026457995e-05,0.9999555349349976,1.5511979256643826e-07,7.242485366987239e-08
2642,1,1,3.877986455336213e-05,0.9999548196792603,5.356484507501591e-06,1.1270327604506747e-06
2643,2,2,0.00207937671802938,1.0712949460867094e-06,0.9562551975250244,0.041664354503154755
2644,1,1,0.002472511725500226,0.9974738955497742,6.094467153161531e-06,4.749950676341541e-05
2645,1,1,0.0031628129072487354,0.9965524673461914,0.00013712269719690084,0.00014756307064089924
2646,0,0,0.9998620748519897,2.9234422527224524e-06,0.00011903744598384947,1.5941608580760658e-05
2647,0,0,0.999996542930603,1.7135940444390485e-09,1.6237194131463184e-06,1.8405188484393875e-06
2648,2,2,0.0003003501915372908,3.46397609973792e-06,0.9923152923583984,0.007380874361842871
2649,2,2,0.0011315615847706795,0.00032721669413149357,0.9951871037483215,0.003354148706421256
2650,3,3,5.3247280447976664e-05,4.2932590815780713e-08,0.006767043843865395,0.9931796789169312
2651,1,1,3.6823712434852496e-05,0.9999563694000244,6.1854393607063685e-06,6.200555162649835e-07
2652,2,2,6.72148889862001e-05,6.9022471507196315e-06,0.9998699426651001,5.588760177488439e-05
2653,0,0,0.9604092240333557,0.000215433188714087,5.064640936325304e-05,0.03932471200823784
2654,2,2,0.0002718405448831618,5.992649221298052e-06,0.9925526976585388,0.007169496733695269
2655,3,3,0.00030536172562278807,2.783362469926942e-05,0.01252881158143282,0.9871379137039185
2656,0,1,3.573570211301558e-05,0.9999642372131348,7.642582033895451e-08,1.031934449002847e-08
2657,0,0,0.9812995791435242,3.066395493078744e-06,0.00016865378711372614,0.01852867379784584
2658,2,2,0.00048778022755868733,1.9082591506958124e-07,0.9995065927505493,5.416679414338432e-06
2659,2,2,0.00014342961367219687,2.996692103351961e-07,0.9974839687347412,0.0023722557816654444
2660,3,2,0.053768932819366455,5.430184046417708e-06,0.9453585743904114,0.0008670882671140134
2661,1,1,4.389568493934348e-05,0.9999120235443115,4.3901047320105135e-05,1.3163280243588815e-07
2662,2,2,0.00024710327852517366,8.15845669421833e-06,0.9989952445030212,0.0007494629244320095
2663,0,0,0.9998486042022705,4.623571783213265e-07,0.00012987029913347214,2.0991808924009092e-05
2664,2,2,0.00045768613927066326,0.0006111875991337001,0.998201847076416,0.0007292466470971704
2665,1,1,9.220094021600289e-09,1.0,1.4371821441261368e-11,1.1931227117401022e-09
2666,2,2,7.509081478929147e-05,8.920957839109178e-08,0.9998965263366699,2.8248436137801036e-05
2667,2,2,6.885582115501165e-05,3.392526423340314e-06,0.9661548733711243,0.033772870898246765
2668,0,0,0.99873286485672,3.681689264567467e-08,0.000371445290511474,0.0008956160163506866
2669,3,3,5.239028411097024e-08,8.288314479187875e-10,0.0034702960401773453,0.9965296387672424
2670,0,2,0.2829587757587433,1.275578540571587e-07,0.7161776423454285,0.0008634438272565603
2671,2,2,0.20128627121448517,0.0004116656491532922,0.7973147034645081,0.0009873631643131375
2672,2,2,0.0022200061939656734,4.735018155344051e-09,0.9975228905677795,0.0002571420045569539
2673,3,3,0.00035606438177637756,1.3807069763061008e-06,0.05931863561272621,0.9403238892555237
2674,3,0,0.5932331681251526,0.03263130038976669,0.3015342652797699,0.0726013109087944
2675,2,2,1.5492264537897427e-07,2.369055993045599e-11,0.9999998807907104,3.166363171658304e-08
2676,3,3,0.0055902269668877125,4.771800021785566e-08,0.0024465881288051605,0.9919631481170654
2677,3,3,6.715404015267268e-05,7.112516353657838e-09,5.3032610594527796e-05,0.9998798370361328
2678,3,3,5.731656347052194e-05,4.93040488436236e-07,0.3959921598434448,0.6039500832557678
2679,2,3,0.004674207419157028,3.1723220672574826e-06,0.05593981593847275,0.9393828511238098
2680,2,2,0.0003156124148517847,4.0066183260023536e-07,0.9996799230575562,4.113731392862974e-06
2681,3,3,0.023592248558998108,2.918990730904625e-06,0.05981884151697159,0.9165859222412109
2682,3,3,0.00016402294568251818,7.409237667843627e-08,3.1900141038931906e-05,0.9998039603233337
2683,0,0,0.6931697130203247,4.910351344733499e-05,0.29970020055770874,0.007080988027155399
2684,2,2,6.300213328813697e-08,1.0102874266337825e-11,0.9999998807907104,2.7609768693537262e-08
2685,0,0,1.0,7.249467519343522e-12,5.208543374379815e-09,2.0381596854690542e-08
2686,0,0,0.7219748497009277,6.978566671023145e-05,0.2771655321121216,0.0007898394833318889
2687,2,2,1.5211845720841666e-06,3.5661757991078957e-09,0.9993733763694763,0.0006251312443055212
2688,2,2,1.769722621247638e-05,2.2304686808638508e-07,0.9999806880950928,1.4019265108800028e-06
2689,1,1,0.00011696292494889349,0.9998751878738403,2.363080966460984e-06,5.504838554770686e-06
2690,1,1,0.0003510991809889674,0.9995773434638977,2.4659317432451644e-07,7.125094998627901e-05
2691,1,1,0.00017871859017759562,0.9996602535247803,1.4475460829999065e-06,0.00015951035311445594
2692,3,3,0.0030310628935694695,1.955681000254117e-06,0.011860443279147148,0.9851064682006836
2693,3,3,7.446949894074351e-06,1.886505529569149e-08,0.0009640452917665243,0.9990285634994507
2694,3,2,0.009345321916043758,0.04189975932240486,0.7646402716636658,0.18411464989185333
2695,0,0,0.999997615814209,1.7959649767362862e-07,1.9422650439082645e-06,2.790998507862241e-07
2696,2,2,3.411950615372916e-07,1.5081087767487844e-10,0.9999995231628418,1.047812858701036e-07
2697,2,2,4.631834599422291e-06,4.22434550273465e-06,0.9999227523803711,6.838155968580395e-05
2698,3,3,7.602750429214211e-07,5.772132771753036e-10,6.3347200921271e-05,0.9999358654022217
2699,2,2,0.2552742660045624,0.0012444001622498035,0.7402753829956055,0.0032059410586953163
2700,2,0,0.6088069677352905,3.6324752727523446e-05,0.38855457305908203,0.0026021269150078297
2701,2,2,0.00010727307380875573,2.401334029400459e-07,0.9998722076416016,2.0244089682819322e-05
2702,0,2,0.32399782538414,9.024790779221803e-05,0.6634408831596375,0.012471112422645092
2703,2,2,1.0511029131521354e-06,1.3136613574715739e-07,0.999950647354126,4.8166944907279685e-05
2704,0,0,0.987123966217041,7.470191007996618e-07,0.005356554873287678,0.0075188009068369865
2705,1,1,1.7070259445972624e-06,0.9999979734420776,2.115158714843801e-08,3.261786503117037e-07
2706,2,2,3.7686189102714707e-07,2.1037012409852451e-10,0.9999995231628418,9.296680758552611e-08
2707,3,3,0.000314913981128484,1.7389938378187253e-08,0.0004054839664604515,0.9992796778678894
2708,3,3,2.0815037714783102e-05,2.011251609701503e-09,1.6503370716236532e-05,0.9999626874923706
2709,3,3,0.002478289417922497,2.0655996195273474e-05,0.00651507917791605,0.9909859895706177
2710,3,2,0.00041906675323843956,1.2530812831812455e-08,0.7542616724967957,0.2453191876411438
2711,0,0,0.9863613843917847,0.00048657733714208007,0.01020319014787674,0.0029488687869161367
2712,3,3,0.004023016896098852,0.0004654926888179034,0.011354374699294567,0.984157145023346
2713,1,1,3.2446500881633256e-06,0.9998703002929688,7.025197555776685e-05,5.6110642617568374e-05
2714,2,2,0.0003571616834960878,0.00022914909641258419,0.7837182879447937,0.21569538116455078
2715,1,1,5.2170977141940966e-05,0.9999452829360962,2.500573259567318e-07,2.263993792439578e-06
2716,1,1,4.4072257878724486e-05,0.9999505281448364,2.5772276757152213e-08,5.407851404015673e-06
2717,1,1,0.04324747994542122,0.9466323256492615,0.00684049678966403,0.0032796706072986126
2718,2,3,0.00021254507009871304,1.438844492440694e-06,0.24961861968040466,0.7501673698425293
2719,3,3,0.00033490225905552506,0.0002962000435218215,0.0022249140311032534,0.9971439242362976
2720,0,0,0.9893103837966919,1.1936620467167813e-05,0.00033808135776780546,0.01033953856676817
2721,0,0,0.9844170212745667,5.472717816701334e-07,0.014827978797256947,0.00075453647878021
2722,3,3,0.0017098889220505953,2.861207030946389e-05,0.00138607039116323,0.9968754053115845
2723,1,1,0.00011159270798088983,0.9998881816864014,1.5819326293353697e-08,2.3960265593814256e-07
2724,2,2,0.0017500591930001974,1.0240210031042807e-05,0.980613112449646,0.017626559361815453
2725,0,0,0.9996658563613892,7.83475627486041e-07,0.0001491049479227513,0.00018431908392813057
2726,2,2,0.012827073223888874,5.894499281566823e-06,0.9181536436080933,0.06901337951421738
2727,3,3,0.006131636444479227,1.5620165868313052e-05,0.028959590941667557,0.964893102645874
2728,1,1,0.000619323633145541,0.9993143081665039,2.093461989716161e-05,4.537671702564694e-05
2729,2,2,0.003613745328038931,6.858391861896962e-05,0.9913908243179321,0.004926831461489201
2730,0,0,0.9999545812606812,1.5165921851689745e-08,1.0912364700743638e-07,4.523571624304168e-05
2731,2,2,0.0005272416165098548,4.405531581141986e-05,0.9988771080970764,0.0005515867378562689
2732,3,3,0.0001095735642593354,7.45149861813843e-08,0.0012509840307757258,0.9986392855644226
2733,1,1,0.0010304403258487582,0.9989429116249084,2.377374221396167e-05,2.824544253599015e-06
2734,0,0,0.9419338703155518,0.0017719438765197992,0.014114860445261002,0.04217933863401413
2735,2,2,0.0035928371362388134,2.61428823478127e-07,0.9963651895523071,4.162862023804337e-05
2736,1,1,0.02999795973300934,0.9681022763252258,0.0014744742074981332,0.000425229110987857
2737,1,1,0.008669598959386349,0.9912524819374084,6.218996713869274e-05,1.5748970326967537e-05
2738,0,1,0.017726147547364235,0.9822394847869873,1.836618503148202e-05,1.608322600077372e-05
2739,1,1,0.0008006987045519054,0.9991901516914368,6.629059612350829e-07,8.407378118135966e-06
2740,0,0,0.999852180480957,7.0894075179239735e-06,7.382204785244539e-07,0.00013996384222991765
2741,2,2,0.00015193663421086967,3.5910911577730076e-08,0.9997279047966003,0.00012011834041913971
2742,3,3,0.004363262094557285,2.21111326936807e-06,0.0029772091656923294,0.9926572442054749
2743,0,0,0.9474248886108398,0.00039973907405510545,0.006005729548633099,0.046169694513082504
2744,1,1,0.0020780025515705347,0.9572116732597351,0.03444128856062889,0.006268968340009451
2745,2,2,0.0018461098661646247,4.155145632012136e-07,0.996547281742096,0.0016061858041211963
2746,2,2,1.2241520380484872e-05,2.4305731471940817e-07,0.9875304698944092,0.012457015924155712
2747,1,1,4.9924561608349904e-05,0.9999459981918335,2.544928463521501e-07,3.846223989967257e-06
2748,3,3,0.00048526914906688035,3.281108149622014e-07,0.0006295058410614729,0.9988848567008972
2749,2,2,0.0014401505468413234,1.6263786051240459e-07,0.9983903169631958,0.00016945056268014014
2750,2,3,0.05913461372256279,0.0254546906799078,0.2639344036579132,0.651476263999939
2751,1,1,0.0280228853225708,0.9588963985443115,5.248699017101899e-05,0.013028192333877087
2752,2,3,0.0005295188166201115,2.1534467578021577e-06,0.05538858100771904,0.9440796971321106
2753,3,3,2.260581277369056e-05,5.580129247562127e-09,0.019411472603678703,0.9805659055709839
2754,3,3,0.00016218710516113788,2.544162214235257e-08,6.668331479886547e-05,0.9997711777687073
2755,2,2,3.786404931815923e-06,2.6671816044654406e-07,0.9999924898147583,3.4803013022610685e-06
2756,3,3,0.0001587155129527673,1.3734583035329706e-06,0.12172644585371017,0.8781135082244873
2757,2,2,0.0005475369980558753,1.1384019416027513e-07,0.9993010759353638,0.00015126224025152624
2758,0,0,0.4016142189502716,0.24781017005443573,0.0378996841609478,0.31267595291137695
2759,2,3,2.2405358777177753e-06,3.262486947264165e-09,0.39607295393943787,0.6039247512817383
2760,3,3,6.061905878596008e-05,2.2695851384924026e-06,0.0011988459154963493,0.9987382292747498
2761,0,0,0.9999545812606812,1.8476502106068438e-08,4.125485065742396e-05,4.125798113818746e-06
2762,2,2,0.00015677760529797524,0.0002825217670761049,0.9961743354797363,0.003386355936527252
2763,3,3,0.002860479988157749,1.6245690858340822e-05,0.0233395304530859,0.9737836718559265
2764,3,3,7.212633136077784e-06,1.010557748593044e-09,6.675998065475142e-06,0.9999860525131226
2765,2,2,0.01540992222726345,2.6367906684754416e-06,0.9845735430717468,1.3873584066459443e-05
2766,3,3,0.03248108923435211,0.00018115449347533286,0.12570200860500336,0.8416356444358826
2767,3,3,0.0023687896318733692,2.3682663652380143e-07,0.3877115547657013,0.6099194288253784
2768,2,2,0.00047047281987033784,3.461632786638802e-06,0.9884970188140869,0.01102896872907877
2769,0,0,0.999271810054779,0.00016347273776773363,6.689558631478576e-06,0.0005580158904194832
2770,3,3,0.006868624594062567,0.0017028411384671926,0.057304542511701584,0.9341239929199219
2771,2,2,0.014621573500335217,0.02641625888645649,0.9265606999397278,0.03240154683589935
2772,2,2,0.02809935435652733,5.774464170826832e-06,0.9646142721176147,0.0072806477546691895
2773,3,3,2.9446739517879905e-06,3.70185089179631e-12,0.16949188709259033,0.8305051922798157
2774,1,1,1.7152788700514066e-07,0.9999997615814209,3.04494527370025e-08,3.811190296687528e-08
2775,2,2,0.012883822433650494,0.034461088478565216,0.8661907911300659,0.08646436780691147
2776,3,3,1.3641759323945735e-05,7.992460027139714e-09,0.004623370710760355,0.9953629970550537
2777,1,1,0.00029763681231997907,0.9996175765991211,5.772594522568397e-05,2.7067193514085375e-05
2778,3,2,0.002346429508179426,2.2219230899622744e-08,0.8469563722610474,0.1506972461938858
2779,3,2,0.010189070366322994,0.001958271488547325,0.7518472075462341,0.2360054850578308
2780,3,3,0.03396863490343094,3.7204714317340404e-05,0.29419443011283875,0.6717996597290039
2781,0,0,0.9998763799667358,8.563519031667965e-07,1.3060378478257917e-05,0.00010969005234073848
2782,1,1,2.8349884814815596e-05,0.9999300241470337,9.632583896745928e-06,3.1904619390843436e-05
2783,2,2,0.0008613943355157971,7.965201075421646e-05,0.9898098707199097,0.009249097667634487
2784,1,1,6.077935540815815e-05,0.9999343156814575,4.530437308858382e-06,2.9876940743633895e-07
2785,3,3,6.055170587160319e-09,1.230493762438556e-10,1.5900679954938823e-06,0.9999984502792358
2786,2,2,0.274181991815567,0.01376995537430048,0.6400754451751709,0.07197257876396179
2787,3,3,0.007144921459257603,4.463847290026024e-05,0.00015718767826911062,0.9926532506942749
2788,3,3,0.0027006014715880156,1.67970410984708e-05,0.0034000163432210684,0.9938825368881226
2789,2,2,0.00044473542948253453,1.6697660612408072e-05,0.9995226860046387,1.5898140190984122e-05
2790,3,3,0.0012511705281212926,2.4925860998337157e-05,0.1591782420873642,0.839545726776123
2791,2,2,1.7664664483163506e-05,1.1463340342743322e-05,0.9995926022529602,0.00037831623922102153
2792,3,3,7.909951449391883e-08,6.542853064894771e-11,0.0002449548046570271,0.9997549653053284
2793,1,1,1.9340147539015362e-10,1.0,3.188898797801265e-11,2.13102674395671e-10
2794,1,1,3.602989818318747e-05,0.9999634027481079,1.1391824150663865e-09,5.754558287662803e-07
2795,2,2,4.229849309922429e-06,2.1903092317643313e-07,0.9957728981971741,0.004222633317112923
2796,3,3,0.0007483814842998981,0.00011116433597635478,0.20914380252361298,0.7899966835975647
2797,3,3,7.632328197360039e-05,2.710904611902265e-09,0.0001381115143885836,0.9997856020927429
2798,1,1,0.00981794111430645,0.9901230931282043,4.705454921349883e-05,1.1894643648702186e-05
2799,3,3,4.453324931041891e-10,6.393693041673032e-08,2.7875771024810092e-08,0.9999998807907104
2800,3,3,0.002525976626202464,4.119991899642628e-06,0.0003479553561192006,0.9971218705177307
2801,3,3,8.699675527168438e-05,3.361375638633035e-05,1.463753233110765e-05,0.9998646974563599
2802,0,0,0.9999978542327881,3.326867448194548e-09,8.551740648954365e-08,2.0362767827464268e-06
2803,1,1,0.0002319647028343752,0.9997604489326477,6.778307124477578e-06,8.847440540193929e-07
2804,3,3,3.1892774643438315e-08,2.8315771949394275e-10,0.0028732751961797476,0.9971267580986023
2805,3,2,0.0014551838394254446,1.186164536193246e-05,0.9461976289749146,0.052335310727357864
2806,3,2,0.0004974736948497593,7.258231562445872e-07,0.9907978773117065,0.008703971281647682
2807,3,3,6.716124971717363e-06,2.1440909048209278e-09,1.0323010428692214e-05,0.9999829530715942
2808,0,0,0.9992420673370361,2.908592068706639e-05,0.00048398447688668966,0.00024493280216120183
2809,1,1,0.000434834451880306,0.9995591044425964,3.366669034221559e-06,2.5762069526535925e-06
2810,3,0,0.8578727841377258,0.1294182389974594,0.00015220890054479241,0.012556805275380611
2811,3,3,7.431516860378906e-05,3.3930138698679e-08,0.051300130784511566,0.9486256241798401
2812,3,3,0.11577600985765457,0.05558326095342636,0.04942840710282326,0.779212236404419
2813,3,3,3.2462355648021912e-06,0.00036130205262452364,0.022429294884204865,0.9772061109542847
2814,0,0,0.999210000038147,0.00012002737639704719,8.597043779445812e-05,0.0005839191726408899
2815,2,2,0.031390003859996796,0.007783165667206049,0.9555733799934387,0.005253400653600693
2816,2,2,0.003795686410740018,6.862841837573797e-05,0.9948156476020813,0.0013200240209698677
2817,0,0,0.958256185054779,7.841129445296247e-06,0.0018305642297491431,0.039905354380607605
2818,3,3,0.009569073095917702,7.29808220967243e-07,0.010323088616132736,0.9801071882247925
2819,0,0,0.9992024302482605,1.0332081501474022e-07,0.0001796488359104842,0.0006178633775562048
2820,1,1,5.723813046643045e-06,0.9999597072601318,3.4387383493594825e-05,2.7974527938567917e-07
2821,1,1,0.0005069182370789349,0.9991570711135864,2.5860301320790313e-05,0.00031020567985251546
2822,0,2,0.020050227642059326,0.0028352204244583845,0.9243561625480652,0.052758485078811646
2823,2,2,9.958689770428464e-05,5.472506714454539e-08,0.999055802822113,0.0008445256389677525
2824,0,0,0.9999978542327881,1.9556171082513174e-07,1.4906545402482152e-06,4.233986032886605e-07
2825,1,1,0.0072867958806455135,0.9926093220710754,7.028075924608856e-05,3.355518856551498e-05
2826,1,1,7.911823445283517e-07,0.9999958276748657,2.504493295418797e-06,7.996570730028907e-07
2827,2,2,0.012020670808851719,0.0009777663508430123,0.9738100171089172,0.01319146528840065
2828,2,3,0.00016631354810670018,5.552960047339184e-08,0.01737002283334732,0.9824636578559875
2829,1,1,0.060724638402462006,0.8670709729194641,0.07136241346597672,0.0008420324884355068
2830,0,0,0.9998317956924438,3.808979454333894e-05,1.6046507880673744e-05,0.00011403538519516587
2831,3,3,0.004730412270873785,2.356043751206016e-06,0.00033187319058924913,0.9949353337287903
2832,1,1,3.686349281384338e-10,1.0,1.3760247281890958e-11,6.272862437817217e-12
2833,3,0,0.9946638345718384,0.0012549092061817646,0.00137497263494879,0.0027062566950917244
2834,0,0,0.9981808662414551,0.00010361229215050116,0.0015974151901900768,0.00011804841051343828
2835,2,2,2.4476612452417612e-05,6.159355689305812e-05,0.9997239708900452,0.00019001845794264227
2836,2,3,2.2364849883160787e-06,6.035363185219467e-05,0.3422733247280121,0.6576640605926514
2837,1,1,0.0029429509304463863,0.9970356225967407,6.858876531623537e-06,1.461186730011832e-05
2838,0,0,0.9999986886978149,3.796175818138181e-08,7.869803084759042e-07,4.2413327605572704e-07
2839,0,0,0.9998942613601685,5.6662527640582994e-05,2.5800523872021586e-05,2.3260688976733945e-05
2840,0,0,0.9999997615814209,1.931183407632986e-10,6.374148853183215e-08,1.5307216472137952e-07
2841,2,2,0.0077238501980900764,0.009181154891848564,0.9823637008666992,0.0007312939851544797
2842,3,3,0.0009354169014841318,3.5872730222763494e-05,0.0004339394217822701,0.9985948204994202
2843,2,2,3.3979009117501846e-07,4.12570949626101e-11,0.9999996423721313,9.391043498396812e-09
2844,3,3,0.0002686561201699078,4.504636219593294e-09,0.01359802670776844,0.9861332774162292
2845,1,1,0.0013694696826860309,0.9986177682876587,9.367939810545067e-07,1.1766506759158801e-05
2846,0,3,0.3656471371650696,5.511831113835797e-05,0.013654833659529686,0.620642900466919
2847,0,2,0.0650077760219574,1.1758304481190862e-06,0.929878294467926,0.005112784914672375
2848,3,2,0.0004426647792570293,2.5790432118810713e-05,0.9333984851837158,0.06613307446241379
2849,3,3,4.3644163838507666e-07,4.226634098053114e-14,3.090442987740971e-05,0.9999686479568481
2850,3,2,0.005603940691798925,6.35483957012184e-07,0.7842175960540771,0.21017782390117645
2851,2,2,0.00030867845634929836,9.17552642931696e-06,0.9992426633834839,0.00043960133916698396
2852,2,2,1.4991876184922148e-07,8.688800373635175e-11,0.9999997615814209,1.2749823952162842e-07
2853,0,0,0.999992847442627,4.913916313853406e-07,4.843515455377201e-08,6.633775228692684e-06
2854,3,3,0.0019937693141400814,2.7562403914771494e-08,0.06099703162908554,0.9370092153549194
2855,0,0,0.9999605417251587,1.9292809156468138e-05,1.1289890608168207e-05,8.850118319969624e-06
2856,3,2,0.00011168852506671101,4.51451143135273e-08,0.7568289041519165,0.24305938184261322
2857,2,3,0.09720095992088318,0.04026377946138382,0.06668751686811447,0.7958477735519409
2858,1,1,3.372011406099773e-06,0.9999954700469971,1.0801097687362926e-06,6.802789442872381e-08
2859,1,1,0.000121522338304203,0.9998358488082886,3.6126384657109156e-05,6.429334462154657e-06
2860,0,0,0.9852147698402405,0.01301666535437107,0.0009680565563030541,0.0008004854898899794
2861,3,3,1.3299276361067314e-05,1.8667688550522143e-07,0.0032356518786400557,0.9967508316040039
2862,3,3,2.3534107995715203e-08,8.586247164654726e-12,7.142343292798614e-06,0.999992847442627
2863,1,1,3.4031213402840876e-08,1.0,9.235990444667053e-12,1.0188198895644263e-10
2864,3,3,0.00015635306772310287,1.725338591995751e-07,0.004772880580276251,0.9950706958770752
2865,0,0,0.9990684390068054,5.490716148415231e-08,0.0006395253003574908,0.00029199852724559605
2866,2,2,0.0065285139717161655,6.649065742436733e-09,0.9933571219444275,0.0001143430927186273
2867,2,2,0.011229167692363262,0.03751005977392197,0.895275890827179,0.05598489195108414
2868,3,3,0.0005953934160061181,4.429725564136788e-08,0.3866637945175171,0.612740695476532
2869,2,2,1.998468093233896e-07,1.1838091271143547e-11,0.9999997615814209,5.068391573104236e-08
2870,1,1,4.5051393726680544e-08,0.9999986886978149,1.106088006963546e-06,8.555630870432651e-08
2871,1,1,4.196735517325578e-06,0.9999953508377075,4.500811030538898e-07,4.493461958077205e-08
2872,1,1,1.2729126410704339e-06,0.9999891519546509,7.5518014455155935e-06,2.069008132821182e-06
2873,2,2,0.00021145194477867335,1.5772396011470846e-07,0.6098964810371399,0.38989195227622986
2874,1,1,2.613973629195243e-05,0.9998812675476074,2.0910152670694515e-05,7.165563874877989e-05
2875,2,2,0.0006936303689144552,0.0003289255837444216,0.8154963254928589,0.18348108232021332
2876,1,1,0.00017337936151307076,0.999819815158844,8.017052550712833e-07,6.04972865403397e-06
2877,3,3,0.0016476570162922144,3.4641827824088978e-06,0.010487843304872513,0.9878610968589783
2878,2,2,0.0039014965295791626,0.00067478371784091,0.991183876991272,0.0042398851364851
2879,3,2,1.2518808034656104e-05,5.110898655402707e-06,0.9457613229751587,0.054221075028181076
2880,1,1,0.00028675844077952206,0.9991415739059448,0.0005095390370115638,6.208090053405613e-05
2881,0,0,0.9999710321426392,3.778005819299324e-08,3.5657355965668103e-06,2.530676829337608e-05
2882,3,3,7.161402209021617e-07,1.220458317741091e-10,0.00190730020403862,0.998091995716095
2883,0,0,0.9970557689666748,4.69204896944575e-05,0.0024788873270154,0.000418393436120823
2884,0,0,0.9996423721313477,2.896673777286196e-06,0.0003224070242140442,3.225363252568059e-05
2885,3,3,0.036339156329631805,3.540822945069522e-05,1.5914962204988115e-05,0.9636095762252808
2886,3,3,3.198382728442084e-06,3.5755664384851116e-07,0.13234463334083557,0.8676518201828003
2887,1,1,0.01284062396734953,0.9866923689842224,0.0004578689986374229,9.220603715220932e-06
2888,1,1,0.00028244659188203514,0.9996947050094604,2.2414145860238932e-05,5.204704507377755e-07
2889,1,1,2.8119962735217996e-05,0.9999692440032959,4.116207605875388e-07,2.210393404311617e-06
2890,1,1,2.7109993538942945e-07,0.9999997615814209,2.3585216002430798e-09,1.1281770184723428e-08
2891,1,1,2.1690847518129885e-07,0.9999997615814209,2.6143700052050356e-11,2.0545461165699663e-10
2892,1,1,8.48642666824162e-05,0.9998950958251953,2.7585035695665283e-06,1.7327167370240204e-05
2893,1,1,8.406715642195195e-05,0.9999039173126221,9.421114555152599e-06,2.6540014914644416e-06
2894,3,3,0.0024650052655488253,5.9763256103906315e-06,0.0022314260713756084,0.9952976107597351
2895,1,1,0.0029028754215687513,0.996809184551239,0.00021227714023552835,7.57154484745115e-05
2896,1,1,0.00015584513312205672,0.9998031258583069,8.427598913840484e-06,3.2686235499568284e-05
2897,2,2,0.00042577844578772783,1.0831270991218389e-08,0.9995647072792053,9.573831448506098e-06
2898,1,1,0.029245594516396523,0.9041762351989746,0.022751687094569206,0.04382651299238205
2899,2,2,0.0001060651775333099,2.37934543179108e-07,0.9998912811279297,2.3355298708338523e-06
2900,1,1,3.027246566489339e-05,0.9999680519104004,1.0053963706013747e-06,6.814215112171951e-07
2901,0,0,0.9999964237213135,2.8426612175280752e-08,2.5303584152425174e-06,1.027748567139497e-06
2902,3,3,0.001837940770201385,7.694835949223489e-05,0.00019048899412155151,0.9978945851325989
2903,0,0,0.9518835544586182,2.5737683245097287e-05,0.046243343502283096,0.00184736680239439
2904,1,1,0.0002722374920267612,0.9997214674949646,3.903733158949763e-06,2.3843028884584783e-06
2905,1,1,6.592563295271248e-05,0.9999316930770874,2.1754885892733e-06,1.8251432720717276e-07
2906,0,0,0.9999454021453857,4.538156019862072e-07,2.417108953522984e-05,2.9895802072132938e-05
2907,1,1,3.8977373151283246e-06,0.999975323677063,1.4089965588937048e-05,6.6921238612849265e-06
2908,1,1,3.585767262848094e-05,0.9997743964195251,6.298507651081309e-05,0.00012680611689575016
2909,2,2,0.0029919620137661695,1.774808744414713e-08,0.9964649677276611,0.0005430366727523506
2910,3,3,3.7095342122484e-05,7.730168363195844e-07,0.10276339203119278,0.8971987366676331
2911,0,0,0.9999895095825195,6.420786680116919e-10,7.470830354350255e-08,1.0412111805635504e-05
2912,0,0,0.987644374370575,0.0077740829437971115,0.0038790740072727203,0.000702494930010289
2913,3,3,0.09029211103916168,0.0998903289437294,0.11803489923477173,0.6917826533317566
2914,2,3,0.0004875454760622233,9.858156408881769e-05,0.15118594467639923,0.8482279777526855
2915,3,3,0.0028872108086943626,1.2161199265392497e-05,0.008097889833152294,0.9890028238296509
2916,1,0,0.5925897359848022,0.3977991044521332,0.004995838738977909,0.004615300334990025
2917,1,1,0.0002142000012099743,0.9997829794883728,4.86694659684872e-07,2.3547106593468925e-06
2918,3,3,0.0019509298726916313,1.9657492885016836e-05,0.003283341182395816,0.9947460889816284
2919,3,2,0.000958635937422514,2.0116090126975905e-08,0.9433800578117371,0.055661335587501526
2920,0,0,0.9994899034500122,3.379469859510209e-08,3.2590178307145834e-06,0.0005067912279628217
2921,0,0,0.999750554561615,2.5721190013427986e-06,0.00021814307547174394,2.881544605770614e-05
2922,2,2,0.03696070611476898,4.0662755054654554e-05,0.9470781087875366,0.01592056080698967
2923,2,2,0.30698537826538086,0.00043616967741400003,0.6065369844436646,0.0860413983464241
2924,1,1,1.8913306121248752e-05,0.9998300075531006,0.0001255070383194834,2.550046338001266e-05
2925,0,0,0.8941226601600647,5.4909610298636835e-06,0.009362035430967808,0.09650979936122894
2926,3,3,0.030892014503479004,0.007545081898570061,0.15429775416851044,0.8072651624679565
2927,1,1,0.0007934373570606112,0.9992024302482605,2.90554794446507e-06,1.1630678500296199e-06
2928,3,3,0.004942957777529955,7.16332309025347e-08,0.05555318295955658,0.9395037293434143
2929,3,3,4.435712241956935e-09,2.608754412578712e-13,2.162008883033195e-08,1.0
2930,3,3,1.4323736863275371e-08,2.3832104692478318e-11,0.0007758167339488864,0.9992241859436035
2931,3,3,0.00015556761354673654,8.61069437974038e-10,5.887185125175165e-06,0.9998384714126587
2932,2,3,0.043396830558776855,5.917819362366572e-05,0.24765536189079285,0.7088886499404907
2933,1,1,0.0038822058122605085,0.9961162805557251,3.991718813267653e-07,1.071954216058657e-06
2934,1,1,0.0006583604263141751,0.996707558631897,1.1720335351128597e-05,0.0026222607120871544
2935,2,2,0.0004827294033020735,1.849934278652654e-06,0.8795384168624878,0.11997700482606888
2936,3,3,1.116419738877994e-07,4.920508445138694e-09,0.0002514738589525223,0.9997484087944031
2937,2,2,1.9485949565023475e-07,2.237308255326198e-10,0.9999997615814209,3.5374707607616074e-08
2938,2,2,0.004567381460219622,0.00014343812654260546,0.9305905103683472,0.06469867378473282
2939,2,3,0.00011357024050084874,3.302032496321772e-07,0.37478578090667725,0.6251003742218018
2940,2,2,2.6811329007614404e-05,6.148424290586263e-06,0.9622617363929749,0.03770531341433525
2941,3,3,9.01860767044127e-05,2.465363024839462e-08,2.4783843400655314e-05,0.9998849630355835
2942,1,1,3.315283538540825e-05,0.9999649524688721,2.1759798130016605e-10,1.8564705897006206e-06
2943,1,1,3.4763604617182864e-07,0.9999996423721313,7.30297267104163e-10,2.0353843055431753e-09
2944,0,0,0.8362001180648804,3.4676932614274847e-07,0.16358251869678497,0.00021708851272705942
2945,2,2,0.01092239748686552,6.65019906591624e-05,0.9134481549263,0.07556304335594177
2946,3,3,0.06310401111841202,4.94989326398354e-05,0.20031818747520447,0.7365282773971558
2947,0,0,0.992592990398407,0.005963252391666174,0.00046685338020324707,0.0009768897434696555
2948,3,3,3.160941196256317e-05,3.373064316747332e-07,0.01625891588628292,0.9837090969085693
2949,3,3,0.04401947930455208,8.972466275736224e-06,0.11381296813488007,0.8421586155891418
2950,1,1,8.426804561167955e-05,0.9994356036186218,0.00037328299367800355,0.00010688054317142814
2951,1,1,0.014738164842128754,0.8561000823974609,0.03002217598259449,0.09913953393697739
2952,2,3,0.01529697049409151,1.979389935513609e-06,0.08516835421323776,0.8995327353477478
2953,3,3,0.002091492060571909,7.35322700506913e-08,2.190097075072117e-05,0.9978864789009094
2954,1,1,7.052954606479034e-05,0.9997500777244568,0.00011142524454044178,6.790805491618812e-05
2955,3,3,5.711687567355739e-09,6.991694126190799e-15,5.9379646700108424e-05,0.9999406337738037
2956,0,0,0.9791370630264282,5.123121081851423e-05,0.018824376165866852,0.0019873573910444975
2957,2,2,0.0046781133860349655,5.423353286460042e-06,0.9928858876228333,0.00243055890314281
2958,3,3,9.151870472123846e-05,2.302005697174536e-09,0.16510896384716034,0.8347995281219482
2959,0,0,0.9988818764686584,1.3593842140835477e-07,0.0008540019043721259,0.000263970869127661
2960,1,1,3.08053330400071e-07,0.9999985694885254,7.924078317955718e-07,3.4630480172381795e-07
2961,1,1,1.4081283552513923e-05,0.9999854564666748,1.6860707319210633e-07,2.3760840406339412e-07
2962,3,3,0.00030380653333850205,2.927154696408252e-07,0.184037446975708,0.8156585097312927
2963,1,1,7.653182620970256e-08,0.9999998807907104,3.8263150980988314e-10,1.6470988128958197e-08
2964,0,0,0.9999864101409912,3.1074812341103097e-06,7.224558430607431e-06,3.2378550258727046e-06
2965,3,3,0.00024388749443460256,6.249893885978963e-06,0.01239858940243721,0.9873513579368591
2966,0,0,0.9992809891700745,3.332575715830899e-06,0.0003524573694448918,0.0003632462758105248
2967,2,2,0.00017911105533130467,8.246351353591308e-05,0.9912416934967041,0.008496674709022045
2968,0,0,0.9959149956703186,0.00011029925371985883,0.0006543243071064353,0.003320392221212387
2969,3,3,0.004640896804630756,7.614863716298714e-05,0.0032021976076066494,0.9920807480812073
2970,2,2,9.681894880486652e-05,0.0006452956004068255,0.9991280436515808,0.00012984243221580982
2971,2,2,0.003976956009864807,1.2233617781021167e-06,0.995771586894989,0.00025020516477525234
2972,1,1,0.00018268896383233368,0.9997363686561584,1.694907041382976e-05,6.395413947757334e-05
2973,0,0,0.9544428586959839,0.0008904147543944418,0.022653326392173767,0.022013390436768532
2974,2,2,0.0009171180427074432,1.2798316220141714e-06,0.9990569949150085,2.452332410030067e-05
2975,2,2,4.185554644209333e-05,4.264853942004265e-06,0.945613443851471,0.05434045195579529
2976,0,3,0.456966370344162,1.1947554412472527e-07,0.0027074862737208605,0.5403259992599487
2977,0,0,1.0,1.1073586492216236e-09,1.497001411721044e-10,1.5685395204911856e-09
2978,2,2,0.0039699021726846695,8.135365533235017e-06,0.9946080446243286,0.0014139296254143119
2979,3,3,1.8697375708143227e-05,7.177805905200785e-09,0.017162611708045006,0.9828186631202698
2980,1,1,1.0247062753876435e-08,0.9999998807907104,2.2478146011195577e-09,1.2682482974923914e-07
2981,2,2,0.002181002637371421,0.001488881534896791,0.9539948105812073,0.04233523830771446
2982,3,2,9.380947449244559e-05,5.9062510437968285e-09,0.5836318135261536,0.4162743389606476
2983,0,0,0.9955801367759705,0.001573996851220727,1.3692731045011897e-05,0.002832263708114624
2984,0,0,0.9993528723716736,0.00029471603920683265,1.783628795237746e-05,0.00033458281541243196
2985,2,2,0.025957943871617317,1.098211305361474e-05,0.9718064665794373,0.0022246248554438353
2986,2,2,0.0009685349650681019,1.736709350552701e-06,0.9968852400779724,0.0021444507874548435
2987,2,2,0.0008742260979488492,2.0074290659977123e-05,0.9983514547348022,0.0007542221574112773
2988,2,2,3.5126766306348145e-05,3.887646016664803e-06,0.9984017014503479,0.001559263444505632
2989,0,0,0.99967360496521,6.953586853342131e-05,4.1768951632548124e-05,0.00021510814258363098
2990,0,0,0.9998965263366699,8.330927059319038e-09,5.013684130972251e-05,5.330950443749316e-05
2991,1,1,0.00016168440924957395,0.9998348951339722,1.3761442119175626e-07,3.2679249670763966e-06
2992,1,1,0.00025694933719933033,0.9992864727973938,0.00040999698103405535,4.65760167571716e-05
2993,0,0,0.9857585430145264,0.0002297241589985788,0.008456454612314701,0.00555524742230773
2994,1,1,4.114480543648824e-05,0.999906063079834,2.5622028260841034e-05,2.7228010367252864e-05
2995,1,1,2.001454049604945e-05,0.9999773502349854,1.4941890640329802e-06,1.209999027196318e-06
2996,0,0,0.9981038570404053,2.981816805913695e-06,9.476136619923636e-05,0.0017984536243602633
2997,0,0,0.9999485015869141,2.9631968573085032e-05,2.5733691018103855e-06,1.927677840285469e-05
2998,1,1,2.631730785651598e-05,0.9999728202819824,8.755880465116661e-10,8.044505648285849e-07
2999,0,0,0.9977776408195496,3.95851930079516e-05,5.262588456389494e-05,0.002130215521901846
3000,1,1,2.5950597773771733e-05,0.9999701976776123,1.1969984825555002e-07,3.6498877307167277e-06
3001,2,2,0.00044865402742289007,0.0005070757470093668,0.5807598829269409,0.4182843863964081
3002,1,1,4.695366806117818e-05,0.9995074272155762,0.00031367456540465355,0.00013185295392759144
3003,2,2,0.01241796463727951,0.0007765591726638377,0.973107635974884,0.013697845861315727
3004,3,3,2.2703541617374867e-05,2.2231325114141498e-10,1.4042507245903835e-06,0.9999759197235107
3005,2,2,0.0376858115196228,0.0008132219663821161,0.8081021904945374,0.15339884161949158
3006,0,0,0.9999094009399414,1.5914677078399109e-06,2.2845224521006458e-05,6.614431913476437e-05
3007,1,1,0.003553034970536828,0.9892280101776123,0.006680454593151808,0.0005384833202697337
3008,2,0,0.6561716794967651,0.10244879126548767,0.2354615479707718,0.005917872302234173
3009,1,1,0.001132369157858193,0.9986777901649475,8.342458022525534e-05,0.00010638657840900123
3010,2,2,0.0024855327792465687,0.0032281901221722364,0.993894636631012,0.00039165635826066136
3011,2,2,0.00016144814435392618,1.5642137896065833e-06,0.9993675351142883,0.0004694380913861096
3012,3,3,1.8043529053102247e-05,4.061073923367076e-06,0.00021131598623469472,0.9997666478157043
3013,0,0,0.9995748400688171,2.7819360184366815e-05,0.00029619724955409765,0.00010116786870639771
3014,2,2,0.03112374246120453,1.5122385121912885e-08,0.9580271244049072,0.010849203914403915
3015,1,1,0.0017779305344447494,0.9980518817901611,1.4384332644112874e-05,0.00015580319450236857
3016,2,0,0.7255637049674988,3.571112756617367e-05,0.2743871510028839,1.3379226402321365e-05
3017,2,2,0.13469678163528442,5.954443622613326e-06,0.7980265617370605,0.0672706589102745
3018,1,1,0.0009871817892417312,0.9990066885948181,1.6621169152131188e-07,6.009819571772823e-06
3019,0,0,0.9982774257659912,0.00015612281276844442,0.0006535044522024691,0.0009130163816735148
3020,2,2,0.00013739125279244035,0.0010989255970343947,0.9986623525619507,0.00010130422015208751
3021,0,0,0.999976634979248,2.9718100336140196e-07,9.288793989981059e-06,1.3785093869955745e-05
3022,1,1,7.004900339779851e-07,0.9999983310699463,1.4974195039485494e-07,8.935008963817381e-07
3023,2,2,0.0033873128704726696,3.852020745398477e-05,0.9941748976707458,0.002399295102804899
3024,1,1,7.166568138927687e-06,0.9999780654907227,1.0982289495586883e-05,3.817375727521721e-06
3025,2,2,0.025697140023112297,0.0005581776495091617,0.9716533422470093,0.0020913444459438324
3026,1,1,1.3177445907786023e-06,0.9999971389770508,7.445967185049085e-07,8.516636285094137e-07
3027,3,2,0.025659101083874702,0.00035095433122478426,0.674152672290802,0.29983726143836975
3028,1,1,1.1996407067726977e-07,0.9999996423721313,1.3586321756520192e-07,9.167347769789558e-08
3029,1,1,0.011961511336266994,0.9879288077354431,2.601712549221702e-05,8.37584157125093e-05
3030,1,1,2.9655348043888807e-06,0.9999966621398926,1.223371071112922e-09,3.3894886541929736e-07
3031,1,1,3.9625053460667914e-08,0.9999998807907104,4.460712355047747e-10,1.221215200075676e-07
3032,1,1,3.0293063900899142e-05,0.98785001039505,0.0029718352016061544,0.00914784986525774
3033,0,0,0.9999710321426392,3.771923786644038e-07,2.3926902940729633e-05,4.6579548325098585e-06
3034,3,3,1.1259619441261748e-06,3.8360673144943735e-12,0.00016289410996250808,0.9998359680175781
3035,2,3,0.000696561939548701,0.0015651655849069357,0.13314451277256012,0.8645938038825989
3036,1,0,0.6503597497940063,0.3329148590564728,0.016037290915846825,0.0006880660657770932
3037,1,1,0.0001076844782801345,0.999891996383667,1.3003139542888675e-07,1.0068873024238201e-07
3038,3,3,3.009357669725432e-06,3.180246066492032e-10,0.000258037616731599,0.9997389912605286
3039,0,0,0.9623731374740601,0.0008233999251388013,0.03497903421521187,0.0018243768718093634
3040,0,0,0.9266610145568848,0.027301406487822533,0.001148034119978547,0.04488956555724144
3041,0,0,0.9999831914901733,7.190781730059825e-07,9.984953521779971e-07,1.5085453924257308e-05
3042,0,0,0.999988317489624,1.2085712342013721e-07,1.0168051630898844e-05,1.4240864629755379e-06
3043,1,1,0.006829052232205868,0.980943500995636,0.004213166888803244,0.008014312945306301
3044,0,0,0.9767221212387085,1.449162255084957e-06,0.021554091945290565,0.001722315908409655
3045,2,2,0.01002979464828968,3.6609522794606164e-05,0.9799946546554565,0.009938924573361874
3046,1,1,6.749828025931492e-05,0.9991815686225891,0.00047721885493956506,0.00027366570429876447
3047,1,1,1.114800397772342e-06,0.9999977350234985,1.1917150004592258e-06,1.5429645117137625e-08
3048,0,0,0.9998273849487305,8.113989679259248e-06,0.00013232856872491539,3.211370494682342e-05
3049,1,1,0.11815758794546127,0.8744798302650452,0.005497695878148079,0.0018648372497409582
3050,1,1,2.3037519270019402e-07,0.9999994039535522,1.7232696336577646e-07,2.672600203368347e-07
3051,2,2,0.05051792785525322,1.7612537703826092e-05,0.9487575888633728,0.0007069149287417531
3052,2,2,0.48524606227874756,0.0005205079214647412,0.50869220495224,0.005541240330785513
3053,1,1,9.932208513419027e-07,0.9999985694885254,3.1590946036885725e-07,9.753481577945422e-08
3054,0,0,0.9999966621398926,6.772208394068002e-07,7.186155244198744e-07,1.9236285879742354e-06
3055,2,2,0.07859595865011215,0.002042917301878333,0.8613579273223877,0.058003149926662445
3056,3,3,0.002262611873447895,1.259972179923352e-07,1.8455128838468227e-06,0.9977353811264038
3057,3,0,0.9402578473091125,2.3164662366070843e-07,0.009197709150612354,0.05054423213005066
3058,0,0,0.9999896287918091,8.37664174468955e-06,1.005303943202307e-06,1.0114355291079846e-06
3059,3,3,0.008047306910157204,0.00014985035522840917,0.09873170405626297,0.8930711150169373
3060,3,2,0.021053340286016464,0.00242862431332469,0.9754482507705688,0.0010698484256863594
3061,0,0,0.9999997615814209,4.126294306239231e-10,2.6592636004352244e-07,2.9297533288286104e-08
3062,0,2,0.031172282993793488,4.929304395773215e-07,0.9647992253303528,0.004027930554002523
3063,0,1,0.01738627627491951,0.9824432134628296,0.00015127204824239016,1.9263085050624795e-05
3064,0,0,0.9983595013618469,9.557660814607516e-05,0.0014979891711845994,4.691504000220448e-05
3065,1,1,4.5518383728904155e-08,0.9999998807907104,1.57853143889497e-08,7.189395745399452e-10
3066,1,1,0.0008619402651675045,0.9988580942153931,0.00027710304129868746,2.811469585140003e-06
3067,2,2,0.0008153139497153461,5.528400137677636e-08,0.9991523027420044,3.2331139664165676e-05
3068,3,3,0.04314586892724037,2.1119560187798925e-05,0.0079446816816926,0.9488883018493652
3069,2,2,0.00501471059396863,3.6338202335173264e-05,0.9929051995277405,0.0020437883213162422
3070,2,2,0.04582492634654045,1.4526322047458962e-05,0.9538028240203857,0.0003576829913072288
3071,1,1,5.618024943032651e-07,0.9999991655349731,1.783004677236022e-07,1.1715531655909217e-07
3072,1,1,1.1963193173869513e-06,0.9999961853027344,3.415452169974742e-07,2.27117652684683e-06
3073,3,3,1.5341751350206323e-05,9.851642971625552e-06,0.007312338799238205,0.9926625490188599
3074,1,1,4.743369936477393e-05,0.9999514818191528,3.246641995247046e-07,7.557557637483114e-07
3075,0,0,0.9999667406082153,5.956873792456463e-06,2.6940982934320346e-05,3.9690399944447563e-07
3076,2,2,0.000507874006871134,7.836233999114484e-05,0.9334513545036316,0.06596247851848602
3077,2,1,0.0008961575222201645,0.9919613003730774,0.006977418903261423,0.00016512982256244868
3078,2,2,0.00024925166508182883,0.0001688370102783665,0.9995490908622742,3.275930794188753e-05
3079,1,1,7.721419024164788e-07,0.9999982118606567,3.555395835519448e-07,7.541833042523649e-07
3080,3,3,0.08664530515670776,0.00023437687195837498,0.022090090438723564,0.8910301923751831
3081,0,0,0.9924349188804626,0.0008417012286372483,0.006233685649931431,0.0004895685124211013
3082,0,0,0.999976396560669,8.649366463941988e-06,1.1653055480564944e-05,3.3017365694831824e-06
3083,2,2,0.000254060112638399,1.6516232790309004e-06,0.9997379183769226,6.3309084907814395e-06
3084,2,2,0.004535713233053684,2.3346301532001235e-05,0.9935923218727112,0.00184857496060431
3085,0,0,0.9853709936141968,1.8815388102666475e-05,0.014012105762958527,0.0005981532158330083
3086,2,2,1.8260341676068492e-05,2.5928835611921386e-07,0.9955706000328064,0.0044108666479587555
3087,3,3,1.627974484108563e-07,1.3653734143304064e-08,0.008909041061997414,0.9910907745361328
3088,1,1,0.31608378887176514,0.3307226896286011,0.2444973886013031,0.10869607329368591
3089,3,3,6.009262870065868e-05,7.354406648119038e-07,0.014188367873430252,0.9857507944107056
3090,3,2,2.986021172546316e-05,3.389891423122293e-10,0.7275194525718689,0.2724507451057434
3091,3,1,0.00031075713923200965,0.9990535378456116,0.00012865799362771213,0.0005070066545158625
3092,1,1,0.00028328297776170075,0.999714195728302,1.019941677782299e-07,2.363034127483843e-06
3093,0,0,0.907951831817627,0.046923793852329254,0.03997329995036125,0.00515105202794075
3094,1,1,4.4214621084393e-06,0.9999955892562866,8.683732066749883e-10,1.0771606717696613e-08
3095,1,1,1.986779534490779e-05,0.9999722242355347,3.763026825254201e-06,4.132474714424461e-06
3096,2,2,0.00026240016450174153,6.872978985938971e-08,0.9991447925567627,0.0005926823359914124
3097,3,3,0.0004916904144920409,0.00011697129957610741,0.09157127141952515,0.9078201055526733
3098,2,2,0.0006455070688389242,1.1117385234626909e-08,0.9987807869911194,0.0005736920866183937
3099,3,3,0.00025412021204829216,5.2524802285347505e-09,5.8470614021643996e-05,0.9996874332427979
3100,3,3,3.5557718547352124e-06,1.160421106760623e-06,4.340393206803128e-05,0.9999518394470215
3101,2,2,3.8648714451028354e-08,1.1564658952689655e-11,1.0,1.4716871277187238e-08
3102,0,0,0.9906696081161499,0.0004947431734763086,0.007759868633002043,0.0010757625568658113
3103,3,0,0.4360808730125427,0.003209922229871154,0.17229750752449036,0.3884117007255554
3104,2,2,6.912206913511909e-07,1.035127678017389e-10,0.9999991655349731,1.0743601563945049e-07
3105,2,2,1.2492207133618649e-05,4.847116130690665e-08,0.99997878074646,8.633028301119339e-06
3106,0,0,0.9999874830245972,6.147171461634571e-06,3.4348843769294035e-07,5.991049874864984e-06
3107,3,3,0.016516370698809624,2.6986808734363876e-06,0.06783929467201233,0.9156416654586792
3108,0,0,0.9917987585067749,3.513775664032437e-05,0.0015728477155789733,0.006593261379748583
3109,3,3,0.000576936115976423,7.638024544576183e-05,0.0010319430148229003,0.9983147382736206
3110,3,3,0.00012177866301499307,5.798074909080242e-09,0.3720807731151581,0.6277974247932434
3111,0,0,0.9997839331626892,6.16219779203675e-07,3.544644278008491e-05,0.0001800879545044154
3112,2,2,7.134146606802005e-09,2.4565631646933372e-12,1.0,3.132316805931623e-08
3113,0,0,0.9699043035507202,1.4989662304287776e-05,0.03005574643611908,2.498738103895448e-05
3114,3,3,1.2602586139109917e-05,1.8053092354364253e-09,0.00013984445831738412,0.9998475313186646
3115,2,3,0.0002662898332346231,0.0020913968328386545,0.11818743497133255,0.8794548511505127
3116,3,2,0.002475759945809841,0.00044668925693258643,0.9625186324119568,0.03455887734889984
3117,1,1,0.0006683680112473667,0.9991360306739807,7.739108696114272e-05,0.00011824005196103826
3118,0,0,0.9998227953910828,5.572907184614451e-07,0.00013788936485070735,3.8795609725639224e-05
3119,2,2,0.0008312854915857315,0.0001584843994351104,0.9883785843849182,0.010631751269102097
3120,3,3,0.0003390113706700504,8.759058800933417e-06,0.0001252635702257976,0.9995269775390625
3121,2,2,0.0004492391017265618,7.808696977917862e-07,0.998195469379425,0.001354564679786563
3122,0,0,0.9999971389770508,1.114412208347293e-11,1.3910989693499687e-08,2.841441073542228e-06
3123,0,0,0.9995763897895813,7.304133298191573e-09,2.084564584947657e-05,0.00040275833453051746
3124,0,0,0.9994797110557556,1.1420206114109988e-08,0.00023432006128132343,0.0002858938532881439
3125,3,3,0.20572611689567566,0.2518438994884491,0.15782949328422546,0.38460052013397217
3126,1,1,3.720772292581387e-05,0.999901294708252,1.3980462654217263e-06,6.004836177453399e-05
3127,3,3,0.00032934389309957623,7.52234484480141e-07,0.048921193927526474,0.9507486820220947
3128,2,2,0.0002595464466139674,3.814581361893943e-07,0.9841920137405396,0.015548034571111202
3129,3,3,0.0050236233510077,8.504859039248913e-08,0.07413585484027863,0.9208404421806335
3130,2,1,0.0011636115377768874,0.5661886930465698,0.3254663944244385,0.10718127340078354
3131,1,1,0.0014984052395448089,0.9982197880744934,0.00021061650477349758,7.114902837201953e-05
3132,0,0,0.9999996423721313,2.2981456737625194e-09,9.999917338632258e-09,3.6570278894032526e-07
3133,0,0,0.647067129611969,1.7804919480113313e-05,0.23830832540988922,0.11460670828819275
3134,2,2,0.016797516494989395,0.0002990760840475559,0.9667612910270691,0.016142139211297035
3135,2,2,0.004775927402079105,2.3058903025230393e-05,0.9944433569908142,0.0007577156065963209
3136,3,3,4.5407196580526943e-07,8.581237942451025e-09,2.568144509496051e-06,0.9999970197677612
3137,3,3,0.004456797614693642,4.5779529500578064e-06,0.00137748580891639,0.994161069393158
3138,0,0,0.999991774559021,1.7554784292883596e-08,3.314935952403175e-07,7.837209523131605e-06
3139,3,3,0.0017555522499606013,1.7773076024241163e-06,0.07981465011835098,0.9184280633926392
3140,3,3,4.762648018186155e-07,5.649978334076877e-07,0.0003429724893067032,0.9996559619903564
3141,3,2,0.021898437291383743,0.000637949095107615,0.7054274678230286,0.27203604578971863
3142,1,1,2.545135976106394e-05,0.9999653100967407,6.806360943301115e-06,2.3454974780179327e-06
3143,0,0,0.9999914169311523,2.3205258159464393e-08,5.327476060301706e-07,8.051721124502365e-06
3144,2,2,0.32867684960365295,0.009660674259066582,0.6423605680465698,0.01930190995335579
3145,3,2,0.00020271632820367813,1.803860504878685e-05,0.6915960311889648,0.3081831932067871
3146,3,2,0.0004089598369318992,4.173299483767323e-09,0.6021853089332581,0.397405743598938
3147,0,0,0.9360548257827759,4.8709534894442186e-06,0.004177727270871401,0.05976264551281929
3148,1,1,2.3557298845844343e-05,0.9998204112052917,4.599229669111082e-06,0.0001514408941147849
3149,1,1,0.0019884149078279734,0.9979760050773621,2.930156597358291e-07,3.5305496567161754e-05
3150,1,1,3.5442404623609036e-05,0.999836802482605,1.172676456917543e-05,0.00011596970580285415
3151,0,0,0.9999996423721313,2.5579640627881872e-09,2.222302555310307e-07,8.65416254214324e-08
3152,0,0,0.9088940024375916,0.058723535388708115,0.0010884610237553716,0.031294021755456924
3153,0,0,0.9953580498695374,4.384257408673875e-05,0.002797485562041402,0.0018006552709266543
3154,1,1,1.1520573934831191e-05,0.9996280670166016,1.1266414730926044e-05,0.0003490954695735127
3155,3,2,0.01479119062423706,0.00017099494289141148,0.9793322086334229,0.005705603864043951
3156,2,3,0.0031778577249497175,1.1461019312264398e-05,0.1863599270582199,0.8104507923126221
3157,0,3,0.041033364832401276,6.602094231311639e-07,8.011622412595898e-05,0.958885908126831
3158,2,2,9.329549357062206e-05,3.162675056955777e-06,0.9984883069992065,0.0014152191579341888
3159,3,3,0.01646973192691803,0.00030622698250226676,0.47626474499702454,0.5069593191146851
3160,1,1,0.0005385164986364543,0.9994422793388367,1.1547567737579811e-05,7.642527634743601e-06
3161,0,0,0.9972280859947205,3.452439705142751e-05,0.002513912972062826,0.00022340373834595084
3162,3,3,0.0014155949465930462,5.7190838731457916e-09,0.0005255216383375227,0.9980588555335999
3163,0,0,0.545060396194458,0.000144691119203344,0.4482646882534027,0.0065302071161568165
3164,0,0,0.9947242140769958,1.3072377441858407e-05,0.002921715611591935,0.0023409337736666203
3165,1,1,8.337530488233824e-08,0.9999997615814209,9.98501370474969e-09,9.459795791144643e-08
3166,1,1,0.00023311973200179636,0.9996557235717773,9.346632577944547e-05,1.759699262038339e-05
3167,0,0,0.9999747276306152,1.8415724056808358e-08,2.0694666091003455e-05,4.452810117072659e-06
3168,3,3,0.0025331180077046156,3.257100615883246e-06,0.0002587591006886214,0.9972048401832581
3169,0,0,0.9946300983428955,8.199381409212947e-05,0.005221615545451641,6.618275074288249e-05
3170,2,3,0.008308526128530502,1.7036268218362238e-07,0.12608888745307922,0.8656023740768433
3171,2,2,0.000558944942895323,1.0019628149393611e-07,0.9979782700538635,0.0014627614291384816
3172,0,0,0.9255842566490173,0.00017892660980578512,0.07364436239004135,0.0005924082943238318
3173,1,1,0.00047841781633906066,0.9991039633750916,0.00022627257567364722,0.0001912389270728454
3174,0,0,0.9885444045066833,1.9753846572712064e-05,0.0038365223444998264,0.007599325384944677
3175,3,3,0.0003136857703793794,0.0022206318099051714,0.01255902647972107,0.9849067330360413
3176,0,0,0.9925094842910767,0.000619454134721309,0.003533758455887437,0.003337307833135128
3177,2,2,0.007350108120590448,0.0023554079234600067,0.8123031854629517,0.17799128592014313
3178,2,2,0.19925521314144135,0.0026398117188364267,0.7580767273902893,0.040028225630521774
3179,1,1,0.0007196969236247241,0.9963494539260864,0.0028564624954015017,7.435594307025895e-05
3180,3,0,0.9190300107002258,2.686268771867617e-06,0.0010599386878311634,0.07990734279155731
3181,0,0,0.9999991655349731,5.572450056945399e-09,6.121452429397323e-07,1.8567705240002397e-07
3182,2,2,0.0004041019710712135,1.519676288808114e-06,0.9965046644210815,0.0030897457618266344
3183,2,3,5.0487564294599e-05,0.019460204988718033,0.010786300525069237,0.9697030186653137
3184,2,2,0.0004923641681671143,6.196516633139026e-10,0.9989349246025085,0.0005727194948121905
3185,3,3,0.03749118745326996,6.441636651288718e-05,0.00425842497497797,0.9581860303878784
3186,0,1,0.0004863594367634505,0.9990856647491455,7.247224857565016e-05,0.0003555374569259584
3187,0,0,0.9921013712882996,8.217470167437568e-05,0.005561430472880602,0.0022550025023519993
3188,2,3,0.004393953830003738,1.5322332558298513e-07,0.4051428437232971,0.5904631018638611
3189,2,2,0.004039686173200607,1.5528104313489166e-06,0.9955868721008301,0.00037180384970270097
3190,2,2,0.0008018474327400327,3.773807748075342e-06,0.9974063038825989,0.0017880394589155912
3191,0,0,0.999782383441925,2.69594784185756e-05,1.664605770201888e-05,0.0001739431027090177
3192,2,2,0.00012087733921362087,2.6583187207052106e-08,0.9998193383216858,5.984877498121932e-05
3193,2,2,0.002080315724015236,1.2356463230389636e-05,0.9907383322715759,0.007169041316956282
3194,0,0,0.6847188472747803,0.003435068530961871,0.27987876534461975,0.03196725621819496
3195,0,0,0.9156633615493774,5.540809070225805e-06,0.06950799375772476,0.014823119156062603
3196,0,0,0.9997374415397644,1.64815139669372e-06,2.832614654835197e-06,0.0002579843276180327
3197,3,3,6.901769666001201e-06,9.916056691039454e-13,0.4872698485851288,0.5127232074737549
3198,3,3,3.2087073122966103e-06,1.1976006852876253e-08,0.0009561195620335639,0.9990406632423401
3199,3,3,4.285032900952501e-06,3.258674718953358e-10,0.016073904931545258,0.9839217662811279
3200,1,1,0.38093438744544983,0.5540102124214172,0.042009640485048294,0.02304573357105255
3201,2,2,1.9990800126379327e-07,7.470976962076215e-12,0.9999997615814209,1.2804760807227922e-08
3202,2,2,0.005743796471506357,6.695607589790598e-05,0.9931582808494568,0.0010310851503163576
3203,2,2,0.12128889560699463,0.07171127945184708,0.7675656676292419,0.03943412005901337
3204,3,3,7.3414462349319365e-06,3.6152183469084775e-08,0.0003378280089236796,0.9996548891067505
3205,0,0,0.9999840259552002,1.368004376445242e-09,5.033335241932946e-07,1.5454832464456558e-05
3206,0,0,0.9971285462379456,0.0006460141157731414,0.00031945068622007966,0.0019060845952481031
3207,2,2,0.00043296482181176543,0.00022475160949397832,0.9966713786125183,0.002670926507562399
3208,1,1,0.00010325197945348918,0.9998959302902222,3.08780244040463e-07,5.086063197268231e-07
3209,2,2,7.827595254639164e-06,2.744134803833731e-07,0.999955415725708,3.6485620512394235e-05
3210,0,0,1.0,1.3276573174181294e-09,1.0510885217751564e-10,1.7197423485271202e-09
3211,0,0,0.9926897883415222,0.0025069224648177624,0.0031726984307169914,0.001630526501685381
3212,2,2,0.0023339258041232824,1.3184101590013597e-05,0.9975777268409729,7.517181074945256e-05
3213,2,2,0.0007480248459614813,6.735552346981422e-07,0.9991452693939209,0.00010602304246276617
3214,2,2,0.000681223114952445,0.000186118355486542,0.9912746548652649,0.00785798393189907
3215,2,2,0.0756625384092331,4.274984166841023e-05,0.8941157460212708,0.030179042369127274
3216,1,1,2.0079010937479325e-05,0.9999680519104004,9.86700911198568e-07,1.0866900083783548e-05
3217,3,2,0.00475813914090395,0.004270420875400305,0.9341838955879211,0.05678753927350044
3218,2,2,0.0006005484028719366,1.0173632290388923e-05,0.9990525841712952,0.0003366022137925029
3219,0,0,0.9997546076774597,8.023838745430112e-06,0.00023610840435139835,1.302209511777619e-06
3220,2,3,0.016143755987286568,1.0618922630101224e-08,0.4718714654445648,0.5119847655296326
3221,3,3,0.00039338154601864517,0.0001625733420951292,0.004019617568701506,0.9954244494438171
3222,3,3,3.7910485843895e-05,2.1308371733752551e-10,0.0024797008372843266,0.9974823594093323
3223,3,3,0.004880025517195463,3.48836365446914e-05,0.002501911483705044,0.992583155632019
3224,0,0,0.9970117807388306,0.0003830721543636173,0.0006127269007265568,0.001992400037124753
3225,3,2,4.735478069051169e-05,2.431992207618805e-08,0.6620832681655884,0.33786940574645996
3226,0,0,0.9995532631874084,0.00022343677119351923,0.00014719982573296875,7.616239599883556e-05
3227,3,3,6.0139072957099415e-06,1.3579029012333876e-09,0.0031250084284693003,0.9968690276145935
3228,0,0,0.9998728036880493,4.7426846094822395e-07,0.00011965242447331548,7.043464847811265e-06
3229,3,3,3.0669936677441e-05,1.2529638979685842e-06,0.005254985764622688,0.9947130084037781
3230,1,1,3.388871050447051e-07,0.9999994039535522,2.1168014541217417e-07,1.2078177569208037e-08
3231,1,1,4.706172944679565e-07,0.9999990463256836,2.387639881362702e-07,2.6478966219656286e-07
3232,1,1,0.001112831523641944,0.9986575841903687,0.00021180811745580286,1.770059679984115e-05
3233,0,0,0.9999934434890747,2.3808741089759167e-10,4.706826985056978e-06,1.9299009181850124e-06
3234,1,1,1.551143796740817e-10,0.9999985694885254,9.363940733919662e-08,1.2584857813635608e-06
3235,1,1,3.349386759055051e-07,0.9999996423721313,1.0348444323682315e-09,3.603592146905754e-10
3236,1,0,0.5963489413261414,0.27674829959869385,0.1201738715171814,0.006728885695338249
3237,1,1,2.4326303901034407e-05,0.9999747276306152,9.841568271440337e-07,3.230383782693025e-08
3238,1,1,8.65806555339077e-07,0.9999990463256836,7.991011186092578e-10,1.572799703808414e-07
3239,0,0,0.9385485649108887,0.06131792068481445,8.412427268922329e-05,4.938789061270654e-05
3240,2,2,1.7276181097258814e-05,5.619961939373752e-06,0.9989734888076782,0.001003678422421217
3241,3,3,0.00852007046341896,7.971121522132307e-05,0.11904232203960419,0.8723578453063965
3242,2,2,9.512843826087192e-05,6.621551438001916e-05,0.9997367262840271,0.00010194507194682956
3243,2,2,0.03617159277200699,1.7722899428918026e-05,0.9637874960899353,2.320086605323013e-05
3244,1,1,2.312877040822059e-05,0.9997591376304626,0.0002105449530063197,7.188119070633547e-06
3245,0,0,0.9939067959785461,1.3411797681328608e-06,0.00459117628633976,0.0015006111934781075
3246,2,2,0.00017933429626282305,4.5061014475322736e-07,0.9996376037597656,0.00018253576126880944
3247,0,0,0.999993085861206,2.898060301959049e-06,2.574979134806199e-06,1.383145786348905e-06
3248,0,0,0.998625636100769,5.637807407765649e-05,0.0010049247648566961,0.0003130220575258136
3249,0,0,0.9974831938743591,0.0008271507686004043,0.0014951563207432628,0.00019449864339549094
3250,0,0,0.9940166473388672,8.550627228487429e-08,5.418933506007306e-05,0.005929151084274054
3251,3,3,1.7828524505603127e-05,1.0151068430275245e-08,0.11582864075899124,0.8841534852981567
3252,2,2,0.006628558039665222,0.00015438336413353682,0.9931219220161438,9.516863792669028e-05
3253,0,0,0.9999696016311646,5.857899498806773e-09,1.1344929589540698e-05,1.9077655451837927e-05
3254,0,0,0.9998254179954529,9.075975867745001e-06,0.00012209959095343947,4.3448886572150514e-05
3255,0,0,0.999477207660675,9.829386544879526e-05,0.00039896831731311977,2.553426384110935e-05
3256,3,3,0.0018014868255704641,2.476540972295993e-09,0.00365451374091208,0.9945440292358398
3257,3,3,6.076457736980956e-08,1.8473852655964684e-11,0.0005321635981090367,0.9994677901268005
3258,2,2,4.993032416678034e-05,1.6744066670071334e-05,0.5030020475387573,0.4969312846660614
3259,1,1,0.00015158019959926605,0.9998272061347961,1.5871015420998447e-05,5.361913281376474e-06
3260,2,2,0.001005563884973526,5.9696922107832506e-05,0.9980150461196899,0.0009197271429002285
3261,1,1,0.000175411332747899,0.9998242259025574,8.250848892998874e-09,3.715181264851708e-07
3262,3,3,0.012806518003344536,5.759498162660748e-05,0.07589122653007507,0.9112446904182434
3263,3,3,4.316831109463237e-06,3.223804867502622e-07,7.519169594161212e-05,0.999920129776001
3264,2,2,9.572587259754073e-06,3.2955276285662194e-09,0.5501336455345154,0.4498567581176758
3265,3,1,0.17190241813659668,0.5152174234390259,0.014675992541015148,0.2982041835784912
3266,2,2,0.00012895168038085103,7.603662055544191e-08,0.999228835105896,0.0006420800345949829
3267,2,2,0.006176644004881382,2.610579770134791e-07,0.9848271608352661,0.00899590365588665
3268,0,0,0.9882153272628784,0.008080367930233479,0.00042694254079833627,0.0032773383427411318
3269,2,2,0.46505698561668396,0.000447360856924206,0.5336323976516724,0.0008632770041003823
3270,2,2,0.0004552839382085949,4.2594707338139415e-05,0.562073290348053,0.4374287724494934
3271,1,1,0.019623497501015663,0.979756772518158,0.000341023231158033,0.000278673687716946
3272,2,2,0.0015105227939784527,1.3005900427742745e-06,0.9925509691238403,0.005937229376286268
3273,1,1,4.397921671284166e-08,0.9999997615814209,1.2313108754824498e-07,1.3267003851069603e-07
3274,2,2,0.032756779342889786,0.00010143265535589308,0.9670966267585754,4.511282895691693e-05
3275,1,1,0.05139334127306938,0.9481390118598938,0.0002177339483750984,0.00024987017968669534
3276,2,2,0.001101356465369463,0.00010348579962737858,0.9981476068496704,0.0006475657573901117
3277,2,2,0.000605656357947737,0.006500468589365482,0.9916532635688782,0.0012406576424837112
3278,3,3,5.7672128605190665e-05,6.827083893767849e-07,8.957411773735657e-05,0.9998520612716675
3279,0,0,0.9996041655540466,2.654129502843716e-06,0.00024154652783181518,0.00015168664685916156
3280,3,3,0.0033219086471945047,5.077890818938613e-05,0.0003552345442585647,0.9962719678878784
3281,3,3,8.273436833405867e-05,3.1394037591780943e-07,0.00015042618906591088,0.9997665286064148
3282,3,0,0.608924925327301,0.003470348659902811,0.014640610665082932,0.37296414375305176
3283,1,1,1.0529514838708565e-05,0.9972459077835083,0.00023620332649443299,0.002507394878193736
3284,0,0,0.9999877214431763,7.177922700662975e-10,3.8072362258390058e-06,8.454644557787105e-06
3285,3,3,6.84480164636625e-06,3.724432318108484e-08,0.0005803830572403967,0.9994127750396729
3286,0,0,0.899852454662323,0.005590017884969711,0.04947156831622124,0.04508602246642113
3287,3,3,8.477373469872873e-09,9.74295920634291e-14,3.958215074817417e-06,0.9999960660934448
3288,2,2,0.00016073588631115854,2.644817186592263e-06,0.9998171925544739,1.9437240553088486e-05
3289,3,3,0.005987083073705435,0.0008575700339861214,0.05765783041715622,0.935497522354126
3290,3,3,1.2220689882269653e-07,4.5640932005985846e-11,0.001201955252327025,0.9987978935241699
3291,3,3,8.058455568971112e-05,1.8387456179880246e-07,2.7776626666309312e-05,0.9998914003372192
3292,3,3,0.00010736075637396425,2.657731101862737e-08,0.0007212873315438628,0.9991713762283325
3293,3,3,1.4451373431256798e-07,1.0348220769174077e-07,0.001657837419770658,0.9983419179916382
3294,2,2,0.0008967916364781559,4.050933785038069e-05,0.9722265601158142,0.02683606743812561
3295,0,0,0.9991008043289185,1.573387453390751e-05,0.0006792756612412632,0.0002042364067165181
3296,3,3,0.04740956425666809,1.6329631762346253e-05,0.005699648521840572,0.9468744397163391
3297,0,0,0.9972116351127625,0.00039413460763171315,0.0004904530942440033,0.0019037934252992272
3298,0,0,0.9999997615814209,9.58688417540543e-09,3.416099181308141e-09,2.2319687786875875e-07
3299,2,2,0.0006356071098707616,7.781673957651947e-06,0.9978426694869995,0.001514011644758284
3300,0,0,0.9999991655349731,2.5501405431782587e-08,6.96167774094647e-07,8.921363559011297e-08
3301,0,0,0.9999817609786987,6.453799414884998e-07,1.4051664948055986e-05,3.541126716299914e-06
3302,1,1,1.9761762359848944e-06,0.9999953508377075,2.5522940632072277e-06,1.3158818035208242e-07
3303,0,0,0.9145748615264893,3.18021056955331e-06,0.07160331308841705,0.013818534091114998
3304,2,2,0.00031882221810519695,6.54617849704664e-07,0.9984778761863708,0.001202622544951737
3305,3,3,0.0005772698787041008,7.809570524841547e-05,0.055198971182107925,0.944145679473877
3306,0,3,0.024737464264035225,1.9594827449509467e-07,9.108902304433286e-05,0.9751712083816528
3307,2,2,6.335034413496032e-05,0.00105203315615654,0.9982989430427551,0.0005857795476913452
3308,1,1,1.2053582132409701e-08,1.0,5.10323383551281e-09,2.5247521850957355e-09
3309,1,1,0.01630231738090515,0.9826648831367493,0.0008471423061564565,0.00018561718752607703
3310,3,3,3.388788172742352e-06,1.6174814163605333e-06,0.010622908361256123,0.9893720746040344
3311,0,0,0.9999386072158813,5.9526715631363913e-05,1.826628363232885e-06,1.2005011740257032e-07
3312,0,2,0.011251963675022125,0.041257694363594055,0.6597498655319214,0.28774046897888184
3313,3,3,2.822428086801665e-06,1.1572742764087707e-10,0.0002907113521359861,0.9997064471244812
3314,0,0,0.5379974842071533,8.708022505743429e-06,0.42856767773628235,0.033426083624362946
3315,0,0,0.7000693678855896,0.00011722165072569624,0.16835956275463104,0.13145381212234497
3316,0,0,0.9780740737915039,5.563874765357468e-07,0.018703900277614594,0.0032214077655225992
3317,1,1,0.0008425858686678112,0.99915611743927,5.002413558941043e-07,8.630142929177964e-07
3318,1,1,0.00249272957444191,0.997309684753418,0.00011507899762364104,8.24516755528748e-05
3319,2,2,0.00015602994244545698,4.58225895272335e-06,0.9997723698616028,6.700883386656642e-05
3320,1,1,8.313791255432079e-08,0.9999998807907104,1.2100873192366635e-08,1.4091492417378504e-09
3321,2,2,1.086873726308113e-05,5.006504011362267e-07,0.9962397813796997,0.0037487971130758524
3322,1,1,2.4439208345938823e-07,0.9999990463256836,7.044995413707511e-07,1.4219702082485242e-09
3323,2,2,0.0003690697776619345,1.0112198651768267e-05,0.9994480013847351,0.00017282008775509894
3324,2,2,0.00017413610476069152,5.630731720884796e-06,0.99974125623703,7.895694579929113e-05
3325,2,2,1.7403773711066606e-07,1.1014191295122266e-11,0.8745691180229187,0.125430628657341
3326,1,1,0.001079576788470149,0.9969434142112732,0.001972460187971592,4.480829375097528e-06
3327,2,2,0.10013824701309204,0.0016346665797755122,0.4766916036605835,0.4215354919433594
3328,0,0,0.9968108534812927,0.00018332424224354327,0.0028464931529015303,0.0001592440385138616
3329,2,2,0.00024291264708153903,3.870152340823552e-06,0.9980436563491821,0.0017095255898311734
3330,2,2,0.0010618616361171007,3.189754716004245e-05,0.9816837906837463,0.017222434282302856
3331,1,1,0.0003431003133300692,0.9931058287620544,0.00024936074623838067,0.006301725283265114
3332,2,2,0.04833816736936569,0.0002841541718225926,0.9361131191253662,0.015264548361301422
3333,0,0,0.9792064428329468,3.558175376383588e-05,0.00612571882084012,0.014632277190685272
3334,2,3,7.639735486009158e-06,9.816248791594262e-08,0.00032903533428907394,0.999663233757019
3335,2,2,0.00033134190016426146,9.869167843135074e-05,0.9951459765434265,0.004423967562615871
3336,1,1,0.0011735244188457727,0.9959825277328491,0.0007676054374314845,0.0020764064975082874
3337,1,1,0.0026115516666322947,0.9968439340591431,0.0001255586976185441,0.0004189790633972734
3338,1,1,1.1859386177093256e-05,0.9998435974121094,0.00013661354023497552,7.812522198946681e-06
3339,2,2,0.0031593190506100655,4.673688181355828e-06,0.9905656576156616,0.006270360201597214
3340,1,1,0.039515171200037,0.7499388456344604,0.005670960992574692,0.20487502217292786
3341,2,2,0.00030260125640779734,3.543351567714126e-06,0.9994131326675415,0.00028072326676920056
3342,3,3,0.00013083894737064838,3.813490138782072e-06,0.0001102366077248007,0.9997550845146179
3343,3,2,0.008497320115566254,2.794965610064537e-07,0.9701570868492126,0.021345369517803192
3344,0,0,0.9999924898147583,7.0233991209534e-06,4.222928495778433e-08,4.493421386086993e-07
3345,0,0,0.9995805621147156,1.887901532882097e-07,7.5344105425756425e-06,0.0004116890486329794
3346,0,0,0.982437789440155,5.756858627137262e-06,0.014390211552381516,0.003166245063766837
3347,1,1,6.498681614175439e-06,0.9999803304672241,9.228248018189333e-06,3.9715037019050214e-06
3348,1,1,0.0032845025416463614,0.9965770840644836,0.00012809195322915912,1.0337367712054402e-05
3349,1,1,0.1438298523426056,0.8557198643684387,5.413534745457582e-05,0.00039616937283426523
3350,2,2,0.01164872758090496,0.0002880427346099168,0.9810971021652222,0.006966139189898968
3351,2,2,0.023455031216144562,0.003989292774349451,0.7849217057228088,0.18763399124145508
3352,1,1,1.2314309287830838e-06,0.9999375343322754,3.4075936127919704e-05,2.7177087758900598e-05
3353,0,0,0.9999245405197144,1.9186079391886324e-09,1.253713776350196e-06,7.417808228638023e-05
3354,2,3,0.00017512767226435244,7.165989757140778e-08,0.14392006397247314,0.8559046983718872
3355,3,3,0.0016829312080517411,0.00644635921344161,0.012133583426475525,0.9797372221946716
3356,3,3,1.9413128029555082e-05,1.1905300198122859e-05,0.4995745122432709,0.5003941655158997
3357,1,1,7.980066584423184e-06,0.9999910593032837,8.206589541259746e-07,1.6194722718410048e-07
3358,0,0,0.9988858103752136,1.2141518936914508e-06,0.0008416135096922517,0.0002713549474719912
3359,1,1,0.022919628769159317,0.8723369836807251,0.051359083503484726,0.053384386003017426
3360,1,1,1.7402309140379657e-06,0.9999847412109375,2.4302048586832825e-06,1.1143867595819756e-05
3361,1,1,0.00030709191923961043,0.9996864795684814,1.4026985581949702e-06,5.007253093936015e-06
3362,1,1,0.033674828708171844,0.9663023352622986,5.438273092295276e-06,1.7390828361385502e-05
3363,2,2,0.0013231049524620175,0.00018598917813505977,0.9892820119857788,0.00920886266976595
3364,3,3,6.897913408465683e-05,1.6417530446233286e-07,0.0016026848461478949,0.9983282685279846
3365,1,1,0.007859858684241772,0.9915225505828857,0.00018105962953995913,0.0004364650812931359
3366,1,1,0.0898396298289299,0.909287691116333,0.0002810338628478348,0.0005916132940910757
3367,0,0,0.9990853071212769,6.243011011974886e-05,1.0426216249470599e-05,0.0008418310317210853
3368,3,3,0.0003718385996762663,1.8627094533485433e-08,0.004438108764588833,0.9951900243759155
3369,1,1,1.0120909792021848e-05,0.9999876022338867,5.371449773861059e-08,2.2138831354823196e-06
3370,3,3,4.69119222543668e-05,8.44315479753277e-07,0.0020064814016222954,0.9979457259178162
3371,3,3,0.00010416511941002682,2.8828022635707384e-08,0.010511113330721855,0.9893847107887268
3372,1,1,1.852180685091298e-05,0.9999550580978394,2.2099837224232033e-05,4.262624315742869e-06
3373,1,1,2.856459832401015e-05,0.9998819828033447,8.802896627457812e-05,1.471801283514651e-06
3374,3,3,0.006876283325254917,1.9688352494995343e-06,0.00860019214451313,0.9845215678215027
3375,3,3,4.231344792060554e-05,2.1953781015326967e-08,2.0163828594377264e-05,0.9999375343322754
3376,1,1,0.00010652605124050751,0.9998897314071655,5.954640300842584e-07,3.055125034734374e-06
3377,0,0,0.9996813535690308,1.8910645849246066e-06,0.0003051486855838448,1.1555253877304494e-05
3378,0,0,0.9999233484268188,1.063957461155951e-05,6.53315000818111e-05,6.503826170956017e-07
3379,2,2,0.00027264418895356357,1.8508409993955866e-05,0.9997007846832275,8.03678540250985e-06
3380,2,2,0.0033507761545479298,0.0001216075470438227,0.9715532064437866,0.024974500760436058
3381,2,2,5.2867806516587734e-05,6.0588990891119465e-06,0.7016924023628235,0.29824864864349365
3382,3,3,4.421878657012712e-06,3.5818747967653053e-10,3.996057785116136e-06,0.9999915361404419
3383,3,3,0.0007470773416571319,9.047752246260643e-05,9.135705477092415e-05,0.9990710020065308
3384,0,2,0.22496888041496277,3.304491474409588e-05,0.6395797729492188,0.13541828095912933
3385,1,1,4.655284283217043e-05,0.99967360496521,3.890440711984411e-05,0.00024093819956760854
3386,2,2,0.0003086620126850903,3.539382669259794e-05,0.999622106552124,3.382837167009711e-05
3387,1,1,1.6551312000956386e-06,0.9999980926513672,2.387630315681122e-09,2.1267500471822132e-07
3388,0,0,0.9898902177810669,0.0005045025027357042,0.0019892461132258177,0.007616110611706972
3389,0,0,0.9984788298606873,2.5646122594480403e-06,0.001402242691256106,0.00011629385699052364
3390,2,2,0.0017843925161287189,1.3499128726834897e-05,0.9941704869270325,0.0040316409431397915
3391,1,1,0.0002279517793795094,0.9907891154289246,0.0008720847545191646,0.008110816590487957
3392,3,3,0.29701870679855347,0.004289195407181978,0.27195778489112854,0.4267342984676361
3393,0,0,0.9819596409797668,5.305224021867616e-06,0.008674762211740017,0.009360358119010925
3394,3,3,0.0025904355570673943,0.00763288140296936,0.15820088982582092,0.8315756916999817
3395,3,3,0.0003950662794522941,1.3210030374466442e-05,0.0015703609678894281,0.9980213642120361
3396,2,2,0.0007256977842189372,9.452961967326701e-05,0.9985118508338928,0.0006678440258838236
3397,3,3,0.0028864324558526278,0.000514190411195159,0.0033375320490449667,0.9932617545127869
3398,0,0,0.9990100860595703,2.289598910465429e-07,0.00020410203433129936,0.0007855533622205257
3399,0,0,0.9991089701652527,9.042212809617922e-07,0.0004448798135854304,0.00044521005474962294
3400,0,0,0.9997121691703796,4.874235415286421e-08,6.18275225860998e-05,0.00022587610874325037
3401,3,3,5.903812620999815e-07,6.066873114995985e-10,0.005921680014580488,0.9940776824951172
3402,3,3,0.032106660306453705,0.00014564281445927918,0.00012600045010913163,0.9676216244697571
3403,2,2,0.0007865592488087714,5.05507159687113e-06,0.9991033673286438,0.00010502935037948191
3404,3,3,1.3398860573943239e-05,6.171518407427357e-08,0.0032856357283890247,0.9967008233070374
3405,3,3,5.980525384075008e-05,5.70839056024397e-08,0.0015280402731150389,0.9984121322631836
3406,2,3,0.00016958065680228174,1.0614919574436499e-06,0.19075551629066467,0.8090738654136658
3407,0,0,0.999997615814209,4.6917548957026156e-07,5.843784833814425e-07,1.299999325965473e-06
3408,0,0,0.9928309321403503,0.0011568705085664988,1.8371934856986627e-05,0.005993937607854605
3409,2,1,0.0004667247412726283,0.5608749985694885,0.4363290071487427,0.002329248236492276
3410,2,2,0.0005395169137045741,1.0526898677198915e-06,0.9993976354598999,6.177624891279265e-05
3411,2,2,2.1646181266987696e-05,5.456594065478271e-10,0.9998828172683716,9.544578642817214e-05
3412,3,3,7.386379002127796e-05,8.850308222463354e-05,0.026206951588392258,0.9736306667327881
3413,1,1,0.04671233147382736,0.8293713927268982,0.0976734459400177,0.026242805644869804
3414,3,3,0.29470720887184143,6.329967436613515e-05,0.2092358022928238,0.4959936738014221
3415,2,2,0.006130434572696686,8.374875051231356e-07,0.9927777647972107,0.0010909709380939603
3416,1,1,3.9876767914392985e-06,0.9999959468841553,1.3911504836983113e-08,2.1195971200427266e-08
3417,3,3,1.2459950085030869e-06,2.0217156837532002e-09,0.4513808488845825,0.5486178994178772
3418,2,2,0.0008577528642490506,0.006905439309775829,0.969692587852478,0.02254420705139637
3419,2,2,0.04345463588833809,0.007428513374179602,0.8530135750770569,0.09610319137573242
3420,3,3,0.0002470086619723588,5.455204882309772e-05,0.05154727026820183,0.948151171207428
3421,3,3,4.188955529116356e-07,6.507742345007728e-09,5.6912882428150624e-05,0.9999426603317261
3422,2,0,0.9284710884094238,5.186767884879373e-05,0.03018670156598091,0.041290298104286194
3423,2,2,0.007772912736982107,0.00031012092949822545,0.9513319134712219,0.040584973990917206
3424,1,0,0.6311386823654175,0.19538700580596924,0.07707194983959198,0.09640230983495712
3425,1,1,2.677233533177059e-05,0.9999728202819824,2.0768729314113443e-07,2.0692377233899606e-07
3426,3,3,3.727287185029127e-05,9.850798221577861e-08,0.001149365329183638,0.998813271522522
3427,2,2,0.001077167922630906,4.21536824433133e-05,0.996696949005127,0.0021837877575308084
3428,0,0,0.7087126970291138,1.4596137134503806e-06,0.21581606566905975,0.07546970248222351
3429,3,3,3.2723833101044875e-06,2.41454998217705e-08,0.0018931906670331955,0.9981034994125366
3430,2,2,4.1618779505370185e-05,2.190188752138056e-06,0.9999035596847534,5.262221020529978e-05
3431,0,0,0.9990313053131104,3.79460907140583e-08,8.701231854502112e-05,0.000881561660207808
3432,2,2,0.020218979567289352,0.0013090631691738963,0.9751229286193848,0.003349103033542633
3433,3,3,0.05689597874879837,7.715570063737687e-06,0.014239761978387833,0.9288564920425415
3434,0,0,0.9879302978515625,1.4054702432986232e-06,0.0064438688568770885,0.005624436307698488
3435,3,3,1.1055097282053339e-08,7.634616897012059e-12,8.367892405658495e-06,0.9999916553497314
3436,0,0,0.9942012429237366,8.95694101927802e-05,0.0014353292062878609,0.004273733124136925
3437,2,2,3.784485306823626e-05,3.422252916607249e-07,0.9998062252998352,0.00015560636529698968
3438,3,3,0.006104213651269674,2.563604084571125e-07,0.02270830236375332,0.9711872935295105
3439,0,0,0.9856577515602112,1.7156197884560243e-07,0.0015733521431684494,0.01276874728500843
3440,2,2,0.0777989849448204,3.6382485291142075e-07,0.9221996068954468,1.0353033985666116e-06
3441,3,3,0.00010581489186733961,1.8880658672060235e-06,0.0015857566613703966,0.9983065128326416
3442,1,1,3.931804167223163e-05,0.9998964071273804,5.5213884479599074e-05,9.077988579520024e-06
3443,3,3,0.0001663597213337198,6.211999448169081e-07,0.00515006436035037,0.9946829676628113
3444,0,0,0.9999982118606567,2.238039975566153e-09,2.5767991473912844e-07,1.5516037592533394e-06
3445,2,2,2.3828952180338092e-05,1.4657632885217708e-09,0.9990898370742798,0.0008863452239893377
3446,0,0,0.9997665286064148,6.172444955154788e-06,0.00020056814537383616,2.6761656044982374e-05
3447,2,2,0.004515156149864197,4.1453753851783404e-07,0.9953756332397461,0.00010875711450353265
3448,2,2,0.0010243653086945415,4.513265139394207e-06,0.8626387715339661,0.1363324373960495
3449,3,3,0.0015882622683420777,1.2072534083529263e-08,0.046641405671834946,0.9517703652381897
3450,0,0,0.9999275207519531,4.153208976731548e-08,6.967117224121466e-05,2.806246357067721e-06
3451,0,0,0.999995231628418,1.335070387575854e-10,2.0761549990311323e-07,4.500490831560455e-06
3452,0,0,0.947509229183197,0.0006148921092972159,0.0514989010989666,0.0003768885799217969
3453,0,0,0.9838142395019531,1.8878052898685382e-08,0.016159920021891594,2.5886043658829294e-05
3454,0,0,0.9972344040870667,2.4015600956772687e-06,0.00014273295528255403,0.002620403654873371
3455,2,3,1.1741407206500298e-06,6.588863676881829e-09,0.005643895361572504,0.9943549633026123
3456,3,3,0.00014868189464323223,3.3284827622992452e-06,0.025047918781638145,0.9747999906539917
3457,1,1,0.0005630870000459254,0.999293327331543,9.76138180703856e-05,4.5939417759655043e-05
3458,2,2,0.0003443686291575432,1.736244848871138e-05,0.9986180067062378,0.0010202006669715047
3459,3,3,6.402456619980512e-06,2.9120865441267796e-11,1.604900745633131e-07,0.9999934434890747
3460,3,3,4.9214762839255854e-05,5.032698936702218e-06,0.006228453479707241,0.9937173128128052
3461,0,0,0.9828853607177734,4.4924057363004977e-08,0.017109395936131477,5.2783607316087e-06
3462,1,1,2.1064240627310937e-06,0.9999978542327881,4.271034725888967e-08,5.7070085546229166e-08
3463,1,1,0.015298880636692047,0.9820287227630615,0.0023411826696246862,0.00033122027525678277
3464,1,1,1.3665999176737387e-06,0.9999918937683105,3.2722616651881253e-06,3.4057920856866986e-06
3465,2,2,0.10633808374404907,3.947437653550878e-05,0.6320369243621826,0.261585533618927
3466,2,2,0.17674711346626282,0.00017820038192439824,0.7191911339759827,0.10388358682394028
3467,3,3,0.0029100640676915646,9.637219591240864e-07,0.04166775196790695,0.9554212093353271
3468,1,1,4.430507487995783e-06,0.9999955892562866,3.338022835919219e-08,4.191237223949429e-08
3469,2,2,0.022865377366542816,1.0172195288760122e-05,0.9714977145195007,0.005626751575618982
3470,3,3,4.119419372727862e-06,9.749405762704555e-06,0.0020771746058017015,0.9979089498519897
3471,2,2,7.481953616661485e-06,2.2660930909523813e-09,0.9998435974121094,0.00014885453856550157
3472,3,3,0.0020092250779271126,9.09632333900845e-08,0.0002045259316219017,0.9977861642837524
3473,0,0,0.9999178647994995,1.24084237995703e-06,7.494456440326758e-06,7.335178815992549e-05
3474,0,0,0.9444555640220642,0.0018330297898501158,0.005366339813917875,0.04834501072764397
3475,3,3,0.004646586254239082,3.087474851781735e-06,0.00042518871487118304,0.9949251413345337
3476,3,3,6.913844117661938e-05,6.2828285081195645e-06,0.0535268671810627,0.9463977217674255
3477,0,0,0.9948078989982605,0.003140039974823594,3.783381316679879e-06,0.0020482477266341448
3478,3,3,0.0002419197844574228,1.1785859044266545e-07,0.006617093924432993,0.9931408762931824
3479,0,0,0.6064420342445374,0.002261523623019457,0.2769213914871216,0.1143750324845314
3480,0,0,0.9999828338623047,2.869437594199553e-06,3.4840270473068813e-06,1.0846167242561933e-05
3481,0,0,0.9820076823234558,0.0006363654974848032,0.012352707795798779,0.005003261845558882
3482,2,2,3.1019494599604513e-06,7.282382625817263e-07,0.9999899864196777,6.149104137875838e-06
3483,0,0,0.9997144341468811,6.950280351247784e-08,7.397403533104807e-05,0.00021142186596989632
3484,0,0,0.9942963719367981,5.10265126649756e-05,0.0006059987936168909,0.005046614911407232
3485,0,0,1.0,1.1205015804094387e-09,1.2665405391132367e-09,4.839080602891954e-08
3486,3,3,6.101230098920496e-08,8.979279125798101e-11,1.0184599119611448e-07,0.9999998807907104
3487,3,3,5.599664291366935e-05,1.539475817935454e-07,0.07029915601015091,0.9296447038650513
3488,2,2,1.542120662634261e-05,3.3924716262845322e-06,0.9999583959579468,2.2865153368911706e-05
3489,1,1,2.3262293780135224e-06,0.9999963045120239,1.1092005252066883e-06,2.913156151862495e-07
3490,1,1,1.2159520679233538e-07,0.9999980926513672,5.16358682034479e-07,1.364052309327235e-06
3491,0,0,0.9996558427810669,3.525515921865008e-06,0.0003127413510810584,2.7956006306339987e-05
3492,2,2,0.05496284365653992,0.01767926849424839,0.9101113080978394,0.017246583476662636
3493,0,0,0.9995619654655457,3.868080602842383e-05,0.00015093453112058342,0.00024839112302288413
3494,0,0,0.9991055130958557,1.6317664631060325e-05,0.00047035072930157185,0.00040784923476167023
3495,2,2,0.07000841200351715,0.0016041919589042664,0.8522445559501648,0.07614286243915558
3496,3,3,9.765597042132868e-07,1.1458830329047487e-08,0.06629630923271179,0.9337026476860046
3497,3,3,0.12021266669034958,0.0010352458339184523,0.02208911068737507,0.8566630482673645
3498,1,1,1.8162243975439196e-07,0.9999997615814209,1.918514458409959e-09,1.9732524947357888e-08
3499,1,1,9.694233449408785e-05,0.9999024868011475,5.307373385221581e-07,4.162954780895234e-08
3500,0,0,0.9999160766601562,7.204603775790019e-07,6.120600301073864e-05,2.209179183410015e-05
3501,3,3,0.04852762818336487,0.0005511692725121975,0.3929234445095062,0.5579977631568909
3502,3,3,2.7633361696643988e-06,6.422415044227137e-09,0.002279241569340229,0.9977179765701294
3503,0,0,0.999975323677063,8.649846563457686e-07,1.351807532046223e-05,1.0305470823368523e-05
3504,0,0,1.0,4.0170925613702835e-11,2.5319870644580078e-08,2.1426732388363234e-08
3505,0,0,0.9939437508583069,0.005148649215698242,0.0001769867812981829,0.000730582105461508
3506,3,3,0.0048037744127213955,2.5927174647222273e-05,0.06376983970403671,0.9314003586769104
3507,1,1,0.00033771939342841506,0.9996544122695923,2.455269587642306e-08,7.852705493860412e-06
3508,2,2,0.008997559547424316,0.044537127017974854,0.870055615901947,0.07640965282917023
3509,0,0,0.9741875529289246,0.0008824325632303953,0.014832373708486557,0.010097606107592583
3510,0,0,1.0,1.316199649270544e-10,8.152012398454644e-11,2.4726485303716572e-09
3511,0,0,0.9999998807907104,3.5273745035979687e-10,6.350958159373477e-08,1.7737415092256015e-08
3512,3,3,0.0008055012440308928,9.381678722775177e-08,0.013562152162194252,0.9856321811676025
3513,0,0,1.0,1.2768777701843703e-10,1.1215113282503353e-08,2.333087500971942e-08
3514,1,1,7.162837573559955e-05,0.9999279975891113,2.223126926992336e-07,1.3570507917393115e-07
3515,0,0,0.9966861605644226,0.00013129632861819118,0.00308958045206964,9.307339496444911e-05
3516,0,0,1.0,1.874975348592489e-11,2.952236545505915e-12,3.0961222474701344e-10
3517,0,0,1.0,1.1191578669659738e-13,1.5326048208308407e-09,4.547402010501855e-09
3518,0,0,0.9990307092666626,0.0001574034249642864,3.984408976975828e-06,0.0008079182007350028
3519,1,1,5.920612238696776e-05,0.9998807907104492,1.4409832829187508e-06,5.853622133145109e-05
3520,1,1,0.0007392039988189936,0.9973280429840088,0.0017741716001182795,0.0001586355792824179
3521,1,1,0.0009197529288940132,0.998714804649353,5.6340380979236215e-05,0.0003090436803176999
3522,1,1,7.796503632562235e-05,0.9999068975448608,1.4658208783657756e-05,4.72855646194148e-07
3523,1,3,0.04998858645558357,0.2097628265619278,0.1675819754600525,0.5726666450500488
3524,0,0,0.7259655594825745,0.11540304869413376,0.02487586997449398,0.13375559449195862
3525,1,1,0.000278604740742594,0.9997064471244812,1.4549947991326917e-05,3.112119202342001e-07
3526,0,0,0.9999986886978149,5.984050061025314e-11,3.6255175928090466e-07,9.447834941056499e-07
3527,1,1,0.00050065090181306,0.9982506632804871,0.000501993577927351,0.0007465625531040132
3528,0,0,1.0,3.666634285082182e-08,1.3453901104298893e-08,1.546934491614138e-08
3529,1,1,4.386460545902082e-07,0.9999905824661255,4.7262815314752515e-06,4.348651145846816e-06
3530,1,1,4.031107891933061e-06,0.9999955892562866,1.3542438637159648e-07,2.6522320695221424e-07
3531,0,0,0.9999834299087524,8.323221578621087e-08,3.8659873098367825e-06,1.2687924936471973e-05
3532,3,3,0.0003434352111071348,3.6821737012360245e-05,0.1012580543756485,0.8983616232872009
3533,0,0,0.9999655485153198,1.406957267136022e-06,3.239339275751263e-05,6.31104057902121e-07
3534,1,1,4.424748567544157e-06,0.9999775886535645,1.734564284561202e-05,5.573631369770737e-07
3535,3,3,4.518563855526736e-06,1.544941084785645e-11,0.0009091835236176848,0.9990862607955933
3536,0,0,0.9999997615814209,1.4322141339562222e-07,2.242304475430501e-08,1.527517810018253e-07
3537,3,3,0.0003795062657445669,5.654364940710366e-07,0.1735432744026184,0.8260766267776489
3538,2,0,0.6532172560691833,0.00023713988775853068,0.016315829008817673,0.330229789018631
3539,1,1,0.0009786267764866352,0.9989988207817078,1.1160998838022351e-05,1.1407198144297581e-05
3540,0,0,0.9953547716140747,4.940891358273802e-07,0.003332022810354829,0.0013127935817465186
3541,1,1,0.0005537708639167249,0.9985155463218689,0.0003349985054228455,0.0005956647801212966
3542,2,2,0.002023248001933098,3.5531818866729736e-05,0.994610071182251,0.003331138752400875
3543,1,1,0.005245290696620941,0.9945662021636963,5.316211968420248e-07,0.00018787670705933124
3544,1,1,0.000396183313569054,0.9996013045310974,5.330366548150778e-07,1.9805299871222815e-06
3545,0,0,0.9999967813491821,3.1618238582886704e-10,2.094327328450163e-06,1.0322005437046755e-06
3546,0,3,0.02466936968266964,1.658262476667005e-06,0.36184072494506836,0.6134882569313049
3547,0,0,0.9998455047607422,1.7660349840298295e-06,5.710423465643544e-06,0.00014692921831738204
3548,2,3,0.30787190794944763,1.9856830476783216e-05,0.029429960995912552,0.6626783013343811
3549,0,0,0.9995243549346924,1.380344110657461e-05,0.0004437585303094238,1.81761133717373e-05
3550,1,1,0.0023941260296851397,0.9975783228874207,1.8595073925098404e-05,8.938067367125768e-06
3551,1,1,9.064788173418492e-06,0.9999442100524902,2.5106810426223092e-05,2.152882188966032e-05
3552,0,0,0.9999964237213135,1.1085534268318042e-08,2.293896386618144e-06,1.3001738352613756e-06
3553,2,2,0.16957899928092957,0.0002737460017669946,0.6345754861831665,0.19557175040245056
3554,2,2,0.09458655118942261,2.3192231310531497e-05,0.8673791885375977,0.038011036813259125
3555,0,0,0.9405491352081299,6.382941819538246e-08,0.05556965246796608,0.003881185781210661
3556,2,2,0.00595715269446373,7.166431714722421e-06,0.5246328115463257,0.46940284967422485
3557,1,1,0.012446444481611252,0.9799806475639343,0.0071407584473490715,0.0004321758169680834
3558,0,0,0.9994258880615234,4.9516770559421275e-06,0.00012847624020650983,0.000440779811469838
3559,1,1,0.0010534030152484775,0.9987087249755859,0.00015534782141912729,8.247267396654934e-05
3560,1,1,0.002075230935588479,0.9960381984710693,0.00023038678045850247,0.0016561916563659906
3561,0,2,0.002319982973858714,3.172218612235156e-06,0.9343186616897583,0.06335810571908951
3562,1,1,0.00016247811436187476,0.9997841715812683,2.938415127573535e-05,2.390409463259857e-05
3563,0,1,1.1025940693798475e-05,0.9999890327453613,3.0099978065578625e-10,1.1436878111226179e-09
3564,3,3,0.011369025334715843,5.750485433964059e-05,0.00010112947347806767,0.9884722828865051
3565,0,0,0.9999736547470093,1.0292360741459561e-07,2.401935307716485e-05,2.3209117898659315e-06
3566,2,2,0.027101105079054832,0.0002177396381739527,0.9532238245010376,0.019457422196865082
3567,3,0,0.5014939904212952,6.465236310759792e-06,0.006991168484091759,0.491508424282074
3568,1,1,0.07038427144289017,0.6747044324874878,0.2189926654100418,0.03591861203312874
3569,0,0,0.9998144507408142,8.7458246866845e-08,0.00016972495359368622,1.575293754285667e-05
3570,0,1,1.8376658772467636e-05,0.9999687671661377,6.408477588593087e-07,1.2207848158141132e-05
3571,2,2,0.23141928017139435,6.079163085814798e-06,0.7597777843475342,0.00879682321101427
3572,0,0,0.563957154750824,0.05566629767417908,0.26638248562812805,0.11399403214454651
3573,2,2,1.5553860066574998e-05,9.226657311955933e-06,0.9999748468399048,4.415860530571081e-07
3574,3,3,0.009167143143713474,0.003255771705880761,0.1775427907705307,0.8100343346595764
3575,2,2,7.143340189941227e-05,2.3002000659744226e-07,0.9998973608016968,3.099307286902331e-05
3576,2,3,0.0027651390992105007,6.546835038534482e-07,0.026973629370331764,0.9702605605125427
3577,2,2,0.0026603923179209232,1.4715674296894576e-05,0.997100293636322,0.0002246112999273464
3578,1,1,2.8025551728205755e-05,0.9982175230979919,0.0005566144827753305,0.0011977861868217587
3579,0,0,1.0,2.6004498110410168e-08,2.6513445661180413e-08,6.834067534100541e-09
3580,2,2,0.04463120177388191,0.029139671474695206,0.5253477692604065,0.4008813202381134
3581,0,0,0.9923567771911621,0.00011925530998269096,0.0037617417983710766,0.003762213746085763
3582,2,0,0.9303975701332092,2.0618247731363226e-07,0.061025433242321014,0.00857674703001976
3583,2,2,1.3159858269773395e-07,1.4925695401846184e-10,0.9999991655349731,6.581561251550738e-07
3584,1,1,1.2315698540987796e-06,0.9999988079071045,9.861695460244846e-09,6.374780148199477e-10
3585,1,1,0.48008400201797485,0.5115669369697571,0.0058401101268827915,0.0025089632254093885
3586,1,1,0.0003354772343300283,0.9990007281303406,0.0003218726778868586,0.0003419109561946243
3587,0,0,0.9975300431251526,3.9632894299757027e-07,0.0022788241039961576,0.00019081715436186641
3588,3,3,1.089836769097019e-05,2.3292145989728397e-09,0.00036628879024647176,0.9996228218078613
3589,2,2,5.917845555813983e-06,1.0642018423823174e-05,0.9999727010726929,1.0672315511328634e-05
3590,0,3,0.0008067419985309243,2.5615443064452847e-06,0.001900618546642363,0.9972900152206421
3591,2,2,0.003408457851037383,2.1602549168164842e-05,0.9920668601989746,0.004502999596297741
3592,2,2,4.7959369112504646e-05,9.939069514075527e-07,0.9893442392349243,0.010606791824102402
3593,2,2,2.5870960598695092e-05,1.674816303420812e-05,0.6858468055725098,0.3141106367111206
3594,0,0,0.9996387958526611,0.00034636069904081523,1.4085116163187195e-05,8.205192898458336e-07
3595,2,2,0.03380975499749184,4.103127594135003e-06,0.9561551213264465,0.010030998848378658
3596,1,1,5.592815341515234e-06,0.9999902248382568,1.6378836562580545e-06,2.556748995630187e-06
3597,1,1,3.9022997952997684e-06,0.9999082088470459,8.593489474151284e-05,1.885444248728163e-06
3598,0,0,0.9997603297233582,5.027874522056663e-06,0.00020179116108920425,3.283730256953277e-05
3599,1,1,0.0004285368777345866,0.9995417594909668,8.975150080914318e-07,2.8827595087932423e-05
3600,2,2,0.0003463317989371717,1.4328115867101587e-06,0.8047907948493958,0.19486147165298462
3601,1,1,1.0397513960924698e-06,0.9999966621398926,1.7712932276481297e-06,5.341203745956591e-07
3602,3,3,0.0006819867412559688,4.6554223587236265e-08,0.0009356817463412881,0.9983823299407959
3603,1,1,9.013191447593272e-05,0.9998201727867126,2.1624131477437913e-05,6.805012526456267e-05
3604,0,1,0.19748333096504211,0.7294719815254211,0.0069924695417284966,0.06605227291584015
3605,3,3,0.00021987764921505004,1.1221948170714313e-07,0.056881438940763474,0.9428985118865967
3606,0,0,0.9999971389770508,1.7678733144066427e-08,1.8681743085835478e-06,9.407119705429068e-07
3607,2,2,0.003385592019185424,1.9055933364597877e-07,0.9962055683135986,0.00040858759894035757
3608,0,0,0.9999375343322754,3.3122078093583696e-06,2.7128635338158347e-05,3.193268275936134e-05
3609,0,0,0.9999345541000366,2.848129376786801e-08,1.5065147636050824e-06,6.382106221280992e-05
3610,3,3,0.008008971810340881,4.205874211038463e-05,0.2316204309463501,0.7603285908699036
3611,0,0,0.9999972581863403,1.3455795055961062e-07,1.0361025033489568e-06,1.5668302921767463e-06
3612,3,3,8.261164111900143e-06,5.287023041589123e-10,0.03324715793132782,0.966744601726532
3613,0,0,0.9999862909317017,2.6506711492402246e-06,3.154022749640717e-07,1.0701915925892536e-05
3614,3,3,0.0015507991192862391,5.918024044149206e-07,0.022404532879590988,0.9760441184043884
3615,0,0,0.9818850159645081,0.005506920162588358,0.00023738658637739718,0.012370740063488483
3616,2,2,0.17511379718780518,0.000110788329038769,0.7623111605644226,0.06246421858668327
3617,2,3,3.2364889193559065e-05,4.251426588552931e-08,0.002384451450780034,0.9975831508636475
3618,1,1,2.1756459034349973e-07,0.9999997615814209,1.3863552528192713e-09,2.0419947954763984e-09
3619,0,0,0.3528444468975067,0.007076786831021309,0.2876008450984955,0.35247790813446045
3620,1,1,3.1210032602757565e-07,0.9999992847442627,1.5058830626912822e-07,2.9003939516769606e-07
3621,1,1,0.0003685723931994289,0.9996293783187866,1.1168763194291387e-06,9.353242944598605e-07
3622,0,0,0.905001699924469,0.002703543286770582,0.00706995464861393,0.08522481471300125
3623,3,3,2.3870801169056932e-12,1.7899950862905814e-14,6.174456501639725e-08,0.9999998807907104
3624,2,2,0.0005723015055991709,4.4380921160325215e-09,0.9994266033172607,1.0662677141226595e-06
3625,0,0,0.9999972581863403,7.853428485304903e-08,1.7284827436014893e-06,9.98614268610254e-07
3626,1,1,0.0004071420698892325,0.9995704293251038,1.1042850928788539e-05,1.1396387890272308e-05
3627,0,3,0.10068392753601074,3.195702547031942e-08,0.1262110024690628,0.7731051445007324
3628,2,2,0.0001481171348132193,0.0002765788813121617,0.9982397556304932,0.0013355520786717534
3629,0,0,0.949194073677063,0.00038193099317140877,0.004774071741849184,0.045649927109479904
3630,1,1,0.016108877956867218,0.9832779765129089,0.0005221350584179163,9.096331632463261e-05
3631,2,2,0.2655307352542877,0.0003902838216163218,0.6432493329048157,0.09082959592342377
3632,2,2,0.005969685968011618,0.006510978098958731,0.9639437794685364,0.02357560582458973
3633,0,0,0.999991774559021,2.4783355456747813e-06,1.9773960957536474e-06,3.6848960007773712e-06
3634,2,2,0.0001799072342691943,0.00012762859114445746,0.9993094205856323,0.0003830132191069424
3635,2,2,0.0008572081569582224,5.4000494856154546e-05,0.9983036518096924,0.0007850722759030759
3636,1,1,0.00010963897511828691,0.9958505630493164,0.0024570240639150143,0.0015828619943931699
3637,0,0,0.9553818702697754,0.00056161341490224,0.0313163585960865,0.012740252539515495
3638,0,0,0.5100432634353638,0.26678112149238586,0.0005812914459966123,0.22259436547756195
3639,1,1,3.3920463238246157e-07,0.9998717308044434,2.1321733584045433e-05,0.0001065430260496214
3640,2,2,0.0015737114008516073,1.1523294233484194e-05,0.9958349466323853,0.002579839201644063
3641,1,1,0.00011734112194972113,0.9998419284820557,3.726855356944725e-05,3.496326371532632e-06
3642,3,3,0.020616378635168076,1.2713933756458573e-05,6.332261546049267e-05,0.9793075919151306
3643,3,0,0.8694818615913391,7.841823190801733e-08,0.0013183808187022805,0.12919963896274567
3644,0,0,0.9994731545448303,1.419334421370877e-05,0.00023421464720740914,0.00027844676515087485
3645,3,3,3.7848994907108136e-06,1.935067384106759e-11,0.00014196366828400642,0.9998542070388794
3646,1,1,4.416581305122236e-06,0.9999945163726807,3.672318271696895e-08,1.1130375696666306e-06
3647,1,1,0.0768623873591423,0.9003176689147949,0.004412345588207245,0.018407607451081276
3648,0,0,0.9973140358924866,3.257135904277675e-05,0.0002780610229820013,0.00237525743432343
3649,0,0,0.9999980926513672,3.0586858046355303e-10,8.037952738959575e-07,1.028005044645397e-06
3650,0,0,0.9999736547470093,3.716350577970262e-12,2.623781438160222e-05,6.189009127410827e-08
3651,3,3,2.0851322915405035e-05,5.151974278305715e-07,0.011870047077536583,0.9881085753440857
3652,3,0,0.7024184465408325,8.886588148016017e-06,0.1837935745716095,0.11377909779548645
3653,2,2,8.262198889497085e-07,3.989648078572827e-08,0.9050890803337097,0.09491007030010223
3654,0,0,0.9999984502792358,7.070220520155601e-10,6.251077024899132e-07,9.423824280929693e-07
3655,3,3,0.0003163361398037523,5.141771808325757e-08,0.4517809748649597,0.5479026436805725
3656,2,2,0.0030232048593461514,7.724574243184179e-05,0.9773051738739014,0.01959448680281639
3657,0,0,0.9921992421150208,0.0017541705165058374,0.00032854158780537546,0.005717959254980087
3658,2,2,0.0007585567655041814,1.2996640919027413e-07,0.999226450920105,1.4912322512827814e-05
3659,3,3,0.00016774609684944153,9.83048666967079e-05,0.009324523620307446,0.9904093742370605
3660,0,0,0.99910968542099,9.521575634607871e-07,0.0008803080418147147,9.007640983327292e-06
3661,0,1,0.003665289608761668,0.9963082075119019,1.2037761507599498e-06,2.5352908778586425e-05
3662,0,0,0.7115771174430847,3.595228292851971e-07,0.28835177421569824,7.083953096298501e-05
3663,2,2,1.0577284683677135e-06,5.107970082462998e-06,0.9997350573539734,0.00025873223785310984
3664,3,2,3.5606011806521565e-05,1.5018875274108723e-05,0.8431888222694397,0.15676061809062958
3665,0,0,0.9894132614135742,3.5539488019153964e-10,0.008592560887336731,0.0019941115751862526
3666,1,1,3.296174097555671e-11,1.0,5.232642444341629e-12,5.800727194589517e-13
3667,3,3,1.544581027701497e-05,1.2042409025525558e-07,0.00048689369577914476,0.9994975328445435
3668,3,3,1.366165225391569e-08,5.714917254706631e-12,1.80613699285459e-06,0.9999982118606567
3669,0,0,0.9998055100440979,5.163316382095218e-05,0.00011836284829769284,2.4576873329351656e-05
3670,3,3,1.1270197319390718e-05,5.000621250417225e-09,0.004334707744419575,0.9956539869308472
3671,2,3,4.740287749882555e-06,1.2378804925550213e-10,0.011426785960793495,0.9885684251785278
3672,2,3,7.194713543867692e-05,3.5442403714114334e-06,0.0018239438068121672,0.9981005787849426
3673,0,0,0.9999855756759644,2.7228134413803673e-08,3.613297849369701e-06,1.0807343642227352e-05
3674,2,2,2.2119213099358603e-05,1.1956574397231634e-08,0.9870373010635376,0.01294058095663786
3675,3,2,0.00046296551590785384,1.7096985175157897e-05,0.9975290894508362,0.001990889897570014
3676,3,3,0.00015269937284756452,1.7764695030564326e-06,0.0003200928040314466,0.9995254278182983
3677,1,1,2.511639650037978e-06,0.9999974966049194,5.796554791714925e-09,5.659038571081965e-09
3678,0,0,0.9999997615814209,1.675750382901242e-07,8.767175874169197e-11,5.787434886883602e-08
3679,3,3,0.0029070982709527016,1.2794135528793049e-08,0.11542104929685593,0.8816719055175781
3680,2,2,4.226702731102705e-05,6.962010843380995e-07,0.9996646642684937,0.0002923372376244515
3681,3,3,3.758366801775992e-06,8.965909958913443e-11,0.0010165708372369409,0.9989796280860901
3682,2,2,0.0005731849814765155,0.00042628045775927603,0.9988210797309875,0.0001793960836948827
3683,0,0,0.9186236262321472,9.803730063140392e-05,0.07918263971805573,0.002095698146149516
3684,2,0,0.5719438195228577,0.05313602462410927,0.27315133810043335,0.10176879912614822
3685,0,0,0.955010712146759,1.8912609448307194e-05,0.0381527803838253,0.006817555520683527
3686,0,0,0.9880862236022949,0.0008788433624431491,0.010320213623344898,0.0007147140568122268
3687,3,2,2.2795113636675524e-06,3.787164928326092e-07,0.8688109517097473,0.1311863511800766
3688,0,1,0.0001081506852642633,0.9997393488883972,0.00012606554082594812,2.6449557481100783e-05
3689,3,3,0.00041476753540337086,1.0795059068868795e-07,0.20544785261154175,0.7941372990608215
3690,3,3,5.442361270979745e-06,6.048820111459463e-09,0.00705319968983531,0.9929413795471191
3691,3,3,3.7214189774203987e-07,6.222309334447118e-09,0.020715484395623207,0.9792841672897339
3692,2,2,0.00033640838228166103,1.814588722481858e-05,0.9989038705825806,0.0007415814325213432
3693,1,1,4.658331090467982e-05,0.9999520778656006,1.0681376352295047e-06,2.7934433433074446e-07
3694,2,2,0.3308779001235962,0.041774094104766846,0.36949142813682556,0.257856547832489
3695,1,1,7.916418098830036e-08,0.9999998807907104,5.330504482259357e-09,8.934506467994652e-10
3696,0,0,0.9845313429832458,0.0009195685270242393,0.0002061401173705235,0.014342986047267914
3697,0,0,0.9989258646965027,2.244264214823488e-05,1.526846972410567e-05,0.0010363990440964699
3698,0,0,0.9991047978401184,0.00016704924928490072,0.0006882198504172266,3.990091136074625e-05
3699,2,2,0.0023737659212201834,0.0001326630008406937,0.9968403577804565,0.0006532106781378388
3700,2,2,0.00022825389169156551,4.3234066993136366e-07,0.9970724582672119,0.0026988263707607985
3701,2,2,0.001455600606277585,4.35697402281221e-05,0.9211856126785278,0.07731521129608154
3702,3,2,1.5450968930963427e-05,1.9548744845110377e-08,0.9223419427871704,0.077642522752285
3703,3,3,0.0445108599960804,1.4959393723756875e-08,0.011763385497033596,0.9437257051467896
3704,1,1,5.399748715717578e-06,0.9999922513961792,1.2750330142807798e-06,1.0718009662014083e-06
3705,0,0,0.999946117401123,1.4656051234851475e-06,4.0112496208166704e-05,1.2232942935952451e-05
3706,3,3,2.0214056348777376e-06,1.3227162476425747e-08,0.0008313569123856723,0.9991666078567505
3707,0,0,0.9999158382415771,4.942122799889148e-08,4.5550972572527826e-05,3.860820652334951e-05
3708,3,0,0.7921948432922363,0.09900791943073273,0.015935847535729408,0.09286141395568848
3709,1,1,0.00015882177103776485,0.998957633972168,0.0007431201520375907,0.00014038500376045704
3710,0,0,0.9999030828475952,3.055709385080263e-05,6.582510832231492e-05,5.480876552610425e-07
3711,2,2,0.00021987488435115665,1.9557650432489027e-07,0.9674445390701294,0.03233529254794121
3712,2,2,0.02106389030814171,0.00012876205437351018,0.9767435789108276,0.0020637549459934235
3713,2,2,0.0010325175244361162,2.962764256153605e-07,0.9823130965232849,0.016654176637530327
3714,3,2,0.00283368700183928,2.140868900823989e-06,0.7858238816261292,0.21134035289287567
3715,3,3,0.07070104777812958,0.1545882374048233,0.038835927844047546,0.7358748316764832
3716,2,2,0.00012998547754250467,1.8416739244742075e-09,0.9738491177558899,0.026020867750048637
3717,3,3,0.0009469877695664763,1.5180325135588646e-05,8.174158210749738e-06,0.9990297555923462
3718,0,0,0.7178824543952942,0.16161653399467468,0.0808996856212616,0.03960130736231804
3719,1,1,1.5554518313365406e-06,0.9999947547912598,1.1761478901917144e-07,3.591714403228252e-06
3720,2,2,0.0005000236560590565,3.964903044106904e-06,0.9994900226593018,5.942887128185248e-06
3721,1,1,0.0018637829925864935,0.9978985786437988,6.017475243424997e-05,0.0001774669362930581
3722,3,3,0.00011798873310908675,9.692196908872575e-05,0.000596847094129771,0.999188244342804
3723,2,2,0.003799587721005082,0.0003650285361800343,0.9648911356925964,0.030944284051656723
3724,2,2,0.0007516465848311782,2.0389632481965236e-05,0.9966226816177368,0.002605257323011756
3725,1,1,8.063904211041972e-09,1.0,3.621299440870196e-11,5.1339425766183666e-11
3726,3,3,1.4284661347119254e-06,1.6641268918426988e-10,1.7926304280990735e-05,0.9999806880950928
3727,0,0,0.9999904632568359,1.2112985814383137e-06,7.143701623135712e-06,1.1322830459903344e-06
3728,2,3,0.00040264593553729355,6.37681614534813e-06,0.44697320461273193,0.5526177883148193
3729,2,2,1.8721761080087163e-05,1.5704852529552227e-08,0.999945878982544,3.536125223035924e-05
3730,3,3,0.09028753638267517,8.287633477266354e-07,0.011246256530284882,0.8984653353691101
3731,3,3,0.01080075278878212,0.023707646876573563,0.001610209816135466,0.9638814330101013
3732,3,3,1.2498694559326395e-05,1.0264161964812502e-08,0.002874717814847827,0.9971127510070801
3733,1,1,0.00020233370014466345,0.999795138835907,2.5313042897323612e-06,9.438374526382631e-09
3734,1,1,2.2599249859922566e-05,0.9999768733978271,5.616067824121274e-07,4.543510812027307e-08
3735,0,0,0.9691920280456543,0.00010653570643626153,3.179572013323195e-05,0.03066970221698284
3736,1,1,6.61796802887693e-05,0.9997610449790955,0.00015315762721002102,1.962651003850624e-05
3737,0,0,0.9999301433563232,2.079791784126428e-06,5.879244054085575e-05,9.025429790199269e-06
3738,3,3,8.5276406025514e-05,9.710907633575516e-09,0.0012509360676631331,0.9986637830734253
3739,3,3,2.669392961252015e-05,5.180153875294913e-11,0.00012188321124995127,0.9998513460159302
3740,1,1,2.097404831147287e-06,0.9999716281890869,2.163817589462269e-05,4.59533475805074e-06
3741,3,3,0.00011977700341958553,2.7159821058830858e-08,0.18969811499118805,0.8101821541786194
3742,2,2,0.01383105106651783,3.243809132413844e-08,0.92860347032547,0.057565391063690186
3743,0,0,0.9999295473098755,1.4716164287165157e-07,3.3657157473498955e-05,3.6696208553621545e-05
3744,1,1,7.563571216451237e-06,0.9999920129776001,4.772093120664067e-07,7.737749108116532e-09
3745,1,1,0.018098702654242516,0.9751784801483154,0.0002828321885317564,0.00644001504406333
3746,0,1,0.11535278707742691,0.884053647518158,0.00027919039712287486,0.00031433554249815643
3747,0,2,0.001969563076272607,5.034520654589869e-06,0.9976716637611389,0.000353735318640247
3748,1,1,1.0821571194696844e-08,1.0,1.2556293504939475e-10,1.2588523279344344e-10
3749,0,0,0.9999997615814209,3.246171343881943e-12,8.098027137748431e-09,2.008361121852431e-07
3750,2,2,0.018740659579634666,0.0020192782394587994,0.9091824293136597,0.07005766779184341
3751,2,2,6.0217200370971113e-05,3.0432977382588433e-07,0.7615312337875366,0.23840829730033875
3752,2,2,0.005835257470607758,4.691397771239281e-05,0.9789133667945862,0.015204536728560925
3753,0,0,0.9929689764976501,7.50760094092584e-08,0.0022147679701447487,0.004816172178834677
3754,2,2,0.12950116395950317,0.020412981510162354,0.8435077667236328,0.006578084081411362
3755,0,0,0.998410701751709,5.5193606385728344e-05,0.0013983133248984814,0.00013573371688835323
3756,0,0,0.9999994039535522,1.6563088678367421e-09,2.3555021755328198e-07,3.9436406495951815e-07
3757,3,3,1.3493660162566812e-06,1.689787337832982e-10,0.013171857222914696,0.9868267774581909
3758,0,0,0.9958932399749756,0.00042305781971663237,0.0013668611645698547,0.0023168495390564203
3759,3,2,1.934977262862958e-05,1.0621491952633733e-07,0.9993964433670044,0.0005841826787218451
3760,3,3,0.0008096903911791742,6.843049777671695e-05,0.29848408699035645,0.7006378173828125
3761,0,0,0.9849144816398621,3.153773150188499e-06,0.00013871357077732682,0.014943758957087994
3762,0,0,0.9986937642097473,1.4294822214822034e-08,5.138359142620175e-07,0.0013057416072115302
3763,2,2,0.0015128571540117264,1.6192360590139288e-06,0.998268723487854,0.00021674718300346285
3764,2,2,1.6860953110153787e-05,1.1200384051335277e-06,0.9998273253440857,0.00015473771782126278
3765,2,2,0.0008336705504916608,1.6753975273786637e-07,0.9991419315338135,2.4270049834740348e-05
3766,3,3,4.8836951464181766e-05,1.471184987167362e-07,0.07628372311592102,0.923667311668396
3767,0,0,0.9995840191841125,0.00034282699925825,4.200031253276393e-05,3.1224906706484035e-05
3768,1,1,6.96956362844503e-07,0.9999992847442627,1.2894727063894607e-08,5.89902082737126e-09
3769,2,2,0.0010463946964591742,0.0002664495841600001,0.9905049204826355,0.008182181045413017
3770,2,2,0.01067999005317688,1.6533446114408434e-06,0.9890563488006592,0.00026195126702077687
3771,1,1,1.6102771382975334e-07,0.9999998807907104,6.3472618272442105e-09,2.5145634463541455e-09
3772,1,1,0.00016658008098602295,0.9995335340499878,0.0002994060923811048,5.214357088334509e-07
3773,1,1,0.0035640366841107607,0.9964285492897034,5.231393060967093e-06,2.1953717350697843e-06
3774,0,0,0.9916998147964478,0.0001657134562265128,0.0023457976058125496,0.005788661073893309
3775,3,3,0.05845755711197853,6.247815326787531e-05,0.009582829661667347,0.9318971037864685
3776,3,3,0.007061090786010027,1.6751410214510543e-07,0.007567574270069599,0.9853712320327759
3777,3,0,0.9132958650588989,0.0005233352421782911,0.008006135933101177,0.07817469537258148
3778,2,2,0.00013728509657084942,9.269143674828229e-08,0.9997414946556091,0.00012112801778130233
3779,2,2,1.0322762591385981e-06,8.170814247421276e-09,0.9999948740005493,3.997820385848172e-06
3780,3,3,0.018526557832956314,4.877525725532905e-07,2.0297969967941754e-05,0.9814527034759521
3781,1,1,2.2652009192825062e-06,0.999997615814209,6.88160142203742e-08,2.7834056837150456e-08
3782,0,0,0.9999958276748657,6.838257604613318e-07,1.8267467112309532e-06,1.7281490727327764e-06
3783,0,0,0.9972967505455017,1.1978446309512947e-05,0.0025339345447719097,0.0001573571062181145
3784,0,0,0.5516325831413269,2.66979568550596e-05,0.11000394076108932,0.33833685517311096
3785,0,0,0.8797303438186646,3.5168322938261554e-05,0.0004639787075575441,0.11977051943540573
3786,0,0,1.0,3.651036504376259e-12,1.6501545685443375e-09,1.7984560507500191e-09
3787,3,3,0.00028648064471781254,5.530598627956351e-07,0.023363033309578896,0.9763498902320862
3788,3,3,2.0789306290680543e-05,2.449232816559288e-09,0.00023399415658786893,0.9997451901435852
3789,2,2,0.00033284444361925125,2.853855960438523e-07,0.9991554021835327,0.0005115242674946785
3790,0,2,0.16133755445480347,0.01921660080552101,0.818072497844696,0.0013732529478147626
3791,1,1,0.018183112144470215,0.9813273549079895,0.000456769485026598,3.278778603998944e-05
3792,1,1,0.00026674289256334305,0.998400866985321,0.0011625845218077302,0.00016981505905278027
3793,3,3,0.003727137576788664,4.694859399023699e-06,0.001221853424794972,0.9950462579727173
3794,1,1,0.016769222915172577,0.98319411277771,2.4359580493182875e-05,1.2269576473045163e-05
3795,2,2,0.016538701951503754,0.006016623228788376,0.9339752793312073,0.04346948117017746
3796,2,2,0.0021199111361056566,7.09379673935473e-05,0.9639682769775391,0.0338408462703228
3797,2,2,0.04580039158463478,4.505169636104256e-05,0.9532280564308167,0.0009264894761145115
3798,1,1,0.0002517413522582501,0.9982286095619202,0.0008573672967031598,0.0006623840308748186
3799,0,0,0.9960100650787354,1.1406976909711375e-06,0.003876826725900173,0.00011207030183868483
3800,3,3,0.0001510532747488469,1.9934086381567795e-08,0.24811120331287384,0.7517377734184265
3801,3,3,9.848899935605004e-06,8.882154456379965e-10,1.149719173554331e-05,0.9999786615371704
3802,3,3,3.1661415960115846e-06,1.7940928742632423e-08,0.00025388822541572154,0.9997429251670837
3803,1,1,0.0014186601620167494,0.9967886209487915,6.224844128155382e-06,0.001786604872904718
3804,2,2,0.0231538787484169,0.00040182488737627864,0.9634771347045898,0.012967146933078766
3805,0,1,0.015082278288900852,0.9848424196243286,1.6656405932735652e-05,5.8742261899169534e-05
3806,1,1,9.224070254276739e-07,0.9999990463256836,2.0323531746413437e-09,4.582962481736175e-11
3807,2,2,6.860261237306986e-06,6.097175742070249e-08,0.9998519420623779,0.00014103209832683206
3808,1,1,7.641139382030815e-05,0.9996919631958008,5.408281140262261e-05,0.00017750888946466148
3809,1,1,1.933841531354119e-06,0.9999980926513672,7.042036398452467e-10,1.5846424172849538e-09
3810,0,0,0.9972189664840698,0.0013228055322542787,0.00045510358177125454,0.0010031349956989288
3811,3,3,2.5095766886806814e-06,2.1395747396013576e-08,0.0063035995699465275,0.9936938881874084
3812,2,2,0.03601449355483055,0.0013136559864506125,0.9560046195983887,0.006667222362011671
3813,2,2,0.0039094011299312115,1.2424666238075588e-05,0.7401295900344849,0.255948543548584
3814,0,0,0.981921911239624,0.00079476268729195,0.016338028013706207,0.0009452117956243455
3815,3,3,3.219657446607016e-05,3.158542871695147e-11,0.0008482656558044255,0.9991195797920227
3816,3,3,0.00018945199553854764,3.6632004096759374e-09,0.017272569239139557,0.9825380444526672
3817,2,2,2.6309669920010492e-05,2.932491270257742e-06,0.9999581575393677,1.2603187315107789e-05
3818,3,3,0.06987152993679047,0.00017565145390108228,0.0012149831745773554,0.9287378191947937
3819,2,2,0.09398133307695389,0.05914779752492905,0.7948070764541626,0.05206381529569626
3820,1,1,0.2002091407775879,0.6641886830329895,0.09449569880962372,0.041106514632701874
3821,0,0,0.9999425411224365,4.03875731080916e-07,3.716634455486201e-05,1.9892688214895315e-05
3822,2,2,0.001596646849066019,7.652021849935409e-06,0.9978030323982239,0.0005926291341893375
3823,2,2,0.0004358455480542034,0.0022174448240548372,0.9973104000091553,3.635199391283095e-05
3824,3,3,3.4325782962696394e-06,1.1137351485501767e-08,0.001660087495110929,0.9983364939689636
3825,1,1,0.00011726436787284911,0.9998818635940552,4.2575695147206716e-07,4.281445455944777e-07
3826,2,2,7.574929441034328e-06,7.325150619408305e-08,0.8577436804771423,0.14224867522716522
3827,3,3,0.000887239642906934,9.13623026121968e-08,0.005172691773623228,0.993939995765686
3828,3,3,1.9021739717572927e-05,2.3442029828402156e-07,9.393854270456359e-05,0.9998867511749268
3829,2,2,6.147167732706293e-05,5.326103114100533e-09,0.9486353397369385,0.05130307748913765
3830,3,3,0.002212183317169547,2.2528786303155357e-07,0.06651464104652405,0.9312729835510254
3831,1,0,0.5071186423301697,0.38765212893486023,0.09102565050125122,0.014203564263880253
3832,0,0,0.7309989929199219,0.004010084550827742,0.014815149828791618,0.250175803899765
3833,0,2,0.14694121479988098,0.008527706377208233,0.7168657183647156,0.12766540050506592
3834,3,3,0.00033194469870068133,1.913182359203347e-06,0.04494910687208176,0.9547170400619507
3835,3,3,0.005184939596801996,9.962119662532132e-08,0.09437315911054611,0.9004418253898621
3836,1,1,0.000751858635339886,0.9992148876190186,8.164111932273954e-06,2.500833033991512e-05
3837,1,1,0.0004757666611112654,0.9995187520980835,5.1180009563722706e-08,5.453744961414486e-06
3838,0,0,0.9961077570915222,0.00017678628501016647,4.089772482984699e-05,0.003674617037177086
3839,1,1,1.0915350401319301e-07,0.9999992847442627,1.275819840884651e-07,4.587988655657682e-07
3840,1,1,0.008737517520785332,0.9784529805183411,0.01205502636730671,0.0007543795509263873
3841,1,1,0.0005266774678602815,0.9971333742141724,0.002242840826511383,9.709758887765929e-05
3842,2,2,0.003830544650554657,0.0016700101550668478,0.9734870791435242,0.021012427285313606
3843,0,0,0.9999985694885254,6.69025652655364e-08,9.573813031238387e-08,1.2680973213718971e-06
3844,0,0,1.0,5.679397230284877e-11,1.2282858286027931e-08,1.886946598972372e-08
3845,0,0,0.9993321299552917,2.839127546394593e-07,0.00034953258000314236,0.00031800533179193735
3846,3,3,0.0003039298753719777,3.734019992407411e-05,0.011971215717494488,0.9876875281333923
3847,3,3,0.00932930875569582,9.034896720550023e-06,0.0019263906870037317,0.9887352585792542
3848,1,1,8.447707841696683e-06,0.9999641180038452,1.3785959708911832e-05,1.3530227079172619e-05
3849,3,3,0.0006043766043148935,1.8056579165204312e-07,0.01029182318598032,0.9891035556793213
3850,0,0,0.976958155632019,0.00021483823365997523,0.019540954381227493,0.0032860159408301115
3851,1,1,0.00037197687197476625,0.9923201203346252,0.0068075451999902725,0.0005003543919883668
3852,1,1,0.00019875298312399536,0.9996102452278137,0.0001838513562688604,7.0951109591987915e-06
3853,3,3,0.0012417529942467809,5.877042497104412e-08,0.001451111980713904,0.9973071813583374
3854,2,2,1.8171215288020903e-06,1.743478417193245e-10,0.9999980926513672,1.74189878521247e-07
3855,0,0,0.9996104836463928,0.0003884296747855842,7.12669645963615e-07,3.715017555805389e-07
3856,0,2,0.0028661228716373444,1.0003115676227026e-05,0.9858835339546204,0.011240309104323387
3857,2,2,0.0024406230077147484,0.009984595701098442,0.9551208019256592,0.03245408087968826
3858,1,1,4.5326467557060823e-07,0.9999990463256836,3.804614934210804e-08,4.989027502233512e-07
3859,1,1,2.7612800295173656e-06,0.9999712705612183,3.097726448686444e-06,2.2930851628188975e-05
3860,0,0,0.9326581358909607,4.160870230407454e-05,0.0019124201498925686,0.0653877705335617
3861,2,2,0.005914963316172361,4.5367040002020076e-05,0.9937331080436707,0.00030662099015899
3862,2,2,7.216247865926562e-08,3.50664497439368e-11,0.9999998807907104,7.056478956712908e-09
3863,0,2,0.11276363581418991,3.60436097253114e-05,0.8133522272109985,0.07384811341762543
3864,2,2,0.000340713479090482,1.4080322898735176e-06,0.9957459568977356,0.00391194736585021
3865,1,1,0.00851732399314642,0.9901148080825806,8.916493970900774e-05,0.0012787060113623738
3866,2,2,0.0016823516925796866,0.00020239438163116574,0.9979093670845032,0.0002059318940155208
3867,2,2,1.5868663467699662e-05,1.1239353625569493e-07,0.9999822378158569,1.7804231902118772e-06
3868,2,2,2.6505125788389705e-05,5.092510377835424e-07,0.9999706745147705,2.3756444988976e-06
3869,3,3,4.640926817955915e-06,2.390902409388218e-06,3.839237251668237e-05,0.9999545812606812
3870,2,2,0.005114896222949028,4.25379980129037e-08,0.9940495491027832,0.0008355004247277975
3871,1,1,2.945213282146142e-07,0.9999997615814209,6.617713599332831e-10,2.963475298489726e-11
3872,3,3,0.00014043548435438424,7.403983914855417e-08,0.04961175471544266,0.9502477049827576
3873,0,0,0.9878502488136292,0.00033803260885179043,0.009188312105834484,0.002623422769829631
3874,0,0,0.9994321465492249,0.00013927258260082453,4.366087159723975e-05,0.000384905724786222
3875,2,2,4.665566666517407e-05,3.5333704317963566e-07,0.9999476671218872,5.35857179784216e-06
3876,0,0,0.9984112977981567,1.6136013982759323e-06,0.00013001137995161116,0.001457110047340393
3877,0,0,0.9920889139175415,7.70746628404595e-05,0.003948803525418043,0.0038851741701364517
3878,0,0,0.9999995231628418,5.201938435561715e-09,3.0284877539088484e-07,8.88721274350246e-08
3879,3,3,3.1168845282536495e-08,1.2415223363260175e-11,2.9488508516806178e-05,0.9999704360961914
3880,2,2,0.16165252029895782,7.827189256204292e-05,0.8268848061561584,0.011384432204067707
3881,1,1,7.453613761754241e-07,0.9999992847442627,2.5194214714474583e-08,1.1569985858272958e-08
3882,0,2,0.0010271441424265504,3.585223385016434e-05,0.9959173798561096,0.0030195547733455896
3883,3,3,5.876927389181219e-08,1.5936599817578667e-09,0.00026310482644475996,0.9997368454933167
3884,1,1,1.3935011338617187e-05,0.999976634979248,7.014311449893285e-06,2.3317584236792754e-06
3885,1,1,6.533938403663342e-07,0.9999992847442627,7.224530307325949e-09,3.67249342048126e-10
3886,0,0,1.0,5.426487037496486e-11,4.073418546912677e-10,1.1750132422605475e-08
3887,3,2,1.0024004041042645e-05,1.032621765872932e-10,0.7468439340591431,0.2531460225582123
3888,3,0,0.9085584878921509,3.924479642591905e-06,0.001006104052066803,0.09043153375387192
3889,2,2,3.850894245260861e-06,8.748168625061226e-07,0.9999369382858276,5.8322795666754246e-05
3890,2,2,0.012817993760108948,0.0003066973586101085,0.9833864569664001,0.003488847054541111
3891,3,3,6.9360439738375135e-06,6.699308330304632e-10,0.001531740534119308,0.9984613656997681
3892,1,1,4.079954669578001e-05,0.9999481439590454,7.244935886774329e-07,1.0389700946689118e-05
3893,0,0,0.999985933303833,9.272227430301427e-07,6.120726993685821e-06,7.008973625488579e-06
3894,1,1,0.0004098800418432802,0.9995808005332947,7.60144666855922e-06,1.6295427940349327e-06
3895,3,0,0.5447354912757874,0.32311195135116577,0.07431171089410782,0.057840827852487564
3896,1,1,8.149673703883309e-06,0.9999908208847046,8.711025429875008e-07,9.096551423226629e-08
3897,0,0,0.9999637603759766,3.414379307287163e-06,4.112844180781394e-06,2.8607200874830596e-05
3898,1,1,0.0010709766065701842,0.9981206059455872,0.0007683493313379586,4.0049424569588155e-05
3899,0,1,0.07079241424798965,0.9290656447410583,7.823009218554944e-05,6.364205182762817e-05
3900,0,1,0.001150862779468298,0.9988168478012085,2.576942824816797e-05,6.518912869069027e-06
3901,1,1,1.1152297929584165e-07,0.9999998807907104,1.8056772743690885e-09,7.157857639938925e-10
3902,2,2,1.7444423065171577e-05,2.3061227238940774e-07,0.9996509552001953,0.0003314588393550366
3903,0,0,0.9999974966049194,2.0341865081263677e-07,9.806190064409748e-07,1.3048445453023305e-06
3904,0,0,0.9993295669555664,2.5779224870348116e-06,8.062679989961907e-05,0.0005872368346899748
3905,1,1,0.00010005701187765226,0.9997509121894836,0.0001178816964966245,3.1102015782380477e-05
3906,0,0,0.9999805688858032,4.205740467000396e-08,1.0485367965884507e-05,8.902881745598279e-06
3907,2,2,0.013331362046301365,2.4309409127454273e-05,0.9834670424461365,0.003177244681864977
3908,1,1,6.794279761379585e-05,0.9999315738677979,4.020221240352839e-07,7.097398224686913e-08
3909,0,0,0.7406397461891174,0.0006531346589326859,0.015577608719468117,0.24312949180603027
3910,0,0,0.986241340637207,8.508447535859887e-06,0.00010977571218973026,0.013640315271914005
3911,0,0,0.9956252574920654,1.0062210265004978e-07,0.0023213853128254414,0.002053194912150502
3912,0,0,0.9983810186386108,0.0007212362252175808,0.00029455579351633787,0.0006032180390320718
3913,3,3,0.13742274045944214,3.082261628151173e-07,0.03945356607437134,0.8231233954429626
3914,0,0,0.999976396560669,1.3635123252697667e-07,2.253715365441167e-06,2.1223742805887014e-05
3915,0,0,0.9999998807907104,4.863445063341132e-11,1.6423486215444427e-07,2.0819294732632443e-08
3916,0,0,0.5027483105659485,1.8508333141653566e-06,0.21872316300868988,0.2785266637802124
3917,1,1,0.0006030343356542289,0.9993705153465271,3.074163856808809e-08,2.6460838853381574e-05
3918,0,0,0.9999966621398926,3.1144168133323546e-06,1.4369007317327487e-07,6.051467238421537e-08
3919,1,1,1.86960028258909e-06,0.9999980926513672,6.058151313936833e-08,3.786597257970925e-09
3920,0,0,0.9968394041061401,2.1100411231600447e-06,0.0026066764257848263,0.0005517707904800773
3921,1,1,0.0024176975712180138,0.997523844242096,5.2560044423444197e-05,5.938117737969151e-06
3922,3,3,0.00013551795564126223,5.237495437349082e-10,6.759765528840944e-05,0.9997969269752502
3923,1,1,1.2752410839311779e-05,0.9999871253967285,7.183770467378281e-09,1.5929374796996854e-07
3924,1,1,1.2593299061336438e-06,0.9999986886978149,9.354547358952914e-09,9.542616474789156e-09
3925,0,0,0.9999755620956421,6.764165050299198e-07,2.3396518372464925e-05,3.5260563890915364e-07
3926,1,1,0.0014948387397453189,0.9956757426261902,0.00218709884211421,0.0006423903978429735
3927,1,1,3.344087963341735e-05,0.999956488609314,2.507142880858737e-06,7.506355814257404e-06
3928,0,0,0.9996758699417114,0.0002229919919045642,6.419199053198099e-05,3.695101986522786e-05
3929,0,0,0.9963526725769043,1.3654957001563162e-05,0.0027533522807061672,0.0008804024546407163
3930,0,0,1.0,2.536160448318725e-10,2.233235285586943e-08,5.025785654311221e-08
3931,0,0,0.9999922513961792,3.4300589391023095e-07,4.8985225475917105e-06,2.485797949702828e-06
3932,1,1,3.491465561111795e-09,1.0,1.6647154765792038e-09,4.099693362569212e-10
3933,1,1,8.999712008517236e-06,0.9999815225601196,7.659679795324337e-06,1.7591256664672983e-06
3934,2,2,1.1645111044344958e-05,2.6245012918479915e-07,0.999950647354126,3.7365989555837587e-05
3935,1,1,0.0008149422355927527,0.9987762570381165,0.0003925510391127318,1.6251913621090353e-05
3936,1,1,0.0012656176695600152,0.9975391626358032,0.0010126924607902765,0.00018255812756251544
3937,1,1,0.0042184945195913315,0.9954668283462524,0.00010037920583272353,0.00021436090173665434
3938,1,1,5.96534664509818e-06,0.9999566078186035,2.276218219776638e-05,1.4689782801724505e-05
3939,1,1,2.8999695132370107e-05,0.9999644756317139,5.236381184658967e-06,1.3114220109855523e-06
3940,2,2,0.007750429213047028,0.007477979175746441,0.9763952493667603,0.008376297540962696
3941,1,1,6.8405876518795594e-09,1.0,1.7154082598835885e-09,1.6621669318706012e-10
3942,1,1,0.0009377742535434663,0.9989184141159058,0.0001300818839808926,1.374163093714742e-05
3943,0,0,0.992866039276123,0.0022283003199845552,0.0031693207565695047,0.0017363763181492686
3944,1,1,1.6455896911793388e-06,0.9999958276748657,1.920736167448922e-06,6.005907380313147e-07
3945,3,2,0.00017739887698553503,3.437715713516809e-05,0.968877375125885,0.030910883098840714
3946,1,1,0.00013639999087899923,0.9997738003730774,7.9552766692359e-05,1.0306637705070898e-05
3947,1,3,0.03801547363400459,0.36443763971328735,0.13161268830299377,0.46593427658081055
3948,0,0,0.9996752738952637,1.832679998869935e-07,0.00012246103142388165,0.00020203586609568447
3949,2,3,0.06514281779527664,0.01275716070085764,0.44285130500793457,0.4792487323284149
3950,3,3,5.4334363085217774e-05,1.969933123291412e-07,0.019515518099069595,0.9804298877716064
3951,1,1,2.047879206656944e-05,0.9999426603317261,3.629885395639576e-05,6.077382863622915e-07
3952,1,1,0.0219818577170372,0.97662353515625,0.0002801662776619196,0.0011144856689497828
3953,3,1,0.007291868329048157,0.9341824650764465,0.01037464290857315,0.048151031136512756
3954,3,3,8.574649655201938e-06,1.4702423278833976e-08,0.06340868771076202,0.9365827441215515
3955,1,1,5.3399387979879975e-05,0.9999465942382812,1.157367979232049e-08,3.5043299817516527e-08
3956,0,0,0.9999725818634033,1.5001411156845279e-05,1.457096686863224e-06,1.093240462068934e-05
3957,0,0,0.998754620552063,0.0008928520255722106,3.8922651583561674e-05,0.0003136389423161745
3958,0,0,0.9999908208847046,2.043931772277574e-06,1.5750541706438526e-06,5.631702606478939e-06
3959,1,1,0.14197315275669098,0.8561572432518005,0.0016066426178440452,0.00026301771868020296
3960,0,0,0.9999902248382568,1.9056114464177654e-09,8.375133688787173e-07,8.894701750250533e-06
3961,1,1,3.231230948586017e-05,0.9999473094940186,1.131796807385399e-06,1.919797796290368e-05
3962,1,1,0.019647138193249702,0.9801844954490662,0.00013900174235459417,2.9362738132476807e-05
3963,1,1,8.021330586416298e-07,0.9999984502792358,5.102204454487946e-07,1.8687495639824192e-07
3964,3,3,0.004768389742821455,3.175614619976841e-05,0.09483762830495834,0.9003621935844421
3965,1,1,0.0021703236270695925,0.9978148937225342,1.0987079804181121e-05,3.812570412264904e-06
3966,1,1,2.2343114324030466e-05,0.9999748468399048,1.2140484386691242e-06,1.5508234127992182e-06
3967,0,0,0.9996469020843506,3.293195049991482e-07,0.00020444941765163094,0.00014828731946181506
3968,2,3,1.5572197298752144e-05,2.5450237473023662e-08,0.005351463332772255,0.9946329593658447
3969,3,3,0.00014659028965979815,1.0665422323086204e-08,0.006465706042945385,0.9933876991271973
3970,2,3,1.633806459722109e-05,1.3852974767303294e-08,0.017375698313117027,0.9826080203056335
3971,0,0,0.9971392154693604,4.127775810047751e-06,0.0005643661133944988,0.002292259829118848
3972,1,1,0.003934862557798624,0.9935460686683655,0.0010375046404078603,0.0014815323520451784
3973,1,3,0.007982740178704262,0.04395207390189171,0.34732723236083984,0.6007379293441772
3974,2,2,0.01423693262040615,0.08893192559480667,0.8624454140663147,0.03438572585582733
3975,2,2,0.0034211711026728153,0.00011124598677270114,0.9426336288452148,0.053833961486816406
3976,2,2,0.0024881416466087103,8.420272479270352e-08,0.9974669218063354,4.49084400315769e-05
3977,2,2,0.0013149608857929707,1.4519464457407594e-06,0.9976094961166382,0.0010741110891103745
3978,1,1,7.697379260207526e-06,0.9999914169311523,6.64287881591008e-07,2.513147023819329e-07
3979,0,0,0.999964714050293,1.0345809187128907e-06,1.6122527313200408e-06,3.261786696384661e-05
3980,0,1,0.0023367940448224545,0.9936462640762329,0.00019789300858974457,0.0038190793711692095
3981,0,0,0.632612943649292,3.6001772969029844e-05,0.0017788634868338704,0.3655721843242645
3982,1,1,3.786347951972857e-05,0.9999606609344482,6.489595421044214e-07,7.760231710562948e-07
3983,3,3,0.00421102112159133,5.771456562797539e-05,0.15932363271713257,0.8364076018333435
3984,3,3,0.0011008970905095339,0.00048220937605947256,0.0014178931014612317,0.9969990253448486
3985,3,3,2.0170278730802238e-05,9.29499499591202e-09,0.0029833572916686535,0.9969965219497681
3986,3,3,0.05445096269249916,0.005521569866687059,0.04009167477488518,0.8999358415603638
3987,3,3,0.011170408688485622,5.0106042181141675e-05,0.026169227436184883,0.9626102447509766
3988,2,2,3.3118005376309156e-05,2.8960070608263777e-07,0.9997206330299377,0.00024588467204011977
3989,3,3,8.994658884375895e-08,7.55034663263432e-12,4.8731395509094e-05,0.9999511241912842
3990,2,2,0.00036091613583266735,5.647349826176651e-05,0.9967296123504639,0.0028528987895697355
3991,3,3,1.9444628378550988e-06,4.866207090059582e-11,0.00014752485731150955,0.9998505115509033
3992,0,2,0.29784584045410156,1.9714321751962416e-05,0.5726735591888428,0.1294609159231186
3993,3,3,0.00024702021619305015,2.0311528714955784e-05,0.03468189015984535,0.9650507569313049
3994,3,2,0.0020370054990053177,0.004526536446064711,0.7924811840057373,0.20095530152320862
3995,1,1,2.4265950742119458e-06,0.999996542930603,1.0640404468631459e-07,9.295637823925063e-07
3996,1,1,2.409805119896191e-06,0.9999836683273315,7.395927241304889e-06,6.5171116148121655e-06
3997,1,1,1.979632997972658e-06,0.9999979734420776,2.0941440581623283e-08,5.2313449572238824e-08
3998,3,3,0.2313123345375061,2.518130531825591e-05,0.00010265416494803503,0.7685598731040955
3999,0,0,0.9778096079826355,0.018685637041926384,0.002750435844063759,0.0007543315878137946
4000,2,3,0.00014973369252402335,1.2704805385510554e-07,0.009385276585817337,0.9904649257659912
4001,0,0,0.9999799728393555,1.4850902729790505e-09,1.6225756553467363e-05,3.8089319787104614e-06
4002,2,2,3.133631309992779e-08,1.0984717475903683e-11,1.0,1.4871077702593993e-08
4003,2,2,0.0008531194762326777,4.850349455409741e-07,0.9978664517402649,0.0012799978721886873
4004,3,3,0.09621460735797882,1.613246786291711e-05,0.06579796969890594,0.8379713892936707
4005,3,3,1.3998233043821529e-06,8.616019703255873e-11,0.005568192806094885,0.9944303631782532
4006,2,2,0.00039463015855289996,4.116613581572892e-06,0.9995934367179871,7.753524187137373e-06
4007,0,3,0.2977648675441742,0.0002980928693432361,0.13611559569835663,0.5658214688301086
4008,2,2,0.001031804014928639,2.1056386856344034e-07,0.998832643032074,0.00013523550296667963
4009,3,3,1.2357356354186777e-05,2.9199424034231924e-07,0.003785346867516637,0.9962020516395569
4010,0,0,0.9995291233062744,1.7342941646347754e-05,0.00045017278171144426,3.3396809158148244e-06
4011,1,1,8.208017447941529e-07,0.9999991655349731,1.779334546370137e-08,1.9970865849927577e-08
4012,3,3,4.340699888416566e-08,3.804520934402866e-12,7.677018629692611e-07,0.9999991655349731
4013,2,2,0.022934559732675552,0.0062287962064146996,0.9568019509315491,0.014034741558134556
4014,2,2,3.42272166165003e-08,1.0785617191033658e-11,1.0,5.412912074120868e-08
4015,0,0,0.9999399185180664,2.2495029838864866e-07,4.040008207084611e-06,5.5753469496266916e-05
4016,3,3,1.3498926421107171e-08,2.0402568523536502e-10,1.3992978892929386e-05,0.9999860525131226
4017,3,3,0.0005126731703057885,3.0392772032428184e-07,0.0001424592628609389,0.999344527721405
4018,1,1,0.025560889393091202,0.973173975944519,0.0008988511399365962,0.00036621850449591875
4019,1,1,0.0004935995093546808,0.7577351927757263,0.24064023792743683,0.0011310480767861009
4020,2,2,8.948438335210085e-05,1.0399775618452622e-07,0.8964309692382812,0.1034795343875885
4021,3,3,1.2860485121279908e-08,2.3009352669717265e-12,0.0005289697437547147,0.9994710087776184
4022,2,2,0.021450677886605263,0.00022427242947742343,0.9431571960449219,0.03516789898276329
4023,3,3,0.0006065428606234491,1.77905235432263e-06,0.0055014751851558685,0.9938901662826538
4024,2,2,0.00012363234418444335,1.143763597610814e-06,0.9998724460601807,2.775185748760123e-06
4025,2,2,5.886080316486186e-07,8.064905687721335e-11,0.9999994039535522,1.9193274525264314e-08
4026,2,2,4.406533378187305e-07,2.328193020317837e-11,0.9999995231628418,1.5182811452518763e-08
4027,0,1,0.009203223511576653,0.9905509948730469,0.0002283621288370341,1.7382679288857616e-05
4028,0,0,0.7858127355575562,2.0938932721037418e-05,0.21413128077983856,3.505454151309095e-05
4029,0,1,0.08286258578300476,0.9171236157417297,4.275761511962628e-06,9.484436304774135e-06
4030,3,3,6.0139118431834504e-05,3.629072011790413e-07,0.22659626603126526,0.7733432650566101
4031,1,1,0.004882283043116331,0.9950405955314636,6.47149354335852e-05,1.245211205969099e-05
4032,0,0,0.9982166886329651,5.4653530590087485e-09,1.0159150406252593e-05,0.0017731726402416825
4033,2,2,3.910712985089049e-05,2.799773028527852e-06,0.9998964071273804,6.171954737510532e-05
4034,1,1,5.775773024652153e-05,0.9998990297317505,4.030297714052722e-05,2.8804543035221286e-06
4035,2,2,0.03958320990204811,0.00012163041537860408,0.9415836334228516,0.0187116377055645
4036,2,3,0.035780418664216995,1.071983206202276e-05,0.2873738706111908,0.6768349409103394
4037,1,1,0.00018254437600262463,0.999816358089447,1.4219681077065616e-07,9.678053629613714e-07
4038,0,0,0.9987140893936157,0.0003172163269482553,2.206046929131844e-06,0.0009664947865530849
4039,0,0,0.9999655485153198,1.1736166243281332e-06,9.04583501437628e-08,3.31763549183961e-05
4040,1,1,2.182954972340667e-08,1.0,5.244277789806517e-10,6.254553541751307e-10
4041,1,1,1.1974841072515119e-05,0.9999866485595703,5.500452857631899e-07,8.645516800243058e-07
4042,1,1,5.157768878660818e-09,1.0,2.4529579756293884e-12,6.681093456251119e-09
4043,1,1,8.56916926750273e-07,0.9999991655349731,5.47932740846413e-11,2.554987055258806e-10
4044,0,0,0.9999110698699951,9.647173726534675e-08,3.156632010359317e-05,5.726174276787788e-05
4045,2,3,0.017084145918488503,5.4907388403080404e-05,0.4825757145881653,0.5002852082252502
4046,1,1,0.04140552133321762,0.9403543472290039,0.011153860948979855,0.0070861815474927425
4047,3,3,0.016255050897598267,2.0589373889379203e-05,0.0014937990345060825,0.9822304844856262
4048,3,3,0.16004139184951782,1.3670547787114629e-06,0.0010937013430520892,0.8388634920120239
4049,2,2,8.885996794560924e-05,1.38839780561284e-07,0.9830857515335083,0.01682531274855137
4050,1,1,0.001380777801387012,0.9982814788818359,1.8954593542730436e-05,0.00031886776559986174
4051,3,3,2.5511355943308445e-06,3.887817712211472e-08,5.947564659436466e-06,0.9999915361404419
4052,2,2,0.004405369982123375,4.934375738230301e-06,0.9543346166610718,0.04125504940748215
4053,0,0,0.9966740608215332,8.597594955972454e-07,0.0001861554483184591,0.003138925414532423
4054,1,1,0.005223998799920082,0.994758665561676,1.1277601515757851e-05,6.029428732290398e-06
4055,2,2,0.031493429094552994,0.0003212566371075809,0.9633492231369019,0.004836123902350664
4056,2,2,0.09190665185451508,2.0736433725687675e-05,0.9046857357025146,0.003386862576007843
4057,3,3,0.031415149569511414,0.0007253011572174728,0.05387604981660843,0.9139834642410278
4058,3,2,0.08954153209924698,1.8294851543032564e-05,0.8683891296386719,0.0420510470867157
4059,2,2,0.01517574768513441,0.00984598882496357,0.9297447204589844,0.04523347318172455
4060,2,2,6.733024929417297e-05,1.3557145166487317e-06,0.9996737241744995,0.00025761581491678953
4061,1,1,3.0790342862019315e-05,0.9995929598808289,7.769279363856185e-06,0.00036844087298959494
4062,0,0,0.9991536140441895,4.0413960959995165e-06,0.0008137831464409828,2.8590595320565626e-05
4063,2,2,0.0010257415706291795,7.11887187208049e-05,0.9957095384597778,0.0031934785656630993
4064,1,1,0.0036258469335734844,0.9813334345817566,0.014775148592889309,0.0002654977433849126
4065,2,0,0.9719031453132629,3.9290532072300266e-07,0.026662811636924744,0.0014335770392790437
4066,1,1,0.0004586258146446198,0.9995155334472656,2.4062239390332252e-05,1.8050481003228924e-06
4067,0,0,0.9992122650146484,9.373731018058606e-07,0.00047987213474698365,0.0003068947116844356
4068,0,0,1.0,9.876295337107877e-09,1.6247641454469886e-08,3.890424693508976e-08
4069,3,3,9.041904377227183e-06,2.9022814707069244e-10,0.017999915406107903,0.9819909930229187
4070,3,3,5.647167000688569e-08,4.6258340040405965e-12,0.0001689303753664717,0.999830961227417
4071,1,1,0.1291094273328781,0.8653151392936707,0.003602456534281373,0.0019730404019355774
4072,3,3,0.00018644572992343456,4.898401471109537e-07,0.1387963443994522,0.8610166311264038
4073,3,3,1.3936330560682109e-06,1.7678997155101683e-11,0.06056738644838333,0.9394312500953674
4074,2,2,0.0017047352157533169,1.3350108929444104e-05,0.9977924823760986,0.000489432830363512
4075,3,3,3.925302394236496e-07,9.48791305938057e-12,0.00011599315621424466,0.9998836517333984
4076,0,0,0.9999911785125732,2.442808400004992e-09,2.0593879526131786e-06,6.7370033320912626e-06
4077,0,0,0.9999309778213501,1.5629559868557408e-07,6.394072261173278e-05,4.961692866345402e-06
4078,2,2,0.00024884185404516757,3.022477358172182e-06,0.9990131855010986,0.0007349536172114313
4079,2,2,0.0004811959806829691,4.050176812597783e-06,0.9946091175079346,0.004905727691948414
4080,0,0,0.9999897480010986,3.748723553798072e-09,4.868150426773354e-06,5.3303360800782684e-06
4081,3,3,0.005641096271574497,0.0002319637278560549,0.02005908638238907,0.9740678668022156
4082,3,3,6.802343688327994e-10,7.610690033743595e-08,0.004686917178332806,0.9953129291534424
4083,3,3,2.0707138048692286e-07,1.3539479537527654e-09,0.001174743054434657,0.9988250136375427
4084,3,3,5.306997536536073e-06,6.344621494847047e-10,0.0019476455636322498,0.9980469942092896
4085,3,3,3.1882991606835276e-05,1.162816261057742e-06,0.0010005614021793008,0.9989663362503052
4086,3,3,0.005034663248807192,5.048663751949789e-06,0.0028545514214783907,0.9921057224273682
4087,0,0,0.9999992847442627,3.1198217698147346e-07,2.8310512334428495e-07,2.2000610044869973e-07
4088,0,2,0.005271741189062595,0.17435817420482635,0.8158234357833862,0.004546651151031256
4089,2,2,0.1661287397146225,0.022551992908120155,0.6670101881027222,0.14430908858776093
4090,3,3,4.2016989027615637e-05,1.5224655669499043e-07,0.11845697462558746,0.8815009593963623
4091,1,1,0.00020139414118602872,0.9997984766960144,7.905016019549294e-08,1.2920723690967861e-07
4092,1,1,3.651695806183852e-05,0.9999595880508423,1.9244967006670777e-06,2.046460167548503e-06
4093,2,2,0.0003082876792177558,4.0730024920776486e-05,0.9990222454071045,0.0006286646239459515
4094,1,1,0.0010155431227758527,0.99601149559021,0.0005049155442975461,0.0024679640773683786
4095,0,0,0.9999423027038574,6.7066675910609774e-06,6.4019704950624146e-06,4.454927329788916e-05
4096,2,2,1.1894016097357962e-05,4.658725447370671e-05,0.9999203681945801,2.114404742314946e-05
4097,3,2,0.00010075155296362936,4.501135663304012e-06,0.9998886585235596,6.13828115092474e-06
4098,2,2,2.447621625378815e-07,1.8175237356810037e-11,0.9999997615814209,1.0231633318369404e-08
4099,1,1,3.25955988955684e-05,0.9999665021896362,3.427134487310468e-08,8.700328066879592e-07
4100,3,3,4.82564682897646e-05,2.448477420813333e-09,0.0017321393825113773,0.9982195496559143
4101,2,2,0.006077394355088472,7.003905011515599e-06,0.9772083759307861,0.01670720987021923
4102,0,3,0.09638184309005737,1.4331096735986648e-06,0.10185027867555618,0.8017664551734924
4103,3,3,0.00487307645380497,1.0749241852181513e-07,0.0005066585727035999,0.9946200847625732
4104,0,0,1.0,5.636796363006624e-09,6.701242338813529e-10,2.436204127320707e-09
4105,3,3,1.5494973126806144e-07,6.9732863927640665e-09,0.0006650852155871689,0.9993347525596619
4106,0,0,0.9645209908485413,3.9798291254555807e-05,0.02848995104432106,0.0069492575712502
4107,3,3,2.2793925325004238e-07,3.580758800580952e-09,0.0010617987718433142,0.9989380240440369
4108,0,0,0.9995954632759094,6.96738311489753e-08,1.7653836039244197e-05,0.0003868331841658801
4109,2,2,0.0014124219305813313,0.0009911633096635342,0.9975516200065613,4.4886393880005926e-05
4110,2,2,5.32657140865922e-05,6.086193025112152e-07,0.9998854398727417,6.0606103943428025e-05
4111,3,3,1.2409292367010494e-06,2.2800105553555383e-11,0.004629239905625582,0.9953694939613342
4112,1,1,7.80202572059352e-06,0.9999525547027588,1.352529761788901e-05,2.6124702344532125e-05
4113,1,1,0.06556163728237152,0.91317218542099,0.010935110040009022,0.010331051424145699
4114,3,0,0.9754856824874878,5.753386631113244e-06,1.1420553164498415e-05,0.02449716441333294
4115,3,3,1.3153726285963785e-07,2.0632832942180102e-10,4.6210861910367385e-05,0.9999536275863647
4116,2,2,3.341286719660275e-05,1.2482076954256627e-06,0.9999624490737915,2.870969410651014e-06
4117,0,3,0.40705838799476624,4.14076930610463e-06,9.104958735406399e-05,0.5928463935852051
4118,0,0,0.9999837875366211,6.119852287156391e-07,8.183658792404458e-06,7.396548880933551e-06
4119,2,2,0.0010829977691173553,1.834693284763489e-05,0.8900307416915894,0.10886798053979874
4120,3,3,0.002243274124339223,0.019710535183548927,0.00043638082570396364,0.9776098132133484
4121,3,3,0.0036139555741101503,3.1710815164842643e-06,0.13164786994457245,0.864734947681427
4122,3,3,2.013294846392455e-07,8.819404651028151e-10,2.6545981768322235e-07,0.9999995231628418
4123,2,2,7.458699838025495e-05,1.719731699267868e-05,0.9991281628608704,0.0007800821913406253
4124,1,1,0.013599734753370285,0.9841267466545105,3.0084893296589144e-05,0.002243459690362215
4125,1,1,1.4103795820119558e-07,0.9999998807907104,2.6734274793938084e-09,2.327897458132e-10
4126,1,1,1.1731123805702737e-07,0.9999997615814209,3.5490592686926448e-09,9.122503996650266e-08
4127,0,0,0.9999690055847168,1.067336506821448e-05,1.8015658497461118e-05,2.3491641059081303e-06
4128,2,2,0.0012957624858245254,1.4558426300936844e-05,0.9985647797584534,0.00012493801477830857
4129,1,1,2.1276688130456023e-05,0.9999769926071167,1.6623857845843304e-06,1.0226157343140585e-07
4130,2,2,0.0005031897453591228,1.4393011952051893e-05,0.9989398121833801,0.0005425661220215261
4131,3,3,0.05305592715740204,0.0013751151273027062,0.039025820791721344,0.9065432548522949
4132,2,2,0.04584994912147522,0.0003162770008202642,0.9102586507797241,0.043575115501880646
4133,2,2,0.0008733567665331066,9.30585457581401e-08,0.9982598423957825,0.0008667358779348433
4134,0,0,0.9999374151229858,7.757098074989699e-09,1.590114884209015e-08,6.254959589568898e-05
4135,1,1,0.004537059925496578,0.9954008460044861,7.825073225831147e-06,5.4335687309503555e-05
4136,2,2,0.003637388115748763,4.121860001760069e-06,0.8353154063224792,0.16104313731193542
4137,0,1,0.009368321858346462,0.9904975295066833,9.715321357361972e-05,3.695550549309701e-05
4138,2,3,0.0005376568879000843,0.00017664505867287517,0.02627314254641533,0.9730125665664673
4139,0,0,0.984377920627594,0.0005191619857214391,0.013370932079851627,0.0017319392645731568
4140,3,3,1.1911439287359826e-05,1.248247394336488e-09,0.0020511134061962366,0.9979369640350342
4141,1,1,5.456093731481815e-06,0.999988317489624,4.4729401338372554e-07,5.74626437810366e-06
4142,1,1,0.0006410006317310035,0.9991257786750793,8.995016833068803e-05,0.00014328803808894008
4143,0,0,0.8593941926956177,4.6929155359975994e-05,0.06373726576566696,0.07682153582572937
4144,1,1,0.0002445190621074289,0.9958089590072632,8.87950518517755e-05,0.0038576882798224688
4145,3,2,0.00071066984673962,7.253730700540473e-07,0.5003325939178467,0.49895602464675903
4146,0,0,0.9989199638366699,5.400999725679867e-06,1.4821882359683514e-05,0.0010598558001220226
4147,0,0,0.999884843826294,2.4768976800260134e-05,4.887670002062805e-06,8.549058838980272e-05
4148,3,2,0.0004665900196414441,1.3175887048078039e-08,0.9045032262802124,0.09503020346164703
4149,2,2,0.23143120110034943,1.0180826848227298e-06,0.5791658163070679,0.18940195441246033
4150,3,3,0.04283992201089859,3.4022759791696444e-05,0.04956939071416855,0.9075566530227661
4151,2,2,0.0002054496289929375,0.00012468901695683599,0.9996167421340942,5.313249857863411e-05
4152,3,3,9.286949534725863e-06,1.512303282602545e-09,0.0010513151064515114,0.9989394545555115
4153,3,3,9.810769552132115e-05,9.4547083051566e-08,0.0039754388853907585,0.9959263801574707
4154,0,0,0.9998980760574341,2.2589387072002864e-07,2.004889665840892e-06,9.96799863060005e-05
4155,0,0,0.9999799728393555,3.006681481565465e-07,8.888522643246688e-06,1.0784950973175e-05
4156,0,0,0.9997097849845886,4.06159415433649e-06,1.0495702554180752e-05,0.0002755970344878733
4157,2,2,0.001742939348332584,0.0014179304707795382,0.9814545512199402,0.015384533442556858
4158,2,2,2.0711611625756632e-07,9.917378029911106e-11,0.9999997615814209,8.793092476366837e-09
4159,3,3,3.525163492668071e-06,2.4049500169098792e-08,0.00016403873451054096,0.9998323917388916
4160,2,2,5.302556019159965e-05,2.5070761466849945e-08,0.9999279975891113,1.8900769646279514e-05
4161,2,2,5.729861527470348e-07,1.4977572959651297e-07,0.9982903599739075,0.0017088851891458035
4162,0,0,0.9864668250083923,0.011578031815588474,0.0012932682875543833,0.0006618477054871619
4163,3,2,0.24913077056407928,5.680846903999281e-10,0.6968587040901184,0.0540105476975441
4164,2,2,5.424868140835315e-05,8.084335423319544e-10,0.9916352033615112,0.00831060204654932
4165,2,2,0.4608303904533386,8.688576053828001e-05,0.5046126246452332,0.03447015583515167
4166,2,2,0.007502452004700899,4.2981573642464355e-05,0.9898530840873718,0.0026015164330601692
4167,1,1,2.950720272565377e-07,0.9999996423721313,1.3872075044218946e-08,5.055448282220709e-10
4168,2,2,0.025367354974150658,0.00032011049916036427,0.945399820804596,0.02891266904771328
4169,0,0,0.9914518594741821,0.0002889864845201373,0.006811374332755804,0.0014477201038971543
4170,1,1,9.918566502165049e-05,0.999825656414032,1.2896854286736925e-06,7.389947131741792e-05
4171,0,0,0.9824673533439636,0.011111556552350521,0.00621480168774724,0.0002062328130705282
4172,2,2,6.17492405581288e-05,2.4547281896047934e-07,0.9998691082000732,6.883786409161985e-05
4173,3,3,0.000516523839905858,0.0008640454616397619,6.949195812921971e-05,0.9985498785972595
4174,3,3,0.09782193601131439,0.0062947822734713554,0.0679224282503128,0.8279608488082886
4175,1,1,7.100231596268713e-05,0.9988822340965271,7.61890405556187e-05,0.0009706273558549583
4176,0,0,0.9984143972396851,0.0014414329780265689,0.00011559132690308616,2.863835106836632e-05
4177,3,3,1.700508983049076e-05,3.3794769205286457e-09,0.0017003860557451844,0.9982826709747314
4178,0,0,0.9437486529350281,4.910584721073974e-07,0.009977220557630062,0.0462736152112484
4179,1,1,3.80113378923852e-05,0.999942421913147,1.3924000086262822e-05,5.594346021098318e-06
4180,1,1,9.362541675272951e-08,0.9999998807907104,2.2118653575375902e-08,3.421827443617076e-08
4181,2,2,3.49115944118239e-05,5.883424023522821e-07,0.9999580383300781,6.457398740167264e-06
4182,0,0,0.9676098227500916,0.0001129907977883704,0.021804383024573326,0.01047288253903389
4183,0,0,0.9999969005584717,1.3387738917458591e-08,4.4359987327879935e-07,2.6042068839160493e-06
4184,3,3,0.00041558698285371065,3.350655106260092e-06,0.0003008699859492481,0.9992802739143372
4185,2,2,0.0001003135766950436,1.511001812559698e-08,0.9994242191314697,0.0004754227993544191
4186,3,3,0.019445596262812614,2.472232836225885e-06,0.004929021466523409,0.9756229519844055
4187,3,3,0.0034503433853387833,1.2807468920073006e-05,0.0015284180408343673,0.9950084686279297
4188,0,0,0.9877520799636841,0.012134035117924213,7.43562777643092e-05,3.962696064263582e-05
4189,2,2,2.781638795568142e-05,4.2675858935581346e-07,0.9999581575393677,1.36949902298511e-05
4190,1,1,0.2070229947566986,0.7929227352142334,2.9289078156580217e-05,2.4983992261695676e-05
4191,2,2,3.8259411667240784e-05,5.694107585441088e-06,0.999731719493866,0.00022430019453167915
4192,1,1,2.1661631762981415e-05,0.9999707937240601,2.966530246339971e-06,4.5117167246644385e-06
4193,1,1,0.0009918586583808064,0.9990062117576599,1.1802675317085232e-06,7.617633741574537e-07
4194,3,3,2.9294682235558867e-07,5.5970932749671576e-11,0.038700565695762634,0.9612991809844971
4195,3,3,1.385555208344158e-07,4.398446051823157e-09,0.0014966216403990984,0.9985032081604004
4196,1,1,0.00021020066924393177,0.9997228980064392,6.506678619189188e-05,1.7929060049937107e-06
4197,0,0,0.9953441023826599,0.00012340763350948691,0.001511648646555841,0.0030208444222807884
4198,2,2,4.5544980821432546e-05,3.336835652589798e-05,0.9997089505195618,0.00021213728177826852
4199,1,1,4.384161456982838e-06,0.9997261166572571,0.00025672701303847134,1.2769086424668785e-05
4200,3,0,0.7334190607070923,0.004577637184411287,0.0006860060966573656,0.26131728291511536
4201,3,3,7.1242124249693e-05,9.19878038985189e-06,0.4193730354309082,0.580546498298645
4202,1,1,2.1279766837523084e-09,0.9999996423721313,2.626144919304352e-07,6.957303355648037e-08
4203,3,3,0.0036532168742269278,1.301956018551209e-07,2.7640140615403652e-05,0.996319055557251
4204,1,1,1.989685551961884e-05,0.9996647834777832,0.00011405004624975845,0.00020125530136283487
4205,2,2,0.00012883513409178704,2.3054435587255284e-05,0.9983409643173218,0.00150712626054883
4206,1,1,5.9648853493854403e-05,0.9997453093528748,5.4709780670236796e-05,0.0001402192865498364
4207,1,1,0.0002543839218560606,0.9997431635856628,2.3682957817072747e-06,1.1611059136384938e-07
4208,0,0,0.9996204376220703,1.7008574104693253e-06,3.9425223803846166e-05,0.000338378653395921
4209,0,0,0.9999998807907104,4.749151116811845e-08,3.1428415425693856e-09,9.592962868509858e-08
4210,2,2,0.0002432243200019002,1.7414122055470216e-07,0.9993508458137512,0.0004057264013681561
4211,0,3,0.4424985647201538,0.03176816925406456,0.0005673611885868013,0.5251659750938416
4212,0,0,0.9995177984237671,1.407696004207537e-06,0.0004608679155353457,1.993569458136335e-05
4213,1,1,1.6366759609809378e-06,0.9999983310699463,4.7688932802714135e-09,1.3212335669976483e-09
4214,2,2,0.0008912569028325379,5.099072041048203e-06,0.9957526922225952,0.003350999904796481
4215,1,1,1.636861270526424e-06,0.9999980926513672,1.1004336331055242e-09,2.425672107619903e-07
4216,2,2,8.474223250232171e-06,4.938341362503706e-07,0.9959670305252075,0.004024033900350332
4217,0,0,0.9999943971633911,1.8301897171113524e-06,1.5715817198724835e-06,2.2263902792474255e-06
4218,3,3,0.0005507487803697586,0.0003069186059292406,0.014377141371369362,0.9847651720046997
4219,2,2,0.0011810988653451204,0.0003198776103090495,0.9541831016540527,0.04431583359837532
4220,1,1,2.8192842364660464e-05,0.9999617338180542,9.953560947906226e-06,1.53505055777714e-07
4221,2,2,0.003377377986907959,0.00012158995377831161,0.9061506390571594,0.09035038203001022
4222,3,2,0.0009387453901581466,0.00017107598250731826,0.8667841553688049,0.1321059763431549
4223,2,2,2.7596527161222184e-06,3.980138529868782e-08,0.9999692440032959,2.796637090796139e-05
4224,1,1,0.0015055525582283735,0.9984752535820007,1.2444064850569703e-05,6.772673714294797e-06
4225,3,3,0.021091949194669724,3.5963417758466676e-05,0.2737627327442169,0.7051092982292175
4226,3,3,0.0005197658902034163,8.891726110960008e-07,0.007829594425857067,0.9916497468948364
4227,0,0,0.8665878176689148,0.0013608779991045594,1.5573763448628597e-05,0.13203571736812592
4228,2,2,0.0037551093846559525,0.0007102863164618611,0.992678165435791,0.0028564382810145617
4229,0,0,1.0,2.3237467505765608e-09,7.20494636174962e-11,3.1255403820651395e-10
4230,3,3,0.0061067636124789715,7.993033932507387e-07,0.47635796666145325,0.5175344347953796
4231,3,3,7.624164027220104e-06,1.77360348629918e-10,1.7749158359947614e-05,0.9999746084213257
4232,3,3,0.0005342934164218605,1.9578189949243097e-06,0.06211511045694351,0.9373486042022705
4233,2,2,0.0013769085053354502,7.06479258951731e-05,0.9980948567390442,0.0004575786297209561
4234,0,0,0.9596251249313354,0.03769820183515549,0.002566393231973052,0.00011035740317311138
4235,2,2,5.2139643230475485e-05,3.0428886077515926e-09,0.9999425411224365,5.313660494721262e-06
4236,2,2,0.0015113374684005976,0.0016731333453208208,0.9962887763977051,0.0005267412634566426
4237,1,1,1.608220009075012e-05,0.9999774694442749,2.7142439193994505e-06,3.731907327164663e-06
4238,1,1,0.00015474836982320994,0.9991840720176697,0.0005039119860157371,0.00015719144721515477
4239,1,1,2.865217766157002e-06,0.9999969005584717,2.816939854710654e-07,4.917865226161666e-09
4240,1,1,1.5333664123318158e-05,0.9999845027923584,2.2899300233802933e-08,7.004867086379818e-08
4241,2,2,0.05008997395634651,0.007201164495199919,0.7656555771827698,0.17705336213111877
4242,2,2,0.0004534742911346257,2.1708561689592898e-05,0.9868527054786682,0.012672066688537598
4243,0,0,0.9971305727958679,3.5132275115756784e-06,0.002784374635666609,8.160429570125416e-05
4244,3,3,1.6896542547328863e-06,1.095334517531299e-10,0.02173835225403309,0.9782599210739136
4245,3,3,0.0004826460499316454,5.073123247711919e-05,0.004209672100841999,0.9952568411827087
4246,0,0,0.9996577501296997,5.75225612919894e-07,5.6282191508216783e-05,0.0002854829654097557
4247,0,0,0.9992411136627197,4.4234482743377157e-07,0.0003747603914234787,0.0003837432886939496
4248,3,3,4.074468620274274e-07,3.025864281358537e-11,2.4580360332038254e-05,0.9999749660491943
4249,2,2,0.00022161215019878,3.1222321013046894e-06,0.9990119934082031,0.0007632717024534941
4250,0,0,0.9734443426132202,8.91766685526818e-05,5.397486893343739e-05,0.026412488892674446
4251,0,0,0.9999781847000122,4.00940036726638e-09,2.057428537227679e-05,1.1338887588863145e-06
4252,3,3,2.9488483050954528e-05,3.7312389622456976e-07,4.308588358981069e-06,0.9999657869338989
4253,2,2,0.0010850693797692657,6.803884753026068e-05,0.998606264591217,0.00024060774012468755
4254,2,2,9.899532597046345e-05,6.106456567067653e-05,0.9937426447868347,0.006097311619669199
4255,2,2,2.9210238494670193e-07,7.744339995952032e-07,0.9999430179595947,5.591583249042742e-05
4256,2,2,2.446655571475276e-07,7.876913010740338e-11,0.9999997615814209,8.929467831819693e-09
4257,3,3,0.0025892409030348063,1.8688237105379812e-05,0.02631605789065361,0.9710761308670044
4258,3,3,0.16288356482982635,0.0001400137844029814,0.007551074028015137,0.8294253349304199
4259,3,3,9.30553269995471e-08,2.333331011045159e-12,8.042215995374136e-06,0.9999918937683105
4260,1,1,0.004421941004693508,0.9858896732330322,0.008392445743083954,0.0012959849555045366
4261,0,0,0.9996321201324463,3.684359398903325e-05,0.00010499768541194499,0.0002260616747662425
4262,0,0,0.9999924898147583,4.162746336078271e-06,1.13412249902467e-06,2.1099795048939995e-06
4263,2,2,7.513560440486344e-09,5.034887437527225e-13,0.9999998807907104,1.1656339893306722e-07
4264,3,3,0.00025475770235061646,3.380022235432989e-06,0.17111477255821228,0.8286271095275879
4265,1,1,2.2890075968007295e-07,0.9999997615814209,2.2056761750377518e-08,1.1062796234639904e-09
4266,3,3,5.74350053739181e-07,8.226371250863451e-10,5.722991431866831e-07,0.9999988079071045
4267,3,3,0.00012768982560373843,4.297541090636514e-05,9.67018713708967e-05,0.9997325539588928
4268,3,3,6.15377348367474e-06,2.575009927507921e-10,0.2512609362602234,0.7487329244613647
4269,2,2,7.29215462342836e-05,3.019195219167159e-06,0.9662250280380249,0.03369902819395065
4270,3,3,0.0006196491303853691,1.320970909546304e-06,0.010441782884299755,0.988937258720398
4271,1,1,0.0445060133934021,0.9437704086303711,0.006520936265587807,0.005202678497880697
4272,3,3,6.323712295852602e-05,1.627480742172338e-05,0.001245102845132351,0.9986752867698669
4273,1,0,0.7380123138427734,0.022681552916765213,0.02659941092133522,0.2127067595720291
4274,1,1,0.0008452098700217903,0.9986625909805298,7.36090578357107e-06,0.0004848464159294963
4275,2,0,0.9761586785316467,0.0029337003361433744,0.011914233677089214,0.00899333506822586
4276,1,1,0.014494771137833595,0.984235405921936,0.0010993554024025798,0.00017049629241228104
4277,3,3,0.020034076645970345,8.506242738803849e-05,0.0008910160977393389,0.9789897799491882
4278,3,3,0.0002416972565697506,2.1377859127369447e-07,0.023181959986686707,0.9765760898590088
4279,1,1,8.661127708364802e-07,0.9999988079071045,1.8465631512754044e-07,9.402761946830651e-08
4280,1,1,0.00019632485054899007,0.999733030796051,5.2234274335205555e-05,1.837665513448883e-05
4281,1,1,3.159718744427664e-07,0.9999996423721313,6.118137463317908e-08,4.500214245695133e-08
4282,0,0,0.9999996423721313,1.1367049523869355e-07,1.827639692919547e-07,6.043503475439138e-08
4283,1,1,1.1439497349385874e-08,1.0,4.4870610699243585e-11,1.3466879000834098e-10
4284,2,2,1.2766087138516014e-06,6.567487109698789e-10,0.9177907109260559,0.08220799267292023
4285,3,3,0.01648665778338909,0.00625694589689374,0.0413292720913887,0.9359270930290222
4286,0,0,0.9453821182250977,0.0003470825031399727,0.046225517988204956,0.008045298047363758
4287,2,2,0.0008222870528697968,1.727520429994911e-05,0.9987930059432983,0.00036737072514370084
4288,2,2,0.00013311723887454718,9.566638254909776e-07,0.9767902493476868,0.02307567000389099
4289,2,2,0.00021211874263826758,0.0002718670875765383,0.9131505489349365,0.08636540174484253
4290,0,0,0.9911830425262451,4.79998197988607e-05,0.0007523875101469457,0.008016570471227169
4291,0,0,0.7090627551078796,0.00021901573927607387,0.28697729110717773,0.0037408943753689528
4292,2,2,2.8036887670168653e-05,1.6019927784327592e-07,0.9836736917495728,0.016298135742545128
4293,2,2,0.09939298033714294,0.003556884126737714,0.8446677327156067,0.05238239839673042
4294,3,3,0.0016660193214192986,5.3478081099456176e-05,0.0017057766672223806,0.9965747594833374
4295,0,0,0.9998526573181152,2.1040307274233783e-06,5.465463982545771e-05,9.055184636963531e-05
4296,1,1,5.906323349336162e-05,0.9999364614486694,2.7919793410546845e-06,1.6828629441079102e-06
4297,2,2,9.679199138190597e-05,4.723670645034872e-05,0.9938451647758484,0.006010742392390966
4298,1,1,8.282732778752688e-06,0.999990701675415,1.3594132042271667e-07,7.791485359120998e-07
4299,0,0,0.8728513717651367,0.0017667217180132866,0.12333627045154572,0.0020456858910620213
4300,1,2,0.06503355503082275,0.1949353814125061,0.7309468984603882,0.009084245190024376
4301,1,1,0.0027433449868112803,0.9945740103721619,0.0020359093323349953,0.0006467814673669636
4302,0,1,0.0627407506108284,0.9280138611793518,0.0024391566403210163,0.006806155201047659
4303,0,0,0.99837327003479,2.9694825570913963e-05,0.0003674065519589931,0.0012296265922486782
4304,2,2,0.0013426109217107296,3.172917786287144e-05,0.9984853863716125,0.00014029882731847465
4305,3,3,5.386905468185432e-05,0.00676422705873847,0.001404486014507711,0.9917774200439453
4306,3,3,1.2603736365690565e-07,1.0319085863574884e-11,0.00139341049361974,0.9986065030097961
4307,0,0,0.9999178647994995,5.938451119735788e-11,7.011053071437345e-09,8.211399836000055e-05
4308,2,2,1.8077673757943558e-07,5.4143373812154394e-11,0.9999997615814209,2.9199460627182816e-08
4309,2,2,0.00042053437209688127,3.620033339757356e-06,0.9929872155189514,0.006588646210730076
4310,2,2,0.015174569562077522,0.02442128024995327,0.9591894745826721,0.0012146765366196632
4311,2,2,1.4194987670634873e-05,1.137084154834156e-06,0.9995583891868591,0.0004263218434061855
4312,3,3,0.0007135671330615878,1.9004072555617313e-06,0.10893212258815765,0.8903523683547974
4313,0,0,0.9907845258712769,2.2845855710329488e-05,0.003013548906892538,0.006179035175591707
4314,1,1,0.0001230348425451666,0.998950719833374,0.0007235360099002719,0.0002026546571869403
4315,0,0,0.9999922513961792,6.762036486307466e-10,1.910820230932586e-07,7.54511529521551e-06
4316,3,3,7.956950867082924e-06,1.0675154094030859e-08,0.025882910937070847,0.9741091132164001
4317,2,2,0.00039012686465866864,4.870242264587432e-06,0.999345600605011,0.0002593623648863286
4318,3,3,1.5951252862578258e-05,7.704481959081022e-07,0.00022313249064609408,0.9997602105140686
4319,3,2,0.19288210570812225,0.00036604085471481085,0.7114314436912537,0.09532037377357483
4320,3,3,0.0001863435172708705,3.736820872290991e-05,0.0016261094715446234,0.9981502294540405
4321,1,1,0.005503409542143345,0.9923030138015747,0.0010796450078487396,0.0011139267589896917
4322,3,3,4.645271474146284e-06,8.54606785338774e-09,8.271526894532144e-06,0.9999871253967285
4323,3,2,0.00020930961181875318,1.7410028476660955e-06,0.5722867846488953,0.4275021553039551
4324,3,3,0.0528373084962368,0.001598511473275721,0.0712607279419899,0.8743034601211548
4325,0,0,0.9278090000152588,0.004850407131016254,0.04972603917121887,0.017614547163248062
4326,2,2,0.0013886521337553859,1.454679932066938e-09,0.9404889941215515,0.058122336864471436
4327,2,2,0.00909973494708538,2.4632993245177204e-06,0.9760156869888306,0.014882092364132404
4328,1,1,3.008119847436319e-06,0.9999808073043823,1.5795470972079784e-05,3.930137779661891e-07
4329,1,1,2.937047065643128e-05,0.9999697208404541,8.075350024228101e-07,9.245759713394364e-08
4330,1,1,0.0018375045619904995,0.9979817867279053,8.919832339415734e-07,0.000179735739948228
4331,0,0,0.9227055907249451,0.032793525606393814,0.00020021213276777416,0.04430064931511879
4332,3,3,0.19581978023052216,0.00023800432973075658,0.08592560142278671,0.7180166244506836
4333,1,1,5.2834733651252463e-05,0.9999352693557739,1.1858606740133837e-05,5.0571923537745533e-08
4334,0,0,0.9999351501464844,1.395807291970641e-08,3.1109258998185396e-05,3.374370135134086e-05
4335,2,2,1.8620249875311856e-06,3.20961790478691e-09,0.9999959468841553,2.1490559447556734e-06
4336,0,0,0.9999358654022217,5.953549134574132e-06,7.472616744053084e-06,5.070202678325586e-05
4337,2,2,0.0004506785189732909,8.436875941697508e-05,0.9980577826499939,0.0014071213081479073
4338,0,0,0.9990953207015991,4.2255724110873416e-05,0.00033172417897731066,0.0005307075916789472
4339,0,0,0.9994326233863831,0.00024207256501540542,8.726272062631324e-05,0.0002380263467784971
4340,2,2,0.008548744954168797,2.943030040114536e-06,0.9911791682243347,0.0002692323469091207
4341,1,1,0.0027418266981840134,0.9970921277999878,9.931450040312484e-05,6.671501614619046e-05
4342,3,3,0.0025493171997368336,4.111068960810371e-07,0.026240717619657516,0.9712094664573669
4343,1,1,0.00036227013333700597,0.999382734298706,0.00023940540268085897,1.564969352330081e-05
4344,0,0,0.9999781847000122,7.235258614457507e-09,4.7666557634329365e-07,2.1379943063948303e-05
4345,1,1,0.0002928844769485295,0.9995427131652832,0.00013265068992041051,3.1870797101873904e-05
4346,3,3,4.789584636455402e-06,1.9850265875476225e-09,0.13216184079647064,0.8678333163261414
4347,1,1,0.0013645298313349485,0.9986180067062378,1.0134808690054342e-05,7.372364507318707e-06
4348,1,1,0.0003853021771647036,0.9976928234100342,0.0009604773949831724,0.000961477227974683
4349,2,2,0.00010157959331991151,1.589115413480613e-06,0.9998703002929688,2.6581796191749163e-05
4350,1,1,4.344236003817059e-05,0.999956488609314,1.2669445936808188e-07,3.202528020551654e-08
4351,3,3,0.000102242011053022,5.375721684686141e-06,0.0008593570673838258,0.9990330934524536
4352,1,1,9.965442870907282e-08,0.9999998807907104,6.924027323718107e-11,2.837220458573597e-09
4353,0,0,0.9999997615814209,6.244567085644803e-09,4.5907334822459234e-08,2.306914268501714e-07
4354,2,2,0.00012723291001748294,4.864702987106284e-07,0.9991599321365356,0.0007123695686459541
4355,1,1,0.001599381910637021,0.9981995820999146,2.25622557081806e-06,0.00019871209224220365
4356,2,2,0.0008403649553656578,1.103732665796997e-05,0.9979866743087769,0.0011619303841143847
4357,0,0,0.9964413046836853,2.12967861443758e-05,0.0015975218266248703,0.0019398381700739264
4358,0,0,0.9998288154602051,2.021736555946063e-08,0.00010707259207265452,6.409071647794917e-05
4359,2,2,0.02238445356488228,0.0005003164405934513,0.7885915040969849,0.18852373957633972
4360,0,0,0.9999994039535522,4.121960550662607e-09,4.1094753555626085e-07,2.508282364033221e-07
4361,1,1,1.377531862090109e-05,0.9999376535415649,2.6023282771348022e-05,2.2535090465680696e-05
4362,1,1,0.0007927590049803257,0.9991706609725952,2.5588438802515157e-05,1.1126802746730391e-05
4363,2,2,6.536810542456806e-05,2.996712211711383e-08,0.9997950196266174,0.00013961763761471957
4364,1,1,0.00034436018904671073,0.9996311664581299,6.1238733906066045e-06,1.830238034017384e-05
4365,2,2,0.0449332669377327,3.6844852729700506e-05,0.9439607262611389,0.011069247499108315
4366,2,2,0.0005223509506322443,0.007597632706165314,0.9914196729660034,0.0004603053967002779
4367,1,1,0.025452639907598495,0.9691567420959473,0.0021603433415293694,0.003230295842513442
4368,1,1,0.015094952657818794,0.9847197532653809,4.3278990347062063e-07,0.0001849429972935468
4369,3,3,0.3355690836906433,0.0005733370198868215,0.006850235164165497,0.6570073366165161
4370,1,1,0.009565823711454868,0.9901487827301025,0.00010759304859675467,0.00017781506176106632
4371,0,0,0.9939122200012207,1.5411040976687218e-07,0.005871017463505268,0.00021667855617124587
4372,0,0,0.9999939203262329,1.2072243293914653e-07,1.0791607110149926e-06,4.894230187346693e-06
4373,1,1,7.971135346451774e-05,0.9999198913574219,1.7271988284051076e-08,3.426655723615113e-07
4374,0,0,0.9999854564666748,4.000463832198875e-06,7.387925961666042e-06,3.143250523862662e-06
4375,0,0,0.9893884062767029,0.0050256815738976,0.00015102175530046225,0.005434971768409014
4376,0,0,1.0,4.989268546917724e-13,3.074664481350631e-11,9.862477945432602e-09
4377,1,1,1.1678034752549138e-05,0.9999815225601196,5.795307629341551e-07,6.215491794137051e-06
4378,0,0,0.9998708963394165,2.089825466100592e-05,1.4735454897163436e-05,9.340446558780968e-05
4379,1,1,0.4206855297088623,0.5106568336486816,0.06004897877573967,0.008608716540038586
4380,0,0,1.0,4.709124756807626e-10,1.8597829942734734e-09,2.935106557799827e-08
4381,3,3,9.21681203180924e-06,8.416419561285693e-09,5.450455500977114e-05,0.9999362230300903
4382,3,3,0.00014829846622888,0.00013249179755803198,6.95682319928892e-05,0.9996496438980103
4383,2,2,0.0146476486697793,0.006891032215207815,0.9401918649673462,0.038269441574811935
4384,1,1,0.0014952418860048056,0.9984943866729736,9.681001756689511e-06,7.0072979951874e-07
4385,0,0,0.9999980926513672,6.906492266978148e-09,1.6678136489645112e-06,2.4081984406620904e-07
4386,0,0,0.9995410442352295,0.00040686404099687934,2.1865371309104376e-05,3.0205246730474755e-05
4387,1,1,0.022075029090046883,0.7730458378791809,0.1911938488483429,0.013685266487300396
4388,2,2,0.0039239018224179745,1.1114327207906172e-05,0.993976354598999,0.002088579349219799
4389,0,0,0.9988447427749634,3.373418877572476e-08,0.0010742043377831578,8.094724762486294e-05
4390,2,2,0.0001043158772517927,1.1733174687833525e-05,0.9766254425048828,0.0232585109770298
4391,1,1,3.57226525693477e-07,0.9999996423721313,9.933378564142004e-10,6.973947197508323e-09
4392,2,2,0.000407850049668923,1.2203238838992547e-05,0.9880756139755249,0.01150423102080822
4393,1,1,0.00036398967495188117,0.9994807839393616,9.246127206097299e-07,0.00015426776371896267
4394,2,2,0.003119813511148095,0.00021298065257724375,0.6233355402946472,0.37333163619041443
4395,3,3,0.0028379703871905804,1.2733597998249024e-07,0.036324404180049896,0.9608374834060669
4396,0,2,0.02570730820298195,0.00011361632641637698,0.8938223719596863,0.0803566426038742
4397,1,1,1.8890808860305697e-05,0.9999082088470459,7.202198321465403e-05,8.027731723814213e-07
4398,0,0,0.9999351501464844,4.565348717733286e-05,9.606038474885281e-06,9.589132787368726e-06
4399,0,0,0.9965600371360779,0.0007277282420545816,5.377283741836436e-05,0.0026584172155708075
4400,2,2,0.0013655500952154398,2.2680480924464064e-06,0.9985835552215576,4.8645815695635974e-05
4401,0,0,0.9965183734893799,1.5645662188035203e-06,0.00027968789800070226,0.0032004022505134344
4402,2,2,0.02546696923673153,0.004032316152006388,0.7733866572380066,0.1971140056848526
4403,0,0,0.9999960660934448,7.297283222129636e-09,3.7437080209201667e-06,2.6796993779498735e-07
4404,1,1,2.146039435046987e-08,1.0,6.254792239701601e-10,7.765933673908876e-09
4405,1,1,5.500634870259091e-05,0.999850869178772,9.022171434480697e-05,3.9333967833954375e-06
4406,0,0,0.9810861945152283,0.0028337559197098017,0.001133012236095965,0.014946985989809036
4407,1,1,9.373567991133314e-06,0.9999722242355347,1.3712498912354931e-05,4.639407507056603e-06
4408,2,2,0.0012584234355017543,9.594159928383306e-05,0.9668928980827332,0.03175269067287445
4409,0,0,0.9997424483299255,1.5016283896329696e-06,0.00011599337449297309,0.00014007787103764713
4410,1,1,0.008164987899363041,0.9882718920707703,0.0013793130638077855,0.0021837735548615456
4411,1,1,0.00031548188417218626,0.9996238946914673,6.663570729870116e-06,5.401007001637481e-05
4412,2,2,0.0012821678537875414,0.0005841746460646391,0.9905369877815247,0.007596734911203384
4413,2,2,0.0843949094414711,7.802378604537807e-06,0.9142499566078186,0.0013473231811076403
4414,0,0,1.0,1.2364274049048163e-09,1.1046036307860163e-09,1.0524451310445215e-09
4415,0,0,0.999381422996521,1.1327784704917576e-05,0.0002585753973107785,0.00034872323158197105
4416,0,0,0.9999990463256836,1.1614595951670026e-09,8.683071150983324e-09,9.65646790973551e-07
4417,0,0,0.999987006187439,2.415082747120323e-07,7.311762750816797e-09,1.2700500519713387e-05
4418,1,1,0.0020167515613138676,0.996645987033844,4.502532829064876e-05,0.0012921792222186923
4419,0,0,0.9999951124191284,3.651917722891085e-06,9.752365031090449e-07,2.966396834835905e-07
4420,1,1,5.876528708093076e-10,1.0,9.210153473215854e-11,9.48917167065133e-10
4421,1,1,0.0021087643690407276,0.9789571166038513,0.01189331989735365,0.007040771190077066
4422,0,0,0.9999978542327881,1.9422403685354084e-09,9.76550609266269e-07,1.1510550166349276e-06
4423,0,0,0.9999653100967407,1.074516333687825e-07,4.658595116779907e-06,2.9958102459204383e-05
4424,1,1,0.0005181820015423,0.9994695782661438,9.955705536413006e-06,2.252397052870947e-06
4425,0,0,0.9999979734420776,5.172285000298871e-07,4.42074906459311e-07,9.945955525836325e-07
4426,0,0,0.9996486902236938,1.1925432374937373e-07,0.00012878621055278927,0.0002223624469479546
4427,1,1,1.259668351849541e-07,0.9999998807907104,4.0072983820138575e-10,1.0608410816459468e-09
4428,1,1,6.130204383225646e-06,0.9999929666519165,7.997089142008917e-07,1.533295801436907e-07
4429,1,1,6.55400299365283e-07,0.9999983310699463,1.5884891979567328e-07,7.938425028441998e-07
4430,0,0,0.9992313385009766,5.263434650260024e-05,0.00022901201737113297,0.0004869360418524593
4431,1,1,4.2989217519107115e-08,1.0,1.3649071206600638e-08,2.6037552558477728e-08
4432,1,1,6.260190161810897e-07,0.9999960660934448,1.2992474012207822e-06,1.978089358090074e-06
4433,1,1,8.6414729594253e-05,0.9999097585678101,2.0670395315391943e-06,1.7819995719037252e-06
4434,1,1,0.00014322272909339517,0.9998558759689331,1.3847304103364877e-07,7.108407089617685e-07
4435,2,2,0.035493213683366776,2.032728616541135e-06,0.9634016752243042,0.0011030799942091107
4436,2,2,0.0012530770618468523,8.151430819225425e-08,0.99874347448349,3.358776666573249e-06
4437,2,2,0.11767183244228363,0.00011108902981504798,0.8428535461425781,0.039363496005535126
4438,1,1,2.564178647190829e-09,1.0,5.514615430968206e-10,5.595672813996089e-09
4439,0,0,0.9999790191650391,7.50184472053661e-06,3.691549409268191e-06,9.749144737725146e-06
4440,2,2,0.01613774709403515,0.026957625523209572,0.9217057228088379,0.0351988784968853
4441,3,2,3.7425197660923004e-05,1.1311769867461408e-06,0.9701897501945496,0.02977161295711994
4442,3,3,0.0009171302081085742,9.967017211565121e-10,0.0009211088763549924,0.9981617331504822
4443,1,1,7.383295724139316e-06,0.9999880790710449,3.4195554690086283e-06,1.0722289971454302e-06
4444,0,0,0.9971047043800354,1.1282109113608385e-07,0.0017008684808388352,0.0011943463468924165
4445,1,1,8.254779095295817e-05,0.999887228012085,2.623215550556779e-06,2.7592699552769773e-05
4446,1,1,0.0008853041217662394,0.9976779818534851,0.0008911294862627983,0.0005456377984955907
4447,0,0,0.970500111579895,0.027503546327352524,0.0008100348059087992,0.0011862164828926325
4448,2,2,0.016857605427503586,4.245262607582845e-05,0.9815880060195923,0.0015120200114324689
4449,1,1,1.3828032024321146e-05,0.9999480247497559,3.413897138671018e-05,4.0459021874994505e-06
4450,1,1,2.709942350520578e-07,0.9999997615814209,1.5638074168933258e-09,5.471469388673711e-10
4451,3,2,1.6362173482775688e-07,4.705112033320802e-08,0.9889370203018188,0.011062780395150185
4452,0,0,0.9999690055847168,3.845607721153499e-10,8.076083872765594e-07,3.0202390917111188e-05
4453,0,0,0.9977853298187256,6.8634512899734545e-06,3.5744997148867697e-05,0.002172014908865094
4454,1,1,0.04623938351869583,0.9536752700805664,3.251450470997952e-05,5.285613951855339e-05
4455,0,0,0.9985867738723755,0.0005212328396737576,0.0007640568073838949,0.0001279886782867834
4456,0,0,0.9995667338371277,2.0425069635621185e-07,0.00019253815116826445,0.00024054212553892285
4457,1,1,1.2197955356896273e-06,0.9999988079071045,2.7008150382812346e-08,3.860984065795492e-08
4458,1,1,2.6688698540056066e-07,0.9999997615814209,2.6908063333053178e-08,6.447277822729802e-09
4459,0,0,0.9999125003814697,6.921492001765728e-08,5.117266255183495e-07,8.694559073774144e-05
4460,1,1,4.997942960471846e-05,0.9989897608757019,0.0009564429637975991,3.8436014619946945e-06
4461,1,1,2.695786315598525e-05,0.9999722242355347,4.95139602207928e-07,3.1417511081599514e-07
4462,0,0,0.9913262724876404,1.0966917329824355e-07,0.007949809543788433,0.0007238363032229245
4463,0,0,0.9999985694885254,1.2412265277816914e-06,1.7289261222686036e-07,5.919239498552997e-08
4464,3,3,0.019911400973796844,0.010763047263026237,0.07656484842300415,0.8927608132362366
4465,1,0,0.4476682245731354,0.1746961623430252,0.008998561650514603,0.3686370253562927
4466,0,0,0.9997543692588806,1.7202862068188551e-07,3.4184937248937786e-05,0.00021124890190549195
4467,3,3,0.0010072864824905992,4.238550900481641e-05,0.0007067157421261072,0.9982436895370483
4468,0,0,0.9838782548904419,0.0003996826126240194,0.014736191369593143,0.0009858905104920268
4469,0,0,0.9989053010940552,1.590149440744426e-05,0.0009308863081969321,0.00014798114716541022
4470,3,3,0.0035336280707269907,5.069202302365738e-07,0.009897110052406788,0.986568808555603
4471,0,0,0.9997474551200867,0.00018300955707672983,1.5511621143105003e-07,6.939942977624014e-05
4472,2,2,0.00038795918226242065,3.919893060810864e-05,0.9995414018630981,3.145505252177827e-05
4473,2,2,0.00016723167209420353,3.3996386150647595e-08,0.9998039603233337,2.877359656849876e-05
4474,2,2,0.0962580218911171,0.009960651397705078,0.8341295123100281,0.05965184420347214
4475,1,1,0.011394075118005276,0.9876882433891296,0.0003701060777530074,0.0005475882207974792
4476,1,1,0.002023255219683051,0.908740758895874,0.018273990601301193,0.07096195220947266
4477,2,2,0.00024333198962267488,3.102396419762954e-07,0.9996445178985596,0.00011182660819031298
4478,2,2,1.4519837066018226e-07,3.889238930909755e-11,0.9999998807907104,1.2644628455404927e-08
4479,2,2,0.006257832050323486,0.0015643715159967542,0.8902302980422974,0.10194756835699081
4480,3,3,5.787256668554619e-06,7.337080631941717e-08,0.0001022654032567516,0.9998917579650879
4481,0,3,0.0024049829225987196,8.41720884636743e-06,0.0036858345847576857,0.9939007759094238
4482,3,3,0.0016756627010181546,3.2713619475543965e-06,9.135327854892239e-05,0.9982298016548157
4483,3,3,2.5941025683096086e-07,1.3186277669774427e-07,0.0017080912366509438,0.998291552066803
4484,0,0,0.9999964237213135,2.6164244104620593e-09,2.3260133730218513e-07,3.292218934802804e-06
4485,0,0,0.9993768334388733,0.00019311222422402352,3.2930245652096346e-05,0.00039716195897199214
4486,2,2,4.922047537547769e-06,4.8466177737793714e-09,0.9997945427894592,0.00020054509514011443
4487,2,2,0.00958205759525299,0.0015926171327009797,0.8845566511154175,0.1042686179280281
4488,3,3,0.001886124024167657,3.88933671047198e-07,0.0004366365319583565,0.9976769089698792
4489,3,3,6.347307498799637e-05,7.861274964326981e-10,0.03289765119552612,0.9670389294624329
4490,2,2,0.0004092456365469843,3.589244101931399e-07,0.9991722106933594,0.0004181702097412199
4491,3,3,5.751029311795719e-05,3.619025790158048e-07,0.0006616247701458633,0.9992805123329163
4492,1,1,5.319802585290745e-05,0.9999442100524902,1.9817803149635438e-06,6.032674946254701e-07
4493,3,3,2.540421519370284e-06,1.5578752480746583e-12,1.6448020687676035e-05,0.9999810457229614
4494,3,3,1.8685770555748604e-05,9.895340102872296e-10,1.137176514021121e-05,0.9999699592590332
4495,0,0,0.999984860420227,2.476561400399646e-09,1.5044755627968698e-06,1.3637487427331507e-05
4496,2,2,2.184629011026118e-05,5.593707896878186e-08,0.9999419450759888,3.623314478318207e-05
4497,0,0,0.9996753931045532,5.23182734468719e-06,1.0550716979196295e-05,0.0003088254015892744
4498,3,3,9.785029760678299e-06,3.294583450497157e-07,0.001040616654790938,0.9989492297172546
4499,3,3,0.35702162981033325,3.959719663271244e-07,0.004418069496750832,0.6385599374771118
4500,1,1,4.914682904200163e-06,0.999976634979248,4.8474666982656345e-06,1.3575971934187692e-05
4501,2,2,7.576705911560566e-07,4.671698139446789e-09,0.8132272362709045,0.18677203357219696
4502,3,3,9.906967335382433e-08,2.1708096431538593e-10,1.4288444617704954e-05,0.9999855756759644
4503,3,3,0.0006936682621017098,1.983958330953328e-09,0.004296909086406231,0.9950094223022461
4504,2,2,8.905716822482646e-05,2.4211167328758165e-05,0.9993467926979065,0.000539818312972784
4505,1,1,0.0006541152251884341,0.9944409728050232,2.9403634471236728e-05,0.004875442944467068
4506,3,3,2.2299980173556833e-06,1.0186808729883978e-08,0.007003696169704199,0.9929940104484558
4507,3,3,4.019194238935597e-05,0.012976680882275105,0.002618867438286543,0.9843643307685852
4508,2,3,4.2851843318203464e-05,7.502598009523354e-08,0.007822041399776936,0.9921349287033081
4509,1,1,7.50172694097273e-05,0.999919056892395,2.930755272245733e-06,3.0201445042621344e-06
4510,2,2,0.00019896950107067823,6.729349877332425e-08,0.9996795654296875,0.00012139087630202994
4511,1,1,0.00404808996245265,0.9947361350059509,0.0006152415298856795,0.0006004884489811957
4512,0,0,0.9967969059944153,0.0005437192157842219,4.69240785605507e-06,0.0026547389570623636
4513,1,1,6.04451031449571e-07,0.9999988079071045,8.037057597221064e-08,4.677794152030401e-07
4514,3,3,2.3111172140488634e-06,1.9210153467952296e-09,0.005656225141137838,0.9943414926528931
4515,3,3,5.766180493083084e-06,5.475454756265208e-09,0.005653781350702047,0.9943404197692871
4516,1,1,0.0002580569125711918,0.9996525049209595,2.4933580789365806e-05,6.44862957415171e-05
4517,2,2,0.0006307489820756018,3.724316144371187e-08,0.6863887310028076,0.31298038363456726
4518,2,2,0.00010851028491742909,4.2093772208318114e-05,0.9776601791381836,0.022189218550920486
4519,0,0,0.9859018325805664,2.947438770206645e-05,0.013333877548575401,0.0007348032668232918
4520,0,0,0.9196638464927673,0.023599546402692795,0.0016318088164553046,0.055104877799749374
4521,2,2,2.3491154479415854e-06,8.281062235937497e-08,0.9999445676803589,5.299796976032667e-05
4522,1,1,0.0029704465996474028,0.9856648445129395,5.905621583224274e-05,0.011305700056254864
4523,2,2,0.00010930745338555425,1.4030296142664156e-06,0.9917814135551453,0.008107786998152733
4524,1,1,0.004539276473224163,0.9690635204315186,0.009354328736662865,0.01704290695488453
4525,3,3,2.9451193768181838e-05,5.466468611103892e-09,0.0052415356040000916,0.9947289824485779
4526,1,1,0.001326346886344254,0.9944357872009277,0.004167728126049042,7.008750253589824e-05
4527,3,3,0.0005277112359181046,0.013925367966294289,0.15223896503448486,0.8333078622817993
4528,0,0,0.9807532429695129,0.0013058402109891176,0.015140414237976074,0.002800573594868183
4529,1,1,3.079783937209868e-06,0.9999387264251709,5.08725643157959e-05,7.2638549681869335e-06
4530,0,0,0.9770957231521606,4.865022447120282e-07,0.02248155139386654,0.0004221751296427101
4531,2,2,0.013555229641497135,2.261936202785364e-07,0.9856196641921997,0.0008248596568591893
4532,1,1,6.424627645174041e-05,0.9999316930770874,2.823152954078978e-06,1.1880993042723276e-06
4533,2,2,0.005084791220724583,0.0008830966544337571,0.9930272698402405,0.001004756079055369
4534,0,0,0.9889665246009827,2.833740154528641e-06,0.010519705712795258,0.0005109591293148696
4535,1,1,0.0010383556364104152,0.9989274144172668,2.8900385586894117e-05,5.329215127858333e-06
4536,2,2,0.0012679477222263813,1.4929790381756902e-07,0.9976215958595276,0.001110230921767652
4537,1,1,2.40243025473319e-07,0.9999995231628418,2.5656547997243706e-09,2.58260598684501e-07
4538,0,0,0.9994530081748962,8.940506859289599e-07,7.722127338638529e-05,0.00046889210352674127
4539,1,0,0.6450422406196594,0.2888846695423126,0.03419606387615204,0.03187701478600502
4540,1,0,0.9661902785301208,0.03293444216251373,0.0007113604806363583,0.00016398592561017722
4541,0,0,0.9999970197677612,6.670852314982767e-08,1.4725378605362494e-06,1.4837759181318688e-06
4542,2,2,0.0007738081039860845,1.2449114592527621e-06,0.9966970682144165,0.002527807140722871
4543,1,1,9.418522495252546e-06,0.9999902248382568,8.577109866791943e-08,2.857477454654145e-07
4544,0,0,0.9973018169403076,1.996514038182795e-05,0.0011990914354100823,0.001479111728258431
4545,0,0,0.999934196472168,3.2967077459034044e-06,4.538471330306493e-06,5.798488564323634e-05
4546,3,3,1.2892323866253719e-05,1.8829150576493703e-06,0.0030776497442275286,0.9969075322151184
4547,3,3,2.4258008579636225e-07,5.548614012695907e-08,0.006120992358773947,0.9938787817955017
4548,0,0,0.9999995231628418,7.368119447903609e-09,3.5636290363072476e-07,1.3955636291029805e-07
4549,0,1,0.002846967428922653,0.9969606995582581,0.00014695235586259514,4.544048715615645e-05
4550,3,2,0.0008516187663190067,1.6324209539675394e-08,0.8286668658256531,0.17048147320747375
4551,3,3,0.002026738366112113,5.433733818449582e-08,0.30679669976234436,0.6911764144897461
4552,2,2,1.6214662537095137e-05,3.8884890862789234e-09,0.9999167919158936,6.7032829974778e-05
4553,3,3,2.369691719650291e-05,7.303919460355246e-07,0.00017022999236360192,0.9998053908348083
4554,2,2,3.0575395157939056e-06,1.4747308796358993e-07,0.999953031539917,4.3732186895795166e-05
4555,3,3,0.0003476807614788413,1.093039880828428e-08,0.08282094448804855,0.916831374168396
4556,2,2,2.1303669939243264e-07,7.425689924067669e-11,0.9999997615814209,1.7285003650613362e-08
4557,3,3,9.685824586824765e-09,1.0290977847660088e-08,0.007717672269791365,0.9922823309898376
4558,0,0,0.9999992847442627,4.905723605119761e-10,7.013630920482683e-07,4.272165199381561e-08
4559,3,3,1.8302804392078542e-06,5.097807731502257e-10,0.003950898069888353,0.99604731798172
4560,2,2,5.7215352171624545e-06,5.915709699877425e-09,0.9999537467956543,4.0543778595747426e-05
4561,0,0,0.9980394244194031,1.0750704149131707e-07,0.0011354397283867002,0.0008251189137808979
4562,2,2,0.0033991497475653887,2.9376505494838057e-07,0.9960576295852661,0.0005429580924101174
4563,0,0,0.6654542088508606,0.33225277066230774,5.14644525537733e-05,0.0022415288258343935
4564,3,2,5.450597745948471e-05,1.2698579687775435e-10,0.9211689233779907,0.07877664268016815
4565,2,2,0.0011442331597208977,1.735292443072467e-08,0.9987497329711914,0.0001059895585058257
4566,2,2,0.0021615508012473583,0.0003319448442198336,0.9965547323226929,0.0009517846629023552
4567,0,0,0.6064491868019104,1.727369635773357e-05,0.3606956899166107,0.032837867736816406
4568,2,2,0.0024178363382816315,0.0005170153453946114,0.9912003874778748,0.005864843260496855
4569,3,3,0.010158129036426544,3.508565100673877e-07,0.0028785024769604206,0.9869629740715027
4570,0,0,0.9980623126029968,6.043815226064453e-09,0.0018626024248078465,7.505778194172308e-05
4571,2,3,1.276072492117919e-08,5.44043876615774e-09,0.004148035775870085,0.995851993560791
4572,2,2,0.001526119071058929,5.086976307211444e-05,0.8048094511032104,0.19361354410648346
4573,1,1,0.03294794261455536,0.51329106092453,0.3967542350292206,0.05700680613517761
4574,0,0,1.0,2.461921118357413e-11,5.611715980791132e-09,2.312600111409324e-09
4575,0,0,0.9768502712249756,3.146058224956505e-05,0.0004752663371618837,0.022642971947789192
4576,3,3,5.145938121131621e-05,1.4230004126147833e-06,0.0001426412200089544,0.9998044371604919
4577,0,0,0.9999011754989624,1.0483475421096955e-07,4.304490630602231e-06,9.438134293304756e-05
4578,0,0,0.9996496438980103,8.913071170013609e-09,0.00034187748678959906,8.468706255371217e-06
4579,2,2,0.007843616418540478,3.8489051235046645e-07,0.9920652508735657,9.080220479518175e-05
4580,2,3,3.1365801067551047e-09,2.8172713939511596e-08,0.011108500882983208,0.9888914823532104
4581,1,1,0.00031570999999530613,0.999677300453186,5.434287231764756e-06,1.5655912193324184e-06
4582,3,3,1.4881304196023848e-05,9.846776727329143e-09,2.9664959129149793e-06,0.9999821186065674
4583,1,1,0.02643529698252678,0.9730290770530701,0.00030545605113729835,0.00023021084780339152
4584,3,2,0.018302228301763535,0.005939106922596693,0.8129832744598389,0.16277538239955902
4585,3,3,0.0001489529968239367,4.842783063452316e-09,0.010346594266593456,0.9895044565200806
4586,1,1,0.024219028651714325,0.9711650609970093,0.0037737044040113688,0.0008422019309364259
4587,2,2,0.00034533996949903667,4.115154661121778e-05,0.9792268872261047,0.02038668282330036
4588,3,3,0.002559224609285593,3.725549731825595e-06,0.17653383314609528,0.8209032416343689
4589,0,0,0.9993969202041626,1.166594984169933e-06,0.000584241992328316,1.7670910892775282e-05
4590,0,0,0.9999747276306152,8.288513875243098e-09,3.879607902490534e-06,2.1361707695177756e-05
4591,2,2,4.605974754667841e-05,4.1127290018039275e-08,0.7151407599449158,0.2848132252693176
4592,2,2,0.0011778125772252679,5.514920644600352e-07,0.9975467324256897,0.001274780253879726
4593,3,3,2.255087792946142e-06,4.1986189525111683e-10,0.0016294462839141488,0.9983683228492737
4594,3,3,2.3583417441130905e-09,2.1462300825447755e-09,1.7706020116747823e-07,0.9999997615814209
4595,1,1,2.2676007574773394e-05,0.9999725818634033,4.140096734772669e-06,5.473922897181183e-07
4596,3,3,0.001009326777420938,1.069496192940278e-06,0.07819373160600662,0.9207957983016968
4597,3,3,9.612872418074403e-06,5.431972383007633e-08,1.7670964780336362e-07,0.9999902248382568
4598,0,0,0.9999915361404419,7.745546781734447e-08,5.14726366418472e-07,7.927654223749414e-06
4599,2,2,4.0327598981093615e-05,5.875265784993644e-08,0.9999594688415527,1.5652918250452785e-07
4600,3,3,0.00013339193537831306,2.2894784024174442e-07,0.000327369780279696,0.9995390176773071
4601,1,1,0.00032566467416472733,0.9996699094772339,4.4445147295846255e-07,3.88600801670691e-06
4602,0,0,0.9997344613075256,9.513147603001926e-09,0.00015458502457477152,0.00011099703260697424
4603,2,2,4.0523216739529744e-05,9.991991646529641e-06,0.7964583039283752,0.20349110662937164
4604,3,3,9.154981057690748e-07,1.50156900802223e-10,0.000770716171246022,0.9992283582687378
4605,3,3,0.0001329044025624171,6.570651748916134e-06,0.009971344843506813,0.9898892045021057
4606,1,1,2.4885353923309594e-05,0.9999737739562988,8.260887511823967e-07,4.991914011043264e-07
4607,0,0,0.9999450445175171,3.4088023426193104e-07,6.88712862029206e-06,4.7669887862866744e-05
4608,3,3,0.003349562408402562,2.3403688828693703e-05,0.00917811132967472,0.9874488711357117
4609,3,3,1.0479261208784507e-10,3.2982850852429166e-17,1.5336019032474724e-06,0.9999984502792358
4610,3,3,7.569701097054349e-07,7.637525160919534e-12,6.110566346251289e-07,0.9999986886978149
4611,2,2,0.0005294560687616467,1.7802165530156344e-05,0.9966983199119568,0.0027544114273041487
4612,0,0,0.9668328166007996,7.158381049521267e-05,0.029179468750953674,0.003916169051080942
4613,2,2,0.00016556303307879716,6.196572854832993e-08,0.9996482133865356,0.00018618657486513257
4614,1,1,1.943880670296494e-05,0.9999616146087646,4.0945587898022495e-06,1.4922752598067746e-05
4615,1,1,3.6677678849628137e-07,0.9999996423721313,1.2134093729798678e-10,5.790619095336069e-10
4616,0,0,0.9999997615814209,2.4347995841722536e-10,8.965429998397667e-08,1.5456298285698722e-07
4617,3,3,1.24708412840846e-05,2.2904619356722833e-07,0.0004918532213196158,0.9994953870773315
4618,2,2,0.004835224244743586,7.607600771564194e-09,0.9949548840522766,0.00020996408420614898
4619,1,1,0.0009906748309731483,0.9986253976821899,0.00036762378294952214,1.6293062799377367e-05
4620,0,1,0.2094980627298355,0.7022943496704102,0.053520187735557556,0.0346873514354229
4621,0,0,0.9999945163726807,1.4162965022990193e-08,2.8902368285343982e-06,2.56730777437042e-06
4622,3,2,0.0006534645799547434,1.088638214241655e-06,0.6852095723152161,0.31413590908050537
4623,3,3,0.03913940489292145,0.1068967655301094,0.2214919775724411,0.6324718594551086
4624,0,0,0.9999083280563354,5.045325906394282e-06,8.053451892919838e-05,6.022344223310938e-06
4625,1,1,0.08001495897769928,0.7743431925773621,0.01699860207736492,0.1286432445049286
4626,1,1,0.0001027796242851764,0.9998902082443237,1.6446927020297153e-06,5.41765803063754e-06
4627,2,2,0.00350885558873415,1.0834402246473473e-06,0.9964315891265869,5.837920616613701e-05
4628,1,1,2.0703325844806386e-06,0.9999978542327881,3.949820026605266e-08,6.009256980910038e-10
4629,2,2,0.04816926643252373,9.253137977793813e-05,0.9486683011054993,0.0030699586495757103
4630,1,1,4.460335730982479e-06,0.9999954700469971,6.220921022759285e-08,1.0662098981484291e-09
4631,1,1,1.181942116090795e-05,0.999982476234436,1.7841306316768168e-06,3.925864348275354e-06
4632,1,1,7.783042747178115e-06,0.9999922513961792,3.967873141164091e-09,1.5951870935282386e-08
4633,2,2,0.0008301835041493177,9.134382850106704e-08,0.9971375465393066,0.0020322350319474936
4634,1,1,1.0254083235849976e-06,0.999998927116394,7.70428520979749e-09,4.338255088498499e-09
4635,2,2,9.715069609228522e-06,0.00013960119395051152,0.9541444182395935,0.045706309378147125
4636,1,1,2.5977478799177334e-05,0.9998143315315247,0.00014489059685729444,1.472619260312058e-05
4637,0,0,0.9987711310386658,6.380221748258919e-05,0.00024627885431982577,0.0009188058320432901
4638,2,2,0.006339551415294409,0.006939536426216364,0.985680341720581,0.001040568226017058
4639,0,0,0.9999992847442627,1.1519829712369756e-07,1.9124107097923115e-07,3.961197592161625e-07
4640,1,1,0.02304544672369957,0.9680030345916748,0.006740905344486237,0.0022106624674052
4641,3,3,0.0036257042083889246,8.677416190039366e-07,0.0018221948994323611,0.9945512413978577
4642,0,0,0.9994912147521973,0.00010266868048347533,0.00012293047620914876,0.00028307802858762443
4643,3,3,3.776996527449228e-05,3.044682506114782e-09,0.00019516480097081512,0.9997671246528625
4644,0,0,0.9963867664337158,8.540547469237936e-08,7.462323537765769e-06,0.0036056875251233578
4645,2,2,2.8934182410012e-05,3.8990262396509934e-07,0.9999611377716064,9.489664080319926e-06
4646,1,1,8.654283192299772e-06,0.9999744892120361,2.8172651127533754e-06,1.4037391338206362e-05
4647,0,0,0.9999738931655884,1.3241423175713862e-06,9.413860425411258e-06,1.5341371181420982e-05
4648,3,3,0.24845603108406067,1.0750143246696098e-06,0.04182923957705498,0.7097136378288269
4649,1,1,5.034073637943948e-07,0.9999992847442627,1.689458173359526e-07,5.2472790557089866e-09
4650,0,0,0.5810009837150574,4.264581576762794e-08,0.3760010898113251,0.04299788549542427
4651,0,0,0.9999815225601196,2.4195012660044313e-10,6.512655090773478e-06,1.190645525639411e-05
4652,2,2,2.6188585252384655e-05,1.2017947028652998e-06,0.9994090795516968,0.0005635033012367785
4653,2,2,0.00016258502728305757,5.785610142083897e-07,0.9976438879966736,0.002192962681874633
4654,0,0,0.9993987083435059,0.0002616862766444683,0.00015812549099791795,0.0001815215073293075
4655,3,3,0.13127291202545166,1.8514654698265076e-07,0.011828740127384663,0.8568981885910034
4656,0,0,0.9414727687835693,0.013186480849981308,0.004256120417267084,0.04108472540974617
4657,0,0,0.9981763362884521,5.9393256378825754e-05,0.0006459418800659478,0.0011183953611180186
4658,1,1,2.0701842004200444e-05,0.9999675750732422,5.045110356149962e-06,6.628118171647657e-06
4659,1,1,0.0003164917870890349,0.9698294997215271,0.027469079941511154,0.0023849294520914555
4660,1,1,3.243369235406135e-07,0.9999996423721313,4.3975269647944515e-08,5.142266612523372e-09
4661,2,2,0.0006938155856914818,2.253098318760749e-05,0.9990873336791992,0.00019635508942883462
4662,3,3,0.0002550028439145535,5.986357631826422e-09,0.008618658408522606,0.9911263585090637
4663,3,3,5.26647490914911e-05,1.9579988475015853e-07,0.3760746419429779,0.6238724589347839
4664,0,0,0.7216286063194275,0.004916597157716751,0.06471911072731018,0.20873576402664185
4665,3,3,6.234731699805707e-06,2.1192474441988907e-09,0.0005168631323613226,0.999476969242096
4666,0,0,0.9998711347579956,7.292354808896562e-08,6.839120032964274e-05,6.036556078470312e-05
4667,2,2,0.0025078156031668186,0.12774430215358734,0.8381046056747437,0.03164329379796982
4668,0,0,0.9999934434890747,4.144823151364108e-09,1.4800855296925874e-07,6.440799552365206e-06
4669,0,1,0.07643137872219086,0.9220545291900635,0.0009317696094512939,0.000582352455239743
4670,2,2,6.173861038405448e-05,2.8629747816921736e-07,0.9999123811721802,2.55538852798054e-05
4671,3,3,0.0002455859212204814,2.703705037632176e-10,3.1995023164199665e-06,0.9997512698173523
4672,0,0,0.9979315996170044,1.0040883353212848e-05,2.1185516743571497e-05,0.0020372222643345594
4673,2,2,0.005773255601525307,7.155047114792978e-06,0.9940817952156067,0.00013773751561529934
4674,3,3,1.2214023570322752e-08,6.771967014929103e-11,0.0004832252161577344,0.9995167255401611
4675,0,0,0.943872332572937,2.3377695868020965e-07,0.0005860711098648608,0.055541250854730606
4676,3,3,0.0006028874195180833,6.439580602091155e-07,0.023426363244652748,0.9759700298309326
4677,0,3,0.000924962165299803,3.5708140444512537e-07,0.015326717868447304,0.9837480187416077
4678,3,3,2.5882513909891713e-07,7.548939251478259e-10,0.0006020801956765354,0.9993976354598999
4679,0,0,1.0,3.3273315214188415e-09,3.483883759258788e-08,5.345637177356366e-08
4680,2,2,0.0007009047549217939,0.00023337936727330089,0.9988706707954407,0.00019509211415424943
4681,2,3,0.0007641432457603514,1.295957332558828e-07,0.12083591520786285,0.8783998489379883
4682,3,3,0.00015510257799178362,1.347762150771814e-07,0.022426007315516472,0.977418839931488
4683,0,0,0.7804012298583984,0.002395056886598468,0.015663770958781242,0.20153997838497162
4684,2,0,0.9760301113128662,0.0010654014768078923,0.018656617030501366,0.0042477878741919994
4685,2,2,0.0012510286178439856,1.8953176095237723e-07,0.99870765209198,4.114733383175917e-05
4686,2,2,3.509112502797507e-07,1.0321114796152386e-10,0.9999994039535522,1.8328074702367303e-07
4687,2,2,0.0018904495518654585,0.005562057718634605,0.8890852332115173,0.10346225649118423
4688,2,2,0.00039010553155094385,9.931106887961505e-07,0.9985783100128174,0.001030577695928514
4689,2,3,0.00019099870405625552,4.775169600179652e-06,0.0038834356237202883,0.9959207773208618
4690,1,1,0.004974634852260351,0.9905034303665161,0.0012057689018547535,0.003316214308142662
4691,2,3,0.00021091797680128366,2.11083673207213e-07,0.3530374765396118,0.646751344203949
4692,0,0,0.9999110698699951,2.3371469524136046e-06,2.1549323719227687e-05,6.502072210423648e-05
4693,1,1,0.0003250264562666416,0.9996174573898315,2.084822199321934e-06,5.544513260247186e-05
4694,3,3,5.252902610664023e-07,5.708198358433947e-10,0.0027465415187180042,0.997252881526947
4695,1,1,0.02862611413002014,0.95822674036026,0.002902641426771879,0.010244539007544518
4696,1,1,2.1601621824629547e-08,1.0,7.235858134890805e-09,7.754443753782425e-10
4697,0,0,0.9986347556114197,3.164362351526506e-05,7.290069333976135e-05,0.0012607087846845388
4698,1,1,1.2432812582119368e-05,0.9999431371688843,9.723182756715687e-07,4.3506002839421853e-05
4699,0,0,0.9999778270721436,1.2229253343321034e-06,9.615054295863956e-06,1.125422386394348e-05
4700,0,0,0.9999263286590576,1.4810520099217683e-07,9.432212209503632e-06,6.407319597201422e-05
4701,3,3,0.0056724585592746735,5.953569598204922e-06,0.019919268786907196,0.9744023084640503
4702,1,1,2.107834916387219e-06,0.9999978542327881,7.780005972790605e-08,4.356220628665142e-08
4703,2,2,3.2667983759893104e-05,2.166004378523212e-06,0.9999399185180664,2.5251643819501624e-05
4704,3,3,0.00021792456391267478,1.8644368537934497e-07,1.9623332264018245e-05,0.999762237071991
4705,1,1,0.00011812231241492555,0.9998711347579956,2.423317255306756e-06,8.288490789709613e-06
4706,3,3,2.931070184786222e-06,4.3460708809561766e-08,0.004978202749043703,0.9950188398361206
4707,1,1,0.0018609605031087995,0.9963085055351257,0.0018049066420644522,2.56950097536901e-05
4708,0,0,0.9672451019287109,0.00027187480009160936,0.000799494911916554,0.03168357536196709
4709,0,0,0.9775488972663879,4.025123416795395e-05,0.017695652320981026,0.004715230781584978
4710,1,1,1.9512572180246934e-06,0.9999979734420776,3.027907169439459e-08,3.322531938465545e-08
4711,0,0,0.9999336004257202,4.522447852650657e-06,4.3345233279978856e-05,1.846504346758593e-05
4712,0,0,0.560091495513916,6.613085861317813e-05,0.012404948472976685,0.42743736505508423
4713,2,2,6.673959433101118e-05,3.897914211847819e-06,0.9997573494911194,0.00017204922914970666
4714,3,3,7.932423500278674e-07,5.032347316635821e-10,2.0900399249512702e-05,0.9999783039093018
4715,0,0,0.9952467083930969,0.0003373422659933567,0.00023704295745119452,0.004178940784186125
4716,0,0,0.9976724982261658,1.0958056009258144e-05,0.0021221283823251724,0.00019438887829892337
4717,2,2,1.1712656942108879e-06,3.0318911825588657e-09,0.9999878406524658,1.0952201591862831e-05
4718,0,0,0.743026852607727,0.12937644124031067,0.1052885502576828,0.0223082285374403
4719,2,2,0.005375028122216463,3.332413598400308e-06,0.9927884936332703,0.0018331168685108423
4720,0,3,0.007601386401802301,0.00031634376500733197,0.01935940980911255,0.9727228283882141
4721,3,3,0.00023040887026581913,1.3906401363783516e-08,0.03688865900039673,0.9628809094429016
4722,2,2,0.0014182658633217216,6.24416725258925e-06,0.9974750876426697,0.0011004569241777062
4723,1,1,1.641064528712377e-07,0.9999997615814209,1.709920915970997e-08,2.3927677617052723e-09
4724,1,1,3.854500846500741e-06,0.9999955892562866,2.4196219783334527e-07,3.298622459624312e-07
4725,1,1,5.956818768027006e-06,0.9999775886535645,8.525469638698269e-06,8.030275239434559e-06
4726,0,0,0.9983152151107788,0.0008211031090468168,0.0006094042910262942,0.000254241080256179
4727,2,2,0.0006595549057237804,4.848739081353415e-06,0.99739009141922,0.001945511787198484
4728,1,1,0.0006144239450804889,0.9990683197975159,0.0001327437348663807,0.00018450533389113843
4729,1,1,0.0005116912652738392,0.9994606375694275,5.032852186559467e-06,2.2628115402767435e-05
4730,1,1,1.9277658225291816e-07,0.9999855756759644,1.3675774425792042e-05,5.419933586381376e-07
4731,1,1,1.197273036268598e-06,0.9999986886978149,1.5789005658461974e-07,1.453225184633311e-08
4732,1,1,0.205442875623703,0.7825060486793518,0.004678701050579548,0.007372316904366016
4733,1,1,4.321813094065874e-07,0.9999983310699463,4.261851529463456e-07,8.693629069966846e-07
4734,0,0,0.8805437088012695,0.11921057850122452,2.6436544430907816e-05,0.0002192451647715643
4735,2,2,0.0026344554498791695,6.085819677537074e-06,0.9943729639053345,0.0029865119140595198
4736,0,0,0.9998540878295898,4.113269369554473e-07,5.534106458071619e-05,9.023121674545109e-05
4737,3,3,0.0006745913997292519,3.5318435038789175e-06,0.00982608925551176,0.9894958138465881
4738,3,3,0.010168827138841152,1.0583297580524231e-06,0.038536425679922104,0.9512937068939209
4739,2,2,0.0035686383489519358,1.3610432688437868e-05,0.9954012632369995,0.0010165004059672356
4740,3,3,6.596673901571037e-11,1.2470254863450325e-12,0.00014562062278855592,0.999854326248169
4741,3,3,0.0002894978388212621,7.23439086414146e-10,0.00013764681352768093,0.9995728135108948
4742,3,3,2.0310619675001362e-06,2.3263961868025262e-09,0.001323705306276679,0.9986742734909058
4743,1,1,8.084652108664159e-06,0.9999798536300659,8.525936209480278e-06,3.569550472093397e-06
4744,3,3,0.0008980739512480795,5.323127334122546e-05,0.49686235189437866,0.5021863579750061
4745,1,1,0.0007313901442103088,0.9991390705108643,0.00012939033331349492,1.133469638148199e-07
4746,2,2,0.002238024026155472,0.0001799988531274721,0.9967384934425354,0.0008434909395873547
4747,1,1,1.174438352791185e-06,0.9999979734420776,4.39794519024872e-07,2.997145145400282e-07
4748,0,0,0.9999992847442627,3.800211629823025e-07,6.785123130015336e-09,2.934952192390483e-07
4749,3,3,0.00011993420775979757,2.8828997855612215e-08,0.0005445036804303527,0.9993355870246887
4750,2,2,8.182529563782737e-05,7.092499458849488e-07,0.999803364276886,0.00011409990838728845
4751,2,2,0.0004958856152370572,5.930944553256268e-07,0.9975076913833618,0.0019958752673119307
4752,0,0,0.9993948936462402,0.0005828023422509432,3.218734789811606e-08,2.234647581644822e-05
4753,2,2,0.0006126775406301022,4.7237474063877016e-05,0.9968258142471313,0.0025143155362457037
4754,3,3,0.00038420295459218323,4.7705075445492184e-09,0.030996860936284065,0.9686189293861389
4755,1,1,6.850211502751336e-05,0.9990791082382202,0.0006953967385925353,0.00015693349996581674
4756,2,2,0.0018753987969830632,3.4969123134942492e-06,0.9980573058128357,6.372694770107046e-05
4757,0,0,0.9999427795410156,1.2270502338651568e-05,7.12066082542151e-07,4.424681173986755e-05
4758,2,2,2.1955580450594425e-05,2.1921181314610294e-07,0.9995077848434448,0.0004701014549937099
4759,2,2,5.064938886789605e-05,8.593226812081411e-05,0.9995334148406982,0.0003300535026937723
4760,3,3,2.3980373953236267e-05,2.2610470296058338e-07,6.606610986636952e-05,0.9999097585678101
4761,0,0,0.9999996423721313,8.990888034077216e-09,1.7167921528837837e-09,3.584444812076981e-07
4762,3,3,0.000914519710931927,2.1623979762352974e-07,0.0059743607416749,0.9931108951568604
4763,3,3,0.0017249491065740585,2.211579521826934e-05,4.3547192035475746e-05,0.9982093572616577
4764,0,2,0.12132879346609116,0.07037551701068878,0.7844952940940857,0.023800404742360115
4765,2,2,0.0017931831534951925,5.452140783290815e-08,0.9917335510253906,0.0064732045866549015
4766,2,2,0.021000336855649948,0.001008597551845014,0.5773895978927612,0.40060144662857056
4767,3,3,2.4447224859613925e-05,3.176277019178997e-08,0.012468364089727402,0.9875072240829468
4768,2,2,0.0067808604799211025,5.5317570513579994e-05,0.992440938949585,0.000722960801795125
4769,2,2,0.0068055856972932816,0.0001794355921447277,0.991874635219574,0.0011404072865843773
4770,1,1,4.980186818492882e-10,1.0,4.456021329701798e-09,3.1947422485245625e-08
4771,3,3,0.12680059671401978,0.0004037476028315723,0.0816321074962616,0.7911635041236877
4772,1,1,0.00015048972272779793,0.9997357726097107,9.143842180492356e-05,2.225085518148262e-05
4773,2,2,0.00042874651262536645,1.1727006494766101e-06,0.557407796382904,0.44216230511665344
4774,0,0,0.9981977343559265,3.848882101920026e-07,9.201546345138922e-05,0.0017099800752475858
4775,3,3,1.4667215282315738e-06,1.188197179535777e-10,3.461297865214874e-06,0.9999951124191284
4776,3,3,0.0038017258048057556,1.3802429748466238e-05,0.04194117337465286,0.9542433023452759
4777,1,1,0.00012298180081415921,0.9998132586479187,6.382117135217413e-05,7.0529417861564525e-09
4778,3,3,0.0017193907406181097,3.302021696072188e-07,0.00015121889009606093,0.9981290698051453
4779,3,3,8.886621799319983e-06,9.514030535617835e-11,0.00159218639601022,0.9983989596366882
4780,1,1,2.900420076912269e-05,0.9999319314956665,1.546442035760265e-05,2.3619026251253672e-05
4781,1,1,1.379994273520424e-06,0.9997795224189758,1.7107624898926588e-06,0.00021744110563304275
4782,2,1,0.009702666662633419,0.5142588019371033,0.45193636417388916,0.024102158844470978
4783,2,3,9.279557161789853e-06,7.136111435102066e-08,0.0023222591262310743,0.9976683259010315
4784,3,3,0.0033140245359390974,0.0011037645163014531,0.010770355351269245,0.9848119020462036
4785,1,1,3.874482956689462e-08,0.999992847442627,2.989572067235713e-06,4.201146111881826e-06
4786,1,1,0.012054093182086945,0.9816063046455383,0.005647436715662479,0.0006921472959220409
4787,3,3,6.913528523000423e-07,1.1300619462417671e-07,0.009868771769106388,0.9901304841041565
4788,0,0,0.9999943971633911,1.8337535934165317e-08,2.9306211217772216e-06,2.5578035547368927e-06
4789,3,2,0.0012327417498454452,0.00022957393957767636,0.917155921459198,0.08138173818588257
4790,0,0,0.9883130192756653,0.00035303676850162446,0.004631590563803911,0.006702400743961334
4791,3,3,0.00016449538816232234,1.805681677069515e-05,0.014370027929544449,0.9854474067687988
4792,3,3,4.781828266686716e-08,1.0110935733109727e-07,0.00204993924126029,0.9979498982429504
4793,3,3,4.313698411806399e-07,4.977858125698731e-10,3.0513852834701538e-05,0.9999690055847168
4794,2,2,0.00180397043004632,0.0006715718191117048,0.8041078448295593,0.19341666996479034
4795,2,2,0.00031042390037328005,6.212516746018082e-05,0.9984830021858215,0.0011445145355537534
4796,3,3,3.656218541436829e-05,6.692870329061407e-07,0.002901860047131777,0.9970608353614807
4797,0,0,0.9982751607894897,1.0885615665756632e-05,0.001292854780331254,0.0004210489278193563
4798,2,2,5.2620529459090903e-05,1.1971995945714298e-06,0.998817503452301,0.0011286153458058834
4799,0,0,0.9999511241912842,6.059456609364133e-06,6.8249642026785295e-06,3.6033718060934916e-05
4800,0,0,0.9964554309844971,0.0016990615986287594,0.000356847740476951,0.001488652778789401
4801,3,3,1.3832891454512719e-05,4.524755570223249e-11,7.011208799667656e-05,0.9999160766601562
4802,0,0,0.9999722242355347,3.5053645319749194e-07,1.9139955838909373e-05,8.213478395191487e-06
4803,3,3,6.511389187835448e-07,3.971438644612135e-08,4.01196775783319e-05,0.9999592304229736
4804,0,0,0.9995679259300232,2.9636825615853013e-07,6.138047319836915e-05,0.00037046067882329226
4805,1,1,1.0642942470440175e-05,0.999987006187439,2.2550314042746322e-06,1.4613529231155553e-07
4806,3,3,0.00012017828703392297,5.477704689837992e-06,2.7578730055211054e-07,0.9998739957809448
4807,2,2,0.007111269049346447,0.00044772904948331416,0.9874037504196167,0.005037202034145594
4808,1,1,0.00020257820142433047,0.9997333884239197,4.0371156501350924e-05,2.3610757125425152e-05
4809,1,1,0.0049780369736254215,0.9613205194473267,0.033498674631118774,0.0002026833244599402
4810,2,2,0.008297039195895195,9.591829439159483e-05,0.8816887140274048,0.10991828888654709
4811,0,0,0.9896926283836365,7.365769079115125e-07,0.00019570252334233373,0.010110929608345032
4812,0,0,1.0,2.312134511628372e-11,1.1146200629141845e-10,9.498393183093867e-09
4813,0,0,0.999992847442627,1.5951760587995523e-06,3.370645799805061e-06,2.1954076601105044e-06
4814,0,0,0.9890323281288147,0.0005857212818227708,0.0020029584411531687,0.008379091508686543
4815,3,1,0.000604380271397531,0.9092217683792114,0.02236025035381317,0.06781360507011414
4816,0,0,0.9999850988388062,1.2757298550880591e-09,2.5752606234163977e-06,1.223268554895185e-05
4817,1,1,1.5603362044203095e-05,0.9999489784240723,8.437462497568049e-07,3.453655153862201e-05
4818,3,3,0.0183227751404047,0.0064405114389956,0.060015931725502014,0.9152207970619202
4819,1,1,0.0002946554741356522,0.9997022747993469,2.659242454683408e-06,3.69801625765831e-07
4820,0,0,0.9948595762252808,0.0038923046085983515,8.289025572594255e-05,0.0011652824468910694
4821,0,0,0.9966307282447815,0.0002889197785407305,7.579116936540231e-05,0.003004490863531828
4822,2,2,0.00041732366662472486,1.0645705970091512e-06,0.9963979721069336,0.003183620749041438
4823,1,1,0.06403705477714539,0.9283820986747742,0.006442435551434755,0.0011385257821530104
4824,2,1,0.003372571198269725,0.9502315521240234,0.04281974211335182,0.003576124319806695
4825,1,1,6.24576277914457e-05,0.9984490871429443,0.0009311109315603971,0.0005572849186137319
4826,3,3,0.0014184149913489819,1.3988275426868313e-08,0.023968201130628586,0.9746133089065552
4827,1,1,3.66939474361061e-07,0.9999996423721313,1.0458552912595565e-09,1.531525045672666e-10
4828,2,2,0.3701510727405548,1.0521385775064118e-05,0.6263663172721863,0.0034720709081739187
4829,3,3,3.952897168346681e-05,2.3798087056547956e-08,0.05558658391237259,0.9443739056587219
4830,1,1,9.723494440549985e-05,0.9998207688331604,3.874151298077777e-05,4.3252719478914514e-05
4831,3,3,0.22240346670150757,0.0012517096474766731,0.22164788842201233,0.5546969771385193
4832,2,2,2.43976046476746e-07,2.297051437949449e-08,0.9999958276748657,3.861392542603426e-06
4833,1,1,0.01105510164052248,0.9409610033035278,0.023579945787787437,0.024404028430581093
4834,0,0,0.9997901320457458,1.0367472896177787e-05,8.007876022020355e-05,0.00011941557750105858
4835,2,2,0.1972390115261078,0.0030702678486704826,0.7037404179573059,0.09595035016536713
4836,2,2,1.872885917464373e-07,1.5839152905927634e-11,0.9999997615814209,5.598618013635814e-09
4837,2,2,0.08432824909687042,0.001956576481461525,0.900374174118042,0.013340968638658524
4838,0,0,0.9999700784683228,3.2372988698625704e-06,2.3817488909116946e-05,2.8122492494730977e-06
4839,2,2,0.000628621899522841,4.118625383853214e-06,0.9981753826141357,0.0011918464442715049
4840,2,2,0.0006386515451595187,7.160477980505675e-05,0.999016284942627,0.00027345214039087296
4841,0,0,0.9999302625656128,4.075609538745084e-08,3.3025589800672606e-05,3.673026731121354e-05
4842,1,1,3.996524355898146e-06,0.9999901056289673,2.490319957360043e-06,3.4852885164582403e-06
4843,0,0,0.9970794916152954,0.0012520503951236606,0.001442602719180286,0.00022583302052225918
4844,3,3,0.0326681025326252,0.0006455575348809361,0.00264521106146276,0.9640411734580994
4845,1,1,6.472053883044282e-06,0.9999675750732422,1.6219384633586742e-05,9.82350957201561e-06
4846,0,3,0.21976596117019653,3.583078068913892e-06,0.31410160660743713,0.4661288559436798
4847,3,3,0.005385170690715313,0.009953559376299381,0.16384057700634003,0.8208207488059998
4848,1,1,3.389103585504927e-05,0.9999563694000244,2.3341008272836916e-06,7.362868473137496e-06
4849,2,2,0.008819110691547394,5.409767254604958e-06,0.9911404252052307,3.515548087307252e-05
4850,3,2,0.00020500995742622763,1.0868984645640012e-07,0.5591106414794922,0.44068416953086853
4851,1,1,1.6699299521860667e-05,0.9999829530715942,1.4929804592611617e-07,1.846429995566723e-07
4852,0,0,0.9999786615371704,1.4119625575403916e-06,5.436050287244143e-06,1.4408858987735584e-05
4853,3,3,0.0002007217553909868,2.4693695195310283e-06,0.006987438537180424,0.9928094148635864
4854,1,3,0.017173370346426964,6.737960120517528e-06,0.0120273781940341,0.9707925915718079
4855,3,3,5.7568751799408346e-05,1.3549839650295326e-06,0.0015661633806303144,0.9983749389648438
4856,2,2,0.004299890715628862,3.544973151292652e-05,0.9903005361557007,0.0053641535341739655
4857,3,3,6.295177286119724e-07,1.854238568244071e-10,0.0008973815129138529,0.999101996421814
4858,0,0,0.9690950512886047,5.23038079336402e-06,0.006210701074451208,0.024688972160220146
4859,0,0,0.9885150790214539,2.711841807467863e-05,0.008190651424229145,0.0032672742381691933
4860,3,3,5.731087185267825e-06,6.1080624065568134e-12,1.75197928911075e-05,0.9999767541885376
4861,0,0,0.9924660921096802,0.0021545575000345707,0.004954123869538307,0.00042524709715507925
4862,2,3,5.5644981330260634e-05,4.211058694636449e-06,0.017679858952760696,0.9822602868080139
4863,0,0,0.8646419048309326,0.012411259114742279,0.002879456616938114,0.12006740272045135
4864,2,2,0.00015667270054109395,0.0004972786991856992,0.9966381788253784,0.0027078166604042053
4865,2,2,5.6617394875502214e-05,8.783439398030168e-08,0.9997459053993225,0.00019739261188078672
4866,3,3,0.00034129785490222275,5.188426257518586e-07,0.06007026880979538,0.9395878911018372
4867,3,3,0.0034267702139914036,3.677131098811515e-05,0.003824532264843583,0.9927119016647339
4868,1,1,0.001434787642210722,0.9983044862747192,0.00014367305266205221,0.00011703572818078101
4869,3,3,1.7630028423809563e-06,4.217446392118518e-10,0.007996818982064724,0.9920014142990112
4870,3,3,0.09380480647087097,0.00027038651751354337,0.025642655789852142,0.8802821040153503
4871,0,0,0.9999940395355225,5.909539524395768e-10,2.3451654840300762e-07,5.743711426475784e-06
4872,3,3,6.823146577517036e-06,5.151191140306821e-10,4.155952865403378e-06,0.9999890327453613
4873,0,0,0.9999880790710449,5.796541580060932e-10,5.732923909818055e-06,6.2345002334041055e-06
4874,0,0,0.99998939037323,4.6125248331918556e-07,5.753991899837274e-06,4.473292847251287e-06
4875,1,1,3.3400297979824245e-05,0.9999638795852661,1.9489840497044497e-07,2.4999915240186965e-06
4876,1,1,1.7348056644550525e-05,0.9999048709869385,4.008365431218408e-05,3.770879629882984e-05
4877,3,3,0.014520600438117981,0.001924070529639721,0.0246297474950552,0.9589255452156067
4878,1,1,3.206611654604785e-05,0.9987000226974487,0.0011752027785405517,9.270474402001128e-05
4879,1,1,0.006292269099503756,0.9911665320396423,0.001556550501845777,0.000984676880761981
4880,0,2,0.07042846083641052,0.006712912116199732,0.844437301158905,0.07842133194208145
4881,0,0,0.9998924732208252,2.3951240564201726e-06,1.8481319784768857e-05,8.667504152981564e-05
4882,1,1,0.00019558027270250022,0.996982991695404,0.000272612611297518,0.0025488282553851604
4883,3,3,0.00025434434064663947,2.9966997772135073e-06,4.8266141675412655e-05,0.9996944665908813
4884,1,1,2.798718981011916e-07,0.9999953508377075,2.8164884042780614e-06,1.5861706970099476e-06
4885,3,3,3.3803974019974703e-06,1.1180936038135414e-10,1.6753758700360777e-06,0.9999949932098389
4886,0,0,0.9999805688858032,1.0957323581806122e-07,1.2767397947754944e-06,1.797128606995102e-05
4887,1,1,0.0073662796057760715,0.9925178289413452,8.767830877332017e-05,2.815825973812025e-05
4888,3,3,0.005841272883117199,1.971181518456433e-06,0.004807945806533098,0.9893487691879272
4889,1,1,2.8097299946239218e-05,0.9997524619102478,9.005578613141552e-05,0.00012944619811605662
4890,0,0,1.0,1.393492851491096e-12,1.0899535718422726e-09,4.3722121034761585e-08
4891,3,3,9.995233995141461e-05,2.0263764781702776e-06,0.01479183416813612,0.9851062297821045
4892,1,1,6.082559593778569e-06,0.9999934434890747,3.1197620842249307e-07,8.525872630116282e-08
4893,0,0,0.9999885559082031,2.1468591171469598e-07,1.5801132349224645e-06,9.733537808642723e-06
4894,1,1,0.32599377632141113,0.550809919834137,0.08581115305423737,0.03738518804311752
4895,1,0,0.9010303616523743,0.07847218215465546,0.014674021862447262,0.005823500454425812
4896,1,1,3.0452512874035165e-05,0.999967098236084,2.4603020847280277e-06,4.010076892768666e-08
4897,0,0,0.9999719858169556,1.3376143215282355e-07,2.7563974072108977e-05,3.7862315593883977e-07
4898,3,3,6.638536433456466e-05,1.3011997452849755e-06,0.08892406523227692,0.9110082983970642
4899,1,1,0.003781356615945697,0.700279951095581,0.1817435771226883,0.1141950860619545
4900,0,1,0.01088741049170494,0.989048957824707,1.8512815586291254e-05,4.513984458753839e-05
4901,1,1,6.759151460755675e-08,0.9999995231628418,1.2233665813710104e-07,2.5833674044406507e-07
4902,2,2,0.04544166848063469,0.0002322625950910151,0.5514768958091736,0.40284910798072815
4903,1,1,7.215766345325392e-06,0.9999922513961792,3.832449522178649e-07,7.855096839648468e-08
4904,3,3,0.001056993962265551,5.956889071967453e-05,0.03172390162944794,0.9671595692634583
4905,1,1,0.0004210201441310346,0.9982321858406067,0.0012477419804781675,9.917302668327466e-05
4906,2,2,0.00043527656816877425,1.2351537748145347e-07,0.9995558857917786,8.748258551349863e-06
4907,1,1,1.8024520613835193e-05,0.999944806098938,2.207961915701162e-05,1.5125757272471674e-05
4908,2,2,0.010305493138730526,0.00014764175284653902,0.8623209595680237,0.12722595036029816
4909,0,0,0.9868087768554688,0.0037745449226349592,0.00019757257541641593,0.009219036437571049
4910,0,0,0.9999914169311523,1.0947080397727404e-07,6.416575615730835e-06,2.0735244561365107e-06
4911,1,1,2.0020422653033165e-07,0.9999994039535522,3.5552710642150487e-07,3.358023192845394e-08
4912,1,0,0.9991570711135864,0.0001479943166486919,0.0005319415358826518,0.0001630462211323902
4913,1,1,0.00029453783645294607,0.9996606111526489,2.748633960436564e-05,1.736531703500077e-05
4914,1,1,7.757128514640499e-06,0.9999645948410034,2.6748735763248987e-05,9.645036698202603e-07
4915,3,3,2.3802938812877983e-05,3.495207734349748e-10,1.161714862973895e-06,0.9999750852584839
4916,2,2,0.1248072013258934,1.4176724505432503e-07,0.875055730342865,0.00013695740199182183
4917,3,3,0.000626908615231514,2.081109596474562e-05,0.00581028638407588,0.993541955947876
4918,0,0,0.9999125003814697,8.723832252144348e-06,3.958833622164093e-05,3.915854904334992e-05
4919,1,1,1.8995888240169734e-07,0.9999994039535522,3.797925955950632e-07,5.122512902744347e-08
4920,1,1,0.0009644554229453206,0.9983318448066711,6.572774873347953e-05,0.0006379763945005834
4921,3,3,0.13509400188922882,0.0054795099422335625,0.28473109006881714,0.5746954083442688
4922,0,0,0.9994478821754456,9.97125155777212e-08,7.233135875139851e-06,0.0005447416915558279
4923,0,0,0.9999994039535522,3.031430750866093e-08,2.0685467916337075e-07,3.1299157399189426e-07
4924,0,0,0.9999943971633911,3.245304469601251e-09,5.01674094266491e-06,5.558501356972556e-07
4925,1,1,1.5861800193306408e-06,0.9999984502792358,1.9584728505606108e-08,1.5141665699047735e-09
4926,0,0,0.9998805522918701,1.2722834981104825e-05,6.161900091683492e-05,4.504257958615199e-05
4927,1,1,1.9688411612150958e-06,0.9999960660934448,1.1535271227103294e-07,1.8830276076187147e-06
4928,3,3,0.0004467562830541283,6.360557745210826e-05,0.10973872244358063,0.8897508978843689
4929,2,2,0.0762302502989769,0.02845916524529457,0.8655034899711609,0.029807034879922867
4930,1,1,4.373644113542241e-09,1.0,7.871847174101276e-09,7.263897261466923e-10
4931,2,2,0.31553298234939575,0.01823556423187256,0.6598044037818909,0.0064270687289536
4932,3,2,0.0010888553224503994,6.326366701614461e-07,0.6163237690925598,0.3825867772102356
4933,1,1,0.0028654520865529776,0.9945735335350037,0.002554534235969186,6.561361260537524e-06
4934,2,2,0.0013469263212755322,1.7530123841424938e-06,0.9955148100852966,0.0031364960595965385
4935,1,1,1.701449861002402e-07,0.9999996423721313,1.7188189360695105e-07,2.9414383817538692e-08
4936,3,3,2.056253288174048e-05,5.5069340199054295e-09,0.0006945867789909244,0.9992849230766296
4937,0,0,0.9999986886978149,1.2666216520074158e-08,4.0472428963767015e-07,9.046364084497327e-07
4938,1,1,0.004047892056405544,0.9959390163421631,1.1286817425570916e-05,1.82970632067736e-06
4939,0,0,0.9744340181350708,9.884630708256736e-05,0.02004937268793583,0.005417756736278534
4940,2,2,0.02000659517943859,0.10784685611724854,0.4842875301837921,0.3878591060638428
4941,2,2,0.0003614384331740439,1.1546186442501494e-06,0.9995710253715515,6.635357567574829e-05
4942,3,3,3.6635023548114987e-07,7.799232093486097e-11,0.0063637313432991505,0.993635892868042
4943,2,2,0.0018226552056148648,0.0005136651452630758,0.9792903661727905,0.01837334781885147
4944,3,3,0.10496657341718674,0.0055826688185334206,0.05080198124051094,0.838648796081543
4945,0,0,0.9999922513961792,3.931691239245083e-08,3.785638455156004e-06,3.88418175134575e-06
4946,1,1,7.547888526460156e-05,0.9999042749404907,5.348424565454479e-06,1.4905839634593576e-05
4947,3,3,0.004430665634572506,0.0005787838599644601,0.11526891589164734,0.8797215819358826
4948,0,0,0.9930657148361206,0.0002652777766343206,0.00239578983746469,0.004273102153092623
4949,3,3,1.1447141332610045e-05,3.9243847754777406e-11,0.012244860641658306,0.9877436757087708
4950,2,2,2.277376552228816e-06,1.3699828116386925e-07,0.9146333932876587,0.08536417782306671
4951,1,1,0.0017686280189082026,0.9957356452941895,0.0022631981410086155,0.00023255636915564537
4952,2,0,0.9636766910552979,5.332354291454067e-08,0.036115050315856934,0.00020820734789595008
4953,1,1,0.0003401766298338771,0.9996589422225952,8.048394306570117e-07,1.1300917179823955e-07
4954,1,1,0.0002615040575619787,0.9995718598365784,0.00010383390326751396,6.28405759925954e-05
4955,2,2,0.0016595886554569006,0.000235512648941949,0.9801108241081238,0.0179941076785326
4956,1,1,9.985961696656886e-06,0.9998880624771118,9.765561117092147e-05,4.305165020923596e-06
4957,3,3,0.0004866844101343304,1.8354177882429212e-05,0.054397664964199066,0.9450972676277161
4958,3,3,0.10965252667665482,0.00033365783747285604,0.010662744753062725,0.879351019859314
4959,2,2,7.757109415251762e-06,1.2825229589452647e-07,0.9986697435379028,0.0013223947025835514
4960,3,3,5.085634029455832e-07,2.4475133031387486e-09,0.01968120038509369,0.9803182482719421
4961,2,2,4.6503646444762126e-06,2.9464993644978676e-07,0.9993951320648193,0.0005999513668939471
4962,2,2,0.0002555765095166862,4.832875877269771e-09,0.999734103679657,1.020862146106083e-05
4963,2,3,0.016003794968128204,0.02006571926176548,0.4183585047721863,0.5455719828605652
4964,1,3,0.23108802735805511,0.030525904148817062,0.07735295593738556,0.6610330939292908
4965,3,3,5.214225529925898e-05,8.51922834499419e-07,8.89302245923318e-05,0.999858021736145
4966,2,2,0.0004641477717086673,1.769483606040012e-05,0.9060945510864258,0.09342365711927414
4967,0,0,0.9994202852249146,2.4425844458164647e-06,0.0004691213835030794,0.00010809647938003764
4968,1,1,0.005648478399962187,0.9847354888916016,0.00021515820117201656,0.009400942362844944
4969,2,2,0.00494185509160161,0.00015702052041888237,0.9933789968490601,0.0015220134519040585
4970,1,1,0.00014264610945247114,0.99985671043396,5.497304869095387e-07,1.3155361955341505e-07
4971,0,0,0.9998019337654114,6.164703592048681e-08,4.799984526471235e-05,0.00015004523447714746
4972,2,2,0.006583787500858307,4.088921923539601e-05,0.9927126169204712,0.0006627683178521693
4973,1,1,3.9655596992815845e-06,0.9999492168426514,4.070352224516682e-05,6.025313723512227e-06
4974,1,1,0.0005924497963860631,0.9990015625953674,0.00013224499707575887,0.00027374140336178243
4975,2,2,0.00047724778414703906,0.0030850290786474943,0.9902918934822083,0.006145833525806665
4976,2,2,0.0007296673720702529,3.5243394336248457e-07,0.999198853969574,7.109544094419107e-05
4977,1,1,7.856318120502692e-07,0.9999984502792358,5.862210628038156e-07,1.5930102392758272e-07
4978,3,3,0.0001474052551202476,0.000285467627691105,0.012907125987112522,0.9866600036621094
4979,2,3,0.0009017757838591933,7.326352147174475e-07,0.22903847694396973,0.7700589299201965
4980,2,2,0.0024455669336020947,0.0015198199544101954,0.9877013564109802,0.008333253674209118
4981,2,2,0.0004913793527521193,2.018189171337781e-08,0.9994118213653564,9.682936070021242e-05
4982,0,2,0.34416458010673523,0.009236076846718788,0.6222493052482605,0.024350034072995186
4983,3,3,0.0007244324660860002,0.0013252850621938705,0.044986333698034286,0.9529639482498169
4984,2,2,0.0005136688123457134,0.0002665495267137885,0.993166983127594,0.006052752491086721
4985,1,1,0.0003009752545040101,0.9996929168701172,4.492312655202113e-06,1.6110582237160997e-06
4986,2,2,3.1827163184061646e-05,4.7306173200922785e-08,0.6147192716598511,0.3852488696575165
4987,2,2,0.00021241343347355723,2.590223573406547e-07,0.9996490478515625,0.00013833175762556493
4988,3,3,6.686564688607177e-07,1.3454225289422084e-08,0.056091368198394775,0.9439079165458679
4989,2,2,0.0014631239464506507,0.0011534291552379727,0.9965643286705017,0.0008190828375518322
4990,0,0,1.0,1.2304042507071955e-10,4.4408503541149e-09,4.1272599560215895e-08
4991,2,2,0.0010936119360849261,3.898748036590405e-05,0.9855968356132507,0.013270486146211624
4992,0,0,0.9999411106109619,2.8186141420860622e-08,5.143471571500413e-05,7.5340740295359865e-06
4993,1,1,6.070782205824798e-07,0.9999994039535522,1.6616191089724452e-08,2.7735957530694577e-08
4994,2,2,0.050357572734355927,0.00013391379616223276,0.9487619996070862,0.0007465679082088172
4995,1,1,0.007993195205926895,0.9918912649154663,9.685398254077882e-05,1.8648886907612905e-05
4996,1,1,2.8848653528257273e-05,0.9999476671218872,1.3547719390771817e-05,9.929453881341033e-06
4997,0,0,0.6794672608375549,0.002346181310713291,0.22878068685531616,0.08940590173006058
4998,1,1,0.021386967971920967,0.970649003982544,0.004857407882809639,0.0031066304072737694
4999,2,3,0.002429770538583398,0.0007726630428805947,0.15409858524799347,0.8426990509033203
5000,2,2,7.632068445673212e-05,5.91799789617653e-06,0.9997381567955017,0.00017962278798222542
5001,2,2,0.19180180132389069,0.0034413260873407125,0.7070954442024231,0.0976613238453865
5002,1,1,1.700170173535298e-07,0.9999997615814209,1.1089235130157249e-07,3.0777164150563863e-10
5003,3,3,0.0005840547964908183,0.017272302880883217,0.015130595304071903,0.9670130610466003
5004,2,2,0.012456960044801235,1.0128869689651765e-05,0.9860104322433472,0.0015225106617435813
5005,1,1,1.0169320376007818e-05,0.9999880790710449,1.4943256587685028e-07,1.5509709783145809e-06
5006,3,3,1.1446658390923403e-05,5.093318691251625e-07,0.16930994391441345,0.8306781053543091
5007,2,2,3.1857721296546515e-06,4.357134031351961e-08,0.9632745385169983,0.036722153425216675
5008,0,0,0.999933123588562,1.479621225541905e-08,5.194668483454734e-05,1.494066873419797e-05
5009,1,1,9.919280046233325e-07,0.9999605417251587,3.772035415749997e-05,7.670714126106759e-07
5010,0,2,0.3457419276237488,1.5009211892902385e-05,0.6540530323982239,0.00019002548651769757
5011,0,0,0.9999945163726807,2.2799597445555264e-06,2.1975520212436095e-06,1.1014981282642111e-06
5012,0,0,1.0,3.236702225684063e-11,1.0311430820308942e-08,4.568693423578907e-09
5013,3,3,6.121313344920054e-05,8.693654672242701e-05,0.04789009690284729,0.9519617557525635
5014,0,0,0.9999959468841553,9.31436927587015e-10,2.794929287119885e-06,1.3155017768440302e-06
5015,1,1,2.7371044097890262e-08,1.0,1.0867525768176733e-09,5.552720505619391e-09
5016,1,1,4.65728561493961e-07,0.9999995231628418,2.3399451265504467e-08,5.274955139356052e-09
5017,1,1,0.29310810565948486,0.6955050826072693,0.004906795918941498,0.00648002652451396
5018,2,2,0.0005176114500500262,0.0002701470220927149,0.9930983185768127,0.006113964132964611
5019,2,2,0.0026814027223736048,3.3913463539647637e-06,0.9680292010307312,0.02928607538342476
5020,2,2,0.001230781665071845,1.7371531839671661e-06,0.5139106512069702,0.48485681414604187
5021,1,1,4.371882198483945e-07,0.9999994039535522,2.4090800465614848e-08,9.279052903821139e-08
5022,1,1,5.158653493708698e-06,0.9999535083770752,1.1158451343362685e-05,3.0126928322715685e-05
5023,3,3,2.48782271228265e-06,7.928432216308678e-11,0.00030680809868499637,0.9996907711029053
5024,1,0,0.4479547142982483,0.4023187756538391,0.11183866858482361,0.0378878191113472
5025,2,2,0.0002044912107521668,1.2246424603290507e-06,0.9997826218605042,1.1646086022665258e-05
5026,1,1,5.42351358490123e-07,0.9999991655349731,3.8775834099169515e-08,2.379540688934867e-07
5027,1,1,0.00034377313568256795,0.9957296252250671,0.0025548392441123724,0.001371700898744166
5028,2,2,0.0006394524243660271,0.00011388556595193222,0.9693396091461182,0.02990700490772724
5029,1,1,0.00018201416241936386,0.999805748462677,1.1671061656670645e-05,6.141527819636394e-07
5030,1,1,7.281885511245534e-11,1.0,1.629373545808388e-11,2.685615618780446e-10
5031,2,2,0.00015227113908622414,5.8523610277916305e-06,0.9972026348114014,0.002639300189912319
5032,2,2,0.000286258029518649,2.2240611485813133e-07,0.9993355870246887,0.00037790837814100087
5033,0,0,0.9981440305709839,8.44301757751964e-06,0.0014562122523784637,0.0003913657565135509
5034,2,2,0.00044237604015506804,7.539190249872263e-08,0.997394323348999,0.002163110999390483
5035,2,2,0.18846717476844788,0.3520905673503876,0.4552936553955078,0.004148590378463268
5036,3,3,3.1885181783763983e-07,1.7285024522806225e-09,1.529354449303355e-05,0.9999843835830688
5037,1,1,0.12258956581354141,0.8601546883583069,0.017062438651919365,0.00019327914924360812
5038,3,3,9.307870641350746e-05,1.588236098193363e-09,0.000134601432364434,0.9997723698616028
5039,0,0,0.9999182224273682,3.1285247814594186e-07,7.906473183538765e-05,2.456524498484214e-06
5040,2,2,0.009588788263499737,5.809354206576245e-07,0.9898647665977478,0.0005458458908833563
5041,0,0,0.999954342842102,2.585799120424781e-05,4.07335710406187e-06,1.57176073116716e-05
5042,0,0,0.9999924898147583,1.2746502520144531e-08,4.825638370675733e-06,2.7730582132790005e-06
5043,3,3,0.0004656630626413971,2.1356368051783647e-07,0.40983256697654724,0.5897015333175659
5044,2,2,0.00022260013793129474,1.9112676454824395e-06,0.9955162405967712,0.004259215202182531
5045,3,1,0.0077392240054905415,0.977970540523529,0.005455976817756891,0.008834216743707657
5046,1,1,0.010266110301017761,0.8844232559204102,0.09916790574789047,0.006142694968730211
5047,2,2,0.39959046244621277,0.0011505107395350933,0.597065269947052,0.0021936960984021425
5048,3,3,3.142434934488847e-07,1.611000569057275e-11,0.061996594071388245,0.9380031228065491
5049,1,1,0.001106992713175714,0.9983974099159241,5.865570710739121e-05,0.00043695999193005264
5050,2,2,6.266693526413292e-05,1.093323191980744e-07,0.9671571850776672,0.032779958099126816
5051,2,2,0.12460406869649887,0.058902740478515625,0.5554533004760742,0.2610398232936859
5052,1,1,9.943148171487337e-08,0.9999994039535522,5.079025200416254e-08,4.457340594399284e-07
5053,3,3,1.3662731362273917e-05,9.896602426451295e-10,0.006015972699970007,0.9939703941345215
5054,2,2,3.4735432564048097e-05,1.4365253264259081e-05,0.9950526356697083,0.004898296669125557
5055,0,0,0.970350444316864,0.014513825997710228,0.008757904171943665,0.006377857644110918
5056,3,3,8.658508576786517e-09,2.2518533533081447e-14,0.00015178923786152154,0.9998481273651123
5057,1,1,8.185435581253842e-05,0.9999171495437622,4.529808279585268e-07,4.1721079924172955e-07
5058,1,1,8.672475814819336e-06,0.9999715089797974,1.1786065442720428e-05,7.985475349414628e-06
5059,2,2,0.0137003930285573,3.8580427030865394e-07,0.9862660765647888,3.3066280593629926e-05
5060,3,2,6.146130715478648e-08,5.516734530135181e-13,0.5018286108970642,0.49817129969596863
5061,1,1,5.656469852510781e-07,0.9999991655349731,1.0139314809975986e-07,6.059163126792555e-08
5062,2,2,0.0015610954724252224,0.0003675693878903985,0.9953877329826355,0.002683604834601283
5063,2,2,7.469474076060578e-05,0.001157790538854897,0.9970709085464478,0.001696681254543364
5064,2,3,0.0011173062957823277,0.0011916774092242122,0.3068588376045227,0.6908321976661682
5065,3,3,3.0742198759980965e-06,2.2733937043994956e-07,0.031299639493227005,0.9686970114707947
5066,1,1,0.00010052794823423028,0.9998974800109863,1.9279407297290163e-06,1.0034777453427068e-08
5067,2,0,0.9067025780677795,0.003238866338506341,0.08647507429122925,0.0035835341550409794
5068,0,0,0.9999974966049194,3.249614621836372e-08,3.3662362852737715e-07,2.1530240701395087e-06
5069,0,0,0.999352753162384,1.6560154136868732e-08,0.0006413364899344742,5.9963158491882496e-06
5070,2,2,0.0015736856730654836,0.0004969872534275055,0.9773095846176147,0.020619651302695274
5071,1,1,0.004152545239776373,0.9955142140388489,0.0002309847914148122,0.00010230424959445372
5072,3,3,2.2035862912161974e-06,2.8866814716366207e-08,0.00041769410017877817,0.9995800852775574
5073,1,1,0.027089782059192657,0.9720646739006042,0.00028641385142691433,0.0005590589717030525
5074,2,2,0.0008138488046824932,0.00019559064821805805,0.9447544813156128,0.054236117750406265
5075,2,2,0.03153432160615921,0.01609971560537815,0.7598051428794861,0.1925608366727829
5076,2,2,0.0005351381259970367,3.938334458553072e-08,0.9992221593856812,0.00024262497026938945
5077,2,2,0.0022915813606232405,5.405251613410655e-06,0.9973503351211548,0.0003527540247887373
5078,0,0,0.9991517066955566,6.151975867396686e-06,0.0008352202130481601,6.967327408347046e-06
5079,1,1,0.007901160046458244,0.9714450836181641,0.01830446347594261,0.0023493394255638123
5080,3,3,0.0034498039167374372,4.4410415284801275e-05,0.043929390609264374,0.9525763988494873
5081,3,3,0.00011083542631240562,1.346185626971419e-06,0.01202007383108139,0.9878678321838379
5082,0,0,0.9999998807907104,2.39312292205085e-10,6.110054240338059e-09,1.4372548662322515e-07
5083,2,2,0.00013953945017419755,6.619036412303103e-07,0.9980104565620422,0.001849411171860993
5084,2,2,1.112515565182548e-05,6.172830779860305e-08,0.99985671043396,0.0001321252784691751
5085,1,1,0.0032248070929199457,0.9957329630851746,0.0006598341860808432,0.00038249307544901967
5086,0,0,0.9994497895240784,2.253811317132204e-06,6.971097900532186e-05,0.0004782521864399314
5087,2,2,7.287421613000333e-05,8.088251888693776e-06,0.9929805397987366,0.006938499864190817
5088,3,3,4.6221970251281164e-07,2.6237509942461656e-09,0.09125496447086334,0.9087445139884949
5089,0,0,0.9906170964241028,0.0008913444471545517,0.006671511568129063,0.0018200568156316876
5090,2,2,0.0005176874692551792,0.00011329898552503437,0.9993129968643188,5.599514042842202e-05
5091,3,3,8.418325887760147e-05,9.104073228627385e-07,0.02793394774198532,0.9719809889793396
5092,2,2,3.50338923453819e-05,8.242957250104155e-08,0.9941157102584839,0.005849139299243689
5093,3,3,7.230060873553157e-06,6.147297781922134e-09,0.0003512140247039497,0.9996415376663208
5094,3,3,0.004277694970369339,1.763548243616242e-05,0.007559460587799549,0.988145112991333
5095,1,1,8.056962315095006e-07,0.9999990463256836,7.555088643584895e-08,7.048285510791175e-08
5096,0,0,0.9678893685340881,0.008156097494065762,0.010207897052168846,0.013746664859354496
5097,1,1,1.7073580238502473e-05,0.9999479055404663,3.3566193451406434e-05,1.4529783811667585e-06
5098,1,1,0.11975682526826859,0.8453174829483032,0.012754464522004128,0.02217118814587593
5099,1,1,3.4737320220301626e-06,0.9999961853027344,9.62252286740295e-08,1.8111757071892498e-07
5100,3,3,4.226030512199941e-07,2.643369523269712e-09,6.661930092377588e-05,0.9999330043792725
5101,3,3,1.5340876416303217e-05,2.5713397633353452e-08,0.2588154673576355,0.7411692142486572
5102,2,2,0.022240199148654938,0.0004706920008175075,0.7703155279159546,0.2069735825061798
5103,3,3,1.953475657501258e-05,4.111484668101184e-05,7.492808799725026e-05,0.9998643398284912
5104,1,1,0.0014539486728608608,0.9981076717376709,0.00021391532209236175,0.000224345363676548
5105,2,2,0.051991742104291916,0.00025942499632947147,0.9314990043640137,0.016249800100922585
5106,2,2,0.0006317376391962171,1.609666711033242e-08,0.998960018157959,0.00040824024472385645
5107,0,0,0.7555459141731262,0.004766961093991995,0.23544207215309143,0.004245042335242033
5108,2,2,0.00044415934826247394,1.52792581502581e-05,0.9993990659713745,0.00014148393529467285
5109,2,2,0.00048388540744781494,0.00010989452857756987,0.999153733253479,0.0002524744486436248
5110,1,1,9.464373579248786e-05,0.9998860359191895,1.9174918634234928e-05,9.105926324082247e-08
5111,3,3,8.37543630041182e-05,1.589125190548657e-06,9.350605978397653e-05,0.9998212456703186
5112,0,0,0.9835785627365112,0.003858224954456091,0.011619859375059605,0.0009433725499548018
5113,2,2,0.0005155527614988387,9.71287317952374e-06,0.9993884563446045,8.625673945061862e-05
5114,3,3,0.2516898810863495,8.226492354879156e-05,0.37042155861854553,0.3778062164783478
5115,3,3,0.03247856721282005,3.878395727952011e-05,0.09686842560768127,0.8706141710281372
5116,0,0,0.8757066130638123,3.2719246974011185e-06,0.036157578229904175,0.08813262730836868
5117,2,2,1.3198394981372985e-06,5.432705951768924e-10,0.9999986886978149,3.9466833356982534e-08
5118,0,0,0.9999935626983643,1.8808860602348432e-07,5.95864730712492e-06,2.762625399554963e-07
5119,2,2,2.7084959583589807e-05,2.550735189288389e-05,0.9999264478683472,2.0941872207913548e-05
5120,1,1,5.035544745624065e-06,0.9999915361404419,1.185503833767143e-06,2.2975650608714204e-06
5121,0,0,0.9998276233673096,6.548574310727417e-05,5.776490070275031e-05,4.8999194405041635e-05
5122,0,0,0.9649825692176819,0.00017195437976624817,0.007517707068473101,0.02732766605913639
5123,3,3,6.449493957916275e-05,8.903823456307691e-09,2.0149343527009478e-07,0.9999352693557739
5124,0,0,0.9251232743263245,1.0856744665943552e-05,0.07080628722906113,0.004059553612023592
5125,0,0,0.9997238516807556,1.8520208300287777e-07,3.8138383388286456e-05,0.0002378431090619415
5126,2,3,0.010444498620927334,0.0011833412572741508,0.39762282371520996,0.5907493829727173
5127,3,0,0.7896426320075989,0.2028782069683075,0.00048783636884763837,0.006991383153945208
5128,0,1,2.849166094165412e-07,0.9999994039535522,3.291175119102263e-07,2.0324984362218856e-08
5129,2,3,5.1815346523653716e-05,6.1665438977343e-08,0.0016295912209898233,0.9983185529708862
5130,3,3,0.0011547800386324525,2.1923455051364726e-08,0.11952139437198639,0.8793238401412964
5131,3,3,3.849390122923069e-05,4.411893314681947e-06,0.35676515102386475,0.643191933631897
5132,3,3,0.32495951652526855,0.0003700308734551072,0.025800909847021103,0.6488694548606873
5133,2,2,0.0004134126065764576,4.9451200538896956e-06,0.9995655417442322,1.6137430066009983e-05
5134,3,0,0.6181776523590088,0.0005117751425132155,0.09379465878009796,0.28751590847969055
5135,3,3,4.915063414046017e-07,3.3939820398565246e-10,1.3537170161725953e-05,0.999985933303833
5136,3,3,0.04323869198560715,1.1205793271074072e-05,0.24193404614925385,0.7148160338401794
5137,2,2,6.57541022519581e-05,8.649698429508135e-06,0.8428440690040588,0.15708160400390625
5138,3,3,0.004538794979453087,9.958795999409631e-06,0.11885515600442886,0.8765961527824402
5139,3,2,0.09154799580574036,0.00441132253035903,0.5291828513145447,0.3748578429222107
5140,3,3,0.0003964435891248286,4.6172338175054506e-10,0.004196779802441597,0.9954067468643188
5141,3,3,0.0016933416482061148,3.357955392857548e-06,0.001154448720626533,0.9971489310264587
5142,0,0,0.8859641551971436,0.0004953835159540176,0.09700369834899902,0.016536731272935867
5143,2,2,0.0001316504494752735,2.8407005174813094e-06,0.9984292387962341,0.001436260063201189
5144,3,3,0.001610974664799869,1.7394012274962733e-06,0.09435076266527176,0.9040365815162659
5145,3,0,0.9923983216285706,0.007413463667035103,1.229538884217618e-05,0.0001758610742399469
5146,2,2,0.05615049973130226,0.012817035429179668,0.9277310371398926,0.0033013809006661177
5147,3,3,0.11803723126649857,3.585335051070615e-08,0.0006798511603847146,0.8812829256057739
5148,3,3,6.2117619563650806e-06,1.590319875788282e-09,1.277190494874958e-05,0.9999810457229614
5149,2,2,0.022173715755343437,0.00034869983210228384,0.9711158871650696,0.006361634004861116
5150,0,0,0.984234631061554,2.523397415643558e-05,0.015553342178463936,0.00018683866073843092
5151,3,3,0.26646438241004944,0.03669140115380287,0.27141544222831726,0.4254288673400879
5152,3,0,0.7555781006813049,0.0036713688168674707,0.21356941759586334,0.02718111127614975
5153,2,2,3.064931775043078e-08,2.1176343664719433e-11,1.0,5.88370099308122e-08
5154,3,3,0.007213240955024958,0.00015092091052792966,0.10715622454881668,0.8854796290397644
5155,0,0,0.9999208450317383,3.1157119106950404e-09,1.1736644410120789e-05,6.748248415533453e-05
5156,0,0,0.9998587369918823,5.607205935120874e-07,1.7096496662816207e-07,0.00014061713591217995
5157,1,1,2.818148232108797e-06,0.9999330043792725,7.965886652527843e-06,5.622461321763694e-05
5158,2,2,0.00021089888468850404,3.701773323427915e-07,0.9995772242546082,0.00021148035011719912
5159,3,3,0.03105650469660759,0.003848782740533352,0.3838609755039215,0.5812337398529053
5160,2,2,0.0004656148375943303,5.213379949964292e-08,0.9993962049484253,0.00013817797298543155
5161,3,3,0.0035271854139864445,5.626181405204989e-07,0.0011605722829699516,0.9953116774559021
5162,2,2,2.651061414837841e-08,7.356105308220506e-12,1.0,9.232711484230549e-09
5163,0,0,0.9099388718605042,0.0894789844751358,3.933957850676961e-05,0.0005428082658909261
5164,0,0,0.5081889033317566,1.4212311725714244e-05,0.06423957645893097,0.4275573492050171
5165,2,2,2.6941781470668502e-05,1.0734380566645996e-06,0.9993833303451538,0.0005885940045118332
5166,3,3,2.7816265628644032e-06,1.9006662563270105e-11,6.570824916707352e-05,0.9999314546585083
5167,3,3,0.00033965325565077364,6.455592505005825e-09,0.009936205111443996,0.9897241592407227
5168,1,1,2.6698941724134784e-07,0.9999972581863403,7.999289550753019e-07,1.6204936628128053e-06
5169,0,0,0.9897646903991699,0.004381557460874319,7.042457582429051e-05,0.005783266853541136
5170,3,3,1.4761471902602352e-06,3.587167021756876e-11,0.0013919847551733255,0.9986065030097961
5171,3,3,9.46984437177889e-06,8.045013223309527e-13,3.051306293855305e-06,0.9999874830245972
5172,2,2,0.00014969873882364482,4.2694824742284254e-07,0.9976786971092224,0.002171106869354844
5173,2,2,0.003381668124347925,1.5795281797181815e-05,0.9709847569465637,0.02561783604323864
5174,0,0,0.9987422823905945,0.00038510208833031356,0.0002743286022450775,0.000598327605985105
5175,2,2,8.641330850878148e-07,7.534271730946784e-07,0.9997990727424622,0.00019933271687477827
5176,2,2,0.0024240314960479736,1.053381083693239e-06,0.9931120276451111,0.004462839104235172
5177,3,3,5.245252759777941e-05,2.0309687442932045e-07,0.014033759944140911,0.9859135746955872
5178,1,1,5.825498010381125e-05,0.9999321699142456,1.0705720114856376e-06,8.498205716023222e-06
5179,3,3,4.281773513525877e-08,1.4560053466713963e-12,4.894478479400277e-06,0.9999951124191284
5180,3,3,0.025638295337557793,0.00028322849539108574,0.3543090522289276,0.6197693943977356
5181,3,3,0.0019217655062675476,3.3971236490515366e-08,0.029071900993585587,0.9690062999725342
5182,3,3,0.0005051831249147654,1.8354236090090126e-05,0.003831978188827634,0.9956444501876831
5183,1,1,0.002148148138076067,0.9974504113197327,4.182526026852429e-05,0.000359627534635365
5184,0,0,0.9627785682678223,0.0014038957888260484,0.004537052474915981,0.03128042072057724
5185,3,2,0.00019476037414278835,7.843908065297001e-07,0.5561921000480652,0.4436124265193939
5186,3,3,0.0670502558350563,0.002333538606762886,0.04208623245358467,0.8885299563407898
5187,3,3,2.0840903744101524e-05,9.363788855409894e-09,0.0015685302205383778,0.9984105825424194
5188,0,0,0.9996730089187622,1.850715489126742e-05,5.896546281292103e-05,0.0002495317894499749
5189,3,3,0.00632608262822032,2.34710933000315e-06,3.131993071292527e-05,0.9936402440071106
5190,3,3,7.119285146472976e-05,6.980696021230415e-10,0.00031365451286546886,0.9996150732040405
5191,0,0,0.994544506072998,0.00020191361545585096,0.0020356043241918087,0.0032179094851017
5192,3,2,0.0024348339065909386,0.0002522055001463741,0.5674853920936584,0.42982757091522217
5193,0,2,0.4335235059261322,0.01856342889368534,0.5415925979614258,0.006320425774902105
5194,1,1,0.0003504256019368768,0.9995495676994324,6.292501893767621e-06,9.37123695621267e-05
5195,1,1,0.002098251599818468,0.9929064512252808,0.0004918458871543407,0.004503331147134304
5196,3,3,1.072412032954162e-06,9.450014104572801e-09,0.19230180978775024,0.8076971173286438
5197,2,2,0.0001962989044841379,5.683158633473795e-06,0.9958368539810181,0.003961147740483284
5198,1,1,0.05331113189458847,0.9306451082229614,0.004547373857349157,0.01149645447731018
5199,2,2,5.774028295491007e-07,3.935979542291079e-09,0.9999974966049194,1.912313337015803e-06
5200,1,1,0.0028729767072945833,0.9967165589332581,0.00037619180511683226,3.417150946916081e-05
5201,0,0,0.9982335567474365,0.0004146319697611034,0.0009425499592907727,0.00040923780761659145
5202,1,1,0.02842504344880581,0.9700384140014648,0.0011800969950854778,0.0003563723585102707
5203,0,0,0.9999998807907104,5.225170074396601e-09,4.202181358436974e-08,9.742023365788555e-08
5204,2,2,1.0277584294726694e-07,3.4840311191608464e-11,0.9999998807907104,2.943049715042889e-08
5205,1,1,0.0001329884835286066,0.9998561143875122,5.963842795608798e-06,4.879184416495264e-06
5206,0,0,0.999930739402771,7.56045392336091e-06,1.399347866026801e-06,6.0277630836935714e-05
5207,0,0,1.0,2.4220452310430574e-09,1.7794327122899745e-10,3.083093225164646e-10
5208,0,0,0.9999116659164429,2.4608920284663327e-05,4.627167436410673e-05,1.752515345287975e-05
5209,1,1,2.8748047043336555e-05,0.9999693632125854,3.7082703130408845e-08,1.884709149635455e-06
5210,1,1,1.242234588971769e-06,0.9999978542327881,6.764960858163249e-07,2.2869541282943828e-07
5211,1,1,2.5890896722557954e-05,0.9999576807022095,3.605520859650824e-08,1.6330957805621438e-05
5212,1,1,2.355322834546314e-07,0.9999995231628418,5.965670624163977e-08,2.600206983061071e-07
5213,1,1,0.006086732726544142,0.9277105927467346,0.012321890331804752,0.053880687803030014
5214,1,1,1.02131207313505e-05,0.9999896287918091,1.5864058866554842e-07,5.377652101401509e-08
5215,1,1,0.001913202228024602,0.9976254105567932,0.0002305306406924501,0.00023081486870069057
5216,2,2,0.0038690713699907064,0.006934307049959898,0.9518637657165527,0.0373329259455204
5217,2,2,0.03856625407934189,0.0016241570701822639,0.642727255821228,0.31708231568336487
5218,1,1,2.229023721156409e-06,0.9999977350234985,7.751853048354462e-10,5.624744670029713e-09
5219,0,2,0.38418081402778625,0.009144655428826809,0.5463224053382874,0.060352131724357605
5220,1,1,2.7902555266301476e-10,1.0,8.332802781119142e-10,1.4921894275765624e-10
5221,0,0,0.9998574256896973,2.4818245947244577e-06,0.00012994949065614492,1.0102487067342736e-05
5222,2,2,0.02983054146170616,0.007943620905280113,0.905202329158783,0.05702348053455353
5223,2,2,0.04082416743040085,5.230967417446664e-06,0.9563302993774414,0.002840247005224228
5224,2,2,0.42145201563835144,0.006215021479874849,0.5704138278961182,0.001919107511639595
5225,2,2,0.002656405558809638,1.2056118976033758e-05,0.9972381591796875,9.343986312160268e-05
5226,1,1,0.00045680024777539074,0.9995402097702026,2.1817995730089024e-06,7.92118612480408e-07
5227,0,0,0.9851579070091248,2.77686297067703e-07,0.013876388780772686,0.0009654115419834852
5228,1,1,1.830734674967971e-07,0.9999997615814209,1.721299144885613e-11,3.14911936527551e-08
5229,1,1,5.308758659339219e-07,0.9999995231628418,1.7232023585833645e-09,2.5734472330896097e-09
5230,0,0,0.9999984502792358,5.272254632870954e-09,9.856977101208031e-08,1.4202720421963022e-06
5231,0,0,0.9995473027229309,2.3206979676615447e-05,1.4575156455975957e-05,0.0004149754240643233
5232,2,2,0.006192175671458244,0.00031004429911263287,0.9548211693763733,0.038676582276821136
5233,3,2,0.0029029587749391794,8.428387809544802e-05,0.8863641619682312,0.11064853519201279
5234,1,1,9.593143168729057e-09,1.0,8.468267753691805e-11,3.477956464492671e-11
5235,0,0,0.9999997615814209,2.366064233427778e-09,1.8168750059999184e-08,2.2673161481634452e-07
5236,0,0,0.9999654293060303,2.287049127858154e-08,2.283721187268384e-06,3.22612831951119e-05
5237,0,0,0.9999998807907104,5.013470527615027e-09,5.2070454614749906e-08,9.103941067678534e-08
5238,3,3,1.1758927939808927e-05,4.23552496244331e-13,0.00018849359184969217,0.9997997879981995
5239,1,1,0.006826592609286308,0.9262348413467407,0.0654282197356224,0.0015103742480278015
5240,1,1,4.664477273763623e-06,0.9999951124191284,2.4728083758418506e-07,4.982445567236482e-09
5241,1,1,0.00015133133274503052,0.9998043179512024,1.886788959382102e-05,2.5449444365222007e-05
5242,1,1,8.870926649251487e-06,0.9998561143875122,3.856104740407318e-05,9.639071504352614e-05
5243,0,0,0.9999936819076538,2.5074237441913283e-07,5.856904863321688e-06,1.8986688132827112e-07
5244,2,0,0.8161630630493164,1.7970307908399263e-06,0.16574007272720337,0.018095068633556366
5245,0,0,0.9999494552612305,8.730171430215705e-08,5.4416796047007665e-06,4.499459100770764e-05
5246,0,0,0.9560325145721436,9.007065818877891e-05,0.00042920216219499707,0.04344820976257324
5247,0,0,0.9999845027923584,3.168085811466881e-07,1.45905169119942e-05,5.946152441538288e-07
5248,1,1,0.0007117360946722329,0.9988765120506287,0.0004096205229870975,2.105118028339348e-06
5249,0,0,0.99998939037323,3.1512918496900966e-08,5.268243967293529e-06,5.389258603827329e-06
5250,0,0,0.9912288188934326,2.219912494183518e-05,7.313575770240277e-05,0.008675822988152504
5251,0,0,0.9999929666519165,1.1287476509025396e-09,3.210142949683359e-06,3.78714707949257e-06
5252,2,2,0.0005676348810084164,1.1745974006771576e-05,0.9981014132499695,0.0013191727921366692
5253,1,1,1.1248720284129377e-06,0.9999984502792358,1.538966358793914e-07,1.8754073494164913e-07
5254,0,0,0.9998652935028076,1.5762176417410956e-06,8.936735684983432e-05,4.368987356428988e-05
5255,0,0,0.999998927116394,2.0828319069465806e-09,3.794083340835641e-07,6.646280326094711e-07
5256,0,0,0.8237584829330444,0.0014300503535196185,0.10671832412481308,0.0680932030081749
5257,0,0,0.7931562066078186,0.04071880877017975,0.15365548431873322,0.012469473294913769
5258,2,2,0.008010600693523884,0.0006119795725680888,0.848969578742981,0.1424078345298767
5259,2,2,0.019946156069636345,0.006120148580521345,0.972828209400177,0.0011055133072659373
5260,3,3,0.12513479590415955,3.0028173569007777e-05,0.00010543367534410208,0.8747298121452332
5261,1,1,1.0112953532370739e-06,0.999998927116394,1.995516196728886e-09,8.218377978153057e-09
5262,1,1,0.016946595162153244,0.9830036163330078,1.4440048289543483e-05,3.52227762050461e-05
5263,0,0,0.9996908903121948,4.914817850476538e-07,0.0001835700822994113,0.00012513248657342046
5264,3,3,1.9100089048151858e-05,1.0231099878410532e-07,0.0009259117068722844,0.9990548491477966
5265,3,2,0.00015802241978235543,4.0092054405249655e-06,0.9840633869171143,0.015774577856063843
5266,2,2,0.004450190346688032,0.0007356169517152011,0.9937784075737,0.001035680528730154
5267,1,1,0.003115361090749502,0.9966589212417603,0.00015603209612891078,6.971947732381523e-05
5268,1,1,0.15367843210697174,0.777450680732727,0.03208350017666817,0.036787357181310654
5269,1,1,2.1826434021932073e-05,0.9999778270721436,1.4715387797181734e-09,3.284168883510574e-07
5270,2,2,0.009381549432873726,0.00012314884224906564,0.9892703294754028,0.0012248667189851403
5271,0,0,0.9972655773162842,3.9108448390834383e-07,0.0025833642575889826,0.0001507649285485968
5272,0,2,0.06926771998405457,0.03501156345009804,0.8302887082099915,0.06543198972940445
5273,2,2,3.507631117827259e-05,3.714055907266811e-08,0.9994951486587524,0.0004697448166552931
5274,0,0,0.9958523511886597,0.0011410943698137999,0.0023839925415813923,0.0006225465913303196
5275,3,3,0.0012360620312392712,7.94644802226685e-06,0.005119703710079193,0.9936363697052002
5276,0,0,0.9906917214393616,2.7182071789866313e-05,0.00585275050252676,0.0034283276181668043
5277,2,2,0.013675588183104992,0.00021352297335397452,0.9840945601463318,0.002016413491219282
5278,1,1,0.00011726884986273944,0.9998295307159424,1.2002581570413895e-05,4.107864879188128e-05
5279,1,1,1.5071451286985393e-07,0.9999996423721313,9.734814199191533e-08,6.45657109998865e-08
5280,2,2,0.004139791242778301,0.0005639315349981189,0.608207106590271,0.38708919286727905
5281,2,3,0.12952694296836853,0.0003938023583032191,0.1457892805337906,0.7242899537086487
5282,2,2,1.4302711861091666e-05,6.0750244301743805e-06,0.999576985836029,0.00040258042281493545
5283,2,2,0.021466298028826714,0.0029077057261019945,0.7722153663635254,0.20341068506240845
5284,1,1,9.665348443377297e-06,0.9999898672103882,8.52847215071506e-09,5.02200521168561e-07
5285,2,3,0.0025118908379226923,4.7513975005131215e-05,0.035204071551561356,0.9622365832328796
5286,0,0,1.0,1.0213648676815623e-10,2.189989301015771e-09,1.2555414485859728e-09
5287,0,0,0.9999815225601196,3.2515409031930176e-08,1.2435613825800829e-05,5.997965672577266e-06
5288,3,0,0.5719691514968872,0.040094658732414246,0.16062089800834656,0.22731536626815796
5289,1,1,3.043717151740566e-05,0.9997636675834656,6.15246026427485e-05,0.0001443799410481006
5290,1,1,1.6483530998812057e-05,0.9996649026870728,0.00031437419238500297,4.283891939849127e-06
5291,0,0,0.847831130027771,3.0119956136331894e-05,0.003248852211982012,0.14888989925384521
5292,2,2,0.0005188952200114727,7.394523322545865e-07,0.9974410533905029,0.00203931936994195
5293,3,2,0.000512228871230036,6.635751196881756e-05,0.607761800289154,0.39165961742401123
5294,1,1,0.004224678035825491,0.9655230641365051,0.02550068125128746,0.0047516231425106525
5295,2,0,0.9621061086654663,5.8383564464747906e-05,0.03605959564447403,0.0017759210895746946
5296,0,0,0.9997233748435974,0.00023482064716517925,3.5073317121714354e-05,6.7838695940736216e-06
5297,3,3,0.0014590349746868014,1.1455394087533932e-05,0.028450507670640945,0.9700790047645569
5298,3,3,0.00015542075561825186,6.05727223046415e-07,0.00037848015199415386,0.9994655251502991
5299,2,2,0.0006801972631365061,6.912267167535902e-07,0.9990766048431396,0.0002425454295007512
5300,2,2,0.0016423534834757447,4.870995780947851e-06,0.9982038736343384,0.0001489056448917836
5301,2,2,0.005767663940787315,0.01374171394854784,0.9309927821159363,0.04949779808521271
5302,2,2,0.0017506219446659088,0.001133033656515181,0.9961524605751038,0.0009638604242354631
5303,2,2,0.38205486536026,0.00010188525629928336,0.6148087978363037,0.003034423803910613
5304,0,0,0.8891827464103699,2.8372349447636225e-07,0.0033529268112033606,0.10746403783559799
5305,3,2,0.00028830961673520505,1.4099862710281741e-05,0.9284512400627136,0.07124639302492142
5306,3,3,0.00047631055349484086,4.795523409484304e-07,0.0019243163987994194,0.9975989460945129
5307,3,3,2.3428019630955532e-06,4.672568582053671e-11,0.00019128451822325587,0.9998063445091248
5308,2,2,0.0006242990493774414,7.992273509671577e-09,0.9856613874435425,0.01371434610337019
5309,2,2,1.5473741399318897e-08,2.7352252407464306e-12,1.0,5.112316259214822e-08
5310,0,0,0.999581515789032,0.0003169578849337995,9.149308425548952e-06,9.229957504430786e-05
5311,3,3,0.0003121497284155339,7.483877652703086e-06,0.015667686238884926,0.9840127229690552
5312,3,2,0.0006552940467372537,3.173377649545728e-07,0.8581705093383789,0.14117397367954254
5313,2,2,1.7718062963467673e-06,7.000542012747246e-08,0.9999600648880005,3.8110050809336826e-05
5314,2,2,0.001700105145573616,0.00012548724771477282,0.9956734776496887,0.002500945469364524
5315,2,2,0.006753263995051384,0.0014325791271403432,0.8998265862464905,0.09198756515979767
5316,2,2,0.00027755435439758003,6.158003088785335e-05,0.7665309309959412,0.23312996327877045
5317,3,2,0.0016003993805497885,0.0008158208220265806,0.5080879330635071,0.48949581384658813
5318,3,3,2.5743279365997296e-06,7.0494286774192e-05,4.749819709104486e-06,0.9999222755432129
5319,1,1,5.553621576837031e-06,0.9999939203262329,2.290413414485215e-09,4.563222830711311e-07
5320,0,0,0.9997585415840149,1.162542616839346e-06,0.00022659427486360073,1.3717362890020013e-05
5321,2,2,0.0002163088065572083,2.4509569374053797e-10,0.8919864296913147,0.10779730975627899
5322,3,3,0.15003156661987305,1.7940312773134792e-06,0.017867065966129303,0.8320995569229126
5323,3,0,0.632097065448761,9.97433176053164e-07,0.0019905432127416134,0.3659113645553589
5324,3,3,0.00327484542503953,3.2503812690265477e-06,0.04066114500164986,0.9560607671737671
5325,3,2,0.000120624914416112,6.316940562101081e-05,0.7575039863586426,0.2423122674226761
5326,3,3,0.029500510543584824,5.939212496741675e-05,0.27781373262405396,0.6926262974739075
5327,1,1,2.05107826332096e-05,0.9999758005142212,1.405803573106823e-06,2.3014654288999736e-06
5328,3,3,0.0010227907914668322,0.001170206582173705,0.3471652567386627,0.6506417989730835
5329,3,2,0.006574674043804407,0.0003005402395501733,0.5667129158973694,0.42641183733940125
5330,3,3,3.9608776205568574e-06,1.007614658377065e-09,0.0005156706902198493,0.9994804263114929
5331,3,3,2.0264910460809915e-07,1.2761885992418343e-10,0.0009321454563178122,0.9990677237510681
5332,1,1,0.0005457612569443882,0.9994528889656067,1.020132685880526e-06,3.444690150899987e-07
5333,2,2,5.968013638835146e-09,5.680647467178057e-13,0.9999997615814209,2.1146632889212924e-07
5334,1,1,5.8736895880429074e-05,0.9999138116836548,1.5410869309562258e-06,2.5904655558406375e-05
5335,2,2,0.0001976123749045655,9.310022619501979e-08,0.9781618118286133,0.021640410646796227
5336,2,2,5.090663398732431e-05,1.094212620955659e-06,0.9875316023826599,0.012416461482644081
5337,0,3,0.4122348129749298,6.738430329278344e-06,0.06302066147327423,0.5247377753257751
5338,3,3,0.0005912504275329411,0.00011599914432736114,0.013129321858286858,0.9861634373664856
5339,3,0,0.5364866852760315,0.00023286898795049638,8.60889267642051e-05,0.4631944000720978
5340,3,3,4.0506762388758943e-07,4.1622065793944785e-09,5.8995032304665074e-05,0.9999406337738037
5341,3,3,1.5500818406621875e-09,2.655648020011194e-14,0.00012990219693165272,0.9998700618743896
5342,3,3,0.0003885012411046773,0.00017560490232426673,0.007922531105577946,0.9915133118629456
5343,2,2,0.0009093613480217755,1.728288907543174e-07,0.9981421232223511,0.0009484229958616197
5344,2,2,9.333150228485465e-05,5.349135108190239e-07,0.9618156552314758,0.038090433925390244
5345,3,3,1.2443424566299655e-05,9.297876246705528e-09,5.904952922719531e-05,0.9999284744262695
5346,2,2,0.01592009700834751,0.00015729070582892746,0.9772262573242188,0.006696266587823629
5347,3,3,4.487670594244264e-05,2.588587813079357e-05,6.060404484742321e-05,0.999868631362915
5348,1,1,0.00022038196038920432,0.9997277855873108,3.0064455131650902e-05,2.185713492508512e-05
5349,0,0,0.999903678894043,2.4843407118169125e-06,7.132950122468174e-05,2.2536967662745155e-05
5350,2,2,0.04390089958906174,0.07002989202737808,0.884245753288269,0.001823486527428031
5351,3,3,3.0648927349830046e-05,1.5190501079231922e-09,0.00016096611216198653,0.9998083710670471
5352,1,1,1.1156669643241912e-05,0.9999865293502808,4.0323513417206414e-08,2.280846047142404e-06
5353,2,2,0.028993209823966026,0.0003205991815775633,0.9608450531959534,0.009841111488640308
5354,3,3,4.1051931475522e-05,8.809570850587534e-09,0.0002211631799582392,0.9997377991676331
5355,1,0,0.6372004747390747,0.3624240756034851,8.684623026056215e-05,0.0002885964058805257
5356,0,0,0.9640131592750549,0.0005440626409836113,0.019809093326330185,0.015633663162589073
5357,3,0,0.5642634630203247,0.004447230137884617,0.06909818947315216,0.3621911406517029
5358,0,0,0.9998844861984253,5.035068184611191e-08,8.302766946144402e-05,3.234832547605038e-05
5359,0,0,0.9996521472930908,9.22403131653482e-08,0.00023939981474541128,0.00010839381138794124
5360,0,0,0.9999531507492065,4.871731675848423e-07,1.7099773685913533e-05,2.929749825852923e-05
5361,3,3,9.707667913971818e-07,9.743106765824905e-09,0.00024408918397966772,0.9997549653053284
5362,1,1,4.57738533441443e-05,0.9999035596847534,2.4536917408113368e-05,2.6154531951760873e-05
5363,2,2,0.0002054623037111014,2.2736170990356186e-07,0.858001172542572,0.1417931169271469
5364,2,2,0.0029596700333058834,0.000382466270821169,0.9936379790306091,0.003019892843440175
5365,2,2,0.0011034340132027864,3.6365950109029654e-06,0.9988038539886475,8.917225204641e-05
5366,2,2,0.046329718083143234,0.00013315424439497292,0.7413914203643799,0.21214577555656433
5367,3,3,0.019347185268998146,0.0016816091956570745,0.12073692679405212,0.8582343459129333
5368,1,1,0.00041569172753952444,0.9791683554649353,0.002367885084822774,0.01804804988205433
5369,0,0,0.9194596409797668,8.805064055650291e-08,0.07296344637870789,0.007576836738735437
5370,2,2,1.0654005677679379e-07,6.465447621728515e-11,0.9999998807907104,8.283159935729145e-09
5371,2,2,0.0013627334265038371,0.0007671164930798113,0.9975188970565796,0.00035123262205161154
5372,3,3,2.9915443519712426e-05,1.754112827212495e-10,0.001248590531758964,0.9987214207649231
5373,3,3,0.0007147249998524785,1.1471386187622556e-06,0.0007039486663416028,0.9985800981521606
5374,2,2,0.0013528310228139162,7.383773481706157e-05,0.9951193332672119,0.0034540416672825813
5375,2,2,3.124609065707773e-05,3.7799480196554214e-05,0.892282247543335,0.10764859616756439
5376,3,2,0.044375550001859665,0.0006009884527884424,0.8608898520469666,0.09413368254899979
5377,1,1,0.0605350099503994,0.9384411573410034,0.0008769572013989091,0.0001468553236918524
5378,0,0,0.997911274433136,2.8834061595262028e-05,0.0019031724659726024,0.00015675499162171036
5379,0,2,0.3607032895088196,0.00012879606219939888,0.6385043859481812,0.0006635707686655223
5380,2,2,0.01723235473036766,9.919774583977414e-07,0.6834466457366943,0.29931992292404175
5381,2,0,0.8791165351867676,3.110959369223565e-06,0.11199986934661865,0.008880510926246643
5382,3,3,0.00011424148397054523,3.3079709282901604e-07,0.005170905031263828,0.9947144389152527
5383,0,0,0.9999861717224121,7.4413772921388954e-09,3.7976531075401e-06,1.0047977411886677e-05
5384,0,1,0.22250738739967346,0.33389371633529663,0.25212112069129944,0.1914777010679245
5385,3,3,7.837755333639507e-09,1.868992807740888e-11,0.00013824418419972062,0.9998617172241211
5386,3,3,1.1061628129027667e-06,1.9561603892270796e-08,3.1512067835137714e-06,0.9999957084655762
5387,3,3,0.00019740387506317347,1.2069749644183503e-08,0.01515826303511858,0.9846442937850952
5388,3,3,2.857283288904e-05,9.166188829112798e-05,0.007964270189404488,0.9919155240058899
5389,1,1,0.0006777596427127719,0.8563298583030701,0.1086365208029747,0.03435581177473068
5390,3,3,1.5235102182487026e-05,1.065568877578471e-08,0.00014691911928821355,0.9998378753662109
5391,3,3,0.0001982525282073766,1.210680835583844e-07,0.10503742098808289,0.894764244556427
5392,2,2,0.0004730571527034044,1.7237135330194775e-10,0.7740994691848755,0.2254275381565094
5393,3,3,6.20686648744595e-08,1.1842752334345619e-09,3.7410282516248117e-07,0.9999995231628418
5394,3,3,2.551488705648808e-06,4.192767377730888e-08,0.0003462294116616249,0.9996511936187744
5395,3,3,1.3825921740817648e-08,1.2591285436167055e-12,2.6879711185756605e-06,0.9999972581863403
5396,2,2,0.002657197182998061,0.00010241413110634312,0.9836409687995911,0.013599401339888573
5397,3,3,0.0004735593684017658,4.4536065502143174e-08,0.20989708602428436,0.7896293997764587
5398,3,3,5.803135081805522e-06,8.102690003397583e-07,0.008744549937546253,0.9912488460540771
5399,2,2,0.0026450753211975098,4.883152541879099e-06,0.9972301125526428,0.0001199289908981882
5400,1,1,5.766608865087619e-06,0.9999940395355225,1.4379786250628968e-07,1.4839481643491581e-08
5401,1,1,3.0320275982376188e-05,0.9999048709869385,2.959330231533386e-06,6.182717334013432e-05
5402,3,0,0.8754125833511353,0.00010679876868380234,0.0017715764697641134,0.12270907312631607
5403,2,2,1.2445894981283345e-06,1.6158906157581754e-10,0.9999986886978149,8.753544733508534e-08
5404,2,2,6.066511105018435e-06,3.733845915121492e-06,0.9999712705612183,1.893391709018033e-05
5405,2,2,1.490742670284817e-05,1.795007449345576e-07,0.9997895359992981,0.00019538277410902083
5406,1,1,0.042885735630989075,0.8165997266769409,0.0679655596613884,0.07254895567893982
5407,1,1,0.0001501603692304343,0.9998146891593933,3.3120359148597345e-05,2.0676905023719883e-06
5408,3,3,2.3815090344214696e-07,4.879258108658746e-10,0.00014931864279787987,0.9998503923416138
5409,3,3,0.027626847848296165,0.0007012920104898512,0.1157052144408226,0.8559666275978088
5410,3,2,1.0828733820744674e-06,3.243963817567419e-07,0.9956348538398743,0.0043637012131512165
5411,3,3,1.2617481843335554e-05,1.328064911376714e-07,0.005386900622397661,0.9946004152297974
5412,0,0,0.9999997615814209,5.074898723478327e-09,1.1510731212638348e-07,9.277198387280805e-08
5413,2,2,0.011098109185695648,0.0012252861633896828,0.8719039559364319,0.11577269434928894
5414,3,3,3.5337828308001917e-07,2.4109439444863767e-10,0.001608630525879562,0.9983910322189331
5415,0,0,0.9999967813491821,2.261325704466799e-07,2.083766226235184e-08,2.9452392027451424e-06
5416,3,3,1.88438207260333e-05,1.946891870829859e-06,9.330098691862077e-05,0.9998859167098999
5417,3,3,3.286095670773648e-05,8.112110663205385e-05,0.006700883619487286,0.9931852221488953
5418,2,2,0.00019663962302729487,6.853268246231892e-07,0.9751511216163635,0.02465144917368889
5419,2,2,1.7441827367292717e-05,6.681113404738426e-07,0.9859659075737,0.014016000553965569
5420,0,0,0.930191695690155,0.04062538221478462,0.002828420139849186,0.026354597881436348
5421,3,2,0.007640850264579058,0.0005001802928745747,0.7494792342185974,0.24237966537475586
5422,3,3,0.2689148485660553,0.0002688512613531202,0.04824811965227127,0.6825682520866394
5423,2,2,5.1934071962023154e-05,1.5297869992991764e-07,0.9998676776885986,8.022302063181996e-05
5424,1,1,0.020941313356161118,0.9693214893341064,0.0017073304625228047,0.008029882796108723
5425,1,1,0.02094893902540207,0.9503796696662903,0.01632823422551155,0.01234314776957035
5426,2,2,0.010216153226792812,0.0004895424353890121,0.9870718121528625,0.0022225079592317343
5427,3,3,0.00022589540458284318,8.14503709989367e-06,0.00021063239546492696,0.9995554089546204
5428,3,3,6.49713172151678e-07,2.972825541291968e-09,2.820311055984348e-05,0.9999711513519287
5429,0,0,0.9999786615371704,1.649550718241244e-08,1.2749470442940947e-05,8.55410507938359e-06
5430,1,1,7.574373739771545e-05,0.9976497292518616,0.002254358259961009,2.0246532585588284e-05
5431,2,3,5.579860953730531e-05,3.7120851531513566e-11,0.08979883044958115,0.9101454019546509
5432,2,2,0.00011235185957048088,2.729480002017226e-06,0.9729152917861938,0.026969565078616142
5433,2,3,0.02771771512925625,0.007626072503626347,0.21651127934455872,0.7481449246406555
5434,3,3,1.4284772987593897e-05,2.1775583718408598e-06,0.016766469925642014,0.9832170009613037
5435,3,3,0.0002221858303528279,5.73854376852978e-05,0.005384032614529133,0.9943364262580872
5436,3,3,3.828590706689283e-07,2.0330681582692023e-09,0.040476858615875244,0.9595227837562561
5437,1,1,3.3900505513884127e-07,0.9999994039535522,2.764048758763238e-07,4.15652685603618e-08
5438,3,3,0.00013017402670811862,2.5086802427076726e-11,0.0006049874937161803,0.9992647767066956
5439,3,2,0.014710570685565472,2.0891887686502741e-07,0.7073947191238403,0.27789440751075745
5440,0,0,0.9999979734420776,1.681325301206016e-08,7.238444936774613e-07,1.242109192389762e-06
5441,0,0,0.9997641444206238,1.9762986994464882e-05,7.40195537218824e-05,0.0001421313063474372
5442,3,3,0.00043898861622437835,0.009652276523411274,0.16639943420886993,0.8235092759132385
5443,1,1,3.263481630710885e-05,0.9999539852142334,6.127498636487871e-06,7.325163551286096e-06
5444,0,2,0.21051105856895447,0.00014785787789151073,0.7843677401542664,0.0049733733758330345
5445,0,0,0.9996689558029175,1.11608187580714e-07,0.00020357235916890204,0.00012734909250866622
5446,3,3,2.373062670812942e-07,1.1861907012189477e-08,3.896970156347379e-06,0.9999958276748657
5447,2,2,0.00013438241148833185,4.4618712990995846e-07,0.9998633861541748,1.8667866470423178e-06
5448,2,2,0.0025352847296744585,0.0004747123457491398,0.8619922995567322,0.1349976807832718
5449,1,1,0.12157126516103745,0.7873690128326416,0.04786408320069313,0.04319557920098305
5450,2,2,0.004807580262422562,0.0004474919696804136,0.9940792322158813,0.0006657257326878607
5451,0,0,0.9625099301338196,0.00832456350326538,0.0006991971167735755,0.02846633270382881
5452,3,3,6.5985918809019495e-06,1.6093779642289974e-09,0.00037729734322056174,0.9996160268783569
5453,3,3,0.0003543015627656132,2.1647672383551253e-06,0.00011456279025878757,0.9995290040969849
5454,0,0,0.9992237091064453,3.235013252833596e-07,0.00022300530690699816,0.0005530312191694975
5455,3,3,4.1402836359338835e-05,0.00022624559642281383,0.00024053557717707008,0.999491810798645
5456,1,1,0.009332212619483471,0.981758177280426,0.0016027983510866761,0.007306783460080624
5457,3,3,2.9568082027253695e-06,6.549659925525475e-09,0.0003552712150849402,0.9996417760848999
5458,1,1,0.0013322613667696714,0.9978305697441101,0.0007438354659825563,9.338246309198439e-05
5459,1,1,0.00011575033568078652,0.9998841285705566,7.571731686084604e-08,4.310212986524675e-08
5460,2,2,2.1782923909086094e-08,1.7507217897616556e-11,1.0,1.0556181706533607e-08
5461,3,3,6.252915773075074e-05,2.1600234489937975e-08,0.1528296172618866,0.8471078276634216
5462,3,3,0.0016948521370068192,3.435779217397794e-05,0.00538830179721117,0.992882490158081
5463,0,0,0.9994537234306335,6.722381726831372e-07,1.2143516869400628e-05,0.0005334136076271534
5464,3,3,7.376062512776116e-06,2.7899899404659756e-11,3.4225215586047852e-06,0.9999891519546509
5465,2,3,0.04242667928338051,0.005092133767902851,0.43080368638038635,0.5216774344444275
5466,3,3,5.7644683693069965e-05,1.0893506097175987e-09,0.0016463309293612838,0.9982960820198059
5467,1,3,0.04125718027353287,0.1007828563451767,0.00046546972589567304,0.8574944734573364
5468,3,3,8.891736069926992e-05,1.0085533119763568e-07,0.016864605247974396,0.9830463528633118
5469,3,3,2.101918852304152e-07,4.877490078492031e-10,0.00016083690570667386,0.9998389482498169
5470,2,0,0.771010160446167,0.00489193107932806,0.1618807017803192,0.06221718341112137
5471,0,0,0.9999988079071045,2.6260298380265112e-09,5.9379104300205654e-08,1.161640511782025e-06
5472,2,2,0.06957343965768814,0.02064175345003605,0.8971112370491028,0.012673496268689632
5473,1,1,0.0013442831113934517,0.9986492991447449,3.9746878428559285e-06,2.4815788037813036e-06
5474,2,2,0.0010777345160022378,5.1307996074001494e-08,0.9987155199050903,0.00020670786034315825
5475,2,2,1.4310816368379164e-05,7.926382750156336e-07,0.9983004927635193,0.0016844843048602343
5476,2,2,2.1644716980517842e-05,1.2212999536131974e-06,0.9912996888160706,0.008677485398948193
5477,3,3,0.004224536474794149,3.6779317724722205e-06,0.05604976788163185,0.9397220015525818
5478,1,1,0.00028593451133929193,0.9996590614318848,1.4389315765583888e-05,4.0597595216240734e-05
5479,2,3,7.183855359471636e-06,4.3075552014215646e-09,0.015152407810091972,0.984840452671051
5480,3,3,0.00011776214523706585,2.722696763157728e-06,0.0010510410647839308,0.9988284707069397
5481,2,2,0.00013061851495876908,1.652247078709479e-06,0.9997674822807312,0.00010025706433225423
5482,3,3,0.00012912476086057723,5.4268727289752405e-09,0.02661265805363655,0.9732581973075867
5483,2,2,0.0026816728059202433,3.6860021168649837e-07,0.9972758889198303,4.20825817855075e-05
5484,1,1,3.947746018972964e-10,1.0,1.074090061337074e-08,3.064231507421411e-11
5485,3,3,0.0007005847292020917,5.048314122291231e-08,0.010668978095054626,0.9886304140090942
5486,3,3,4.16807051806245e-06,4.38890286960647e-12,0.004960270598530769,0.9950355291366577
5487,0,0,0.9999985694885254,2.928889308861926e-08,5.969944538719574e-08,1.3045797686572769e-06
5488,0,0,0.9978976249694824,2.6644667741493322e-05,2.6850466383621097e-05,0.0020488302689045668
5489,2,2,0.0009167905664071441,0.0039626434445381165,0.9930607080459595,0.0020599320996552706
5490,1,1,6.183696541484096e-07,0.9999984502792358,9.656858992457273e-07,3.459718067588824e-10
5491,1,1,2.2532494767801836e-05,0.9999703168869019,6.727303571096854e-06,4.7248852297343547e-07
5492,2,2,0.00037590437568724155,9.235524339601398e-05,0.99936443567276,0.00016732259246055037
5493,2,2,1.9496763343340717e-05,1.015762762790473e-07,0.998623251914978,0.0013571109157055616
5494,1,1,0.05429406464099884,0.9176215529441833,0.025578349828720093,0.0025061029009521008
5495,2,2,0.0042211622931063175,7.053946319501847e-05,0.9935269355773926,0.002181489020586014
5496,1,1,2.1343112166505307e-06,0.9999978542327881,1.7353835035649467e-09,5.320829887800471e-10
5497,0,0,0.9979838132858276,7.485359674319625e-05,0.0007013444555923343,0.0012400492560118437
5498,2,2,7.193928013293771e-07,3.8868535057190456e-08,0.9999990463256836,2.4572184997850854e-07
5499,1,1,2.0623549062293023e-05,0.9999730587005615,1.7502034097560681e-06,4.488479589781491e-06
5500,0,0,0.9999788999557495,7.898583135101944e-06,5.209839741837641e-07,1.2729851732729003e-05
5501,2,2,0.3973281681537628,8.566090400563553e-05,0.3998221158981323,0.2027641087770462
5502,2,2,2.5734543669386767e-06,1.4998855135672784e-07,0.9998327493667603,0.0001644011790631339
5503,1,1,1.508859440946253e-06,0.9999972581863403,2.917390702350531e-07,9.86093709798297e-07
5504,2,2,0.00029741015168838203,7.282349088200135e-06,0.9947676658630371,0.004927679430693388
5505,2,2,0.0011366374092176557,0.00047943409299477935,0.9387272000312805,0.0596567802131176
5506,2,2,0.006235530134290457,1.2526909813459497e-05,0.9935914874076843,0.00016039630281738937
5507,1,1,0.013525324873626232,0.9833475947380066,0.0028345808386802673,0.0002924739965237677
5508,3,3,0.0014145516324788332,8.929329851525836e-06,1.562135548738297e-05,0.9985609650611877
5509,1,1,5.185973250831921e-08,0.9999997615814209,1.821834558768387e-07,5.889100052058893e-08
5510,0,0,0.9999667406082153,1.49960869748611e-05,1.2755009265674744e-05,5.452246114145964e-06
5511,3,3,0.015003412030637264,0.00011985119635937735,0.022867850959300995,0.9620088934898376
5512,3,3,0.0013800280867144465,3.8323979545396014e-09,0.012194167822599411,0.9864257574081421
5513,0,0,0.9986442923545837,4.056319085066207e-07,1.2668397175730206e-07,0.001355212414637208
5514,3,2,0.0004445818194653839,1.0056252904178109e-05,0.7638894319534302,0.23565593361854553
5515,3,3,7.420875647312641e-08,7.364196752401853e-11,0.001688277698121965,0.9983116388320923
5516,0,0,0.9999778270721436,1.1128247656699841e-08,3.3391447686881293e-06,1.8798453311319463e-05
5517,0,0,0.9999936819076538,1.126976556520276e-08,9.897094344069046e-08,6.155345545266755e-06
5518,2,2,2.7263989977655e-05,2.8013440896756947e-05,0.9999228715896606,2.1763131371699274e-05
5519,2,2,2.1217178073129617e-05,0.002943784464150667,0.9970040917396545,3.089896927122027e-05
5520,0,0,1.0,1.6600756481814118e-14,4.0341019413858703e-10,4.838554801267492e-08
5521,0,0,0.9881545305252075,0.00011219136649742723,0.009316705167293549,0.0024165911599993706
5522,1,1,0.003084362717345357,0.9925340414047241,0.0040178135968744755,0.0003636987239588052
5523,2,2,0.011024449951946735,0.0004039806663058698,0.9407535195350647,0.047818079590797424
5524,2,2,0.0001425704249413684,0.0004245234886184335,0.9934576153755188,0.005975269712507725
5525,3,3,8.10552664916031e-05,7.62699841061476e-08,0.016754424199461937,0.983164370059967
5526,3,3,3.354817408762756e-06,2.504990789020667e-06,0.0027685959357768297,0.9972255825996399
5527,0,0,0.9999904632568359,4.775944944412913e-06,3.5174623462808086e-06,1.2283948080948903e-06
5528,2,2,0.00031075108563527465,1.7541946363053285e-05,0.9992493987083435,0.0004222193674650043
5529,1,1,9.724180927150883e-06,0.9999758005142212,1.029971826937981e-05,4.126727617403958e-06
5530,2,2,1.6979036445263773e-05,1.3843389297107933e-06,0.9998911619186401,9.04892003745772e-05
5531,3,3,5.845693522132933e-06,5.075484921235329e-08,0.04063361883163452,0.9593604803085327
5532,2,3,1.545563281979412e-05,3.2395673770224676e-05,0.0032172659412026405,0.9967347979545593
5533,3,2,0.00025334215024486184,3.11738148184304e-07,0.9796353578567505,0.02011098340153694
5534,0,1,0.08912960439920425,0.9086125493049622,5.702699127141386e-05,0.002200869144871831
5535,2,2,3.481397652649321e-05,1.3445946933643427e-06,0.9606353640556335,0.03932851925492287
5536,1,1,0.0004865861847065389,0.9991415739059448,0.00027455162489786744,9.728813893161714e-05
5537,3,0,0.8463580012321472,8.566963515477255e-05,0.008986182510852814,0.14457009732723236
5538,1,1,0.00020628582569770515,0.9995062351226807,6.126168955233879e-06,0.00028126532561145723
5539,0,0,0.8886446952819824,0.00010582605318631977,0.041587553918361664,0.06966190785169601
5540,2,2,3.0810068096798204e-07,2.2612283573364422e-11,0.9999996423721313,1.654582959531581e-08
5541,2,2,0.016255442053079605,7.585616458527511e-06,0.982379138469696,0.0013579402584582567
5542,2,2,0.0002659311576280743,1.8544247950558201e-06,0.9779778718948364,0.021754369139671326
5543,1,1,0.0008640426676720381,0.9991353154182434,5.082135885459138e-07,6.930227414159162e-08
5544,0,0,0.9999998807907104,3.2717351050592924e-10,1.1799163956993652e-07,3.603191345291634e-08
5545,3,3,4.183628334430978e-06,3.284499616729164e-10,0.037588708102703094,0.962407112121582
5546,3,3,0.0026810162235051394,2.312200922460761e-05,0.1559259295463562,0.8413699269294739
5547,1,1,5.893761681363685e-06,0.9999927282333374,1.1149946885780082e-06,2.9613784136017784e-07
5548,2,2,0.000402112869778648,1.6787683421171096e-07,0.9965264201164246,0.003071310929954052
5549,0,0,0.9998132586479187,1.9576955168076893e-08,1.771834104147274e-05,0.0001689486380200833
5550,0,0,0.9998593330383301,2.932924689957872e-05,6.850080808362691e-06,0.00010452354763401672
5551,3,3,0.00018466160690877587,1.2734664434077558e-09,9.372980969146738e-08,0.9998152852058411
5552,1,1,1.9536775653250515e-05,0.9999781847000122,2.84565686570204e-07,1.9896936009899946e-06
5553,0,0,0.9994860887527466,9.641979886509944e-06,0.0002953704388346523,0.00020892832253593951
5554,2,2,0.00016070831043180078,2.3341021915257443e-07,0.9996161460876465,0.00022289255866780877
5555,3,2,0.041386619210243225,2.616436904645525e-05,0.576213002204895,0.3823741376399994
5556,3,3,2.7326491292001265e-08,6.531016838451364e-10,1.329280223671958e-07,0.9999998807907104
5557,1,1,1.1150978934892919e-05,0.9999722242355347,7.624196769029368e-06,8.96822712093126e-06
5558,3,3,1.330232635154971e-08,1.021471049966749e-07,4.330640877014957e-06,0.9999955892562866
5559,2,2,0.005374364089220762,1.5899320715107024e-05,0.7460598349571228,0.24854989349842072
5560,1,1,1.9387331121833995e-05,0.9999250173568726,5.5052518291631714e-05,6.493709747701359e-07
5561,0,0,0.9984148740768433,6.905008922331035e-05,0.001222490449436009,0.0002936634991783649
5562,2,2,0.0009980237809941173,0.00017029955051839352,0.9808754920959473,0.017956240102648735
5563,1,1,0.002665628446266055,0.9971187114715576,0.00016257942479569465,5.308414256433025e-05
5564,0,0,0.9999998807907104,9.908274287845353e-13,8.628991743364622e-09,1.0513165449310691e-07
5565,3,3,0.0005757820908911526,7.224769433378242e-06,0.0013259907718747854,0.998090922832489
5566,0,0,0.9999504089355469,3.7236671346363437e-07,2.5441731850150973e-05,2.377712371526286e-05
5567,3,3,9.604050137568265e-05,6.119014415162383e-07,0.028711890801787376,0.9711914658546448
5568,0,0,0.9999463558197021,6.665194973720645e-07,1.573465488036163e-05,3.721884058904834e-05
5569,1,1,5.158509353009322e-08,1.0,1.9636395287569997e-10,1.8086797615168848e-09
5570,1,1,0.00010150208254344761,0.9993645548820496,3.583684019758948e-06,0.0005303858197294176
5571,1,0,0.8236748576164246,0.06147545948624611,0.10698987543582916,0.007859807461500168
5572,1,1,1.7796734027797356e-05,0.9996845722198486,3.469083094387315e-05,0.00026302531477995217
5573,2,2,0.03597389906644821,4.0834263927536085e-05,0.8632142543792725,0.10077103972434998
5574,2,2,0.0018440219573676586,6.36559198028408e-05,0.9473523497581482,0.05074004456400871
5575,0,0,0.9994204044342041,3.8754814113417524e-07,0.0003501180908642709,0.00022903044009581208
5576,1,1,5.525118012883468e-06,0.9999942779541016,8.376297699896895e-08,1.1158724788629115e-07
5577,1,1,0.0002455953508615494,0.999476969242096,0.00018919314607046545,8.830047590890899e-05
5578,0,0,0.9999997615814209,1.0623793511577162e-10,4.676250497936962e-09,2.572510879872425e-07
5579,0,0,0.999957799911499,2.1036888142589305e-07,3.878325514961034e-06,3.804645166383125e-05
5580,2,2,1.270493976335274e-05,1.9786300242685684e-07,0.999783456325531,0.00020363664953038096
5581,3,3,0.0006464740727096796,5.242120550974505e-06,0.020128777250647545,0.9792194962501526
5582,2,2,0.0007629367173649371,1.1261130339335068e-06,0.9986911416053772,0.0005448361625894904
5583,1,1,0.002748480997979641,0.9968931674957275,0.00018053776875603944,0.00017783882503863424
5584,0,0,0.9994717240333557,5.762681780652201e-07,0.00019073221483267844,0.00033695221645757556
5585,1,1,1.2863212717206807e-09,1.0,1.1588710546739378e-10,7.580680527752293e-10
5586,2,2,0.2208811491727829,4.592652840074152e-05,0.7120476365089417,0.0670253187417984
5587,3,3,0.00047829063259996474,2.077492536045611e-05,0.002908111782744527,0.9965928196907043
5588,0,0,0.873551607131958,2.0068435446773947e-07,0.12437354773283005,0.0020745531655848026
5589,0,0,0.6295733451843262,0.2617042064666748,0.09362496435642242,0.015097475610673428
5590,2,2,0.019907116889953613,0.0013500063214451075,0.559714674949646,0.4190281629562378
5591,2,2,2.084924744849559e-05,0.0002529117336962372,0.9996985197067261,2.7684216547640972e-05
5592,2,0,0.5598663091659546,1.5251737295329804e-06,0.4372769296169281,0.0028552496805787086
5593,2,2,9.565558684698772e-06,2.902950200223131e-07,0.9958695769309998,0.004120476543903351
5594,1,1,5.228506779531017e-06,0.9999825954437256,1.1006297427229583e-05,1.2466066436900292e-06
5595,0,0,0.9615581035614014,0.0009478976717218757,0.025948651134967804,0.011545400135219097
5596,0,0,0.9999936819076538,1.947270611424301e-08,1.7139497003881843e-06,4.587173862091731e-06
5597,0,0,0.6774008274078369,1.0920459203589417e-07,0.23129914700984955,0.09129994362592697
5598,3,3,5.5237806009245105e-06,2.2340397265452339e-07,0.00013049649714957923,0.9998637437820435
5599,1,1,0.00027153510018251836,0.9959749579429626,0.003411671379581094,0.0003417692205403
5600,2,2,0.0028917603194713593,1.1132982535855263e-06,0.9843234419822693,0.012783758342266083
5601,2,3,2.209657395724207e-06,9.920223753567825e-09,0.40744414925575256,0.5925536155700684
5602,2,0,0.9949705004692078,0.001060929847881198,0.0032922462560236454,0.0006763745914213359
5603,3,3,8.591671303292969e-07,1.8440615787845838e-12,0.002812417922541499,0.9971867203712463
5604,3,3,1.2397856608004076e-06,6.0410232372021255e-09,1.028805058922444e-06,0.9999977350234985
5605,3,3,1.9744991732295603e-05,4.9187588030408236e-11,0.0005652225227095187,0.9994150400161743
5606,1,1,1.0500198186491616e-05,0.9997403025627136,0.00022615600028075278,2.3038845029077493e-05
5607,0,0,0.99982088804245,3.957910394092323e-06,0.0001501552906120196,2.5058841856662184e-05
5608,0,0,0.9999483823776245,6.010890984953221e-08,2.5231658582924865e-05,2.626952300488483e-05
5609,3,3,0.07774592936038971,0.22473320364952087,0.09341321885585785,0.6041076183319092
5610,0,0,0.9862605929374695,0.0019869559910148382,0.010774088092148304,0.0009782862616702914
5611,3,3,0.011665654368698597,1.5883597370702773e-06,2.342699190194253e-05,0.988309383392334
5612,0,0,0.9791537523269653,0.0005970640922896564,0.012667130678892136,0.007582066580653191
5613,0,0,0.9999569654464722,1.2860888318755315e-06,7.415877121275116e-07,4.107538188691251e-05
5614,0,0,0.9331150054931641,1.5821049601072446e-05,0.028277775272727013,0.03859139233827591
5615,0,0,0.7372817993164062,0.09517274051904678,0.012157304212450981,0.15538808703422546
5616,3,3,1.9914516542485217e-06,3.192990316591704e-09,0.00027517229318618774,0.9997227787971497
5617,0,0,0.7612245678901672,0.20892037451267242,0.003240805584937334,0.02661431021988392
5618,2,2,9.53870767261833e-05,3.9240203477675095e-06,0.9998350143432617,6.564566865563393e-05
5619,3,3,0.00035236167605035007,2.5953297289049715e-09,8.62794040585868e-05,0.9995613694190979
5620,3,3,0.0007201615371741354,1.2207463839786215e-07,0.00047259399434551597,0.9988070726394653
5621,2,2,3.2847850661710254e-07,6.476282010670076e-11,0.9999995231628418,1.0129885197329713e-07
5622,3,3,4.412268754094839e-05,3.3408332456019707e-07,0.022502319887280464,0.9774532318115234
5623,2,2,3.2521709272259613e-06,1.8167915172284665e-08,0.9999196529388428,7.705895404797047e-05
5624,1,1,1.2431067943907692e-06,0.9999988079071045,8.973521370414517e-10,1.602592170080186e-09
5625,3,3,0.02701473794877529,2.36688801891205e-09,0.06612781435251236,0.906857430934906
5626,3,3,0.003475070698186755,5.23552080267109e-05,0.011871974915266037,0.9846006035804749
5627,3,2,0.020601052790880203,0.0016736153047531843,0.6172911524772644,0.3604341149330139
5628,2,2,4.613755299942568e-05,9.085841884370893e-05,0.9998478889465332,1.5125085155887064e-05
5629,3,3,5.032621629652567e-05,9.348866569780512e-09,0.09804727882146835,0.901902437210083
5630,0,0,0.9999856948852539,1.0777377212889405e-08,1.0111465599038638e-05,4.208671271044295e-06
5631,1,1,3.4359056826360757e-06,0.9999953508377075,1.188923626216365e-09,1.2151516557423747e-06
5632,0,0,0.999984860420227,9.79858398864053e-08,6.244843007152667e-07,1.443348537577549e-05
5633,0,0,0.9999774694442749,5.9899872439928e-07,4.4479472194325353e-07,2.143059464287944e-05
5634,3,1,0.2236473262310028,0.674936830997467,0.02019231580197811,0.08122359961271286
5635,2,2,0.00030324459658004344,1.9438696199358674e-06,0.9993463158607483,0.0003485606866888702
5636,1,1,1.9410686599719007e-11,1.0,3.590923999124973e-12,1.9059218179379167e-12
5637,0,0,0.9997275471687317,1.6661559811836923e-06,0.0002583769673947245,1.243750739376992e-05
5638,2,2,0.0009778605308383703,2.3120551873034856e-07,0.9987780451774597,0.00024382880656048656
5639,3,3,2.8974907763767987e-05,2.1316816756211665e-08,0.03111010417342186,0.968860924243927
5640,2,2,0.0011194167891517282,0.0009746529976837337,0.8621538877487183,0.13575202226638794
5641,0,0,0.9999960660934448,2.9453341987562e-09,1.4627076438955555e-07,3.782520479944651e-06
5642,0,0,0.9796515107154846,0.0002850487071555108,0.0021320832893252373,0.017931345850229263
5643,1,1,0.006214713212102652,0.9920533895492554,0.0012083377223461866,0.0005235277349129319
5644,0,0,0.9947925209999084,0.001171821728348732,0.0030978426802903414,0.0009377819951623678
5645,1,1,0.001837305841036141,0.9771608114242554,0.006282940972596407,0.01471890602260828
5646,0,0,0.8085150718688965,0.046952374279499054,0.07021167874336243,0.07432091236114502
5647,0,0,0.9910098314285278,4.2032102101075e-06,0.00878144707530737,0.00020453811157494783
5648,1,1,0.010752332396805286,0.8197901844978333,0.1364329308271408,0.033024560660123825
5649,0,0,0.9994403719902039,1.9839455490000546e-05,0.00033955357503145933,0.00020026040147058666
5650,2,2,0.0003718028892762959,4.600380998454057e-05,0.9960857629776001,0.003496401244774461
5651,3,3,0.15910281240940094,0.028213048353791237,0.041788361966609955,0.770895779132843
5652,3,3,8.571379339628038e-08,3.5952916199732954e-09,0.000773138424847275,0.9992268085479736
5653,1,1,7.707119209499069e-08,0.9999998807907104,1.558091966558095e-08,4.497271888226351e-08
5654,1,1,6.608903504456975e-07,0.9999992847442627,5.4418002548572986e-08,6.06574035444396e-09
5655,0,0,0.9999957084655762,1.0027678172264132e-06,2.274175130878575e-06,1.0476373972778674e-06
5656,1,1,0.04486219212412834,0.8899598717689514,0.061113934963941574,0.004063973668962717
5657,2,2,0.0004146220162510872,7.8482491971954e-07,0.9994250535964966,0.0001595998473931104
5658,1,1,2.6363354663772043e-06,0.9999905824661255,6.757754249520076e-07,6.035805654391879e-06
5659,3,3,0.11040648072957993,0.1197347342967987,0.03400008752942085,0.7358587384223938
5660,0,0,0.9999892711639404,1.597552909515798e-06,2.8711122013191925e-06,6.229450264072511e-06
5661,1,1,2.3115953595720384e-12,1.0,4.0927060765210636e-15,9.444029759608785e-14
5662,3,3,5.3757130302756195e-08,1.9914925264430394e-10,0.000449074141215533,0.9995508790016174
5663,1,1,2.1739628209616058e-05,0.9983249306678772,0.0006852077785879374,0.0009681062074378133
5664,1,1,8.396830708079506e-06,0.9999916553497314,4.413157617122465e-10,4.370258110952818e-08
5665,1,1,3.2799795235405327e-07,0.9999994039535522,2.0947863887954554e-08,2.9114738708813093e-07
5666,2,0,0.9711915850639343,6.798993126722053e-05,0.028696686029434204,4.3686781282303855e-05
5667,3,3,0.0028818363789469004,2.5585876528566587e-07,0.006082039792090654,0.9910358190536499
5668,1,1,1.2884777689237126e-08,0.9999998807907104,1.1726270798817495e-07,2.8493154502484686e-08
5669,1,1,2.692361817935307e-07,0.9999991655349731,3.0287205277090834e-07,2.1946938488781598e-07
5670,1,1,0.0001013146829791367,0.9998986721038818,6.229984705896641e-08,2.505104923500312e-08
5671,1,1,0.09848921746015549,0.8989469408988953,0.00178201321978122,0.000781852169893682
5672,0,0,0.9992807507514954,0.00025899798492901027,0.0002872484037652612,0.00017306921654380858
5673,1,1,2.6907038773060776e-05,0.9982621073722839,0.0008150526555255055,0.0008959583356045187
5674,2,1,0.057650573551654816,0.9279937744140625,0.005026817787438631,0.00932884681969881
5675,1,1,0.006225095596164465,0.9902926683425903,0.0032016721088439226,0.00028054663562215865
5676,1,1,0.001261638361029327,0.994044840335846,0.004692647606134415,9.634628668209189e-07
5677,1,1,3.278007352491841e-05,0.999967098236084,1.6927130275234958e-07,3.544527871213177e-08
5678,2,2,5.111568952997914e-06,2.015759861251354e-07,0.9295046925544739,0.0704900324344635
5679,1,1,7.347991868300596e-07,0.9999982118606567,2.716525671075942e-07,8.356412308785366e-07
5680,1,1,4.614740828401409e-05,0.9999537467956543,9.412238100026116e-09,1.4891827504470712e-07
5681,3,3,1.4040946552995592e-05,2.7986471806684676e-08,0.017005782574415207,0.9829801321029663
5682,0,0,0.999703586101532,1.0348311718644254e-07,0.00020088189921807498,9.539582970319316e-05
5683,3,3,0.06189974024891853,0.000165470308274962,0.04793710261583328,0.889997661113739
5684,3,3,0.007512984797358513,5.345817498891847e-06,0.03742438927292824,0.9550572633743286
5685,0,2,0.11053849011659622,1.097293875318428e-06,0.8278143405914307,0.06164608895778656
5686,3,0,0.7482131719589233,0.046846259385347366,0.0022506369277834892,0.20268990099430084
5687,3,3,0.0021519609726965427,0.05836565047502518,0.056173037737607956,0.8833093047142029
5688,1,1,2.8166656193207018e-05,0.9999518394470215,1.744536348269321e-05,2.461240910633933e-06
5689,0,0,0.999731719493866,1.1962355301875505e-06,1.9765324395848438e-05,0.00024730098084546626
5690,2,3,0.06133643537759781,0.005361560266464949,0.3232322633266449,0.6100696921348572
5691,3,3,7.494988949474646e-06,2.586551285654881e-11,0.2013513743877411,0.7986410856246948
5692,1,1,0.0034100983757525682,0.6210896372795105,0.37480902671813965,0.0006913405959494412
5693,1,1,0.11233847588300705,0.4753613770008087,0.16345296800136566,0.24884718656539917
5694,1,3,0.14132674038410187,0.08663616329431534,0.17730650305747986,0.5947306752204895
5695,0,0,0.9873058795928955,2.097946435242193e-06,0.011196772567927837,0.0014952132478356361
5696,1,1,0.0002498108078725636,0.9973844885826111,0.0023629541974514723,2.7638511710392777e-06
5697,3,3,4.291770437703235e-06,3.225389377803367e-08,0.0003894705732818693,0.9996063113212585
5698,3,3,0.000874843739438802,3.268146247137338e-05,0.003440899308770895,0.9956516623497009
5699,1,1,9.17177260362223e-07,0.9999990463256836,6.173961897282254e-10,1.7103263250106693e-09
5700,0,0,0.9899040460586548,0.0005649688537232578,0.009258554317057133,0.00027255594613961875
5701,2,2,0.04791944846510887,0.023111065849661827,0.9151937365531921,0.013775761239230633
5702,1,1,0.0022517165634781122,0.9968404769897461,0.0007973555475473404,0.00011042269761674106
5703,0,0,0.9957296252250671,4.77442370083736e-07,0.0003834172384813428,0.003886528080329299
5704,3,3,2.0239522200427018e-05,8.738075507608301e-07,0.00018646118405740708,0.9997925162315369
5705,1,1,0.0009521887404844165,0.9990032315254211,4.302883826312609e-05,1.5955120034050196e-06
5706,1,1,8.989313755591866e-06,0.9999879598617554,8.536051865348782e-10,3.1086003673408413e-06
5707,1,1,6.747710358467884e-06,0.999954104423523,2.9114477001712658e-05,9.958593182091136e-06
5708,2,2,0.0354459322988987,0.00011342400830471888,0.8797648549079895,0.08467575907707214
5709,1,1,7.889833796070889e-05,0.9996817111968994,0.000220718007767573,1.8704147805692628e-05
5710,0,0,0.9999667406082153,4.7265739340218715e-06,1.7680218178384166e-08,2.8557295081554912e-05
5711,0,0,0.9071828126907349,0.0027130974922329187,0.0016999064246192575,0.08840411901473999
5712,1,1,4.385583807220428e-08,1.0,2.595938575211676e-09,1.1245014697180977e-08
5713,1,1,2.61955559466287e-08,0.9999998807907104,1.0470875722035089e-08,9.823001789754926e-08
5714,1,1,2.9184925551817287e-06,0.9999948740005493,7.076354791024642e-08,2.103551423715544e-06
5715,0,0,0.9810584783554077,0.015724705532193184,0.002668427536264062,0.0005484191351570189
5716,0,0,0.9999998807907104,8.095761927506828e-08,3.2756689027912955e-10,1.159201534761678e-08
5717,0,0,0.999970555305481,1.4699951861985028e-05,1.2195826457173098e-05,2.6113179956155363e-06
5718,3,3,6.226707114365126e-07,9.115557197958424e-09,7.651172381883953e-06,0.999991774559021
5719,3,3,1.0769473313132494e-08,3.1059325250604175e-11,2.4174315171876515e-07,0.9999997615814209
5720,1,1,0.004359905607998371,0.9932032823562622,5.6260205383296125e-06,0.002431261818856001
5721,1,1,5.004488343729463e-07,0.9999995231628418,6.763336557469302e-10,2.4898488826252674e-10
5722,0,0,0.9999957084655762,1.6878296946742921e-06,5.60597413823416e-07,1.955332209035987e-06
5723,1,1,0.0007963469834066927,0.9948573112487793,0.0002902294509112835,0.0040560513734817505
5724,1,1,0.000351111899362877,0.9996383190155029,8.362295375263784e-06,2.091928081426886e-06
5725,0,0,0.9651889801025391,4.0112608985509723e-05,0.033394813537597656,0.0013760729925706983
5726,0,0,0.6518343091011047,2.9808812541887164e-05,0.2934775650501251,0.05465827137231827
5727,3,3,2.0181489901460736e-07,2.0662069832866337e-09,1.4219914135082945e-07,0.9999996423721313
5728,1,1,0.11526045948266983,0.7769593596458435,0.03117292746901512,0.07660716027021408
5729,2,2,2.1763495169579983e-05,2.2884877637352474e-07,0.9999586343765259,1.937973684107419e-05
5730,3,3,8.008889267330233e-07,9.61092752049808e-08,0.0010326053015887737,0.9989664554595947
5731,1,1,5.032558760831307e-07,0.9999986886978149,8.318333755141794e-08,7.48695015317935e-07
5732,0,0,0.9749671816825867,7.701279173488729e-06,0.01045256108045578,0.014572474174201488
5733,3,3,3.7508314107981278e-06,7.856667139094498e-07,0.0003509804664645344,0.99964439868927
5734,1,1,0.0003344262659084052,0.9919800758361816,0.006272568367421627,0.0014128684997558594
5735,1,1,5.360532995268841e-08,0.9999998807907104,7.061501161587103e-09,4.393163888227747e-10
5736,3,3,3.663951019916567e-06,4.3109742442482e-09,0.010760045610368252,0.9892362952232361
5737,3,3,2.8739112167386338e-05,1.4058963770935407e-08,0.17042016983032227,0.829551100730896
5738,3,1,0.11741527915000916,0.6937270164489746,0.06608641147613525,0.1227712407708168
5739,2,2,8.217355684791983e-08,5.15659182021011e-11,0.9999998807907104,4.9629877985069015e-09
5740,0,2,5.709371544071473e-05,2.3273491933650803e-07,0.9977007508277893,0.0022418773733079433
5741,2,2,0.037958648055791855,0.01118545327335596,0.8553094267845154,0.09554646909236908
5742,3,3,0.006882061716169119,4.3183681555092335e-05,0.3185734450817108,0.674501359462738
5743,0,0,0.999987006187439,6.487235850727302e-07,6.588945325347595e-06,5.842773589392891e-06
5744,0,0,0.9999746084213257,8.11062150773978e-09,2.4921879230532795e-05,5.227828978604521e-07
5745,1,0,0.6148663759231567,0.1310405284166336,0.22768685221672058,0.02640625089406967
5746,0,0,0.9887799024581909,0.00011212573008378968,0.007427268661558628,0.00368076772429049
5747,3,3,1.235252511833096e-05,0.0003950266109313816,0.006042425986379385,0.993550181388855
5748,2,2,0.0013071517460048199,9.989663340093102e-06,0.8455304503440857,0.1531524658203125
5749,1,1,0.06467998027801514,0.8676842451095581,0.00028351109358482063,0.06735221296548843
5750,2,2,3.086895230808295e-05,8.988549961941317e-05,0.9998118281364441,6.74981638439931e-05
5751,2,2,0.015333869494497776,0.001230019610375166,0.9686855673789978,0.01475052535533905
5752,3,3,3.190756615367718e-05,7.890174060776189e-07,0.06468284875154495,0.935284435749054
5753,3,3,3.033263965335209e-05,3.3041993585669616e-09,0.005485106259584427,0.9944846034049988
5754,3,3,0.00018398682004772127,2.0698969819932245e-05,0.015292808413505554,0.9845026135444641
5755,2,2,5.343142765923403e-05,3.3279530953223e-07,0.9996471405029297,0.0002991201763506979
5756,2,2,0.013796884566545486,1.8055767213809304e-05,0.9850817918777466,0.0011033075861632824
5757,3,3,5.004138756703469e-07,4.3059682042212444e-08,0.001416275859810412,0.998583197593689
5758,2,2,0.01731100305914879,2.2246119613100745e-07,0.9816976189613342,0.000991147942841053
5759,3,3,1.4829794281467912e-07,2.1923287363279087e-07,0.00022319761046674103,0.9997764229774475
5760,2,2,0.0022710347548127174,3.5059142646787222e-06,0.9974330067634583,0.0002924308064393699
5761,1,1,2.1070472939754836e-05,0.9999783039093018,4.2074219663845724e-07,2.6656738327801577e-07
5762,3,3,1.7575393940205686e-07,2.013922188737194e-11,1.3909900189901236e-05,0.999985933303833
5763,2,2,0.0022130149882286787,6.541488346556434e-07,0.991633415222168,0.006152901332825422
5764,1,1,3.559352990123443e-05,0.9990339279174805,0.0007127336575649679,0.0002178443392040208
5765,1,1,1.8248638298246078e-05,0.9999816417694092,5.475789599529435e-09,1.7213781688951713e-07
5766,2,2,0.0022775256074965,0.0002789271529763937,0.740604043006897,0.25683948397636414
5767,3,3,0.0019031097181141376,1.1292057934042532e-05,0.09642200917005539,0.9016635417938232
5768,3,3,1.0608765478536952e-05,1.2330916843161788e-10,0.0015751781174913049,0.998414158821106
5769,3,3,0.011887503787875175,0.0002710554690565914,0.1442425698041916,0.8435989022254944
5770,0,0,0.9999957084655762,1.195164145428862e-07,3.778594646064448e-07,3.801958200710942e-06
5771,2,2,0.0002736278693191707,0.00011612681555561721,0.9986976385116577,0.0009126384393312037
5772,3,3,4.290858669264708e-06,2.2896735896171805e-10,0.0003470743540674448,0.9996485710144043
5773,2,2,3.3241871278733015e-05,1.224299683855179e-08,0.6295668482780457,0.3703998625278473
5774,3,3,1.7629374269745313e-05,1.1158537063238327e-06,0.006130846217274666,0.9938504695892334
5775,2,2,3.156318655328505e-07,7.147906572191332e-11,0.9999996423721313,5.413240700136157e-08
5776,2,2,9.714336192701012e-05,1.2885934665973764e-06,0.9998884201049805,1.3163409676053561e-05
5777,2,2,7.002678466960788e-05,3.865282906190259e-06,0.9907688498497009,0.009157225489616394
5778,0,0,0.9999713897705078,7.187844630607287e-07,2.418085205135867e-05,3.7295471884135623e-06
5779,3,3,0.004399591591209173,0.00013640364340972155,0.05464635044336319,0.940817654132843
5780,0,0,0.9480100274085999,0.000375171221094206,0.00023024198890198022,0.05138459429144859
5781,1,1,1.5576293321828416e-07,0.9999998807907104,3.9305400600930795e-10,5.463148267104145e-10
5782,3,3,4.18795389123261e-06,5.339322939335034e-08,0.0009198004845529795,0.9990760087966919
5783,3,3,0.0007730744546279311,2.0720224256365327e-06,0.0027974548283964396,0.9964274764060974
5784,1,1,0.010039597749710083,0.9871090650558472,6.99826268828474e-05,0.002781348302960396
5785,2,2,6.272869995882502e-06,7.519382450027479e-09,0.9993765950202942,0.000617120589595288
5786,0,0,0.9999547004699707,3.505379986279422e-09,2.3824937670724466e-05,2.1492100131581537e-05
5787,3,3,9.475639473066622e-08,1.866602566957809e-10,1.3476238791554351e-06,0.9999985694885254
5788,3,3,6.900657808728283e-06,1.751059670596078e-07,6.345321162370965e-05,0.9999295473098755
5789,1,1,2.4894527541619027e-06,0.9999974966049194,2.0416153490021571e-10,2.7814932579417473e-09
5790,1,1,5.920487211596992e-09,1.0,1.0001714123575312e-08,2.1806412675573483e-08
5791,2,2,1.5346240616054274e-05,1.7586127398772078e-07,0.9996209144592285,0.0003635492466855794
5792,3,3,0.0030966498889029026,1.0227465281786863e-05,0.015185152180492878,0.9817080497741699
5793,3,3,6.871136974950787e-07,4.007162957009314e-08,7.254979573190212e-05,0.9999268054962158
5794,3,3,9.005352126223443e-07,5.496626591383613e-12,1.970340157697592e-08,0.9999990463256836
5795,0,0,0.9961756467819214,0.00016704355948604643,0.002121846191585064,0.0015353981871157885
5796,0,0,0.925877571105957,0.004692644812166691,0.050974611192941666,0.018455207347869873
5797,0,3,0.0036540867295116186,8.588314781565742e-11,0.008361675776541233,0.987984299659729
5798,1,1,3.734554775292054e-05,0.9999603033065796,8.746070534471073e-07,1.4593510968552437e-06
5799,0,0,0.9995114803314209,6.116697022662265e-06,0.00017683280748315156,0.0003056364366784692
5800,3,3,1.6022188020770045e-08,1.242705677945155e-11,0.001018012873828411,0.9989818930625916
5801,1,1,3.012434390825547e-08,0.9999998807907104,8.851453969782597e-08,1.3160802225797852e-08
5802,1,1,9.023798156704288e-06,0.9999887943267822,1.0848935971807805e-08,2.1534553980018245e-06
5803,1,1,8.855978194333147e-06,0.9999767541885376,9.14552674657898e-06,5.254769803286763e-06
5804,2,2,6.087063593440689e-05,6.90050327989411e-08,0.9995173215866089,0.00042174794361926615
5805,0,0,0.9966506361961365,0.0009131765691563487,0.0023503596894443035,8.573297964176163e-05
5806,0,0,0.9910564422607422,0.0034303702414035797,0.0036191833205521107,0.0018939388683065772
5807,2,2,1.7467464203946292e-06,1.5939589502522722e-05,0.9995591044425964,0.0004231085767969489
5808,0,0,0.9958555102348328,2.2956685370445484e-06,0.0033569377847015858,0.0007853062706999481
5809,0,0,0.9897386431694031,0.0006411288632079959,0.0035668713971972466,0.006053364835679531
5810,3,3,0.13113297522068024,4.237911923610227e-07,0.0012840075651183724,0.8675826191902161
5811,1,1,0.0001225196901941672,0.9998517036437988,1.7320155166089535e-05,8.434128176304512e-06
5812,0,0,0.9075411558151245,3.932073013857007e-05,0.005964329000562429,0.08645518869161606
5813,2,2,4.5512872020481154e-05,6.251347173247268e-08,0.8943732976913452,0.10558109730482101
5814,2,2,0.00157408625818789,8.324481655108684e-07,0.9948148131370544,0.00361024122685194
5815,0,0,0.9993669390678406,5.954033440502826e-06,0.0001670679048402235,0.0004601291730068624
5816,3,3,0.00016125083493534476,0.00045209017116576433,0.052414052188396454,0.9469726085662842
5817,1,1,0.0016738851554691792,0.9975175857543945,0.0007245494052767754,8.399649959756061e-05
5818,0,0,0.9881308078765869,0.004577195271849632,0.003729927586391568,0.003562068799510598
5819,3,2,0.025818394497036934,0.0004840033652726561,0.7389181852340698,0.23477934300899506
5820,1,1,1.9729110135813244e-05,0.9999796152114868,3.5966246514362865e-07,2.3367687163045048e-07
5821,1,1,1.4084017285753703e-10,1.0,1.412868821937252e-09,3.6867994768208234e-10
5822,0,0,0.9995300769805908,5.718429747503251e-06,0.0001070765356416814,0.00035714852856472135
5823,0,0,0.5763093829154968,0.0016584765398874879,0.1456068605184555,0.2764253616333008
5824,0,0,0.978460967540741,0.0008555037784390152,0.002965073799714446,0.017718568444252014
5825,3,3,2.8405432317413215e-07,2.1460223820213287e-07,0.0029874753672629595,0.9970120191574097
5826,3,3,1.6118179701152258e-05,2.0746075080069204e-08,0.0010497947223484516,0.9989340901374817
5827,0,0,0.9999983310699463,1.099575652752094e-09,1.3266749192553107e-06,3.448983534326544e-07
5828,2,0,0.4414241909980774,0.008260805159807205,0.44103655219078064,0.10927838087081909
5829,3,3,0.1989339292049408,1.976872590603307e-05,0.0021845714654773474,0.7988617420196533
5830,2,3,0.016163961961865425,7.624648333148798e-06,0.41746944189071655,0.5663589835166931
5831,3,3,0.0005069642793387175,1.81842338520255e-07,8.621101005701348e-05,0.9994065761566162
5832,1,1,2.1686332729586866e-06,0.9999818801879883,1.5308347428799607e-05,5.599602559414052e-07
5833,0,0,0.9999080896377563,8.476159223391733e-07,8.099424303509295e-05,1.0102093256136868e-05
5834,2,2,0.0023655532859265804,0.0021915538236498833,0.9704214334487915,0.02502140961587429
5835,2,3,8.82884778548032e-05,2.6556852272818787e-09,0.40464264154434204,0.5952690839767456
5836,2,2,1.4888795476508676e-06,2.760095485498937e-09,0.9998393058776855,0.00015924173931125551
5837,2,2,0.016036994755268097,0.003298896597698331,0.9669309854507446,0.013733047060668468
5838,1,1,3.700874329215509e-11,1.0,4.735307701508873e-10,1.9151450203480636e-08
5839,2,2,0.0350789837539196,0.00010854526044568047,0.7219457030296326,0.24286678433418274
5840,2,2,0.00020054126798640937,5.715995030186605e-06,0.9979389309883118,0.0018547098152339458
5841,1,2,0.0060996972024440765,0.002552876714617014,0.8711495995521545,0.12019786238670349
5842,2,2,0.001278188545256853,6.066153673600638e-06,0.9984373450279236,0.00027837525703944266
5843,2,2,0.002261888235807419,1.2281474482733756e-05,0.9975979924201965,0.00012779406097251922
5844,1,1,1.8041727400941454e-07,0.9999997615814209,3.1407860756615946e-09,9.01448249379655e-09
5845,3,3,0.007216199301183224,2.749729617335106e-07,0.3957638144493103,0.5970196723937988
5846,3,3,0.0005049803876318038,7.72689872974297e-07,0.0024690001737326384,0.997025191783905
5847,3,3,0.0007765923510305583,1.9026032532565296e-05,0.014226208440959454,0.984978199005127
5848,3,3,0.0006813512300141156,7.975630822443236e-09,0.1061566099524498,0.8931620121002197
5849,3,3,0.0021056325640529394,2.879900478092168e-07,9.65480285231024e-05,0.9977976083755493
5850,2,2,0.00020238191063981503,9.216595208272338e-05,0.9983580708503723,0.0013474575243890285
5851,2,2,5.664586296916241e-06,1.734719319301803e-07,0.5924528241157532,0.4075413644313812
5852,3,3,1.9067263110628119e-06,1.4627264022237796e-07,6.1716687014268246e-06,0.999991774559021
5853,3,3,9.232200682163239e-05,1.3574521062764688e-06,0.00375566678121686,0.9961507320404053
5854,3,3,4.011337484399746e-09,9.997376260173496e-10,4.17721184930997e-06,0.9999958276748657
5855,0,0,0.9772893190383911,0.004232629202306271,0.013917980715632439,0.004559999331831932
5856,2,2,0.0062355645932257175,1.7713275610731216e-06,0.9095850586891174,0.08417762815952301
5857,3,3,3.2368851066166826e-07,8.34975644181668e-10,4.181737949693343e-06,0.9999954700469971
5858,3,3,0.0005901685799472034,8.121568498609122e-06,0.001919960486702621,0.9974817633628845
5859,1,1,0.16912202537059784,0.7256255149841309,0.07923629134893417,0.026016151532530785
5860,3,3,7.921896667539841e-07,2.2181100706175627e-11,2.238317028968595e-05,0.9999768733978271
5861,3,3,1.1002931010750672e-08,7.506427771031277e-12,0.0008734575822018087,0.9991264939308167
5862,2,3,9.103430056711659e-05,3.0123668892656497e-08,0.05117174610495567,0.9487372040748596
5863,3,3,0.001436095917597413,9.881818918699992e-09,0.00010917762119788677,0.9984546899795532
5864,3,3,0.00015940905723255128,0.0014821981312707067,0.013053548522293568,0.9853048920631409
5865,2,2,5.0082562665920705e-05,8.112024806905538e-05,0.9998651742935181,3.6144103887636447e-06
5866,3,2,0.009766750037670135,1.7698332158033736e-05,0.6881164312362671,0.3020991384983063
5867,2,2,0.00023312251141760498,6.277645070440485e-07,0.941412627696991,0.058353617787361145
5868,3,3,1.7080016050385893e-06,2.705919488477093e-09,6.582747300853953e-05,0.9999324083328247
5869,2,2,0.0012371295597404242,3.5865271001966903e-06,0.5172252058982849,0.48153412342071533
5870,0,0,0.9715718626976013,1.755021912686061e-05,4.893902951152995e-05,0.028361516073346138
5871,2,2,1.3071831745037343e-05,4.2255217103104314e-09,0.6080831289291382,0.3919037878513336
5872,1,1,2.7647825845633633e-05,0.9999719858169556,1.0551764972888122e-07,2.793685780488886e-07
5873,0,0,0.8872503042221069,0.10108364373445511,0.0015026576584205031,0.010163433849811554
5874,0,3,0.4828323423862457,0.0017685377970337868,0.00674508698284626,0.508653998374939
5875,3,3,1.5090125998540316e-05,0.010161376558244228,0.0005393157480284572,0.9892842173576355
5876,3,3,9.853025403572246e-06,1.6521858325901917e-09,0.002438221825286746,0.9975519776344299
5877,1,1,0.0005799364880658686,0.9971259236335754,0.0012419027043506503,0.0010521758813410997
5878,0,0,0.9999991655349731,3.727065589487211e-08,1.1799065191553382e-07,6.380412855833129e-07
5879,0,0,0.998661994934082,1.4170751683195704e-07,0.000508953642565757,0.0008289528195746243
5880,3,3,1.981721027277672e-07,5.977530970202594e-11,2.5584096619013508e-08,0.9999997615814209
5881,1,1,0.00250644120387733,0.9974910020828247,6.299134156506625e-07,1.8778770254357369e-06
5882,1,1,3.3345181691402104e-06,0.9999959468841553,4.422013546445669e-07,2.1995059285018215e-07
5883,2,2,0.0007744983886368573,5.998407459628652e-07,0.9992081522941589,1.6801763194962405e-05
5884,0,2,0.018702087923884392,0.0022232045885175467,0.9499691128730774,0.029105592519044876
5885,0,0,0.9997677206993103,2.8206611659697955e-06,0.0002019520616158843,2.7525407858774997e-05
5886,0,2,0.0044321115128695965,2.755687091848813e-06,0.9952399730682373,0.0003251529415138066
5887,1,1,1.5894417515482928e-07,0.9999998807907104,2.8479065772302192e-09,6.692232878968696e-11
5888,0,0,0.9996138215065002,8.423686813330278e-05,0.000273585959803313,2.8381762604112737e-05
5889,0,0,0.9999947547912598,8.204126800137601e-08,9.365910500491736e-07,4.263594746589661e-06
5890,3,2,0.04319141060113907,0.0009919931180775166,0.5469270944595337,0.4088894724845886
5891,0,0,0.998785674571991,4.791427727468545e-06,0.0002994215756189078,0.0009101525065489113
5892,0,1,0.1500527411699295,0.8498185276985168,4.71503590233624e-05,8.155292744049802e-05
5893,2,2,0.003041848074644804,1.8051741790259257e-06,0.9886295795440674,0.00832677073776722
5894,0,0,0.9974170923233032,6.955891149118543e-05,0.0004864896764047444,0.0020267427898943424
5895,3,3,0.0015453853411599994,1.0268191630302681e-08,0.0006079523591324687,0.9978467226028442
5896,3,3,2.5713114155223593e-05,2.468849125136785e-09,0.040224589407444,0.959749698638916
5897,0,0,0.9999181032180786,4.20277757484655e-07,4.087184788659215e-05,4.064337190357037e-05
5898,1,1,8.62210708874045e-06,0.9999812841415405,9.955474524758756e-06,7.954078284910793e-08
5899,3,3,2.882904482248705e-06,8.368787433876701e-12,0.056456129997968674,0.9435409903526306
5900,2,0,0.9995220899581909,8.642604370834306e-05,0.0003013235982507467,9.011518704937771e-05
5901,2,3,2.0948422388755716e-05,1.9682990792802e-09,0.23543941974639893,0.7645395994186401
5902,3,0,0.6547661423683167,0.2529679238796234,0.055318087339401245,0.036947835236787796
5903,3,3,0.0018528166692703962,0.0017922715051099658,0.10783877223730087,0.8885161280632019
5904,1,1,0.0013263080036267638,0.9595116972923279,0.033345721662044525,0.00581624498590827
5905,1,1,4.576746050588554e-06,0.9999790191650391,5.7662587096274365e-06,1.0611590369080659e-05
5906,3,3,4.653971700463444e-05,2.8558717986015836e-06,0.030826544389128685,0.9691240787506104
5907,2,2,0.0011402900563552976,1.925758806464728e-05,0.9987643957138062,7.60792099754326e-05
5908,1,1,0.0005629307706840336,0.998755931854248,0.00021498675050679594,0.0004660866397898644
5909,0,0,0.9999996423721313,1.310031083612273e-09,8.778159532596419e-09,3.3683889455460303e-07
5910,0,0,0.9994879961013794,7.909985697551747e-07,2.1356157958507538e-05,0.0004898958140984178
5911,3,3,1.489187752667931e-06,4.591173819790129e-06,0.023050548508763313,0.9769434332847595
5912,3,3,8.296919986605644e-06,4.062500735813046e-08,1.7665694031165913e-05,0.9999740123748779
5913,0,0,0.9999998807907104,6.584189637948157e-09,4.5108109247848915e-08,8.231897652422049e-08
5914,1,1,1.7014428976835916e-07,0.9999994039535522,1.9283919527879334e-07,1.9016424346318672e-07
5915,2,2,0.0005620014853775501,4.099301875726269e-08,0.9994058609008789,3.2068775908555835e-05
5916,0,0,0.6609807014465332,1.1804702353401808e-06,0.3389398753643036,7.82143761171028e-05
5917,3,3,0.006208041217178106,0.0024637472815811634,0.2010398954153061,0.7902882695198059
5918,3,3,1.979902435778058e-06,1.5245791473716963e-07,9.778620551514905e-06,0.9999880790710449
5919,2,2,0.0026511610485613346,6.447750706684019e-07,0.9967511892318726,0.0005970858037471771
5920,0,0,0.8259355425834656,9.580200099890135e-08,0.04699192941188812,0.12707237899303436
5921,2,2,0.0005987646873109043,2.481333831383381e-05,0.9986044764518738,0.0007719645509496331
5922,0,3,0.10670380294322968,6.679466878267704e-06,0.049686726182699203,0.8436028361320496
5923,2,2,6.086858411435969e-05,0.00015502968744840473,0.9905468225479126,0.009237345308065414
5924,3,3,3.4880489693023264e-05,5.166730829841981e-07,0.09423889219760895,0.9057257175445557
5925,2,2,8.467110035326186e-08,7.827506642854587e-09,0.9999628067016602,3.701835157698952e-05
5926,3,3,6.127259985078126e-05,8.599625289207324e-05,0.0003167893155477941,0.9995359182357788
5927,0,0,0.9999544620513916,2.6437441125182204e-09,3.7887314618956225e-08,4.5568634959636256e-05
5928,0,0,0.8637376427650452,0.0005228369263932109,0.1121574267745018,0.023582149296998978
5929,0,0,0.8542599678039551,9.651400614529848e-05,0.03304782509803772,0.11259574443101883
5930,3,3,5.1053648348897696e-06,6.697412846534689e-09,2.1526799173443578e-05,0.9999734163284302
5931,3,3,0.00038094495539553463,0.0004129351582378149,0.0038980278186500072,0.9953081011772156
5932,2,2,0.007325191982090473,0.0004730455984827131,0.9914279580116272,0.0007738273125141859
5933,2,2,0.027023911476135254,4.1480620893707965e-06,0.960800290107727,0.012171586975455284
5934,2,2,1.2831329513574019e-05,9.407098104929901e-07,0.9999309778213501,5.524128573597409e-05
5935,0,3,0.013009666465222836,9.759110071172472e-07,0.0073240953497588634,0.9796653389930725
5936,2,2,7.047940016491339e-05,1.4438013806739036e-07,0.9886627793312073,0.011266589164733887
5937,2,1,0.09801311045885086,0.7589945197105408,0.10938461124897003,0.03360768035054207
5938,0,0,0.9989354014396667,0.001036674017086625,6.673405550827738e-06,2.12439481401816e-05
5939,0,0,0.6994451880455017,0.00011516976519487798,0.2932392954826355,0.007200330961495638
5940,2,2,0.00038353842683136463,3.752879274543375e-05,0.9985828399658203,0.0009960532188415527
5941,0,1,0.36573344469070435,0.5691922903060913,0.061431463807821274,0.003642844036221504
5942,2,2,8.876546075953229e-07,1.8193948569944496e-09,0.9999978542327881,1.2607792996277567e-06
5943,2,2,1.2635256041448883e-07,2.1100463390433255e-11,0.9999998807907104,1.4503027223611298e-08
5944,3,3,3.0825538033241173e-07,1.8539975110698492e-09,6.3656943893874995e-06,0.9999933242797852
5945,0,0,0.9954648613929749,1.151648909569758e-08,5.066103403805755e-05,0.0044844988733530045
5946,2,2,2.03165636776248e-05,1.775717919372255e-07,0.9998189806938171,0.00016054711886681616
5947,3,3,1.4242742508940864e-05,1.4155226381262764e-05,6.827928882557899e-05,0.9999033212661743
5948,1,1,1.5268488695596716e-08,1.0,7.3849362181022116e-09,1.7275504360370064e-09
5949,1,1,0.0012501085875555873,0.9986059069633484,4.495603570831008e-05,9.903046884573996e-05
5950,2,2,4.371528575575212e-06,4.48503169536707e-06,0.9999771118164062,1.4041137546882965e-05
5951,0,0,0.9999792575836182,1.7715029443365893e-09,9.910609151120298e-06,1.0846645636775065e-05
5952,2,2,1.0961483809523997e-07,1.0030582267561705e-11,0.9999997615814209,7.704442595013461e-08
5953,0,0,0.9858023524284363,6.838859553681687e-05,0.012502837926149368,0.0016263953875750303
5954,1,1,1.0647180204159667e-07,0.9999998807907104,6.262512036725454e-11,1.0544447981430949e-08
5955,2,2,0.1723266988992691,6.918640428921208e-05,0.5553826093673706,0.27222153544425964
5956,0,0,0.8554138541221619,9.677017806097865e-05,0.14233775436878204,0.00215159822255373
5957,1,1,6.954644504730823e-07,0.9999992847442627,1.5391649066387458e-10,3.995299091563709e-10
5958,0,0,0.9993306398391724,8.672083606775516e-10,0.000669055269099772,3.60022511358693e-07
5959,1,1,0.0006151712732389569,0.9993727803230286,1.13255521227984e-06,1.0975913937727455e-05
5960,3,3,0.002366353990510106,0.013025564141571522,0.10908496379852295,0.8755231499671936
5961,0,0,0.9999992847442627,1.2272112492883736e-10,2.612447591587852e-09,7.172440064096008e-07
5962,2,2,2.3296250219573267e-05,1.1235727015446173e-07,0.9915756583213806,0.008400955237448215
5963,1,1,1.649697537686734e-06,0.9999951124191284,6.642973175985389e-07,2.678762712093885e-06
5964,3,3,0.001459623803384602,0.0016837457660585642,0.01436398271471262,0.9824926853179932
5965,0,0,0.9871177077293396,1.1944469235913857e-07,0.012833865359425545,4.8381749365944415e-05
5966,1,1,0.0008807383710518479,0.9990010857582092,5.36944708073861e-06,0.00011281645856797695
5967,1,1,2.5484299115419162e-09,1.0,3.739380360912037e-08,6.568304233844913e-11
5968,3,3,0.40609169006347656,7.021158671705052e-05,0.0010077205952256918,0.5928303599357605
5969,2,2,0.008427015505731106,4.1276722186012194e-05,0.9688174724578857,0.022714225575327873
5970,1,1,1.3574306194641395e-06,0.9999984502792358,2.282441045053929e-07,1.9427611519517995e-08
5971,2,2,0.0041037071496248245,3.105466748820618e-05,0.9914831519126892,0.004382127895951271
5972,0,0,0.62779301404953,3.271821071848535e-07,0.37100791931152344,0.0011987386969849467
5973,0,0,0.602003812789917,0.0002387489948887378,0.031701989471912384,0.366055428981781
5974,0,0,0.995200514793396,2.876560938602779e-05,0.0033840492833405733,0.001386667019687593
5975,1,1,0.0454711988568306,0.8538557291030884,0.01706746593117714,0.08360566943883896
5976,1,1,0.00018645271484274417,0.9998120665550232,1.0593004162728903e-07,1.3976361969980644e-06
5977,1,1,0.0005164493923075497,0.9994825124740601,3.7573030908788496e-07,5.941892595728859e-07
5978,2,2,2.0381089882448578e-07,2.378505448152879e-10,0.9999994039535522,3.9408436691701354e-07
5979,2,2,0.003167634829878807,0.00443751597777009,0.9917026162147522,0.0006922411266714334
5980,1,1,2.509026231223288e-08,0.9999997615814209,2.0920549737013516e-09,2.7776877686847e-07
5981,0,2,0.15694621205329895,1.7812411101658654e-08,0.7969973683357239,0.04605642706155777
5982,0,0,0.9841219186782837,4.209612961858511e-05,0.011361355893313885,0.004474531393498182
5983,3,3,2.4152834157575853e-05,8.437533338678804e-09,0.0019533494487404823,0.9980225563049316
5984,0,0,0.9999892711639404,4.342952877323114e-07,6.235182148373042e-09,1.0303413546353113e-05
5985,0,0,0.9864860773086548,2.16519802052062e-05,0.0024743911344558,0.01101794745773077
5986,2,2,0.00010603835107758641,4.773325144924456e-06,0.9997928738594055,9.624150698073208e-05
5987,2,2,0.00274113891646266,2.0184970708214678e-06,0.9880366325378418,0.0092201828956604
5988,3,3,0.020170826464891434,0.0028863518964499235,0.0735514834523201,0.9033913016319275
5989,0,0,1.0,6.030749510888e-11,6.238522719248518e-12,2.556930667196866e-09
5990,1,1,2.5318400709295474e-09,0.9999996423721313,1.101994868690781e-07,2.004912431630146e-07
5991,0,0,0.9999998807907104,2.8694109310833937e-09,1.394895449147171e-10,1.1180560477441759e-07
5992,0,0,1.0,7.021203757284766e-11,6.88074797139393e-09,3.6762560995384774e-08
5993,0,0,0.9996718168258667,6.462470878432214e-07,0.00021850252232979983,0.00010893389116972685
5994,2,2,0.0007628521416336298,2.0855702587141423e-07,0.9992291927337646,7.74624368204968e-06
5995,2,2,0.012129652313888073,0.0001195689183077775,0.9760309457778931,0.011719861999154091
5996,2,2,0.0005976528045721352,0.014270629733800888,0.9833123087882996,0.0018193777650594711
5997,1,1,7.178619125625119e-05,0.9997770190238953,0.0001467477559344843,4.411588179209502e-06
5998,2,2,1.903890552057419e-05,1.7597314581507817e-05,0.9999133348464966,4.9984002544078976e-05
5999,1,1,1.411275889040553e-06,0.9999985694885254,7.820045766493422e-08,1.26417598611539e-09
6000,2,2,4.625896053767065e-06,9.509022902420838e-09,0.9999873638153076,7.97312895883806e-06
6001,2,2,0.00012717339268419892,0.00042755622416734695,0.7751256823539734,0.22431963682174683
6002,0,0,0.9999815225601196,5.4390163484185905e-08,1.7031268725986592e-05,1.3196683994465275e-06
6003,3,3,0.0016282354481518269,9.624809393926625e-09,0.024177327752113342,0.9741944074630737
6004,1,1,3.581725468393415e-05,0.9822238087654114,0.0011575863463804126,0.016582798212766647
6005,2,2,5.1586875997600146e-06,1.7075716414183262e-06,0.9985106587409973,0.0014825097750872374
6006,2,0,0.9797889590263367,0.00020609781495295465,0.019320450723171234,0.000684470753185451
6007,1,1,0.00010552562162047252,0.8988727927207947,0.08136431127786636,0.019657345488667488
6008,3,3,3.8073161704232916e-05,2.45330227244267e-07,0.020597385242581367,0.9793643355369568
6009,3,3,0.025769108906388283,8.740483463043347e-05,0.13336040079593658,0.8407830595970154
6010,2,2,0.0006394140655174851,7.086279765644576e-06,0.9992871880531311,6.626366666750982e-05
6011,3,3,0.0004705892351921648,4.919166185501922e-10,0.0021991748362779617,0.9973301887512207
6012,0,0,0.972593367099762,0.0006154022994451225,0.020992659032344818,0.005798582453280687
6013,2,2,8.38583946460858e-06,2.68930193669803e-07,0.930110514163971,0.06988085061311722
6014,3,3,2.114762310156948e-06,6.96002255828887e-10,0.005663477815687656,0.9943344593048096
6015,2,2,5.28930286236573e-07,1.496880674967116e-10,0.9999995231628418,3.250998048542897e-08
6016,3,3,0.0001265758473891765,1.1038219582815145e-07,0.08789282292127609,0.9119804501533508
6017,3,3,0.0001844552461989224,2.3405249960362084e-11,0.0003829550405498594,0.9994326233863831
6018,3,3,0.00015046705084387213,2.940488386116158e-08,0.007458532229065895,0.992391049861908
6019,1,1,0.00011924730642931536,0.9998772144317627,1.6599504704117862e-07,3.3358396649418864e-06
6020,3,3,3.99267410102766e-05,2.050405817355383e-10,0.0014976371312513947,0.998462438583374
6021,2,2,0.002675276715308428,5.7062683467279385e-09,0.99650639295578,0.0008182045421563089
6022,2,3,2.4256858068838483e-06,1.5146159057621844e-05,0.22122518718242645,0.7787572741508484
6023,2,2,0.0006455599796026945,0.0006697025382891297,0.9803671836853027,0.018317490816116333
6024,2,2,0.003023693570867181,1.4885461041558301e-06,0.9283071160316467,0.06866784393787384
6025,2,2,0.005209091119468212,0.0006240785587579012,0.9900326728820801,0.004134229384362698
6026,3,3,2.3450002117897384e-05,2.0718456117396755e-10,0.000264745089225471,0.999711811542511
6027,2,2,2.538544947583432e-07,9.924090195456703e-12,0.9999997615814209,5.548391612819614e-08
6028,2,3,0.37638869881629944,3.1917074920784216e-06,0.07504232972860336,0.5485657453536987
6029,1,1,8.381404086321709e-07,0.9999957084655762,3.809312829616829e-07,3.0619712561019696e-06
6030,3,2,0.00022561174409929663,0.00012893546954728663,0.7412952184677124,0.2583501935005188
6031,3,3,3.051492512895493e-06,5.459471208446587e-10,0.015156924724578857,0.9848399758338928
6032,0,0,0.9999879598617554,5.154687343633668e-09,7.338319107930147e-08,1.1963625183852855e-05
6033,1,1,5.204755325394217e-06,0.9999710321426392,5.41169720236212e-06,1.83770516741788e-05
6034,3,3,0.00013034403673373163,2.262194129798445e-07,0.00044504235847853124,0.9994244575500488
6035,3,2,9.157357271760702e-05,2.858600112176646e-07,0.8310006260871887,0.16890758275985718
6036,3,3,4.728883141069673e-06,1.9950670449020436e-08,0.0002810157311614603,0.999714195728302
6037,2,2,0.0011784381931647658,0.0006635985337197781,0.9633463621139526,0.034811556339263916
6038,3,3,9.478356514591724e-05,2.0225661501172e-06,0.0033139206934720278,0.9965893030166626
6039,1,1,1.4556106009422365e-07,0.9999998807907104,5.640861555633592e-09,2.8080153313680967e-08
6040,1,1,8.067980949988396e-09,1.0,1.6426973559191538e-08,1.2842472640883784e-09
6041,0,0,0.9846096038818359,0.0004840445180889219,0.009140979498624802,0.005765313282608986
6042,2,2,0.007202783599495888,6.500665676867357e-07,0.9927801489830017,1.6367512216675095e-05
6043,2,2,0.16488642990589142,0.0015973111148923635,0.6024782061576843,0.23103809356689453
6044,0,0,0.6503541469573975,0.0003695158229675144,0.011318712495267391,0.33795762062072754
6045,0,0,0.9606263637542725,5.414987754193135e-06,0.0150656308978796,0.024302570149302483
6046,0,0,0.9855263233184814,1.854972833825741e-05,0.012662000954151154,0.0017931419424712658
6047,0,0,0.9997177720069885,1.2158686502061755e-07,1.4076957768338616e-06,0.0002806562406476587
6048,0,0,0.9999904632568359,3.394726277861082e-08,1.2698696991719771e-06,8.213017281377688e-06
6049,2,2,0.010212980210781097,0.00015558194718323648,0.945445716381073,0.04418572783470154
6050,2,2,0.027131525799632072,0.0014925498981028795,0.9655526876449585,0.005823196843266487
6051,2,2,0.30446115136146545,0.004851026460528374,0.5144259333610535,0.17626187205314636
6052,1,1,0.000991462729871273,0.9990078806877136,3.774764820718701e-07,3.656639364635339e-07
6053,2,2,1.9879269075318007e-06,1.1932110854928624e-09,0.9999978542327881,1.0240385250881445e-07
6054,2,2,0.0001805563224479556,1.259892542293528e-06,0.9988676309585571,0.00095056660939008
6055,3,3,9.966782954506925e-07,2.806201848670753e-08,0.0017422421369701624,0.9982567429542542
6056,1,1,2.019603743974585e-05,0.9999791383743286,5.152023163645936e-07,6.12029893432009e-08
6057,1,1,0.00787646509706974,0.9721612334251404,0.007472016848623753,0.012490393593907356
6058,0,2,0.019131027162075043,0.000769392354413867,0.9769565463066101,0.0031430658418685198
6059,3,3,1.4459074293426966e-07,1.3356133690342609e-12,0.0009850052883848548,0.9990148544311523
6060,1,1,0.00021535066480282694,0.9997304081916809,2.514149855414871e-05,2.9114127755747177e-05
6061,0,0,0.9999231100082397,3.109441024662374e-07,2.827085518219974e-05,4.838037784793414e-05
6062,3,3,4.313138560974039e-06,3.562331869488844e-07,0.00011655046546366066,0.9998787641525269
6063,3,3,0.022441599518060684,0.0009356579976156354,0.007342590019106865,0.9692801833152771
6064,2,0,0.4394942820072174,0.3002971410751343,0.259599894285202,0.0006086485227569938
6065,0,0,0.9699944257736206,0.019080696627497673,0.006531901657581329,0.004392900504171848
6066,2,2,8.885252356094497e-08,2.1983432851868656e-09,0.9999945163726807,5.417158718046267e-06
6067,2,2,0.24520589411258698,4.062923835590482e-05,0.7482224702835083,0.006530987098813057
6068,3,2,0.004598187282681465,8.239764071049649e-08,0.9272769093513489,0.06812483817338943
6069,2,2,0.055788371711969376,8.015977982722688e-06,0.9440966844558716,0.00010692956857383251
6070,2,2,0.00143577647395432,4.905222681372834e-07,0.9875701069831848,0.010993636213243008
6071,3,3,0.005900416057556868,0.00046439983998425305,0.0008025334100238979,0.9928326606750488
6072,2,2,0.20343729853630066,0.029360827058553696,0.6731374859809875,0.0940643772482872
6073,1,1,1.1442098184488714e-06,0.9999765157699585,1.931329461513087e-05,3.0004339350853115e-06
6074,2,2,0.009913126938045025,9.99226267595077e-06,0.9900486469268799,2.825645060511306e-05
6075,0,0,0.9999998807907104,6.254034445873913e-08,2.1580676135002363e-10,3.103823686956275e-08
6076,1,1,1.4545881867888966e-06,0.9999985694885254,1.1099479557685754e-08,5.228430466353018e-10
6077,1,1,1.8636175809660926e-05,0.9999595880508423,9.276586752093863e-06,1.248399985342985e-05
6078,3,3,5.410493486124324e-06,2.1323154353325435e-09,0.03811566159129143,0.9618789553642273
6079,2,2,0.001797121949493885,2.0539018805720843e-05,0.9953247308731079,0.0028576001059263945
6080,3,3,0.03278065845370293,0.003831303445622325,0.07700688391923904,0.886381208896637
6081,3,3,0.0008216109126806259,0.00030236676684580743,0.4080614745616913,0.5908145308494568
6082,3,2,0.00010535998444538563,5.90399304201128e-06,0.931493878364563,0.06839486211538315
6083,2,2,0.0009109571110457182,0.0001063447052729316,0.9961829781532288,0.002799660200253129
6084,2,3,7.232340522023151e-06,6.980718808335951e-06,0.014498747885227203,0.9854871034622192
6085,3,3,4.694363087764941e-05,1.2968846476724138e-06,0.015978829935193062,0.9839729070663452
6086,3,3,0.01235103327780962,4.4337102167446574e-07,0.0066790892742574215,0.9809694290161133
6087,1,1,5.428098006632354e-07,0.9999724626541138,8.008691111172084e-06,1.9010945834452286e-05
6088,3,3,2.618605867610313e-05,2.46121260261134e-07,0.029841480776667595,0.9701321125030518
6089,0,1,0.09869076311588287,0.8705260753631592,0.02501094341278076,0.005772144068032503
6090,1,1,3.520193203598865e-08,0.9999997615814209,1.4417203431094094e-07,2.426586576120826e-08
6091,2,2,0.0007243728032335639,0.0018879992421716452,0.9384487867355347,0.058938778936862946
6092,1,1,0.000360789243131876,0.9996175765991211,3.176932068527094e-06,1.8429005649522878e-05
6093,0,0,0.4657113552093506,0.11208874732255936,0.4169272780418396,0.005272587761282921
6094,3,3,0.00024867619504220784,6.86001953908999e-07,0.043435607105493546,0.9563150405883789
6095,3,3,0.0858156755566597,0.0010984401451423764,0.12174832820892334,0.7913374900817871
6096,2,2,0.033827900886535645,0.00010558446956565604,0.9421790242195129,0.023887449875473976
6097,3,3,0.00026997149689123034,5.948743275752122e-09,0.06963037699460983,0.9300996661186218
6098,0,0,0.9998120665550232,1.6105015674838796e-05,2.427224717393983e-05,0.0001474875316489488
6099,0,0,0.8647369146347046,0.0006297814543358982,0.056109871715307236,0.07852335274219513
6100,2,3,0.0003403551527298987,3.68162773156655e-07,0.0051493109203875065,0.9945099353790283
6101,2,2,1.0944970199489035e-05,5.871732355444692e-06,0.9812220931053162,0.01876101829111576
6102,1,1,5.685094492946519e-06,0.9999939203262329,3.4920120128845156e-08,3.1866636618360644e-07
6103,2,2,0.00021490917424671352,5.598831620545752e-08,0.9869982004165649,0.012786825187504292
6104,2,0,0.8049548864364624,9.024726750794798e-05,0.1893720179796219,0.005582867655903101
6105,2,3,0.0003250335284974426,3.4333589837842737e-07,0.48978638648986816,0.5098881721496582
6106,1,1,1.8417260889691534e-06,0.9999960660934448,2.1716103049129742e-07,1.8510655763748218e-06
6107,0,0,0.9999998807907104,1.858898590612057e-10,1.7043790379034363e-08,1.0547550743922329e-07
6108,0,0,0.7908646464347839,2.583228422281536e-07,0.20686745643615723,0.002267625881358981
6109,2,2,0.000254987709922716,5.448269803309813e-05,0.9996820688247681,8.430493835476227e-06
6110,3,3,0.4394545257091522,4.196301233605482e-05,0.10970547795295715,0.45079806447029114
6111,1,1,5.348441845853813e-05,0.9998430013656616,9.730111196404323e-05,6.158898941066582e-06
6112,3,3,6.209340790519491e-05,2.2920801256987033e-06,0.010849838145077229,0.989085853099823
6113,2,2,0.0257568322122097,0.00019982548838015646,0.5675816535949707,0.4064616858959198
6114,0,0,0.9597311615943909,0.0003005425678566098,0.0015190105186775327,0.038449279963970184
6115,3,2,0.1604665219783783,5.358353405426897e-07,0.7112286686897278,0.12830425798892975
6116,2,2,0.03915673866868019,0.001051470055244863,0.6857793927192688,0.27401238679885864
6117,2,2,0.0070765670388937,1.68824026332004e-05,0.9894360303878784,0.003470520256087184
6118,1,1,2.0343539119949128e-07,0.9999977350234985,1.5340440313593717e-06,4.404659819101653e-07
6119,0,0,0.991849422454834,0.0021111536771059036,0.004524264484643936,0.0015151447150856256
6120,0,0,0.9999035596847534,1.073749444913119e-05,3.321988697280176e-05,5.2471921662800014e-05
6121,1,1,2.3139501426072684e-09,1.0,2.4165366596662352e-08,7.395108969632247e-10
6122,2,2,9.187608520733193e-05,2.4061078462978003e-08,0.9951223731040955,0.004785744473338127
6123,0,0,0.999742329120636,2.8171552912681364e-05,0.0002157880662707612,1.3645862054545432e-05
6124,2,2,0.002566118258982897,8.364765380974859e-05,0.9936882853507996,0.00366191822104156
6125,3,3,5.608503124676645e-05,7.882111958679161e-07,0.013371922075748444,0.9865711331367493
6126,3,3,0.00017257302533835173,4.6280743504212296e-07,0.3212091624736786,0.6786177754402161
6127,1,1,3.265592022216879e-05,0.999854564666748,7.508772978326306e-05,3.7618898204527795e-05
6128,1,1,0.00013776366540696472,0.9979450106620789,0.000171191684785299,0.0017460669623687863
6129,3,3,2.1134461292149354e-07,2.842510298251e-07,1.0943240340566263e-05,0.9999885559082031
6130,0,0,0.9346196055412292,0.0010667074238881469,0.00012541969772428274,0.06418827921152115
6131,2,2,0.0052232081070542336,2.0626237528631464e-05,0.9937828183174133,0.0009732659673318267
6132,3,3,1.959174551302567e-05,5.643341904892907e-10,0.001153361750766635,0.9988270401954651
6133,0,0,0.6187053322792053,0.15421730279922485,0.022430047392845154,0.20464731752872467
6134,0,0,0.9955958724021912,0.00011051287583541125,0.0007774110417813063,0.003516219090670347
6135,1,1,5.2043951370706054e-08,1.0,1.613709027514787e-10,4.79686201870777e-09
6136,0,0,0.9999822378158569,3.6439040229652164e-08,1.5052831258799415e-05,2.651997874636436e-06
6137,2,2,0.0007888948894105852,0.00011853589239763096,0.915604293346405,0.08348822593688965
6138,2,3,1.9403909391257912e-05,1.3629908153234283e-06,0.35909876227378845,0.6408805251121521
6139,3,3,0.0006574242142960429,2.0924094314977992e-06,0.048366378992795944,0.95097416639328
6140,3,3,0.009713258594274521,0.004415770061314106,0.02919444814324379,0.9566764831542969
6141,3,3,0.0020789289847016335,3.5689074593392434e-06,0.4947875142097473,0.5031299591064453
6142,2,2,9.821041021496058e-05,3.163618748658337e-05,0.9998579025268555,1.2186535968794487e-05
6143,0,0,0.9999517202377319,9.08831765400464e-09,4.062561856699176e-06,4.425699808052741e-05
6144,3,3,2.410222123216954e-06,1.015884265598288e-08,0.057674434036016464,0.9423231482505798
6145,0,0,0.9842207431793213,0.000954425719100982,8.422372047789395e-05,0.01474053505808115
6146,1,1,3.789092488659662e-07,0.9999634027481079,2.455863796058111e-05,1.1663577424769755e-05
6147,1,1,7.09442792867776e-06,0.9999926090240479,1.8314503691385653e-08,2.9519966915358964e-07
6148,1,1,2.3950567992869765e-05,0.9999611377716064,1.0762051715573762e-05,4.196328063699184e-06
6149,0,0,0.9999980926513672,1.526674282104068e-06,1.007579530920566e-08,4.324005260514241e-07
6150,0,1,0.00012841583520639688,0.9998594522476196,5.70173642699956e-06,6.461665634560632e-06
6151,1,1,5.513047653948888e-07,0.9999992847442627,4.745010073747835e-08,1.0390063209797518e-07
6152,1,1,1.681455978541635e-05,0.9999825954437256,2.46187624952654e-07,3.964146912949218e-07
6153,1,1,0.01868388056755066,0.9667887091636658,0.011672567576169968,0.0028548145201057196
6154,3,3,6.9655188781325705e-06,7.635441215923799e-13,5.431745648820652e-06,0.9999876022338867
6155,1,1,0.04173989221453667,0.9555911421775818,0.001664415467530489,0.001004476216621697
6156,1,1,1.6871760522008117e-07,0.9999998807907104,3.2519029691258083e-09,1.0104002079458496e-09
6157,1,1,2.1202176867518574e-06,0.9999978542327881,2.2157836454539392e-08,1.675658722888329e-08
6158,0,0,0.9901732206344604,0.00011438024375820532,0.003045233665034175,0.006667139008641243
6159,0,0,0.994624674320221,1.2998002603126224e-05,0.0041251215152442455,0.0012371329357847571
6160,0,0,0.9988137483596802,0.0009217377519235015,0.00011797195475082844,0.00014651159290224314
6161,2,0,0.8674644827842712,3.231351001886651e-05,0.12523600459098816,0.007267226465046406
6162,1,1,0.0003862451412715018,0.9996115565299988,2.0590107396856183e-06,9.77303571403354e-08
6163,1,1,4.155965871177614e-05,0.9999487400054932,9.408373443875462e-06,1.847694903744923e-07
6164,1,1,3.34336182277184e-05,0.9999586343765259,6.4252017182298005e-06,1.5955793060129508e-06
6165,2,2,0.009265589527785778,0.007083300966769457,0.9619990587234497,0.02165195345878601
6166,0,0,0.9999973773956299,2.889458130539424e-07,1.330594045612088e-06,1.0682430229280726e-06
6167,3,3,0.0006266603013500571,7.969465514179319e-07,4.71149651275482e-05,0.9993253946304321
6168,3,3,0.024098334833979607,0.005719407927244902,0.021989911794662476,0.9481924176216125
6169,2,2,3.703009497257881e-05,1.2378551517144842e-08,0.9995934367179871,0.0003695643099490553
6170,1,1,1.832863017625641e-05,0.9999761581420898,2.4985586151160533e-06,3.0311205136968056e-06
6171,1,1,1.569907368548229e-07,0.9999998807907104,1.0493702573555197e-09,4.546525822490821e-09
6172,1,1,2.2658177556422743e-08,1.0,3.958862571096233e-09,5.7555205046355695e-09
6173,2,2,4.898207862424897e-06,8.47806624904024e-09,0.999906063079834,8.900364628061652e-05
6174,1,1,3.63809995462816e-08,0.9999997615814209,1.3160419598534645e-07,1.471226056537489e-07
6175,0,3,0.3487663269042969,0.007656482048332691,0.1680733561515808,0.4755038022994995
6176,0,0,0.9764705896377563,1.8441274107772188e-07,0.010637795552611351,0.012891379185020924
6177,0,0,0.9927980899810791,0.0001891703432193026,0.0009018161799758673,0.006110819522291422
6178,1,1,0.03156603127717972,0.9285557866096497,0.008003344759345055,0.03187491372227669
6179,1,1,9.233682618514649e-08,0.9999997615814209,1.837090337630798e-07,3.409195059589365e-08
6180,2,3,0.003412446705624461,0.0023085433058440685,0.33351293206214905,0.6607660055160522
6181,2,2,0.17917661368846893,0.07882535457611084,0.725614070892334,0.01638399437069893
6182,1,1,0.00011813163291662931,0.999866247177124,1.4661584827990737e-05,9.490958632341062e-07
6183,2,2,0.008624758571386337,6.163603671893725e-08,0.9912750720977783,9.998997848015279e-05
6184,1,1,5.399650149229274e-07,0.9999994039535522,3.5995419978007703e-08,5.749262843579572e-09
6185,2,1,0.03143038973212242,0.9070717692375183,0.053911659866571426,0.007586200255900621
6186,1,1,0.0032136288937181234,0.9966363906860352,0.00013194864732213318,1.8032360458164476e-05
6187,1,1,1.0498646588530391e-05,0.9993305206298828,5.494569268194027e-05,0.0006041447632014751
6188,1,1,3.6456213603486276e-09,1.0,2.637577101172184e-10,9.77266600976634e-10
6189,0,0,0.9974997639656067,1.6650221368763596e-05,0.0023428474087268114,0.00014074111822992563
6190,1,1,2.4145626866811654e-06,0.9999866485595703,2.182199523304007e-06,8.750102097110357e-06
6191,0,0,0.9999356269836426,1.5372826567272568e-07,1.065919946086069e-06,6.318078521871939e-05
6192,2,2,0.0024341163225471973,3.467315309535479e-06,0.955271303653717,0.042291056364774704
6193,2,2,0.013833602890372276,7.054331945255399e-07,0.983673095703125,0.002492571482434869
6194,1,1,2.041686911979923e-06,0.9999961853027344,1.3750340031037922e-06,4.0244245269605017e-07
6195,1,1,7.736036059213802e-05,0.9900743365287781,6.809033038734924e-06,0.009841468185186386
6196,2,2,0.01178221870213747,0.00014125015877652913,0.9848464727401733,0.00323007395491004
6197,0,0,0.9929643869400024,0.0029203288722783327,0.00028248369926586747,0.003832852700725198
6198,1,1,0.0004913769080303609,0.999479353427887,2.0156232949375408e-06,2.729286097746808e-05
6199,1,1,9.471272278460674e-06,0.9999904632568359,3.859749853063477e-09,1.4823170602085156e-07
6200,3,3,9.99738181128862e-10,2.220186924931089e-13,3.720049107869272e-06,0.9999963045120239
6201,1,1,0.0171403456479311,0.959370493888855,0.01342681609094143,0.0100623844191432
6202,0,0,0.46058961749076843,0.00013335177209228277,0.11156467348337173,0.4277123510837555
6203,2,2,0.000713870394974947,0.00017926582950167358,0.9952045679092407,0.0039022942073643208
6204,0,0,0.9410550594329834,0.0002908713649958372,0.058064837008714676,0.0005891810869798064
6205,0,0,0.5392504930496216,2.003964618779719e-05,0.45665442943573,0.004075047560036182
6206,0,0,0.9855265617370605,0.004242056980729103,0.007980195805430412,0.002251151716336608
6207,2,2,1.0465359082445502e-05,7.311563763323647e-07,0.9614180326461792,0.0385708250105381
6208,2,2,0.0005657423171214759,8.321913810505066e-06,0.7215027213096619,0.27792319655418396
6209,1,1,3.645955439424142e-05,0.9998531341552734,4.369282123661833e-06,0.00010592315084068105
6210,0,0,0.9920920133590698,0.0014533818466588855,0.005792303942143917,0.0006623209337703884
6211,0,0,0.9999992847442627,3.526282876809006e-10,1.1402049437947426e-07,6.392302225322055e-07
6212,0,0,0.9905369877815247,1.3853540622221772e-05,0.008701172657310963,0.000747963204048574
6213,0,0,0.9999997615814209,1.8795169864915806e-09,2.1085002188669932e-08,2.0430314862096566e-07
6214,1,1,0.00013273613876663148,0.9998651742935181,5.367225774932649e-09,2.0079385194549104e-06
6215,0,0,0.9710397124290466,2.4872859327729202e-08,0.0286922175437212,0.00026812541182152927
6216,2,0,0.8054549098014832,0.004169536754488945,0.1849214732646942,0.00545415049418807
6217,1,1,5.998658991757111e-08,0.9999998807907104,1.637051383340804e-08,6.9183445638998364e-09
6218,0,0,0.7024791836738586,0.08205681294202805,0.15320265293121338,0.06226140260696411
6219,3,2,5.983343726256862e-05,2.4138404114637524e-05,0.8995900750160217,0.10032598674297333
6220,3,3,0.00028130237478762865,1.2552234693430364e-05,0.11589004844427109,0.883816123008728
6221,0,2,0.43547916412353516,0.00018087885109707713,0.5613287687301636,0.0030111910309642553
6222,2,3,0.0016827818471938372,5.693439675269474e-07,0.19660571217536926,0.8017109632492065
6223,1,1,5.623248216579668e-05,0.9999384880065918,4.73062073069741e-06,5.370281428440649e-07
6224,2,2,0.0003702944959513843,2.496699380571954e-05,0.9995726943016052,3.193439988535829e-05
6225,1,1,8.655763667775318e-05,0.9998884201049805,1.6923362636589445e-05,8.066315785981715e-06
6226,2,3,0.0009414242231287062,5.297811185300816e-07,0.4154961407184601,0.583561897277832
6227,1,1,5.444718772196211e-05,0.9999102354049683,8.127247383526992e-06,2.713110370677896e-05
6228,0,0,0.9940893650054932,2.2999345219432143e-06,0.005056851077824831,0.0008515625377185643
6229,2,2,0.03012046217918396,0.00013617356307804585,0.9046287536621094,0.06511460244655609
6230,2,2,3.939870111935306e-06,7.986710848228995e-09,0.9996166229248047,0.0003794443910010159
6231,3,3,2.4320760871887614e-07,8.306957145808383e-14,2.81448456007638e-06,0.9999969005584717
6232,1,1,0.00016158744983840734,0.9998196959495544,1.705098657112103e-05,1.6359871324311825e-06
6233,0,0,0.9999879598617554,3.925280989136581e-09,1.3550584299082402e-06,1.0697954166971613e-05
6234,2,3,0.026969589293003082,0.0003727405273821205,0.1508520096540451,0.8218055963516235
6235,2,2,8.357079786946997e-05,1.306550984736532e-06,0.9982162117958069,0.001698942156508565
6236,1,1,0.001670905388891697,0.9402990341186523,0.0463164784014225,0.011713582091033459
6237,1,1,9.860908676273539e-07,0.9999990463256836,7.485417619079726e-09,6.977202815505734e-09
6238,0,0,0.9997953772544861,1.5546315808023792e-06,8.957278623711318e-05,0.00011351703142281622
6239,0,0,0.9999951124191284,2.2998716264766017e-09,1.5146187024583924e-06,3.3280628031207016e-06
6240,3,2,3.09345377900172e-05,6.747321812383689e-09,0.8826864361763,0.11728256195783615
6241,2,2,0.0012317881919443607,0.00020510988542810082,0.9685232043266296,0.03003993071615696
6242,2,2,0.00033035510568879545,1.1280803846602794e-05,0.9952054023742676,0.004452882334589958
6243,2,2,0.00013460920308716595,4.872841827818775e-07,0.9998014569282532,6.357452366501093e-05
6244,2,2,0.022232510149478912,0.000422212528064847,0.9276681542396545,0.04967712610960007
6245,2,2,0.0004622391134034842,9.926146594807506e-05,0.9969180822372437,0.002520351205021143
6246,3,3,1.6690735549218516e-07,3.274727156110657e-10,5.2555406000465155e-06,0.9999946355819702
6247,3,2,2.6997160603059456e-05,4.316752821864611e-08,0.9977596998214722,0.0022132780868560076
6248,2,2,0.042934566736221313,0.03154164180159569,0.8772419691085815,0.04828183725476265
6249,2,2,0.0005308026447892189,1.3123221265232132e-07,0.9960964322090149,0.0033726454712450504
6250,3,3,4.1102030223783004e-08,8.739834633786359e-09,1.1717068446159828e-05,0.9999881982803345
6251,0,0,0.999610960483551,4.627865109796403e-06,0.0001404577778885141,0.00024393672356382012
6252,0,0,0.9668335914611816,3.11476782144382e-08,0.0059154522605240345,0.02725084125995636
6253,0,0,0.9999920129776001,6.1250120531042285e-09,2.78710353995848e-06,5.239842266746564e-06
6254,0,0,0.9995905756950378,3.120517533261591e-08,1.6815953131299466e-05,0.00039257147000171244
6255,0,0,0.9999785423278809,7.591033295284433e-07,1.4305483091447968e-05,6.362881322274916e-06
6256,2,2,0.0011643323814496398,0.0002373558672843501,0.9982726573944092,0.0003256949130445719
6257,1,1,0.021206310018897057,0.9618450999259949,0.013844473287463188,0.003104151226580143
6258,2,2,0.0475633442401886,8.366436304640956e-06,0.9265859723091125,0.025842366740107536
6259,3,3,0.18673449754714966,2.4287207907036645e-06,0.12251324951648712,0.6907499432563782
6260,3,2,0.0002803279203362763,5.214097882344504e-07,0.8764669299125671,0.12325222045183182
6261,3,3,8.276508197013754e-06,5.182639029044367e-07,7.552833267254755e-06,0.9999836683273315
6262,3,2,0.001708877389319241,2.7752701043937122e-06,0.5087869763374329,0.48950135707855225
6263,0,0,0.9999982118606567,1.8053404460260936e-07,9.771130038416231e-08,1.5172993244050303e-06
6264,1,1,6.787051347600936e-07,0.9999991655349731,1.6224426246935764e-07,1.3977642154827663e-08
6265,2,2,0.047650910913944244,6.4608771026541945e-06,0.9372928738594055,0.015049774199724197
6266,0,2,0.026296617463231087,2.24763301304165e-08,0.9731941819190979,0.0005091911880299449
6267,2,1,0.0046867672353982925,0.9887300133705139,0.006560902576893568,2.232730548712425e-05
6268,3,3,7.173114863689989e-05,3.0685978202882325e-09,0.00010189531167270616,0.9998263716697693
6269,3,3,8.063970017246902e-05,1.3484273040376138e-06,0.03386063873767853,0.966057300567627
6270,1,1,4.642318799596978e-06,0.9999949932098389,2.4803070708401265e-09,3.020666099473601e-07
6271,2,2,0.01092998031526804,2.180650881200563e-05,0.9486057758331299,0.040442463010549545
6272,2,2,1.659848436474931e-08,1.4568866946174097e-12,0.9999994039535522,6.207117166923126e-07
6273,2,2,2.533020051487256e-06,1.6977765859849114e-09,0.9923319816589355,0.007665496319532394
6274,3,3,9.316726732322422e-07,8.662993877806002e-07,0.0008099254337139428,0.9991883635520935
6275,3,3,5.890991019441572e-07,4.5724437569560905e-08,3.349328608237556e-06,0.9999960660934448
6276,2,3,0.0007662742282263935,7.473547611880349e-06,0.36260342597961426,0.6366228461265564
6277,1,1,2.7844849682878703e-05,0.999971866607666,4.7877808384555465e-08,1.9255308814081218e-07
6278,3,2,1.072373561328277e-05,2.026743004535092e-07,0.7802603840827942,0.2197287380695343
6279,1,1,3.6443073003766813e-09,1.0,1.1637635299877047e-11,2.522295983187206e-10
6280,3,3,0.0006662465748377144,2.3233726551552536e-06,0.14043226838111877,0.8588991165161133
6281,0,0,0.99222731590271,0.0071508619002997875,0.0004985115374438465,0.0001233090879395604
6282,3,3,1.984536311283591e-06,1.683534422980415e-10,0.220295250415802,0.7797027826309204
6283,2,2,0.0009850382339209318,0.0008296119631268084,0.9916725754737854,0.006512769963592291
6284,2,2,0.006571957841515541,0.00012912812235299498,0.9931995272636414,9.938891889760271e-05
6285,2,2,0.001736041042022407,0.019381921738386154,0.9748748540878296,0.004007251467555761
6286,0,0,0.9987971782684326,0.00010376163118053228,0.0001897206821013242,0.0009093547705560923
6287,3,3,0.03850197046995163,7.484323418793792e-07,0.0022352365776896477,0.9592620134353638
6288,3,3,0.000338505458785221,5.992947626509704e-05,0.0035330080427229404,0.9960684776306152
6289,1,1,5.372313580664922e-07,0.9999982118606567,1.1825375167973107e-06,9.695276048660162e-08
6290,2,2,1.2118441645725397e-06,8.935156984080095e-06,0.9997579455375671,0.00023196125403046608
6291,2,2,0.0014345397939905524,0.01003245823085308,0.9701927900314331,0.01834016665816307
6292,0,0,0.9790573120117188,3.546182014702026e-08,0.02089557982981205,4.7153240302577615e-05
6293,2,2,0.0076375193893909454,2.9377761165960692e-05,0.7299782037734985,0.26235494017601013
6294,3,3,2.222965839182578e-10,2.65940986273654e-14,1.1321141755615827e-05,0.9999886751174927
6295,1,1,5.631886961054988e-05,0.9999219179153442,6.554255833179923e-06,1.5214587619993836e-05
6296,2,2,4.379513120511547e-05,1.9410158529353794e-06,0.9997968077659607,0.00015748206351418048
6297,3,3,1.3851871472070343e-06,1.8633159459824356e-09,0.004404246807098389,0.995594322681427
6298,1,1,0.0009062925819307566,0.9990876913070679,2.5511519652354764e-06,3.4584274999360787e-06
6299,3,3,0.001408145297318697,3.446318942224025e-06,0.018204012885689735,0.9803844690322876
6300,2,2,1.6066980606410652e-05,2.9289623171280255e-08,0.9999815225601196,2.378916860834579e-06
6301,1,1,4.537892891676165e-06,0.9999183416366577,6.862860027467832e-05,8.443752449238673e-06
6302,1,1,0.000666613457724452,0.9975467324256897,0.0013684439472854137,0.00041821421473287046
6303,1,1,1.9265453374828212e-05,0.9999749660491943,3.0178371162037365e-06,2.7114531349070603e-06
6304,1,1,9.56967196543701e-05,0.9999029636383057,3.255885303588002e-07,8.98330881682341e-07
6305,0,0,1.0,3.31141919440725e-10,7.351887848505712e-11,1.2347470823570461e-09
6306,3,3,2.949723807432747e-07,2.9602210815937724e-07,4.857557360082865e-05,0.9999508857727051
6307,1,1,9.964554692487582e-07,0.9999988079071045,2.506085934328439e-07,1.624309931003154e-08
6308,0,0,0.9819621443748474,7.123512204998406e-06,0.00028587342239916325,0.017744921147823334
6309,3,3,0.009275991469621658,0.06849263608455658,0.0016172317555174232,0.9206140637397766
6310,2,2,0.00024166112416423857,5.415283794718562e-06,0.9979975819587708,0.0017553360667079687
6311,3,3,0.03771931305527687,0.0041828518733382225,0.0005645258934237063,0.9575333595275879
6312,3,3,0.0004546726995613426,1.3175537105780677e-07,2.255188746858039e-06,0.9995429515838623
6313,3,3,7.448316318914294e-05,3.887953425874002e-06,0.09192195534706116,0.9079996943473816
6314,3,3,1.9704692988398165e-07,2.0937002132015436e-11,2.1661358914570883e-05,0.9999781847000122
6315,3,3,5.2317809604573995e-06,2.006335364512779e-08,0.09272090345621109,0.9072738885879517
6316,0,0,0.999983549118042,2.783983745757723e-07,3.685628371385974e-06,1.249807064596098e-05
6317,3,3,0.07520424574613571,2.153889727196656e-05,0.0017421460943296552,0.9230321049690247
6318,3,3,0.13924777507781982,3.7291963508323533e-06,0.0005511799245141447,0.8601973056793213
6319,1,1,0.07136709243059158,0.8148290514945984,0.01044408418238163,0.10335975885391235
6320,3,2,4.932567389914766e-05,1.1222894613638346e-07,0.7508561015129089,0.24909450113773346
6321,0,0,0.9999901056289673,2.4227972961199384e-09,6.708337878080783e-06,3.2066027415567078e-06
6322,3,3,8.782230906945188e-06,6.974224220357428e-07,0.0235371645539999,0.9764533042907715
6323,3,3,0.0918678492307663,0.027094215154647827,0.06684673577547073,0.8141911625862122
6324,0,0,0.9999891519546509,3.260182211306528e-06,5.434782224256196e-07,7.0176042754610535e-06
6325,3,0,0.45205268263816833,0.005270213820040226,0.19057191908359528,0.35210517048835754
6326,1,1,1.5370991590657468e-08,0.9999998807907104,1.69339020583692e-09,8.273595142327395e-08
6327,0,2,0.3384253978729248,1.8940043844395404e-07,0.5333206653594971,0.12825368344783783
6328,1,1,0.0005756621831096709,0.9985234141349792,0.0006689038127660751,0.00023204562603496015
6329,1,1,3.7152406093809986e-06,0.9999960660934448,6.990079270963179e-08,1.5261711894254404e-07
6330,1,1,2.3351340132649057e-06,0.9999973773956299,1.4150133154089417e-07,9.494877417637326e-08
6331,1,1,9.049123764270917e-05,0.9999078512191772,1.0506169019208755e-06,6.177649538585683e-07
6332,0,0,0.9945265650749207,3.29969884660386e-06,0.0014995142119005322,0.00397057319059968
6333,1,1,1.6122168744914234e-05,0.9999382495880127,2.4626689992146567e-05,2.0941659386153333e-05
6334,0,0,0.9982799291610718,1.0286443057339056e-06,0.0003752716293092817,0.0013438108144327998
6335,2,2,0.0007445425144396722,0.0003869225620292127,0.9567371010780334,0.042131416499614716
6336,2,2,3.525417753280635e-07,6.897634546865206e-11,0.9771419167518616,0.02285776287317276
6337,0,0,0.999991774559021,4.703651157456079e-08,1.0402438732626251e-07,8.05157014838187e-06
6338,0,0,0.7879069447517395,0.0014549426268786192,0.03870530053973198,0.17193275690078735
6339,0,0,0.9360993504524231,0.002554327482357621,9.608311665942892e-05,0.06125030666589737
6340,1,1,2.4360066163353622e-05,0.9967122077941895,0.0029083702247589827,0.0003550270339474082
6341,0,0,0.9999947547912598,4.7871204778004994e-09,4.611871986526239e-07,4.7549319788231514e-06
6342,2,2,0.07955241203308105,3.827227192232385e-05,0.9055224657058716,0.014886894263327122
6343,0,0,0.9999680519104004,9.656395377533045e-06,2.609130511643798e-08,2.2236548829823732e-05
6344,3,2,0.005464340094476938,2.4812785159866735e-09,0.9244461059570312,0.07008949667215347
6345,2,2,0.002101072110235691,6.497663889604155e-06,0.926750659942627,0.07114171981811523
6346,3,3,7.655037734366488e-06,3.844557340926258e-06,0.00031942338682711124,0.999669075012207
6347,2,2,0.000672327762003988,2.8301223210291937e-05,0.9944471120834351,0.0048523335717618465
6348,2,2,0.004920796025544405,1.2917419098812388e-06,0.9509905576705933,0.044087350368499756
6349,2,2,0.01957113668322563,0.0008268318488262594,0.9764957427978516,0.0031063714995980263
6350,3,3,8.544897411866259e-08,1.777877756126145e-08,0.00018468766938894987,0.9998152852058411
6351,3,3,0.001417224993929267,6.789555482100695e-05,0.2117938995361328,0.7867209315299988
6352,0,0,0.9923271536827087,0.0009055780246853828,0.0063484832644462585,0.0004186733567621559
6353,0,0,0.9448229670524597,0.0012087557697668672,0.012075155042111874,0.041893091052770615
6354,2,3,0.007069421466439962,8.717794116819277e-06,0.11933846771717072,0.8735833764076233
6355,3,3,1.1454116020104266e-06,3.363908707143537e-09,0.0011501091066747904,0.9988486766815186
6356,1,1,0.38272199034690857,0.5826593041419983,8.849968253343832e-06,0.03460981324315071
6357,2,2,0.000135742622660473,2.3097460143617354e-05,0.980404794216156,0.019436467438936234
6358,1,1,4.407060259836726e-06,0.9999955892562866,3.321826724800303e-08,1.7216065018033078e-08
6359,2,2,0.21559342741966248,0.022952495142817497,0.7465974688529968,0.014856637455523014
6360,1,1,3.003146531455059e-08,0.9999998807907104,6.31266274808695e-08,7.488351272399996e-09
6361,0,0,0.9999370574951172,2.484795480484081e-08,1.1959490620938595e-05,5.104451338411309e-05
6362,2,2,0.12988148629665375,0.052695926278829575,0.5659328103065491,0.2514897584915161
6363,2,2,0.006474968045949936,5.175805927137844e-05,0.9610245227813721,0.032448749989271164
6364,2,2,0.0002968563057947904,1.3010133443458471e-05,0.9481043219566345,0.051585759967565536
6365,3,3,0.01266620121896267,0.002217525616288185,0.01109518576413393,0.9740211367607117
6366,1,1,1.194761466649652e-06,0.9999986886978149,2.9467027928831158e-08,6.249924666690276e-08
6367,1,1,0.001769204274751246,0.9981639981269836,1.5142708207349642e-06,6.528225640067831e-05
6368,3,3,0.00012661062646657228,0.0023110168986022472,0.013361058197915554,0.9842013716697693
6369,2,2,0.0025932660792022943,0.0001364729250781238,0.935056746006012,0.062213506549596786
6370,3,3,2.0213979951222427e-05,2.4404227527696776e-09,0.0002788682177197188,0.9997009038925171
6371,3,3,0.004715542308986187,0.0080064432695508,0.16959166526794434,0.8176863193511963
6372,3,3,0.0003825718886218965,0.0008100646082311869,0.06272539496421814,0.9360820055007935
6373,2,2,0.01749853976070881,6.578806733159581e-06,0.9785475730895996,0.003947320394217968
6374,1,1,0.0029479165095835924,0.9961690306663513,0.0003055014240089804,0.0005775121389888227
6375,1,1,0.00038043715176172554,0.9996098875999451,2.209972308264696e-06,7.5079269663547166e-06
6376,1,1,0.00014332904538605362,0.9997978806495667,2.1498239220818505e-05,3.728386218426749e-05
6377,0,0,0.9987247586250305,0.000911246461328119,0.00029656864353455603,6.738716911058873e-05
6378,2,2,0.002992562483996153,3.835726829493069e-07,0.928013801574707,0.06899325549602509
6379,2,2,0.013670218177139759,1.6163800964363872e-08,0.9757168889045715,0.010612903162837029
6380,2,0,0.7856655716896057,1.3360369848669507e-05,0.19263945519924164,0.021681638434529305
6381,2,3,0.001676046522334218,1.4175479918776546e-05,0.26293009519577026,0.7353796362876892
6382,2,2,0.002623012289404869,0.0003896341659128666,0.8358269333839417,0.16116046905517578
6383,0,0,0.999951958656311,3.206156051760445e-08,2.8848393412772566e-05,1.9112079826300032e-05
6384,0,0,0.9999996423721313,4.303772033306848e-14,1.4288038308052364e-08,4.049891799695615e-07
6385,2,2,0.01590501144528389,3.2775772069726372e-06,0.9812667369842529,0.002824916271492839
6386,0,0,0.9999406337738037,8.860422440193361e-08,2.2383874238585122e-05,3.684881448862143e-05
6387,1,1,6.937454486433126e-07,0.9999992847442627,4.028113664844568e-08,1.642761837672424e-08
6388,3,3,1.1390972076696926e-07,1.171788767363388e-13,8.404193067690358e-06,0.9999915361404419
6389,3,3,6.6317813463001585e-09,1.9345485283150943e-11,9.679162758402526e-06,0.9999903440475464
6390,1,1,1.1079957857873524e-06,0.9999986886978149,1.811325489597948e-07,1.0562329677554771e-08
6391,3,3,0.04340100288391113,0.023271316662430763,0.3071589469909668,0.6261687874794006
6392,0,0,0.9996985197067261,3.866389874929155e-08,0.00010860619659069926,0.00019292582874186337
6393,3,3,0.00782072078436613,0.00031817451235838234,0.06650175899267197,0.9253594279289246
6394,0,0,0.9999767541885376,6.452268735301914e-06,1.3505582501238678e-05,3.3435323985031573e-06
6395,1,1,1.242942289536586e-05,0.9999088048934937,5.625092671834864e-05,2.254927130707074e-05
6396,1,1,7.632673077750951e-05,0.9997840523719788,0.00010180949902860448,3.7771933421026915e-05
6397,2,2,0.00020472398318815976,3.498560317893862e-06,0.908869743347168,0.09092196077108383
6398,2,0,0.9236077070236206,5.7921821280615404e-05,0.07512029260396957,0.0012140460312366486
6399,1,1,1.2278950634936336e-05,0.999983549118042,4.031978278362658e-06,1.198905295041186e-07
6400,3,3,0.00023681149468757212,0.00036786572309210896,0.0010166754946112633,0.9983786344528198
6401,0,0,0.9988653659820557,2.9480211196641903e-06,0.0005541635327972472,0.0005775098106823862
6402,1,1,0.0017552014905959368,0.9973459243774414,2.0894767658319324e-06,0.0008967561298049986
6403,0,0,0.999997615814209,1.2440445118500065e-08,1.1568610034373705e-06,1.1282854757155292e-06
6404,1,1,8.141046237142291e-06,0.9999865293502808,6.496497206853746e-08,5.221580977377016e-06
6405,1,2,0.23468554019927979,0.032579004764556885,0.6919008493423462,0.04083463177084923
6406,2,2,0.007514758966863155,3.912091415259056e-06,0.9900500774383545,0.002431201748549938
6407,1,1,7.887300057518587e-08,0.9999998807907104,4.098555805853721e-08,1.2966059337315983e-08
6408,1,1,1.0614787981921836e-07,0.999998927116394,1.8175292382238695e-07,7.936370707284368e-07
6409,1,1,4.76960906325985e-07,0.9999986886978149,7.077910026964673e-07,1.5286718735296745e-07
6410,3,3,0.07732005417346954,0.0003474279656074941,0.12333732098340988,0.7989951968193054
6411,1,1,0.0007841205806471407,0.9985246062278748,5.699038183593075e-07,0.0006907872157171369
6412,0,0,0.9810050129890442,1.237665827602541e-07,0.0005347594269551337,0.018460137769579887
6413,0,0,0.9990991353988647,4.018547315354226e-06,0.0005738023901358247,0.000323083542753011
6414,0,0,0.9687697291374207,0.0002936233940999955,0.021507099270820618,0.00942953024059534
6415,2,2,0.04117829352617264,0.00018601403280626982,0.9383036494255066,0.020331986248493195
6416,0,0,0.9997650980949402,6.346339898044562e-09,0.00018766397261060774,4.7151839680736884e-05
6417,0,0,0.9999626874923706,2.0319509630439825e-08,2.770759238046594e-05,9.595524716132786e-06
6418,0,0,0.999987006187439,1.0931264569080668e-06,5.088023499411065e-06,6.721605132042896e-06
6419,1,1,5.020784783482668e-07,0.9999995231628418,3.074005050507367e-08,3.721810060142161e-08
6420,0,0,0.9995331764221191,5.281531684886431e-06,0.00017014647892210633,0.0002914609503932297
6421,1,1,0.003987615928053856,0.9941417574882507,0.0018062111921608448,6.440772995119914e-05
6422,1,1,0.13931508362293243,0.7809369564056396,0.04010480269789696,0.03964317962527275
6423,1,1,0.08592958748340607,0.47206583619117737,0.4333764612674713,0.008628218434751034
6424,1,1,0.0031811504159122705,0.9876530170440674,0.0090491259470582,0.00011669234663713723
6425,1,1,0.004466428887099028,0.9746618866920471,0.0199618898332119,0.000909708091057837
6426,1,1,0.002414893824607134,0.9956232905387878,0.0015327675500884652,0.0004290164215490222
6427,2,1,0.00021894158271607012,0.5858144760131836,0.30798861384391785,0.10597802698612213
6428,1,1,1.085198346117977e-05,0.9999858140945435,6.35626463463268e-07,2.7741587018681457e-06
6429,0,0,0.9818673133850098,0.007682430557906628,0.0017992559587582946,0.008650949224829674
6430,0,0,0.999913215637207,2.2545349054325925e-07,7.225012086564675e-05,1.435960439266637e-05
6431,1,1,9.606906132830773e-06,0.9999730587005615,1.78403217887535e-06,1.551551940792706e-05
6432,0,0,0.9997835755348206,0.00020935216161888093,9.064359574040282e-08,7.021201781753916e-06
6433,1,1,5.229168209552881e-09,1.0,3.3238565979448742e-12,1.7021853926380004e-09
6434,0,0,0.9999912977218628,1.1463342275419564e-07,1.81543748567492e-06,6.764049430785235e-06
6435,2,2,0.13171331584453583,0.0009323377162218094,0.8659365773200989,0.0014177053235471249
6436,3,3,9.589743399374129e-08,1.1752904205408754e-09,0.005017025396227837,0.9949828386306763
6437,2,2,0.00011504926806082949,1.3540320651372895e-05,0.9993157386779785,0.0005556216347031295
6438,2,0,0.6715037822723389,0.12755754590034485,0.10676104575395584,0.09417765587568283
6439,2,2,0.003531829919666052,9.011474321596324e-05,0.9590297341346741,0.03734835609793663
6440,3,3,2.678925375221297e-05,4.6711929257980955e-07,0.04227624461054802,0.9576964974403381
6441,0,0,0.9999853372573853,8.88590037106951e-08,3.038789373022155e-06,1.1622959391388576e-05
6442,2,2,0.028772836551070213,2.3255163341673324e-06,0.9376021027565002,0.03362266719341278
6443,0,0,0.9999973773956299,1.5617902704434528e-07,5.14038674737094e-07,2.0374625364638632e-06
6444,1,1,1.7206952179549262e-05,0.9999797344207764,8.619861091574421e-07,2.1036798898421694e-06
6445,2,2,0.003911703824996948,0.0010411301627755165,0.9947119951248169,0.000335230550263077
6446,3,3,0.00903315655887127,0.0032619545236229897,0.06942088156938553,0.918283998966217
6447,0,0,0.9861554503440857,3.5010286865144735e-06,0.004612904507666826,0.009228180162608624
6448,0,0,0.9930371642112732,7.551058388344245e-06,0.006041270215064287,0.0009139832109212875
6449,0,0,0.9755234122276306,0.001004719058983028,0.016460994258522987,0.007010939065366983
6450,3,3,0.0008765902603045106,9.089245395443868e-06,0.0031403943430632353,0.9959738850593567
6451,0,0,0.9999922513961792,4.502155661612051e-06,1.1359190921211848e-06,2.0484699234657455e-06
6452,1,1,2.4669638776231295e-08,1.0,7.784546340872112e-09,1.0061392607951802e-08
6453,3,3,1.4090113836573437e-05,1.634003865547129e-08,0.005266665946692228,0.9947192668914795
6454,2,2,0.0003071259125135839,5.9745882026618347e-05,0.9925625920295715,0.007070507388561964
6455,1,0,0.5477127432823181,0.4388880431652069,0.011803698725998402,0.001595571986399591
6456,0,0,0.999396562576294,1.8777869627228938e-05,0.00025622686371207237,0.00032842374639585614
6457,2,2,0.015658408403396606,2.7383097403799184e-05,0.8981853127479553,0.0861288532614708
6458,2,2,0.0008470533066429198,2.067984723908012e-06,0.9988788962364197,0.0002719014592003077
6459,1,1,1.0885662149462405e-08,0.9999998807907104,1.6590446705322393e-07,1.2917282354862891e-08
6460,2,2,0.010376498103141785,2.6293500923202373e-06,0.9861683249473572,0.0034525510855019093
6461,2,2,0.05433947592973709,0.0002744666126091033,0.9376861453056335,0.007699914742261171
6462,2,3,0.13060583174228668,0.017703888937830925,0.22658094763755798,0.6251093149185181
6463,3,3,0.0007392669795081019,3.145867231069133e-05,0.17062246799468994,0.8286068439483643
6464,2,2,0.00033823729609139264,2.6465609153092373e-06,0.998924195766449,0.0007349465740844607
6465,0,3,0.20146313309669495,0.005378825590014458,0.30666592717170715,0.48649218678474426
6466,3,3,0.00010606837895466015,3.0496064340468365e-08,6.977227894822136e-05,0.9998242259025574
6467,0,0,0.9790801405906677,0.006001726258546114,0.011039812117815018,0.0038783960044384003
6468,0,0,0.9999312162399292,2.0228009816491976e-05,2.9664724934264086e-06,4.5541855797637254e-05
6469,2,2,0.05289250239729881,1.4599245332647115e-05,0.9456709027290344,0.0014219011645764112
6470,1,1,0.0011979143600910902,0.9986843466758728,7.656637171749026e-05,4.12241424783133e-05
6471,1,1,1.0880810350499814e-06,0.9999985694885254,3.361828930792399e-07,1.579746111701752e-08
6472,1,1,0.000792323611676693,0.999138593673706,7.753441423119511e-06,6.131480768090114e-05
6473,0,0,0.9985673427581787,1.5272919995368284e-07,7.386188372038305e-07,0.0014317149762064219
6474,3,3,4.82858375505657e-09,1.0182230059108122e-10,9.991933438868728e-06,0.9999899864196777
6475,2,2,6.485590711236e-05,2.593404815343092e-06,0.9998821020126343,5.0457594625186175e-05
6476,2,2,0.00020311796106398106,1.6760533299020608e-06,0.9997565150260925,3.870656655635685e-05
6477,2,2,0.00013617367949336767,4.801104296348058e-06,0.9995627999305725,0.0002962247817777097
6478,1,1,2.60070601143525e-06,0.9999973773956299,1.2095384416266342e-10,1.8924271927289738e-08
6479,0,0,0.9931367635726929,9.554254211252555e-05,0.0003873105742968619,0.006380413193255663
6480,0,0,0.983668863773346,8.341407919942867e-06,0.011679607443511486,0.004643280059099197
6481,0,0,0.999157190322876,9.514630505691457e-07,0.00028536582249216735,0.0005564788589254022
6482,1,1,0.110649473965168,0.8848269581794739,0.0001118280561058782,0.004411829635500908
6483,0,0,0.9992870688438416,2.6828348609342356e-07,0.0004473846929613501,0.000265252630924806
6484,2,2,0.03991370275616646,7.210755029518623e-06,0.9580202102661133,0.0020588284824043512
6485,3,3,0.002763519762083888,8.015093044377863e-05,0.04413147270679474,0.9530248641967773
6486,1,1,0.003079601563513279,0.9968346953392029,2.4893237423384562e-05,6.0890306485816836e-05
6487,0,0,0.9968243837356567,4.2401607061037794e-05,0.00032854554592631757,0.0028046423103660345
6488,0,0,0.9999818801879883,1.5441441902908082e-08,1.792774310160894e-05,2.7461365448289143e-07
6489,0,0,0.9990897178649902,2.677789052540902e-05,0.0001210490518133156,0.0007625382859259844
6490,1,1,0.0005507451132871211,0.9896169900894165,0.008800026029348373,0.0010322798043489456
6491,2,2,0.03194585070014,0.00102114281617105,0.6863874793052673,0.2806455194950104
6492,3,3,0.1563393622636795,0.005625345278531313,0.025752579793334007,0.8122827410697937
6493,2,2,0.00012116295692976564,1.2498206160671543e-05,0.9712644219398499,0.028601985424757004
6494,1,1,0.002054902259260416,0.9966357350349426,0.00018494536925572902,0.0011243588523939252
6495,1,1,0.001907420577481389,0.9960349202156067,0.0012593161081895232,0.000798411201685667
6496,3,3,0.00017824435781221837,4.3816626771331357e-07,0.0001316396374022588,0.9996896982192993
6497,0,0,0.9999114274978638,4.3897731671904694e-08,2.1359623133321293e-05,6.716416828567162e-05
6498,1,1,4.567650194076123e-06,0.999882698059082,6.618577754124999e-05,4.647575769922696e-05
6499,1,1,3.553612941686879e-07,0.9999992847442627,2.410216097814555e-07,1.6967176463822398e-07
6500,3,0,0.8621353507041931,0.000798832334112376,0.0021170193795114756,0.13494879007339478
6501,0,0,0.9986246824264526,9.139639018940215e-07,0.0004856202285736799,0.0008887852891348302
6502,1,1,2.4522632884327322e-05,0.9999754428863525,6.208978220456629e-08,3.34105756394365e-08
6503,2,2,0.005559112410992384,0.1943986564874649,0.7846438884735107,0.015398428775370121
6504,3,3,4.2279592889826745e-05,1.6049089140990347e-12,6.2802569118503015e-06,0.9999514818191528
6505,1,1,7.688000550842844e-06,0.9999918937683105,2.1046573372984767e-09,3.3278533351221995e-07
6506,3,3,0.00025652055046521127,7.659463063802718e-10,9.326956933364272e-05,0.999650239944458
6507,1,1,0.006819318514317274,0.8761491775512695,0.007779059000313282,0.1092524528503418
6508,2,2,0.012865100055932999,6.8089080741629e-05,0.986862063407898,0.00020473074982874095
6509,0,0,0.969394862651825,5.546186443439183e-08,0.029580144211649895,0.0010250075720250607
6510,2,2,0.01049733255058527,0.2537250518798828,0.7342289090156555,0.0015486710472032428
6511,2,2,0.00024778282386250794,1.2753239388985094e-05,0.9957049489021301,0.004034410696476698
6512,0,3,0.2647136449813843,7.757198909530416e-05,0.03406926244497299,0.701139509677887
6513,3,3,0.0013953112065792084,2.5564439056324773e-05,0.00041988753946498036,0.9981592297554016
6514,0,0,0.9873743653297424,1.1505781913001556e-05,0.0058596027083694935,0.006754573434591293
6515,1,1,0.00015145097859203815,0.9998410940170288,3.9080673559510615e-06,3.5804898743663216e-06
6516,0,2,0.012062006630003452,3.6612894405152474e-07,0.7710365653038025,0.21690109372138977
6517,0,0,0.9964338541030884,3.865341568598524e-05,6.0011348978150636e-05,0.003467475064098835
6518,0,0,0.9999923706054688,3.172422680108866e-07,4.268714747013291e-06,3.0004871405253652e-06
6519,1,1,8.510404586559162e-05,0.9999117851257324,6.689633735845746e-09,3.125410785287386e-06
6520,1,1,0.007351610343903303,0.9893320798873901,0.0027635563164949417,0.0005527759785763919
6521,2,2,2.669553941814229e-05,4.2917013161059e-06,0.9804565906524658,0.019512498751282692
6522,1,1,7.278434168256354e-06,0.9999687671661377,1.2620497727766633e-05,1.1383568562450819e-05
6523,0,0,0.9977243542671204,0.0001504111132817343,0.0011426982237026095,0.0009825206361711025
6524,2,2,0.0713484063744545,7.903641744633205e-06,0.8556129932403564,0.07303058356046677
6525,1,1,1.5209958291961811e-05,0.9999828338623047,8.966163136392424e-07,1.0887512189583504e-06
6526,0,0,0.9999463558197021,2.5529271852064994e-07,3.99417185690254e-05,1.348506884824019e-05
6527,1,1,3.973348793806508e-05,0.9999436140060425,4.1415856344428903e-07,1.6198900993913412e-05
6528,1,1,1.877594399957161e-06,0.9999923706054688,4.225542397762183e-06,1.5732160818515695e-06
6529,1,1,0.00017025863053277135,0.9993311166763306,0.00044489235733635724,5.373770181904547e-05
6530,1,1,4.771544809045736e-06,0.9999948740005493,7.0158904463824e-08,2.240747107862262e-07
6531,3,3,0.0006763861747458577,3.5379733276386105e-07,0.05741789564490318,0.9419053196907043
6532,2,2,0.014611393213272095,0.0006324506248347461,0.8128362894058228,0.17191986739635468
6533,1,1,9.13801834201422e-09,1.0,5.714164818398926e-12,1.1181637837864855e-09
6534,1,1,9.159816727333236e-08,0.9999998807907104,7.767543275249977e-10,2.1603884903242943e-08
6535,2,2,0.09778092056512833,9.141705231741071e-05,0.8709336519241333,0.031194038689136505
6536,1,1,5.475482733885428e-09,1.0,1.1662917742683021e-08,4.150102927980015e-09
6537,1,1,0.058736808598041534,0.9231133460998535,0.012317989021539688,0.005831915885210037
6538,1,1,4.12811793637502e-08,1.0,7.313475158809979e-09,4.808750064810852e-10
6539,3,2,0.0045350645668804646,7.330454991461011e-06,0.9249793291091919,0.07047835737466812
6540,2,2,0.00039634600398130715,1.8426298993290402e-05,0.9895680546760559,0.010017202235758305
6541,1,1,0.0004841725167352706,0.9994334578514099,6.158040923764929e-05,2.0767367459484376e-05
6542,2,2,0.01172422431409359,0.0009680264047347009,0.9711968898773193,0.01611083559691906
6543,0,0,0.7513487935066223,0.01047696266323328,0.1629626601934433,0.07521156966686249
6544,0,0,0.9898920059204102,0.0035646611358970404,0.003929514437913895,0.0026137633249163628
6545,0,0,0.996850311756134,0.00043127324897795916,0.0008632241515442729,0.0018552449764683843
6546,1,1,2.4818429665174335e-05,0.9999719858169556,1.6922041368161445e-06,1.604628550921916e-06
6547,1,1,7.149327575461939e-05,0.9999016523361206,1.5874862583586946e-05,1.0996101082128007e-05
6548,1,1,2.8236925686542236e-07,0.9999992847442627,4.578106711505825e-07,2.8524294037879372e-08
6549,0,0,0.9999470710754395,3.0342872037181223e-07,4.935060132993385e-05,3.328458433315973e-06
6550,1,1,0.002076810458675027,0.9960075616836548,0.00013483666407410055,0.0017807414988055825
6551,0,0,0.9999821186065674,1.8037038529428173e-09,1.8530488432588754e-07,1.764204898790922e-05
6552,3,3,3.255080400776933e-06,3.2805675953540003e-09,2.13876865018392e-06,0.9999946355819702
6553,1,1,2.3136046365834773e-05,0.999976396560669,2.1884157774820778e-07,2.0939143041687203e-07
6554,2,2,2.5739334887475707e-05,9.859387972710465e-09,0.9999269247055054,4.734901449410245e-05
6555,2,2,0.09041658788919449,4.928993035946405e-08,0.9092054963111877,0.0003778858808800578
6556,0,0,0.9995490908622742,4.018033905595075e-06,0.0004438305040821433,3.001853201567428e-06
6557,3,3,1.296160917263478e-05,4.1186606836163264e-07,0.0035030422732234,0.9964836835861206
6558,3,3,9.682623203843832e-05,8.370557935677425e-08,0.004877221770584583,0.9950258135795593
6559,0,0,0.923517107963562,0.032347310334444046,0.03871046379208565,0.005425081122666597
6560,3,3,1.4041893336980138e-05,3.303895823592029e-09,0.00239165429957211,0.9975942969322205
6561,2,2,4.690716650657123e-06,1.1206132057850482e-06,0.9999914169311523,2.7859246074513067e-06
6562,3,3,0.0007516916957683861,0.0002483135322108865,0.3358595371246338,0.6631404757499695
6563,3,3,0.003262921702116728,9.647265687817708e-05,0.0012161629274487495,0.9954244494438171
6564,0,0,0.9999979734420776,5.029304261938705e-08,5.724432980969141e-07,1.3443640227706055e-06
6565,2,2,0.0006022636080160737,2.2131362129584886e-05,0.540173351764679,0.45920228958129883
6566,2,2,0.015301244333386421,0.0008065308793447912,0.9653440117835999,0.018548250198364258
6567,3,3,1.1144040399813093e-05,7.865593687483852e-08,0.0029310293029993773,0.9970576763153076
6568,3,3,0.0024909304920583963,0.019211038947105408,0.0744234174489975,0.9038746953010559
6569,1,1,0.00046972878044471145,0.999467670917511,4.612409611581825e-05,1.6445676010334864e-05
6570,1,1,9.360058174934238e-05,0.9999046325683594,6.998308776928752e-07,1.1208238674953463e-06
6571,3,3,3.0599510409956565e-06,1.627374901502776e-10,1.1674324923660606e-05,0.9999852180480957
6572,2,3,2.5842577088042162e-05,6.952656406156166e-08,0.24485304951667786,0.7551210522651672
6573,1,1,2.573356505308766e-05,0.9997771382331848,3.234463292756118e-05,0.00016488583059981465
6574,2,3,0.0001194328797282651,5.715219799640181e-07,0.0017952482448890805,0.9980847835540771
6575,3,3,7.149490556912497e-05,3.832847426110675e-07,0.24200497567653656,0.7579231858253479
6576,0,3,0.003321943338960409,2.2584416559112697e-09,0.0004156270297244191,0.9962623715400696
6577,1,1,0.0017243078909814358,0.9962902069091797,0.001850942731834948,0.00013462177594192326
6578,0,0,0.9991224408149719,0.00012262137897778302,2.9055328923277557e-05,0.0007258275873027742
6579,0,0,0.9999868869781494,6.174387578994356e-08,3.6014751003676793e-06,9.464882168686017e-06
6580,0,0,0.9999847412109375,5.088935495223268e-07,1.4312135135696735e-05,4.82260873013729e-07
6581,3,3,0.0016701676649972796,9.256961675419006e-06,0.0010529858991503716,0.9972676038742065
6582,2,2,0.0027569320518523455,0.000614806660450995,0.8911317586898804,0.10549656301736832
6583,2,2,0.0001757750433171168,5.0525104597909376e-05,0.9995456337928772,0.00022803799947723746
6584,1,1,9.052266250364482e-05,0.9997019171714783,3.708461736096069e-05,0.00017046710127033293
6585,2,2,0.005219203419983387,0.003752217162400484,0.9560678601264954,0.034960728138685226
6586,2,2,0.002016131766140461,5.175928663447849e-07,0.996826708316803,0.0011566192843019962
6587,0,0,0.7432506084442139,0.00020413706079125404,0.20167507231235504,0.054870255291461945
6588,0,0,0.9999921321868896,1.628648504947705e-08,2.123573040080373e-06,5.731635155825643e-06
6589,3,3,0.07420583069324493,9.99042676994577e-05,0.13118159770965576,0.7945126295089722
6590,1,1,8.932427590480074e-06,0.9999873638153076,3.4026406865450554e-06,3.043643346245517e-07
6591,2,2,0.005373325198888779,1.6975014659692533e-05,0.993623673915863,0.000986026949249208
6592,2,3,6.5708791225915775e-06,2.711224578177962e-10,0.00018470689246896654,0.9998087286949158
6593,2,2,0.007674321532249451,5.937499736319296e-05,0.9906159043312073,0.0016502866055816412
6594,3,3,2.0644961296056863e-07,2.877078486562823e-07,2.1464704332174733e-05,0.9999780654907227
6595,0,0,0.999972939491272,1.4762466804540963e-08,2.3405784304486588e-05,3.6347944387671305e-06
6596,2,0,0.6571868658065796,3.683755039673997e-06,0.3411744236946106,0.0016350251389667392
6597,0,0,0.5499375462532043,0.013750378973782063,0.0672110766172409,0.36910098791122437
6598,2,2,6.516498979181051e-05,0.0004382777551654726,0.9986711740493774,0.0008254915592260659
6599,3,3,1.783978041203227e-05,6.512094330446416e-08,0.0038746348582208157,0.9961073994636536
6600,1,1,0.017786765471100807,0.9763908386230469,0.0004060236387886107,0.005416455678641796
6601,1,1,7.391623739749775e-07,0.9999991655349731,8.962688724523105e-08,1.3268545373534835e-08
6602,0,0,0.9996992349624634,3.8218214370999704e-08,0.00027264401433058083,2.8102504074922763e-05
6603,1,1,5.5294795409110975e-09,1.0,1.2091587453522123e-10,4.880751358626867e-10
6604,3,3,0.0007078805938363075,5.625735411740607e-06,0.020570022985339165,0.9787164330482483
6605,2,2,6.589221447939053e-05,3.031129836017499e-07,0.9973263740539551,0.0026074661873281
6606,1,1,2.438339130605982e-08,1.0,7.920632032198949e-12,8.165150222616546e-10
6607,0,0,0.9999741315841675,3.3240638686038437e-07,1.933126986841671e-05,6.258527719182894e-06
6608,1,1,1.1070149241731997e-08,1.0,8.094132586400349e-10,4.402068398690062e-08
6609,1,1,0.0001703690068097785,0.999473512172699,9.668316488387063e-05,0.0002594687684904784
6610,3,3,0.0013143689138814807,1.507393335486995e-05,0.004543933551758528,0.9941266775131226
6611,1,1,5.608336141449399e-05,0.9996664524078369,4.596774670062587e-05,0.00023154552036430687
6612,2,2,0.0019133451860398054,1.0167311302211601e-05,0.9955034852027893,0.0025730107445269823
6613,3,3,0.00011152045772178099,9.31206685095276e-08,0.00017486231809016317,0.9997134804725647
6614,3,2,0.007433065678924322,1.8993707726622233e-06,0.7974714040756226,0.19509373605251312
6615,0,0,0.9979662895202637,0.0012074920814484358,8.997482723316352e-07,0.0008252721163444221
6616,1,1,0.010733998380601406,0.8712957501411438,0.10320045799016953,0.01476979348808527
6617,3,3,2.6719653760665096e-05,5.6392654990133906e-09,0.0012873593950644135,0.998685896396637
6618,0,0,0.9850013256072998,0.014840444549918175,7.224878208944574e-05,8.602286106906831e-05
6619,0,0,0.9759958386421204,0.0016605929704383016,0.0070781889371573925,0.01526549644768238
6620,1,1,3.332121423227363e-08,1.0,1.8576708171735845e-08,1.512850289486778e-08
6621,2,2,0.12417452037334442,7.67433721193811e-06,0.8722314238548279,0.0035864405799657106
6622,1,1,1.4163218111207243e-05,0.9999709129333496,1.3396269196164212e-06,1.353450079477625e-05
6623,2,0,0.7289124727249146,0.12134993076324463,0.011388269253075123,0.13834930956363678
6624,1,1,0.007635659072548151,0.9769836068153381,0.014089038595557213,0.001291771070100367
6625,0,0,0.9953008890151978,0.00024514200049452484,9.839795893640257e-06,0.004444049671292305
6626,0,0,0.8658863306045532,0.13095048069953918,0.001427462208084762,0.0017357359174638987
6627,1,1,2.6152506507060025e-06,0.9999877214431763,9.452711310586892e-06,1.8659942213616887e-07
6628,1,1,0.00022326598991639912,0.9997585415840149,2.3809623144188663e-06,1.5801437257323414e-05
6629,2,2,5.980622518109158e-06,9.63407273957273e-07,0.9999649524688721,2.8159585781395435e-05
6630,2,2,0.020447997376322746,0.012869236059486866,0.966552734375,0.0001299747236771509
6631,1,1,3.987375748693012e-06,0.9999958276748657,1.2133705240557902e-07,1.231436357329585e-07
6632,0,0,0.9999984502792358,3.2806319438805076e-08,7.190850510596647e-07,7.696549459978996e-07
6633,0,0,1.0,4.535688213902489e-10,6.66859190090463e-09,2.6899602545427115e-08
6634,2,1,0.022779902443289757,0.5648739337921143,0.2871153652667999,0.1252308189868927
6635,2,2,0.00010997540812240914,3.97578459043757e-09,0.9989292025566101,0.0009607949177734554
6636,2,2,0.027226516976952553,1.5599804328303435e-06,0.9634842276573181,0.009287619031965733
6637,2,2,0.02599501796066761,2.1415868189933462e-08,0.9723812937736511,0.0016236326191574335
6638,0,0,0.7151346206665039,0.005449302494525909,0.25131043791770935,0.028105603531003
6639,2,2,0.00023974223586264998,2.4073905535715312e-08,0.9985703229904175,0.0011898489901795983
6640,0,0,0.9245263934135437,8.622489531262545e-07,0.07293964177370071,0.002533110324293375
6641,2,2,3.78658023691969e-06,5.495321147463983e-06,0.9999634027481079,2.7307667551212944e-05
6642,3,3,3.0546775633411016e-06,3.2006044481391882e-09,0.0003604141529649496,0.9996365308761597
6643,0,0,0.9997623562812805,7.669403203180991e-06,6.266643595154164e-06,0.00022369652288034558
6644,2,2,0.0013078261399641633,3.42713319696486e-05,0.9983439445495605,0.0003139061154797673
6645,1,1,9.059284877821483e-08,0.9999997615814209,4.129763198079672e-08,1.5697095534505934e-07
6646,2,2,0.003291663946583867,9.810217527217446e-09,0.9957717061042786,0.0009365195874124765
6647,3,3,0.0007667498430237174,0.0014916019281372428,0.04397594556212425,0.9537657499313354
6648,3,3,0.00010802316683111712,2.4555211552979017e-07,0.0009368592291139066,0.9989548921585083
6649,3,3,6.132583075668663e-05,3.5179937185603194e-07,0.000944976694881916,0.9989933371543884
6650,0,0,0.9987084865570068,0.00016641242837067693,1.0626871699059848e-05,0.0011144733289256692
6651,3,3,8.316007733810693e-05,2.211062666290786e-09,0.010835687629878521,0.9890811443328857
6652,1,1,0.006764652207493782,0.5396528840065002,0.4482974112033844,0.005285119172185659
6653,3,3,3.089846723014489e-05,1.0508016679011689e-08,8.668110967846587e-05,0.9998824596405029
6654,1,1,0.0017177771078422666,0.9936476349830627,0.004392420873045921,0.0002421284152660519
6655,3,3,0.00011335992894601077,3.2861678391782334e-06,0.0015058466233313084,0.9983774423599243
6656,3,3,3.1432384162144444e-07,4.43000323924192e-12,0.0024655088782310486,0.9975341558456421
6657,1,1,1.348160935776832e-06,0.9999935626983643,3.595385464905121e-07,4.82516998090432e-06
6658,0,0,0.800089418888092,0.1278294026851654,0.04281456023454666,0.02926664613187313
6659,3,3,3.0119290386210196e-06,6.367125848782962e-08,0.0038899483624845743,0.9961069226264954
6660,1,1,4.400546149696538e-09,1.0,2.2376404548718476e-11,6.679650721430619e-10
6661,2,2,0.3044695258140564,0.01815107837319374,0.5382072925567627,0.13917207717895508
6662,0,0,0.9956910014152527,1.388409827995929e-06,0.004248057957738638,5.94735101913102e-05
6663,2,2,0.0004620555555447936,0.00010567034041741863,0.996959924697876,0.0024723077658563852
6664,1,1,0.00032475031912326813,0.9996553659439087,1.886754216684494e-05,1.0911653589573689e-06
6665,2,2,2.0580855562002398e-05,2.052446319567025e-07,0.9999598264694214,1.930096732394304e-05
6666,2,2,4.565694780467311e-06,2.7922937078983523e-05,0.998964786529541,0.0010027674725279212
6667,0,0,0.9784027338027954,0.011965163052082062,0.006745636463165283,0.0028864548075944185
6668,1,1,0.003568482818081975,0.9961736798286438,0.00014264043420553207,0.00011521515989443287
6669,0,0,0.730773389339447,0.013235379941761494,0.25021710991859436,0.0057740830816328526
6670,3,3,0.03142029792070389,1.3719982234761119e-05,0.03921687602996826,0.9293491244316101
6671,2,2,0.0011843944666907191,0.0006025676266290247,0.9940144419670105,0.0041986629366874695
6672,3,3,0.0002854127378668636,0.0888402983546257,0.01505002286285162,0.8958243131637573
6673,3,3,0.00020506777218542993,4.184480761892928e-09,3.6921082937624305e-05,0.9997580647468567
6674,2,2,0.00034104869700968266,9.391181811224669e-05,0.8160104155540466,0.18355466425418854
6675,1,1,7.285892024810892e-06,0.9999924898147583,1.0780539838606273e-07,1.009629002624024e-07
6676,1,1,6.236217586774728e-07,0.999993085861206,6.23987853032304e-06,1.5540569719973973e-08
6677,2,2,0.00017689410015009344,1.906646866700612e-05,0.997728168964386,0.0020758735481649637
6678,0,0,0.9997794032096863,0.00011759445624193177,8.604887261753902e-05,1.6995150872389786e-05
6679,3,3,1.1702113766887123e-07,9.012197238478237e-12,2.2417352738557383e-06,0.999997615814209
6680,2,2,7.633704808540642e-05,3.9310592114816245e-08,0.9998295307159424,9.411232167622074e-05
6681,1,1,0.00017274021229241043,0.9998248219490051,9.873434692053706e-07,1.4021076140124933e-06
6682,0,3,0.48110660910606384,3.530507819959894e-05,0.0012281943345442414,0.5176299214363098
6683,2,2,0.31356745958328247,0.002616500249132514,0.6469005942344666,0.036915481090545654
6684,1,1,5.800890789942059e-07,0.9999994039535522,3.5246019991497235e-10,3.7155979681902096e-11
6685,3,3,1.4411222082344466e-06,1.2367976642835288e-09,8.049832104006782e-06,0.9999904632568359
6686,3,3,6.214642780832946e-06,1.707597050426557e-07,0.009395020082592964,0.9905986189842224
6687,1,1,7.880904740886763e-05,0.9999129772186279,7.433326118189143e-06,7.669083856853831e-07
6688,1,1,2.0331572159193456e-05,0.9999738931655884,2.937606723207864e-06,2.8020360787195386e-06
6689,0,0,0.9998435974121094,9.163514732790645e-06,8.477561641484499e-05,6.243199459277093e-05
6690,2,2,0.00031720625702291727,7.876937502260262e-08,0.9875293970108032,0.012153283692896366
6691,2,2,0.00013486586976796389,2.281800703940462e-07,0.9983021020889282,0.0015628482215106487
6692,1,1,0.0005113946390338242,0.9992738366127014,0.000198863708646968,1.5949712178553455e-05
6693,2,2,1.7892672588004643e-07,4.470351172569664e-11,0.9999997615814209,2.4834681866536812e-08
6694,2,2,0.005100342445075512,2.1336018107831478e-05,0.9817115068435669,0.01316675916314125
6695,2,2,0.00011782135698013008,4.4759531192539725e-07,0.999243974685669,0.0006377577083185315
6696,1,1,0.01897743158042431,0.976967453956604,0.0030256020836532116,0.0010295069077983499
6697,0,0,0.9999198913574219,1.5429910490638576e-05,4.829056706512347e-05,1.634670297789853e-05
6698,0,1,2.035278703260701e-05,0.9999743700027466,3.6554104099195683e-06,1.6302869880746584e-06
6699,0,0,0.9995120763778687,7.502289918193128e-06,2.6581226393318502e-06,0.0004777909489348531
6700,0,0,0.9998915195465088,1.0631918030412635e-06,3.0052089641685598e-05,7.73973370087333e-05
6701,3,3,1.393774709868012e-05,5.705944050582445e-10,0.051754504442214966,0.9482315182685852
6702,2,2,0.012267665937542915,0.001651083817705512,0.9700257182121277,0.01605547033250332
6703,1,1,3.60002303523288e-08,0.999997615814209,2.2989074750512373e-06,3.393330949563733e-09
6704,0,0,0.9999772310256958,1.1671043012029259e-06,1.6689968106220476e-05,4.948034074914176e-06
6705,2,2,0.0021121581085026264,1.2150996553828008e-05,0.995959460735321,0.0019162206444889307
6706,3,3,9.058911018655635e-06,8.855172950461565e-08,0.0005148333730176091,0.9994760155677795
6707,2,2,9.609204454363862e-08,7.135497054333584e-11,0.9999996423721313,2.3090225909072615e-07
6708,3,3,3.498145815683529e-05,3.774573826831329e-07,9.994555148296058e-05,0.9998646974563599
6709,1,1,0.10443778336048126,0.8186817765235901,0.015647361055016518,0.06123308464884758
6710,0,2,0.10487135499715805,0.005463601555675268,0.685726523399353,0.20393848419189453
6711,2,3,0.006026396527886391,2.3673599571338855e-05,0.005865453276783228,0.9880844950675964
6712,2,2,1.2168395187472925e-05,4.992142521587084e-08,0.8383815884590149,0.16160620748996735
6713,2,2,0.0003875417751260102,0.0001287917693844065,0.9707788825035095,0.028704756870865822
6714,3,3,8.251742656284478e-06,2.63800047832774e-05,6.301260145846754e-05,0.9999023675918579
6715,0,0,0.9792857766151428,1.0442794518894516e-05,0.0016049244441092014,0.01909886859357357
6716,0,0,0.9844675660133362,0.004399497527629137,0.00040927730151452124,0.010723714716732502
6717,3,3,0.0003904170880559832,1.1814947242783091e-08,0.013739366084337234,0.9858702421188354
6718,0,3,2.2805352273280732e-06,1.0079289495479316e-05,2.7692698495229706e-05,0.9999599456787109
6719,3,3,0.030171947553753853,5.026289384701954e-10,0.01959511637687683,0.9502329230308533
6720,3,3,9.452119229536038e-06,1.1901225838162333e-10,0.019885288551449776,0.9801052212715149
6721,2,2,0.00046904810005798936,1.0851000297407154e-05,0.9973610043525696,0.0021590671967715025
6722,1,1,0.007924429140985012,0.9920076131820679,3.6763271054951474e-05,3.125588773400523e-05
6723,3,2,0.0014373029116541147,1.833572423493024e-05,0.7789202332496643,0.21962417662143707
6724,2,2,3.0792028837822727e-07,2.673298915567557e-09,0.9999995231628418,1.0465006994309078e-07
6725,2,2,1.6195957869058475e-05,9.52163414780216e-09,0.9999814033508301,2.427259460091591e-06
6726,2,2,3.5684079193742946e-05,2.8168273047413095e-07,0.9983903169631958,0.0015736666973680258
6727,1,1,0.00011892875045305118,0.9998782873153687,2.5631428002270695e-07,2.5029407879628707e-06
6728,2,2,1.5666350350329594e-07,3.473293190836557e-07,0.9936051964759827,0.006394361611455679
6729,2,2,0.00044463668018579483,6.609217706454729e-08,0.999376118183136,0.00017924960411619395
6730,3,3,5.227344445302151e-06,1.2542252569858192e-08,0.002905267756432295,0.9970895648002625
6731,3,3,5.569320933318522e-07,6.02964400631123e-10,0.03912913426756859,0.9608702659606934
6732,1,1,1.7840349197939531e-09,1.0,7.298909254771502e-10,1.3336043424086452e-12
6733,0,0,0.9586523771286011,0.00204242835752666,0.03145076707005501,0.007854429073631763
6734,0,2,0.0017010495066642761,7.186606580944499e-06,0.9918195009231567,0.0064722285605967045
6735,1,1,4.042277979010578e-08,1.0,2.0499288932995796e-09,1.4562610839430334e-10
6736,1,1,0.0016700015403330326,0.9983140230178833,1.5393410649267025e-05,5.645306373480707e-07
6737,2,2,0.0015250960132107139,2.2153085410536733e-06,0.9973844885826111,0.0010881556663662195
6738,0,0,0.9946010112762451,3.930788443540223e-05,9.803088323678821e-05,0.00526168430224061
6739,2,2,3.469587318249978e-05,6.150737021926034e-07,0.7900763750076294,0.20988835394382477
6740,1,1,3.7856824519622023e-07,0.9999995231628418,6.79659066804561e-08,1.078919800723277e-10
6741,1,1,5.319603133102646e-06,0.9999921321868896,2.071938524750294e-06,4.395240011945134e-07
6742,2,2,0.0001605694560566917,6.546005897689611e-05,0.9970337152481079,0.00274019967764616
6743,0,0,0.9968699812889099,0.002766132354736328,3.4829816286219284e-05,0.00032905791886150837
6744,0,0,0.999518632888794,7.77418961206422e-07,0.0004778419388458133,2.764170858426951e-06
6745,0,0,0.9999982118606567,2.3833653983729164e-07,5.505194877741815e-08,1.5312602954509202e-06
6746,1,1,0.020702358335256577,0.9792008399963379,7.555669071734883e-06,8.930411422625184e-05
6747,1,1,0.23195068538188934,0.7187739610671997,0.04544506594538689,0.0038303653709590435
6748,2,3,4.014616570202634e-05,4.653080623029382e-07,0.06165989115834236,0.9382995367050171
6749,1,1,1.1998553191006067e-06,0.9999854564666748,3.0164330837578746e-06,1.0323872629669495e-05
6750,3,3,0.07006040960550308,0.005627663806080818,0.013482424430549145,0.9108295440673828
6751,2,2,0.04401427507400513,4.794074470737542e-07,0.9552249908447266,0.0007603028207086027
6752,3,3,3.165635916957399e-06,2.9967850423417985e-09,0.0021945766638964415,0.997802197933197
6753,3,3,1.544167571410071e-05,5.068251311968197e-07,0.006008122581988573,0.9939759373664856
6754,1,1,1.8323820768273436e-05,0.9999140501022339,4.687070395448245e-05,2.069195033982396e-05
6755,3,3,0.0001578428054926917,0.00011197705316590145,0.0008615775732323527,0.9988686442375183
6756,0,0,0.9995673298835754,4.606958555086749e-06,0.00030098771094344556,0.00012706780398730189
6757,3,3,0.002793319057673216,5.1207375690864865e-06,0.00311134266667068,0.9940902590751648
6758,3,3,3.808090332313441e-05,2.6459110813448206e-06,8.724049985175952e-05,0.999872088432312
6759,3,3,0.00015530554810538888,4.405040726851439e-06,0.024805594235658646,0.9750347137451172
6760,3,3,0.08227584511041641,0.00034171328297816217,0.002915825229138136,0.9144666194915771
6761,3,3,0.07378319650888443,7.941865078464616e-06,0.023908566683530807,0.9023002982139587
6762,3,3,0.0017857369966804981,3.5575544732324715e-09,0.004067220725119114,0.9941470623016357
6763,3,3,0.0023114995565265417,1.0817988368216902e-05,7.803382686688565e-07,0.9976769089698792
6764,3,3,0.0022471763659268618,0.000249643053393811,0.3126443326473236,0.6848588585853577
6765,3,3,3.1095889880816685e-06,5.34123301143552e-10,0.008572796359658241,0.9914241433143616
6766,0,2,0.06096639111638069,2.535743988119066e-07,0.9053999781608582,0.033633291721343994
6767,2,2,6.712757749482989e-05,4.227312820148654e-05,0.9754858016967773,0.024404872208833694
6768,3,0,0.6737335920333862,6.321512955764774e-06,0.00021811548504047096,0.32604193687438965
6769,1,1,0.00011870120943058282,0.9998676776885986,1.0842911251529586e-05,2.754200977506116e-06
6770,0,0,0.998976469039917,3.7915884831818403e-07,0.0009405605960637331,8.262720803031698e-05
6771,0,0,0.9872610569000244,2.030536052188836e-06,0.0015817837556824088,0.011155202984809875
6772,3,3,5.414220595412189e-06,2.629531536513241e-06,0.39374783635139465,0.6062440872192383
6773,3,3,2.609032456746263e-08,5.182671514170067e-10,2.6642287593858782e-06,0.9999972581863403
6774,3,3,6.719039083691314e-05,6.963455945196984e-08,0.23307126760482788,0.7668614983558655
6775,1,1,9.084320140573254e-07,0.999998927116394,1.8057376394153835e-07,3.837205397871912e-08
6776,0,0,0.8030146360397339,0.0017595019889995456,0.07692038267850876,0.11830546706914902
6777,0,0,0.9999390840530396,4.7205801934069314e-07,4.5426309952745214e-05,1.5058858480188064e-05
6778,2,2,0.00017688408843241632,5.117849286762066e-05,0.566001832485199,0.4337700605392456
6779,3,3,0.013771641068160534,2.5815902517933864e-06,0.0028605442494153976,0.9833652377128601
6780,3,3,4.0316839999832155e-07,1.7712283861825995e-09,0.0012807149905711412,0.9987188577651978
6781,3,3,1.6410855607773556e-07,7.402077562002063e-11,4.932456067763269e-05,0.9999505281448364
6782,3,3,0.0006231186562217772,5.030474525824502e-08,0.21288684010505676,0.7864899039268494
6783,3,3,7.38303356229153e-08,7.405262514303956e-11,0.00010742071754066274,0.9998924732208252
6784,2,2,0.0002282899513375014,8.58189378050156e-06,0.999572217464447,0.00019085420353803784
6785,3,3,1.2955144484294578e-05,0.00027679093182086945,0.0012679502833634615,0.9984422326087952
6786,1,1,3.498223293263436e-07,0.9999995231628418,2.577752233889896e-08,7.200420526487505e-08
6787,3,3,3.32596646330785e-05,4.83694293507142e-08,0.024462321773171425,0.9755043983459473
6788,1,1,2.696516730793519e-06,0.9999947547912598,2.5656270281615434e-06,4.737248104902392e-08
6789,2,2,0.0008308954420499504,2.890055554871651e-07,0.9962020516395569,0.0029667201451957226
6790,2,2,2.4251198382785333e-08,6.524958091197464e-12,0.9999997615814209,2.2032008928363211e-07
6791,2,2,2.7021431492357806e-07,1.2918451031129763e-10,0.9999997615814209,1.1576260838808139e-08
6792,0,0,0.999998927116394,5.981171398161678e-07,1.7221573500592058e-08,5.122918764755013e-07
6793,2,2,0.000601853069383651,0.00038812446291558444,0.9960098266601562,0.003000187687575817
6794,0,2,0.007200399413704872,0.16130377352237701,0.4900393784046173,0.34145644307136536
6795,0,0,0.8814033269882202,2.2017204173607752e-05,0.012372679077088833,0.10620196163654327
6796,2,2,0.15952995419502258,0.1388631910085678,0.6683985590934753,0.03320828825235367
6797,2,2,0.00012616206367965788,0.0021783688571304083,0.996843695640564,0.0008517690002918243
6798,1,1,2.56089288086514e-06,0.999994158744812,1.8534661876401515e-06,1.4325207757792668e-06
6799,1,1,8.115978562273085e-05,0.9998699426651001,3.7597346818074584e-05,1.1338219337631017e-05
6800,3,3,0.020590944215655327,7.986161108419765e-06,0.005401184782385826,0.9739998579025269
6801,3,3,0.00033754395553842187,5.4525656878468e-08,8.423482358921319e-05,0.9995781779289246
6802,1,1,1.8865074835616724e-08,1.0,1.5131612629559754e-09,2.58612242731715e-10
6803,0,0,0.9858734607696533,0.000904205662664026,0.007040007505565882,0.006182316690683365
6804,0,0,0.9961853623390198,1.1147226359753404e-06,0.0033675951417535543,0.00044583933777175844
6805,0,0,0.8677529692649841,0.0004728807252831757,0.09431140124797821,0.037462688982486725
6806,2,2,0.0006693199975416064,2.88273276964901e-05,0.9947757720947266,0.004526134580373764
6807,3,2,0.006819315254688263,0.0001696879044175148,0.8300459384918213,0.1629650592803955
6808,3,3,7.390596692857798e-06,2.578021796040275e-09,0.0004714782116934657,0.9995211362838745
6809,3,3,0.03601188585162163,9.076728019863367e-06,0.0527227446436882,0.9112563133239746
6810,2,2,0.0008421941893175244,2.0588360712281428e-05,0.9984012246131897,0.0007359653245657682
6811,1,1,1.234017236129148e-05,0.9999607801437378,1.6739035046953177e-08,2.6825786335393786e-05
6812,0,0,0.9989192485809326,1.1154746459851594e-07,4.07021761930082e-05,0.0010399773018434644
6813,3,0,0.45488935708999634,0.0014154970413073897,0.15088926255702972,0.39280593395233154
6814,2,2,0.0010846758959814906,0.0009107784135267138,0.9967125654220581,0.0012919821310788393
6815,3,3,0.00015446457837242633,4.274429272754787e-07,0.007317312993109226,0.9925277233123779
6816,0,0,0.9643121361732483,0.0006974409334361553,0.026845868676900864,0.00814451277256012
6817,2,2,0.0026015962939709425,0.00010938769264612347,0.9970290064811707,0.0002600018633529544
6818,0,0,0.9673831462860107,0.00895190890878439,0.005622702185064554,0.018042195588350296
6819,2,2,3.6482444556895643e-05,4.2674493272443215e-08,0.9998064637184143,0.0001570613676449284
6820,3,3,9.192754077957943e-05,3.828232664204734e-08,0.005200251005589962,0.9947078227996826
6821,3,3,8.201571290555876e-06,7.142755720224159e-09,0.08401485532522202,0.915976881980896
6822,1,1,9.327090810984373e-05,0.9998857975006104,1.6702022548997775e-05,4.112656370125478e-06
6823,3,3,0.02495136670768261,0.0005727116949856281,0.26420584321022034,0.71027010679245
6824,0,0,0.9989039897918701,3.4972683238265745e-07,0.0010032530408352613,9.237205085810274e-05
6825,1,1,3.7237549577184836e-07,0.9999969005584717,4.673566706969723e-07,2.2291749246505788e-06
6826,2,2,0.10032882541418076,0.0038556719664484262,0.7631839513778687,0.13263151049613953
6827,2,2,0.08126740157604218,0.007956436835229397,0.7844133377075195,0.1263628453016281
6828,3,3,1.337358867203875e-06,9.460583705322989e-11,0.00011994411761406809,0.9998786449432373
6829,2,2,0.0013246581656858325,4.029066985822283e-05,0.9954668283462524,0.003168136579915881
6830,1,1,0.005140932276844978,0.971001148223877,0.0010604994604364038,0.02279742993414402
6831,3,3,0.20731906592845917,0.0008357284241355956,0.32701972126960754,0.46482548117637634
6832,0,0,0.9845557808876038,1.0722404113039374e-05,0.008799576200544834,0.006633903365582228
6833,0,0,0.9999879598617554,3.4566332374197373e-07,8.385447927139467e-07,1.085693384084152e-05
6834,3,3,0.00010948658746201545,2.508961038927282e-08,0.40096762776374817,0.5989229083061218
6835,3,3,0.020540598779916763,9.805176523514092e-05,0.0013184960698708892,0.9780428409576416
6836,2,2,0.055005770176649094,7.675587403355166e-05,0.9428303837776184,0.0020870529115200043
6837,0,0,0.9999995231628418,1.307447261567063e-09,2.0762470853696868e-07,2.225530408850318e-07
6838,3,3,7.3714618338271976e-06,8.432281539683117e-09,0.01631876826286316,0.9836738109588623
6839,0,3,0.2865822911262512,0.001763255218975246,0.1494961678981781,0.5621582269668579
6840,3,3,0.002780671464279294,8.761501248955028e-07,0.002955697476863861,0.9942627549171448
6841,3,3,2.3814754968043417e-05,1.2388201575674884e-09,0.001139719970524311,0.9988364577293396
6842,3,3,0.14981476962566376,0.00032736390130594373,0.15369214117527008,0.6961656212806702
6843,3,3,0.0002847945725079626,0.002482886891812086,0.0791967362165451,0.9180355072021484
6844,3,3,5.7806460972642526e-05,2.5426452339161187e-06,0.027881762012839317,0.9720579385757446
6845,2,2,0.0118373678997159,2.1660580387106165e-05,0.9873815178871155,0.0007594288908876479
6846,2,2,0.07970485836267471,2.7845244403579272e-06,0.919024646282196,0.0012677102349698544
6847,2,2,1.68612677953206e-05,1.1619328006418073e-06,0.6982699632644653,0.3017120063304901
6848,2,2,0.002616597106680274,3.3976626582443714e-05,0.9914302229881287,0.005919264163821936
6849,2,3,0.00046574705629609525,6.985147047089413e-05,0.07666479051113129,0.9227995872497559
6850,2,2,9.965309288872959e-08,2.7584512798939365e-11,0.9999998807907104,1.7760569903657597e-08
6851,0,0,0.9909765124320984,0.0001494187890784815,0.007757457904517651,0.0011166265467181802
6852,0,0,0.9999938011169434,3.5313623811816797e-06,1.473881980018632e-06,1.1945676305913366e-06
6853,2,2,2.7438029519544216e-06,1.5818945087175962e-07,0.9877786040306091,0.012218534015119076
6854,0,0,0.9258226752281189,0.009286921471357346,0.06403488665819168,0.0008555574459023774
6855,0,0,0.9989417195320129,0.00019774949760176241,4.024999725515954e-05,0.0008203297620639205
6856,0,0,0.9587787985801697,0.0012446051696315408,1.7103597201639786e-05,0.03995942324399948
6857,1,1,0.0006739449454471469,0.9991900324821472,8.625482905699755e-07,0.00013523965026251972
6858,1,1,3.5837144878314575e-06,0.9999536275863647,4.0559127228334546e-05,2.303862856933847e-06
6859,1,1,3.562690975567051e-10,1.0,3.403098358667478e-10,8.493724820701765e-12
6860,2,2,0.05946124717593193,0.013205786235630512,0.9157611131668091,0.011571879498660564
6861,1,1,6.991505756559491e-07,0.9999992847442627,1.593112486375503e-08,2.074336480362149e-09
6862,2,2,0.15272262692451477,1.4791309695283417e-05,0.84462970495224,0.002632889663800597
6863,1,1,1.2295243323023897e-05,0.999804675579071,4.119406366953626e-05,0.0001418340252712369
6864,3,3,2.075627890008036e-06,1.153332651604444e-09,0.0001884760131360963,0.9998094439506531
6865,3,0,0.6909165978431702,0.0063521056436002254,0.12139318883419037,0.18133802711963654
6866,3,3,1.0831513463926967e-05,4.8614674785785184e-11,5.0058406486641616e-06,0.9999841451644897
6867,2,2,0.0016457312740385532,2.5133118469966576e-05,0.992925763130188,0.0054034083150327206
6868,2,2,5.894267815165222e-06,9.12563791644061e-07,0.8752981424331665,0.12469512224197388
6869,1,1,0.00043268760782666504,0.9971795082092285,0.002006105612963438,0.000381692370865494
6870,3,2,0.0068124583922326565,3.146813241983182e-06,0.8095208406448364,0.18366356194019318
6871,1,1,4.466498282340581e-08,1.0,1.7404182262037438e-10,1.3477555960150767e-08
6872,1,1,0.00046837961417622864,0.9995062351226807,1.0128993380931206e-05,1.522220736660529e-05
6873,3,3,9.695048097668746e-10,1.2253288161900855e-08,0.00035037248744629323,0.9996496438980103
6874,1,1,2.226837914065527e-08,1.0,2.5641171477741587e-11,2.2351687167798673e-09
6875,1,1,2.3404776072766253e-07,0.9999996423721313,1.3176051538721367e-07,3.436195328276881e-08
6876,1,1,6.411435606423765e-06,0.9999881982803345,5.3362938956524886e-08,5.3891340030531865e-06
6877,2,2,2.1339992599678226e-05,6.7339498421858934e-09,0.5174456834793091,0.4825330078601837
6878,2,2,0.004678329918533564,2.8689836994999496e-07,0.9952521324157715,6.91825189278461e-05
6879,0,0,0.9818275570869446,0.00028820880106650293,0.01664162054657936,0.0012426539324223995
6880,0,0,0.9988406300544739,3.412839362226805e-07,0.00014957880193833262,0.0010094634490087628
6881,1,1,0.0003549533721525222,0.9995139837265015,0.00012472648813854903,6.305294846242759e-06
6882,1,1,1.3404816456841218e-07,0.9999998807907104,5.3850635062246965e-09,7.847979155428675e-09
6883,1,1,2.2187671220308403e-06,0.9999977350234985,8.189830680294108e-08,9.687825541782047e-11
6884,1,1,0.00723204156383872,0.9914353489875793,0.0004068246344104409,0.0009257630445063114
6885,0,0,0.9987579584121704,1.5621024431311525e-05,3.942609964724397e-06,0.001222544233314693
6886,0,0,0.9998776912689209,2.1055504006994852e-08,2.2690748835429986e-07,0.00012199760385556147
6887,2,3,2.7366395443095826e-05,1.624780566089612e-06,0.15437594056129456,0.8455950617790222
6888,1,1,2.807681312333443e-06,0.9999971389770508,1.8574422000483537e-08,4.5959165362319254e-08
6889,1,1,1.3802496141579468e-06,0.9999979734420776,4.1202693523700873e-07,2.861358154859772e-07
6890,1,1,0.0026867170818150043,0.9960834980010986,0.0010789536172524095,0.00015082236495800316
6891,0,0,0.9988929629325867,0.0005536751705221832,0.00020897127978969365,0.00034439543378539383
6892,1,1,8.566405540477717e-07,0.9999979734420776,3.25835685544007e-07,8.870826491147454e-07
6893,2,2,0.004250471480190754,6.1301038840611e-06,0.9644988179206848,0.031244546175003052
6894,0,0,0.9953126907348633,0.00019768196216318756,0.0034450250677764416,0.0010445932857692242
6895,0,0,0.9998873472213745,5.0151447794632986e-05,2.9948767405585386e-05,3.252973692724481e-05
6896,0,0,0.9965937733650208,1.7008165741572157e-05,0.0024533055257052183,0.0009359467076137662
6897,1,1,0.03272978216409683,0.8681581616401672,0.07177373766899109,0.027338309213519096
6898,3,3,0.06591490656137466,0.09783409535884857,0.18427537381649017,0.6519756317138672
6899,0,0,0.9994710087776184,5.500836550709209e-07,5.8526067732600495e-05,0.00047000678023323417
6900,2,2,0.00115741859190166,3.235220447095344e-08,0.9988240599632263,1.8401755369268358e-05
6901,1,1,0.002268710872158408,0.9975737929344177,0.00011445979180280119,4.300502405385487e-05
6902,0,0,0.9993084669113159,9.740888344822451e-06,0.0005239252932369709,0.0001578233204782009
6903,3,3,0.00031612443854101,2.993318446442572e-07,0.0011194836115464568,0.9985640645027161
6904,3,3,0.00037272347253747284,2.750551786334654e-09,0.012557214125990868,0.9870700836181641
6905,2,2,0.01321308221668005,1.840775803430006e-05,0.968505322933197,0.01826321892440319
6906,2,2,0.008149289526045322,0.0045057921670377254,0.9813995957374573,0.005945385899394751
6907,1,1,0.03193983435630798,0.9661616683006287,0.0016850311076268554,0.00021342032414395362
6908,3,3,1.6018801034078933e-05,4.599009884032057e-08,3.677115819300525e-05,0.999947190284729
6909,1,1,3.393721272004768e-05,0.9998045563697815,9.240861254511401e-05,6.916169513715431e-05
6910,3,2,0.06782422959804535,0.00016198201046790928,0.8944405317306519,0.037573281675577164
6911,3,3,5.158771273272578e-06,6.00023781771597e-07,0.00021238475164864212,0.9997819066047668
6912,3,3,2.198530091845896e-05,5.211477915878504e-10,8.363285451196134e-05,0.999894380569458
6913,0,2,0.36122050881385803,0.00013249697803985327,0.5515816807746887,0.08706535398960114
6914,0,0,0.8083605766296387,0.019367609173059464,0.15626564621925354,0.016006218269467354
6915,1,1,1.6184340267955122e-07,0.9999982118606567,1.026513245960814e-06,6.0528537915161e-07
6916,2,2,0.0006154261063784361,3.1718916488898685e-06,0.999286949634552,9.449604840483516e-05
6917,2,2,0.28751087188720703,5.312400026014075e-05,0.71184241771698,0.00059356982819736
6918,1,1,8.281506779894698e-06,0.9999914169311523,1.3053647762717446e-07,6.694139642604569e-08
6919,0,2,0.0396660640835762,0.0002191930398112163,0.6893651485443115,0.27074962854385376
6920,2,2,0.031947799026966095,0.00021443053265102208,0.7539260983467102,0.21391168236732483
6921,2,2,1.2527274520834908e-05,7.741799095128954e-07,0.9999552965164185,3.142126661259681e-05
6922,1,1,2.402665131739923e-06,0.9999974966049194,4.969237021867912e-09,1.5143542952955613e-07
6923,1,1,3.608790422049424e-08,1.0,2.7599475482809055e-10,1.5325587909842397e-08
6924,1,1,3.541983096511103e-05,0.9999455213546753,4.3506952351890504e-06,1.4710858522448689e-05
6925,2,2,0.0001106483832700178,2.473314225426293e-06,0.9904638528823853,0.009422983042895794
6926,3,3,1.0744335421364326e-09,7.879900724983013e-12,0.0033267030958086252,0.9966732263565063
6927,1,1,7.606855069752783e-05,0.9998489618301392,7.083772652549669e-05,4.055409135617083e-06
6928,1,1,2.3402113583870232e-05,0.9998656511306763,0.00010542692325543612,5.464667083288077e-06
6929,0,0,0.9996023774147034,1.7462590449213167e-06,0.00014491446199826896,0.00025099460617639124
6930,1,1,0.00012873392552137375,0.9998568296432495,6.2750582401349675e-06,8.06412299425574e-06
6931,2,2,0.02294772118330002,1.2208427335735905e-07,0.8944941163063049,0.08255799114704132
6932,1,1,5.4182919484446757e-08,0.9999996423721313,4.947413501099618e-08,2.0451636828511255e-07
6933,1,1,3.950591053580865e-05,0.999932050704956,3.7846634768357035e-06,2.4691442376933992e-05
6934,2,2,0.0013725506141781807,3.596418537199497e-05,0.997885525226593,0.0007059668423607945
6935,0,0,0.9999953508377075,1.0083007282446488e-06,2.1088631001475733e-06,1.5236129229379003e-06
6936,3,2,0.000500866153743118,2.993584402588567e-08,0.6385818123817444,0.36091724038124084
6937,2,2,0.0021619393955916166,6.80119626395026e-07,0.9018057584762573,0.09603160619735718
6938,2,2,0.007824515923857689,0.008599595166742802,0.5923027396202087,0.3912732005119324
6939,1,1,7.24447772881831e-08,0.9999998807907104,1.1524550203034778e-09,4.740035475236937e-09
6940,2,2,0.0011080835247412324,4.881051722804841e-07,0.9957697987556458,0.0031215474009513855
6941,1,1,2.683768980205059e-05,0.9999266862869263,3.297165676485747e-05,1.3463537470670417e-05
6942,0,0,0.9986308217048645,0.0005307773826643825,1.0151024980586953e-05,0.0008282849448733032
6943,3,3,6.733642658218741e-05,3.8928277490413166e-07,0.15018483996391296,0.8497474193572998
6944,1,1,7.350346277235076e-05,0.9999264478683472,8.769384329809782e-09,2.2239575514504395e-08
6945,0,0,1.0,1.3814735813633128e-11,2.1032218189276364e-09,3.263910386408497e-08
6946,0,0,0.9970741271972656,3.1649838660996465e-07,0.002836118917912245,8.946071466198191e-05
6947,2,2,4.106248070456786e-06,2.8113625205605786e-08,0.9659472703933716,0.03404847905039787
6948,0,0,0.9999997615814209,3.538055848295585e-09,7.66740892998996e-09,2.4003125531635305e-07
6949,0,0,0.9996968507766724,1.99700389202917e-05,0.0002586604387033731,2.4644727091072127e-05
6950,2,1,0.0027559217996895313,0.8262808322906494,0.06342355906963348,0.10753972828388214
6951,3,0,0.4659988284111023,0.44284796714782715,0.0007173841586336493,0.09043581783771515
6952,0,0,0.9999959468841553,3.4330858511566475e-07,3.5376228879613336e-06,1.8629830833560845e-07
6953,3,3,1.6014384527807124e-05,1.8454262544764788e-06,0.00044791997061111033,0.9995342493057251
6954,2,2,0.0006877732230350375,5.586346105701523e-06,0.9991317391395569,0.00017496418149676174
6955,1,1,0.0031495806761085987,0.9950172305107117,0.0016387655632570386,0.0001943667302839458
6956,3,3,2.0670315279858187e-05,3.8943429103710514e-07,0.03138347342610359,0.968595564365387
6957,3,3,0.00011564621672732756,5.673518543858336e-09,0.004566457122564316,0.9953179359436035
6958,3,3,6.09795461059548e-06,2.293129419683737e-08,0.021999560296535492,0.9779943823814392
6959,2,0,0.5419862270355225,0.01916501857340336,0.3576153516769409,0.08123338222503662
6960,0,0,0.9986242055892944,7.873298955018981e-07,0.00127557129599154,9.946548379957676e-05
6961,2,2,8.005792187759653e-05,1.7145971753507183e-07,0.9998912811279297,2.8457734515541233e-05
6962,0,0,0.8516855835914612,0.07919488847255707,0.02339351736009121,0.04572594538331032
6963,1,1,3.449377572906087e-06,0.9999947547912598,1.6886910998437088e-06,1.4460259478710213e-07
6964,0,0,0.9999346733093262,3.0912854498410525e-08,5.38534477527719e-05,1.1471594916656613e-05
6965,0,2,0.11132679879665375,0.0008011761819943786,0.8339447975158691,0.05392724648118019
6966,2,2,2.9037892090855166e-05,8.840230520945624e-07,0.99993896484375,3.1022958864923567e-05
6967,0,0,0.9992358684539795,4.079323616679176e-07,0.0006420162389986217,0.00012162918574176729
6968,3,3,0.0008382101659663022,2.563822079082456e-07,8.945781701186206e-06,0.999152660369873
6969,2,2,0.0008069947944022715,7.562671839878021e-07,0.9963012933731079,0.0028908662497997284
6970,2,2,0.016560718417167664,3.5292985558044165e-05,0.9605348110198975,0.022869156673550606
6971,3,3,1.0044671761022528e-09,1.183355191614055e-09,0.0014822926605120301,0.9985176920890808
6972,3,3,0.0034660175442695618,3.1626537833062685e-08,0.039094336330890656,0.9574396014213562
6973,0,2,0.026060987263917923,3.3121970773208886e-05,0.869278073310852,0.10462777316570282
6974,2,2,3.394542602563888e-08,9.41594024972403e-12,0.9999994039535522,5.818027375426027e-07
6975,3,3,0.0017135986126959324,1.9180899926141137e-06,0.00023661610612180084,0.9980478286743164
6976,0,0,0.9990805387496948,8.272306331491563e-06,2.0019831936224364e-05,0.0008912102202884853
6977,1,1,0.0005614155670627952,0.9993698000907898,2.129200538547593e-06,6.668725836789235e-05
6978,1,1,7.79050246535462e-09,1.0,1.6107608580284705e-09,1.1084940076955263e-08
6979,1,1,0.01662421226501465,0.9822335839271545,0.0007854762370698154,0.00035670402576215565
6980,2,1,0.33056992292404175,0.6234511137008667,0.040689706802368164,0.005289216060191393
6981,2,3,0.04753955081105232,9.905138540489133e-07,0.22415278851985931,0.7283067107200623
6982,2,2,3.1959584703145083e-06,7.657815785933053e-07,0.9903838634490967,0.009612169116735458
6983,0,0,0.9986284971237183,4.435246592038311e-05,4.886398892267607e-05,0.0012784070568159223
6984,3,3,0.0015833120560273528,5.556291944230907e-05,0.002793395658954978,0.9955677390098572
6985,0,0,0.9937360286712646,1.4252268556447234e-06,0.005939507856965065,0.0003230059810448438
6986,2,2,5.724823282093894e-08,1.2946893557241879e-10,0.9999998807907104,7.477037655689855e-08
6987,0,0,0.9323532581329346,8.119292033370584e-06,0.005544561892747879,0.0620940625667572
6988,1,1,1.3334500181372277e-05,0.999984622001648,1.1270169579802314e-06,9.896896244754316e-07
6989,2,2,0.00011150426144013181,1.0726127896987236e-07,0.999098539352417,0.0007899480406194925
6990,0,0,0.9346415400505066,0.00011122145951958373,0.037608299404382706,0.027638867497444153
6991,3,2,6.733315240126103e-05,2.0548425461175412e-10,0.8187730312347412,0.1811595857143402
6992,3,2,0.0008303188951686025,1.7497091903351247e-05,0.6242914795875549,0.3748607039451599
6993,2,2,0.0020398746710270643,8.903761226974893e-06,0.9079516530036926,0.08999962359666824
6994,1,1,8.480934411636554e-06,0.9999872446060181,1.9523568539625558e-08,4.296001861803234e-06
6995,1,0,0.5762516260147095,0.3827037811279297,0.0012670597061514854,0.03977750986814499
6996,2,2,0.0004716651455964893,7.998414730536751e-06,0.9892020225524902,0.010318366810679436
6997,2,2,0.008140239864587784,2.5715742594911717e-05,0.986746609210968,0.005087472964078188
6998,0,0,0.9996849298477173,8.656836314457905e-08,8.588596392655745e-05,0.00022905413061380386
6999,3,3,2.2751821759925406e-08,8.497797951423358e-12,0.00020908155420329422,0.9997909665107727
7000,3,3,5.23169910593424e-05,2.767119667623774e-06,0.02658483013510704,0.9733600616455078
7001,2,2,0.020144928246736526,0.0010736605618149042,0.4978163540363312,0.4809650480747223
7002,3,3,2.2204041272289032e-07,1.3812133659030223e-09,0.0039749774150550365,0.9960248470306396
7003,3,3,2.0859745291090803e-06,6.8012631117275735e-12,7.393028499791399e-05,0.9999239444732666
7004,3,3,0.36556240916252136,1.9154347683070228e-05,4.852984784520231e-05,0.634369969367981
7005,2,2,0.0007825520006008446,1.510844231233932e-05,0.998854398727417,0.00034794252132996917
7006,1,1,4.5997376219020225e-07,0.999998927116394,8.205992685361707e-08,4.9487005071569e-07
7007,1,1,0.0041012936271727085,0.9958804845809937,1.1003606203985328e-07,1.8158880266128108e-05
7008,2,0,0.6473991274833679,0.0717570036649704,0.2641788423061371,0.016665080562233925
7009,1,1,4.448129766387865e-05,0.9999544620513916,1.9483226765260042e-07,8.416324703830469e-07
7010,1,1,2.4914988898672163e-05,0.9999641180038452,6.161251349112717e-07,1.0319773537048604e-05
7011,1,1,0.0025025219656527042,0.9972831010818481,9.340700444226968e-07,0.00021337323414627463
7012,1,1,0.06050385534763336,0.93622887134552,0.0023254689294844866,0.0009417490218766034
7013,2,3,0.0007773754769004881,5.547241380554624e-05,0.0746016800403595,0.9245655536651611
7014,3,3,0.02579706721007824,0.0006072255782783031,0.005133600439876318,0.9684620499610901
7015,3,3,0.14523100852966309,4.7420560811417545e-09,0.05254143476486206,0.8022275567054749
7016,1,1,0.07630272209644318,0.8862699270248413,0.015627900138497353,0.021799400448799133
7017,0,3,0.4193556010723114,0.0016833185218274593,0.008182477205991745,0.5707786083221436
7018,0,0,0.9978945851325989,3.905761332134716e-05,0.0019982897210866213,6.818235124228522e-05
7019,1,1,3.25819019053597e-05,0.9999667406082153,4.030974025681644e-07,2.536922067974956e-07
7020,2,2,4.7614526010875124e-07,3.9949949837136955e-07,0.9999369382858276,6.213830783963203e-05
7021,0,0,0.9999396800994873,1.2665288977586897e-06,4.9057711294153705e-05,9.959789167623967e-06
7022,0,0,0.9523479342460632,0.0001497544872108847,0.02867479808628559,0.018827537074685097
7023,3,3,0.0023527531884610653,2.128213418473024e-05,0.06725336611270905,0.9303725957870483
7024,0,0,0.9978742599487305,1.8905098841059953e-05,0.0020598790142685175,4.697782060247846e-05
7025,0,0,0.9666593670845032,0.0038640915881842375,0.002306082984432578,0.02717045322060585
7026,2,2,2.3093536583473906e-05,3.346821841887504e-08,0.9999750852584839,1.7694873122309218e-06
7027,3,3,0.012292178347706795,0.0004057289334014058,4.6607121475972235e-05,0.9872555732727051
7028,2,2,9.101368959818501e-06,4.812546649191063e-06,0.9993159770965576,0.000670133566018194
7029,0,0,0.9999508857727051,4.589377567754127e-05,7.818438803042227e-07,2.331044697712059e-06
7030,2,1,0.396716833114624,0.4697178304195404,0.08755259215831757,0.046012815088033676
7031,3,0,0.6253714561462402,0.0029525046702474356,0.00016795012925285846,0.37150806188583374
7032,0,0,0.4452342092990875,0.0011836314806714654,0.11540258675813675,0.438179612159729
7033,2,2,0.0004263347655069083,9.013319504447281e-05,0.7848628163337708,0.2146206945180893
7034,0,0,0.9999567270278931,3.445026663939643e-07,3.033856592082884e-05,1.2552431144285947e-05
7035,3,3,8.71902666403912e-05,2.1522148472286062e-06,0.00037021227763034403,0.9995404481887817
7036,3,3,0.10229407250881195,5.438217343112228e-08,0.027553604915738106,0.8701522350311279
7037,0,0,0.9580331444740295,1.2601821254065726e-05,0.023642422631382942,0.018311822786927223
7038,3,3,0.0002722311473917216,1.6512879388516644e-12,0.002562388312071562,0.9971653819084167
7039,2,2,0.0005669400561600924,2.050480543402955e-05,0.997435986995697,0.001976608531549573
7040,3,3,0.0012419109698385,0.0012895100517198443,0.0021639391779899597,0.9953047037124634
7041,0,0,0.6113854050636292,0.001766122761182487,0.2823963165283203,0.10445213317871094
7042,2,2,0.001576578477397561,4.057197656948119e-06,0.9963884353637695,0.002030997769907117
7043,2,2,0.0285860113799572,1.98798034034553e-06,0.9712262153625488,0.00018582343182060868
7044,3,3,0.1608274132013321,9.479561413172632e-05,0.00015480235742870718,0.8389229774475098
7045,2,2,0.00013554970792029053,5.22966274729697e-06,0.9993770718574524,0.00048213356058113277
7046,2,2,0.0004889166448265314,0.0003521468897815794,0.9113388657569885,0.08782012015581131
7047,1,1,4.403701950650429e-06,0.9999951124191284,1.4930185443517985e-07,3.962465484619315e-07
7048,3,3,3.497659761819705e-08,2.7750192551842523e-13,0.003925088327378035,0.9960748553276062
7049,3,3,0.0044879307970404625,1.2846637087449153e-09,0.14428763091564178,0.851224422454834
7050,2,2,5.235183948570921e-07,1.8761416031853884e-10,0.9999995231628418,3.7803193464469587e-08
7051,2,3,0.0033543065655976534,8.102148058242165e-06,0.023800581693649292,0.972836971282959
7052,3,3,1.032124873745488e-05,4.053025293160317e-08,3.902281605405733e-05,0.999950647354126
7053,0,0,0.9998910427093506,5.574682937492526e-10,0.00010474590089870617,4.1851594687614124e-06
7054,3,3,3.822259714070242e-06,5.838855621220773e-09,1.3734167623624671e-05,0.999982476234436
7055,3,3,7.730447464382451e-07,1.7568803301060143e-08,6.907557121849095e-07,0.9999985694885254
7056,2,2,0.0007924737874418497,8.566252631680982e-07,0.9988154172897339,0.0003912471001967788
7057,2,2,0.001022599171847105,2.0374432097014505e-07,0.9989522695541382,2.4948498321464285e-05
7058,0,0,0.9998773336410522,1.4367717016128267e-09,7.98373730503954e-05,4.28377534262836e-05
7059,3,0,0.6317396759986877,0.0005986283649690449,0.0007921787328086793,0.3668695390224457
7060,3,3,0.0004872626159340143,7.773060497129336e-05,0.00012636261817533523,0.9993085861206055
7061,2,3,0.12666694819927216,0.002678074175491929,0.41890522837638855,0.451749712228775
7062,3,3,2.1640526028932072e-05,2.055167147574366e-09,8.317548781633377e-05,0.9998952150344849
7063,0,0,0.9846891164779663,3.476061101537198e-05,0.003227574983611703,0.012048519216477871
7064,1,1,0.0004921382642351091,0.9994244575500488,1.5243310826917877e-06,8.187412458937615e-05
7065,0,0,0.8116370439529419,5.456427842887024e-08,0.17874279618263245,0.009620048105716705
7066,1,1,6.645691610174254e-05,0.999933123588562,2.3795785342173303e-09,3.0357008995451906e-07
7067,3,3,0.00022403702314477414,5.223043664237537e-10,0.0002778415218926966,0.9994981288909912
7068,3,2,1.3783854058146972e-07,1.2553683518490288e-05,0.9930786490440369,0.006908610463142395
7069,1,1,1.972102836589329e-05,0.999733030796051,4.615484172632023e-08,0.0002472025516908616
7070,2,2,0.1075182780623436,0.33230066299438477,0.5262096524238586,0.033971358090639114
7071,0,0,0.9998764991760254,8.754115583542443e-07,1.481178912854375e-07,0.00012250893632881343
7072,1,3,0.01768462359905243,0.4423264265060425,0.0028955379966646433,0.5370934009552002
7073,0,2,0.40180251002311707,0.0003670163278002292,0.5733004808425903,0.024529993534088135
7074,2,2,0.07390257716178894,6.007152114761993e-05,0.7819405198097229,0.14409686625003815
7075,2,2,0.007233297452330589,1.0556339020695304e-06,0.9926596283912659,0.00010602732072584331
7076,0,2,0.026642480865120888,0.0027977037243545055,0.9448214769363403,0.02573825605213642
7077,0,0,0.888382613658905,0.11146733909845352,5.955598680884577e-05,9.048292849911377e-05
7078,1,1,0.0007016611634753644,0.9989073276519775,0.00015310377057176083,0.00023791211424395442
7079,0,0,0.9982938170433044,0.00010690779890865088,0.001073768944479525,0.0005254448624327779
7080,2,2,0.0003806816239375621,3.335973815410398e-05,0.9965745210647583,0.0030114841647446156
7081,2,3,0.021341267973184586,0.0010339556029066443,0.032712310552597046,0.9449124932289124
7082,2,2,6.294081686064601e-05,0.0001733002281980589,0.9905154705047607,0.009248255752027035
7083,3,2,0.0037071092519909143,0.0003086029028054327,0.800764262676239,0.19521993398666382
7084,3,3,8.125125532387756e-06,3.134163761853159e-10,5.7570756325731054e-05,0.9999343156814575
7085,1,1,0.00024127381038852036,0.9996961355209351,1.1727383025572635e-05,5.087865793029778e-05
7086,0,0,0.9999963045120239,2.8509795413356187e-08,2.4323589968844317e-06,1.324273057434766e-06
7087,0,0,0.9987521171569824,0.0005296964081935585,0.0005937675596214831,0.00012441030412446707
7088,1,1,0.005268968176096678,0.9927460551261902,0.0009873401140794158,0.0009976655710488558
7089,3,3,0.00017221362213604152,5.317739351085038e-07,0.0027480307035148144,0.9970792531967163
7090,1,1,0.004950732458382845,0.9489126801490784,0.016803482547402382,0.029333170503377914
7091,0,0,0.9960988759994507,0.00015675929898861796,0.001514856587164104,0.0022294868249446154
7092,3,3,0.007472870871424675,4.462386371528737e-08,0.00016136358317453414,0.9923657774925232
7093,3,3,0.036758001893758774,5.063947901362553e-05,0.0027982464525848627,0.9603931903839111
7094,1,1,9.269805190115221e-08,0.9999998807907104,2.1760913071489085e-08,3.738415355059033e-09
7095,1,1,0.007674798369407654,0.9922829270362854,3.363397627254017e-05,8.643589353596326e-06
7096,3,3,8.360244828509167e-05,1.7530851437186357e-08,0.006589873228222132,0.9933265447616577
7097,3,3,0.01276362594217062,0.0036474568769335747,0.0343143567442894,0.9492745399475098
7098,2,2,5.315996895660646e-05,1.1879847079399042e-06,0.9998132586479187,0.00013247986498754472
7099,0,0,0.998636782169342,5.951241109869443e-05,0.0011221417225897312,0.00018153732526116073
7100,2,2,0.0020326219964772463,0.0016991106094792485,0.8757611513137817,0.12050702422857285
7101,0,0,0.9999982118606567,2.3962819284406578e-08,1.2631483059521997e-06,4.197902399027953e-07
7102,3,3,0.000519327528309077,0.00020765325461979955,0.07043422013521194,0.9288387894630432
7103,2,2,0.00012394758232403547,0.00027275842148810625,0.9759041666984558,0.023699138313531876
7104,2,2,1.930564621943631e-06,9.469723494248683e-08,0.9999462366104126,5.1815259212162346e-05
7105,1,1,3.4830389950002427e-07,0.9999963045120239,4.414807719399505e-08,3.281570116087096e-06
7106,2,2,0.00013560520892497152,1.1673400877043605e-06,0.9990496039390564,0.0008135246462188661
7107,1,1,5.889020258109667e-07,0.9999990463256836,1.0886301993195957e-07,1.9025905828584655e-07
7108,2,3,0.017729774117469788,0.006736782845109701,0.45347288250923157,0.5220605731010437
7109,2,2,0.0024587754160165787,2.931681592599489e-06,0.9897848963737488,0.0077533964067697525
7110,0,0,0.7766059637069702,0.0002248469681944698,0.21299920976161957,0.010169954039156437
7111,3,3,0.002681034617125988,2.1867986532697614e-08,0.004265424329787493,0.9930534958839417
7112,3,2,0.039322830736637115,0.0005083960713818669,0.8119511008262634,0.14821766316890717
7113,1,1,0.0033977294806391,0.996475875377655,0.00011612466914812103,1.0175011084356811e-05
7114,2,2,5.4125237511470914e-05,1.5127605834663882e-09,0.9999392032623291,6.697877779515693e-06
7115,2,2,0.0016880572075024247,3.8104658415250015e-06,0.9973401427268982,0.0009680730290710926
7116,2,2,0.008083589375019073,3.3832891404017573e-06,0.9917603731155396,0.00015269122377503663
7117,2,2,0.0068732560612261295,8.214227273128927e-05,0.9858530759811401,0.0071916100569069386
7118,0,0,0.9996780157089233,3.2253965400741436e-06,0.00019997057097498327,0.0001188484748126939
7119,2,2,0.00014865529374219477,1.4158230214889045e-06,0.9996324777603149,0.0002175142872147262
7120,3,3,4.232389528624481e-06,1.2624918888093362e-09,0.010053027421236038,0.9899426698684692
7121,2,2,0.000123344172607176,1.9891149349859916e-06,0.9952166080474854,0.004658053629100323
7122,3,3,0.06591536849737167,3.274048867751844e-05,0.2168903350830078,0.7171615958213806
7123,1,1,0.0010841041803359985,0.993723452091217,0.004327625501900911,0.000864752393681556
7124,2,2,0.0002593871031422168,0.0008848035940900445,0.9874413013458252,0.011414509266614914
7125,3,3,2.825419414875796e-06,3.6465037656085997e-09,0.0024815520737320185,0.9975156784057617
7126,3,3,0.00016147135465871543,3.238337171751482e-07,0.0046983277425169945,0.9951398372650146
7127,1,1,1.5104387784958817e-05,0.9999634027481079,1.8923691502692463e-09,2.143720121239312e-05
7128,1,1,2.397703191547862e-08,0.9999998807907104,5.2634625546943425e-08,4.1307043896487983e-10
7129,3,3,2.547931671870174e-06,3.380138113850961e-10,0.015000112354755402,0.9849973917007446
7130,2,2,1.875637099146843e-05,3.087213542585232e-07,0.9999741315841675,6.827920969953993e-06
7131,2,1,0.14291974902153015,0.6844300031661987,0.1695018708705902,0.0031483881175518036
7132,0,0,0.9496217370033264,1.6532736708541051e-06,0.006843303795903921,0.04353329911828041
7133,0,0,0.9437754154205322,0.0009640951175242662,0.025003081187605858,0.03025742992758751
7134,2,2,1.2111107935197651e-05,2.3488730960252724e-08,0.9877793192863464,0.012208560481667519
7135,2,2,0.00028319438570179045,0.00021538148575928062,0.9986384510993958,0.0008629057556390762
7136,3,3,0.0032603545114398003,2.5455753984715557e-06,0.0004312685632612556,0.9963059425354004
7137,0,0,0.9726799726486206,1.8497164546715794e-06,2.283762842125725e-05,0.027295341715216637
7138,1,1,1.5192405953712296e-05,0.9999649524688721,9.345668331661727e-06,1.0508679224585649e-05
7139,3,3,6.09194239586941e-06,1.0588548787771046e-10,2.124282900695107e-06,0.999991774559021
7140,0,0,0.9943734407424927,0.0008806614787317812,0.0033868912141770124,0.0013589495792984962
7141,1,1,0.006180231459438801,0.9928687214851379,0.0007062196964398026,0.0002447923761792481
7142,1,1,3.26258970062554e-07,0.9999991655349731,1.7540347130307055e-07,3.8169628169271164e-07
7143,1,1,8.765430692392329e-08,0.9999995231628418,5.330959229610244e-09,3.6344178511171776e-07
7144,0,0,0.6917653679847717,0.0017651694361120462,0.05473007261753082,0.25173935294151306
7145,0,0,0.9946298599243164,0.0037508271634578705,0.0010574876796454191,0.0005617217975668609
7146,2,2,0.0004946546396240592,7.409084190612703e-08,0.829176664352417,0.17032867670059204
7147,3,3,0.00024292393936775625,7.688753612455912e-06,0.17925484478473663,0.820494532585144
7148,3,2,3.645950346253812e-05,3.50423033523839e-05,0.9878355860710144,0.012092847377061844
7149,1,1,0.004518038593232632,0.9860628247261047,0.005729478318244219,0.003689730307087302
7150,1,1,1.3453040992317256e-07,0.9999985694885254,3.8593103113271354e-07,9.355563292956504e-07
7151,1,1,2.5881417968776077e-06,0.9999916553497314,5.301459623296978e-06,4.4690963818538876e-07
7152,1,1,7.563267718069255e-05,0.9998903274536133,2.9718767109443434e-05,4.287846422812436e-06
7153,1,1,7.31220779925934e-07,0.9999839067459106,3.6878518585581332e-06,1.168408925877884e-05
7154,3,3,1.0801853989050869e-07,4.029556244233845e-09,4.435698883753503e-06,0.9999954700469971
7155,1,1,9.115233012835233e-08,0.9999996423721313,1.374418019395307e-07,8.994323508204616e-08
7156,1,1,9.939168421624345e-07,0.9999990463256836,7.674426427684011e-09,1.1059813065372737e-09
7157,3,0,0.7009161114692688,7.945255674712826e-06,0.09656430035829544,0.20251163840293884
7158,2,2,0.0006441163714043796,5.443534973892383e-06,0.9905656576156616,0.0087848249822855
7159,0,0,0.9999605417251587,2.497244167898316e-05,1.5870921288296813e-07,1.4320951777335722e-05
7160,1,1,7.627564173162682e-06,0.9999914169311523,5.858134386471647e-07,3.56605795559517e-07
7161,1,1,3.5009765042559593e-07,0.9999994039535522,8.59589164292629e-08,1.4335799392029003e-07
7162,1,1,2.37615245168854e-06,0.999997615814209,1.9236596315863608e-08,5.47794805072499e-08
7163,0,0,0.972226083278656,3.460563311818987e-05,0.008230706676840782,0.01950850896537304
7164,1,2,0.03792513161897659,0.06361541897058487,0.8932338356971741,0.0052255974151194096
7165,1,1,0.00015254245954565704,0.9994882345199585,1.2389574294502381e-05,0.00034687345032580197
7166,1,1,5.436791070678737e-06,0.9999938011169434,4.493191454457701e-07,3.706531686020753e-07
7167,0,0,0.9999866485595703,1.241984826094722e-08,8.892287041817326e-06,4.444077148946235e-06
7168,1,0,0.9464453458786011,0.0490882471203804,1.685479946900159e-05,0.004449646919965744
7169,1,1,0.00028433979605324566,0.9996460676193237,5.779727143817581e-05,1.1741331945813727e-05
7170,0,0,0.9999980926513672,5.253002655081218e-08,9.145455805992242e-07,8.897482075553853e-07
7171,0,0,0.9985126852989197,0.0002488472091499716,5.300289922161028e-05,0.0011855058837682009
7172,0,0,0.9999910593032837,1.8839359654521104e-06,1.8113566113697743e-07,6.846306405350333e-06
7173,2,2,0.0067862230353057384,0.005510295741260052,0.9699105620384216,0.01779288798570633
7174,1,1,1.24949519886286e-05,0.9999867677688599,4.719256878615852e-07,2.8302892474130203e-07
7175,1,1,0.0003928549704141915,0.9995019435882568,9.653298184275627e-05,8.674994205648545e-06
7176,0,0,0.9999663829803467,1.7273013019902805e-09,2.7039877750212327e-06,3.085529533564113e-05
7177,3,3,0.00026187370531260967,1.8709218920776038e-06,0.013066679239273071,0.9866695404052734
7178,0,0,0.996099591255188,0.00011908159649465233,0.0034108504187315702,0.00037055727443657815
7179,0,0,0.9985558390617371,0.0002161571173928678,3.58822762791533e-05,0.0011922091944143176
7180,0,0,0.999930739402771,1.1225834839478921e-07,5.522794526768848e-05,1.3926360225013923e-05
7181,2,2,0.02694576419889927,0.0025045962538570166,0.9612318873405457,0.009317728690803051
7182,1,1,0.00022467048256658018,0.9994978904724121,8.148037159116939e-05,0.00019605530542321503
7183,1,1,1.5011931282060686e-05,0.9999059438705444,2.2530140995513648e-05,5.649602462654002e-05
7184,1,1,4.918853733215656e-07,0.9999995231628418,1.9392981442933888e-08,5.474302966490541e-08
7185,1,1,4.76326427190088e-08,0.9999994039535522,4.927929353470972e-07,3.4966418649418074e-09
7186,1,1,0.05114434286952019,0.9445334076881409,0.0031208328437060118,0.0012014555977657437
7187,0,0,0.9993048906326294,6.500203653558856e-06,0.0005384291871450841,0.00015019778220448643
7188,1,1,0.00035136908991262317,0.9994345307350159,0.00014707162335980684,6.690524605801329e-05
7189,2,2,0.015957817435264587,0.00023944498389028013,0.969229519367218,0.014573181048035622
7190,1,1,5.023006792725937e-07,0.9999994039535522,4.54318858089664e-08,8.18223622189862e-09
7191,1,1,5.911892731091939e-05,0.999762237071991,0.0001764123881002888,2.304674353581504e-06
7192,1,1,3.6696468441732577e-07,0.9999996423721313,2.802667875556608e-09,3.0177385590413053e-10
7193,1,1,5.865056351694875e-08,0.9999998807907104,6.543214414733711e-09,1.7634292248658312e-08
7194,3,3,0.0003528870875015855,1.5991845347951283e-10,0.00035133768687956035,0.999295711517334
7195,0,0,0.9999936819076538,4.908073606202379e-06,1.0746908856162918e-06,3.7882858805460273e-07
7196,1,1,3.476016585679531e-09,1.0,1.0857244270301436e-10,6.232855898069545e-10
7197,0,0,1.0,1.176465813657046e-09,1.7005954422444347e-09,4.051793567327877e-09
7198,0,0,0.7708591222763062,0.18678663671016693,0.0015427212929353118,0.04081149771809578
7199,1,1,4.0927330701379105e-05,0.9999566078186035,1.0384864879142697e-07,2.3350698938884307e-06
7200,0,0,0.9999552965164185,2.693277267873384e-10,3.562835991033353e-05,9.018403943628073e-06
7201,1,1,8.834600157570094e-05,0.9999083280563354,1.979051830858225e-06,1.3090017318972968e-06
7202,3,3,6.783213757444173e-05,7.385288380845623e-09,0.09983900189399719,0.900093138217926
7203,0,0,0.8194440007209778,0.00029187355539761484,0.1779136061668396,0.0023504793643951416
7204,2,2,1.580951902724337e-05,4.761246600537561e-06,0.9999351501464844,4.428336978890002e-05
7205,3,3,6.027338531566784e-05,1.877247024495432e-09,0.01991674304008484,0.9800230264663696
7206,3,3,0.0001376754662487656,6.8663912315969355e-06,1.1498283924993302e-07,0.9998552799224854
7207,3,3,0.020691225305199623,4.450160122360103e-05,0.06768273562192917,0.9115814566612244
7208,0,0,0.9995967745780945,1.2344811750608642e-07,0.00024293198657687753,0.00016010187391657382
7209,2,2,0.001980232074856758,0.0002231237303931266,0.654999315738678,0.34279724955558777
7210,2,3,0.006944890599697828,0.0006361049017868936,0.4653472304344177,0.5270717144012451
7211,1,1,3.8318319184327265e-07,0.9999990463256836,7.521364087104132e-10,5.404001512943069e-07
7212,1,1,0.000327801943058148,0.999669075012207,1.0344900829295511e-06,2.1068924525025068e-06
7213,1,1,1.3968617167847697e-05,0.999985933303833,6.771770699742774e-08,2.283112365830675e-08
7214,2,2,0.005770449992269278,1.626932316867169e-06,0.9916382431983948,0.002589751733466983
7215,3,2,0.12425153702497482,0.333126962184906,0.4467621445655823,0.09585928916931152
7216,2,2,0.051420848816633224,0.002624394604936242,0.8832752108573914,0.06267957389354706
7217,2,2,0.017048262059688568,0.0011067921295762062,0.9410438537597656,0.04080101475119591
7218,1,1,0.00013923659571446478,0.9997400641441345,5.024618985771667e-06,0.00011571069626370445
7219,0,0,0.9569060802459717,0.00010798584844451398,0.0011873330222442746,0.04179854691028595
7220,0,0,0.9695452451705933,0.010327134281396866,0.015234986320137978,0.00489258486777544
7221,1,1,0.00011745491792680696,0.9998689889907837,6.48803234071238e-06,7.049176474538399e-06
7222,1,1,0.0011744553921744227,0.9889355301856995,0.000601314241066575,0.009288718923926353
7223,2,2,0.0005492597701959312,0.0002057029923889786,0.9984879493713379,0.0007570054149255157
7224,0,0,0.9887604713439941,0.003453359939157963,0.005905793979763985,0.0018804057035595179
7225,0,0,0.9993284940719604,9.945005149347708e-05,0.00027312940801493824,0.0002989689528476447
7226,0,0,0.9999885559082031,9.006721057858158e-08,3.962022219639039e-06,7.409073532471666e-06
7227,2,2,0.007617915514856577,1.82720414159121e-05,0.9911422729492188,0.0012215295573696494
7228,2,0,0.9999889135360718,3.3102414143115766e-09,8.823901680443669e-07,1.02025014712126e-05
7229,0,0,0.8819342255592346,0.003280143951997161,0.09426958858966827,0.0205160491168499
7230,2,2,0.009417768567800522,0.0004097828350495547,0.9819859266281128,0.00818650983273983
7231,3,3,4.068471753271297e-06,1.0777575498721603e-09,0.04203195497393608,0.9579640030860901
7232,1,1,0.0006171659915708005,0.9993757605552673,1.7794349105315632e-06,5.340166353562381e-06
7233,2,2,0.00012602313654497266,3.123600436083507e-06,0.9997071623802185,0.0001636723754927516
7234,1,1,2.686746302060783e-05,0.9999721050262451,8.274166241051262e-09,1.0982092817357625e-06
7235,1,1,2.7235744326503664e-08,0.9999998807907104,4.738573622375952e-08,1.8156452341600016e-08
7236,2,2,6.832984945503995e-05,0.0006955777062103152,0.9986969828605652,0.0005391458980739117
7237,0,0,0.9999936819076538,7.321608208599173e-09,5.435224466054933e-06,8.074580364336725e-07
7238,0,1,0.0003615308669395745,0.9996273517608643,1.03125894383993e-05,8.912413136386022e-07
7239,0,3,0.07967236638069153,4.928251655655913e-05,0.23771493136882782,0.6825633645057678
7240,2,2,0.02954079769551754,4.162900950177573e-05,0.9312037229537964,0.039213813841342926
7241,2,3,2.0871144442935474e-05,1.017846855688731e-07,0.4406924843788147,0.5592865347862244
7242,2,2,9.126139048021287e-05,0.0003092159458901733,0.9740291833877563,0.025570346042513847
7243,1,1,2.940175818366697e-06,0.999996542930603,5.121905246596725e-07,2.7340684383148073e-08
7244,0,0,0.9999985694885254,1.1907730801397065e-08,4.4162305812278646e-07,9.120480513047369e-07
7245,0,0,0.9999785423278809,4.645041371986736e-06,1.7970844368164762e-08,1.6827356375870295e-05
7246,3,3,2.6292220809409628e-06,8.238942514338099e-12,0.00033388944575563073,0.9996634721755981
7247,3,2,0.040036752820014954,3.854944952763617e-05,0.4868968725204468,0.47302788496017456
7248,0,0,0.954289436340332,0.020435942336916924,7.600809476571158e-05,0.025198563933372498
7249,2,2,0.0001748513604979962,2.4970348022179678e-05,0.9985464215278625,0.0012536562280729413
7250,2,2,0.012677857652306557,3.7819281715201214e-06,0.9858518242835999,0.0014665009221062064
7251,2,2,0.0016464843647554517,7.000508048804477e-05,0.9982176423072815,6.59114884911105e-05
7252,0,0,0.9995701909065247,4.3849435314768925e-05,0.00023620469437446445,0.0001497230405220762
7253,0,0,0.9999423027038574,5.103713647258701e-07,5.1728999096667394e-05,5.481831067299936e-06
7254,1,1,0.00017058818775694817,0.9998264908790588,2.1145832818092458e-07,2.737363047344843e-06
7255,3,3,0.000325670960592106,6.709607305310783e-07,0.07836319506168365,0.9213104248046875
7256,0,0,0.9478006362915039,1.1046676263504196e-05,0.05188923329114914,0.00029909159638918936
7257,0,0,0.9994068145751953,4.297581199352862e-06,0.0005174164543859661,7.149892917368561e-05
7258,2,2,0.02711407095193863,0.0005105755408294499,0.8492300510406494,0.12314525246620178
7259,2,2,0.0001005939266178757,1.0848385500139557e-05,0.9876706600189209,0.012217932380735874
7260,3,3,2.253376806038432e-06,2.6963251631428875e-09,0.009513186290860176,0.9904845952987671
7261,1,1,3.290928725618869e-05,0.9998462200164795,5.548535227717366e-06,0.00011520775296958163
7262,3,2,0.004665932152420282,0.002834044396877289,0.5285989046096802,0.4639011323451996
7263,2,2,0.03180435672402382,0.053937189280986786,0.7449700832366943,0.16928832232952118
7264,0,0,0.9999997615814209,1.8497145504170476e-07,1.779137837054634e-09,7.540769075831122e-08
7265,2,2,0.0015708713326603174,1.2873957189185603e-07,0.99785977602005,0.0005691617261618376
7266,2,2,0.002483972581103444,3.378233031980926e-06,0.9961280226707458,0.0013846283545717597
7267,0,0,0.9999767541885376,4.967719569037854e-10,4.329811872594291e-06,1.8944660041597672e-05
7268,3,3,0.0004034048179164529,2.4141938226307502e-08,0.2249019891023636,0.7746946215629578
7269,1,1,1.665361004654642e-08,1.0,2.842603374908492e-10,3.278500804171358e-10
7270,3,3,0.000348632805980742,1.0939960475297994e-06,0.40979301929473877,0.5898572206497192
7271,3,3,0.002551591256633401,9.379746188642457e-06,0.059210680425167084,0.9382283687591553
7272,3,3,0.0008987789042294025,4.308809664621549e-08,0.0007830592221580446,0.9983181953430176
7273,3,3,0.00014181472943164408,4.453369939483309e-08,0.05008798837661743,0.9497702121734619
7274,3,3,0.02226945199072361,0.0012592286802828312,0.058716222643852234,0.9177550673484802
7275,3,3,0.0036767732817679644,4.069932799666276e-07,0.005973142106086016,0.9903497695922852
7276,1,1,0.0008993705851025879,0.9990921020507812,1.2710377461644384e-07,8.396648809139151e-06
7277,0,0,0.9965110421180725,0.00016069340927060694,0.0031920464243739843,0.00013620326353702694
7278,1,3,0.1965147703886032,0.3111318349838257,0.16883327066898346,0.32352012395858765
7279,1,1,0.17362576723098755,0.8165440559387207,0.004839035216718912,0.004991123918443918
7280,0,0,0.9998995065689087,8.230809908127412e-05,1.4678945262858178e-05,3.469407147349557e-06
7281,1,1,6.215374526163941e-08,0.9999998807907104,2.1393857352336454e-08,8.345780733165498e-10
7282,2,2,0.022575782611966133,0.03114759735763073,0.9413172602653503,0.004959323909133673
7283,1,1,6.018448402755894e-06,0.9999936819076538,3.1381679832520604e-07,1.7013574549196164e-08
7284,0,0,0.9999991655349731,1.9432741638070183e-08,3.682880276301148e-07,4.826077883990365e-07
7285,0,0,0.9724133014678955,2.110009063471807e-06,0.025800442323088646,0.0017841566586866975
7286,2,2,0.0002785925753414631,0.0015810041222721338,0.9887526631355286,0.009387725964188576
7287,1,1,2.6009849989350187e-06,0.9999700784683228,2.3070857423590496e-05,4.271351826901082e-06
7288,1,1,0.0011711081024259329,0.9977933168411255,0.0008289089309982955,0.000206669676117599
7289,1,1,1.8343867536074754e-09,0.9999986886978149,1.6000906555291294e-07,1.2392797543725464e-06
7290,2,2,0.007142798975110054,0.00015253496530931443,0.6116876602172852,0.3810170292854309
7291,3,3,0.008064224384725094,0.00024677053443156183,0.003956608008593321,0.9877324104309082
7292,0,0,0.9876602292060852,5.614898327621631e-05,0.011775832623243332,0.0005078584654256701
7293,3,3,7.921581709524617e-05,0.00012184636580059305,0.062042657285928726,0.9377562999725342
7294,2,2,7.454326987499371e-05,9.080973768504919e-07,0.953735888004303,0.0461885929107666
7295,0,0,0.9999961853027344,1.5394229890830502e-08,3.48593471244385e-06,3.787229445606499e-07
7296,3,3,4.054554381127673e-08,5.30381999170465e-13,2.207308256174656e-07,0.9999997615814209
7297,3,3,1.131153226197057e-06,2.4898863526523485e-10,5.257003977021668e-06,0.9999935626983643
7298,1,1,0.03440273925662041,0.9633089303970337,0.0006741813849657774,0.0016141689848154783
7299,0,0,0.9921801090240479,1.608207094250247e-05,0.0010452051647007465,0.0067585669457912445
7300,2,2,0.007931296713650227,0.023406336084008217,0.9313056468963623,0.037356745451688766
7301,2,2,0.0006328530726023018,3.2073480724648107e-06,0.9982813596725464,0.0010825333883985877
7302,3,3,2.3193676952359965e-06,2.432638090965611e-08,3.857611773128156e-06,0.9999938011169434
7303,2,2,0.00044643745059147477,3.4197946661151946e-05,0.9618495106697083,0.03766978532075882
7304,3,3,0.01967586949467659,5.615339250653051e-05,0.21752583980560303,0.7627421021461487
7305,3,2,0.11582836508750916,0.01115761324763298,0.634276807308197,0.23873724043369293
7306,3,3,0.008517405018210411,5.828316352562979e-05,0.4206058979034424,0.5708184242248535
7307,3,2,1.783077823347412e-05,8.775565163432475e-08,0.6466943621635437,0.3532877564430237
7308,1,1,2.204964403063059e-06,0.9999791383743286,1.7781041606212966e-05,8.234464417000709e-07
7309,2,2,2.309345745743485e-06,1.887385359111704e-08,0.9829108119010925,0.01708683930337429
7310,1,1,0.00032968298182822764,0.999452531337738,0.0002076682576444,1.011213862511795e-05
7311,3,3,0.020939674228429794,9.895960602079867e-07,0.15722693502902985,0.8218324184417725
7312,0,0,0.9999754428863525,1.3676744856638834e-05,4.494572749536019e-06,6.366363777488004e-06
7313,0,0,0.997725784778595,0.00011367630213499069,2.2449235075328033e-06,0.0021582364570349455
7314,0,0,0.582236647605896,0.006247857119888067,0.13459935784339905,0.27691611647605896
7315,1,1,0.00012172910646768287,0.9998669624328613,8.163543498085346e-06,3.1095378290046938e-06
7316,1,1,2.318404540346819e-06,0.9999933242797852,3.966256826970493e-06,4.0154117186830263e-07
7317,1,1,3.107276924652069e-08,0.9999998807907104,1.4174302975789033e-07,1.8591096662134987e-08
7318,2,2,0.0022676181979477406,9.193677215080243e-06,0.9806917905807495,0.017031313851475716
7319,3,3,5.469204324981547e-07,6.126061897343549e-12,0.03895333409309387,0.9610460996627808
7320,0,0,0.999980092048645,9.599197881016153e-08,1.8200518752564676e-05,1.5416241012644605e-06
7321,2,2,0.0012163599021732807,1.4758272470771772e-07,0.9987733960151672,1.0125795597559772e-05
7322,3,3,0.002946701133623719,9.49850982578937e-06,0.009441055357456207,0.9876027703285217
7323,3,3,0.0005976383690722287,2.276051125349454e-09,0.0036869344767183065,0.9957154393196106
7324,3,2,0.009442921727895737,0.0011127530597150326,0.6508349776268005,0.33860936760902405
7325,3,2,0.00024254895106423646,1.2540575689001798e-08,0.6672559380531311,0.33250150084495544
7326,1,1,2.7201904231333174e-05,0.9971056580543518,9.997583401855081e-05,0.0027671107091009617
7327,0,0,0.9999798536300659,6.857933243509251e-08,6.663743988610804e-06,1.3348202628549188e-05
7328,2,2,0.000612252508290112,3.0452647479251027e-05,0.9984496831893921,0.0009075226844288409
7329,2,2,7.94407787907403e-06,5.4363655799249955e-09,0.9430557489395142,0.05693624168634415
7330,2,2,0.010149342007935047,0.00020996018429286778,0.9222188591957092,0.0674218237400055
7331,0,0,0.6928761601448059,6.895011028973386e-05,0.3008340895175934,0.006220744922757149
7332,3,3,2.338795457035303e-05,1.7459645107464894e-07,0.20088717341423035,0.799089252948761
7333,2,2,0.002011478180065751,0.0005113995284773409,0.9973715543746948,0.000105582395917736
7334,2,2,0.012697235681116581,0.0023015744518488646,0.9672744274139404,0.017726700752973557
7335,3,3,7.537534202128882e-06,2.659226794321512e-08,0.0032175746746361256,0.9967748522758484
7336,0,0,0.9998840093612671,1.178116235678317e-06,0.00010529441351536661,9.605529157852288e-06
7337,2,2,0.009879689663648605,0.0009138856548815966,0.9887366890907288,0.000469764054287225
7338,3,3,9.795925507205538e-06,4.712108037097096e-09,0.0021227372344583273,0.9978674650192261
7339,2,2,0.0004385811334941536,1.563033720231033e-07,0.99842369556427,0.001137519720941782
7340,3,3,4.277204425306991e-06,1.4904695255779643e-09,0.00010797545110108331,0.9998877048492432
7341,0,0,0.9609569311141968,0.017903855070471764,0.018719200044870377,0.00242007989436388
7342,1,1,0.0016952863661572337,0.9982107877731323,4.8722220526542515e-05,4.520155198406428e-05
7343,1,1,5.814515589008806e-06,0.9999921321868896,1.4117701994109666e-06,6.520197644022119e-07
7344,0,0,0.7460498809814453,8.753655129112303e-05,0.04067554697394371,0.2131870687007904
7345,1,1,3.761546807368177e-08,0.9999995231628418,3.1503262221121986e-08,3.2700918950467894e-07
7346,3,3,2.313999090119978e-07,2.5589546481796788e-08,5.9702877479139715e-05,0.999940037727356
7347,1,1,0.002039271406829357,0.9924517273902893,0.005439301952719688,6.963524356251583e-05
7348,3,3,3.415750370550086e-06,2.0209984086250188e-07,3.064996462853742e-06,0.9999933242797852
7349,2,2,0.00010630153701640666,2.004591337367856e-08,0.9997197985649109,0.0001739053550409153
7350,1,1,0.0006468570209108293,0.9952685236930847,2.339630555070471e-05,0.00406118668615818
7351,2,2,0.00503561832010746,0.00018621272465679795,0.99277663230896,0.0020016238559037447
7352,1,1,2.0017163038232866e-08,0.9999991655349731,1.0178125364745938e-07,6.873665938655904e-07
7353,0,0,0.9965413212776184,0.00013213715283200145,5.358070666261483e-06,0.003321200842037797
7354,1,1,2.2845730200060643e-05,0.9999649524688721,8.987718501884956e-06,3.2216794352279976e-06
7355,1,1,6.482545700237097e-07,0.9999991655349731,8.552600405664634e-08,6.273396735423376e-08
7356,0,0,0.9999653100967407,1.328446728621202e-06,2.8190279408590868e-05,5.177279945201008e-06
7357,0,0,0.9976709485054016,7.578863005619496e-05,0.0009297350770793855,0.0013236094964668155
7358,3,3,1.813433527786401e-07,3.0663911080447415e-12,1.3918618606112432e-05,0.999985933303833
7359,1,1,7.169451237132307e-07,0.9999992847442627,2.767259665859001e-08,1.8214540986605243e-08
7360,3,3,0.0018971224781125784,2.1388115783338435e-05,0.006434057839214802,0.9916473627090454
7361,2,2,0.03651272505521774,0.00035602081334218383,0.9064382314682007,0.05669303238391876
7362,0,0,0.5710334181785583,7.969699072418734e-05,0.06903858482837677,0.3598482608795166
7363,0,0,0.9990472197532654,0.0006580494227819145,0.00015385064762085676,0.0001408860698575154
7364,0,0,0.9994895458221436,1.5471057849936187e-05,0.00048049993347376585,1.4412707969313487e-05
7365,3,3,0.12810532748699188,0.0038787811063230038,0.17938114702701569,0.6886347532272339
7366,3,3,0.002070624614134431,1.0541840538280667e-06,0.01481623388826847,0.9831120371818542
7367,1,1,2.5306434725536064e-09,1.0,3.729932807061687e-09,3.201439824351837e-08
7368,0,0,0.9999934434890747,8.928057013690704e-07,3.4560127915028716e-07,5.299780696077505e-06
7369,2,3,0.1909533590078354,7.716190708606518e-08,0.3146097660064697,0.4944368600845337
7370,2,2,0.03221360221505165,1.611157858860679e-05,0.9611690640449524,0.006601250264793634
7371,0,0,0.9997244477272034,2.4744111215113662e-05,0.0001044878299580887,0.00014623710012529045
7372,3,3,0.07662688940763474,0.0014901825925335288,0.06926259398460388,0.8526203632354736
7373,1,1,4.767799691762775e-05,0.9996699094772339,0.00025070153060369194,3.164719237247482e-05
7374,3,3,6.703007215946855e-08,9.596138987599812e-12,0.0002735927700996399,0.9997263550758362
7375,0,0,0.9999879598617554,3.5462605296743277e-07,1.0699606718844734e-05,9.011343422571372e-07
7376,2,2,0.0008778399787843227,5.0874014050350524e-06,0.9990563988685608,6.066023706807755e-05
7377,2,2,0.0005158819840289652,4.5883903112553526e-06,0.99920254945755,0.00027694753953255713
7378,3,3,3.9104617144403164e-07,2.2606462479757283e-08,0.0003218221536371857,0.9996777772903442
7379,1,1,0.0005510880146175623,0.82633376121521,0.17026829719543457,0.0028468763921409845
7380,1,1,3.168896000715904e-05,0.9999005794525146,7.315312814171193e-06,6.043836401659064e-05
7381,1,1,0.00011816407641163096,0.9998812675476074,3.1577755521539075e-07,2.755958234956779e-07
7382,0,0,0.9996578693389893,5.655040240526432e-07,0.0002868204319383949,5.4768788686487824e-05
7383,1,1,1.9210328900953755e-06,0.9999386072158813,2.7444209990790114e-05,3.207546615158208e-05
7384,1,1,8.667354995850474e-05,0.9936395287513733,0.005350999999791384,0.000922840612474829
7385,0,0,0.9998998641967773,3.769176146306563e-06,2.9438967885653256e-07,9.616181341698393e-05
7386,2,2,0.23914898931980133,0.002081960206851363,0.6639185547828674,0.0948505774140358
7387,2,2,0.0006095417193137109,0.0004787935467902571,0.6690444350242615,0.32986724376678467
7388,3,3,1.3802882392610627e-07,5.50171996849258e-09,0.0001308295177295804,0.9998689889907837
7389,3,3,0.11500510573387146,9.411923383595422e-05,0.054921358823776245,0.829979419708252
7390,0,0,0.9999550580978394,8.671165452334151e-10,5.941182052993099e-07,4.437789539224468e-05
7391,2,2,0.00021574500715360045,0.006754330359399319,0.9560818076133728,0.03694818913936615
7392,3,3,8.213791261368897e-06,1.0178151654827161e-07,0.0015965458005666733,0.9983951449394226
7393,3,3,5.3036642384540755e-06,5.082787902210839e-05,0.00042030547047033906,0.9995235204696655
7394,1,1,3.7431547639243945e-07,0.9999994039535522,8.20170882320781e-08,1.6221181908804283e-07
7395,1,1,2.518546170904301e-05,0.998297393321991,0.0015954814152792096,8.195441478164867e-05
7396,0,0,0.9999735355377197,1.6933772712945938e-06,2.348246198380366e-05,1.3360809134610463e-06
7397,1,1,0.01644381880760193,0.936826229095459,0.016832873225212097,0.029897097498178482
7398,3,3,3.799845580942929e-05,3.881338273004076e-08,0.03451287001371384,0.9654491543769836
7399,0,0,0.9999146461486816,3.084331547142938e-05,1.442623670300236e-05,4.003021967946552e-05
7400,2,2,6.082395339035429e-05,3.750437099370174e-05,0.5624856948852539,0.4374159872531891
7401,3,3,3.842149709498699e-08,8.782341173740882e-13,0.0005976411048322916,0.9994022846221924
7402,1,1,1.2691897666172736e-07,0.9999998807907104,3.577459717352127e-10,1.7163596932601166e-10
7403,1,1,1.9648853211151618e-08,1.0,3.1159363089727776e-08,6.55870913135459e-09
7404,2,2,6.860992925794562e-06,6.633243287978985e-08,0.9834647178649902,0.016528232023119926
7405,2,2,0.0015370831824839115,5.344889473235526e-07,0.9984388947486877,2.3543914721813053e-05
7406,3,3,1.9466038793325424e-05,6.362509884638712e-05,0.004901090636849403,0.9950159192085266
7407,0,0,0.9983885288238525,6.303022246356704e-07,0.0003997714666184038,0.0012110538082197309
7408,0,0,0.9123998880386353,0.0004867561219725758,0.002786608412861824,0.08432673662900925
7409,3,3,1.0978837053698953e-05,5.236134256847436e-06,0.0003085886128246784,0.9996751546859741
7410,3,3,0.005083494354039431,3.914442459063139e-06,0.05279411002993584,0.9421184659004211
7411,3,3,5.4332747822627425e-05,7.810324404999847e-07,7.198029925348237e-05,0.9998728036880493
7412,3,3,0.00010020228364737704,2.8598775315913372e-05,0.002769922371953726,0.9971012473106384
7413,2,0,0.994569718837738,8.666272144353115e-09,0.005410785786807537,1.944267569342628e-05
7414,1,1,4.288373744998353e-08,1.0,1.4780834334260362e-09,1.07586306530294e-09
7415,2,2,3.494151030736248e-07,5.0641098953141395e-11,0.9999991655349731,4.523643610809813e-07
7416,3,3,0.009521065279841423,3.219635402729182e-08,0.0016742466250434518,0.9888047575950623
7417,3,3,0.0016311531653627753,1.4875810165904113e-06,0.0005912129417993128,0.9977760910987854
7418,3,2,0.01253270823508501,0.00013265194138512015,0.7549224495887756,0.2324121743440628
7419,0,0,0.9999955892562866,2.4403753684509866e-08,1.7362398239129107e-06,2.5544618438289035e-06
7420,2,2,0.00026690683444030583,0.00011015663767466322,0.9856399297714233,0.013982979580760002
7421,3,3,2.1009566353313858e-06,1.584094100337552e-08,0.006512608379125595,0.9934852719306946
7422,2,2,0.00012793813948519528,4.1200422629117384e-08,0.9935044050216675,0.006367672700434923
7423,1,1,7.033270321699092e-08,0.9999798536300659,1.468447834440667e-07,1.9909846741938964e-05
7424,1,1,3.908937884489205e-08,1.0,2.1637062974644294e-10,5.072793030080902e-08
7425,2,2,0.0008355390164069831,6.498296897916589e-06,0.9985746145248413,0.0005833642208017409
7426,3,0,0.5148590207099915,0.03958240523934364,0.01150423102080822,0.43405431509017944
7427,3,3,1.875465500233986e-06,9.947473955662645e-10,3.427080855544773e-06,0.9999947547912598
7428,1,1,6.354018182719301e-07,0.9999994039535522,4.055229763100243e-10,1.1928307230846258e-09
7429,3,3,9.271004819311202e-05,1.4463167872236227e-06,0.010283091105520725,0.9896228313446045
7430,2,2,5.973439328954555e-05,4.601236582857382e-07,0.9997525811195374,0.00018720561638474464
7431,2,2,0.00032374990405514836,7.250729794350264e-08,0.9996590614318848,1.7139735064120032e-05
7432,1,1,5.060478997620521e-06,0.9999938011169434,1.265968876396073e-07,1.0029552868218161e-06
7433,1,1,4.215749527247681e-07,0.9999977350234985,6.852626484032953e-07,1.1669524155877298e-06
7434,1,1,0.0001313218381255865,0.9998598098754883,8.719662218936719e-06,1.6659194557178125e-07
7435,1,1,1.693008016445674e-05,0.9999686479568481,1.4427897440327797e-05,4.749156801153731e-08
7436,0,0,0.9999853372573853,3.957186891057063e-06,1.600928669631685e-07,1.0561762792349327e-05
7437,3,3,0.07800063490867615,0.16110822558403015,0.008652306161820889,0.7522388696670532
7438,2,2,0.00010536659829085693,2.0756944607569494e-08,0.9997758269309998,0.00011877148790517822
7439,3,3,9.575539934303379e-07,6.880604246362054e-07,4.1298371797893196e-05,0.9999570846557617
7440,3,0,0.48468220233917236,0.33094531297683716,0.040704384446144104,0.14366811513900757
7441,2,2,0.012299963273108006,3.531757499786181e-07,0.9876019358634949,9.77419622358866e-05
7442,1,1,0.00018951988022308797,0.9996688365936279,0.00014124962035566568,3.245191919631907e-07
7443,0,0,1.0,3.8188590067989026e-09,6.863691837111219e-10,3.6523744029182126e-08
7444,2,2,1.5564037312287837e-05,1.0560606824583374e-06,0.9689971208572388,0.030986271798610687
7445,1,1,6.267060234677047e-05,0.9999122619628906,2.0948986275470816e-05,4.095621989108622e-06
7446,2,2,0.3763357698917389,4.2991970872208185e-07,0.6109116673469543,0.012752141803503036
7447,1,1,2.159237510568346e-06,0.9999971389770508,5.694535047950922e-07,1.6472129971134564e-07
7448,2,2,9.597310418030247e-05,3.739970111382718e-08,0.9990442395210266,0.0008596716215834022
7449,2,2,8.694875759829301e-06,0.00010866446245927364,0.9992079138755798,0.0006747531006112695
7450,2,2,0.009177920408546925,2.9114326025592163e-05,0.9907310605049133,6.189497071318328e-05
7451,2,2,0.04883834719657898,1.468359369027894e-05,0.9496626853942871,0.0014843553071841598
7452,2,2,7.808916961948853e-06,2.1424609712994425e-06,0.9862386584281921,0.013751443475484848
7453,3,3,6.976977329209433e-10,9.899012720637757e-10,2.129154199792538e-05,0.9999786615371704
7454,1,1,1.7915814169100486e-05,0.9999713897705078,5.847960892424453e-06,4.8572233026789036e-06
7455,2,2,0.08951139450073242,9.407451216247864e-06,0.5564613938331604,0.3540177643299103
7456,3,3,1.3175763058370649e-07,1.09462569217178e-12,0.141365185379982,0.8586346507072449
7457,1,1,0.0012249340070411563,0.9976100921630859,0.0009073875262401998,0.0002575534745119512
7458,0,0,0.9994994401931763,1.962624907037025e-08,0.00048346322728320956,1.699554741207976e-05
7459,0,0,0.904259443283081,0.032977741211652756,0.04942240193486214,0.013340441510081291
7460,0,0,0.9999340772628784,3.8408338696171995e-06,8.93697051651543e-06,5.3133397159399465e-05
7461,3,3,0.0068096923641860485,0.0010613466147333384,0.3361101746559143,0.6560187935829163
7462,2,2,0.0019667926244437695,1.7162841686513275e-05,0.9974865913391113,0.000529437093064189
7463,2,2,0.00011859959340654314,1.2529957302831463e-06,0.9860715270042419,0.013808593153953552
7464,2,2,0.025207627564668655,6.075667329241696e-07,0.9731703996658325,0.0016213497146964073
7465,2,2,0.0013880436308681965,4.978802098776214e-05,0.9979704022407532,0.0005917813396081328
7466,3,3,6.3876113927108236e-06,1.9602213185976325e-08,0.02260688692331314,0.9773867130279541
7467,0,0,0.9007363319396973,0.06756221503019333,0.019565898925065994,0.012135524302721024
7468,2,2,2.694621343835024e-06,2.3622922284971537e-08,0.9722847938537598,0.02771252766251564
7469,3,3,0.0011387933045625687,2.1066622224452658e-08,0.00719260610640049,0.9916685819625854
7470,2,3,0.0013858627062290907,1.7061696055975517e-08,0.05054568499326706,0.9480684399604797
7471,0,0,0.9983978867530823,0.0015112365363165736,6.707088323310018e-05,2.3778566173859872e-05
7472,3,3,9.538429367239587e-06,2.936831056121747e-10,4.30500804213807e-05,0.9999474287033081
7473,0,0,0.8101316094398499,0.009099829010665417,0.10809358954429626,0.07267501205205917
7474,0,0,0.9993293285369873,4.495323992159683e-06,0.0006574384751729667,8.726612577447668e-06
7475,1,1,0.00024595577269792557,0.9996588230133057,9.02609244803898e-05,5.002727903047344e-06
7476,0,0,0.9521352052688599,6.2664548750035465e-06,0.000672347960062325,0.04718619957566261
7477,0,0,0.9997569918632507,0.00010334283433621749,4.177154096396407e-06,0.00013549666618928313
7478,3,3,0.00012669472198467702,1.1605588952079415e-06,0.006837265565991402,0.993034839630127
7479,1,1,0.002225406002253294,0.9976394176483154,4.3015847040805966e-05,9.214958845404908e-05
7480,2,2,0.0019069534027948976,6.030615986674093e-05,0.9950319528579712,0.003000749973580241
7481,3,3,0.0004299533902667463,6.573106361429382e-07,0.00020888075232505798,0.9993605017662048
7482,0,0,0.9998733997344971,1.1950599798637995e-07,9.406709432369098e-05,3.239581928937696e-05
7483,0,0,0.9979380965232849,3.5345942706044298e-06,2.5283346985816024e-05,0.0020329724065959454
7484,1,1,0.00016386783681809902,0.9973213076591492,0.0006837398977950215,0.001831160276196897
7485,3,3,0.00023319892352446914,5.635666511238924e-08,2.502220741007477e-05,0.9997417330741882
7486,1,1,5.758980705650174e-07,0.9999934434890747,4.255286057741614e-06,1.667576839281537e-06
7487,1,1,0.0006807345198467374,0.9950605034828186,0.004218338523060083,4.048525443067774e-05
7488,2,2,0.0002310863055754453,1.0974436008837074e-06,0.999144434928894,0.0006233858875930309
7489,1,1,1.7114505368454047e-09,1.0,6.608945335440097e-11,3.168317830315459e-10
7490,0,0,0.9855526089668274,0.0042482297867536545,0.005055657587945461,0.005143423099070787
7491,3,3,2.121431634805049e-06,4.2211292239358045e-09,0.00019806891214102507,0.9997997879981995
7492,2,3,7.192695647972869e-06,5.244322892394848e-06,0.009049326181411743,0.9909383058547974
7493,3,3,2.214111191278789e-06,9.658566307857441e-11,0.0001009295301628299,0.9998968839645386
7494,3,3,0.0011918562231585383,1.0144392490474274e-06,0.0028571258299052715,0.9959499835968018
7495,0,0,0.8795046210289001,0.008516446687281132,0.09107968211174011,0.020899223163723946
7496,2,2,0.0005463436827994883,0.00013272518117446452,0.9983115196228027,0.0010093575110659003
7497,3,3,3.163660551308567e-07,8.484581093259891e-11,0.00014463956176768988,0.9998550415039062
7498,3,3,0.0001325457269558683,7.617996743647382e-05,0.0001867247192421928,0.9996046423912048
7499,3,3,0.0016451523406431079,6.895431852171896e-07,0.0006048772484064102,0.9977492690086365
7500,1,1,7.044936296551896e-07,0.9999773502349854,9.375774538966652e-07,2.09512872970663e-05
7501,2,2,5.948786929366179e-05,5.652387358168198e-07,0.9995243549346924,0.0004156399518251419
7502,0,0,0.9999998807907104,2.8490259040836463e-09,2.8627596293517854e-08,6.329095469936874e-08
7503,2,2,0.00018534623086452484,0.0003133110876660794,0.907767653465271,0.0917336642742157
7504,3,3,1.3669023246620782e-07,1.7326184931221178e-08,9.799243707675487e-05,0.9999018907546997
7505,0,0,0.9528573155403137,0.00022649347374681383,0.01065964624285698,0.03625653684139252
7506,1,1,5.455860082292929e-05,0.9996122717857361,6.909974035806954e-05,0.0002641044557094574
7507,2,2,0.00011109629122074693,6.160685472877958e-08,0.9998481273651123,4.065002940478735e-05
7508,2,2,3.1622130336472765e-05,3.214861135347746e-05,0.9996882677078247,0.0002480080001987517
7509,0,0,0.9986451268196106,9.806967682379764e-07,0.0012696910416707397,8.423889812547714e-05
7510,0,0,0.7064090967178345,3.644676667136082e-07,8.451899338979274e-05,0.29350602626800537
7511,2,2,0.15488961338996887,0.0005581178120337427,0.8405195474624634,0.004032779950648546
7512,0,0,0.9999548196792603,4.367916699266061e-05,2.447878273414972e-07,1.3065433677184046e-06
7513,3,3,0.004433624912053347,1.871711141632204e-08,0.0005498401587828994,0.9950165152549744
7514,3,3,0.0005205076886340976,2.2823350320777536e-08,0.0005562864826060832,0.998923122882843
7515,2,0,0.47362038493156433,8.766356040723622e-05,0.4709591269493103,0.055332884192466736
7516,0,0,0.9999979734420776,9.899302710891789e-09,5.937194487160014e-07,1.417171688444796e-06
7517,1,1,4.483721482984038e-08,0.9999996423721313,3.5085893301811666e-08,2.0979646819796471e-07
7518,3,3,5.136651907378109e-06,2.4948262762336526e-06,0.0007641696720384061,0.9992282390594482
7519,0,0,0.999927282333374,3.873407479204616e-07,1.6003792552510276e-05,5.635173147311434e-05
7520,3,3,0.0001195393706439063,4.767372629999045e-08,0.011027996428310871,0.9888525009155273
7521,3,3,5.3234507504384965e-06,2.2919163789048014e-10,2.7104961191071197e-05,0.9999675750732422
7522,3,3,0.001514168456196785,6.204044439073186e-06,0.06188293918967247,0.9365966320037842
7523,2,2,4.664283187594265e-05,1.027857342705829e-05,0.9996840953826904,0.0002590111398603767
7524,2,2,1.481832532590488e-05,7.8414581139441e-07,0.999944806098938,3.966799704357982e-05
7525,1,1,0.0030486476607620716,0.9969379901885986,1.0908451258728746e-05,2.4936082354543032e-06
7526,0,0,0.9989500641822815,3.985502917203121e-05,0.0009632687433622777,4.689254274126142e-05
7527,3,3,0.00043538256431929767,0.0021460570860654116,0.22606559097766876,0.7713529467582703
7528,1,1,1.0150783054996282e-05,0.9999898672103882,5.184131336016806e-12,1.7534996787915702e-09
7529,0,0,0.9999946355819702,2.1620797596710872e-08,4.465337042347528e-06,8.804299227449519e-07
7530,2,2,0.009281701408326626,2.733023620749009e-07,0.9904140830039978,0.0003040341252926737
7531,1,1,3.611616921261884e-05,0.999925971031189,2.7127802582072036e-07,3.761028710869141e-05
7532,1,1,9.972049883799627e-05,0.9998953342437744,4.869622443948174e-06,7.562681503259228e-08
7533,0,0,0.9999431371688843,3.7860049815208185e-06,4.571253521135077e-05,7.360201379924547e-06
7534,0,0,0.9999818801879883,3.3642743346717907e-07,1.565494130773004e-05,2.2066869860282168e-06
7535,2,2,0.04843234270811081,3.3596516004763544e-06,0.9508770704269409,0.0006871490622870624
7536,0,2,0.3936910927295685,0.003125012619420886,0.5971609950065613,0.006022878456860781
7537,2,2,0.0002811425947584212,1.5139789866225328e-07,0.9982482194900513,0.0014704486820846796
7538,0,0,0.9423490166664124,0.0004662672581616789,0.05692500248551369,0.00025979935890063643
7539,0,3,4.0042705222731456e-05,1.9116443539246575e-08,0.0010564735857769847,0.9989035129547119
7540,0,0,0.9852193593978882,0.006288606207817793,0.0028924925718456507,0.005599526688456535
7541,3,3,5.672533734468743e-05,2.0751491319970228e-05,0.0010512814624235034,0.9988712668418884
7542,3,3,5.2714844059664756e-05,8.87351120582025e-07,0.4595573842525482,0.5403890013694763
7543,2,2,0.08901559561491013,1.3466158634400927e-05,0.9106452465057373,0.00032571578049100935
7544,0,0,0.9999063014984131,3.4179700492131815e-07,1.114586484618485e-05,8.218950824812055e-05
7545,0,0,0.9780246019363403,1.68679690659701e-07,0.020419573411345482,0.0015556146390736103
7546,3,3,3.920788367395289e-05,9.841397918819439e-09,0.002370263682678342,0.9975905418395996
7547,2,2,2.0939860405633226e-06,4.0838649129071314e-10,0.9999978542327881,1.5697160904437624e-08
7548,2,2,0.001131602213717997,0.00016315937682520598,0.998421311378479,0.00028393944376148283
7549,2,2,4.5062210119795054e-05,5.112856797495624e-06,0.9995402097702026,0.0004096779157407582
7550,1,1,0.000981937046162784,0.9989877343177795,3.3687417726468993e-06,2.6957737645716406e-05
7551,1,1,0.022357625886797905,0.9771155118942261,0.0004945753607898951,3.2226089388132095e-05
7552,0,0,0.9999994039535522,3.6583731599648672e-09,1.645436853436877e-08,5.485587735165609e-07
7553,2,2,0.00011348289990564808,2.1087371848693692e-09,0.9996758699417114,0.0002106682222802192
7554,2,2,0.00024154297716449946,5.120628429722274e-06,0.9993731379508972,0.00038031660369597375
7555,2,2,0.00017020147060975432,5.284930011839606e-05,0.9995673298835754,0.00020962991402484477
7556,2,2,7.439034561684821e-06,3.648371773579129e-07,0.9999606609344482,3.159125481033698e-05
7557,2,2,0.014557881280779839,2.4592276659518575e-08,0.9691469073295593,0.016295241191983223
7558,2,2,0.0002527075994294137,4.0065032180791604e-07,0.9985259175300598,0.0012209722772240639
7559,3,3,0.00010860709880944341,6.995005605858751e-06,0.0004912642762064934,0.999393105506897
7560,0,0,0.9999992847442627,1.669430460538024e-08,1.5084113158536638e-07,5.412131258708541e-07
7561,2,3,1.3451702216116246e-05,4.570404598780442e-06,0.15720269083976746,0.8427793979644775
7562,1,1,5.847868465025385e-07,0.9999990463256836,2.4836359102664574e-07,8.799919015700652e-08
7563,1,1,0.0007330129737965763,0.9984727501869202,0.0007814529235474765,1.2706824236374814e-05
7564,2,2,0.03544464707374573,9.572479484631913e-07,0.9643263220787048,0.00022801721934229136
7565,3,3,2.3117509044823237e-06,3.2457481147218914e-09,3.067634315812029e-05,0.9999669790267944
7566,3,2,0.0005929916515015066,0.0015246601542457938,0.6226456761360168,0.3752366900444031
7567,3,2,8.548451660317369e-06,4.3989352889184374e-06,0.8042473793029785,0.19573974609375
7568,0,0,0.7295348644256592,0.2655372619628906,0.0006707544671371579,0.004257078282535076
7569,3,3,2.9721923056058586e-07,8.097715206711875e-13,7.456445746356621e-05,0.9999251365661621
7570,0,0,0.9999988079071045,9.261312783337416e-08,1.0631598570398637e-06,2.202260773742637e-08
7571,1,1,3.0010940008651232e-06,0.9999970197677612,1.655875325745626e-09,1.0156011143180876e-08
7572,1,1,4.332048774813302e-05,0.9999490976333618,1.0734158877312439e-06,6.51354366709711e-06
7573,3,3,1.2565602446557023e-05,3.9892785252959584e-07,0.1365307718515396,0.8634562492370605
7574,3,3,0.024908950552344322,3.147060624542064e-06,0.11123912036418915,0.8638487458229065
7575,1,1,3.1847800983086927e-06,0.9999961853027344,1.714026609533903e-07,4.87664578940894e-07
7576,1,1,2.3594641618274181e-07,0.9999996423721313,1.1166001456786034e-07,2.557617673204504e-09
7577,1,1,0.0015110097592696548,0.9716861248016357,0.02291278913617134,0.0038900349754840136
7578,0,0,0.9999942779541016,3.2698031304789765e-07,4.738004918181105e-06,6.630074267377495e-07
7579,2,2,0.022263944149017334,0.00011295722651993856,0.9762395620346069,0.0013835777062922716
7580,1,1,0.00358029268682003,0.9884299039840698,0.0033905485179275274,0.004599296487867832
7581,2,2,1.8067546989186667e-05,8.00411612544849e-08,0.6800360083580017,0.3199458420276642
7582,3,3,0.00015194792649708688,1.7759039110387675e-06,0.0007000451441854239,0.9991462230682373
7583,1,1,0.0005219937884248793,0.9994739890098572,3.853772341244621e-06,1.842737589186072e-07
7584,1,1,1.2872447996414849e-06,0.9999979734420776,7.508417638746323e-07,4.691727184535921e-08
7585,0,2,0.012805821374058723,5.068247446615715e-06,0.9248778820037842,0.06231125816702843
7586,1,1,3.020320882285432e-09,1.0,2.680099475682596e-10,3.6801899305771713e-09
7587,3,3,0.0002603722386993468,1.553234874052123e-09,3.866372537686402e-07,0.9997392296791077
7588,3,3,0.0007593909394927323,1.1978627867392788e-07,0.1313442587852478,0.8678962588310242
7589,1,0,0.3937622904777527,0.21098816394805908,0.36604756116867065,0.029202019795775414
7590,1,1,0.0002843899419531226,0.9994953870773315,2.0683364709839225e-05,0.0001996166247408837
7591,0,0,0.9999958276748657,3.585111301163124e-07,9.357179919788905e-09,3.853031557810027e-06
7592,0,0,0.995689332485199,0.0004067152622155845,0.0012716763885691762,0.0026322156190872192
7593,1,1,0.004251512233167887,0.9946164488792419,0.00015429708582814783,0.0009777550585567951
7594,0,0,0.9963724613189697,7.016604541831839e-08,0.0004414198629092425,0.003186164889484644
7595,0,0,0.98001629114151,7.23944003766519e-06,0.0006894072284922004,0.01928712986409664
7596,1,1,0.00011360816279193386,0.9998177886009216,2.7260810384177603e-05,4.1416533349547535e-05
7597,1,1,0.003988194279372692,0.9893286824226379,0.005923260003328323,0.0007598220836371183
7598,2,2,0.005408617667853832,7.663209544261917e-05,0.9928333759307861,0.0016814159462228417
7599,2,2,0.002067486522719264,1.5015176586530288e-06,0.670144259929657,0.32778671383857727
